time,cf,px,py,pz,vx,vy,vz
1765156305.5404384,cf1,-0.0006462474702857435,0.9995034337043762,0.9984946250915527,1.9637996956589632e-05,3.106558506260626e-05,0.0008304734365083277
1765156305.5405645,cf2,-0.0006982404738664627,-0.0008828731952235103,0.9985291361808777,0.0010115063050761819,0.00029511124012060463,0.00036650773836299777
1765156305.5521157,cf2,-0.0006806526216678321,-0.0008890993194654584,0.9985466003417969,0.0010115063050761819,0.00029511124012060463,0.00036650773836299777
1765156305.553907,cf2,-0.0006806526216678321,-0.0008890993194654584,0.9985466003417969,0.0011167938355356455,0.000296892219921574,0.0004018186591565609
1765156305.5567374,cf1,-0.0006560987676493824,0.9994906783103943,0.9985150694847107,1.9637996956589632e-05,3.106558506260626e-05,0.0008304734365083277
1765156305.55719,cf1,-0.0006560987676493824,0.9994906783103943,0.9985150694847107,0.00010772585665108636,-1.1758830623875838e-05,0.0008393750758841634
1765156305.5720413,cf2,-0.0006631903233937919,-0.0008958522230386734,0.9985639452934265,0.0011167938355356455,0.000296892219921574,0.0004018186591565609
1765156305.5761943,cf2,-0.0006631903233937919,-0.0008958522230386734,0.9985639452934265,0.001191974151879549,0.00028411945095285773,0.0004328007053118199
1765156305.576641,cf1,-0.0006638900376856327,0.9994770288467407,0.9985348582267761,0.00010772585665108636,-1.1758830623875838e-05,0.0008393750758841634
1765156305.5769262,cf1,-0.0006638900376856327,0.9994770288467407,0.9985348582267761,0.0002003734844038263,-4.9469032092019916e-05,0.0007754534599371254
1765156305.5921168,cf2,-0.0006433206144720316,-0.0009024362661875784,0.9985821843147278,0.001191974151879549,0.00028411945095285773,0.0004328007053118199
1765156305.5938737,cf2,-0.0006433206144720316,-0.0009024362661875784,0.9985821843147278,0.0012542179320007563,0.0002758728514891118,0.0004678539407905191
1765156305.5966876,cf1,-0.0006694865296594799,0.999462902545929,0.9985535740852356,0.0002003734844038263,-4.9469032092019916e-05,0.0007754534599371254
1765156305.597023,cf1,-0.0006694865296594799,0.999462902545929,0.9985535740852356,0.0002952718932647258,-8.073942444752902e-05,0.0007332291570492089
1765156305.6122048,cf2,-0.0006209158455021679,-0.000908530899323523,0.9986010193824768,0.0012542179320007563,0.0002758728514891118,0.0004678539407905191
1765156305.6139586,cf2,-0.0006209158455021679,-0.000908530899323523,0.9986010193824768,0.001357576227746904,0.00028442300390452147,0.0005020909593440592
1765156305.6169338,cf1,-0.0006729796878062189,0.9994481205940247,0.9985722899436951,0.0002952718932647258,-8.073942444752902e-05,0.0007332291570492089
1765156305.6173134,cf1,-0.0006729796878062189,0.9994481205940247,0.9985722899436951,0.0003943178744520992,-0.00010760064469650388,0.0006963566411286592
1765156305.6321428,cf2,-0.000595965248066932,-0.000914157135412097,0.998619556427002,0.001357576227746904,0.00028442300390452147,0.0005020909593440592
1765156305.6339464,cf2,-0.000595965248066932,-0.000914157135412097,0.998619556427002,0.0014592536026611924,0.00029889302095398307,0.0005026697181165218
1765156305.6369371,cf1,-0.0006741912220604718,0.9994328618049622,0.9985900521278381,0.0003943178744520992,-0.00010760064469650388,0.0006963566411286592
1765156305.637314,cf1,-0.0006741912220604718,0.9994328618049622,0.9985900521278381,0.0004958883509971201,-0.00012932586832903326,0.0006195185706019402
1765156305.6520963,cf2,-0.0005686451331712306,-0.0009190331911668181,0.9986366033554077,0.0014592536026611924,0.00029889302095398307,0.0005026697181165218
1765156305.6540263,cf2,-0.0005686451331712306,-0.0009190331911668181,0.9986366033554077,0.001547236111946404,0.00032494639162905514,0.00043288382585160434
1765156305.6569324,cf1,-0.0006730362656526268,0.9994173645973206,0.9986072778701782,0.0004958883509971201,-0.00012932586832903326,0.0006195185706019402
1765156305.6571827,cf1,-0.0006730362656526268,0.9994173645973206,0.9986072778701782,0.0006007961346767843,-0.00014567926700692624,0.0005850677262060344
1765156305.6720781,cf2,-0.0005397258792072535,-0.0009228342678397894,0.9986518025398254,0.001547236111946404,0.00032494639162905514,0.00043288382585160434
1765156305.673813,cf2,-0.0005397258792072535,-0.0009228342678397894,0.9986518025398254,0.001606631907634437,0.000369198911357671,0.00035736942663788795
1765156305.676878,cf1,-0.0006694765761494637,0.9994017481803894,0.9986240267753601,0.0006007961346767843,-0.00014567926700692624,0.0005850677262060344
1765156305.6772711,cf1,-0.0006694765761494637,0.9994017481803894,0.9986240267753601,0.0007072611479088664,-0.00015705646364949644,0.00053271499928087
1765156305.6920714,cf2,-0.0005107910837978125,-0.0009255962795577943,0.9986647367477417,0.001606631907634437,0.000369198911357671,0.00035736942663788795
1765156305.6942937,cf2,-0.0005107910837978125,-0.0009255962795577943,0.9986647367477417,0.0016414894489571452,0.00041075542685575783,0.00028983171796426177
1765156305.696739,cf1,-0.000663410872220993,0.9993860721588135,0.9986401200294495,0.0007072611479088664,-0.00015705646364949644,0.00053271499928087
1765156305.6970408,cf1,-0.000663410872220993,0.9993860721588135,0.9986401200294495,0.0008169102948158979,-0.00016300183779094368,0.0005114742089062929
1765156305.7120843,cf2,-0.0004790817329194397,-0.0009263480897061527,0.9986759424209595,0.0016414894489571452,0.00041075542685575783,0.00028983171796426177
1765156305.7139134,cf2,-0.0004790817329194397,-0.0009263480897061527,0.9986759424209595,0.0016652303747832775,0.0004768955986946821,0.00021166200167499483
1765156305.71688,cf1,-0.0006545932264998555,0.999370276927948,0.998655378818512,0.0008169102948158979,-0.00016300183779094368,0.0005114742089062929
1765156305.717269,cf1,-0.0006545932264998555,0.999370276927948,0.998655378818512,0.0009261189843527973,-0.0001622844283701852,0.00044269702630117536
1765156305.732138,cf2,-0.0004530836013145745,-0.0009272128809243441,0.9986841678619385,0.0016652303747832775,0.0004768955986946821,0.00021166200167499483
1765156305.7339616,cf2,-0.0004530836013145745,-0.0009272128809243441,0.9986841678619385,0.0016611727187409997,0.0005342751392163336,0.0001396056468365714
1765156305.7367864,cf1,-0.0006423034938052297,0.9993549585342407,0.9986686110496521,0.0009261189843527973,-0.0001622844283701852,0.00044269702630117536
1765156305.7371838,cf1,-0.0006423034938052297,0.9993549585342407,0.9986686110496521,0.0010341398883610964,-0.00014353339793160558,0.0003453581011854112
1765156305.7520719,cf2,-0.000416785100242123,-0.0009231336298398674,0.9986910223960876,0.0016611727187409997,0.0005342751392163336,0.0001396056468365714
1765156305.7539186,cf2,-0.000416785100242123,-0.0009231336298398674,0.9986910223960876,0.0016698751132935286,0.0006157211028039455,6.082269464968704e-05
1765156305.7566762,cf1,-0.0006230464787222445,0.999339759349823,0.9986805319786072,0.0010341398883610964,-0.00014353339793160558,0.0003453581011854112
1765156305.7570198,cf1,-0.0006230464787222445,0.999339759349823,0.9986805319786072,0.001134335296228528,-0.00010740599827840924,0.0002432724431855604
1765156305.7719977,cf2,-0.0003893902467098087,-0.00092017074348405,0.9986951351165771,0.0016698751132935286,0.0006157211028039455,6.082269464968704e-05
1765156305.7739096,cf2,-0.0003893902467098087,-0.00092017074348405,0.9986951351165771,0.0016362349269911647,0.0006915617850609124,-2.0066916476935148e-05
1765156305.7769647,cf1,-0.0006080033490434289,0.9993263483047485,0.9986871480941772,0.001134335296228528,-0.00010740599827840924,0.0002432724431855604
1765156305.7773206,cf1,-0.0006080033490434289,0.9993263483047485,0.9986871480941772,0.0011985697783529758,-7.054626621538773e-05,6.60467630950734e-05
1765156305.7920206,cf2,-0.00035966243012808263,-0.000914278905838728,0.9986971020698547,0.0016362349269911647,0.0006915617850609124,-2.0066916476935148e-05
1765156305.7938871,cf2,-0.00035966243012808263,-0.000914278905838728,0.9986971020698547,0.0016118739731609821,0.0007766358321532607,-0.0001008910548989661
1765156305.7956328,cf1,-0.0006036279955878854,0.9993174076080322,0.9986901879310608,0.0011985697783529758,-7.054626621538773e-05,6.60467630950734e-05
1765156305.7958694,cf1,-0.0006036279955878854,0.9993174076080322,0.9986901879310608,0.00120653270278126,-6.423702870961279e-05,-2.337541627639439e-05
1765156305.81205,cf2,-0.00032928516156971455,-0.0009057538118213415,0.9986967444419861,0.0016118739731609821,0.0007766358321532607,-0.0001008910548989661
1765156305.8141613,cf2,-0.00032928516156971455,-0.0009057538118213415,0.9986967444419861,0.0015811566263437271,0.0008692072005942464,-0.0001838615135056898
1765156305.8155618,cf1,-0.0005875122733414173,0.9993032217025757,0.9986934065818787,0.00120653270278126,-6.423702870961279e-05,-2.337541627639439e-05
1765156305.8159654,cf1,-0.0005875122733414173,0.9993032217025757,0.9986934065818787,0.0012510025408118963,-1.2323350347287487e-05,-0.00019364285981282592
1765156305.832027,cf2,-0.0002995904360432178,-0.0008949667681008577,0.9986940622329712,0.0015811566263437271,0.0008692072005942464,-0.0001838615135056898
1765156305.833884,cf2,-0.0002995904360432178,-0.0008949667681008577,0.9986940622329712,0.0015420351410284638,0.0009647870901972055,-0.00026899113436229527
1765156305.83606,cf1,-0.0005697532324120402,0.9992934465408325,0.9986928105354309,0.0012510025408118963,-1.2323350347287487e-05,-0.00019364285981282592
1765156305.8364825,cf1,-0.0005697532324120402,0.9992934465408325,0.9986928105354309,0.0012813654029741883,5.563730883295648e-05,-0.0003739985986612737
1765156305.8521924,cf2,-0.00027080150903202593,-0.0008818634087219834,0.9986890554428101,0.0015420351410284638,0.0009647870901972055,-0.00026899113436229527
1765156305.8544714,cf2,-0.00027080150903202593,-0.0008818634087219834,0.9986890554428101,0.0014952231431379914,0.0010634070495143533,-0.0003556978772394359
1765156305.856659,cf1,-0.0005518512916751206,0.9992852210998535,0.9986892938613892,0.0012813654029741883,5.563730883295648e-05,-0.0003739985986612737
1765156305.857007,cf1,-0.0005518512916751206,0.9992852210998535,0.9986892938613892,0.001302069635130465,0.00012601559865288436,-0.0005417531938292086
1765156305.872079,cf2,-0.00024309806758537889,-0.0008663995540700853,0.9986817240715027,0.0014952231431379914,0.0010634070495143533,-0.0003556978772394359
1765156305.8738887,cf2,-0.00024309806758537889,-0.0008663995540700853,0.9986817240715027,0.0014410410076379776,0.001164002693258226,-0.0004437793104443699
1765156305.87709,cf1,-0.0005340987117961049,0.9992788434028625,0.9986830353736877,0.001302069635130465,0.00012601559865288436,-0.0005417531938292086
1765156305.8774798,cf1,-0.0005340987117961049,0.9992788434028625,0.9986830353736877,0.0013143945252522826,0.00019870573305524886,-0.0006997986347414553
1765156305.8919914,cf2,-0.00021663021470885724,-0.0008485032012686133,0.9986721873283386,0.0014410410076379776,0.001164002693258226,-0.0004437793104443699
1765156305.894075,cf2,-0.00021663021470885724,-0.0008485032012686133,0.9986721873283386,0.0013806808274239302,0.001266416977159679,-0.0005327359540387988
1765156305.8969243,cf1,-0.0005156730185262859,0.9992759823799133,0.9986733794212341,0.0013143945252522826,0.00019870573305524886,-0.0006997986347414553
1765156305.897274,cf1,-0.0005156730185262859,0.9992759823799133,0.9986733794212341,0.00132277375087142,0.0002768712001852691,-0.0008570363279432058
1765156305.9122071,cf2,-0.00019331728981342167,-0.0008289798279292881,0.9986615777015686,0.0013806808274239302,0.001266416977159679,-0.0005327359540387988
1765156305.9141898,cf2,-0.00019331728981342167,-0.0008289798279292881,0.9986615777015686,0.001313059707172215,0.0013705248711630702,-0.0006231501465663314
1765156305.9171984,cf1,-0.0004967854474671185,0.9992717504501343,0.9986621141433716,0.00132277375087142,0.0002768712001852691,-0.0008570363279432058
1765156305.9175603,cf1,-0.0004967854474671185,0.9992717504501343,0.9986621141433716,0.0013230423210188746,0.00036006353911943734,-0.0009436247055418789
1765156305.9321682,cf2,-0.00016964315727818757,-0.0008063855348154902,0.9986476302146912,0.001313059707172215,0.0013705248711630702,-0.0006231501465663314
1765156305.9340944,cf2,-0.00016964315727818757,-0.0008063855348154902,0.9986476302146912,0.0012401423882693052,0.0014752025017514825,-0.0007207273738458753
1765156305.9358597,cf1,-0.00047800049651414156,0.999272882938385,0.9986491203308105,0.0013230423210188746,0.00036006353911943734,-0.0009436247055418789
1765156305.9361126,cf1,-0.00047800049651414156,0.999272882938385,0.9986491203308105,0.0013108722632750869,0.00045155631960369647,-0.0009987320518121123
1765156305.9521189,cf2,-0.00014622558956034482,-0.0007798435399308801,0.9986295700073242,0.0012401423882693052,0.0014752025017514825,-0.0007207273738458753
1765156305.95527,cf2,-0.00014622558956034482,-0.0007798435399308801,0.9986295700073242,0.0011619614670053124,0.001579604228027165,-0.0008756107417866588
1765156305.9557638,cf1,-0.00046074119745753706,0.9992740750312805,0.9986362457275391,0.0013108722632750869,0.00045155631960369647,-0.0009987320518121123
1765156305.9560535,cf1,-0.00046074119745753706,0.9992740750312805,0.9986362457275391,0.0012834001099690795,0.000532066507730633,-0.0010518785566091537
1765156305.9710736,cf2,-0.00012734740448649973,-0.0007534239557571709,0.9986133575439453,0.0011619614670053124,0.001579604228027165,-0.0008756107417866588
1765156305.9728773,cf2,-0.00012734740448649973,-0.0007534239557571709,0.9986133575439453,0.0010707754408940673,0.0016783118480816483,-0.000935802177991718
1765156305.9761894,cf1,-0.0004437808529473841,0.9992772936820984,0.9986221194267273,0.0012834001099690795,0.000532066507730633,-0.0010518785566091537
1765156305.9766784,cf1,-0.0004437808529473841,0.9992772936820984,0.9986221194267273,0.0012445338070392609,0.0006096715806052089,-0.0011056389193981886
1765156305.991124,cf2,-0.00010916898463619873,-0.000723973847925663,0.9985961318016052,0.0010707754408940673,0.0016783118480816483,-0.000935802177991718
1765156305.9930127,cf2,-0.00010916898463619873,-0.000723973847925663,0.9985961318016052,0.0009854829404503107,0.0017544734291732311,-0.000920866325031966
1765156305.9957683,cf1,-0.0004279050917830318,0.9992823004722595,0.9986071586608887,0.0012445338070392609,0.0006096715806052089,-0.0011056389193981886
1765156305.996199,cf1,-0.0004279050917830318,0.9992823004722595,0.9986071586608887,0.0011949995532631874,0.0006853247177787125,-0.0011576229007914662
1765156306.0112185,cf2,-9.281663369620219e-05,-0.0006930437521077693,0.9985787272453308,0.0009854829404503107,0.0017544734291732311,-0.000920866325031966
1765156306.0129075,cf2,-9.281663369620219e-05,-0.0006930437521077693,0.9985787272453308,0.0008969902410171926,0.001807893393561244,-0.0009081166354008019
1765156306.0159972,cf1,-0.0004133293405175209,0.9992888569831848,0.998591423034668,0.0011949995532631874,0.0006853247177787125,-0.0011576229007914662
1765156306.0163283,cf1,-0.0004133293405175209,0.9992888569831848,0.998591423034668,0.0011362005025148392,0.0007566330605186522,-0.0012081324821338058
1765156306.031111,cf2,-7.845808431738988e-05,-0.0006611650460399687,0.9985610246658325,0.0008969902410171926,0.001807893393561244,-0.0009081166354008019
1765156306.0329514,cf2,-7.845808431738988e-05,-0.0006611650460399687,0.9985610246658325,0.0008070706971921027,0.0018435792298987508,-0.0008980190614238381
1765156306.035755,cf1,-0.0004002721980214119,0.999297022819519,0.9985749125480652,0.0011362005025148392,0.0007566330605186522,-0.0012081324821338058
1765156306.036197,cf1,-0.0004002721980214119,0.999297022819519,0.9985749125480652,0.0010682072024792433,0.0008251825347542763,-0.0012572364648804069
1765156306.051069,cf2,-6.614837184315547e-05,-0.0006286920397542417,0.998542845249176,0.0008070706971921027,0.0018435792298987508,-0.0008980190614238381
1765156306.0528398,cf2,-6.614837184315547e-05,-0.0006286920397542417,0.998542845249176,0.0007153229671530426,0.0018626180244609714,-0.0008902818663045764
1765156306.0571864,cf1,-0.0003892004315275699,0.9993063807487488,0.9985581636428833,0.0010682072024792433,0.0008251825347542763,-0.0012572364648804069
1765156306.0582924,cf1,-0.0003892004315275699,0.9993063807487488,0.9985581636428833,0.000983628910034895,0.0008893860504031181,-0.0012979705352336168
1765156306.0733354,cf2,-5.5683794926153496e-05,-0.0005950238555669785,0.9985239505767822,0.0007153229671530426,0.0018626180244609714,-0.0008902818663045764
1765156306.0737746,cf2,-5.5683794926153496e-05,-0.0005950238555669785,0.9985239505767822,0.0006153969443403184,0.001863540499471128,-0.0008814195170998573
1765156306.0770662,cf1,-0.00037953074206598103,0.9993175268173218,0.9985398054122925,0.000983628910034895,0.0008893860504031181,-0.0012979705352336168
1765156306.0774953,cf1,-0.00037953074206598103,0.9993175268173218,0.9985398054122925,0.0009015661780722439,0.0009513510158285499,-0.0013462502975016832
1765156306.0911357,cf2,-4.795897984877229e-05,-0.0005629665683954954,0.9985052943229675,0.0006153969443403184,0.001863540499471128,-0.0008814195170998573
1765156306.0930483,cf2,-4.795897984877229e-05,-0.0005629665683954954,0.9985052943229675,0.0005140346474945545,0.001846983446739614,-0.0008735078736208379
1765156306.0971456,cf1,-0.00037217288627289236,0.9993295073509216,0.9985215067863464,0.0009015661780722439,0.0009513510158285499,-0.0013462502975016832
1765156306.0975342,cf1,-0.00037217288627289236,0.9993295073509216,0.9985215067863464,0.0008120418060570955,0.0010096420301124454,-0.0013830966781824827
1765156306.1111007,cf2,-4.2249408579664305e-05,-0.0005308596300892532,0.9984860420227051,0.0005140346474945545,0.001846983446739614,-0.0008735078736208379
1765156306.112935,cf2,-4.2249408579664305e-05,-0.0005308596300892532,0.9984860420227051,0.00041845859959721565,0.0018244676757603884,-0.0008733759168535471
1765156306.117203,cf1,-0.0003668337594717741,0.9993427395820618,0.9985021352767944,0.0008120418060570955,0.0010096420301124454,-0.0013830966781824827
1765156306.117588,cf1,-0.0003668337594717741,0.9993427395820618,0.9985021352767944,0.0007173978956416249,0.001063436851836741,-0.001429963274858892
1765156306.1310754,cf2,-3.872429806506261e-05,-0.0004991136374883354,0.9984660148620605,0.00041845859959721565,0.0018244676757603884,-0.0008733759168535471
1765156306.1329565,cf2,-3.872429806506261e-05,-0.0004991136374883354,0.9984660148620605,0.0003217358607798815,0.0017909682355821133,-0.0008752825087867677
1765156306.1371567,cf1,-0.0003636931942310184,0.9993571639060974,0.9984817504882812,0.0007173978956416249,0.001063436851836741,-0.001429963274858892
1765156306.1375155,cf1,-0.0003636931942310184,0.9993571639060974,0.9984817504882812,0.000617764366324991,0.0011128209298476577,-0.0014758213656023145
1765156306.1510785,cf2,-3.75388735847082e-05,-0.0004681702994275838,0.998445451259613,0.0003217358607798815,0.0017909682355821133,-0.0008752825087867677
1765156306.1529343,cf2,-3.75388735847082e-05,-0.0004681702994275838,0.998445451259613,0.00022373504179995507,0.0017480417154729366,-0.0009096546564251184
1765156306.1572788,cf1,-0.0003629606799222529,0.9993724226951599,0.9984607100486755,0.000617764366324991,0.0011128209298476577,-0.0014758213656023145
1765156306.1576772,cf1,-0.0003629606799222529,0.9993724226951599,0.9984607100486755,0.0005131453508511186,0.001157622318714857,-0.0015192044666036963
1765156306.1711545,cf2,-3.875590846291743e-05,-0.0004383068298920989,0.9984244108200073,0.00022373504179995507,0.0017480417154729366,-0.0009096546564251184
1765156306.174017,cf2,-3.875590846291743e-05,-0.0004383068298920989,0.9984244108200073,0.00012963289918843657,0.0016933021834120154,-0.0009080602321773767
1765156306.176851,cf1,-0.0003646901750471443,0.9993883371353149,0.9984389543533325,0.0005131453508511186,0.001157622318714857,-0.0015192044666036963
1765156306.177343,cf1,-0.0003646901750471443,0.9993883371353149,0.9984389543533325,0.00040437831194140017,0.0011975894449278712,-0.0015616528689861298
1765156306.191139,cf2,-4.21288532379549e-05,-0.00039950793143361807,0.9983972907066345,0.00012963289918843657,0.0016933021834120154,-0.0009080602321773767
1765156306.192968,cf2,-4.21288532379549e-05,-0.00039950793143361807,0.9983972907066345,2.7315069019095972e-05,0.0016434263670817018,-0.00093195925001055
1765156306.195794,cf1,-0.00036889739567413926,0.9994051456451416,0.9984163641929626,0.00040437831194140017,0.0011975894449278712,-0.0015616528689861298
1765156306.196185,cf1,-0.00036889739567413926,0.9994051456451416,0.9984163641929626,0.00028763673617504537,0.0012323568807914853,-0.0015898961573839188
1765156306.2110264,cf2,-4.8811034503160045e-05,-0.0003718491643667221,0.9983763694763184,2.7315069019095972e-05,0.0016434263670817018,-0.00093195925001055
1765156306.2127998,cf2,-4.8811034503160045e-05,-0.0003718491643667221,0.9983763694763184,-6.720593955833465e-05,0.0015758732333779335,-0.0008954700897447765
1765156306.2160459,cf1,-0.0003758455568458885,0.9994223117828369,0.9983956217765808,0.00028763673617504537,0.0012323568807914853,-0.0015898961573839188
1765156306.2163393,cf1,-0.0003758455568458885,0.9994223117828369,0.9983956217765808,0.00017434028268326074,0.00126254977658391,-0.001480082399211824
1765156306.2310872,cf2,-5.7380879297852516e-05,-0.00034883085754700005,0.998359739780426,-6.720593955833465e-05,0.0015758732333779335,-0.0008954700897447765
1765156306.2329993,cf2,-5.7380879297852516e-05,-0.00034883085754700005,0.998359739780426,-0.00014794082380831242,0.001478243968449533,-0.0007803346961736679
1765156306.2358918,cf1,-0.0003852483059745282,0.9994399547576904,0.998378336429596,0.00017434028268326074,0.00126254977658391,-0.001480082399211824
1765156306.2363467,cf1,-0.0003852483059745282,0.9994399547576904,0.998378336429596,7.053577428450808e-05,0.0012791886692866683,-0.0012658813502639532
1765156306.2511141,cf2,-6.750351167283952e-05,-0.0003257968055550009,0.9983443021774292,-0.00014794082380831242,0.001478243968449533,-0.0007803346961736679
1765156306.2527976,cf2,-6.750351167283952e-05,-0.0003257968055550009,0.9983443021774292,-0.00021418104006443173,0.0013818730367347598,-0.0006757046212442219
1765156306.2561834,cf1,-0.000393576076021418,0.999461829662323,0.998360812664032,7.053577428450808e-05,0.0012791886692866683,-0.0012658813502639532
1765156306.2567184,cf1,-0.000393576076021418,0.999461829662323,0.998360812664032,-1.8438873667037115e-05,0.0012788748135790229,-0.0010197937954217196
1765156306.271014,cf2,-7.768136129016057e-05,-0.0003112820559181273,0.9983336329460144,-0.00021418104006443173,0.0013818730367347598,-0.0006757046212442219
1765156306.2728045,cf2,-7.768136129016057e-05,-0.0003112820559181273,0.9983336329460144,-0.0002715331793297082,0.0012623965740203857,-0.0005659094313159585
1765156306.2759714,cf1,-0.00040683633415028453,0.9994789958000183,0.99835205078125,-1.8438873667037115e-05,0.0012788748135790229,-0.0010197937954217196
1765156306.276467,cf1,-0.00040683633415028453,0.9994789958000183,0.99835205078125,-9.674366447143257e-05,0.0012648868141695857,-0.0007825681823305786
1765156306.292075,cf2,-9.149879042524844e-05,-0.00028604071121662855,0.998319149017334,-0.0002715331793297082,0.0012623965740203857,-0.0005659094313159585
1765156306.2941282,cf2,-9.149879042524844e-05,-0.00028604071121662855,0.998319149017334,-0.00031564789242111146,0.0011704231146723032,-0.0004698769189417362
1765156306.2956445,cf1,-0.00042444097925908864,0.9994911551475525,0.9983499050140381,-9.674366447143257e-05,0.0012648868141695857,-0.0007825681823305786
1765156306.2960138,cf1,-0.00042444097925908864,0.9994911551475525,0.9983499050140381,-0.00016447750385850668,0.0012373910285532475,-0.0005519488477148116
1765156306.312076,cf2,-0.00010496222967049107,-0.0002691940753720701,0.9983094334602356,-0.00031564789242111146,0.0011704231146723032,-0.0004698769189417362
1765156306.3141475,cf2,-0.00010496222967049107,-0.0002691940753720701,0.9983094334602356,-0.00035004911478608847,0.0010602285619825125,-0.00037155108293518424
1765156306.3157258,cf1,-0.0004403560305945575,0.9995066523551941,0.9983478784561157,-0.00016447750385850668,0.0012373910285532475,-0.0005519488477148116
1765156306.316098,cf1,-0.0004403560305945575,0.9995066523551941,0.9983478784561157,-0.0002226818905910477,0.0011988539481535554,-0.00032690601074136794
1765156306.332007,cf2,-0.00011905389692401513,-0.0002550100034568459,0.99830162525177,-0.00035004911478608847,0.0010602285619825125,-0.00037155108293518424
1765156306.3342378,cf2,-0.00011905389692401513,-0.0002550100034568459,0.99830162525177,-0.0003755567013286054,0.0009449166827835143,-0.0002749754930846393
1765156306.3357117,cf1,-0.0004574046761263162,0.999521017074585,0.998349666595459,-0.0002226818905910477,0.0011988539481535554,-0.00032690601074136794
1765156306.336039,cf1,-0.0004574046761263162,0.999521017074585,0.998349666595459,-0.00027393849450163543,0.0011492471676319838,-0.00010660546831786633
1765156306.352094,cf2,-0.00013214960927143693,-0.0002466248406562954,0.9982962012290955,-0.0003755567013286054,0.0009449166827835143,-0.0002749754930846393
1765156306.3542497,cf2,-0.00013214960927143693,-0.0002466248406562954,0.9982962012290955,-0.00039222495979629457,0.000813909515272826,-0.00017957063391804695
1765156306.3570817,cf1,-0.0004755446861963719,0.999534547328949,0.9983550310134888,-0.00027393849450163543,0.0011492471676319838,-0.00010660546831786633
1765156306.3574712,cf1,-0.0004755446861963719,0.999534547328949,0.9983550310134888,-0.00031623654649592936,0.0010862307390198112,9.51624897425063e-05
1765156306.3720555,cf2,-0.0001413489371770993,-0.0002429332962492481,0.9982931017875671,-0.00039222495979629457,0.000813909515272826,-0.00017957063391804695
1765156306.3741987,cf2,-0.0001413489371770993,-0.0002429332962492481,0.9982931017875671,-0.0004044343368150294,0.0006917371065355837,-9.001389116747305e-05
1765156306.3770342,cf1,-0.0004941591178067029,0.9995455145835876,0.9983627796173096,-0.00031623654649592936,0.0010862307390198112,9.51624897425063e-05
1765156306.3774116,cf1,-0.0004941591178067029,0.9995455145835876,0.9983627796173096,-0.000349079113220796,0.0010194609640166163,0.00021048213238827884
1765156306.3921924,cf2,-0.0001613867934793234,-0.00023180789139587432,0.9982885718345642,-0.0004044343368150294,0.0006917371065355837,-9.001389116747305e-05
1765156306.394138,cf2,-0.0001613867934793234,-0.00023180789139587432,0.9982885718345642,-0.00040843652095645666,0.0005714796716347337,-1.6258875348285073e-06
1765156306.3969545,cf1,-0.0005133617669343948,0.9995552897453308,0.9983726739883423,-0.000349079113220796,0.0010194609640166163,0.00021048213238827884
1765156306.3973181,cf1,-0.0005133617669343948,0.9995552897453308,0.9983726739883423,-0.00036717421608045697,0.0009469679207541049,0.00032386768725700676
1765156306.4120936,cf2,-0.0001752402458805591,-0.00022545164392795414,0.9982879757881165,-0.00040843652095645666,0.0005714796716347337,-1.6258875348285073e-06
1765156306.4141562,cf2,-0.0001752402458805591,-0.00022545164392795414,0.9982879757881165,-0.00040519359754398465,0.00044861072092317045,8.604206232121214e-05
1765156306.4171371,cf1,-0.00053261878201738,0.9995633363723755,0.9983845949172974,-0.00036717421608045697,0.0009469679207541049,0.00032386768725700676
1765156306.4176164,cf1,-0.00053261878201738,0.9995633363723755,0.9983845949172974,-0.00036995820119045675,0.0008695152937434614,0.00043572403956204653
1765156306.4321127,cf2,-0.00019124725076835603,-0.0002270291734021157,0.9982877373695374,-0.00040519359754398465,0.00044861072092317045,8.604206232121214e-05
1765156306.4341137,cf2,-0.00019124725076835603,-0.0002270291734021157,0.9982877373695374,-0.00039368568104691803,0.0003269835142418742,0.0001725524925859645
1765156306.4359267,cf1,-0.0005493606440722942,0.9995737671852112,0.99839848279953,-0.00036995820119045675,0.0008695152937434614,0.00043572403956204653
1765156306.4362607,cf1,-0.0005493606440722942,0.9995737671852112,0.99839848279953,-0.0003577775205485523,0.0007817205041646957,0.0005483253044076264
1765156306.4521325,cf2,-0.00020458635117392987,-0.0002264645299874246,0.9982905387878418,-0.00039368568104691803,0.0003269835142418742,0.0001725524925859645
1765156306.45426,cf2,-0.00020458635117392987,-0.0002264645299874246,0.9982905387878418,-0.00037077616434544325,0.0002184103796025738,0.00024593350826762617
1765156306.4557822,cf1,-0.0005678809829987586,0.9995776414871216,0.9984142184257507,-0.0003577775205485523,0.0007817205041646957,0.0005483253044076264
1765156306.45613,cf1,-0.0005678809829987586,0.9995776414871216,0.9984142184257507,-0.00033748181886039674,0.0006951384129934013,0.0006548287929035723
1765156306.47212,cf2,-0.0002182967000408098,-0.00023046450223773718,0.9982929825782776,-0.00037077616434544325,0.0002184103796025738,0.00024593350826762617
1765156306.4739869,cf2,-0.0002182967000408098,-0.00023046450223773718,0.9982929825782776,-0.0003388974000699818,0.00012337985390331596,0.00023966886510606855
1765156306.47596,cf1,-0.0005828233552165329,0.9995736479759216,0.9984249472618103,-0.00033748181886039674,0.0006951384129934013,0.0006548287929035723
1765156306.476392,cf1,-0.0005828233552165329,0.9995736479759216,0.9984249472618103,-0.0003254676703363657,0.0006344639114104211,0.0007176775252446532
1765156306.4920597,cf2,-0.00023225646873470396,-0.0002384139661444351,0.9982954859733582,-0.0003388974000699818,0.00012337985390331596,0.00023966886510606855
1765156306.4940639,cf2,-0.00023225646873470396,-0.0002384139661444351,0.9982954859733582,-0.00029816481401212513,3.76755851902999e-05,0.00023252835671883076
1765156306.4957392,cf1,-0.0006000687135383487,0.9995741844177246,0.9984432458877563,-0.0003254676703363657,0.0006344639114104211,0.0007176775252446532
1765156306.4961534,cf1,-0.0006000687135383487,0.9995741844177246,0.9984432458877563,-0.0002890691685024649,0.0005419295048341155,0.0008198165451176465
1765156306.5110898,cf2,-0.00024037710682023317,-0.00024387991288676858,0.9982978701591492,-0.00029816481401212513,3.76755851902999e-05,0.00023252835671883076
1765156306.5129406,cf2,-0.00024037710682023317,-0.00024387991288676858,0.9982978701591492,-0.0002450524771120399,-4.223664291203022e-05,0.00022821247694082558
1765156306.515768,cf1,-0.0006164532387629151,0.9995728731155396,0.99846351146698,-0.0002890691685024649,0.0005419295048341155,0.0008198165451176465
1765156306.5160942,cf1,-0.0006164532387629151,0.9995728731155396,0.99846351146698,-0.00024304520047735423,0.000450089864898473,0.0009129068348556757
1765156306.5310497,cf2,-0.00025138695491477847,-0.000252375437412411,0.9983025193214417,-0.0002450524771120399,-4.223664291203022e-05,0.00022821247694082558
1765156306.5328815,cf2,-0.00025138695491477847,-0.000252375437412411,0.9983025193214417,-0.00018858822295442224,-0.00010983446554746479,0.00022865373466629535
1765156306.5358262,cf1,-0.0006315808859653771,0.9995693564414978,0.9984838962554932,-0.00024304520047735423,0.000450089864898473,0.0009129068348556757
1765156306.5362263,cf1,-0.0006315808859653771,0.9995693564414978,0.9984838962554932,-0.00018768238078337163,0.0003578436153475195,0.0009103894699364901
1765156306.5510833,cf2,-0.00026117314700968564,-0.0002622875617817044,0.9983080625534058,-0.00018858822295442224,-0.00010983446554746479,0.00022865373466629535
1765156306.55297,cf2,-0.00026117314700968564,-0.0002622875617817044,0.9983080625534058,-0.00012552359839901328,-0.00017049004964064807,0.00023255932319443673
1765156306.5559688,cf1,-0.0006452231900766492,0.9995636940002441,0.9985029697418213,-0.00018768238078337163,0.0003578436153475195,0.0009103894699364901
1765156306.556438,cf1,-0.0006452231900766492,0.9995636940002441,0.9985029697418213,-0.00012336127110756934,0.00026784479268826544,0.0008189923246391118
1765156306.571102,cf2,-0.0002693825517781079,-0.0002733186411205679,0.9983144998550415,-0.00012552359839901328,-0.00017049004964064807,0.00023255932319443673
1765156306.572855,cf2,-0.0002693825517781079,-0.0002733186411205679,0.9983144998550415,-5.533415242098272e-05,-0.00022172417084220797,0.0002383690298302099
1765156306.5759873,cf1,-0.0006572603015229106,0.9995560646057129,0.9985204935073853,-0.00012336127110756934,0.00026784479268826544,0.0008189923246391118
1765156306.5763757,cf1,-0.0006572603015229106,0.9995560646057129,0.9985204935073853,-5.281379708321765e-05,0.0001866344828158617,0.0007254903321154416
1765156306.5911252,cf2,-0.0002761704963631928,-0.00028567801928147674,0.9983220100402832,-5.533415242098272e-05,-0.00022172417084220797,0.0002383690298302099
1765156306.5929136,cf2,-0.0002761704963631928,-0.00028567801928147674,0.9983220100402832,1.793219598766882e-05,-0.0002696050505619496,0.00024947579368017614
1765156306.595919,cf1,-0.0006675741751678288,0.9995468258857727,0.9985364079475403,-5.281379708321765e-05,0.0001866344828158617,0.0007254903321154416
1765156306.5962486,cf1,-0.0006675741751678288,0.9995468258857727,0.9985364079475403,2.301721542607993e-05,0.00011519304825924337,0.0006342699052765965
1765156306.6109397,cf2,-0.0002811571175698191,-0.0002987353946082294,0.9983302354812622,1.793219598766882e-05,-0.0002696050505619496,0.00024947579368017614
1765156306.6127508,cf2,-0.0002811571175698191,-0.0002987353946082294,0.9983302354812622,9.681845403974876e-05,-0.0003070467209909111,0.00026092692860402167
1765156306.6158888,cf1,-0.0006759720272384584,0.9995361566543579,0.9985504746437073,2.301721542607993e-05,0.00011519304825924337,0.0006342699052765965
1765156306.616306,cf1,-0.0006759720272384584,0.9995361566543579,0.9985504746437073,0.00010614353232085705,4.9951580876950175e-05,0.0005438305088318884
1765156306.6320608,cf2,-0.0002840606321115047,-0.00031377843697555363,0.998340368270874,9.681845403974876e-05,-0.0003070467209909111,0.00026092692860402167
1765156306.6339345,cf2,-0.0002840606321115047,-0.00031377843697555363,0.998340368270874,0.00018300834926776588,-0.00033902100403793156,0.0002744398661889136
1765156306.6357002,cf1,-0.0006823220173828304,0.9995242357254028,0.9985626935958862,0.00010614353232085705,4.9951580876950175e-05,0.0005438305088318884
1765156306.6360831,cf1,-0.0006823220173828304,0.9995242357254028,0.9985626935958862,0.00019401680037844926,-7.180237844295334e-06,0.00045456161024048924
1765156306.652098,cf2,-0.0002857352956198156,-0.00032723741605877876,0.998349666595459,0.00018300834926776588,-0.00033902100403793156,0.0002744398661889136
1765156306.654167,cf2,-0.0002857352956198156,-0.00032723741605877876,0.998349666595459,0.0002664189669303596,-0.00036358690704219043,0.0002901655971072614
1765156306.6557846,cf1,-0.000686662970110774,0.9995110034942627,0.9985731244087219,0.00019401680037844926,-7.180237844295334e-06,0.00045456161024048924
1765156306.6560898,cf1,-0.000686662970110774,0.9995110034942627,0.9985731244087219,0.00028648751322180033,-5.850712477695197e-05,0.0003656226908788085
1765156306.6719666,cf2,-0.00028515144367702305,-0.0003422684094402939,0.9983609318733215,0.0002664189669303596,-0.00036358690704219043,0.0002901655971072614
1765156306.6739862,cf2,-0.00028515144367702305,-0.0003422684094402939,0.9983609318733215,0.0003531263500917703,-0.00038539961678907275,0.0003121892223134637
1765156306.6758137,cf1,-0.0006887943600304425,0.9994971752166748,0.9985814690589905,0.00028648751322180033,-5.850712477695197e-05,0.0003656226908788085
1765156306.6765141,cf1,-0.0006887943600304425,0.9994971752166748,0.9985814690589905,0.0003817777324002236,-0.00010081768414238468,0.00027543329633772373
1765156306.6920435,cf2,-0.0002824943221639842,-0.00035761858453042805,0.9983728528022766,0.0003531263500917703,-0.00038539961678907275,0.0003121892223134637
1765156306.6940114,cf2,-0.0002824943221639842,-0.00035761858453042805,0.9983728528022766,0.00043886914500035346,-0.0003965022915508598,0.0003331103653181344
1765156306.695585,cf1,-0.0006887721829116344,0.9994825124740601,0.9985882043838501,0.0003817777324002236,-0.00010081768414238468,0.00027543329633772373
1765156306.6960697,cf1,-0.0006887721829116344,0.9994825124740601,0.9985882043838501,0.00048082059947773814,-0.0001389903627568856,0.00018781967810355127
1765156306.713151,cf2,-0.0002778848574962467,-0.0003729314194060862,0.9983848333358765,0.00043886914500035346,-0.0003965022915508598,0.0003331103653181344
1765156306.7134995,cf2,-0.0002778848574962467,-0.0003729314194060862,0.9983848333358765,0.000477273395517841,-0.0004057576006744057,0.0003510804381221533
1765156306.7158196,cf1,-0.0006864588940516114,0.999467134475708,0.9985931515693665,0.00048082059947773814,-0.0001389903627568856,0.00018781967810355127
1765156306.7161298,cf1,-0.0006864588940516114,0.999467134475708,0.9985931515693665,0.0005824867403134704,-0.00017178483540192246,0.00010097061021951959
1765156306.7310188,cf2,-0.0002713426947593689,-0.0003881461452692747,0.9983969330787659,0.000477273395517841,-0.0004057576006744057,0.0003510804381221533
1765156306.7328148,cf2,-0.0002713426947593689,-0.0003881461452692747,0.9983969330787659,0.000547724193893373,-0.0003845299070235342,0.000361057958798483
1765156306.735747,cf1,-0.0006815755041316152,0.99945068359375,0.9985964298248291,0.0005824867403134704,-0.00017178483540192246,0.00010097061021951959
1765156306.736107,cf1,-0.0006815755041316152,0.99945068359375,0.9985964298248291,0.0006881713634356856,-0.0001993714104173705,1.4599911992263515e-05
1765156306.7511568,cf2,-0.00026422637165524065,-0.0004021548666059971,0.9984081387519836,0.000547724193893373,-0.0003845299070235342,0.000361057958798483
1765156306.7529423,cf2,-0.00026422637165524065,-0.0004021548666059971,0.9984081387519836,0.0006058735307306051,-0.00035916472552344203,0.0003746042784769088
1765156306.75587,cf1,-0.0006744340644218028,0.9994345307350159,0.9985978007316589,0.0006881713634356856,-0.0001993714104173705,1.4599911992263515e-05
1765156306.756208,cf1,-0.0006744340644218028,0.9994345307350159,0.9985978007316589,0.0007953666499815881,-0.00021870157797820866,-7.176442886702716e-05
1765156306.7711008,cf2,-0.0002556480176281184,-0.000415560498367995,0.9984191060066223,0.0006058735307306051,-0.00035916472552344203,0.0003746042784769088
1765156306.7728763,cf2,-0.0002556480176281184,-0.000415560498367995,0.9984191060066223,0.0006574818980880082,-0.00032264707260765135,0.00038609877810813487
1765156306.7757952,cf1,-0.0006645653047598898,0.999417781829834,0.9985975623130798,0.0007953666499815881,-0.00021870157797820866,-7.176442886702716e-05
1765156306.776188,cf1,-0.0006645653047598898,0.999417781829834,0.9985975623130798,0.0009051678352989256,-0.0002319573686691001,-0.00015680945944041014
1765156306.79112,cf2,-0.0002462073171045631,-0.0004276901308912784,0.998429536819458,0.0006574818980880082,-0.00032264707260765135,0.00038609877810813487
1765156306.7927563,cf2,-0.0002462073171045631,-0.0004276901308912784,0.998429536819458,0.0007014920120127499,-0.00027416253578849137,0.00039242024649865925
1765156306.7957273,cf1,-0.0006521592731587589,0.9994044899940491,0.9985958337783813,0.0009051678352989256,-0.0002319573686691001,-0.00015680945944041014
1765156306.795952,cf1,-0.0006521592731587589,0.9994044899940491,0.9985958337783813,0.0010129193542525172,-0.00023746861552353948,-0.00023974310897756368
1765156306.8111556,cf2,-0.0002357364573981613,-0.0004388440283946693,0.9984396696090698,0.0007014920120127499,-0.00027416253578849137,0.00039242024649865925
1765156306.8139815,cf2,-0.0002357364573981613,-0.0004388440283946693,0.9984396696090698,0.0007387829828076065,-0.00021955565898679197,0.00038125619175843894
1765156306.8156877,cf1,-0.0006375042139552534,0.999384880065918,0.9985933899879456,0.0010129193542525172,-0.00023746861552353948,-0.00023974310897756368
1765156306.8159072,cf1,-0.0006375042139552534,0.999384880065918,0.9985933899879456,0.0011075757211074233,-0.00022955438180360943,-0.0003202509833499789
1765156306.831949,cf2,-0.00022478526807390153,-0.00044836444430984557,0.9984492063522339,0.0007387829828076065,-0.00021955565898679197,0.00038125619175843894
1765156306.8339791,cf2,-0.00022478526807390153,-0.00044836444430984557,0.9984492063522339,0.0007680330309085548,-0.0001532448222860694,0.0003860173746943474
1765156306.8357377,cf1,-0.0006212209118530154,0.999369204044342,0.9985894560813904,0.0011075757211074233,-0.00022955438180360943,-0.0003202509833499789
1765156306.836127,cf1,-0.0006212209118530154,0.999369204044342,0.9985894560813904,0.0011843051761388779,-0.0002079200785374269,-0.0003982665075454861
1765156306.8521063,cf2,-0.00021333037875592709,-0.00045640391181223094,0.9984582662582397,0.0007680330309085548,-0.0001532448222860694,0.0003860173746943474
1765156306.8540103,cf2,-0.00021333037875592709,-0.00045640391181223094,0.9984582662582397,0.000791211670730263,-8.472510671708733e-05,0.00036656175507232547
1765156306.8559163,cf1,-0.0006034955731593072,0.9993544816970825,0.9985840916633606,0.0011843051761388779,-0.0002079200785374269,-0.0003982665075454861
1765156306.8562334,cf1,-0.0006034955731593072,0.9993544816970825,0.9985840916633606,0.0012482020538300276,-0.00017318481695838273,-0.0004752383101731539
1765156306.8720021,cf2,-0.0002019878593273461,-0.0004625136498361826,0.9984664916992188,0.000791211670730263,-8.472510671708733e-05,0.00036656175507232547
1765156306.8739262,cf2,-0.0002019878593273461,-0.0004625136498361826,0.9984664916992188,0.0008065326255746186,-9.974796739697922e-06,0.0003457827842794359
1765156306.875691,cf1,-0.0005845460691489279,0.999340832233429,0.9985771179199219,0.0012482020538300276,-0.00017318481695838273,-0.0004752383101731539
1765156306.8762782,cf1,-0.0005845460691489279,0.999340832233429,0.9985771179199219,0.0013022860512137413,-0.000128587955259718,-0.0005512133939191699
1765156306.8911433,cf2,-0.00019022682681679726,-0.0004658956313505769,0.9984738826751709,0.0008065326255746186,-9.974796739697922e-06,0.0003457827842794359
1765156306.8929057,cf2,-0.00019022682681679726,-0.0004658956313505769,0.9984738826751709,0.0008173753158189356,7.079983333824202e-05,0.00034642990794964135
1765156306.8971794,cf1,-0.0005646313657052815,0.9993284940719604,0.9985686540603638,0.0013022860512137413,-0.000128587955259718,-0.0005512133939191699
1765156306.897551,cf1,-0.0005646313657052815,0.9993284940719604,0.9985686540603638,0.0013453058199957013,-7.469231786672026e-05,-0.0006261729868128896
1765156306.911194,cf2,-0.00017767194367479533,-0.0004693455121014267,0.9984821677207947,0.0008173753158189356,7.079983333824202e-05,0.00034642990794964135
1765156306.9128878,cf2,-0.00017767194367479533,-0.0004693455121014267,0.9984821677207947,0.000816543004475534,0.00016029745165724307,0.0002617119171191007
1765156306.9168546,cf1,-0.0005438851076178253,0.9993176460266113,0.9985585808753967,0.0013453058199957013,-7.469231786672026e-05,-0.0006261729868128896
1765156306.9171662,cf1,-0.0005438851076178253,0.9993176460266113,0.9985585808753967,0.0013769336510449648,-8.502961463818792e-06,-0.0007015446899458766
1765156306.9310226,cf2,-0.0001664596638875082,-0.0004691715002991259,0.9984878301620483,0.000816543004475534,0.00016029745165724307,0.0002617119171191007
1765156306.93279,cf2,-0.0001664596638875082,-0.0004691715002991259,0.9984878301620483,0.0008152392692863941,0.0002477709494996816,0.00020991601923014969
1765156306.9371197,cf1,-0.0005227509536780417,0.9993084073066711,0.9985469579696655,0.0013769336510449648,-8.502961463818792e-06,-0.0007015446899458766
1765156306.9373703,cf1,-0.0005227509536780417,0.9993084073066711,0.9985469579696655,0.0014014720218256116,6.009491335134953e-05,-0.0007758668507449329
1765156306.9510252,cf2,-0.00015475063992198557,-0.0004676789976656437,0.9984939694404602,0.0008152392692863941,0.0002477709494996816,0.00020991601923014969
1765156306.9528286,cf2,-0.00015475063992198557,-0.0004676789976656437,0.9984939694404602,0.0008098047110252082,0.0003401004069019109,0.00015008867194410414
1765156306.9571493,cf1,-0.0005011856555938721,0.9993009567260742,0.9985336661338806,0.0014014720218256116,6.009491335134953e-05,-0.0007758668507449329
1765156306.957512,cf1,-0.0005011856555938721,0.9993009567260742,0.9985336661338806,0.001417601015418768,0.00013536078040488064,-0.0008505751029588282
1765156306.971157,cf2,-0.00014392028970178217,-0.00046413904055953026,0.9984994530677795,0.0008098047110252082,0.0003401004069019109,0.00015008867194410414
1765156306.9731045,cf2,-0.00014392028970178217,-0.00046413904055953026,0.9984994530677795,0.0007958435453474522,0.0004347715002950281,0.000137324386741966
1765156306.97674,cf1,-0.0004794145643245429,0.9992954134941101,0.9985188841819763,0.001417601015418768,0.00013536078040488064,-0.0008505751029588282
1765156306.9771144,cf1,-0.0004794145643245429,0.9992954134941101,0.9985188841819763,0.0014273362467065454,0.00021617699530906975,-0.0009246336412616074
1765156306.9911244,cf2,-0.00013332031085155904,-0.00045827042777091265,0.9985048770904541,0.0007958435453474522,0.0004347715002950281,0.000137324386741966
1765156306.9929123,cf2,-0.00013332031085155904,-0.00045827042777091265,0.9985048770904541,0.0007768825744278729,0.0005320495110936463,0.0001341846800642088
1765156306.9969575,cf1,-0.0004576455394271761,0.9992936253547668,0.9985030889511108,0.0014273362467065454,0.00021617699530906975,-0.0009246336412616074
1765156306.997524,cf1,-0.0004576455394271761,0.9992936253547668,0.9985030889511108,0.0014278580201789737,0.00030900072306394577,-0.0009962439071387053
1765156307.011073,cf2,-0.0001233522780239582,-0.00045011541806161404,0.9985092878341675,0.0007768825744278729,0.0005320495110936463,0.0001341846800642088
1765156307.0128274,cf2,-0.0001233522780239582,-0.00045011541806161404,0.9985092878341675,0.0007530742441304028,0.0006302542751654983,5.101649003336206e-05
1765156307.0157201,cf1,-0.0004357662401162088,0.9992919564247131,0.998485267162323,0.0014278580201789737,0.00030900072306394577,-0.0009962439071387053
1765156307.0160754,cf1,-0.0004357662401162088,0.9992919564247131,0.998485267162323,0.001415172009728849,0.0004031723365187645,-0.0010661078849807382
1765156307.0323625,cf2,-0.00011030388122890145,-0.0004358660662546754,0.998512864112854,0.0007530742441304028,0.0006302542751654983,5.101649003336206e-05
1765156307.034212,cf2,-0.00011030388122890145,-0.0004358660662546754,0.998512864112854,0.000726826605387032,0.0007384400814771652,-1.3174701052776072e-05
1765156307.035719,cf1,-0.00041519152000546455,0.9992920756340027,0.9984669089317322,0.001415172009728849,0.0004031723365187645,-0.0010661078849807382
1765156307.0360396,cf1,-0.00041519152000546455,0.9992920756340027,0.9984669089317322,0.0014024660922586918,0.0004919085185974836,-0.0011355080641806126
1765156307.0520074,cf2,-0.00010553461470408365,-0.00042642964399419725,0.9985162615776062,0.000726826605387032,0.0007384400814771652,-1.3174701052776072e-05
1765156307.054023,cf2,-0.00010553461470408365,-0.00042642964399419725,0.9985162615776062,0.0006852159858681262,0.0008315549930557609,-2.8397047572070733e-05
1765156307.0556328,cf1,-0.00039414715138264,0.9992945790290833,0.9984475374221802,0.0014024660922586918,0.0004919085185974836,-0.0011355080641806126
1765156307.0558527,cf1,-0.00039414715138264,0.9992945790290833,0.9984475374221802,0.0013861556071788073,0.0005825717817060649,-0.0011414068285375834
1765156307.0721147,cf2,-9.824831795413047e-05,-0.00041127941221930087,0.9985191822052002,0.0006852159858681262,0.0008315549930557609,-2.8397047572070733e-05
1765156307.0738735,cf2,-9.824831795413047e-05,-0.00041127941221930087,0.9985191822052002,0.0006481161690317094,0.0009328341111540794,-3.306970756966621e-05
1765156307.075762,cf1,-0.00037367056938819587,0.9992992877960205,0.9984296560287476,0.0013861556071788073,0.0005825717817060649,-0.0011414068285375834
1765156307.0759802,cf1,-0.00037367056938819587,0.9992992877960205,0.9984296560287476,0.0013579841470345855,0.0006708442233502865,-0.001056017354130745
1765156307.0921783,cf2,-9.160459012491629e-05,-0.00039279719931073487,0.9985218048095703,0.0006481161690317094,0.0009328341111540794,-3.306970756966621e-05
1765156307.0941315,cf2,-9.160459012491629e-05,-0.00039279719931073487,0.9985218048095703,0.000606715097092092,0.0010335821425542235,-2.257935921079479e-05
1765156307.0958748,cf1,-0.00035415723687037826,0.9993059039115906,0.9984140992164612,0.0013579841470345855,0.0006708442233502865,-0.001056017354130745
1765156307.096384,cf1,-0.00035415723687037826,0.9993059039115906,0.9984140992164612,0.001316445181146264,0.0007488317205570638,-0.0009288135915994644
1765156307.112038,cf2,-8.639822044642642e-05,-0.00037265114951878786,0.9985240697860718,0.000606715097092092,0.0010335821425542235,-2.257935921079479e-05
1765156307.1139688,cf2,-8.639822044642642e-05,-0.00037265114951878786,0.9985240697860718,0.0005572427180595696,0.0011158004635944963,-1.0702290637709666e-05
1765156307.1157734,cf1,-0.00033586437348276377,0.9993140697479248,0.9984004497528076,0.001316445181146264,0.0007488317205570638,-0.0009288135915994644
1765156307.1160014,cf1,-0.00033586437348276377,0.9993140697479248,0.9984004497528076,0.0012633271981030703,0.0008177567506209016,-0.0008074144134297967
1765156307.1323104,cf2,-8.257763693109155e-05,-0.0003511020040605217,0.9985257387161255,0.0005572427180595696,0.0011158004635944963,-1.0702290637709666e-05
1765156307.134163,cf2,-8.257763693109155e-05,-0.0003511020040605217,0.9985257387161255,0.0005017530638724566,0.00117513258010149,-4.0016111597651616e-05
1765156307.1356664,cf1,-0.0003190023417118937,0.9993237257003784,0.9983887076377869,0.0012633271981030703,0.0008177567506209016,-0.0008074144134297967
1765156307.1358533,cf1,-0.0003190023417118937,0.9993237257003784,0.9983887076377869,0.0011999044800177217,0.0008800939540378749,-0.000689398730173707
1765156307.151985,cf2,-8.026089199120179e-05,-0.0003285120183136314,0.9985263347625732,0.0005017530638724566,0.00117513258010149,-4.0016111597651616e-05
1765156307.153926,cf2,-8.026089199120179e-05,-0.0003285120183136314,0.9985263347625732,0.00044020547647960484,0.0012168503599241376,-0.00012691931624431163
1765156307.1555252,cf1,-0.0003038316499441862,0.9993346929550171,0.9983789324760437,0.0011999044800177217,0.0008800939540378749,-0.000689398730173707
1765156307.1557634,cf1,-0.0003038316499441862,0.9993346929550171,0.9983789324760437,0.0011260361643508077,0.0009350524633191526,-0.0005738696781918406
1765156307.1719432,cf2,-7.964036922203377e-05,-0.0003051755193155259,0.9985260367393494,0.00044020547647960484,0.0012168503599241376,-0.00012691931624431163
1765156307.1740448,cf2,-7.964036922203377e-05,-0.0003051755193155259,0.9985260367393494,0.0003719584783539176,0.001244143582880497,-0.00020743491768371314
1765156307.1755419,cf1,-0.00029054947663098574,0.9993466734886169,0.9983710646629333,0.0011260361643508077,0.0009350524633191526,-0.0005738696781918406
1765156307.1757402,cf1,-0.00029054947663098574,0.9993466734886169,0.9983710646629333,0.0010443036444485188,0.0009840411366894841,-0.0004616299120243639
1765156307.1912012,cf2,-8.062448614509776e-05,-0.00028077611932531,0.9985247850418091,0.0003719584783539176,0.001244143582880497,-0.00020743491768371314
1765156307.192887,cf2,-8.062448614509776e-05,-0.00028077611932531,0.9985247850418091,0.0002971014764625579,0.0012555016437545419,-0.0002873445628210902
1765156307.1968591,cf1,-0.0002794268948491663,0.9993593096733093,0.9983652234077454,0.0010443036444485188,0.0009840411366894841,-0.0004616299120243639
1765156307.1971977,cf1,-0.0002794268948491663,0.9993593096733093,0.9983652234077454,0.0009547320078127086,0.001025451347231865,-0.00035057374043390155
1765156307.211144,cf2,-8.372145384782925e-05,-0.00025744870072230697,0.9985228180885315,0.0002971014764625579,0.0012555016437545419,-0.0002873445628210902
1765156307.212865,cf2,-8.372145384782925e-05,-0.00025744870072230697,0.9985228180885315,0.0002281905326526612,0.0012516309507191181,-0.00036194996209815145
1765156307.2171028,cf1,-0.0002699600881896913,0.9993734955787659,0.9983610510826111,0.0009547320078127086,0.001025451347231865,-0.00035057374043390155
1765156307.2174706,cf1,-0.0002699600881896913,0.9993734955787659,0.9983610510826111,0.0008528130711056292,0.0010607334552332759,-0.00023586233146488667
1765156307.230985,cf2,-8.858704677550122e-05,-0.00023377349134534597,0.9985198378562927,0.0002281905326526612,0.0012516309507191181,-0.00036194996209815145
1765156307.2328844,cf2,-8.858704677550122e-05,-0.00023377349134534597,0.9985198378562927,0.000149698622408323,0.0012389715993776917,-0.0004325806221459061
1765156307.2369597,cf1,-0.00026313195121474564,0.9993877410888672,0.9983589053153992,0.0008528130711056292,0.0010607334552332759,-0.00023586233146488667
1765156307.2372518,cf1,-0.00026313195121474564,0.9993877410888672,0.9983589053153992,0.0007521205116063356,0.001090881647542119,-0.00013034719449933618
1765156307.2509358,cf2,-9.541658073430881e-05,-0.00021049952192697674,0.9985160231590271,0.000149698622408323,0.0012389715993776917,-0.0004325806221459061
1765156307.2528133,cf2,-9.541658073430881e-05,-0.00021049952192697674,0.9985160231590271,6.792591739213094e-05,0.0012164866784587502,-0.0005003940314054489
1765156307.2571044,cf1,-0.0002586188493296504,0.9994025230407715,0.9983586668968201,0.0007521205116063356,0.001090881647542119,-0.00013034719449933618
1765156307.2574544,cf1,-0.0002586188493296504,0.9994025230407715,0.9983586668968201,0.0006453131791204214,0.0011151644866913557,-2.664932981133461e-05
1765156307.272021,cf2,-0.00010431536065880209,-0.00018726676353253424,0.9985110759735107,6.792591739213094e-05,0.0012164866784587502,-0.0005003940314054489
1765156307.2740316,cf2,-0.00010431536065880209,-0.00018726676353253424,0.9985110759735107,-2.8269756512599997e-05,0.0011831795563921332,-0.0005653682164847851
1765156307.2770896,cf1,-0.00025658903177827597,0.999417781829834,0.9983603358268738,0.0006453131791204214,0.0011151644866913557,-2.664932981133461e-05
1765156307.2776213,cf1,-0.00025658903177827597,0.999417781829834,0.9983603358268738,0.0005344622186385095,0.0011347213294357061,7.548608118668199e-05
1765156307.2920988,cf2,-0.00011531662312336266,-0.00016598639194853604,0.998505711555481,-2.8269756512599997e-05,0.0011831795563921332,-0.0005653682164847851
1765156307.2942703,cf2,-0.00011531662312336266,-0.00016598639194853604,0.998505711555481,-0.00010667168680811301,0.0011398193892091513,-0.0006289989687502384
1765156307.2956276,cf1,-0.0002571431687101722,0.9994333982467651,0.9983639717102051,0.0005344622186385095,0.0011347213294357061,7.548608118668199e-05
1765156307.295807,cf1,-0.0002571431687101722,0.9994333982467651,0.9983639717102051,0.00042007261072285473,0.001148871029727161,0.0001762823958415538
1765156307.3121626,cf2,-0.0001284958707401529,-0.00014512348570860922,0.9984992146492004,-0.00010667168680811301,0.0011398193892091513,-0.0006289989687502384
1765156307.313925,cf2,-0.0001284958707401529,-0.00014512348570860922,0.9984992146492004,-0.00020504994608927518,0.0010955410543829203,-0.0006889176438562572
1765156307.3156242,cf1,-0.00026039170916192234,0.9994491338729858,0.9983695149421692,0.00042007261072285473,0.001148871029727161,0.0001762823958415538
1765156307.3160007,cf1,-0.00026039170916192234,0.9994491338729858,0.9983695149421692,0.00029593409271910787,0.0011534583754837513,0.00027944729663431644
1765156307.3319855,cf2,-0.00014375810860656202,-0.00012548814993351698,0.9984918236732483,-0.00020504994608927518,0.0010955410543829203,-0.0006889176438562572
1765156307.3339446,cf2,-0.00014375810860656202,-0.00012548814993351698,0.9984918236732483,-0.0002943942090496421,0.0010406461078673601,-0.0007476062746718526
1765156307.3357768,cf1,-0.0002664913481567055,0.9994644522666931,0.9983766078948975,0.00029593409271910787,0.0011534583754837513,0.00027944729663431644
1765156307.3361695,cf1,-0.0002664913481567055,0.9994644522666931,0.9983766078948975,0.00017654623661655933,0.0011521022533997893,0.00035844091325998306
1765156307.3521605,cf2,-0.00016117609629873186,-0.00010709658818086609,0.9984835982322693,-0.0002943942090496421,0.0010406461078673601,-0.0007476062746718526
1765156307.3541791,cf2,-0.00016117609629873186,-0.00010709658818086609,0.9984835982322693,-0.0003743917332030833,0.0009799369145184755,-0.0008067271555773914
1765156307.3557785,cf1,-0.00027527360362000763,0.9994795918464661,0.9983842968940735,0.00017654623661655933,0.0011521022533997893,0.00035844091325998306
1765156307.3560984,cf1,-0.00027527360362000763,0.9994795918464661,0.9983842968940735,6.334459612844512e-05,0.001141142100095749,0.00035936778294853866
1765156307.3710542,cf2,-0.0001813124108593911,-8.943321881815791e-05,0.99847412109375,-0.0003743917332030833,0.0009799369145184755,-0.0008067271555773914
1765156307.3728466,cf2,-0.0001813124108593911,-8.943321881815791e-05,0.99847412109375,-0.00046737020602449775,0.0009096342255361378,-0.0008361528161913157
1765156307.3758633,cf1,-0.0002862726105377078,0.9994941353797913,0.9983925223350525,6.334459612844512e-05,0.001141142100095749,0.00035936778294853866
1765156307.3763285,cf1,-0.0002862726105377078,0.9994941353797913,0.9983925223350525,-3.4257951483596116e-05,0.0011169370263814926,0.00036092710797674954
1765156307.3912892,cf2,-0.0002031082840403542,-7.43278069421649e-05,0.9984661936759949,-0.00046737020602449775,0.0009096342255361378,-0.0008361528161913157
1765156307.3928874,cf2,-0.0002031082840403542,-7.43278069421649e-05,0.9984661936759949,-0.000552060198970139,0.0008377413614653051,-0.0007913800072856247
1765156307.3959491,cf1,-0.00029914852348156273,0.9995077848434448,0.9984010457992554,-3.4257951483596116e-05,0.0011169370263814926,0.00036092710797674954
1765156307.3963187,cf1,-0.00029914852348156273,0.9995077848434448,0.9984010457992554,-0.00011955284571740776,0.0010822670301422477,0.00036475274828262627
1765156307.4111512,cf2,-0.00022470130352303386,-5.860066448803991e-05,0.9984559416770935,-0.000552060198970139,0.0008377413614653051,-0.0007913800072856247
1765156307.4130044,cf2,-0.00022470130352303386,-5.860066448803991e-05,0.9984559416770935,-0.0006177732138894498,0.0007623857236467302,-0.0007066774414852262
1765156307.4160864,cf1,-0.0003137223538942635,0.9995204210281372,0.9984098076820374,-0.00011955284571740776,0.0010822670301422477,0.00036475274828262627
1765156307.4165235,cf1,-0.0003137223538942635,0.9995204210281372,0.9984098076820374,-0.00019552130834199488,0.0010379698360338807,0.00036865926813334227
1765156307.4311137,cf2,-0.00025149871362373233,-4.8475103540113196e-05,0.9984539151191711,-0.0006177732138894498,0.0007623857236467302,-0.0007066774414852262
1765156307.4328718,cf2,-0.00025149871362373233,-4.8475103540113196e-05,0.9984539151191711,-0.000665430212393403,0.0006847745389677584,-0.0006216559559106827
1765156307.4356914,cf1,-0.0003272457397542894,0.9995357990264893,0.9984188675880432,-0.00019552130834199488,0.0010379698360338807,0.00036865926813334227
1765156307.436063,cf1,-0.0003272457397542894,0.9995357990264893,0.9984188675880432,-0.00024954535183496773,0.0010028145043179393,0.0003740786050911993
1765156307.4512503,cf2,-0.0002752648724708706,-3.644708704086952e-05,0.9984468817710876,-0.000665430212393403,0.0006847745389677584,-0.0006216559559106827
1765156307.4528675,cf2,-0.0002752648724708706,-3.644708704086952e-05,0.9984468817710876,-0.0006992440903559327,0.0006034694379195571,-0.0005524615989997983
1765156307.4559944,cf1,-0.0003446189220994711,0.9995455145835876,0.9984274506568909,-0.00024954535183496773,0.0010028145043179393,0.0003740786050911993
1765156307.456322,cf1,-0.0003446189220994711,0.9995455145835876,0.9984274506568909,-0.0003179296909365803,0.0009187323739752173,0.0003735271457117051
1765156307.4720697,cf2,-0.0003037349961232394,-2.9619364795507863e-05,0.998446524143219,-0.0006992440903559327,0.0006034694379195571,-0.0005524615989997983
1765156307.4738338,cf2,-0.0003037349961232394,-2.9619364795507863e-05,0.998446524143219,-0.0007177843363024294,0.0005153833772055805,-0.00051362335216254
1765156307.4756436,cf1,-0.00036269216798245907,0.9995533227920532,0.9984357953071594,-0.0003179296909365803,0.0009187323739752173,0.0003735271457117051
1765156307.475833,cf1,-0.00036269216798245907,0.9995533227920532,0.9984357953071594,-0.0003674917679745704,0.0008464063866995275,0.0003761424741242081
1765156307.4909508,cf2,-0.0003230665170121938,-2.4960985683719628e-05,0.9984453320503235,-0.0007177843363024294,0.0005153833772055805,-0.00051362335216254
1765156307.492789,cf2,-0.0003230665170121938,-2.4960985683719628e-05,0.9984453320503235,-0.0007223075372166932,0.0004331620002631098,-0.0004902197979390621
1765156307.495826,cf1,-0.00038225154276005924,0.9995595812797546,0.9984445571899414,-0.0003674917679745704,0.0008464063866995275,0.0003761424741242081
1765156307.496159,cf1,-0.00038225154276005924,0.9995595812797546,0.9984445571899414,-0.0004106340929865837,0.0007685956661589444,0.0003783167339861393
1765156307.5111454,cf2,-0.0003479447041172534,-2.0934359781676903e-05,0.998445451259613,-0.0007223075372166932,0.0004331620002631098,-0.0004902197979390621
1765156307.5128603,cf2,-0.0003479447041172534,-2.0934359781676903e-05,0.998445451259613,-0.000714559864718467,0.0003330050385557115,-0.000423775112722069
1765156307.5159216,cf1,-0.0004022307984996587,0.9995637536048889,0.9984531402587891,-0.0004106340929865837,0.0007685956661589444,0.0003783167339861393
1765156307.5161602,cf1,-0.0004022307984996587,0.9995637536048889,0.9984531402587891,-0.00044487189734354615,0.0006848273333162069,0.0003801634593401104
1765156307.531053,cf2,-0.00037385968607850373,-1.816738222260028e-05,0.998445987701416,-0.000714559864718467,0.0003330050385557115,-0.000423775112722069
1765156307.5328248,cf2,-0.00037385968607850373,-1.816738222260028e-05,0.998445987701416,-0.0007022811914794147,0.00024327111896127462,-0.0003672056191135198
1765156307.5359454,cf1,-0.00042272661812603474,0.9995657801628113,0.9984616637229919,-0.00044487189734354615,0.0006848273333162069,0.0003801634593401104
1765156307.5361853,cf1,-0.00042272661812603474,0.9995657801628113,0.9984616637229919,-0.0004727459163405001,0.0005955740925855935,0.0003821680147666484
1765156307.551164,cf2,-0.0003999713226221502,-1.719297142699361e-05,0.9984474778175354,-0.0007022811914794147,0.00024327111896127462,-0.0003672056191135198
1765156307.5529964,cf2,-0.0003999713226221502,-1.719297142699361e-05,0.9984474778175354,-0.0006804760778322816,0.00015344218991231173,-0.00032249954529106617
1765156307.556897,cf1,-0.00044368344242684543,0.9995655417442322,0.9984704256057739,-0.0004727459163405001,0.0005955740925855935,0.0003821680147666484
1765156307.5572343,cf1,-0.00044368344242684543,0.9995655417442322,0.9984704256057739,-0.0004923521191813052,0.0004957171040587127,0.00038269785000011325
1765156307.57099,cf2,-0.0004273622762411833,-1.801075086405035e-05,0.998449444770813,-0.0006804760778322816,0.00015344218991231173,-0.00032249954529106617
1765156307.5727232,cf2,-0.0004273622762411833,-1.801075086405035e-05,0.998449444770813,-0.0006495944689959288,6.800406845286489e-05,-0.0002988059422932565
1765156307.5770452,cf1,-0.00046466951607726514,0.9995627403259277,0.998478889465332,-0.0004923521191813052,0.0004957171040587127,0.00038269785000011325
1765156307.5774453,cf1,-0.00046466951607726514,0.9995627403259277,0.998478889465332,-0.0005073505453765392,0.0003966754593420774,0.0003752820775844157
1765156307.590979,cf2,-0.00045111202052794397,-2.1525238480535336e-05,0.9984539151191711,-0.0006495944689959288,6.800406845286489e-05,-0.0002988059422932565
1765156307.5927298,cf2,-0.00045111202052794397,-2.1525238480535336e-05,0.9984539151191711,-0.0006088253576308489,-2.8775080863852054e-05,-0.0002360889338888228
1765156307.597087,cf1,-0.0004858632164541632,0.9995575547218323,0.9984859824180603,-0.0005073505453765392,0.0003966754593420774,0.0003752820775844157
1765156307.5975227,cf1,-0.0004858632164541632,0.9995575547218323,0.9984859824180603,-0.0005113982479088008,0.0002990677603520453,0.0002862377732526511
1765156307.6110756,cf2,-0.00047472247388213873,-2.700583172554616e-05,0.9984591603279114,-0.0006088253576308489,-2.8775080863852054e-05,-0.0002360889338888228
1765156307.6128082,cf2,-0.00047472247388213873,-2.700583172554616e-05,0.9984591603279114,-0.0005661791074089706,-0.00012008219346171245,-0.0001921048096846789
1765156307.6170373,cf1,-0.0005067031015641987,0.9995502233505249,0.9984914660453796,-0.0005113982479088008,0.0002990677603520453,0.0002862377732526511
1765156307.6173525,cf1,-0.0005067031015641987,0.9995502233505249,0.9984914660453796,-0.0004982978571206331,0.00021085755724925548,0.00019245680596213788
1765156307.6310503,cf2,-0.0004978113574907184,-3.457700586295687e-05,0.998465359210968,-0.0005661791074089706,-0.00012008219346171245,-0.0001921048096846789
1765156307.632724,cf2,-0.0004978113574907184,-3.457700586295687e-05,0.998465359210968,-0.000516234606038779,-0.00021058811398688704,-0.00014852693129796535
1765156307.6371028,cf1,-0.0005267789820209146,0.9995411038398743,0.9984955787658691,-0.0004982978571206331,0.00021085755724925548,0.00019245680596213788
1765156307.637588,cf1,-0.0005267789820209146,0.9995411038398743,0.9984955787658691,-0.00047003899817354977,0.00013360122102312744,0.00010182249388890341
1765156307.651072,cf2,-0.0005197799764573574,-4.427413659868762e-05,0.9984726309776306,-0.000516234606038779,-0.00021058811398688704,-0.00014852693129796535
1765156307.6529326,cf2,-0.0005197799764573574,-4.427413659868762e-05,0.9984726309776306,-0.00046043877955526114,-0.00029421874205581844,-0.00010477247997187078
1765156307.657083,cf1,-0.000545838731341064,0.9995303750038147,0.9984980821609497,-0.00047003899817354977,0.00013360122102312744,0.00010182249388890341
1765156307.657437,cf1,-0.000545838731341064,0.9995303750038147,0.9984980821609497,-0.00042864889837801456,6.3603489252273e-05,1.2774974493368063e-05
1765156307.6711707,cf2,-0.000540428445674479,-5.575551767833531e-05,0.9984807372093201,-0.00046043877955526114,-0.00029421874205581844,-0.00010477247997187078
1765156307.6729558,cf2,-0.000540428445674479,-5.575551767833531e-05,0.9984807372093201,-0.0003964677162002772,-0.0003617536276578903,-6.167513492982835e-05
1765156307.6768308,cf1,-0.0005617387359961867,0.9995180368423462,0.9984992742538452,-0.00042864889837801456,6.3603489252273e-05,1.2774974493368063e-05
1765156307.6770763,cf1,-0.0005617387359961867,0.9995180368423462,0.9984992742538452,-0.0003684966068249196,7.071977506711846e-06,-7.438276225002483e-05
1765156307.6911447,cf2,-0.0005595838883891702,-6.85677514411509e-05,0.9984894394874573,-0.0003964677162002772,-0.0003617536276578903,-6.167513492982835e-05
1765156307.6928303,cf2,-0.0005595838883891702,-6.85677514411509e-05,0.9984894394874573,-0.0003268164291512221,-0.0004145930870436132,-2.0164865418337286e-05
1765156307.6970572,cf1,-0.0005782912485301495,0.9995048642158508,0.9984990358352661,-0.0003684966068249196,7.071977506711846e-06,-7.438276225002483e-05
1765156307.6974475,cf1,-0.0005782912485301495,0.9995048642158508,0.9984990358352661,-0.00030488776974380016,-4.925523899146356e-05,-0.00015900378639344126
1765156307.7111328,cf2,-0.0005771727301180363,-8.254705608123913e-05,0.9984986782073975,-0.0003268164291512221,-0.0004145930870436132,-2.0164865418337286e-05
1765156307.712958,cf2,-0.0005771727301180363,-8.254705608123913e-05,0.9984986782073975,-0.0002973497030325234,-0.0004469586128834635,1.1773501682910137e-05
1765156307.716871,cf1,-0.0005938708782196045,0.9994906187057495,0.9984961748123169,-0.00030488776974380016,-4.925523899146356e-05,-0.00015900378639344126
1765156307.717191,cf1,-0.0005938708782196045,0.9994906187057495,0.9984961748123169,-0.00022980934591032565,-9.219611820299178e-05,-0.00024766474962234497
1765156307.7310762,cf2,-0.0005930114421062171,-9.748831507749856e-05,0.9985084533691406,-0.0002973497030325234,-0.0004469586128834635,1.1773501682910137e-05
1765156307.7328095,cf2,-0.0005930114421062171,-9.748831507749856e-05,0.9985084533691406,-0.00021051599469501525,-0.0004802487383130938,5.2652801969088614e-05
1765156307.7369657,cf1,-0.0006075740093365312,0.9994745850563049,0.9984918236732483,-0.00022980934591032565,-9.219611820299178e-05,-0.00024766474962234497
1765156307.7376745,cf1,-0.0006075740093365312,0.9994745850563049,0.9984918236732483,-0.00015051044465508312,-0.00013426787336356938,-0.00033504379098303616
1765156307.7510228,cf2,-0.0006071444367989898,-0.00011399027425795794,0.9985189437866211,-0.00021051599469501525,-0.0004802487383130938,5.2652801969088614e-05
1765156307.752774,cf2,-0.0006071444367989898,-0.00011399027425795794,0.9985189437866211,-0.00011722822819137946,-0.0004993939073756337,8.204796904465184e-05
1765156307.756781,cf1,-0.0006181490607559681,0.9994590878486633,0.9984881281852722,-0.00015051044465508312,-0.00013426787336356938,-0.00033504379098303616
1765156307.7573707,cf1,-0.0006181490607559681,0.9994590878486633,0.9984881281852722,-6.811662024119869e-05,-0.00017863893299363554,-0.00040750662446953356
1765156307.771135,cf2,-0.0006186494720168412,-0.00012937345309183002,0.9985296726226807,-0.00011722822819137946,-0.0004993939073756337,8.204796904465184e-05
1765156307.7730336,cf2,-0.0006186494720168412,-0.00012937345309183002,0.9985296726226807,-2.763719930953812e-05,-0.0005099047557450831,0.00011790695134550333
1765156307.7767637,cf1,-0.0006271401070989668,0.9994413256645203,0.9984782338142395,-6.811662024119869e-05,-0.00017863893299363554,-0.00040750662446953356
1765156307.7769654,cf1,-0.0006271401070989668,0.9994413256645203,0.9984782338142395,4.190121762803756e-05,-0.00020098638196941465,-0.00050687650218606
1765156307.7909698,cf2,-0.0006281642126850784,-0.00014502824342343956,0.9985409379005432,-2.763719930953812e-05,-0.0005099047557450831,0.00011790695134550333
1765156307.7927444,cf2,-0.0006281642126850784,-0.00014502824342343956,0.9985409379005432,5.980279456707649e-05,-0.0005161528242751956,0.00015755662752781063
1765156307.7970917,cf1,-0.0006337772938422859,0.9994239807128906,0.9984696507453918,4.190121762803756e-05,-0.00020098638196941465,-0.00050687650218606
1765156307.797485,cf1,-0.0006337772938422859,0.9994239807128906,0.9984696507453918,0.000139157404191792,-0.0002268296229885891,-0.000586105918046087
1765156307.8110924,cf2,-0.000635479751508683,-0.0001609492173884064,0.9985527992248535,5.980279456707649e-05,-0.0005161528242751956,0.00015755662752781063
1765156307.8127916,cf2,-0.000635479751508683,-0.0001609492173884064,0.9985527992248535,0.00016195554053410888,-0.0005073155043646693,0.00018476747209206223
1765156307.8170345,cf1,-0.0006381676066666842,0.9994058609008789,0.9984586238861084,0.000139157404191792,-0.0002268296229885891,-0.000586105918046087
1765156307.8174021,cf1,-0.0006381676066666842,0.9994058609008789,0.9984586238861084,0.0002418019575998187,-0.0002477559319231659,-0.0006692120223306119
1765156307.8311794,cf2,-0.0006405584281310439,-0.0001754686381900683,0.998564600944519,0.00016195554053410888,-0.0005073155043646693,0.00018476747209206223
1765156307.8329186,cf2,-0.0006405584281310439,-0.0001754686381900683,0.998564600944519,0.0002578740823082626,-0.000490789650939405,0.00021483823365997523
1765156307.836793,cf1,-0.0006400294369086623,0.9993877410888672,0.9984456300735474,0.0002418019575998187,-0.0002477559319231659,-0.0006692120223306119
1765156307.8371232,cf1,-0.0006400294369086623,0.9993877410888672,0.9984456300735474,0.00034900542232207954,-0.00026331652770750225,-0.0007530004950240254
1765156307.8509772,cf2,-0.0006443901802413166,-0.00018956985149998218,0.9985771179199219,0.0002578740823082626,-0.000490789650939405,0.00021483823365997523
1765156307.8526895,cf2,-0.0006443901802413166,-0.00018956985149998218,0.9985771179199219,0.0003513168194331229,-0.0004713388334494084,0.00024995533749461174
1765156307.8570223,cf1,-0.0006393739604391158,0.9993696808815002,0.9984311461448669,0.00034900542232207954,-0.00026331652770750225,-0.0007530004950240254
1765156307.8573518,cf1,-0.0006393739604391158,0.9993696808815002,0.9984311461448669,0.00045808241702616215,-0.0002712811401579529,-0.0008288124809041619
1765156307.8711858,cf2,-0.0006452537490986288,-0.000203443065402098,0.9985899329185486,0.0003513168194331229,-0.0004713388334494084,0.00024995533749461174
1765156307.8730626,cf2,-0.0006452537490986288,-0.000203443065402098,0.9985899329185486,0.00045250862604007125,-0.0004461027274373919,0.00028097553877159953
1765156307.8768446,cf1,-0.0006360948318615556,0.9993513226509094,0.9984164834022522,0.00045808241702616215,-0.0002712811401579529,-0.0008288124809041619
1765156307.877298,cf1,-0.0006360948318615556,0.9993513226509094,0.9984164834022522,0.0005675129359588027,-0.00027287655393593013,-0.0008214974659495056
1765156307.8910332,cf2,-0.0006437202682718635,-0.00021739955991506577,0.9986039400100708,0.00045250862604007125,-0.0004461027274373919,0.00028097553877159953
1765156307.8927064,cf2,-0.0006437202682718635,-0.00021739955991506577,0.9986039400100708,0.000554859172552824,-0.0004164942365605384,0.000313441501930356
1765156307.8970716,cf1,-0.0006304095732048154,0.9993335604667664,0.9984033703804016,0.0005675129359588027,-0.00027287655393593013,-0.0008214974659495056
1765156307.8973305,cf1,-0.0006304095732048154,0.9993335604667664,0.9984033703804016,0.0006673882598988712,-0.00026038047508336604,-0.0007993091712705791
1765156307.912023,cf2,-0.0006380017148330808,-0.00023113255156204104,0.9986187219619751,0.000554859172552824,-0.0004164942365605384,0.000313441501930356
1765156307.9139988,cf2,-0.0006380017148330808,-0.00023113255156204104,0.9986187219619751,0.0006654926692135632,-0.0003792378993239254,0.0003450281510595232
1765156307.9169157,cf1,-0.0006228144047781825,0.9993165731430054,0.998391330242157,0.0006673882598988712,-0.00026038047508336604,-0.0007993091712705791
1765156307.9173286,cf1,-0.0006228144047781825,0.9993165731430054,0.998391330242157,0.0007539234356954694,-0.00023367247194983065,-0.0007763271569274366
1765156307.931166,cf2,-0.0006327893934212625,-0.00024225725792348385,0.9986316561698914,0.0006654926692135632,-0.0003792378993239254,0.0003450281510595232
1765156307.9329417,cf2,-0.0006327893934212625,-0.00024225725792348385,0.9986316561698914,0.0007605538703501225,-0.00032964476849883795,0.000311392912408337
1765156307.9368968,cf1,-0.0006135994335636497,0.9993006587028503,0.9983802437782288,0.0007539234356954694,-0.00023367247194983065,-0.0007763271569274366
1765156307.9372478,cf1,-0.0006135994335636497,0.9993006587028503,0.9983802437782288,0.0008298385073430836,-0.0001930106955114752,-0.0007514296448789537
1765156307.951107,cf2,-0.000624536070972681,-0.0002525620220694691,0.9986432790756226,0.0007605538703501225,-0.00032964476849883795,0.000311392912408337
1765156307.9527516,cf2,-0.000624536070972681,-0.0002525620220694691,0.9986432790756226,0.0008525107405148447,-0.0002767601690720767,0.00023337781021837145
1765156307.957031,cf1,-0.0006040701409801841,0.999286413192749,0.9983711242675781,0.0008298385073430836,-0.0001930106955114752,-0.0007514296448789537
1765156307.957281,cf1,-0.0006040701409801841,0.999286413192749,0.9983711242675781,0.0008871836471371353,-0.00014096083759795874,-0.0007134564802981913
1765156307.9710617,cf2,-0.0006113286945037544,-0.0002625376801006496,0.9986541271209717,0.0008525107405148447,-0.0002767601690720767,0.00023337781021837145
1765156307.9728465,cf2,-0.0006113286945037544,-0.0002625376801006496,0.9986541271209717,0.0009343957644887269,-0.00021985627245157957,0.00015999861352611333
1765156307.9770148,cf1,-0.0005910805193707347,0.9992732405662537,0.9983611702919006,0.0008871836471371353,-0.00014096083759795874,-0.0007134564802981913
1765156307.9772813,cf1,-0.0005910805193707347,0.9992732405662537,0.9983611702919006,0.0009518592851236463,-7.80224145273678e-05,-0.0006909743533469737
1765156307.991197,cf2,-0.0006018566782586277,-0.0002684004430193454,0.9986604452133179,0.0009343957644887269,-0.00021985627245157957,0.00015999861352611333
1765156307.9930296,cf2,-0.0006018566782586277,-0.0002684004430193454,0.9986604452133179,0.0009810077026486397,-0.0001567497820360586,8.90740193426609e-05
1765156307.9959064,cf1,-0.0005877467337995768,0.9992622137069702,0.998359739780426,0.0009518592851236463,-7.80224145273678e-05,-0.0006909743533469737
1765156307.9961693,cf1,-0.0005877467337995768,0.9992622137069702,0.998359739780426,0.0009639294003136456,-6.099013262428343e-05,-0.0006625672103837132
1765156308.011078,cf2,-0.0005892697954550385,-0.0002756990725174546,0.9986684918403625,0.0009810077026486397,-0.0001567497820360586,8.90740193426609e-05
1765156308.0129502,cf2,-0.0005892697954550385,-0.0002756990725174546,0.9986684918403625,0.0010314469691365957,-8.868149598129094e-05,1.6709826013538986e-05
1765156308.0157957,cf1,-0.0005741129862144589,0.9992519617080688,0.9983527064323425,0.0009639294003136456,-6.099013262428343e-05,-0.0006625672103837132
1765156308.0160356,cf1,-0.0005741129862144589,0.9992519617080688,0.9983527064323425,0.001010964042507112,1.657878419791814e-05,-0.0006264912663027644
1765156308.0311882,cf2,-0.0005753086879849434,-0.00028007940272800624,0.9986732006072998,0.0010314469691365957,-8.868149598129094e-05,1.6709826013538986e-05
1765156308.0330622,cf2,-0.0005753086879849434,-0.00028007940272800624,0.9986732006072998,0.001071208855137229,-1.4823560377408285e-05,-5.669591701007448e-05
1765156308.0367582,cf1,-0.0005594904650934041,0.9992436170578003,0.9983466863632202,0.001010964042507112,1.657878419791814e-05,-0.0006264912663027644
1765156308.03698,cf1,-0.0005594904650934041,0.9992436170578003,0.9983466863632202,0.0010517851915210485,0.00010210357868345454,-0.000589654897339642
1765156308.0510278,cf2,-0.0005569420172832906,-0.00028249743627384305,0.9986755847930908,0.001071208855137229,-1.4823560377408285e-05,-5.669591701007448e-05
1765156308.0551848,cf2,-0.0005569420172832906,-0.00028249743627384305,0.9986755847930908,0.001107948599383235,7.127361459424719e-05,-0.0001420509215677157
1765156308.056933,cf1,-0.0005447289440780878,0.9992374181747437,0.9983421564102173,0.0010517851915210485,0.00010210357868345454,-0.000589654897339642
1765156308.057437,cf1,-0.0005447289440780878,0.9992374181747437,0.9983421564102173,0.0010842022020369768,0.00018851208733394742,-0.0005541206919588149
1765156308.0709188,cf2,-0.0005379297072067857,-0.00028203267720527947,0.9986746907234192,0.001107948599383235,7.127361459424719e-05,-0.0001420509215677157
1765156308.0727794,cf2,-0.0005379297072067857,-0.00028203267720527947,0.9986746907234192,0.0011286663357168436,0.0001523799728602171,-0.00021812414343003184
1765156308.077179,cf1,-0.0005293063004501164,0.9992349147796631,0.9983376264572144,0.0010842022020369768,0.00018851208733394742,-0.0005541206919588149
1765156308.0775304,cf1,-0.0005293063004501164,0.9992349147796631,0.9983376264572144,0.0011116177774965763,0.0002815710613504052,-0.0005178431165404618
1765156308.0911946,cf2,-0.0005222522304393351,-0.00028040309553034604,0.9986732006072998,0.0011286663357168436,0.0001523799728602171,-0.00021812414343003184
1765156308.0929637,cf2,-0.0005222522304393351,-0.00028040309553034604,0.9986732006072998,0.0011425672564655542,0.0002360908838454634,-0.0002956695097964257
1765156308.0958412,cf1,-0.0005135437822900712,0.9992328882217407,0.998335063457489,0.0011116177774965763,0.0002815710613504052,-0.0005178431165404618
1765156308.0961502,cf1,-0.0005135437822900712,0.9992328882217407,0.998335063457489,0.0011331835994496942,0.00037843442987650633,-0.00048066911404021084
1765156308.1110947,cf2,-0.0005066209123469889,-0.0002767486439552158,0.9986698031425476,0.0011425672564655542,0.0002360908838454634,-0.0002956695097964257
1765156308.1127894,cf2,-0.0005066209123469889,-0.0002767486439552158,0.9986698031425476,0.001146142021752894,0.0003221128135919571,-0.0003728914598468691
1765156308.1160195,cf1,-0.0004969922010786831,0.9992331266403198,0.9983335733413696,0.0011331835994496942,0.00037843442987650633,-0.00048066911404021084
1765156308.1164017,cf1,-0.0004969922010786831,0.9992331266403198,0.9983335733413696,0.0011492412304505706,0.0004857025051023811,-0.0004416924202814698
1765156308.1312482,cf2,-0.000489228346850723,-0.00027039754786528647,0.9986637830734253,0.001146142021752894,0.0003221128135919571,-0.0003728914598468691
1765156308.132907,cf2,-0.000489228346850723,-0.00027039754786528647,0.9986637830734253,0.0011424783151596785,0.0004168731684330851,-0.00045670144027099013
1765156308.1359317,cf1,-0.00048114341916516423,0.9992356300354004,0.9983332753181458,0.0011492412304505706,0.0004857025051023811,-0.0004416924202814698
1765156308.1362667,cf1,-0.00048114341916516423,0.9992356300354004,0.9983332753181458,0.0011567013571038842,0.0005884494166821241,-0.0004021460481453687
1765156308.151104,cf2,-0.0004753882240038365,-0.00026310785324312747,0.9986572265625,0.0011424783151596785,0.0004168731684330851,-0.00045670144027099013
1765156308.152756,cf2,-0.0004753882240038365,-0.00026310785324312747,0.9986572265625,0.0011335855815559626,0.0005072476924397051,-0.0005347264814190567
1765156308.155664,cf1,-0.00046504236524924636,0.9992406368255615,0.9983341097831726,0.0011567013571038842,0.0005884494166821241,-0.0004021460481453687
1765156308.1559033,cf1,-0.00046504236524924636,0.9992406368255615,0.9983341097831726,0.0011576832039281726,0.0006945389322936535,-0.0003619117778725922
1765156308.1710813,cf2,-0.000460105569800362,-0.0002530336787458509,0.9986480474472046,0.0011335855815559626,0.0005072476924397051,-0.0005347264814190567
1765156308.1729393,cf2,-0.000460105569800362,-0.0002530336787458509,0.9986480474472046,0.0011218367144465446,0.000599243154283613,-0.0006148858810774982
1765156308.1758583,cf1,-0.00044901069486513734,0.999248206615448,0.9983360767364502,0.0011576832039281726,0.0006945389322936535,-0.0003619117778725922
1765156308.1761713,cf1,-0.00044901069486513734,0.999248206615448,0.9983360767364502,0.0011539241531863809,0.0008029591990634799,-0.00032095288042910397
1765156308.1912265,cf2,-0.00044465227983891964,-0.00024033451336435974,0.9986364841461182,0.0011218367144465446,0.000599243154283613,-0.0006148858810774982
1765156308.1930432,cf2,-0.00044465227983891964,-0.00024033451336435974,0.9986364841461182,0.001104489783756435,0.0006915943813510239,-0.000696334580425173
1765156308.1958523,cf1,-0.00043327303137630224,0.9992583394050598,0.998339056968689,0.0011539241531863809,0.0008029591990634799,-0.00032095288042910397
1765156308.1961868,cf1,-0.00043327303137630224,0.9992583394050598,0.998339056968689,0.0011449558660387993,0.000913119874894619,-0.0002799050707835704
1765156308.2111943,cf2,-0.00043034626287408173,-0.00022582751989830285,0.9986230731010437,0.001104489783756435,0.0006915943813510239,-0.000696334580425173
1765156308.2130086,cf2,-0.00043034626287408173,-0.00022582751989830285,0.9986230731010437,0.0010799405863508582,0.0007839904865249991,-0.0007782850880175829
1765156308.21575,cf1,-0.00041747509385459125,0.9992716312408447,0.998343288898468,0.0011449558660387993,0.000913119874894619,-0.0002799050707835704
1765156308.216069,cf1,-0.00041747509385459125,0.9992716312408447,0.998343288898468,0.0011326528619974852,0.0010267264442518353,-0.00022591739252675325
1765156308.231116,cf2,-0.000416620314354077,-0.00020893648616038263,0.9986087083816528,0.0010799405863508582,0.0007839904865249991,-0.0007782850880175829
1765156308.2328641,cf2,-0.000416620314354077,-0.00020893648616038263,0.9986087083816528,0.0010492338333278894,0.0008713052375242114,-0.0008182271849364042
1765156308.2357304,cf1,-0.00040272853220812976,0.9992873668670654,0.9983491897583008,0.0011326528619974852,0.0010267264442518353,-0.00022591739252675325
1765156308.2360802,cf1,-0.00040272853220812976,0.9992873668670654,0.9983491897583008,0.0011109698098152876,0.0011362223885953426,-9.730742749525234e-05
1765156308.2512927,cf2,-0.0004038866318296641,-0.00019035182776860893,0.9985949397087097,0.0010492338333278894,0.0008713052375242114,-0.0008182271849364042
1765156308.2528913,cf2,-0.0004038866318296641,-0.00019035182776860893,0.9985949397087097,0.0010099275968968868,0.00094105169409886,-0.0007969122962094843
1765156308.2557955,cf1,-0.0003889088402502239,0.9993053674697876,0.998356819152832,0.0011109698098152876,0.0011362223885953426,-9.730742749525234e-05
1765156308.256059,cf1,-0.0003889088402502239,0.9993053674697876,0.998356819152832,0.0010768496431410313,0.0012283234391361475,3.3950193028431386e-05
1765156308.271127,cf2,-0.00039227429078891873,-0.00017056586511898786,0.9985814094543457,0.0010099275968968868,0.00094105169409886,-0.0007969122962094843
1765156308.2727394,cf2,-0.00039227429078891873,-0.00017056586511898786,0.9985814094543457,0.0009628958650864661,0.0009940029121935368,-0.0007800021558068693
1765156308.2756968,cf1,-0.0003762322594411671,0.9993249177932739,0.998365581035614,0.0010768496431410313,0.0012283234391361475,3.3950193028431386e-05
1765156308.275948,cf1,-0.0003762322594411671,0.9993249177932739,0.998365581035614,0.0010319125140085816,0.0012999335303902626,0.00010704864689614624
1765156308.2910569,cf2,-0.0003909867664333433,-0.00015988877566996962,0.9985752105712891,0.0009628958650864661,0.0009940029121935368,-0.0007800021558068693
1765156308.292831,cf2,-0.0003909867664333433,-0.00015988877566996962,0.9985752105712891,0.0008998358971439302,0.0010317022679373622,-0.0007579204975627363
1765156308.2957182,cf1,-0.0003674045146908611,0.9993424415588379,0.9983747601509094,0.0010319125140085816,0.0012999335303902626,0.00010704864689614624
1765156308.2958975,cf1,-0.0003674045146908611,0.9993424415588379,0.9983747601509094,0.0009629630949348211,0.0013406840153038502,0.00013584450061898679
1765156308.311225,cf2,-0.0003816442040260881,-0.0001389827230013907,0.9985612034797668,0.0008998358971439302,0.0010317022679373622,-0.0007579204975627363
1765156308.3143606,cf2,-0.0003816442040260881,-0.0001389827230013907,0.9985612034797668,0.0008339887717738748,0.0010553777683526278,-0.0007414912106469274
1765156308.315709,cf1,-0.0003577242896426469,0.9993641972541809,0.9983852505683899,0.0009629630949348211,0.0013406840153038502,0.00013584450061898679
1765156308.315938,cf1,-0.0003577242896426469,0.9993641972541809,0.9983852505683899,0.0008932793280109763,0.0013784714974462986,0.00016625670832581818
1765156308.3320076,cf2,-0.00037360802525654435,-0.00011736826127162203,0.998546838760376,0.0008339887717738748,0.0010553777683526278,-0.0007414912106469274
1765156308.3339787,cf2,-0.00037360802525654435,-0.00011736826127162203,0.998546838760376,0.0007672593928873539,0.0010697998804971576,-0.0007306672632694244
1765156308.3356736,cf1,-0.00034748652251437306,0.9993904829025269,0.9983974695205688,0.0008932793280109763,0.0013784714974462986,0.00016625670832581818
1765156308.3361385,cf1,-0.00034748652251437306,0.9993904829025269,0.9983974695205688,0.0008292188867926598,0.0014210252556949854,0.00019654368225019425
1765156308.3521595,cf2,-0.0003671945014502853,-9.552893607178703e-05,0.9985322952270508,0.0007672593928873539,0.0010697998804971576,-0.0007306672632694244
1765156308.3539534,cf2,-0.0003671945014502853,-9.552893607178703e-05,0.9985322952270508,0.0006968118250370026,0.001074069645255804,-0.000723131000995636
1765156308.3559372,cf1,-0.00034320930717512965,0.9994105696678162,0.9984098672866821,0.0008292188867926598,0.0014210252556949854,0.00019654368225019425
1765156308.356217,cf1,-0.00034320930717512965,0.9994105696678162,0.9984098672866821,0.0007388753583654761,0.0014268414815887809,0.000232362057431601
1765156308.3720489,cf2,-0.00036247773095965385,-7.358173024840653e-05,0.9985173344612122,0.0006968118250370026,0.001074069645255804,-0.000723131000995636
1765156308.3739874,cf2,-0.00036247773095965385,-7.358173024840653e-05,0.9985173344612122,0.0006213389569893479,0.001069669146090746,-0.0007180146058090031
1765156308.3758419,cf1,-0.00033951725345104933,0.9994332790374756,0.9984236359596252,0.0007388753583654761,0.0014268414815887809,0.000232362057431601
1765156308.376119,cf1,-0.00033951725345104933,0.9994332790374756,0.9984236359596252,0.000652732269372791,0.0014366386458277702,0.0002686752413865179
1765156308.3920481,cf2,-0.00035962730180472136,-5.176777267479338e-05,0.9985018968582153,0.0006213389569893479,0.001069669146090746,-0.0007180146058090031
1765156308.3938925,cf2,-0.00035962730180472136,-5.176777267479338e-05,0.9985018968582153,0.0005417921347543597,0.0010566924465820193,-0.0007153017213568091
1765156308.395611,cf1,-0.00033735614852048457,0.9994571208953857,0.9984386563301086,0.000652732269372791,0.0014366386458277702,0.0002686752413865179
1765156308.395782,cf1,-0.00033735614852048457,0.9994571208953857,0.9984386563301086,0.0005644353223033249,0.0014399347128346562,0.0003057057037949562
1765156308.4121888,cf2,-0.0003571790875867009,-2.7086804038845003e-05,0.9984839558601379,0.0005417921347543597,0.0010566924465820193,-0.0007153017213568091
1765156308.4141152,cf2,-0.0003571790875867009,-2.7086804038845003e-05,0.9984839558601379,0.0004892927245236933,0.0010546285193413496,-0.0007244152366183698
1765156308.4156404,cf1,-0.0003374078369233757,0.9994809031486511,0.998454749584198,0.0005644353223033249,0.0014399347128346562,0.0003057057037949562
1765156308.4158123,cf1,-0.0003374078369233757,0.9994809031486511,0.998454749584198,0.00047108574653975666,0.0014347390970215201,0.00034388527274131775
1765156308.4310596,cf2,-0.0003581357595976442,-5.193568995309761e-06,0.9984673261642456,0.0004892927245236933,0.0010546285193413496,-0.0007244152366183698
1765156308.432758,cf2,-0.0003581357595976442,-5.193568995309761e-06,0.9984673261642456,0.0004029082483612001,0.0010180386016145349,-0.0007129841833375394
1765156308.4357166,cf1,-0.000339789898134768,0.999504566192627,0.9984719753265381,0.00047108574653975666,0.0014347390970215201,0.00034388527274131775
1765156308.4359307,cf1,-0.000339789898134768,0.999504566192627,0.9984719753265381,0.00037315956433303654,0.0014228933723643422,0.0003831815847661346
1765156308.4510522,cf2,-0.00036178494337946177,1.4450195521931164e-05,0.9984514713287354,0.0004029082483612001,0.0010180386016145349,-0.0007129841833375394
1765156308.4528606,cf2,-0.00036178494337946177,1.4450195521931164e-05,0.9984514713287354,0.0003151155833620578,0.0009821228450164199,-0.000712546578142792
1765156308.4558356,cf1,-0.00034455390414223075,0.9995277523994446,0.9984902739524841,0.00037315956433303654,0.0014228933723643422,0.0003831815847661346
1765156308.456034,cf1,-0.00034455390414223075,0.9995277523994446,0.9984902739524841,0.0002730306005105376,0.0014023102121427655,0.00042341946391388774
1765156308.4712458,cf2,-0.0003673123719636351,3.379287227289751e-05,0.9984350204467773,0.0003151155833620578,0.0009821228450164199,-0.000712546578142792
1765156308.4730825,cf2,-0.0003673123719636351,3.379287227289751e-05,0.9984350204467773,0.00022640818497166038,0.0009415054810233414,-0.0007141652749851346
1765156308.4759302,cf1,-0.00035177706740796566,0.9995503425598145,0.9985097646713257,0.0002730306005105376,0.0014023102121427655,0.00042341946391388774
1765156308.4762607,cf1,-0.00035177706740796566,0.9995503425598145,0.9985097646713257,0.00016944919480010867,0.001375306979753077,0.00046481130993925035
1765156308.491145,cf2,-0.00037473466363735497,5.1579001592472196e-05,0.9984188675880432,0.00022640818497166038,0.0009415054810233414,-0.0007141652749851346
1765156308.4929297,cf2,-0.00037473466363735497,5.1579001592472196e-05,0.9984188675880432,0.00013747054617851973,0.0008919561514630914,-0.000712697219569236
1765156308.4958549,cf1,-0.0003615003079175949,0.9995722770690918,0.9985303282737732,0.00016944919480010867,0.001375306979753077,0.00046481130993925035
1765156308.4961793,cf1,-0.0003615003079175949,0.9995722770690918,0.9985303282737732,6.459317955886945e-05,0.0013408041559159756,0.000507127377204597
1765156308.5111396,cf2,-0.0003847208572551608,6.608310650335625e-05,0.9984042644500732,0.00013747054617851973,0.0008919561514630914,-0.000712697219569236
1765156308.51309,cf2,-0.0003847208572551608,6.608310650335625e-05,0.9984042644500732,4.028986222692765e-05,0.0008301835041493177,-0.000706220103893429
1765156308.5158453,cf1,-0.0003738215018529445,0.9995932579040527,0.998552143573761,6.459317955886945e-05,0.0013408041559159756,0.000507127377204597
1765156308.5161383,cf1,-0.0003738215018529445,0.9995932579040527,0.998552143573761,-4.307874769438058e-05,0.001300813048146665,0.0005504830623976886
1765156308.5320847,cf2,-0.00039651544648222625,8.464328129775822e-05,0.9983848333358765,4.028986222692765e-05,0.0008301835041493177,-0.000706220103893429
1765156308.5339916,cf2,-0.00039651544648222625,8.464328129775822e-05,0.9983848333358765,-4.677587276091799e-05,0.0007717314874753356,-0.0007098751957528293
1765156308.5357513,cf1,-0.00038878145278431475,0.9996132254600525,0.9985748529434204,-4.307874769438058e-05,0.001300813048146665,0.0005504830623976886
1765156308.5360248,cf1,-0.00038878145278431475,0.9996132254600525,0.9985748529434204,-0.00015082329628057778,0.0012537668226286769,0.0005939260008744895
1765156308.552026,cf2,-0.0004110949521418661,9.973027772502974e-05,0.99836665391922,-4.677587276091799e-05,0.0007717314874753356,-0.0007098751957528293
1765156308.5539715,cf2,-0.0004110949521418661,9.973027772502974e-05,0.99836665391922,-0.00013732744264416397,0.000711022992618382,-0.0007179963868111372
1765156308.5555043,cf1,-0.0004025193047709763,0.9996314644813538,0.9985935688018799,-0.00015082329628057778,0.0012537668226286769,0.0005939260008744895
1765156308.5556953,cf1,-0.0004025193047709763,0.9996314644813538,0.9985935688018799,-0.000253981736022979,0.0012009573401883245,0.0005892758490517735
1765156308.5721343,cf2,-0.00042737353942357004,0.00011272680421825498,0.9983494877815247,-0.00013732744264416397,0.000711022992618382,-0.0007179963868111372
1765156308.5740788,cf2,-0.00042737353942357004,0.00011272680421825498,0.9983494877815247,-0.00022082831128500402,0.000643641862552613,-0.0007199703832156956
1765156308.57579,cf1,-0.000421934702899307,0.9996490478515625,0.998614490032196,-0.000253981736022979,0.0012009573401883245,0.0005892758490517735
1765156308.5761223,cf1,-0.000421934702899307,0.9996490478515625,0.998614490032196,-0.0003395094536244869,0.0011401522206142545,0.0005268713575787842
1765156308.5919955,cf2,-0.00044448734843172133,0.0001224785519298166,0.9983357191085815,-0.00022082831128500402,0.000643641862552613,-0.0007199703832156956
1765156308.5938241,cf2,-0.00044448734843172133,0.0001224785519298166,0.9983357191085815,-0.0002890594187192619,0.0005646434728987515,-0.0006343123968690634
1765156308.5957036,cf1,-0.0004429114342201501,0.9996651411056519,0.998633623123169,-0.0003395094536244869,0.0011401522206142545,0.0005268713575787842
1765156308.5960119,cf1,-0.0004429114342201501,0.9996651411056519,0.998633623123169,-0.00040505899232812226,0.001073264516890049,0.000465473101940006
1765156308.6120715,cf2,-0.0004632259951904416,0.0001320198643952608,0.998322069644928,-0.0002890594187192619,0.0005646434728987515,-0.0006343123968690634
1765156308.6141074,cf2,-0.0004632259951904416,0.0001320198643952608,0.998322069644928,-0.0003351485647726804,0.00048686430091038346,-0.0005342460353858769
1765156308.6158142,cf1,-0.00046510648098774254,0.9996796250343323,0.9986507892608643,-0.00040505899232812226,0.001073264516890049,0.000465473101940006
1765156308.6161344,cf1,-0.00046510648098774254,0.9996796250343323,0.9986507892608643,-0.00045477584353648126,0.0009988798992708325,0.0004014295700471848
1765156308.6321511,cf2,-0.0004788759397342801,0.0001391546829836443,0.9983116388320923,-0.0003351485647726804,0.00048686430091038346,-0.0005342460353858769
1765156308.6341808,cf2,-0.0004788759397342801,0.0001391546829836443,0.9983116388320923,-0.00036846211878582835,0.0004077359917573631,-0.00044144102139398456
1765156308.635739,cf1,-0.0004882542707491666,0.9996922016143799,0.9986658692359924,-0.00045477584353648126,0.0009988798992708325,0.0004014295700471848
1765156308.6359599,cf1,-0.0004882542707491666,0.9996922016143799,0.9986658692359924,-0.00047947862185537815,0.0009221261716447771,0.00032818879117257893
1765156308.6520975,cf2,-0.0005036680377088487,0.00014627171913161874,0.998298704624176,-0.00036846211878582835,0.0004077359917573631,-0.00044144102139398456
1765156308.6538663,cf2,-0.0005036680377088487,0.00014627171913161874,0.998298704624176,-0.00038429340929724276,0.0003282206889707595,-0.0003525967476889491
1765156308.6557343,cf1,-0.0005120385903865099,0.9997029304504395,0.9986786842346191,-0.00047947862185537815,0.0009221261716447771,0.00032818879117257893
1765156308.656168,cf1,-0.0005120385903865099,0.9997029304504395,0.9986786842346191,-0.0005028877058066428,0.0008385718683712184,0.00025926550733856857
1765156308.6721935,cf2,-0.0005193142569623888,0.00014949028263799846,0.9982916116714478,-0.00038429340929724276,0.0003282206889707595,-0.0003525967476889491
1765156308.6740465,cf2,-0.0005193142569623888,0.00014949028263799846,0.9982916116714478,-0.0003908807411789894,0.0002419033262412995,-0.0002621483290567994
1765156308.675807,cf1,-0.0005361588555388153,0.9997117519378662,0.9986891150474548,-0.0005028877058066428,0.0008385718683712184,0.00025926550733856857
1765156308.6761036,cf1,-0.0005361588555388153,0.9997117519378662,0.9986891150474548,-0.0005138000124134123,0.0007512083975598216,0.00018696724146138877
1765156308.6910882,cf2,-0.0005416101776063442,0.00015257825725711882,0.9982828497886658,-0.0003908807411789894,0.0002419033262412995,-0.0002621483290567994
1765156308.6928189,cf2,-0.0005416101776063442,0.00015257825725711882,0.9982828497886658,-0.00037810043431818485,0.00015368721506092697,-0.0001708722411422059
1765156308.6958132,cf1,-0.0005604071193374693,0.9997185468673706,0.9986973404884338,-0.0005138000124134123,0.0007512083975598216,0.00018696724146138877
1765156308.6961262,cf1,-0.0005604071193374693,0.9997185468673706,0.9986973404884338,-0.0005149641074240208,0.0006603644578717649,0.00011193610407644883
1765156308.7109566,cf2,-0.0005620113224722445,0.00015223369700834155,0.9982770085334778,-0.00037810043431818485,0.00015368721506092697,-0.0001708722411422059
1765156308.7127366,cf2,-0.0005620113224722445,0.00015223369700834155,0.9982770085334778,-0.00035425988608039916,5.85908601351548e-05,-7.710649515502155e-05
1765156308.7157733,cf1,-0.0005845442647114396,0.9997231364250183,0.9987033009529114,-0.0005149641074240208,0.0006603644578717649,0.00011193610407644883
1765156308.7161052,cf1,-0.0005845442647114396,0.9997231364250183,0.9987033009529114,-0.0005062378477305174,0.0005657896399497986,3.509152156766504e-05
1765156308.731128,cf2,-0.0005807370180264115,0.00014939128595869988,0.9982727766036987,-0.00035425988608039916,5.85908601351548e-05,-7.710649515502155e-05
1765156308.732902,cf2,-0.0005807370180264115,0.00014939128595869988,0.9982727766036987,-0.0003277244104538113,-3.0458475521299988e-05,-2.0674016923294403e-05
1765156308.7357142,cf1,-0.0006083157495595515,0.9997255802154541,0.9987071752548218,-0.0005062378477305174,0.0005657896399497986,3.509152156766504e-05
1765156308.735899,cf1,-0.0006083157495595515,0.9997255802154541,0.9987071752548218,-0.00048777382471598685,0.00046986251254566014,-4.3651190935634077e-05
1765156308.7511773,cf2,-0.0005990760400891304,0.00014444378030020744,0.9982697367668152,-0.0003277244104538113,-3.0458475521299988e-05,-2.0674016923294403e-05
1765156308.752886,cf2,-0.0005990760400891304,0.00014444378030020744,0.9982697367668152,-0.00029178138356655836,-0.00012160890037193894,5.799071732326411e-05
1765156308.755712,cf1,-0.0006315815262496471,0.9997257590293884,0.9987089037895203,-0.00048777382471598685,0.00046986251254566014,-4.3651190935634077e-05
1765156308.7563431,cf1,-0.0006315815262496471,0.9997257590293884,0.9987089037895203,-0.0004621399857569486,0.00037161048385314643,-0.00012397013779263943
1765156308.7710228,cf2,-0.0006162055069580674,0.00013733528612647206,0.9982683658599854,-0.00029178138356655836,-0.00012160890037193894,5.799071732326411e-05
1765156308.7728138,cf2,-0.0006162055069580674,0.00013733528612647206,0.9982683658599854,-0.00024638528702780604,-0.00021336971258278936,0.00014013054897077382
1765156308.7767882,cf1,-0.0006543961353600025,0.9997238516807556,0.9987083673477173,-0.0004621399857569486,0.00037161048385314643,-0.00012397013779263943
1765156308.777182,cf1,-0.0006543961353600025,0.9997238516807556,0.9987083673477173,-0.0004249272751621902,0.0002680259640328586,-0.00020929164020344615
1765156308.7911952,cf2,-0.0006326495204120874,0.00012776734365615994,0.9982684254646301,-0.00024638528702780604,-0.00021336971258278936,0.00014013054897077382
1765156308.7930021,cf2,-0.0006326495204120874,0.00012776734365615994,0.9982684254646301,-0.00019419450836721808,-0.0003052111715078354,0.00021980857127346098
1765156308.7969139,cf1,-0.0006759398966096342,0.9997193217277527,0.9987058043479919,-0.0004249272751621902,0.0002680259640328586,-0.00020929164020344615
1765156308.7972414,cf1,-0.0006759398966096342,0.9997193217277527,0.9987058043479919,-0.0003854563692584634,0.00016687854076735675,-0.0002916300727520138
1765156308.812083,cf2,-0.0006474459660239518,0.00011580000136746094,0.9982701539993286,-0.00019419450836721808,-0.0003052111715078354,0.00021980857127346098
1765156308.8137884,cf2,-0.0006474459660239518,0.00011580000136746094,0.9982701539993286,-0.0001319007424172014,-0.0004010703996755183,0.00028173031751066446
1765156308.8167777,cf1,-0.0006967002409510314,0.9997125267982483,0.9987010359764099,-0.0003854563692584634,0.00016687854076735675,-0.0002916300727520138
1765156308.817126,cf1,-0.0006967002409510314,0.9997125267982483,0.9987010359764099,-0.0003387682663742453,6.3902567490004e-05,-0.0003753257333301008
1765156308.8321822,cf2,-0.0006610231357626617,0.00010194998321821913,0.998271644115448,-0.0001319007424172014,-0.0004010703996755183,0.00028173031751066446
1765156308.8338237,cf2,-0.0006610231357626617,0.00010194998321821913,0.998271644115448,-6.972075789235532e-05,-0.0004880924825556576,0.0002648617955856025
1765156308.8367548,cf1,-0.0007163425907492638,0.9997032284736633,0.9986944198608398,-0.0003387682663742453,6.3902567490004e-05,-0.0003753257333301008
1765156308.837002,cf1,-0.0007163425907492638,0.9997032284736633,0.9986944198608398,-0.00028616387862712145,-3.833002119790763e-05,-0.0004589480522554368
1765156308.8520117,cf2,-0.0006729906308464706,8.615320984972641e-05,0.9982736706733704,-6.972075789235532e-05,-0.0004880924825556576,0.0002648617955856025
1765156308.8540542,cf2,-0.0006729906308464706,8.615320984972641e-05,0.9982736706733704,-1.68039150594268e-06,-0.0005591321387328207,0.0002519504341762513
1765156308.8566267,cf1,-0.000734680681489408,0.9996916055679321,0.9986861944198608,-0.00028616387862712145,-3.833002119790763e-05,-0.0004589480522554368
1765156308.8572042,cf1,-0.000734680681489408,0.9996916055679321,0.9986861944198608,-0.0002259479369968176,-0.0001315211848122999,-0.0005416609928943217
1765156308.8720965,cf2,-0.0006832791841588914,6.905591726535931e-05,0.9982762932777405,-1.68039150594268e-06,-0.0005591321387328207,0.0002519504341762513
1765156308.873873,cf2,-0.0006832791841588914,6.905591726535931e-05,0.9982762932777405,7.135354826459661e-05,-0.0006144386716187,0.00024206447415053844
1765156308.8766112,cf1,-0.0007515469333156943,0.9996781945228577,0.9986763596534729,-0.0002259479369968176,-0.0001315211848122999,-0.0005416609928943217
1765156308.876816,cf1,-0.0007515469333156943,0.9996781945228577,0.9986763596534729,-0.00015896819240879267,-0.00020803154620807618,-0.0006231421139091253
1765156308.8921757,cf2,-0.0006917655700817704,5.093881190987304e-05,0.9982792735099792,7.135354826459661e-05,-0.0006144386716187,0.00024206447415053844
1765156308.8951848,cf2,-0.0006917655700817704,5.093881190987304e-05,0.9982792735099792,0.00014910609752405435,-0.0006574438302777708,0.00023353775031864643
1765156308.895586,cf1,-0.0007668207981623709,0.999663233757019,0.9986644983291626,-0.00015896819240879267,-0.00020803154620807618,-0.0006231421139091253
1765156308.8958461,cf1,-0.0007668207981623709,0.999663233757019,0.9986644983291626,-7.938539056340232e-05,-0.0002717717143241316,-0.0007060737116262317
1765156308.911094,cf2,-0.0007004716899245977,3.8678874261677265e-05,0.9982801675796509,0.00014910609752405435,-0.0006574438302777708,0.00023353775031864643
1765156308.9127777,cf2,-0.0007004716899245977,3.8678874261677265e-05,0.9982801675796509,0.00023346120724454522,-0.0006895787664689124,0.00022542523220181465
1765156308.915787,cf1,-0.0007802053005434573,0.999647319316864,0.998651385307312,-7.938539056340232e-05,-0.0002717717143241316,-0.0007060737116262317
1765156308.9161289,cf1,-0.0007802053005434573,0.999647319316864,0.998651385307312,-2.3568536278162355e-07,-0.0003214297175873071,-0.0007859047618694603
1765156308.9309866,cf2,-0.0007060173666104674,1.958395841938909e-05,0.9982836246490479,0.00023346120724454522,-0.0006895787664689124,0.00022542523220181465
1765156308.9327185,cf2,-0.0007060173666104674,1.958395841938909e-05,0.9982836246490479,0.0003304279234725982,-0.0007092871237546206,0.00022359186550602317
1765156308.9355857,cf1,-0.0007917337934486568,0.9996303915977478,0.9986362457275391,-2.3568536278162355e-07,-0.0003214297175873071,-0.0007859047618694603
1765156308.9358232,cf1,-0.0007917337934486568,0.9996303915977478,0.9986362457275391,8.543730655219406e-05,-0.00036075577372685075,-0.0008670378010720015
1765156308.9511242,cf2,-0.0007095682085491717,-1.0248194826090185e-07,0.9982874393463135,0.0003304279234725982,-0.0007092871237546206,0.00022359186550602317
1765156308.9529834,cf2,-0.0007095682085491717,-1.0248194826090185e-07,0.9982874393463135,0.0004160183889325708,-0.0007227772148326039,0.0002198247966589406
1765156308.9558415,cf1,-0.0008011867175810039,0.9996127486228943,0.9986192584037781,8.543730655219406e-05,-0.00036075577372685075,-0.0008670378010720015
1765156308.9562051,cf1,-0.0008011867175810039,0.9996127486228943,0.9986192584037781,0.0001767141802702099,-0.00038871675496920943,-0.00094825797714293
1765156308.9710634,cf2,-0.0007110719452612102,-2.0065939679625444e-05,0.998291552066803,0.0004160183889325708,-0.0007227772148326039,0.0002198247966589406
1765156308.9728255,cf2,-0.0007110719452612102,-2.0065939679625444e-05,0.998291552066803,0.0005051028565503657,-0.0007282387814484537,0.0002172633248846978
1765156308.9757214,cf1,-0.0008085281006060541,0.9995946288108826,0.9986005425453186,0.0001767141802702099,-0.00038871675496920943,-0.00094825797714293
1765156308.975958,cf1,-0.0008085281006060541,0.9995946288108826,0.9986005425453186,0.00027064059395343065,-0.0004077429184690118,-0.0010289837373420596
1765156308.9912016,cf2,-0.0007104607066139579,-4.014477235614322e-05,0.9982958436012268,0.0005051028565503657,-0.0007282387814484537,0.0002172633248846978
1765156308.992969,cf2,-0.0007104607066139579,-4.014477235614322e-05,0.9982958436012268,0.000595336954575032,-0.0007272361544892192,0.00021604029461741447
1765156308.9958644,cf1,-0.000813651189673692,0.9995762705802917,0.9985799789428711,0.00027064059395343065,-0.0004077429184690118,-0.0010289837373420596
1765156308.9962146,cf1,-0.000813651189673692,0.9995762705802917,0.9985799789428711,0.00036876698140986264,-0.0004177980590611696,-0.0011101298732683063
1765156309.0121052,cf2,-0.0007077308255247772,-6.015862163621932e-05,0.9983003735542297,0.000595336954575032,-0.0007272361544892192,0.00021604029461741447
1765156309.0138457,cf2,-0.0007077308255247772,-6.015862163621932e-05,0.9983003735542297,0.0006926811765879393,-0.0007177278748713434,0.00021588017989415675
1765156309.0158262,cf1,-0.000816504645626992,0.9995577931404114,0.9985575079917908,0.00036876698140986264,-0.0004177980590611696,-0.0011101298732683063
1765156309.016147,cf1,-0.000816504645626992,0.9995577931404114,0.9985575079917908,0.0004689692286774516,-0.0004193896020296961,-0.00119176902808249
1765156309.0310893,cf2,-0.0007024411461316049,-7.931658183224499e-05,0.9983050227165222,0.0006926811765879393,-0.0007177278748713434,0.00021588017989415675
1765156309.0327244,cf2,-0.0007024411461316049,-7.931658183224499e-05,0.9983050227165222,0.0007159683736972511,-0.0007147463038563728,0.00021432880021166056
1765156309.0357678,cf1,-0.0008183636819012463,0.9995404481887817,0.9985364079475403,0.0004689692286774516,-0.0004193896020296961,-0.00119176902808249
1765156309.0359716,cf1,-0.0008183636819012463,0.9995404481887817,0.9985364079475403,0.0005622078897431493,-0.00041372509440407157,-0.0012539336457848549
1765156309.0511808,cf2,-0.0006957767182029784,-9.922005119733512e-05,0.9983100891113281,0.0007159683736972511,-0.0007147463038563728,0.00021432880021166056
1765156309.0529695,cf2,-0.0006957767182029784,-9.922005119733512e-05,0.9983100891113281,0.000806670228485018,-0.0006968415109440684,0.0002160403528250754
1765156309.0560107,cf1,-0.0008152399095706642,0.9995213747024536,0.9985074996948242,0.0005622078897431493,-0.00041372509440407157,-0.0012539336457848549
1765156309.0563264,cf1,-0.0008152399095706642,0.9995213747024536,0.9985074996948242,0.0006730034365318716,-0.00039861584082245827,-0.0013438937021419406
1765156309.0711913,cf2,-0.0006865596515126526,-0.0001179152459371835,0.9983152151107788,0.000806670228485018,-0.0006968415109440684,0.0002160403528250754
1765156309.072891,cf2,-0.0006865596515126526,-0.0001179152459371835,0.9983152151107788,0.0009013352100737393,-0.0006704480038024485,0.00021823759016115218
1765156309.0757775,cf1,-0.0008130854112096131,0.999504804611206,0.9984843730926514,0.0006730034365318716,-0.00039861584082245827,-0.0013438937021419406
1765156309.07625,cf1,-0.0008130854112096131,0.999504804611206,0.9984843730926514,0.0007674674270674586,-0.0003794276562985033,-0.0013839941238984466
1765156309.0910237,cf2,-0.0006747255101799965,-0.0001338049623882398,0.9983200430870056,0.0009013352100737393,-0.0006704480038024485,0.00021823759016115218
1765156309.0927594,cf2,-0.0006747255101799965,-0.0001338049623882398,0.9983200430870056,0.0009979626629501581,-0.0006376029341481626,0.00022125513351056725
1765156309.0967166,cf1,-0.0008059139945544302,0.9994873404502869,0.9984573721885681,0.0007674674270674586,-0.0003794276562985033,-0.0013839941238984466
1765156309.0969996,cf1,-0.0008059139945544302,0.9994873404502869,0.9984573721885681,0.0008728682878427207,-0.0003467161441221833,-0.0013212162302806973
1765156309.1111715,cf2,-0.0006607337272725999,-0.000151315878611058,0.9983256459236145,0.0009979626629501581,-0.0006376029341481626,0.00022125513351056725
1765156309.1129923,cf2,-0.0006607337272725999,-0.000151315878611058,0.9983256459236145,0.001093949074856937,-0.0005993316881358624,0.00022507022367790341
1765156309.1170297,cf1,-0.0007959268405102193,0.9994737505912781,0.9984347820281982,0.0008728682878427207,-0.0003467161441221833,-0.0013212162302806973
1765156309.1174905,cf1,-0.0007959268405102193,0.9994737505912781,0.9984347820281982,0.0009595107985660434,-0.00030680542113259435,-0.0011944782454520464
1765156309.1311243,cf2,-0.0006445570616051555,-0.00016765904729254544,0.9983313679695129,0.001093949074856937,-0.0005993316881358624,0.00022507022367790341
1765156309.1327624,cf2,-0.0006445570616051555,-0.00016765904729254544,0.9983313679695129,0.0011793143348768353,-0.0005522798164747655,0.0002288793184561655
1765156309.136723,cf1,-0.000784131872933358,0.9994549751281738,0.9984097480773926,0.0009595107985660434,-0.00030680542113259435,-0.0011944782454520464
1765156309.1371148,cf1,-0.000784131872933358,0.9994549751281738,0.9984097480773926,0.001046402845531702,-0.0002560930442996323,-0.0010873032733798027
1765156309.1510901,cf2,-0.0006267285789363086,-0.00018280315271113068,0.9983372092247009,0.0011793143348768353,-0.0005522798164747655,0.0002288793184561655
1765156309.1530418,cf2,-0.0006267285789363086,-0.00018280315271113068,0.9983372092247009,0.0012467562919482589,-0.0004986495478078723,0.00023245668853633106
1765156309.1558208,cf1,-0.0007670794147998095,0.999442994594574,0.9983882904052734,0.001046402845531702,-0.0002560930442996323,-0.0010873032733798027
1765156309.1561444,cf1,-0.0007670794147998095,0.999442994594574,0.9983882904052734,0.0011364672100171447,-0.00018511559756007046,-0.0009760789107531309
1765156309.1711318,cf2,-0.0006075340206734836,-0.00019658492237795144,0.9983429312705994,0.0012467562919482589,-0.0004986495478078723,0.00023245668853633106
1765156309.1728733,cf2,-0.0006075340206734836,-0.00019658492237795144,0.9983429312705994,0.0013014402939006686,-0.00043739218381233513,0.00023543495626654476
1765156309.1758587,cf1,-0.0007535268669016659,0.9994305968284607,0.9983720183372498,0.0011364672100171447,-0.00018511559756007046,-0.0009760789107531309
1765156309.1760793,cf1,-0.0007535268669016659,0.9994305968284607,0.9983720183372498,0.0011758714681491256,-0.0001276659604627639,-0.0008515805238857865
1765156309.191033,cf2,-0.0005871764733456075,-0.00020885124104097486,0.9983485341072083,0.0013014402939006686,-0.00043739218381233513,0.00023543495626654476
1765156309.1927707,cf2,-0.0005871764733456075,-0.00020885124104097486,0.9983485341072083,0.0013455747393891215,-0.0003702658286783844,0.0002373420138610527
1765156309.1957943,cf1,-0.0007387094665318727,0.9994198679924011,0.9983576536178589,0.0011758714681491256,-0.0001276659604627639,-0.0008515805238857865
1765156309.1961477,cf1,-0.0007387094665318727,0.9994198679924011,0.9983576536178589,0.001244299579411745,-4.496130713960156e-05,-0.0007501296931877732
1765156309.2112203,cf2,-0.0005659600719809532,-0.00021950631344225258,0.9983537197113037,0.0013455747393891215,-0.0003702658286783844,0.0002373420138610527
1765156309.2128417,cf2,-0.0005659600719809532,-0.00021950631344225258,0.9983537197113037,0.001377306878566742,-0.0002981559664476663,0.0002375039621256292
1765156309.2160213,cf1,-0.0007230286719277501,0.99941086769104,0.9983453750610352,0.001244299579411745,-4.496130713960156e-05,-0.0007501296931877732
1765156309.2162766,cf1,-0.0007230286719277501,0.99941086769104,0.9983453750610352,0.0012849230552092195,3.451481097727083e-05,-0.0006396910175681114
1765156309.231107,cf2,-0.0005441042012535036,-0.0002284248621435836,0.998358428478241,0.001377306878566742,-0.0002981559664476663,0.0002375039621256292
1765156309.2328315,cf2,-0.0005441042012535036,-0.0002284248621435836,0.998358428478241,0.001399531029164791,-0.00022100837668403983,0.00023543057614006102
1765156309.2357013,cf1,-0.0007066558464430273,0.9994038343429565,0.9983353614807129,0.0012849230552092195,3.451481097727083e-05,-0.0006396910175681114
1765156309.2361326,cf1,-0.0007066558464430273,0.9994038343429565,0.9983353614807129,0.0013182907132431865,0.0001204665531986393,-0.0005302466452121735
1765156309.2510848,cf2,-0.0005218723672442138,-0.0002354798634769395,0.9983627200126648,0.001399531029164791,-0.00022100837668403983,0.00023543057614006102
1765156309.2528613,cf2,-0.0005218723672442138,-0.0002354798634769395,0.9983627200126648,0.0014115376397967339,-0.00013894817675463855,0.0002322797809028998
1765156309.2558503,cf1,-0.0006899836589582264,0.999398946762085,0.9983275532722473,0.0013182907132431865,0.0001204665531986393,-0.0005302466452121735
1765156309.2560885,cf1,-0.0006899836589582264,0.999398946762085,0.9983275532722473,0.001342227216809988,0.0002115128590958193,-0.00042102503357455134
1765156309.271102,cf2,-0.000499471090734005,-0.0002405436389381066,0.9983665943145752,0.0014115376397967339,-0.00013894817675463855,0.0002322797809028998
1765156309.272831,cf2,-0.000499471090734005,-0.0002405436389381066,0.9983665943145752,0.001414890750311315,-5.220825914875604e-05,0.00022748920309823006
1765156309.275562,cf1,-0.0006725448765791953,0.999396026134491,0.9983217716217041,0.001342227216809988,0.0002115128590958193,-0.00042102503357455134
1765156309.2758994,cf1,-0.0006725448765791953,0.999396026134491,0.9983217716217041,0.0013609841698780656,0.0003062864998355508,-0.00031388879870064557
1765156309.291105,cf2,-0.0004770254890900105,-0.00024355763162020594,0.9983701109886169,0.001414890750311315,-5.220825914875604e-05,0.00022748920309823006
1765156309.2928884,cf2,-0.0004770254890900105,-0.00024355763162020594,0.9983701109886169,0.001412009820342064,3.7365352909546345e-05,0.00022178541985340416
1765156309.2957358,cf1,-0.000655422976706177,0.9993953704833984,0.9983183145523071,0.0013609841698780656,0.0003062864998355508,-0.00031388879870064557
1765156309.296052,cf1,-0.000655422976706177,0.9993953704833984,0.9983183145523071,0.0013696540845558047,0.0004039973428007215,-0.00020631506049539894
1765156309.3110826,cf2,-0.0004547335847746581,-0.00024448870681226254,0.99837327003479,0.001412009820342064,3.7365352909546345e-05,0.00022178541985340416
1765156309.313005,cf2,-0.0004547335847746581,-0.00024448870681226254,0.99837327003479,0.0014009905280545354,0.0001284730969928205,0.0002152513334294781
1765156309.3158898,cf1,-0.0006447599153034389,0.9993945360183716,0.9983176589012146,0.0013696540845558047,0.0004039973428007215,-0.00020631506049539894
1765156309.3162322,cf1,-0.0006447599153034389,0.9993945360183716,0.9983176589012146,0.0013419185997918248,0.0004905384266749024,-9.560691978549585e-05
1765156309.3310456,cf2,-0.000432749860920012,-0.00024323481193277985,0.998376190662384,0.0014009905280545354,0.0001284730969928205,0.0002152513334294781
1765156309.3328378,cf2,-0.000432749860920012,-0.00024323481193277985,0.998376190662384,0.0013836068101227283,0.0002223215706180781,0.00020821882935706526
1765156309.335742,cf1,-0.0006296524661593139,0.9993971586227417,0.9983181357383728,0.0013419185997918248,0.0004905384266749024,-9.560691978549585e-05
1765156309.3360293,cf1,-0.0006296524661593139,0.9993971586227417,0.9983181357383728,0.0013328198110684752,0.0005881781107746065,7.714261300861835e-06
1765156309.3519921,cf2,-0.00041061252704821527,-0.0002396378986304626,0.9983788728713989,0.0013836068101227283,0.0002223215706180781,0.00020821882935706526
1765156309.3539004,cf2,-0.00041061252704821527,-0.0002396378986304626,0.9983788728713989,0.0013543847016990185,0.0003206201072316617,0.00019959940982516855
1765156309.3558376,cf1,-0.0006125758518464863,0.9994028210639954,0.9983202219009399,0.0013328198110684752,0.0005881781107746065,7.714261300861835e-06
1765156309.3562841,cf1,-0.0006125758518464863,0.9994028210639954,0.9983202219009399,0.0013241011183708906,0.0006886370829306543,0.00010814725101226941
1765156309.372165,cf2,-0.00039039264083839953,-0.0002341165964026004,0.9983809590339661,0.0013543847016990185,0.0003206201072316617,0.00019959940982516855
1765156309.3739119,cf2,-0.00039039264083839953,-0.0002341165964026004,0.9983809590339661,0.001322931027971208,0.00041526195127516985,0.0001891322754090652
1765156309.3757837,cf1,-0.0005959999398328364,0.9994107484817505,0.9983238577842712,0.0013241011183708906,0.0006886370829306543,0.00010814725101226941
1765156309.376073,cf1,-0.0005959999398328364,0.9994107484817505,0.9983238577842712,0.001302216900512576,0.0007794751436449587,0.00020590178610291332
1765156309.3921168,cf2,-0.00037060919567011297,-0.00022635188361164182,0.9983826279640198,0.001322931027971208,0.00041526195127516985,0.0001891322754090652
1765156309.3941538,cf2,-0.00037060919567011297,-0.00022635188361164182,0.9983826279640198,0.001286303624510765,0.0005107505130581558,0.00017661825404502451
1765156309.3958497,cf1,-0.0005803027888759971,0.9994204640388489,0.9983289241790771,0.001302216900512576,0.0007794751436449587,0.00020590178610291332
1765156309.3962724,cf1,-0.0005803027888759971,0.9994204640388489,0.9983289241790771,0.0012667023111134768,0.0008555786334909499,0.00026760261971503496
1765156309.412072,cf2,-0.0003512024995870888,-0.00021604377252515405,0.9983839988708496,0.001286303624510765,0.0005107505130581558,0.00017661825404502451
1765156309.4139051,cf2,-0.0003512024995870888,-0.00021604377252515405,0.9983839988708496,0.0012440008576959372,0.0006045661866664886,0.00016700771811883897
1765156309.4168313,cf1,-0.0005651446990668774,0.9994320869445801,0.9983348250389099,0.0012667023111134768,0.0008555786334909499,0.00026760261971503496
1765156309.4171646,cf1,-0.0005651446990668774,0.9994320869445801,0.9983348250389099,0.0012164036743342876,0.0009228659910149872,0.00026561328559182584
1765156309.4320583,cf2,-0.0003331035259179771,-0.00020377449982333928,0.9983848333358765,0.0012440008576959372,0.0006045661866664886,0.00016700771811883897
1765156309.434179,cf2,-0.0003331035259179771,-0.00020377449982333928,0.9983848333358765,0.0011926451697945595,0.0006867849733680487,0.00015222236106637865
1765156309.4366188,cf1,-0.0005524722510017455,0.9994441866874695,0.99834144115448,0.0012164036743342876,0.0009228659910149872,0.00026561328559182584
1765156309.436839,cf1,-0.0005524722510017455,0.9994441866874695,0.99834144115448,0.001158090541139245,0.0009772671619430184,0.00026991410413756967
1765156309.4519289,cf2,-0.0003192655567545444,-0.00019188046280760318,0.9983844757080078,0.0011926451697945595,0.0006867849733680487,0.00015222236106637865
1765156309.4538088,cf2,-0.0003192655567545444,-0.00019188046280760318,0.9983844757080078,0.0011187470518052578,0.0007440919289365411,5.674694330082275e-05
1765156309.4569468,cf1,-0.000540811219252646,0.9994576573371887,0.9983491897583008,0.001158090541139245,0.0009772671619430184,0.00026991410413756967
1765156309.4572542,cf1,-0.000540811219252646,0.9994576573371887,0.9983491897583008,0.001092085731215775,0.0010220318799838424,0.0002783185918815434
1765156309.4711795,cf2,-0.00030147816869430244,-0.0001753179676597938,0.9983834028244019,0.0011187470518052578,0.0007440919289365411,5.674694330082275e-05
1765156309.473064,cf2,-0.00030147816869430244,-0.0001753179676597938,0.9983834028244019,0.0010574833722785115,0.0007938974886201322,-4.3176063627470285e-05
1765156309.4767935,cf1,-0.0005309771513566375,0.9994718432426453,0.998357892036438,0.001092085731215775,0.0010220318799838424,0.0002783185918815434
1765156309.4771156,cf1,-0.0005309771513566375,0.9994718432426453,0.998357892036438,0.0010165520943701267,0.001057921559549868,0.0002894860808737576
1765156309.4910288,cf2,-0.00028792829834856093,-0.00015941992751322687,0.9983811974525452,0.0010574833722785115,0.0007938974886201322,-4.3176063627470285e-05
1765156309.4929428,cf2,-0.00028792829834856093,-0.00015941992751322687,0.9983811974525452,0.0009739674860611558,0.0008303217473439872,-0.00014239345910027623
1765156309.4971118,cf1,-0.000522945134434849,0.9994869828224182,0.9983678460121155,0.0010165520943701267,0.001057921559549868,0.0002894860808737576
1765156309.4974527,cf1,-0.000522945134434849,0.9994869828224182,0.9983678460121155,0.0009355614893138409,0.0010879127075895667,0.00030488637275993824
1765156309.5110474,cf2,-0.0002766650286503136,-0.00014314627333078533,0.9983780384063721,0.0009739674860611558,0.0008303217473439872,-0.00014239345910027623
1765156309.5128424,cf2,-0.0002766650286503136,-0.00014314627333078533,0.9983780384063721,0.0008904745336622,0.0008573349914513528,-0.00023255954147316515
1765156309.5170956,cf1,-0.0005170024232938886,0.9995023608207703,0.9983787536621094,0.0009355614893138409,0.0010879127075895667,0.00030488637275993824
1765156309.5173442,cf1,-0.0005170024232938886,0.9995023608207703,0.9983787536621094,0.0008494510548189282,0.001110231620259583,0.00032329096575267613
1765156309.5309944,cf2,-0.0002673305571079254,-0.000126391023513861,0.9983739852905273,0.0008904745336622,0.0008573349914513528,-0.00023255954147316515
1765156309.5328906,cf2,-0.0002673305571079254,-0.000126391023513861,0.9983739852905273,0.0008019973756745458,0.0008736535673961043,-0.0003186724497936666
1765156309.5370944,cf1,-0.0005131960497237742,0.9995179772377014,0.9983907341957092,0.0008494510548189282,0.001110231620259583,0.00032329096575267613
1765156309.5374777,cf1,-0.0005131960497237742,0.9995179772377014,0.9983907341957092,0.0007580684032291174,0.001125425798818469,0.0003445262846071273
1765156309.5519984,cf2,-0.0002601756132207811,-0.00010946465044980869,0.9983689785003662,0.0008019973756745458,0.0008736535673961043,-0.0003186724497936666
1765156309.5551236,cf2,-0.0002601756132207811,-0.00010946465044980869,0.9983689785003662,0.0007030811393633485,0.0008824918768368661,-0.0004012048593722284
1765156309.5570939,cf1,-0.0005115774692967534,0.9995341300964355,0.9984039664268494,0.0007580684032291174,0.001125425798818469,0.0003445262846071273
1765156309.5575607,cf1,-0.0005115774692967534,0.9995341300964355,0.9984039664268494,0.0006617616163566709,0.001134783262386918,0.0003679295186884701
1765156309.5710218,cf2,-0.0002553469385020435,-9.256930206902325e-05,0.9983628392219543,0.0007030811393633485,0.0008824918768368661,-0.0004012048593722284
1765156309.572783,cf2,-0.0002553469385020435,-9.256930206902325e-05,0.9983628392219543,0.0006093094125390053,0.0008782546501606703,-0.0004800648312084377
1765156309.577138,cf1,-0.0005123128648847342,0.9995498061180115,0.9984179139137268,0.0006617616163566709,0.001134783262386918,0.0003679295186884701
1765156309.577618,cf1,-0.0005123128648847342,0.9995498061180115,0.9984179139137268,0.0005618094583041966,0.0011370474239811301,0.00039343713433481753
1765156309.5911903,cf2,-0.0002526837633922696,-7.550667942268774e-05,0.998355507850647,0.0006093094125390053,0.0008782546501606703,-0.0004800648312084377
1765156309.5928845,cf2,-0.0002526837633922696,-7.550667942268774e-05,0.998355507850647,0.0005020194803364575,0.0008660990279167891,-0.0005586881306953728
1765156309.5967388,cf1,-0.0005154112004674971,0.9995656609535217,0.9984331727027893,0.0005618094583041966,0.0011370474239811301,0.00039343713433481753
1765156309.5970333,cf1,-0.0005154112004674971,0.9995656609535217,0.9984331727027893,0.000458584981970489,0.001134202117100358,0.0004225234151817858
1765156309.6110501,cf2,-0.00025289610493928194,-5.986046380712651e-05,0.9983478784561157,0.0005020194803364575,0.0008660990279167891,-0.0005586881306953728
1765156309.6128185,cf2,-0.00025289610493928194,-5.986046380712651e-05,0.9983478784561157,0.0003904772747773677,0.0008425039704889059,-0.0006298281950876117
1765156309.6168008,cf1,-0.0005210571689531207,0.9995813965797424,0.9984498023986816,0.000458584981970489,0.001134202117100358,0.0004225234151817858
1765156309.6170368,cf1,-0.0005210571689531207,0.9995813965797424,0.9984498023986816,0.00035242323065176606,0.0011257525766268373,0.0004531955346465111
1765156309.6311643,cf2,-0.0002555196697358042,-4.381219332572073e-05,0.9983389973640442,0.0003904772747773677,0.0008425039704889059,-0.0006298281950876117
1765156309.6328688,cf2,-0.0002555196697358042,-4.381219332572073e-05,0.9983389973640442,0.0002835836785379797,0.000818195752799511,-0.000699198164511472
1765156309.636721,cf1,-0.0005290587432682514,0.9995962381362915,0.9984670877456665,0.00035242323065176606,0.0011257525766268373,0.0004531955346465111
1765156309.6370554,cf1,-0.0005290587432682514,0.9995962381362915,0.9984670877456665,0.0002445710124447942,0.0011103511787950993,0.0004849558463320136
1765156309.6509964,cf2,-0.0002575557737145573,-2.7429599867900833e-05,0.9983269572257996,0.0002835836785379797,0.000818195752799511,-0.000699198164511472
1765156309.65293,cf2,-0.0002575557737145573,-2.7429599867900833e-05,0.9983269572257996,0.000176040266524069,0.0007870328263379633,-0.0007659331313334405
1765156309.657102,cf1,-0.0005397268105298281,0.9996107816696167,0.9984856843948364,0.0002445710124447942,0.0011103511787950993,0.0004849558463320136
1765156309.657461,cf1,-0.0005397268105298281,0.9996107816696167,0.9984856843948364,0.000134134606923908,0.0010894503211602569,0.0005191413220018148
1765156309.6708846,cf2,-0.0002651396789588034,-1.3283970474731177e-05,0.9983165264129639,0.000176040266524069,0.0007870328263379633,-0.0007659331313334405
1765156309.6728423,cf2,-0.0002651396789588034,-1.3283970474731177e-05,0.9983165264129639,6.70865410938859e-05,0.0007501799263991416,-0.0008090295013971627
1765156309.6771567,cf1,-0.0005532912909984589,0.9996248483657837,0.9985049962997437,0.000134134606923908,0.0010894503211602569,0.0005191413220018148
1765156309.677506,cf1,-0.0005532912909984589,0.9996248483657837,0.9985049962997437,2.482722447894048e-05,0.0010622336994856596,0.0005449033924378455
1765156309.6911626,cf2,-0.00027579738525673747,4.3296950025251135e-07,0.998306930065155,6.70865410938859e-05,0.0007501799263991416,-0.0008090295013971627
1765156309.6930618,cf2,-0.00027579738525673747,4.3296950025251135e-07,0.998306930065155,-3.999073669547215e-05,0.0007073857705108821,-0.0007554665207862854
1765156309.69678,cf1,-0.0005691247060894966,0.9996377825737,0.9985229969024658,2.482722447894048e-05,0.0010622336994856596,0.0005449033924378455
1765156309.6971042,cf1,-0.0005691247060894966,0.9996377825737,0.9985229969024658,-7.182076660683379e-05,0.0010247767204418778,0.0004856287850998342
1765156309.7110677,cf2,-0.0002886233851313591,1.2558946764329448e-05,0.9983003735542297,-3.999073669547215e-05,0.0007073857705108821,-0.0007554665207862854
1765156309.7128673,cf2,-0.0002886233851313591,1.2558946764329448e-05,0.9983003735542297,-0.00013285323802847415,0.0006557643064297736,-0.0006236117915250361
1765156309.7170644,cf1,-0.0005830100271850824,0.9996533393859863,0.9985384941101074,-7.182076660683379e-05,0.0010247767204418778,0.0004856287850998342
1765156309.7174766,cf1,-0.0005830100271850824,0.9996533393859863,0.9985384941101074,-0.00014820063370279968,0.0009756014333106577,0.00041667663026601076
1765156309.7310472,cf2,-0.0003032021631952375,2.3321934349951334e-05,0.9982962608337402,-0.00013285323802847415,0.0006557643064297736,-0.0006236117915250361
1765156309.732821,cf2,-0.0003032021631952375,2.3321934349951334e-05,0.9982962608337402,-0.0002090535417664796,0.0005978568224236369,-0.0004938510828651488
1765156309.7371776,cf1,-0.0006057690479792655,0.9996598958969116,0.9985549449920654,-0.00014820063370279968,0.0009756014333106577,0.00041667663026601076
1765156309.7375607,cf1,-0.0006057690479792655,0.9996598958969116,0.9985549449920654,-0.00020917414803989232,0.0009172660647891462,0.0003495666023809463
1765156309.7511156,cf2,-0.0003192791191395372,3.2598807592876256e-05,0.9982941746711731,-0.0002090535417664796,0.0005978568224236369,-0.0004938510828651488
1765156309.752948,cf2,-0.0003192791191395372,3.2598807592876256e-05,0.9982941746711731,-0.0002729121479205787,0.0005325400270521641,-0.0003677141503430903
1765156309.7567828,cf1,-0.0006223984528332949,0.999672532081604,0.9985672831535339,-0.00020917414803989232,0.0009172660647891462,0.0003495666023809463
1765156309.757125,cf1,-0.0006223984528332949,0.999672532081604,0.9985672831535339,-0.00023929192684590816,0.0008692338597029448,0.00027469373890198767
1765156309.771002,cf2,-0.0003366590535733849,4.0243365219794214e-05,0.9982940554618835,-0.0002729121479205787,0.0005325400270521641,-0.0003677141503430903
1765156309.7727916,cf2,-0.0003366590535733849,4.0243365219794214e-05,0.9982940554618835,-0.00032605804153718054,0.00046153232688084245,-0.0002449899911880493
1765156309.7770476,cf1,-0.0006435294053517282,0.9996796250343323,0.998579204082489,-0.00023929192684590816,0.0008692338597029448,0.00027469373890198767
1765156309.7772896,cf1,-0.0006435294053517282,0.9996796250343323,0.998579204082489,-0.0002754056768026203,0.0007962220697663724,0.00020595703972503543
1765156309.7911825,cf2,-0.00035329119418747723,4.402314516482875e-05,0.9982966184616089,-0.00032605804153718054,0.00046153232688084245,-0.0002449899911880493
1765156309.7929444,cf2,-0.00035329119418747723,4.402314516482875e-05,0.9982966184616089,-0.00036819223896600306,0.00037925911601632833,-0.00012033193343086168
1765156309.7967973,cf1,-0.0006653196178376675,0.9996848702430725,0.9985895156860352,-0.0002754056768026203,0.0007962220697663724,0.00020595703972503543
1765156309.7970092,cf1,-0.0006653196178376675,0.9996848702430725,0.9985895156860352,-0.0003187834518030286,0.0006992840208113194,0.00014445670240093023
1765156309.811054,cf2,-0.00037217760109342635,4.8247376980725676e-05,0.9982997179031372,-0.00036819223896600306,0.00037925911601632833,-0.00012033193343086168
1765156309.8128426,cf2,-0.00037217760109342635,4.8247376980725676e-05,0.9982997179031372,-0.00039899293915368617,0.00029549928149208426,-4.577971594699193e-06
1765156309.8171496,cf1,-0.0006875045946799219,0.9996881484985352,0.9985982179641724,-0.0003187834518030286,0.0006992840208113194,0.00014445670240093023
1765156309.8174984,cf1,-0.0006875045946799219,0.9996881484985352,0.9985982179641724,-0.0003341117990203202,0.0006152325659058988,7.581257523270324e-05
1765156309.8310375,cf2,-0.00039180117892101407,5.062678246758878e-05,0.9983044862747192,-0.00039899293915368617,0.00029549928149208426,-4.577971594699193e-06
1765156309.8328347,cf2,-0.00039180117892101407,5.062678246758878e-05,0.9983044862747192,-0.0004205762525089085,0.00020793905423488468,0.00010649578325683251
1765156309.8371675,cf1,-0.0007098932983353734,0.9996894001960754,0.9986053109169006,-0.0003341117990203202,0.0006152325659058988,7.581257523270324e-05
1765156309.8375082,cf1,-0.0007098932983353734,0.9996894001960754,0.9986053109169006,-0.0003407559997867793,0.0005267792148515582,6.253953415580327e-06
1765156309.851136,cf2,-0.0004134225891903043,5.1502371206879616e-05,0.9983117580413818,-0.0004205762525089085,0.00020793905423488468,0.00010649578325683251
1765156309.8529239,cf2,-0.0004134225891903043,5.1502371206879616e-05,0.9983117580413818,-0.00043322480632923543,0.00012041441368637607,0.00021476874826475978
1765156309.8568404,cf1,-0.0007323009194806218,0.9996885657310486,0.9986105561256409,-0.0003407559997867793,0.0005267792148515582,6.253953415580327e-06
1765156309.8571696,cf1,-0.0007323009194806218,0.9996885657310486,0.9986105561256409,-0.0003220216021873057,0.00045149741345085204,-7.258059486048296e-05
1765156309.872064,cf2,-0.0004342609900049865,4.94321393489372e-05,0.9983208775520325,-0.00043322480632923543,0.00012041441368637607,0.00021476874826475978
1765156309.873961,cf2,-0.0004342609900049865,4.94321393489372e-05,0.9983208775520325,-0.0004369473608676344,2.3018623323878273e-05,0.0003248215070925653
1765156309.8769453,cf1,-0.0007541230879724026,0.9996849894523621,0.9986141920089722,-0.0003220216021873057,0.00045149741345085204,-7.258059486048296e-05
1765156309.8774405,cf1,-0.0007541230879724026,0.9996849894523621,0.9986141920089722,-0.00031316178501583636,0.000350229034665972,-0.00014124912559054792
1765156309.8920155,cf2,-0.00045483637950383127,4.500907743931748e-05,0.9983317852020264,-0.0004369473608676344,2.3018623323878273e-05,0.0003248215070925653
1765156309.893946,cf2,-0.00045483637950383127,4.500907743931748e-05,0.9983317852020264,-0.0004383531049825251,-7.196000660769641e-05,0.00043017792631872
1765156309.8968728,cf1,-0.0007749884971417487,0.9996786713600159,0.9986169934272766,-0.00031316178501583636,0.000350229034665972,-0.00014124912559054792
1765156309.8972642,cf1,-0.0007749884971417487,0.9996786713600159,0.9986169934272766,-0.0003009965585079044,0.00024307004059664905,-0.00020393828162923455
1765156309.9111216,cf2,-0.0004702459555119276,3.9817507058614865e-05,0.9983387589454651,-0.0004383531049825251,-7.196000660769641e-05,0.00043017792631872
1765156309.9129288,cf2,-0.0004702459555119276,3.9817507058614865e-05,0.9983387589454651,-0.0004287215997464955,-0.00017344609659630805,0.0005162363522686064
1765156309.9168046,cf1,-0.0007979152142070234,0.999672532081604,0.9986163377761841,-0.0003009965585079044,0.00024307004059664905,-0.00020393828162923455
1765156309.9171488,cf1,-0.0007979152142070234,0.999672532081604,0.9986163377761841,-0.0002712139394134283,0.00015609314141329378,-0.00028429197845980525
1765156309.9309826,cf2,-0.0004910979769192636,3.144053334835917e-05,0.9983519911766052,-0.0004287215997464955,-0.00017344609659630805,0.0005162363522686064
1765156309.93281,cf2,-0.0004910979769192636,3.144053334835917e-05,0.9983519911766052,-0.0004101838276255876,-0.0002770013816189021,0.0005188444629311562
1765156309.9371111,cf1,-0.0008189027430489659,0.9996626973152161,0.9986149072647095,-0.0002712139394134283,0.00015609314141329378,-0.00028429197845980525
1765156309.9374483,cf1,-0.0008189027430489659,0.9996626973152161,0.9986149072647095,-0.0002407225256320089,5.5423995945602655e-05,-0.0003569898253772408
1765156309.9511042,cf2,-0.0005107847391627729,2.104766645061318e-05,0.9983645081520081,-0.0004101838276255876,-0.0002770013816189021,0.0005188444629311562
1765156309.9530065,cf2,-0.0005107847391627729,2.104766645061318e-05,0.9983645081520081,-0.00038487216806970537,-0.00036196381552144885,0.0005224940832704306
1765156309.9568624,cf1,-0.0008390044094994664,0.9996503591537476,0.9986118674278259,-0.0002407225256320089,5.5423995945602655e-05,-0.0003569898253772408
1765156309.9572954,cf1,-0.0008390044094994664,0.9996503591537476,0.9986118674278259,-0.00020481745013967156,-4.734173126053065e-05,-0.0004295640392228961
1765156309.9710817,cf2,-0.0005297997849993408,8.890137905837037e-06,0.9983769059181213,-0.00038487216806970537,-0.00036196381552144885,0.0005224940832704306
1765156309.9729066,cf2,-0.0005297997849993408,8.890137905837037e-06,0.9983769059181213,-0.00034913496347144246,-0.0004330683150328696,0.0005262321792542934
1765156309.9771023,cf1,-0.0008577049593441188,0.9996360540390015,0.9986072182655334,-0.00020481745013967156,-4.734173126053065e-05,-0.0004295640392228961
1765156309.9774601,cf1,-0.0008577049593441188,0.9996360540390015,0.9986072182655334,-0.00016207719454541802,-0.00015032614464871585,-0.0005024131969548762
1765156309.9910655,cf2,-0.0005479353712871671,-4.783083568327129e-06,0.9983890056610107,-0.00034913496347144246,-0.0004330683150328696,0.0005262321792542934
1765156309.992888,cf2,-0.0005479353712871671,-4.783083568327129e-06,0.9983890056610107,-0.0003040074079763144,-0.0004951695445924997,0.0005067673628218472
1765156309.9971166,cf1,-0.0008756389725022018,0.9996194839477539,0.9986039996147156,-0.00016207719454541802,-0.00015032614464871585,-0.0005024131969548762
1765156309.9974852,cf1,-0.0008756389725022018,0.9996194839477539,0.9986039996147156,-0.00012388717732392251,-0.00025921923224814236,-0.0005530050839297473
1765156310.0112953,cf2,-0.0005649190861731768,-1.979378612304572e-05,0.9984005093574524,-0.0003040074079763144,-0.0004951695445924997,0.0005067673628218472
1765156310.0130541,cf2,-0.0005649190861731768,-1.979378612304572e-05,0.9984005093574524,-0.0002378670178586617,-0.0005459995591081679,0.0004676250973716378
1765156310.0167987,cf1,-0.0008925644215196371,0.9996008276939392,0.9985989928245544,-0.00012388717732392251,-0.00025921923224814236,-0.0005530050839297473
1765156310.0172296,cf1,-0.0008925644215196371,0.9996008276939392,0.9985989928245544,-7.110743172233924e-05,-0.00034806778421625495,-0.0005405374686233699
1765156310.0310192,cf2,-0.0005804965039715171,-3.5991815821034834e-05,0.9984114766120911,-0.0002378670178586617,-0.0005459995591081679,0.0004676250973716378
1765156310.032802,cf2,-0.0005804965039715171,-3.5991815821034834e-05,0.9984114766120911,-0.00017345121887046844,-0.0005927897873334587,0.00047298308345489204
1765156310.0371358,cf1,-0.0009083342156372964,0.9995802044868469,0.9985931515693665,-7.110743172233924e-05,-0.00034806778421625495,-0.0005405374686233699
1765156310.037516,cf1,-0.0009083342156372964,0.9995802044868469,0.9985931515693665,-7.690428901696578e-06,-0.00041403801878914237,-0.0005142692243680358
1765156310.0510714,cf2,-0.000594538520090282,-5.3154573834035546e-05,0.9984220266342163,-0.00017345121887046844,-0.0005927897873334587,0.00047298308345489204
1765156310.0528374,cf2,-0.000594538520090282,-5.3154573834035546e-05,0.9984220266342163,-0.00010334742546547204,-0.0006305850693024695,0.00044032520963810384
1765156310.057141,cf1,-0.0009225701214745641,0.9995584487915039,0.9985865354537964,-7.690428901696578e-06,-0.00041403801878914237,-0.0005142692243680358
1765156310.0575042,cf1,-0.0009225701214745641,0.9995584487915039,0.9985865354537964,6.235457112779841e-05,-0.00046364119043573737,-0.000540386070497334
1765156310.0710025,cf2,-0.0006067569484002888,-7.081966759869829e-05,0.9984317421913147,-0.00010334742546547204,-0.0006305850693024695,0.00044032520963810384
1765156310.0727801,cf2,-0.0006067569484002888,-7.081966759869829e-05,0.9984317421913147,-2.5509867555228993e-05,-0.0006589894182980061,0.00040559101034887135
1765156310.076996,cf1,-0.0009350743493996561,0.9995356202125549,0.9985789060592651,6.235457112779841e-05,-0.00046364119043573737,-0.000540386070497334
1765156310.0773237,cf1,-0.0009350743493996561,0.9995356202125549,0.9985789060592651,0.00013897889584768564,-0.0005005548591725528,-0.0006109113455750048
1765156310.0910654,cf2,-0.0006171984714455903,-8.90526789589785e-05,0.9984410405158997,-2.5509867555228993e-05,-0.0006589894182980061,0.00040559101034887135
1765156310.092819,cf2,-0.0006171984714455903,-8.90526789589785e-05,0.9984410405158997,5.687735028914176e-05,-0.0006821173592470586,0.0003900817537214607
1765156310.0969877,cf1,-0.000945744919590652,0.9995121359825134,0.9985703825950623,0.00013897889584768564,-0.0005005548591725528,-0.0006109113455750048
1765156310.0972922,cf1,-0.000945744919590652,0.9995121359825134,0.9985703825950623,0.00022049882682040334,-0.0005247907247394323,-0.0006817227113060653
1765156310.113262,cf2,-0.0006246481207199395,-0.00011479345266707242,0.9984534978866577,5.687735028914176e-05,-0.0006821173592470586,0.0003900817537214607
1765156310.1135855,cf2,-0.0006246481207199395,-0.00011479345266707242,0.9984534978866577,0.00014367031690198928,-0.0006993018905632198,0.0003535209980327636
1765156310.1168215,cf1,-0.0009544542408548295,0.9994882345199585,0.9985610246658325,0.00022049882682040334,-0.0005247907247394323,-0.0006817227113060653
1765156310.1171596,cf1,-0.0009544542408548295,0.9994882345199585,0.9985610246658325,0.00030697500915266573,-0.0005385493859648705,-0.0007495406898669899
1765156310.1310868,cf2,-0.0006325494032353163,-0.00012755097122862935,0.998458206653595,0.00014367031690198928,-0.0006993018905632198,0.0003535209980327636
1765156310.132895,cf2,-0.0006325494032353163,-0.00012755097122862935,0.998458206653595,0.0002346460532862693,-0.0007121702656149864,0.0002673315175343305
1765156310.137141,cf1,-0.0009610668639652431,0.9994640946388245,0.9985508918762207,0.00030697500915266573,-0.0005385493859648705,-0.0007495406898669899
1765156310.137488,cf1,-0.0009610668639652431,0.9994640946388245,0.9985508918762207,0.00039822584949433804,-0.0005415186751633883,-0.0008145507890731096
1765156310.1521316,cf2,-0.0006369104376062751,-0.00014653243124485016,0.9984655380249023,0.0002346460532862693,-0.0007121702656149864,0.0002673315175343305
1765156310.1538007,cf2,-0.0006369104376062751,-0.00014653243124485016,0.9984655380249023,0.0003354511864017695,-0.0007136118947528303,0.0002291700802743435
1765156310.1569467,cf1,-0.0009654969326220453,0.9994400143623352,0.9985399842262268,0.00039822584949433804,-0.0005415186751633883,-0.0008145507890731096
1765156310.1572983,cf1,-0.0009654969326220453,0.9994400143623352,0.9985399842262268,0.000492821098305285,-0.0005350934225134552,-0.0008765396196395159
1765156310.1722152,cf2,-0.00063911551842466,-0.00016576139023527503,0.9984726309776306,0.0003354511864017695,-0.0007136118947528303,0.0002291700802743435
1765156310.1741867,cf2,-0.00063911551842466,-0.00016576139023527503,0.9984726309776306,0.00043080284376628697,-0.0007093732710927725,0.0002203150506829843
1765156310.1765661,cf1,-0.0009677027119323611,0.999416172504425,0.9985283613204956,0.000492821098305285,-0.0005350934225134552,-0.0008765396196395159
1765156310.1767364,cf1,-0.0009677027119323611,0.999416172504425,0.9985283613204956,0.0005897945957258344,-0.0005201181047596037,-0.0009360855328850448
1765156310.1920834,cf2,-0.0006391061469912529,-0.00018477393314242363,0.9984791278839111,0.00043080284376628697,-0.0007093732710927725,0.0002203150506829843
1765156310.1939495,cf2,-0.0006391061469912529,-0.00018477393314242363,0.9984791278839111,0.0005293347639963031,-0.0007019948679953814,0.0001577439543325454
1765156310.1970067,cf1,-0.0009676102199591696,0.9993928074836731,0.9985159635543823,0.0005897945957258344,-0.0005201181047596037,-0.0009360855328850448
1765156310.197373,cf1,-0.0009676102199591696,0.9993928074836731,0.9985159635543823,0.0006888925563544035,-0.0004963589017279446,-0.0009931076783686876
1765156310.2119706,cf2,-0.0006367227178998291,-0.00020383430819492787,0.9984849095344543,0.0005293347639963031,-0.0007019948679953814,0.0001577439543325454
1765156310.213893,cf2,-0.0006367227178998291,-0.00020383430819492787,0.9984849095344543,0.000630665454082191,-0.0006910063675604761,8.466231520287693e-05
1765156310.215823,cf1,-0.0009605244849808514,0.9993724226951599,0.9984989166259766,0.0006888925563544035,-0.0004963589017279446,-0.0009931076783686876
1765156310.216155,cf1,-0.0009605244849808514,0.9993724226951599,0.9984989166259766,0.000793144921772182,-0.00046094259596429765,-0.001046371879056096
1765156310.232154,cf2,-0.0006320432294160128,-0.0002218321751570329,0.998490035533905,0.000630665454082191,-0.0006910063675604761,8.466231520287693e-05
1765156310.23397,cf2,-0.0006320432294160128,-0.0002218321751570329,0.998490035533905,0.0007326869526877999,-0.0006705278065055609,7.71153427194804e-05
1765156310.2361603,cf1,-0.0009557431330904365,0.9993506669998169,0.9984853267669678,0.000793144921772182,-0.00046094259596429765,-0.001046371879056096
1765156310.2365148,cf1,-0.0009557431330904365,0.9993506669998169,0.9984853267669678,0.0008953110082075,-0.00042233167914673686,-0.0010755234397947788
1765156310.2510233,cf2,-0.0006240098155103624,-0.00023782928474247456,0.9984938502311707,0.0007326869526877999,-0.0006705278065055609,7.71153427194804e-05
1765156310.2528276,cf2,-0.0006240098155103624,-0.00023782928474247456,0.9984938502311707,0.0007734346436336637,-0.0006611956050619483,4.4475225877249613e-05
1765156310.2557864,cf1,-0.0009483598405495286,0.999329686164856,0.9984713792800903,0.0008953110082075,-0.00042233167914673686,-0.0010755234397947788
1765156310.2561052,cf1,-0.0009483598405495286,0.999329686164856,0.9984713792800903,0.0009981095790863037,-0.0003776423982344568,-0.0010741259902715683
1765156310.2712264,cf2,-0.0006148703396320343,-0.00025481334887444973,0.9984979629516602,0.0007734346436336637,-0.0006611956050619483,4.4475225877249613e-05
1765156310.273198,cf2,-0.0006148703396320343,-0.00025481334887444973,0.9984979629516602,0.0008741108467802405,-0.0006354402285069227,2.864204543584492e-05
1765156310.2759323,cf1,-0.0009384804288856685,0.9993098378181458,0.9984592795372009,0.0009981095790863037,-0.0003776423982344568,-0.0010741259902715683
1765156310.2762575,cf1,-0.0009384804288856685,0.9993098378181458,0.9984592795372009,0.0010954990284517407,-0.0003259959048591554,-0.0009677896741777658
1765156310.2911375,cf2,-0.0006032144301570952,-0.00027110183145850897,0.9985016584396362,0.0008741108467802405,-0.0006354402285069227,2.864204543584492e-05
1765156310.2928646,cf2,-0.0006032144301570952,-0.00027110183145850897,0.9985016584396362,0.0009635278838686645,-0.0005989142809994519,2.5722349164425395e-05
1765156310.2960057,cf1,-0.0009265919798053801,0.9992913007736206,0.998449981212616,0.0010954990284517407,-0.0003259959048591554,-0.0009677896741777658
1765156310.2963622,cf1,-0.0009265919798053801,0.9992913007736206,0.998449981212616,0.0011766673997044563,-0.0002658274897839874,-0.0008257978479377925
1765156310.3110335,cf2,-0.0005899234092794359,-0.000286214955849573,0.998504638671875,0.0009635278838686645,-0.0005989142809994519,2.5722349164425395e-05
1765156310.312879,cf2,-0.0005899234092794359,-0.000286214955849573,0.998504638671875,0.00103280961047858,-0.0005501527339220047,-3.637385452748276e-05
1765156310.3156734,cf1,-0.0009131777915172279,0.9992741942405701,0.9984427094459534,0.0011766673997044563,-0.0002658274897839874,-0.0008257978479377925
1765156310.315856,cf1,-0.0009131777915172279,0.9992741942405701,0.9984427094459534,0.0012643844820559025,-0.00018578884191811085,-0.0007072051521390676
1765156310.3311996,cf2,-0.000575362064410001,-0.00029995213844813406,0.998506486415863,0.00103280961047858,-0.0005501527339220047,-3.637385452748276e-05
1765156310.3329062,cf2,-0.000575362064410001,-0.00029995213844813406,0.998506486415863,0.0010870045516639948,-0.0004917411715723574,-0.00011812984303105623
1765156310.33605,cf1,-0.0008984923479147255,0.9992586970329285,0.9984375834465027,0.0012643844820559025,-0.00018578884191811085,-0.0007072051521390676
1765156310.3363888,cf1,-0.0008984923479147255,0.9992586970329285,0.9984375834465027,0.001319603412412107,-0.00011123497097287327,-0.0005728565156459808
1765156310.351177,cf2,-0.000559805310331285,-0.0003120905894320458,0.9985072016716003,0.0010870045516639948,-0.0004917411715723574,-0.00011812984303105623
1765156310.3528438,cf2,-0.000559805310331285,-0.0003120905894320458,0.9985072016716003,0.0011280672624707222,-0.00042381539242342114,-0.0001956277701538056
1765156310.355736,cf1,-0.0008827304118312895,0.9992449879646301,0.9984344244003296,0.001319603412412107,-0.00011123497097287327,-0.0005728565156459808
1765156310.356088,cf1,-0.0008827304118312895,0.9992449879646301,0.9984344244003296,0.0013647419400513172,-3.1302013667300344e-05,-0.00044258005800656974
1765156310.3711042,cf2,-0.0005435477942228317,-0.00032240961445495486,0.9985066652297974,0.0011280672624707222,-0.00042381539242342114,-0.0001956277701538056
1765156310.372856,cf2,-0.0005435477942228317,-0.00032240961445495486,0.9985066652297974,0.0011564191663637757,-0.000346755055943504,-0.00027114214026369154
1765156310.3757372,cf1,-0.000866164977196604,0.9992332458496094,0.9984333515167236,0.0013647419400513172,-3.1302013667300344e-05,-0.00044258005800656974
1765156310.3759289,cf1,-0.000866164977196604,0.9992332458496094,0.9984333515167236,0.0013992483727633953,5.419555236585438e-05,-0.000315435288939625
1765156310.3912258,cf2,-0.0005268013337627053,-0.0003307716397102922,0.9985049962997437,0.0011564191663637757,-0.000346755055943504,-0.00027114214026369154
1765156310.393068,cf2,-0.0005268013337627053,-0.0003307716397102922,0.9985049962997437,0.0011747496901080012,-0.0002627703652251512,-0.00034389537177048624
1765156310.3967795,cf1,-0.0008475722861476243,0.9992235898971558,0.9984341263771057,0.0013992483727633953,5.419555236585438e-05,-0.000315435288939625
1765156310.3973565,cf1,-0.0008475722861476243,0.9992235898971558,0.9984341263771057,0.0014015525812283158,0.0001375625579385087,-0.00017568292969372123
1765156310.4111009,cf2,-0.0005097988178022206,-0.00033707713009789586,0.998502254486084,0.0011747496901080012,-0.0002627703652251512,-0.00034389537177048624
1765156310.4127862,cf2,-0.0005097988178022206,-0.00033707713009789586,0.998502254486084,0.0011832966702058911,-0.00017326542001683265,-0.00041508107096888125
1765156310.416997,cf1,-0.0008318377658724785,0.9992160797119141,0.9984372854232788,0.0014015525812283158,0.0001375625579385087,-0.00017568292969372123
1765156310.4173982,cf1,-0.0008318377658724785,0.9992160797119141,0.9984372854232788,0.0014156487304717302,0.00023052151664160192,-5.557460826821625e-05
1765156310.4321055,cf2,-0.0004927971167489886,-0.0003411639772821218,0.9984984397888184,0.0011832966702058911,-0.00017326542001683265,-0.00041508107096888125
1765156310.4340913,cf2,-0.0004927971167489886,-0.0003411639772821218,0.9984984397888184,0.0011816549813374877,-7.812050171196461e-05,-0.00048418069491162896
1765156310.4366949,cf1,-0.0008136978722177446,0.99921053647995,0.9984423518180847,0.0014156487304717302,0.00023052151664160192,-5.557460826821625e-05
1765156310.4369967,cf1,-0.0008136978722177446,0.99921053647995,0.9984423518180847,0.0014480671379715204,0.0003418324049562216,5.526587483473122e-05
1765156310.4520156,cf2,-0.00047586203436367214,-0.00034285662695765495,0.9984934329986572,0.0011816549813374877,-7.812050171196461e-05,-0.00048418069491162896
1765156310.4538932,cf2,-0.00047586203436367214,-0.00034285662695765495,0.9984934329986572,0.0011674126144498587,2.7075984689872712e-05,-0.0005527780158445239
1765156310.4569213,cf1,-0.0007958177593536675,0.9992073178291321,0.9984495639801025,0.0014480671379715204,0.0003418324049562216,5.526587483473122e-05
1765156310.4573405,cf1,-0.0007958177593536675,0.9992073178291321,0.9984495639801025,0.001449201488867402,0.0004409872926771641,0.00017171762010548264
1765156310.4710782,cf2,-0.00045955218956805766,-0.0003420930006541312,0.9984874129295349,0.0011674126144498587,2.7075984689872712e-05,-0.0005527780158445239
1765156310.472818,cf2,-0.00045955218956805766,-0.0003420930006541312,0.9984874129295349,0.0011431394377723336,0.0001355062995571643,-0.0006186095415614545
1765156310.4770133,cf1,-0.0007781572639942169,0.99920654296875,0.9984585046768188,0.001449201488867402,0.0004409872926771641,0.00017171762010548264
1765156310.4775422,cf1,-0.0007781572639942169,0.99920654296875,0.9984585046768188,0.0014426937559619546,0.0005439450033009052,0.00027414425858296454
1765156310.491143,cf2,-0.0004436714225448668,-0.00033888514735735953,0.9984803795814514,0.0011431394377723336,0.0001355062995571643,-0.0006186095415614545
1765156310.4928994,cf2,-0.0004436714225448668,-0.00033888514735735953,0.9984803795814514,0.0011173700913786888,0.0002417643554508686,-0.0006821727729402483
1765156310.4970975,cf1,-0.0007606192375533283,0.9992081522941589,0.9984679222106934,0.0014426937559619546,0.0005439450033009052,0.00027414425858296454
1765156310.4974434,cf1,-0.0007606192375533283,0.9992081522941589,0.9984679222106934,0.0014291678089648485,0.0006456291303038597,0.0002927031309809536
1765156310.5110514,cf2,-0.00042895047226920724,-0.00033331254962831736,0.9984726309776306,0.0011173700913786888,0.0002417643554508686,-0.0006821727729402483
1765156310.5128164,cf2,-0.00042895047226920724,-0.00033331254962831736,0.9984726309776306,0.0010819770395755768,0.0003502840409055352,-0.00074290408520028
1765156310.5170982,cf1,-0.0007436790037900209,0.9992119669914246,0.9984773397445679,0.0014291678089648485,0.0006456291303038597,0.0002927031309809536
1765156310.5174537,cf1,-0.0007436790037900209,0.9992119669914246,0.9984773397445679,0.0014036104548722506,0.0007381556206382811,0.00030479763518087566
1765156310.5310838,cf2,-0.0004142348188906908,-0.0003247998538427055,0.9984633922576904,0.0010819770395755768,0.0003502840409055352,-0.00074290408520028
1765156310.532776,cf2,-0.0004142348188906908,-0.0003247998538427055,0.9984633922576904,0.0010430630063638091,0.000460697163362056,-0.0008034980855882168
1765156310.5369713,cf1,-0.000727549777366221,0.9992175698280334,0.9984868168830872,0.0014036104548722506,0.0007381556206382811,0.00030479763518087566
1765156310.5374396,cf1,-0.000727549777366221,0.9992175698280334,0.9984868168830872,0.0013681049458682537,0.0008202537428587675,0.00031690290779806674
1765156310.551295,cf2,-0.00040105386869981885,-0.0003140447079204023,0.998453676700592,0.0010430630063638091,0.000460697163362056,-0.0008034980855882168
1765156310.5528479,cf2,-0.00040105386869981885,-0.0003140447079204023,0.998453676700592,0.0009998490568250418,0.0005668483208864927,-0.0008475037175230682
1765156310.5568724,cf1,-0.000712437613401562,0.9992247819900513,0.9984961152076721,0.0013681049458682537,0.0008202537428587675,0.00031690290779806674
1765156310.557227,cf1,-0.000712437613401562,0.9992247819900513,0.9984961152076721,0.0013223406858742237,0.0008940866100601852,0.0003271926543675363
1765156310.5711262,cf2,-0.0003885003970935941,-0.00029995007207617164,0.9984442591667175,0.0009998490568250418,0.0005668483208864927,-0.0008475037175230682
1765156310.5728416,cf2,-0.0003885003970935941,-0.00029995007207617164,0.9984442591667175,0.0009490242809988558,0.0006772246561013162,-0.0008113844087347388
1765156310.5771322,cf1,-0.0006986201042309403,0.9992334246635437,0.9985052943229675,0.0013223406858742237,0.0008940866100601852,0.0003271926543675363
1765156310.5774963,cf1,-0.0006986201042309403,0.9992334246635437,0.9985052943229675,0.0012667840346693993,0.0009615910821594298,0.0003362580027896911
1765156310.5911777,cf2,-0.0003775548539124429,-0.00028370050131343305,0.998436689376831,0.0009490242809988558,0.0006772246561013162,-0.0008113844087347388
1765156310.5929456,cf2,-0.0003775548539124429,-0.00028370050131343305,0.998436689376831,0.0008912846096791327,0.0007732630474492908,-0.0007028763648122549
1765156310.596807,cf1,-0.0006862040609121323,0.9992433786392212,0.9985143542289734,0.0012667840346693993,0.0009615910821594298,0.0003362580027896911
1765156310.5970974,cf1,-0.0006862040609121323,0.9992433786392212,0.9985143542289734,0.0012046608608216047,0.001021506148390472,0.0003441625740379095
1765156310.6110485,cf2,-0.0003680828958749771,-0.00026563520077615976,0.9984313249588013,0.0008912846096791327,0.0007732630474492908,-0.0007028763648122549
1765156310.612856,cf2,-0.0003680828958749771,-0.00026563520077615976,0.9984313249588013,0.0008280272595584393,0.0008511124178767204,-0.0005682583432644606
1765156310.6170516,cf1,-0.0006753611378371716,0.9992544651031494,0.9985232949256897,0.0012046608608216047,0.001021506148390472,0.0003441625740379095
1765156310.6174326,cf1,-0.0006753611378371716,0.9992544651031494,0.9985232949256897,0.0011350566055625677,0.0010751475347205997,0.0003510823880787939
1765156310.6310885,cf2,-0.00036014936631545424,-0.0002460116520524025,0.9984273910522461,0.0008280272595584393,0.0008511124178767204,-0.0005682583432644606
1765156310.632978,cf2,-0.00036014936631545424,-0.0002460116520524025,0.9984273910522461,0.000760223250836134,0.0009158774046227336,-0.0004416816227603704
1765156310.6382194,cf1,-0.0006651466828770936,0.9992676377296448,0.9985324740409851,0.0011350566055625677,0.0010751475347205997,0.0003510823880787939
1765156310.638667,cf1,-0.0006651466828770936,0.9992676377296448,0.9985324740409851,0.0010593462502583861,0.0011263206833973527,0.000356774078682065
1765156310.6511548,cf2,-0.00035381835186854005,-0.0002250421530334279,0.9984249472618103,0.000760223250836134,0.0009158774046227336,-0.0004416816227603704
1765156310.652919,cf2,-0.00035381835186854005,-0.0002250421530334279,0.9984249472618103,0.0006889555370435119,0.0009697926579974592,-0.00032031151931732893
1765156310.6560109,cf1,-0.0006673872703686357,0.9992682933807373,0.9985359311103821,0.0010593462502583861,0.0011263206833973527,0.000356774078682065
1765156310.6563458,cf1,-0.0006673872703686357,0.9992682933807373,0.9985359311103821,0.0009831457864493132,0.001118090352974832,0.00035764469066634774
1765156310.6710606,cf2,-0.00034917923039756715,-0.00020301711629144847,0.9984239339828491,0.0006889555370435119,0.0009697926579974592,-0.00032031151931732893
1765156310.6727931,cf2,-0.00034917923039756715,-0.00020301711629144847,0.9984239339828491,0.0006138879107311368,0.0010115454206243157,-0.00020385759125929326
1765156310.6757808,cf1,-0.0006626931135542691,0.9992808699607849,0.9985452890396118,0.0009831457864493132,0.001118090352974832,0.00035764469066634774
1765156310.6760845,cf1,-0.0006626931135542691,0.9992808699607849,0.9985452890396118,0.0008982433355413377,0.0011532262433320284,0.0003603575169108808
1765156310.6909966,cf2,-0.0003460438456386328,-0.00017955637304112315,0.9984244108200073,0.0006138879107311368,0.0010115454206243157,-0.00020385759125929326
1765156310.692797,cf2,-0.0003460438456386328,-0.00017955637304112315,0.9984244108200073,0.0005261723417788744,0.0010402332991361618,-8.039825479499996e-05
1765156310.6956959,cf1,-0.0006585020455531776,0.9992945790290833,0.998553454875946,0.0008982433355413377,0.0011532262433320284,0.0003603575169108808
1765156310.6959999,cf1,-0.0006585020455531776,0.9992945790290833,0.998553454875946,0.0008093549986369908,0.0011834678007289767,0.0003623302618507296
1765156310.7111907,cf2,-0.00034538438194431365,-0.00015671693836338818,0.9984263777732849,0.0005261723417788744,0.0010402332991361618,-8.039825479499996e-05
1765156310.712997,cf2,-0.00034538438194431365,-0.00015671693836338818,0.9984263777732849,0.0004434177535586059,0.0010612491751089692,2.6935262212646194e-05
1765156310.7158964,cf1,-0.0006563683855347335,0.9993087649345398,0.9985613226890564,0.0008093549986369908,0.0011834678007289767,0.0003623302618507296
1765156310.7161024,cf1,-0.0006563683855347335,0.9993087649345398,0.9985613226890564,0.0007183197885751724,0.0012082235189154744,0.00036254749284125865
1765156310.7310483,cf2,-0.00034337525721639395,-0.00013172230683267117,0.9984292984008789,0.0004434177535586059,0.0010612491751089692,2.6935262212646194e-05
1765156310.7328534,cf2,-0.00034337525721639395,-0.00013172230683267117,0.9984292984008789,0.00035860546631738544,0.0010740917641669512,0.00010887308599194512
1765156310.7357917,cf1,-0.0006563978386111557,0.9993234276771545,0.9985690116882324,0.0007183197885751724,0.0012082235189154744,0.00036254749284125865
1765156310.7360134,cf1,-0.0006563978386111557,0.9993234276771545,0.9985690116882324,0.0006233699386939406,0.001228784560225904,0.0003627871919889003
1765156310.7511666,cf2,-0.0003493250987958163,-0.00010906058741966262,0.9984337687492371,0.00035860546631738544,0.0010740917641669512,0.00010887308599194512
1765156310.7531378,cf2,-0.0003493250987958163,-0.00010906058741966262,0.9984337687492371,0.00027278868947178125,0.0010776390554383397,0.00013700623821932822
1765156310.755984,cf1,-0.0006560120382346213,0.9993379712104797,0.9985754489898682,0.0006233699386939406,0.001228784560225904,0.0003627871919889003
1765156310.7563052,cf1,-0.0006560120382346213,0.9993379712104797,0.9985754489898682,0.0005367107223719358,0.0012451072689145803,0.00035808319807983935
1765156310.77208,cf2,-0.0003542722261045128,-8.479323150822893e-05,0.9984394907951355,0.00027278868947178125,0.0010776390554383397,0.00013700623821932822
1765156310.7740393,cf2,-0.0003542722261045128,-8.479323150822893e-05,0.9984394907951355,0.00018087665375787765,0.001069177989847958,0.00022741792781744152
1765156310.775837,cf1,-0.0006605596281588078,0.9993518590927124,0.9985823035240173,0.0005367107223719358,0.0012451072689145803,0.00035808319807983935
1765156310.7761576,cf1,-0.0006605596281588078,0.9993518590927124,0.9985823035240173,0.0004238010151311755,0.0012402537977322936,0.00035469941212795675
1765156310.7919908,cf2,-0.00036083123995922506,-5.5309952585957944e-05,0.9984484910964966,0.00018087665375787765,0.001069177989847958,0.00022741792781744152
1765156310.7940278,cf2,-0.00036083123995922506,-5.5309952585957944e-05,0.9984484910964966,9.336431685369462e-05,0.0010607371805235744,0.000317416648613289
1765156310.7957878,cf1,-0.0006667912239208817,0.9993670582771301,0.9985893964767456,0.0004238010151311755,0.0012402537977322936,0.00035469941212795675
1765156310.7961264,cf1,-0.0006667912239208817,0.9993670582771301,0.9985893964767456,0.0003253066388424486,0.0012443180894479156,0.00035178250982426107
1765156310.8123045,cf2,-0.00036811301833949983,-3.6949590139556676e-05,0.9984553456306458,9.336431685369462e-05,0.0010607371805235744,0.000317416648613289
1765156310.813921,cf2,-0.00036811301833949983,-3.6949590139556676e-05,0.9984553456306458,-6.836258762632497e-06,0.0010217841481789947,0.00036966733750887215
1765156310.815908,cf1,-0.0006759666139259934,0.9993817806243896,0.9985960125923157,0.0003253066388424486,0.0012443180894479156,0.00035178250982426107
1765156310.8162339,cf1,-0.0006759666139259934,0.9993817806243896,0.9985960125923157,0.000222765767830424,0.0012427120236679912,0.0003392482176423073
1765156310.8321044,cf2,-0.00038224959280341864,-1.6537927876925096e-05,0.9984647631645203,-6.836258762632497e-06,0.0010217841481789947,0.00036966733750887215
1765156310.8339198,cf2,-0.00038224959280341864,-1.6537927876925096e-05,0.9984647631645203,-9.74233407760039e-05,0.0009970638202503324,0.0004370983806438744
1765156310.83582,cf1,-0.0006875712424516678,0.9993959665298462,0.9986010789871216,0.000222765767830424,0.0012427120236679912,0.0003392482176423073
1765156310.8363142,cf1,-0.0006875712424516678,0.9993959665298462,0.9986010789871216,0.00012211866851430386,0.0012342872796580195,0.00024385705182794482
1765156310.8520083,cf2,-0.0003934083797503263,6.360252427839441e-06,0.9984751343727112,-9.74233407760039e-05,0.0009970638202503324,0.0004370983806438744
1765156310.8538358,cf2,-0.0003934083797503263,6.360252427839441e-06,0.9984751343727112,-0.00018602829368319362,0.0009669111459515989,0.00043532281415537
1765156310.8557065,cf1,-0.0007013456779532135,0.9994063377380371,0.9986038208007812,0.00012211866851430386,0.0012342872796580195,0.00024385705182794482
1765156310.8559134,cf1,-0.0007013456779532135,0.9994063377380371,0.9986038208007812,3.985293733421713e-05,0.0012026983313262463,0.00014024142001289874
1765156310.8720996,cf2,-0.00040919685852713883,2.7191377739654854e-05,0.9984839558601379,-0.00018602829368319362,0.0009669111459515989,0.00043532281415537
1765156310.8738937,cf2,-0.00040919685852713883,2.7191377739654854e-05,0.9984839558601379,-0.00026172897196374834,0.0009256405755877495,0.00036839855602011085
1765156310.8757536,cf1,-0.0007163428817875683,0.9994180202484131,0.9986052513122559,3.985293733421713e-05,0.0012026983313262463,0.00014024142001289874
1765156310.8760314,cf1,-0.0007163428817875683,0.9994180202484131,0.9986052513122559,-2.856471110135317e-05,0.0011671822285279632,4.297383566154167e-05
1765156310.8920581,cf2,-0.0004272578516975045,4.132594767725095e-05,0.9984896779060364,-0.00026172897196374834,0.0009256405755877495,0.00036839855602011085
1765156310.8938959,cf2,-0.0004272578516975045,4.132594767725095e-05,0.9984896779060364,-0.00031605595722794533,0.0008743177750147879,0.00026591462665237486
1765156310.8957686,cf1,-0.0007325357291847467,0.9994295239448547,0.9986045956611633,-2.856471110135317e-05,0.0011671822285279632,4.297383566154167e-05
1765156310.896073,cf1,-0.0007325357291847467,0.9994295239448547,0.9986045956611633,-8.073381468420848e-05,0.001125558977946639,-5.3485873650060967e-05
1765156310.9121034,cf2,-0.0004457549366634339,6.113808922236785e-05,0.9984968304634094,-0.00031605595722794533,0.0008743177750147879,0.00026591462665237486
1765156310.915245,cf2,-0.0004457549366634339,6.113808922236785e-05,0.9984968304634094,-0.00035743461921811104,0.0008105338201858103,0.0001702628069324419
1765156310.9156995,cf1,-0.0007497254409827292,0.9994398355484009,0.9986017346382141,-8.073381468420848e-05,0.001125558977946639,-5.3485873650060967e-05
1765156310.9159875,cf1,-0.0007497254409827292,0.9994398355484009,0.9986017346382141,-0.00012013402010779828,0.0010746992193162441,-0.00015059244469739497
1765156310.9310715,cf2,-0.00046120601473376155,7.668850594200194e-05,0.9985014796257019,-0.00035743461921811104,0.0008105338201858103,0.0001702628069324419
1765156310.9328136,cf2,-0.00046120601473376155,7.668850594200194e-05,0.9985014796257019,-0.00039527154876850545,0.0007709248457103968,0.00012828473700210452
1765156310.9357617,cf1,-0.0007676903624087572,0.9994485974311829,0.9985964298248291,-0.00012013402010779828,0.0010746992193162441,-0.00015059244469739497
1765156310.9360743,cf1,-0.0007676903624087572,0.9994485974311829,0.9985964298248291,-0.00014939639368094504,0.0010140965459868312,-0.0002490065817255527
1765156310.9510524,cf2,-0.00048061064444482327,9.203869558405131e-05,0.9985054731369019,-0.00039527154876850545,0.0007709248457103968,0.00012828473700210452
1765156310.9528546,cf2,-0.00048061064444482327,9.203869558405131e-05,0.9985054731369019,-0.0004199107934255153,0.0006973103154450655,4.2596209823386744e-05
1765156310.955799,cf1,-0.0007861604681238532,0.9994556903839111,0.9985888600349426,-0.00014939639368094504,0.0010140965459868312,-0.0002490065817255527
1765156310.9560988,cf1,-0.0007861604681238532,0.9994556903839111,0.9985888600349426,-0.00016765657346695662,0.000945400504861027,-0.0003477399004623294
1765156310.9712186,cf2,-0.0005004251142963767,0.00010563732939772308,0.9985083341598511,-0.0004199107934255153,0.0006973103154450655,4.2596209823386744e-05
1765156310.9730434,cf2,-0.0005004251142963767,0.00010563732939772308,0.9985083341598511,-0.0004331037343945354,0.0006161894998513162,-4.01019788114354e-05
1765156310.9767547,cf1,-0.0008053964120335877,0.9994632005691528,0.9985778331756592,-0.00016765657346695662,0.000945400504861027,-0.0003477399004623294
1765156310.977198,cf1,-0.0008053964120335877,0.9994632005691528,0.9985778331756592,-0.00017040410602930933,0.0008735059527680278,-0.00045151603990234435
1765156310.991002,cf2,-0.0005203952896408737,0.00011730106052709743,0.99850994348526,-0.0004331037343945354,0.0006161894998513162,-4.01019788114354e-05
1765156310.9927735,cf2,-0.0005203952896408737,0.00011730106052709743,0.99850994348526,-0.00043715073843486607,0.0005300412303768098,-0.00012123160558985546
1765156310.996935,cf1,-0.0008237886358983815,0.9994643926620483,0.9985666871070862,-0.00017040410602930933,0.0008735059527680278,-0.00045151603990234435
1765156310.9973023,cf1,-0.0008237886358983815,0.9994643926620483,0.9985666871070862,-0.00017392911831848323,0.0007794696721248329,-0.0005459561944007874
1765156311.0111175,cf2,-0.0005400238442234695,0.00012688628339674324,0.9985098242759705,-0.00043715073843486607,0.0005300412303768098,-0.00012123160558985546
1765156311.0128517,cf2,-0.0005400238442234695,0.00012688628339674324,0.9985098242759705,-0.0004287087940610945,0.00043290507164783776,-0.0002046942536253482
1765156311.0170746,cf1,-0.0008422351093031466,0.9994655847549438,0.9985524415969849,-0.00017392911831848323,0.0007794696721248329,-0.0005459561944007874
1765156311.0174372,cf1,-0.0008422351093031466,0.9994655847549438,0.9985524415969849,-0.0001639523106859997,0.0006937842699699104,-0.000644040119368583
1765156311.031186,cf2,-0.0005600485601462424,0.00013429483806248754,0.9985082745552063,-0.0004287087940610945,0.00043290507164783776,-0.0002046942536253482
1765156311.0329132,cf2,-0.0005600485601462424,0.00013429483806248754,0.9985082745552063,-0.00041469300049357116,0.000331912626279518,-0.00028570604627020657
1765156311.0368736,cf1,-0.0008608797215856612,0.999464750289917,0.9985353946685791,-0.0001639523106859997,0.0006937842699699104,-0.000644040119368583
1765156311.0372128,cf1,-0.0008608797215856612,0.999464750289917,0.9985353946685791,-0.00014830080908723176,0.0006060973973944783,-0.0007457433384843171
1765156311.0511308,cf2,-0.0005788886919617653,0.00013934062735643238,0.9985054731369019,-0.00041469300049357116,0.000331912626279518,-0.00028570604627020657
1765156311.052906,cf2,-0.0005788886919617653,0.00013934062735643238,0.9985054731369019,-0.00039429619209840894,0.00023448930005542934,-0.0003623451048042625
1765156311.0571053,cf1,-0.000878753955475986,0.999461829662323,0.9985163807868958,-0.00014830080908723176,0.0006060973973944783,-0.0007457433384843171
1765156311.0574722,cf1,-0.000878753955475986,0.999461829662323,0.9985163807868958,-0.00012538227019831538,0.0005139178829267621,-0.0008472743793390691
1765156311.07113,cf2,-0.0005981636932119727,0.0001423319336026907,0.998501181602478,-0.00039429619209840894,0.00023448930005542934,-0.0003623451048042625
1765156311.0730274,cf2,-0.0005981636932119727,0.0001423319336026907,0.998501181602478,-0.0003597252070903778,0.00013563055836129934,-0.0004383875348139554
1765156311.0767741,cf1,-0.0008962195133790374,0.999456524848938,0.9984948635101318,-0.00012538227019831538,0.0005139178829267621,-0.0008472743793390691
1765156311.077032,cf1,-0.0008962195133790374,0.999456524848938,0.9984948635101318,-9.605821833247319e-05,0.00041987173608504236,-0.0009485670016147196
1765156311.0909994,cf2,-0.0006160919438116252,0.0001428885298082605,0.9984958171844482,-0.0003597252070903778,0.00013563055836129934,-0.0004383875348139554
1765156311.0927372,cf2,-0.0006160919438116252,0.0001428885298082605,0.9984958171844482,-0.00032677993294782937,3.4432923712302e-05,-0.0005120980204083025
1765156311.096972,cf1,-0.000912810442969203,0.9994488954544067,0.9984722137451172,-9.605821833247319e-05,0.00041987173608504236,-0.0009485670016147196
1765156311.0972748,cf1,-0.000912810442969203,0.9994488954544067,0.9984722137451172,-5.8977144362870604e-05,0.0003237378550693393,-0.0010336225386708975
1765156311.1109464,cf2,-0.0006335210055112839,0.00014107179595157504,0.9984889626502991,-0.00032677993294782937,3.4432923712302e-05,-0.0005120980204083025
1765156311.112702,cf2,-0.0006335210055112839,0.00014107179595157504,0.9984889626502991,-0.0002887276350520551,-6.79362055961974e-05,-0.0005850651650689542
1765156311.1170366,cf1,-0.0009284443221986294,0.9994390606880188,0.9984497427940369,-5.8977144362870604e-05,0.0003237378550693393,-0.0010336225386708975
1765156311.117359,cf1,-0.0009284443221986294,0.9994390606880188,0.9984497427940369,-1.4164605090627447e-05,0.00023125865845941007,-0.0010345146292820573
1765156311.1321516,cf2,-0.0006495832349173725,0.00013681923155672848,0.9984806776046753,-0.0002887276350520551,-6.79362055961974e-05,-0.0005850651650689542
1765156311.1338644,cf2,-0.0006495832349173725,0.00013681923155672848,0.9984806776046753,-0.00024703858071006835,-0.00017983998986892402,-0.0006539573660120368
1765156311.1366997,cf1,-0.0009428869234398007,0.9994272589683533,0.9984278082847595,-1.4164605090627447e-05,0.00023125865845941007,-0.0010345146292820573
1765156311.1370077,cf1,-0.0009428869234398007,0.9994272589683533,0.9984278082847595,3.983107671956532e-05,0.0001503643288742751,-0.0010284496238455176
1765156311.1520934,cf2,-0.0006649458082392812,0.0001298560673603788,0.9984725713729858,-0.00024703858071006835,-0.00017983998986892402,-0.0006539573660120368
1765156311.1538224,cf2,-0.0006649458082392812,0.0001298560673603788,0.9984725713729858,-0.00018840546545106918,-0.00027950655203312635,-0.0006418146658688784
1765156311.1569462,cf1,-0.0009559098398312926,0.9994138479232788,0.9984064102172852,3.983107671956532e-05,0.0001503643288742751,-0.0010284496238455176
1765156311.1574535,cf1,-0.0009559098398312926,0.9994138479232788,0.9984064102172852,0.00010272768122376874,8.038275700528175e-05,-0.0010209393221884966
1765156311.1720383,cf2,-0.0006787952152080834,0.0001207443856401369,0.9984650015830994,-0.00018840546545106918,-0.00027950655203312635,-0.0006418146658688784
1765156311.1739793,cf2,-0.0006787952152080834,0.0001207443856401369,0.9984650015830994,-0.0001381768670398742,-0.00037277332739904523,-0.0006119721219874918
1765156311.1765862,cf1,-0.0009673607419244945,0.9993990063667297,0.9983856081962585,0.00010272768122376874,8.038275700528175e-05,-0.0010209393221884966
1765156311.1768236,cf1,-0.0009673607419244945,0.9993990063667297,0.9983856081962585,0.00017330670380033553,1.9284738300484605e-05,-0.0010120943188667297
1765156311.1911607,cf2,-0.000691183318849653,0.00010973179450957105,0.9984577298164368,-0.0001381768670398742,-0.00037277332739904523,-0.0006119721219874918
1765156311.1929092,cf2,-0.000691183318849653,0.00010973179450957105,0.9984577298164368,-6.144487269921228e-05,-0.000444141129264608,-0.0005826681153848767
1765156311.196769,cf1,-0.0009769677417352796,0.9993832111358643,0.9983656406402588,0.00017330670380033553,1.9284738300484605e-05,-0.0010120943188667297
1765156311.1970026,cf1,-0.0009769677417352796,0.9993832111358643,0.9983656406402588,0.000251064047915861,-3.193387601641007e-05,-0.0009996015578508377
1765156311.2119627,cf2,-0.0007018684409558773,9.749513992574066e-05,0.9984512329101562,-6.144487269921228e-05,-0.000444141129264608,-0.0005826681153848767
1765156311.2138085,cf2,-0.0007018684409558773,9.749513992574066e-05,0.9984512329101562,6.904038855282124e-06,-0.0005083883297629654,-0.000550891796592623
1765156311.216864,cf1,-0.0009849374182522297,0.9993659853935242,0.9983457922935486,0.000251064047915861,-3.193387601641007e-05,-0.0009996015578508377
1765156311.2173774,cf1,-0.0009849374182522297,0.9993659853935242,0.9983457922935486,0.0003339897084515542,-7.791179814375937e-05,-0.0009887675987556577
1765156311.232238,cf2,-0.0007107339915819466,8.403786341659725e-05,0.9984451532363892,6.904038855282124e-06,-0.0005083883297629654,-0.000550891796592623
1765156311.2341485,cf2,-0.0007107339915819466,8.403786341659725e-05,0.9984451532363892,9.90420303423889e-05,-0.0005531588103622198,-0.0005189377116039395
1765156311.236706,cf1,-0.0009907415369525552,0.9993483424186707,0.9983269572257996,0.0003339897084515542,-7.791179814375937e-05,-0.0009887675987556577
1765156311.2370124,cf1,-0.0009907415369525552,0.9993483424186707,0.9983269572257996,0.000422750337747857,-0.00011453779734438285,-0.0009737753425724804
1765156311.252083,cf2,-0.0007169658783823252,6.715221388731152e-05,0.9984372854232788,9.90420303423889e-05,-0.0005531588103622198,-0.0005189377116039395
1765156311.2538466,cf2,-0.0007169658783823252,6.715221388731152e-05,0.9984372854232788,0.0001893616863526404,-0.0005927227321080863,-0.0005046662408858538
1765156311.2568374,cf1,-0.0009944839403033257,0.9993295073509216,0.9983084201812744,0.000422750337747857,-0.00011453779734438285,-0.0009737753425724804
1765156311.2571516,cf1,-0.0009944839403033257,0.9993295073509216,0.9983084201812744,0.0005175324622541666,-0.00014560797717422247,-0.0009601949132047594
1765156311.2720773,cf2,-0.0007226101588457823,5.4237716540228575e-05,0.9984338879585266,0.0001893616863526404,-0.0005927227321080863,-0.0005046662408858538
1765156311.2739346,cf2,-0.0007226101588457823,5.4237716540228575e-05,0.9984338879585266,0.00026945947320200503,-0.0006130750989541411,-0.0004671898786909878
1765156311.2769406,cf1,-0.0009959177114069462,0.9993107318878174,0.9982909560203552,0.0005175324622541666,-0.00014560797717422247,-0.0009601949132047594
1765156311.2771914,cf1,-0.0009959177114069462,0.9993107318878174,0.9982909560203552,0.0006164473597891629,-0.00016777862037997693,-0.0009414757369086146
1765156311.2910476,cf2,-0.0007270172354765236,4.187972081126645e-05,0.9984310865402222,0.00026945947320200503,-0.0006130750989541411,-0.0004671898786909878
1765156311.2928371,cf2,-0.0007270172354765236,4.187972081126645e-05,0.9984310865402222,0.0003773585776798427,-0.0006363498396240175,-0.0004546484851744026
1765156311.2968853,cf1,-0.000995058799162507,0.9992910027503967,0.9982736110687256,0.0006164473597891629,-0.00016777862037997693,-0.0009414757369086146
1765156311.2972867,cf1,-0.000995058799162507,0.9992910027503967,0.9982736110687256,0.0007182945846579969,-0.00018685807299334556,-0.0009258009376935661
1765156311.3111575,cf2,-0.0007267133332788944,2.8367099730530754e-05,0.9984260201454163,0.0003773585776798427,-0.0006363498396240175,-0.0004546484851744026
1765156311.3128433,cf2,-0.0007267133332788944,2.8367099730530754e-05,0.9984260201454163,0.00047412325511686504,-0.0006447429768741131,-0.0004329622897785157
1765156311.315812,cf1,-0.0009899152209982276,0.9992761015892029,0.9982582926750183,0.0007182945846579969,-0.00018685807299334556,-0.0009258009376935661
1765156311.316138,cf1,-0.0009899152209982276,0.9992761015892029,0.9982582926750183,0.0008273946004919708,-0.00019544741371646523,-0.0009013739763759077
1765156311.3321075,cf2,-0.0007255346281453967,1.1871239621541463e-05,0.9984210729598999,0.00047412325511686504,-0.0006447429768741131,-0.0004329622897785157
1765156311.3339424,cf2,-0.0007255346281453967,1.1871239621541463e-05,0.9984210729598999,0.0005783354281447828,-0.0006465835031121969,-0.00040979101322591305
1765156311.3355923,cf1,-0.0009848892223089933,0.9992565512657166,0.9982427954673767,0.0008273946004919708,-0.00019544741371646523,-0.0009013739763759077
1765156311.3358128,cf1,-0.0009848892223089933,0.9992565512657166,0.9982427954673767,0.0009382220450788736,-0.00018787666340358555,-0.0008771119173616171
1765156311.3520825,cf2,-0.0007225290755741298,-3.444305548327975e-06,0.9984171390533447,0.0005783354281447828,-0.0006465835031121969,-0.00040979101322591305
1765156311.3537483,cf2,-0.0007225290755741298,-3.444305548327975e-06,0.9984171390533447,0.0006786767044104636,-0.0006411047652363777,-0.000388050772016868
1765156311.355667,cf1,-0.0009767081355676055,0.9992362260818481,0.9982270002365112,0.0009382220450788736,-0.00018787666340358555,-0.0008771119173616171
1765156311.355995,cf1,-0.0009767081355676055,0.9992362260818481,0.9982270002365112,0.0010488299885764718,-0.00019034487195312977,-0.0008606077753938735
1765156311.3720248,cf2,-0.0007168992306105793,-1.9174649423803203e-05,0.9984134435653687,0.0006786767044104636,-0.0006411047652363777,-0.000388050772016868
1765156311.3738294,cf2,-0.0007168992306105793,-1.9174649423803203e-05,0.9984134435653687,0.0007830546237528324,-0.0006325423601083457,-0.0003672217426355928
1765156311.3755183,cf1,-0.0009660994983278215,0.9992167353630066,0.9982123374938965,0.0010488299885764718,-0.00019034487195312977,-0.0008606077753938735
1765156311.3761508,cf1,-0.0009660994983278215,0.9992167353630066,0.9982123374938965,0.0011600437574088573,-0.00018489835201762617,-0.0008270462858490646
1765156311.392148,cf2,-0.000709129439201206,-3.621631913119927e-05,0.9984108209609985,0.0007830546237528324,-0.0006325423601083457,-0.0003672217426355928
1765156311.394061,cf2,-0.000709129439201206,-3.621631913119927e-05,0.9984108209609985,0.0008877881919033825,-0.0006156439194455743,-0.00034567827242426574
1765156311.395726,cf1,-0.0009527714573778212,0.9991976618766785,0.9982001781463623,0.0011600437574088573,-0.00018489835201762617,-0.0008270462858490646
1765156311.3960245,cf1,-0.0009527714573778212,0.9991976618766785,0.9982001781463623,0.0012690944131463766,-0.00017028945148922503,-0.0007114163017831743
1765156311.4120746,cf2,-0.0006982188206166029,-4.9360703997081146e-05,0.9984081387519836,0.0008877881919033825,-0.0006156439194455743,-0.00034567827242426574
1765156311.4138908,cf2,-0.0006982188206166029,-4.9360703997081146e-05,0.9984081387519836,0.000963525555562228,-0.0005814216565340757,-0.0003080739115830511
1765156311.4157171,cf1,-0.0009371543419547379,0.9991791844367981,0.9981915950775146,0.0012690944131463766,-0.00017028945148922503,-0.0007114163017831743
1765156311.415977,cf1,-0.0009371543419547379,0.9991791844367981,0.9981915950775146,0.0013630528701469302,-0.00014481374819297343,-0.0005282054771669209
1765156311.4318764,cf2,-0.0006860746070742607,-6.312264304142445e-05,0.9984073042869568,0.000963525555562228,-0.0005814216565340757,-0.0003080739115830511
1765156311.4338174,cf2,-0.0006860746070742607,-6.312264304142445e-05,0.9984073042869568,0.0010404462227597833,-0.0005452863406389952,-0.00028020766330882907
1765156311.435778,cf1,-0.0009197882027365267,0.9991616606712341,0.9981867074966431,0.0013630528701469302,-0.00014481374819297343,-0.0005282054771669209
1765156311.436008,cf1,-0.0009197882027365267,0.9991616606712341,0.9981867074966431,0.00143956090323627,-0.00010647184535628185,-0.0003145289374515414
1765156311.4521408,cf2,-0.0006717276410199702,-7.635405199835077e-05,0.9984073638916016,0.0010404462227597833,-0.0005452863406389952,-0.00028020766330882907
1765156311.4537919,cf2,-0.0006717276410199702,-7.635405199835077e-05,0.9984073638916016,0.001128845033235848,-0.0005076312809251249,-0.0002641942410264164
1765156311.4559724,cf1,-0.0009009427740238607,0.9991452097892761,0.9981849193572998,0.00143956090323627,-0.00010647184535628185,-0.0003145289374515414
1765156311.4562852,cf1,-0.0009009427740238607,0.9991452097892761,0.9981849193572998,0.0015028082998469472,-5.8314279158366844e-05,-0.000160547235282138
1765156311.472068,cf2,-0.0006551574915647507,-8.881162648322061e-05,0.9984081983566284,0.001128845033235848,-0.0005076312809251249,-0.0002641942410264164
1765156311.4739637,cf2,-0.0006551574915647507,-8.881162648322061e-05,0.9984081983566284,0.001163981156423688,-0.00044853819417767227,-0.00022441685723606497
1765156311.4756398,cf1,-0.0008808969869278371,0.9991301894187927,0.9981858134269714,0.0015028082998469472,-5.8314279158366844e-05,-0.000160547235282138
1765156311.4759452,cf1,-0.0008808969869278371,0.9991301894187927,0.9981858134269714,0.0015533013502135873,-4.887266982223082e-07,-5.213350959820673e-05
1765156311.492168,cf2,-0.0006416690303012729,-9.820594277698547e-05,0.998410701751709,0.001163981156423688,-0.00044853819417767227,-0.00022441685723606497
1765156311.4939895,cf2,-0.0006416690303012729,-9.820594277698547e-05,0.998410701751709,0.0012074734549969435,-0.00039062314317561686,-0.000193330692127347
1765156311.4957767,cf1,-0.0008598733111284673,0.9991167187690735,0.9981896877288818,0.0015533013502135873,-4.887266982223082e-07,-5.213350959820673e-05
1765156311.4961512,cf1,-0.0008598733111284673,0.9991167187690735,0.9981896877288818,0.0015937258722260594,6.62886377540417e-05,6.08969057793729e-05
1765156311.5120947,cf2,-0.0006239106878638268,-0.00010768079664558172,0.9984133839607239,0.0012074734549969435,-0.00039062314317561686,-0.000193330692127347
1765156311.5141249,cf2,-0.0006239106878638268,-0.00010768079664558172,0.9984133839607239,0.0012470667716115713,-0.0003285007260274142,-0.00016457322635687888
1765156311.5157926,cf1,-0.000838128908071667,0.999104917049408,0.9981966018676758,0.0015937258722260594,6.62886377540417e-05,6.08969057793729e-05
1765156311.516114,cf1,-0.000838128908071667,0.999104917049408,0.9981966018676758,0.0016233734786510468,0.00013992944150231779,0.00017623603343963623
1765156311.5310597,cf2,-0.0006051656673662364,-0.00011568085028557107,0.9984168410301208,0.0012470667716115713,-0.0003285007260274142,-0.00016457322635687888
1765156311.5328245,cf2,-0.0006051656673662364,-0.00011568085028557107,0.9984168410301208,0.0012640203349292278,-0.000295719422865659,-0.0001442494976799935
1765156311.5358067,cf1,-0.0008200171287171543,0.9990944862365723,0.9982062578201294,0.0016233734786510468,0.00013992944150231779,0.00017623603343963623
1765156311.536109,cf1,-0.0008200171287171543,0.9990944862365723,0.9982062578201294,0.0016223606653511524,0.00021285891125444323,0.0003494282136671245
1765156311.551104,cf2,-0.0005816678749397397,-0.00012276983761694282,0.998420774936676,0.0012640203349292278,-0.000295719422865659,-0.0001442494976799935
1765156311.5529382,cf2,-0.0005816678749397397,-0.00012276983761694282,0.998420774936676,0.0012963491026312113,-0.00021932786330580711,-0.00011824239481939003
1765156311.555846,cf1,-0.000793661514762789,0.9990869760513306,0.998220682144165,0.0016223606653511524,0.00021285891125444323,0.0003494282136671245
1765156311.5561247,cf1,-0.000793661514762789,0.9990869760513306,0.998220682144165,0.0016451950650662184,0.00030431177583523095,0.0005077669629827142
1765156311.571065,cf2,-0.0005658725276589394,-0.00012648760457523167,0.9984263181686401,0.0012963491026312113,-0.00021932786330580711,-0.00011824239481939003
1765156311.572764,cf2,-0.0005658725276589394,-0.00012648760457523167,0.9984263181686401,0.001296249683946371,-0.00013986785779707134,-8.058641833486035e-05
1765156311.575811,cf1,-0.0007707192562520504,0.9990810751914978,0.998236358165741,0.0016451950650662184,0.00030431177583523095,0.0005077669629827142
1765156311.5761175,cf1,-0.0007707192562520504,0.9990810751914978,0.998236358165741,0.001648728153668344,0.00039217810262925923,0.0006150193512439728
1765156311.5909507,cf2,-0.000546277326066047,-0.0001290228683501482,0.998432457447052,0.001296249683946371,-0.00013986785779707134,-8.058641833486035e-05
1765156311.5927596,cf2,-0.000546277326066047,-0.0001290228683501482,0.998432457447052,0.0013078799238428473,-5.8704106777440757e-05,-4.572363832267001e-05
1765156311.5957937,cf1,-0.0007533210446126759,0.9990758299827576,0.99825119972229,0.001648728153668344,0.00039217810262925923,0.0006150193512439728
1765156311.5960813,cf1,-0.0007533210446126759,0.9990758299827576,0.99825119972229,0.0016139454673975706,0.0004692169895861298,0.0007049955311231315
1765156311.6111422,cf2,-0.0005253475392237306,-0.0001296884147450328,0.998439610004425,0.0013078799238428473,-5.8704106777440757e-05,-4.572363832267001e-05
1765156311.6130583,cf2,-0.0005253475392237306,-0.0001296884147450328,0.998439610004425,0.0013069333508610725,2.4424311050097458e-05,-1.5373705537058413e-05
1765156311.616006,cf1,-0.0007315794355235994,0.9990736842155457,0.9982687830924988,0.0016139454673975706,0.0004692169895861298,0.0007049955311231315
1765156311.6163318,cf1,-0.0007315794355235994,0.9990736842155457,0.9982687830924988,0.0015899172285571694,0.0005569108761847019,0.0007281854632310569
1765156311.6320355,cf2,-0.0005024985875934362,-0.0001280173601116985,0.9984477758407593,0.0013069333508610725,2.4424311050097458e-05,-1.5373705537058413e-05
1765156311.6337755,cf2,-0.0005024985875934362,-0.0001280173601116985,0.9984477758407593,0.0013091134605929255,0.00011481312685646117,1.705146860331297e-05
1765156311.6356988,cf1,-0.000710304535459727,0.9990736842155457,0.9982874393463135,0.0015899172285571694,0.0005569108761847019,0.0007281854632310569
1765156311.6358945,cf1,-0.000710304535459727,0.9990736842155457,0.9982874393463135,0.001554408809170127,0.0006448563071899116,0.0007383266347460449
1765156311.6510055,cf2,-0.00048277678433805704,-0.00012423843145370483,0.9984570741653442,0.0013091134605929255,0.00011481312685646117,1.705146860331297e-05
1765156311.6527803,cf2,-0.00048277678433805704,-0.00012423843145370483,0.9984570741653442,0.001290691550821066,0.0002074382355203852,5.378084824769758e-05
1765156311.6558557,cf1,-0.0006899841828271747,0.9990756511688232,0.9983071684837341,0.001554408809170127,0.0006448563071899116,0.0007383266347460449
1765156311.6561315,cf1,-0.0006899841828271747,0.9990756511688232,0.9983071684837341,0.001509027206338942,0.0007307121995836496,0.000753291416913271
1765156311.6710348,cf2,-0.0004630647599697113,-0.00011821796942967921,0.9984676241874695,0.001290691550821066,0.0002074382355203852,5.378084824769758e-05
1765156311.6728067,cf2,-0.0004630647599697113,-0.00011821796942967921,0.9984676241874695,0.0012795395450666547,0.0002985905739478767,9.148049139184877e-05
1765156311.6757011,cf1,-0.000670897716190666,0.9990794658660889,0.9983280897140503,0.001509027206338942,0.0007307121995836496,0.000753291416913271
1765156311.6760297,cf1,-0.000670897716190666,0.9990794658660889,0.9983280897140503,0.001452385215088725,0.0008135849493555725,0.0007716765976510942
1765156311.6910417,cf2,-0.00044469477143138647,-0.00011030091263819486,0.9984786510467529,0.0012795395450666547,0.0002985905739478767,9.148049139184877e-05
1765156311.692819,cf2,-0.00044469477143138647,-0.00011030091263819486,0.9984786510467529,0.0012535001151263714,0.00039209166425280273,0.0001277231494896114
1765156311.6959317,cf1,-0.0006532404222525656,0.999085009098053,0.9983501434326172,0.001452385215088725,0.0008135849493555725,0.0007716765976510942
1765156311.696275,cf1,-0.0006532404222525656,0.999085009098053,0.9983501434326172,0.0013865252258256078,0.0008939133258536458,0.00079288863344118
1765156311.7112594,cf2,-0.00042670441325753927,-0.000100043231213931,0.9984908699989319,0.0012535001151263714,0.00039209166425280273,0.0001277231494896114
1765156311.7128458,cf2,-0.00042670441325753927,-0.000100043231213931,0.9984908699989319,0.0012219571508467197,0.0004862158966716379,0.00016571604646742344
1765156311.7155893,cf1,-0.0006372097413986921,0.9990922808647156,0.99837327003479,0.0013865252258256078,0.0008939133258536458,0.00079288863344118
1765156311.7158177,cf1,-0.0006372097413986921,0.9990922808647156,0.99837327003479,0.001311859698034823,0.0009705275297164917,0.0008164661121554673
1765156311.7310712,cf2,-0.0004091600712854415,-8.727837121114135e-05,0.9985042214393616,0.0012219571508467197,0.0004862158966716379,0.00016571604646742344
1765156311.7329156,cf2,-0.0004091600712854415,-8.727837121114135e-05,0.9985042214393616,0.0011921031400561333,0.0005791439907625318,0.0002042705746134743
1765156311.7360706,cf1,-0.0006229657446965575,0.9991010427474976,0.9983974695205688,0.001311859698034823,0.0009705275297164917,0.0008164661121554673
1765156311.7364419,cf1,-0.0006229657446965575,0.9991010427474976,0.9983974695205688,0.0012291945749893785,0.001044720527715981,0.0008423905819654465
1765156311.751043,cf2,-0.00039263261714950204,-7.233533688122407e-05,0.9985176920890808,0.0011921031400561333,0.0005791439907625318,0.0002042705746134743
1765156311.7527637,cf2,-0.00039263261714950204,-7.233533688122407e-05,0.9985176920890808,0.0011570912320166826,0.0006693887407891452,0.00024013698566704988
1765156311.7558944,cf1,-0.0006106627406552434,0.9991113543510437,0.9984227418899536,0.0012291945749893785,0.001044720527715981,0.0008423905819654465
1765156311.7562087,cf1,-0.0006106627406552434,0.9991113543510437,0.9984227418899536,0.0011401695664972067,0.0011148015037178993,0.0008703308994881809
1765156311.772079,cf2,-0.00037673034239560366,-5.521062121260911e-05,0.9985309839248657,0.0011570912320166826,0.0006693887407891452,0.00024013698566704988
1765156311.7740953,cf2,-0.00037673034239560366,-5.521062121260911e-05,0.9985309839248657,0.0011099822586402297,0.000745090190321207,0.00027142043109051883
1765156311.7757714,cf1,-0.0006004519527778029,0.9991229772567749,0.9984490871429443,0.0011401695664972067,0.0011148015037178993,0.0008703308994881809
1765156311.7760062,cf1,-0.0006004519527778029,0.9991229772567749,0.9984490871429443,0.0010449347319081426,0.0011811495060101151,0.0009002229198813438
1765156311.7910573,cf2,-0.0003626568941399455,-3.7081299524288625e-05,0.9985434412956238,0.0011099822586402297,0.000745090190321207,0.00027142043109051883
1765156311.7927773,cf2,-0.0003626568941399455,-3.7081299524288625e-05,0.9985434412956238,0.001051876344718039,0.0007984975818544626,0.0002309305709786713
1765156311.795694,cf1,-0.0005924246506765485,0.9991357922554016,0.9984763860702515,0.0010449347319081426,0.0011811495060101151,0.0009002229198813438
1765156311.7960188,cf1,-0.0005924246506765485,0.9991357922554016,0.9984763860702515,0.0009449823410250247,0.001242747181095183,0.0009311806643381715
1765156311.8110769,cf2,-0.0003467009519226849,-1.7654456314630806e-05,0.9985530376434326,0.001051876344718039,0.0007984975818544626,0.0002309305709786713
1765156311.81279,cf2,-0.0003467009519226849,-1.7654456314630806e-05,0.9985530376434326,0.0009911211673170328,0.0008365961257368326,0.00016318525013048202
1765156311.8160439,cf1,-0.000586718029808253,0.9991498589515686,0.9985042810440063,0.0009449823410250247,0.001242747181095183,0.0009311806643381715
1765156311.8164198,cf1,-0.000586718029808253,0.9991498589515686,0.9985042810440063,0.0008405178668908775,0.001300583709962666,0.0009617038886062801
1765156311.8311787,cf2,-0.000335673859808594,2.109845354425488e-06,0.9985634088516235,0.0009911211673170328,0.0008365961257368326,0.00016318525013048202
1765156311.8330388,cf2,-0.000335673859808594,2.109845354425488e-06,0.9985634088516235,0.0009243128006346524,0.0008625376503914595,0.00010033782018581405
1765156311.835815,cf1,-0.0005834563635289669,0.9991649985313416,0.9985311627388,0.0008405178668908775,0.001300583709962666,0.0009617038886062801
1765156311.8361187,cf1,-0.0005834563635289669,0.9991649985313416,0.9985311627388,0.0007341073942370713,0.0013512554578483105,0.0009200628264807165
1765156311.851051,cf2,-0.00032996266963891685,2.157288145099301e-05,0.9985750317573547,0.0009243128006346524,0.0008625376503914595,0.00010033782018581405
1765156311.85279,cf2,-0.00032996266963891685,2.157288145099301e-05,0.9985750317573547,0.000852252880576998,0.0008767548715695739,3.9213697164086625e-05
1765156311.8569365,cf1,-0.0005800926010124385,0.9991821050643921,0.9985531568527222,0.0007341073942370713,0.0013512554578483105,0.0009200628264807165
1765156311.857409,cf1,-0.0005800926010124385,0.9991821050643921,0.9985531568527222,0.0006268101860769093,0.0013845072826370597,0.0008377842023037374
1765156311.8711967,cf2,-0.0003187164547853172,4.2803018004633486e-05,0.9985816478729248,0.000852252880576998,0.0008767548715695739,3.9213697164086625e-05
1765156311.87302,cf2,-0.0003187164547853172,4.2803018004633486e-05,0.9985816478729248,0.0007747017662040889,0.0008799615316092968,-2.025691901508253e-05
1765156311.8767974,cf1,-0.0005834673065692186,0.9991967678070068,0.9985779523849487,0.0006268101860769093,0.0013845072826370597,0.0008377842023037374
1765156311.877085,cf1,-0.0005834673065692186,0.9991967678070068,0.9985779523849487,0.0005341898067854345,0.0013987235724925995,0.000695809256285429
1765156311.891191,cf2,-0.0003131250850856304,6.31964358035475e-05,0.9985893964767456,0.0007747017662040889,0.0008799615316092968,-2.025691901508253e-05
1765156311.8928473,cf2,-0.0003131250850856304,6.31964358035475e-05,0.9985893964767456,0.0006917332648299634,0.0008733691647648811,-7.79771144152619e-05
1765156311.897182,cf1,-0.0005861740210093558,0.9992126226425171,0.9985970258712769,0.0005341898067854345,0.0013987235724925995,0.000695809256285429
1765156311.8974957,cf1,-0.0005861740210093558,0.9992126226425171,0.9985970258712769,0.0004515047767199576,0.0014000952942296863,0.0005263658240437508
1765156311.9119127,cf2,-0.00030936519033275545,8.782948862062767e-05,0.9985979199409485,0.0006917332648299634,0.0008733691647648811,-7.79771144152619e-05
1765156311.9149797,cf2,-0.00030936519033275545,8.782948862062767e-05,0.9985979199409485,0.000614924356341362,0.000863279215991497,-0.00015017070109024644
1765156311.9170525,cf1,-0.0005904645076952875,0.9992281198501587,0.9986132383346558,0.0004515047767199576,0.0014000952942296863,0.0005263658240437508
1765156311.917395,cf1,-0.0005904645076952875,0.9992281198501587,0.9986132383346558,0.00037493498530238867,0.0013886563247069716,0.0003629978164099157
1765156311.9311354,cf2,-0.00031341612339019775,9.96669041342102e-05,0.9986052513122559,0.000614924356341362,0.000863279215991497,-0.00015017070109024644
1765156311.9342043,cf2,-0.00031341612339019775,9.96669041342102e-05,0.9986052513122559,0.000518034037668258,0.0008349809795618057,-0.00021513088722713292
1765156311.9366777,cf1,-0.0005962155992165208,0.9992430806159973,0.9986266493797302,0.00037493498530238867,0.0013886563247069716,0.0003629978164099157
1765156311.9368548,cf1,-0.0005962155992165208,0.9992430806159973,0.9986266493797302,0.0003038874128833413,0.0013671115739271045,0.00020280689932405949
1765156311.9519289,cf2,-0.0003121612826362252,0.00011692412954289466,0.9986086487770081,0.000518034037668258,0.0008349809795618057,-0.00021513088722713292
1765156311.9539285,cf2,-0.0003121612826362252,0.00011692412954289466,0.9986086487770081,0.0004198783135507256,0.0008004692499525845,-0.0002662234182935208
1765156311.9569356,cf1,-0.0006032619276084006,0.9992572069168091,0.998637318611145,0.0003038874128833413,0.0013671115739271045,0.00020280689932405949
1765156311.9572976,cf1,-0.0006032619276084006,0.9992572069168091,0.998637318611145,0.00023851674632169306,0.0013340972363948822,4.564056871458888e-05
1765156311.972017,cf2,-0.0003169062256347388,0.00013727866462431848,0.9986149668693542,0.0004198783135507256,0.0008004692499525845,-0.0002662234182935208
1765156311.973882,cf2,-0.0003169062256347388,0.00013727866462431848,0.9986149668693542,0.0003231140144634992,0.000761269184295088,-0.0003190267598256469
1765156311.9769154,cf1,-0.0006113828276284039,0.9992703199386597,0.9986451268196106,0.00023851674632169306,0.0013340972363948822,4.564056871458888e-05
1765156311.9771547,cf1,-0.0006113828276284039,0.9992703199386597,0.9986451268196106,0.00017981410201173276,0.001291631255298853,-0.00010934293095488101
1765156311.9922225,cf2,-0.00031970275449566543,0.00015321146929636598,0.998616635799408,0.0003231140144634992,0.000761269184295088,-0.0003190267598256469
1765156311.994197,cf2,-0.00031970275449566543,0.00015321146929636598,0.998616635799408,0.00022533498122356832,0.0007161244284361601,-0.0003705570416059345
1765156311.9966536,cf1,-0.0006174846785143018,0.9992833137512207,0.9986483454704285,0.00017981410201173276,0.001291631255298853,-0.00010934293095488101
1765156311.9968343,cf1,-0.0006174846785143018,0.9992833137512207,0.9986483454704285,0.00012720405356958508,0.0012424163287505507,-0.0002613409305922687
1765156312.0120564,cf2,-0.00032945681596174836,0.00017141959688160568,0.9986211061477661,0.00022533498122356832,0.0007161244284361601,-0.0003705570416059345
1765156312.013907,cf2,-0.00032945681596174836,0.00017141959688160568,0.9986211061477661,0.0001271144865313545,0.0006612004362978041,-0.0004217363311909139
1765156312.0155423,cf1,-0.000627298781182617,0.9992946982383728,0.9986507892608643,0.00012720405356958508,0.0012424163287505507,-0.0002613409305922687
1765156312.0157533,cf1,-0.000627298781182617,0.9992946982383728,0.9986507892608643,8.703579078428447e-05,0.0011883527040481567,-0.00042160754674114287
1765156312.032041,cf2,-0.0003365783777553588,0.00018576554430183023,0.9986209869384766,0.0001271144865313545,0.0006612004362978041,-0.0004217363311909139
1765156312.0342143,cf2,-0.0003365783777553588,0.00018576554430183023,0.9986209869384766,4.512725354288705e-05,0.0006297682411968708,-0.00042528982157818973
1765156312.035661,cf1,-0.0006384762236848474,0.9993038177490234,0.9986513257026672,8.703579078428447e-05,0.0011883527040481567,-0.00042160754674114287
1765156312.0359242,cf1,-0.0006384762236848474,0.9993038177490234,0.9986513257026672,4.220563278067857e-05,0.0011260344181209803,-0.000498342327773571
1765156312.0509648,cf2,-0.00034895361750386655,0.0002000040840357542,0.9986222386360168,4.512725354288705e-05,0.0006297682411968708,-0.00042528982157818973
1765156312.0528345,cf2,-0.00034895361750386655,0.0002000040840357542,0.9986222386360168,-6.25556567683816e-05,0.0005580857978202403,-0.0004124119004700333
1765156312.0557716,cf1,-0.0006499491864815354,0.999311625957489,0.998650074005127,4.220563278067857e-05,0.0011260344181209803,-0.000498342327773571
1765156312.0561705,cf1,-0.0006499491864815354,0.999311625957489,0.998650074005127,1.0600369023450185e-05,0.0010597941000014544,-0.0005480957333929837
1765156312.07108,cf2,-0.0003636055043898523,0.0002123145677614957,0.9986239671707153,-6.25556567683816e-05,0.0005580857978202403,-0.0004124119004700333
1765156312.0729,cf2,-0.0003636055043898523,0.0002123145677614957,0.9986239671707153,-0.00015159774920903146,0.0004896888858638704,-0.00036620849277824163
1765156312.075695,cf1,-0.0006616020109504461,0.9993177056312561,0.9986470341682434,1.0600369023450185e-05,0.0010597941000014544,-0.0005480957333929837
1765156312.076068,cf1,-0.0006616020109504461,0.9993177056312561,0.9986470341682434,-5.401059297582833e-06,0.0009889596840366721,-0.00060271006077528
1765156312.0910811,cf2,-0.00037999291089363396,0.000223385140998289,0.9986252188682556,-0.00015159774920903146,0.0004896888858638704,-0.00036620849277824163
1765156312.0928688,cf2,-0.00037999291089363396,0.000223385140998289,0.9986252188682556,-0.00022124899260234088,0.00041757826693356037,-0.0003285726998001337
1765156312.095889,cf1,-0.0006731926114298403,0.9993220567703247,0.9986422061920166,-5.401059297582833e-06,0.0009889596840366721,-0.00060271006077528
1765156312.0963619,cf1,-0.0006731926114298403,0.9993220567703247,0.9986422061920166,-9.527682777843438e-06,0.0009161160560324788,-0.0006596608436666429
1765156312.110994,cf2,-0.0003978277381975204,0.00023283023620024323,0.9986261129379272,-0.00022124899260234088,0.00041757826693356037,-0.0003285726998001337
1765156312.1128206,cf2,-0.0003978277381975204,0.00023283023620024323,0.9986261129379272,-0.0002786795375868678,0.00034246424911543727,-0.00029542221454903483
1765156312.1170905,cf1,-0.0006845236057415605,0.9993246793746948,0.9986355900764465,-9.527682777843438e-06,0.0009161160560324788,-0.0006596608436666429
1765156312.1174626,cf1,-0.0006845236057415605,0.9993246793746948,0.9986355900764465,-2.469633955115569e-06,0.0008342890650965273,-0.0007187879527918994
1765156312.1310375,cf2,-0.0004169045714661479,0.00024050104548223317,0.9986265897750854,-0.0002786795375868678,0.00034246424911543727,-0.00029542221454903483
1765156312.1327934,cf2,-0.0004169045714661479,0.00024050104548223317,0.9986265897750854,-0.0003140258777420968,0.00026174564845860004,-0.00027165713254362345
1765156312.1370807,cf1,-0.0006953240954317153,0.9993252158164978,0.9986273646354675,-2.469633955115569e-06,0.0008342890650965273,-0.0007187879527918994
1765156312.1374223,cf1,-0.0006953240954317153,0.9993252158164978,0.9986273646354675,1.443547080270946e-05,0.0007555111078545451,-0.0007791370735503733
1765156312.151196,cf2,-0.0004369483795017004,0.0002463415148667991,0.9986264109611511,-0.0003140258777420968,0.00026174564845860004,-0.00027165713254362345
1765156312.1530895,cf2,-0.0004369483795017004,0.0002463415148667991,0.9986264109611511,-0.0003610978601500392,0.0001805102510843426,-0.00025335585814900696
1765156312.1568103,cf1,-0.000705451937392354,0.9993239641189575,0.9986172318458557,1.443547080270946e-05,0.0007555111078545451,-0.0007791370735503733
1765156312.157131,cf1,-0.000705451937392354,0.9993239641189575,0.9986172318458557,3.9857099181972444e-05,0.0006737291696481407,-0.0008410137961618602
1765156312.1711454,cf2,-0.0004577451618388295,0.0002502549614291638,0.9986256957054138,-0.0003610978601500392,0.0001805102510843426,-0.00025335585814900696
1765156312.1728086,cf2,-0.0004577451618388295,0.0002502549614291638,0.9986256957054138,-0.0003764412831515074,9.434935782337561e-05,-0.0002571341465227306
1765156312.1770191,cf1,-0.0007147401920519769,0.9993206262588501,0.9986054301261902,3.9857099181972444e-05,0.0006737291696481407,-0.0008410137961618602
1765156312.177366,cf1,-0.0007147401920519769,0.9993206262588501,0.9986054301261902,7.373502012342215e-05,0.0005908269085921347,-0.0009044908219948411
1765156312.191254,cf2,-0.0004790120874531567,0.00025216955691576004,0.9986244440078735,-0.0003764412831515074,9.434935782337561e-05,-0.0002571341465227306
1765156312.193069,cf2,-0.0004790120874531567,0.00025216955691576004,0.9986244440078735,-0.00039276390452869236,6.433334874600405e-06,-0.0002487157180439681
1765156312.19682,cf1,-0.000722980999853462,0.9993152618408203,0.9985916018486023,7.373502012342215e-05,0.0005908269085921347,-0.0009044908219948411
1765156312.1971512,cf1,-0.000722980999853462,0.9993152618408203,0.9985916018486023,0.00011646138591459021,0.0005069852923043072,-0.0009703088435344398
1765156312.2110956,cf2,-0.0005005939747206867,0.0002520099515095353,0.9986228942871094,-0.00039276390452869236,6.433334874600405e-06,-0.0002487157180439681
1765156312.212925,cf2,-0.0005005939747206867,0.0002520099515095353,0.9986228942871094,-0.00040206953417509794,-8.45446193125099e-05,-0.00023147200408857316
1765156312.2170584,cf1,-0.0007298716227523983,0.9993080496788025,0.998576283454895,0.00011646138591459021,0.0005069852923043072,-0.0009703088435344398
1765156312.2174544,cf1,-0.0007298716227523983,0.9993080496788025,0.998576283454895,0.00016671582125127316,0.0004231403872836381,-0.001035385299474001
1765156312.231053,cf2,-0.0005223177722655237,0.0002497300156392157,0.998620867729187,-0.00040206953417509794,-8.45446193125099e-05,-0.00023147200408857316
1765156312.232811,cf2,-0.0005223177722655237,0.0002497300156392157,0.998620867729187,-0.00040370150236412883,-0.00017700559692457318,-0.00022669277677778155
1765156312.2372057,cf1,-0.000735533598344773,0.9992986917495728,0.9985588788986206,0.00016671582125127316,0.0004231403872836381,-0.001035385299474001
1765156312.2375484,cf1,-0.000735533598344773,0.9992986917495728,0.9985588788986206,0.000224588206037879,0.00033899673144333065,-0.0011019657831639051
1765156312.2512138,cf2,-0.0005440112436190248,0.0002452584740240127,0.9986180663108826,-0.00040370150236412883,-0.00017700559692457318,-0.00022669277677778155
1765156312.253205,cf2,-0.0005440112436190248,0.0002452584740240127,0.9986180663108826,-0.0003985932271461934,-0.0002718179312068969,-0.00026053463807329535
1765156312.2568376,cf1,-0.0007398866000585258,0.9992868304252625,0.9985387921333313,0.000224588206037879,0.00033899673144333065,-0.0011019657831639051
1765156312.2571466,cf1,-0.0007398866000585258,0.9992868304252625,0.9985387921333313,0.0002871256147045642,0.000252692901995033,-0.0011746138334274292
1765156312.2710333,cf2,-0.0005655056447722018,0.00023852734011597931,0.9986149072647095,-0.0003985932271461934,-0.0002718179312068969,-0.00026053463807329535
1765156312.2729046,cf2,-0.0005655056447722018,0.00023852734011597931,0.9986149072647095,-0.00038643230800516903,-0.00036836910294368863,-0.00024762441171333194
1765156312.2770798,cf1,-0.0007424221257679164,0.9992732405662537,0.9985172748565674,0.0002871256147045642,0.000252692901995033,-0.0011746138334274292
1765156312.2775116,cf1,-0.0007424221257679164,0.9992732405662537,0.9985172748565674,0.0003570852568373084,0.00016769356443546712,-0.0012467759661376476
1765156312.2910516,cf2,-0.0005866563878953457,0.00022953288862481713,0.9986110925674438,-0.00038643230800516903,-0.00036836910294368863,-0.00024762441171333194
1765156312.2928472,cf2,-0.0005866563878953457,0.00022953288862481713,0.9986110925674438,-0.0003685933770611882,-0.0004656163218896836,-0.00028166468837298453
1765156312.2970548,cf1,-0.0007431615376845002,0.9992576837539673,0.9984940886497498,0.0003570852568373084,0.00016769356443546712,-0.0012467759661376476
1765156312.2973473,cf1,-0.0007431615376845002,0.9992576837539673,0.9984940886497498,0.0004323334142100066,8.603299647802487e-05,-0.001318112830631435
1765156312.3110898,cf2,-0.0006074750563129783,0.00021795953216496855,0.9986063838005066,-0.0003685933770611882,-0.0004656163218896836,-0.00028166468837298453
1765156312.3129456,cf2,-0.0006074750563129783,0.00021795953216496855,0.9986063838005066,-0.0003406719770282507,-0.0005665773642249405,-0.00031572027364745736
1765156312.3158686,cf1,-0.0007419224712066352,0.9992402791976929,0.998470664024353,0.0004323334142100066,8.603299647802487e-05,-0.001318112830631435
1765156312.3161864,cf1,-0.0007419224712066352,0.9992402791976929,0.998470664024353,0.0005142773152329028,6.971374205022585e-06,-0.001302405376918614
1765156312.3309667,cf2,-0.0006242637173272669,0.00020396331092342734,0.9986010789871216,-0.0003406719770282507,-0.0005665773642249405,-0.00031572027364745736
1765156312.3326838,cf2,-0.0006242637173272669,0.00020396331092342734,0.9986010789871216,-0.0002913965145125985,-0.0006611569551751018,-0.000301961787045002
1765156312.3358352,cf1,-0.0007388798985630274,0.9992215037345886,0.9984495639801025,0.0005142773152329028,6.971374205022585e-06,-0.001302405376918614
1765156312.336292,cf1,-0.0007388798985630274,0.9992215037345886,0.9984495639801025,0.000593355274759233,-5.2879229770042e-05,-0.0011907123262062669
1765156312.3521605,cf2,-0.0006463411846198142,0.00018873710359912366,0.9985965490341187,-0.0002913965145125985,-0.0006611569551751018,-0.000301961787045002
1765156312.3541882,cf2,-0.0006463411846198142,0.00018873710359912366,0.9985965490341187,-0.0002707465027924627,-0.0007434369181282818,-0.0003103537601418793
1765156312.3558092,cf1,-0.0007339852163568139,0.9992017149925232,0.9984304308891296,0.000593355274759233,-5.2879229770042e-05,-0.0011907123262062669
1765156312.356114,cf1,-0.0007339852163568139,0.9992017149925232,0.9984304308891296,0.0006702904356643558,-9.495364065514877e-05,-0.0010668013710528612
1765156312.3721159,cf2,-0.0006645307876169682,0.00017174369713757187,0.9985902309417725,-0.0002707465027924627,-0.0007434369181282818,-0.0003103537601418793
1765156312.3741202,cf2,-0.0006645307876169682,0.00017174369713757187,0.9985902309417725,-0.00022173093748278916,-0.000805724470410496,-0.0003987839736510068
1765156312.375765,cf1,-0.0007242720457725227,0.9991856813430786,0.9984108209609985,0.0006702904356643558,-9.495364065514877e-05,-0.0010668013710528612
1765156312.3764298,cf1,-0.0007242720457725227,0.9991856813430786,0.9984108209609985,0.0007432386046275496,-0.0001231432834174484,-0.000947742082644254
1765156312.3919678,cf2,-0.0006812764331698418,0.00015356374206021428,0.9985827803611755,-0.00022173093748278916,-0.000805724470410496,-0.0003987839736510068
1765156312.3939633,cf2,-0.0006812764331698418,0.00015356374206021428,0.9985827803611755,-0.0001625363656785339,-0.0008533865329809487,-0.0004843492934014648
1765156312.395874,cf1,-0.0007193328347057104,0.9991604685783386,0.9983978271484375,0.0007432386046275496,-0.0001231432834174484,-0.000947742082644254
1765156312.3962133,cf1,-0.0007193328347057104,0.9991604685783386,0.9983978271484375,0.0008145591709762812,-0.00013839206076227129,-0.0008319510379806161
1765156312.4121,cf2,-0.0006965188658796251,0.00013453351857606322,0.9985743761062622,-0.0001625363656785339,-0.0008533865329809487,-0.0004843492934014648
1765156312.4141004,cf2,-0.0006965188658796251,0.00013453351857606322,0.9985743761062622,-9.649428102420643e-05,-0.0008893630001693964,-0.0005653710686601698
1765156312.4166837,cf1,-0.0007093170424923301,0.9991394281387329,0.9983839392662048,0.0008145591709762812,-0.00013839206076227129,-0.0008319510379806161
1765156312.4169877,cf1,-0.0007093170424923301,0.9991394281387329,0.9983839392662048,0.0008848693105392158,-0.00013871255214326084,-0.0007111069862730801
1765156312.4320688,cf2,-0.0007101708324626088,0.00011486422590678558,0.9985650181770325,-9.649428102420643e-05,-0.0008893630001693964,-0.0005653710686601698
1765156312.4339848,cf2,-0.0007101708324626088,0.00011486422590678558,0.9985650181770325,-2.551451325416565e-05,-0.0009155335137620568,-0.0006430121138691902
1765156312.4370089,cf1,-0.000695191731210798,0.9991230964660645,0.9983711838722229,0.0008848693105392158,-0.00013871255214326084,-0.0007111069862730801
1765156312.4373956,cf1,-0.000695191731210798,0.9991230964660645,0.9983711838722229,0.0009495397098362446,-0.00013197647058404982,-0.0005998359411023557
1765156312.4519947,cf2,-0.0007221014820970595,9.482919267611578e-05,0.9985547065734863,-2.551451325416565e-05,-0.0009155335137620568,-0.0006430121138691902
1765156312.453997,cf2,-0.0007221014820970595,9.482919267611578e-05,0.9985547065734863,5.057904854766093e-05,-0.0009308627340942621,-0.0007178662926889956
1765156312.457026,cf1,-0.0006864276947453618,0.9990983605384827,0.9983630180358887,0.0009495397098362446,-0.00013197647058404982,-0.0005998359411023557
1765156312.4572792,cf1,-0.0006864276947453618,0.9990983605384827,0.9983630180358887,0.0010119456565007567,-0.00011353289301041514,-0.000492034072522074
1765156312.4724169,cf2,-0.0007321614539250731,7.463071960955858e-05,0.998543381690979,5.057904854766093e-05,-0.0009308627340942621,-0.0007178662926889956
1765156312.4741912,cf2,-0.0007321614539250731,7.463071960955858e-05,0.998543381690979,0.00013184377166908234,-0.0009371734340675175,-0.00078972103074193
1765156312.47676,cf1,-0.0006728845182806253,0.9990785121917725,0.9983552694320679,0.0010119456565007567,-0.00011353289301041514,-0.000492034072522074
1765156312.4770784,cf1,-0.0006728845182806253,0.9990785121917725,0.9983552694320679,0.0010728829074651003,-8.779083145782351e-05,-0.000385914696380496
1765156312.491969,cf2,-0.0007369574159383774,5.321573553374037e-05,0.9985283613204956,0.00013184377166908234,-0.0009371734340675175,-0.00078972103074193
1765156312.494078,cf2,-0.0007369574159383774,5.321573553374037e-05,0.9985283613204956,0.0002180328592658043,-0.0009346496663056314,-0.0008594824466854334
1765156312.4971054,cf1,-0.0006585936062037945,0.9990598559379578,0.998349666595459,0.0010728829074651003,-8.779083145782351e-05,-0.000385914696380496
1765156312.497477,cf1,-0.0006585936062037945,0.9990598559379578,0.998349666595459,0.001128705102019012,-5.309528933139518e-05,-0.00028079148614779115
1765156312.5110917,cf2,-0.0007427125237882137,3.306706275907345e-05,0.9985145330429077,0.0002180328592658043,-0.0009346496663056314,-0.0008594824466854334
1765156312.5127695,cf2,-0.0007427125237882137,3.306706275907345e-05,0.9985145330429077,0.00031198206124827266,-0.0009213237790390849,-0.0009264462860301137
1765156312.517014,cf1,-0.0006387936882674694,0.9990458488464355,0.9983451962471008,0.001128705102019012,-5.309528933139518e-05,-0.00028079148614779115
1765156312.5177078,cf1,-0.0006387936882674694,0.9990458488464355,0.9983451962471008,0.0011841849191114306,-1.3460324225889053e-05,-0.00017793972801882774
1765156312.5310395,cf2,-0.000746497418731451,1.3708985534321982e-05,0.9985001683235168,0.00031198206124827266,-0.0009213237790390849,-0.0009264462860301137
1765156312.53287,cf2,-0.000746497418731451,1.3708985534321982e-05,0.9985001683235168,0.0004025579255539924,-0.0009033622336573899,-0.0009914227994158864
1765156312.537139,cf1,-0.0006217241752892733,0.9990283250808716,0.9983435869216919,0.0011841849191114306,-1.3460324225889053e-05,-0.00017793972801882774
1765156312.5377479,cf1,-0.0006217241752892733,0.9990283250808716,0.9983435869216919,0.0012342516565695405,3.305858626845293e-05,-7.616446237079799e-05
1765156312.551046,cf2,-0.0007480172789655626,-5.160693945072126e-06,0.9984848499298096,0.0004025579255539924,-0.0009033622336573899,-0.0009914227994158864
1765156312.5527782,cf2,-0.0007480172789655626,-5.160693945072126e-06,0.9984848499298096,0.0004963026731275022,-0.0008782889926806092,-0.001055434811860323
1765156312.5571296,cf1,-0.0006042774766683578,0.9990125298500061,0.9983440041542053,0.0012342516565695405,3.305858626845293e-05,-7.616446237079799e-05
1765156312.5574718,cf1,-0.0006042774766683578,0.9990125298500061,0.9983440041542053,0.0012812825152650476,8.620135486125946e-05,2.4026481696637347e-05
1765156312.571158,cf2,-0.0007473010919056833,-2.357286211918108e-05,0.9984683990478516,0.0004963026731275022,-0.0008782889926806092,-0.001055434811860323
1765156312.572887,cf2,-0.0007473010919056833,-2.357286211918108e-05,0.9984683990478516,0.0005910925683565438,-0.0008448055596090853,-0.0011141394497826695
1765156312.5768085,cf1,-0.0005858303629793227,0.9989977478981018,0.9983462691307068,0.0012812825152650476,8.620135486125946e-05,2.4026481696637347e-05
1765156312.5770462,cf1,-0.0005858303629793227,0.9989977478981018,0.9983462691307068,0.0013260202249512076,0.00014151683717500418,0.0001229129993589595
1765156312.5921216,cf2,-0.0007441517082042992,-4.0836654079612345e-05,0.9984513521194458,0.0005910925683565438,-0.0008448055596090853,-0.0011141394497826695
1765156312.5939636,cf2,-0.0007441517082042992,-4.0836654079612345e-05,0.9984513521194458,0.000690317596308887,-0.0008018064545467496,-0.0011714750435203314
1765156312.5971677,cf1,-0.0005662892363034189,0.9989840984344482,0.9983500838279724,0.0013260202249512076,0.00014151683717500418,0.0001229129993589595
1765156312.5975027,cf1,-0.0005662892363034189,0.9989840984344482,0.9983500838279724,0.0013662691926583648,0.0001998719380935654,0.0001901068608276546
1765156312.6111062,cf2,-0.0007464192458428442,-4.975539923179895e-05,0.9984452128410339,0.000690317596308887,-0.0008018064545467496,-0.0011714750435203314
1765156312.6129255,cf2,-0.0007464192458428442,-4.975539923179895e-05,0.9984452128410339,0.0007896474562585354,-0.0007511992589570582,-0.0012242798693478107
1765156312.6171055,cf1,-0.0005465357098728418,0.9989720582962036,0.9983540773391724,0.0013662691926583648,0.0001998719380935654,0.0001901068608276546
1765156312.6174836,cf1,-0.0005465357098728418,0.9989720582962036,0.9983540773391724,0.0014125044690445065,0.00028380582807585597,0.0001906817633425817
1765156312.631192,cf2,-0.000739918788895011,-6.502000178443268e-05,0.9984275102615356,0.0007896474562585354,-0.0007511992589570582,-0.0012242798693478107
1765156312.6328285,cf2,-0.000739918788895011,-6.502000178443268e-05,0.9984275102615356,0.0008878302178345621,-0.0006999385659582913,-0.0012341814581304789
1765156312.6359608,cf1,-0.0005265339277684689,0.9989616870880127,0.9983587265014648,0.0014125044690445065,0.00028380582807585597,0.0001906817633425817
1765156312.6363592,cf1,-0.0005265339277684689,0.9989616870880127,0.9983587265014648,0.0014183163875713944,0.000351987371686846,0.000192558640264906
1765156312.6520042,cf2,-0.000730468484107405,-7.96932217781432e-05,0.9984100461006165,0.0008878302178345621,-0.0006999385659582913,-0.0012341814581304789
1765156312.6539626,cf2,-0.000730468484107405,-7.96932217781432e-05,0.9984100461006165,0.0009854084346443415,-0.0006386724417097867,-0.0010994659969583154
1765156312.6557176,cf1,-0.000507600256241858,0.9989526867866516,0.9983637928962708,0.0014183163875713944,0.000351987371686846,0.000192558640264906
1765156312.656105,cf1,-0.000507600256241858,0.9989526867866516,0.9983637928962708,0.0014094023499637842,0.00041862763464450836,0.00019725885067600757
1765156312.6711802,cf2,-0.0007185811991803348,-9.290470188716426e-05,0.9983952641487122,0.0009854084346443415,-0.0006386724417097867,-0.0010994659969583154
1765156312.6728835,cf2,-0.0007185811991803348,-9.290470188716426e-05,0.9983952641487122,0.001024666940793395,-0.0006029490032233298,-0.0010170129826292396
1765156312.675871,cf1,-0.000488998950459063,0.9989453554153442,0.9983693957328796,0.0014094023499637842,0.00041862763464450836,0.00019725885067600757
1765156312.6761858,cf1,-0.000488998950459063,0.9989453554153442,0.9983693957328796,0.0013887580716982484,0.0004871569690294564,0.00020337992464192212
1765156312.691108,cf2,-0.0007028997060842812,-0.0001055670581990853,0.9983816742897034,0.001024666940793395,-0.0006029490032233298,-0.0010170129826292396
1765156312.6928363,cf2,-0.0007028997060842812,-0.0001055670581990853,0.9983816742897034,0.0010978004429489374,-0.0005367490230128169,-0.0008873126353137195
1765156312.695829,cf1,-0.0004712322261184454,0.9989396929740906,0.998375415802002,0.0013887580716982484,0.0004871569690294564,0.00020337992464192212
1765156312.6961586,cf1,-0.0004712322261184454,0.9989396929740906,0.998375415802002,0.0013569260481745005,0.0005571283982135355,0.00021040525462012738
1765156312.7111542,cf2,-0.000690786459017545,-0.00011403127427911386,0.9983749389648438,0.0010978004429489374,-0.0005367490230128169,-0.0008873126353137195
1765156312.7128344,cf2,-0.000690786459017545,-0.00011403127427911386,0.9983749389648438,0.0011397924972698092,-0.0004587988369166851,-0.0007368874503299594
1765156312.7158284,cf1,-0.00045458509703166783,0.9989357590675354,0.9983819723129272,0.0013569260481745005,0.0005571283982135355,0.00021040525462012738
1765156312.7161846,cf1,-0.00045458509703166783,0.9989357590675354,0.9983819723129272,0.0013136276975274086,0.0006295834900811315,0.00021886546164751053
1765156312.731169,cf2,-0.0006721592508256435,-0.0001228923792950809,0.9983672499656677,0.0011397924972698092,-0.0004587988369166851,-0.0007368874503299594
1765156312.732895,cf2,-0.0006721592508256435,-0.0001228923792950809,0.9983672499656677,0.0011890515452250838,-0.00038055822369642556,-0.0006087429937906563
1765156312.736081,cf1,-0.00044576553045772016,0.9989301562309265,0.9983877539634705,0.0013136276975274086,0.0006295834900811315,0.00021886546164751053
1765156312.7364137,cf1,-0.00044576553045772016,0.9989301562309265,0.9983877539634705,0.0012291095918044448,0.0006782370619475842,0.00022480452025774866
1765156312.751008,cf2,-0.00065744633320719,-0.00012811187480110675,0.9983648061752319,0.0011890515452250838,-0.00038055822369642556,-0.0006087429937906563
1765156312.7539704,cf2,-0.00065744633320719,-0.00012811187480110675,0.9983648061752319,0.0012109625386074185,-0.0002916425291914493,-0.00046713813208043575
1765156312.755644,cf1,-0.00042604218469932675,0.9989330172538757,0.9983959794044495,0.0012291095918044448,0.0006782370619475842,0.00022480452025774866
1765156312.7559168,cf1,-0.00042604218469932675,0.9989330172538757,0.9983959794044495,0.001189807546325028,0.0007702178554609418,0.00023562952992506325
1765156312.772118,cf2,-0.0006400171550922096,-0.00013195202336646616,0.9983640909194946,0.0012109625386074185,-0.0002916425291914493,-0.00046713813208043575
1765156312.7739217,cf2,-0.0006400171550922096,-0.00013195202336646616,0.9983640909194946,0.0012239537900313735,-0.00019857364532072097,-0.00032541423570364714
1765156312.7758982,cf1,-0.0004132020112592727,0.9989345073699951,0.9984036684036255,0.001189807546325028,0.0007702178554609418,0.00023562952992506325
1765156312.7762275,cf1,-0.0004132020112592727,0.9989345073699951,0.9984036684036255,0.001124408794566989,0.0008442162070423365,0.00024657274479977787
1765156312.792032,cf2,-0.0006199570489116013,-0.00013384711928665638,0.9983657598495483,0.0012239537900313735,-0.00019857364532072097,-0.00032541423570364714
1765156312.7939012,cf2,-0.0006199570489116013,-0.00013384711928665638,0.9983657598495483,0.0012422256404533982,-0.00010491992725292221,-0.00019588120630942285
1765156312.7956786,cf1,-0.00040272189653478563,0.9989373683929443,0.9984116554260254,0.001124408794566989,0.0008442162070423365,0.00024657274479977787
1765156312.7959301,cf1,-0.00040272189653478563,0.9989373683929443,0.9984116554260254,0.0010491464054211974,0.000914097239729017,0.0002582682063803077
1765156312.812112,cf2,-0.0006009074859321117,-0.00013324612518772483,0.9983704090118408,0.0012422256404533982,-0.00010491992725292221,-0.00019588120630942285
1765156312.814018,cf2,-0.0006009074859321117,-0.00013324612518772483,0.9983704090118408,0.0012505586491897702,-1.2325277566560544e-05,-7.17276634532027e-05
1765156312.8156934,cf1,-0.0004035452438984066,0.9989325404167175,0.9984176158905029,0.0010491464054211974,0.000914097239729017,0.0002582682063803077
1765156312.8160539,cf1,-0.0004035452438984066,0.9989325404167175,0.9984176158905029,0.0009763198322616518,0.0009203925146721303,0.00026933796470984817
1765156312.83215,cf2,-0.000586650101467967,-0.00013040268095210195,0.9983779191970825,0.0012505586491897702,-1.2325277566560544e-05,-7.17276634532027e-05
1765156312.8338284,cf2,-0.000586650101467967,-0.00013040268095210195,0.9983779191970825,0.001229546731337905,8.938055543694645e-05,6.418376142391935e-05
1765156312.8358183,cf1,-0.00039643593481741846,0.9989374279975891,0.9984262585639954,0.0009763198322616518,0.0009203925146721303,0.00026933796470984817
1765156312.836144,cf1,-0.00039643593481741846,0.9989374279975891,0.9984262585639954,0.0008824208052828908,0.0009850336937233806,0.00027996525750495493
1765156312.8520722,cf2,-0.0005682252231054008,-0.0001252817310160026,0.9983877539634705,0.001229546731337905,8.938055543694645e-05,6.418376142391935e-05
1765156312.8539405,cf2,-0.0005682252231054008,-0.0001252817310160026,0.9983877539634705,0.001213167211972177,0.00018525870109442621,0.00018564310448709875
1765156312.8557835,cf1,-0.0003897234273608774,0.9989453554153442,0.9984340071678162,0.0008824208052828908,0.0009850336937233806,0.00027996525750495493
1765156312.856125,cf1,-0.0003897234273608774,0.9989453554153442,0.9984340071678162,0.000790843041613698,0.0010472573339939117,0.0002931190247181803
1765156312.8710115,cf2,-0.0005478283856064081,-0.00011702413758030161,0.9984003305435181,0.001213167211972177,0.00018525870109442621,0.00018564310448709875
1765156312.872764,cf2,-0.0005478283856064081,-0.00011702413758030161,0.9984003305435181,0.001196322264149785,0.0002900909457821399,0.00031118138576857746
1765156312.8757174,cf1,-0.00038807126111350954,0.9989514350891113,0.9984453320503235,0.000790843041613698,0.0010472573339939117,0.0002931190247181803
1765156312.8759315,cf1,-0.00038807126111350954,0.9989514350891113,0.9984453320503235,0.0006947008660063148,0.0011062676785513759,0.00030697634792886674
1765156312.8911192,cf2,-0.000526825780980289,-0.00010706015018513426,0.9984129071235657,0.001196322264149785,0.0002900909457821399,0.00031118138576857746
1765156312.8928087,cf2,-0.000526825780980289,-0.00010706015018513426,0.9984129071235657,0.0011691456893458962,0.0003855728136841208,0.0003884740872308612
1765156312.8956752,cf1,-0.00038526166463270783,0.998961865901947,0.9984539747238159,0.0006947008660063148,0.0011062676785513759,0.00030697634792886674
1765156312.8958762,cf1,-0.00038526166463270783,0.998961865901947,0.9984539747238159,0.0005938670947216451,0.0011628159554675221,0.00032148201717063785
1765156312.9110446,cf2,-0.0005180881707929075,-9.60750476224348e-05,0.9984266757965088,0.0011691456893458962,0.0003855728136841208,0.0003884740872308612
1765156312.9128096,cf2,-0.0005180881707929075,-9.60750476224348e-05,0.9984266757965088,0.0011147442273795605,0.000465137098217383,0.00040525387157686055
1765156312.9156013,cf1,-0.00038908328860998154,0.9989703297615051,0.9984652400016785,0.0005938670947216451,0.0011628159554675221,0.00032148201717063785
1765156312.915804,cf1,-0.00038908328860998154,0.9989703297615051,0.9984652400016785,0.0004901423817500472,0.001213163835927844,0.00032282204483635724
1765156312.9311311,cf2,-0.0004963007522746921,-8.121399878291413e-05,0.9984416961669922,0.0011147442273795605,0.000465137098217383,0.00040525387157686055
1765156312.9329093,cf2,-0.0004963007522746921,-8.121399878291413e-05,0.9984416961669922,0.001076742890290916,0.0005373077001422644,0.0004275297396816313
1765156312.935731,cf1,-0.00039319973438978195,0.9989809393882751,0.9984739422798157,0.0004901423817500472,0.001213163835927844,0.00032282204483635724
1765156312.936055,cf1,-0.00039319973438978195,0.9989809393882751,0.9984739422798157,0.0003895685076713562,0.0012504641199484468,0.00024232031137216836
1765156312.9512188,cf2,-0.00048589278594590724,-6.584159564226866e-05,0.9984583258628845,0.001076742890290916,0.0005373077001422644,0.0004275297396816313
1765156312.9529989,cf2,-0.00048589278594590724,-6.584159564226866e-05,0.9984583258628845,0.0010216997470706701,0.0006008485215716064,0.00045167902135290205
1765156312.9568794,cf1,-0.00039929425111040473,0.9989922642707825,0.9984815716743469,0.0003895685076713562,0.0012504641199484468,0.00024232031137216836
1765156312.9571967,cf1,-0.00039929425111040473,0.9989922642707825,0.9984815716743469,0.00029333835118450224,0.0012726768618449569,0.00015534882550127804
1765156312.9710948,cf2,-0.0004761095915455371,-5.1052211347268894e-05,0.9984733462333679,0.0010216997470706701,0.0006008485215716064,0.00045167902135290205
1765156312.9728606,cf2,-0.0004761095915455371,-5.1052211347268894e-05,0.9984733462333679,0.0009462154703214765,0.0006517778965644538,0.00047308599459938705
1765156312.9769015,cf1,-0.00040738077950663865,0.9990029335021973,0.9984878301620483,0.00029333835118450224,0.0012726768618449569,0.00015534882550127804
1765156312.9773178,cf1,-0.00040738077950663865,0.9990029335021973,0.9984878301620483,0.00020920854876749218,0.0012800671393051744,7.617029768880457e-05
1765156312.9931874,cf2,-0.00046601443318650126,-3.419264976400882e-05,0.9984898567199707,0.0009462154703214765,0.0006517778965644538,0.00047308599459938705
1765156312.993523,cf2,-0.00046601443318650126,-3.419264976400882e-05,0.9984898567199707,0.0008767835097387433,0.0006989152170717716,0.0004984635161235929
1765156312.996884,cf1,-0.0004140684613958001,0.9990152716636658,0.9984917640686035,0.00020920854876749218,0.0012800671393051744,7.617029768880457e-05
1765156312.997199,cf1,-0.0004140684613958001,0.9990152716636658,0.9984917640686035,0.0001309970102738589,0.0012770475586876273,-5.025498467148282e-06
1765156313.0120535,cf2,-0.00045465092989616096,-1.4103850844549015e-05,0.9981980323791504,0.0008767835097387433,0.0006989152170717716,0.0004984635161235929
1765156313.0142393,cf2,-0.00045465092989616096,-1.4103850844549015e-05,0.9981980323791504,0.0008059259271249175,0.0007418027380481362,-0.008592353202402592
1765156313.0167189,cf1,-0.00042813437175936997,0.9990240931510925,0.9977743625640869,0.0001309970102738589,0.0012770475586876273,-5.025498467148282e-06
1765156313.0170956,cf1,-0.00042813437175936997,0.9990240931510925,0.9977743625640869,5.857579526491463e-05,0.001265398575924337,-0.017123408615589142
1765156313.0321584,cf2,-0.00044759284355677664,3.0947958293836564e-06,0.9955217242240906,0.0008059259271249175,0.0007418027380481362,-0.008592353202402592
1765156313.03402,cf2,-0.00044759284355677664,3.0947958293836564e-06,0.9955217242240906,0.0007192936027422547,0.0007689936319366097,-0.13479144871234894
1765156313.0369225,cf1,-0.00043955640285275877,0.9990343451499939,0.9940819144248962,5.857579526491463e-05,0.001265398575924337,-0.017123408615589142
1765156313.037322,cf1,-0.00043955640285275877,0.9990343451499939,0.9940819144248962,-5.379285084927687e-06,0.0012446170439943671,-0.15676528215408325
1765156313.0521798,cf2,-0.0004347923386376351,2.383425453444943e-05,0.9884754419326782,0.0007192936027422547,0.0007689936319366097,-0.13479144871234894
1765156313.0541327,cf2,-0.0004347923386376351,2.383425453444943e-05,0.9884754419326782,0.0006337994709610939,0.0007952986052259803,-0.3252277970314026
1765156313.0566003,cf1,-0.0004482846998143941,0.999045729637146,0.9876915812492371,-5.379285084927687e-06,0.0012446170439943671,-0.15676528215408325
1765156313.0568185,cf1,-0.0004482846998143941,0.999045729637146,0.9876915812492371,-5.7672266848385334e-05,0.0012094771955162287,-0.35000187158584595
1765156313.0710998,cf2,-0.0004267595359124243,4.2405183194205165e-05,0.977080225944519,0.0006337994709610939,0.0007952986052259803,-0.3252277970314026
1765156313.074259,cf2,-0.0004267595359124243,4.2405183194205165e-05,0.977080225944519,0.0005187683273106813,0.0008042413974180818,-0.529869794845581
1765156313.0770512,cf1,-0.0004598914529196918,0.9990556836128235,0.976466953754425,-5.7672266848385334e-05,0.0012094771955162287,-0.35000187158584595
1765156313.0773778,cf1,-0.0004598914529196918,0.9990556836128235,0.976466953754425,-9.78829266387038e-05,0.0011518854880705476,-0.5501445531845093
1765156313.0922604,cf2,-0.00041832285933196545,6.137294985819608e-05,0.9614726901054382,0.0005187683273106813,0.0008042413974180818,-0.529869794845581
1765156313.094129,cf2,-0.00041832285933196545,6.137294985819608e-05,0.9614726901054382,0.0003819308476522565,0.0008075334480963647,-0.7363020181655884
1765156313.0967839,cf1,-0.00047122430987656116,0.9990652203559875,0.9613240957260132,-9.78829266387038e-05,0.0011518854880705476,-0.5501445531845093
1765156313.0971267,cf1,-0.00047122430987656116,0.9990652203559875,0.9613240957260132,-0.00012058204447384924,0.0010824317578226328,-0.7447695136070251
1765156313.1111217,cf2,-0.00040998696931637824,7.859803008614108e-05,0.9421490430831909,0.0003819308476522565,0.0008075334480963647,-0.7363020181655884
1765156313.1130242,cf2,-0.00040998696931637824,7.859803008614108e-05,0.9421490430831909,8.873183105606586e-05,0.0016343595925718546,-0.9367307424545288
1765156313.1167738,cf1,-0.00046218527131713927,0.9990472793579102,0.9454211592674255,-0.00012058204447384924,0.0010824317578226328,-0.7447695136070251
1765156313.116981,cf1,-0.00046218527131713927,0.9990472793579102,0.9454211592674255,-0.004572903271764517,0.006261836271733046,-0.9158686399459839
1765156313.1310787,cf2,-0.00039650415419600904,5.692878767149523e-05,0.9199837446212769,8.873183105606586e-05,0.0016343595925718546,-0.9367307424545288
1765156313.1328616,cf2,-0.00039650415419600904,5.692878767149523e-05,0.9199837446212769,-0.0036156002897769213,0.0256796907633543,-1.0883255004882812
1765156313.1370225,cf1,-0.00040986252133734524,0.9989715218544006,0.9242292642593384,-0.004572903271764517,0.006261836271733046,-0.9158686399459839
1765156313.1372736,cf1,-0.00040986252133734524,0.9989715218544006,0.9242292642593384,-0.03496186062693596,0.045274652540683746,-1.043118953704834
1765156313.1513836,cf2,-0.00038078820216469467,6.351376214297488e-06,0.8966063261032104,-0.0036156002897769213,0.0256796907633543,-1.0883255004882812
1765156313.1531487,cf2,-0.00038078820216469467,6.351376214297488e-06,0.8966063261032104,-0.01623602584004402,0.11011216044425964,-1.1366734504699707
1765156313.1561852,cf1,-0.0004242443246766925,0.9989854097366333,0.9017316699028015,-0.03496186062693596,0.045274652540683746,-1.043118953704834
1765156313.156494,cf1,-0.0004242443246766925,0.9989854097366333,0.9017316699028015,-0.09623780846595764,0.1244349330663681,-1.1057686805725098
1765156313.171136,cf2,-0.0004484369419515133,0.0005178824067115784,0.8748434782028198,-0.01623602584004402,0.11011216044425964,-1.1366734504699707
1765156313.173106,cf2,-0.0004484369419515133,0.0005178824067115784,0.8748434782028198,-0.03274448215961456,0.20154663920402527,-1.0578439235687256
1765156313.1759324,cf1,-0.000959965749643743,0.9996768236160278,0.8803752064704895,-0.09623780846595764,0.1244349330663681,-1.1057686805725098
1765156313.1763096,cf1,-0.000959965749643743,0.9996768236160278,0.8803752064704895,-0.17322571575641632,0.21226251125335693,-0.9977162480354309
1765156313.191203,cf2,-0.0007287287153303623,0.0023037451319396496,0.8564016819000244,-0.03274448215961456,0.20154663920402527,-1.0578439235687256
1765156313.192864,cf2,-0.0007287287153303623,0.0023037451319396496,0.8564016819000244,-0.047695890069007874,0.2878372371196747,-0.8800674080848694
1765156313.195814,cf1,-0.002789909951388836,1.0019567012786865,0.8605101108551025,-0.17322571575641632,0.21226251125335693,-0.9977162480354309
1765156313.196022,cf1,-0.002789909951388836,1.0019567012786865,0.8605101108551025,-0.2439834624528885,0.29308241605758667,-0.7872941493988037
1765156313.2121859,cf2,-0.001358112320303917,0.00615878589451313,0.8415560126304626,-0.047695890069007874,0.2878372371196747,-0.8800674080848694
1765156313.2146955,cf2,-0.001358112320303917,0.00615878589451313,0.8415560126304626,-0.06156236678361893,0.36978664994239807,-0.6324430108070374
1765156313.2156997,cf1,-0.005741989240050316,1.0055646896362305,0.848823070526123,-0.2439834624528885,0.29308241605758667,-0.7872941493988037
1765156313.215874,cf1,-0.005741989240050316,1.0055646896362305,0.848823070526123,-0.30395805835723877,0.35985708236694336,-0.5284622311592102
1765156313.2320688,cf2,-0.002302888548001647,0.011844396591186523,0.8321554064750671,-0.06156236678361893,0.36978664994239807,-0.6324430108070374
1765156313.234189,cf2,-0.002302888548001647,0.011844396591186523,0.8321554064750671,-0.06408460438251495,0.4409770965576172,-0.40050065517425537
1765156313.2359102,cf1,-0.011147483251988888,1.012090802192688,0.8372194170951843,-0.30395805835723877,0.35985708236694336,-0.5284622311592102
1765156313.2362397,cf1,-0.011147483251988888,1.012090802192688,0.8372194170951843,-0.3564361333847046,0.4251565933227539,-0.3005432188510895
1765156313.2520735,cf2,-0.003490199102088809,0.02002611756324768,0.8256295323371887,-0.06408460438251495,0.4409770965576172,-0.40050065517425537
1765156313.2540996,cf2,-0.003490199102088809,0.02002611756324768,0.8256295323371887,-0.06211886554956436,0.5095058083534241,-0.15926823019981384
1765156313.2561278,cf1,-0.017124446108937263,1.0193660259246826,0.8312256932258606,-0.3564361333847046,0.4251565933227539,-0.3005432188510895
1765156313.256435,cf1,-0.017124446108937263,1.0193660259246826,0.8312256932258606,-0.3955328166484833,0.4809793531894684,-0.08030417561531067
1765156313.27109,cf2,-0.004120503552258015,0.025583801791071892,0.8246698975563049,-0.06211886554956436,0.5095058083534241,-0.15926823019981384
1765156313.2729666,cf2,-0.004120503552258015,0.025583801791071892,0.8246698975563049,-0.0628495067358017,0.5765144228935242,0.10090458393096924
1765156313.2771103,cf1,-0.02629484422504902,1.0310866832733154,0.8268924355506897,-0.3955328166484833,0.4809793531894684,-0.08030417561531067
1765156313.2774796,cf1,-0.02629484422504902,1.0310866832733154,0.8268924355506897,-0.43914082646369934,0.5436956286430359,0.1455659121274948
1765156313.2911384,cf2,-0.005315019749104977,0.03796381875872612,0.8238094449043274,-0.0628495067358017,0.5765144228935242,0.10090458393096924
1765156313.2928238,cf2,-0.005315019749104977,0.03796381875872612,0.8238094449043274,-0.06344152241945267,0.6390054821968079,0.34500619769096375
1765156313.297039,cf1,-0.035927433520555496,1.0443310737609863,0.8264709115028381,-0.43914082646369934,0.5436956286430359,0.1455659121274948
1765156313.2973087,cf1,-0.035927433520555496,1.0443310737609863,0.8264709115028381,-0.4818193316459656,0.6022037267684937,0.3409002721309662
1765156313.310982,cf2,-0.006502795498818159,0.053409475833177567,0.8266141414642334,-0.06344152241945267,0.6390054821968079,0.34500619769096375
1765156313.3129244,cf2,-0.006502795498818159,0.053409475833177567,0.8266141414642334,-0.06327434629201889,0.6766448020935059,0.4821544289588928
1765156313.3169281,cf1,-0.046512480825185776,1.0602378845214844,0.8291691541671753,-0.4818193316459656,0.6022037267684937,0.3409002721309662
1765156313.3174517,cf1,-0.046512480825185776,1.0602378845214844,0.8291691541671753,-0.5226948261260986,0.6619754433631897,0.5376679301261902
1765156313.332164,cf2,-0.007697548717260361,0.07193898409605026,0.8323265314102173,-0.06327434629201889,0.6766448020935059,0.4821544289588928
1765156313.3340323,cf2,-0.007697548717260361,0.07193898409605026,0.8323265314102173,-0.059141650795936584,0.7338232398033142,0.6814315915107727
1765156313.3369534,cf1,-0.0563589408993721,1.0764871835708618,0.834072470664978,-0.5226948261260986,0.6619754433631897,0.5376679301261902
1765156313.3373523,cf1,-0.0563589408993721,1.0764871835708618,0.834072470664978,-0.5537129640579224,0.7157149910926819,0.7095223069190979
1765156313.351462,cf2,-0.008998127654194832,0.09433447569608688,0.8399757146835327,-0.059141650795936584,0.7338232398033142,0.6814315915107727
1765156313.352867,cf2,-0.008998127654194832,0.09433447569608688,0.8399757146835327,-0.05477748066186905,0.799990713596344,0.8014421463012695
1765156313.3570435,cf1,-0.06791330873966217,1.0973269939422607,0.8421146273612976,-0.5537129640579224,0.7157149910926819,0.7095223069190979
1765156313.357398,cf1,-0.06791330873966217,1.0973269939422607,0.8421146273612976,-0.5792025923728943,0.7746722102165222,0.8847302198410034
1765156313.371304,cf2,-0.010291953571140766,0.11773276329040527,0.8475279211997986,-0.05477748066186905,0.799990713596344,0.8014421463012695
1765156313.3729093,cf2,-0.010291953571140766,0.11773276329040527,0.8475279211997986,-0.049910515546798706,0.8691496253013611,0.8678035140037537
1765156313.3768983,cf1,-0.08137379586696625,1.1239013671875,0.8538451790809631,-0.5792025923728943,0.7746722102165222,0.8847302198410034
1765156313.3772633,cf1,-0.08137379586696625,1.1239013671875,0.8538451790809631,-0.5991995334625244,0.8441656231880188,1.0473620891571045
1765156313.391208,cf2,-0.011597255244851112,0.14168566465377808,0.8539398312568665,-0.049910515546798706,0.8691496253013611,0.8678035140037537
1765156313.3928962,cf2,-0.011597255244851112,0.14168566465377808,0.8539398312568665,-0.04493563994765282,0.9400135278701782,0.871793270111084
1765156313.3956323,cf1,-0.09396636486053467,1.1507610082626343,0.8658817410469055,-0.5991995334625244,0.8441656231880188,1.0473620891571045
1765156313.3958771,cf1,-0.09396636486053467,1.1507610082626343,0.8658817410469055,-0.6158348917961121,0.9134921431541443,1.1382991075515747
1765156313.4110835,cf2,-0.01295042410492897,0.16633199155330658,0.8577874302864075,-0.04493563994765282,0.9400135278701782,0.871793270111084
1765156313.4128385,cf2,-0.01295042410492897,0.16633199155330658,0.8577874302864075,-0.04265809804201126,1.0145375728607178,0.7804528474807739
1765156313.4171727,cf1,-0.10586439818143845,1.1778051853179932,0.8773825168609619,-0.6158348917961121,0.9134921431541443,1.1382991075515747
1765156313.4176242,cf1,-0.10586439818143845,1.1778051853179932,0.8773825168609619,-0.6198762655258179,0.9768796563148499,1.1730268001556396
1765156313.431239,cf2,-0.014327294193208218,0.19127582013607025,0.8583274483680725,-0.04265809804201126,1.0145375728607178,0.7804528474807739
1765156313.4329114,cf2,-0.014327294193208218,0.19127582013607025,0.8583274483680725,-0.042271897196769714,1.0983933210372925,0.6417469382286072
1765156313.4368942,cf1,-0.11825231462717056,1.207391381263733,0.8890047669410706,-0.6198762655258179,0.9768796563148499,1.1730268001556396
1765156313.4372182,cf1,-0.11825231462717056,1.207391381263733,0.8890047669410706,-0.6178635358810425,1.050845742225647,1.195788025856018
1765156313.452021,cf2,-0.015761498361825943,0.21714910864830017,0.8555033802986145,-0.042271897196769714,1.0983933210372925,0.6417469382286072
1765156313.4538891,cf2,-0.015761498361825943,0.21714910864830017,0.8555033802986145,-0.04322933405637741,1.1927850246429443,0.4710134267807007
1765156313.4556491,cf1,-0.13065046072006226,1.2377115488052368,0.8982268571853638,-0.6178635358810425,1.050845742225647,1.195788025856018
1765156313.4558876,cf1,-0.13065046072006226,1.2377115488052368,0.8982268571853638,-0.6065179109573364,1.1335488557815552,1.0913448333740234
1765156313.472209,cf2,-0.017177989706397057,0.24223031103610992,0.8496876358985901,-0.04322933405637741,1.1927850246429443,0.4710134267807007
1765156313.474023,cf2,-0.017177989706397057,0.24223031103610992,0.8496876358985901,-0.048054106533527374,1.2858766317367554,0.29702818393707275
1765156313.4757729,cf1,-0.1438404619693756,1.2702984809875488,0.9045905470848083,-0.6065179109573364,1.1335488557815552,1.0913448333740234
1765156313.4759881,cf1,-0.1438404619693756,1.2702984809875488,0.9045905470848083,-0.5918059349060059,1.2237755060195923,0.915910542011261
1765156313.4920857,cf2,-0.018729107454419136,0.2684556245803833,0.8412811756134033,-0.048054106533527374,1.2858766317367554,0.29702818393707275
1765156313.494027,cf2,-0.018729107454419136,0.2684556245803833,0.8412811756134033,-0.05879751965403557,1.372039794921875,0.12454846501350403
1765156313.4956799,cf1,-0.15515628457069397,1.297787070274353,0.9047950506210327,-0.5918059349060059,1.2237755060195923,0.915910542011261
1765156313.496126,cf1,-0.15515628457069397,1.297787070274353,0.9047950506210327,-0.5761591196060181,1.3152378797531128,0.7250613570213318
1765156313.512052,cf2,-0.020473549142479897,0.2954622507095337,0.8309714198112488,-0.05879751965403557,1.372039794921875,0.12454846501350403
1765156313.5138485,cf2,-0.020473549142479897,0.2954622507095337,0.8309714198112488,-0.07604367285966873,1.4424246549606323,-0.032167937606573105
1765156313.5170243,cf1,-0.16748104989528656,1.3280469179153442,0.9021489024162292,-0.5761591196060181,1.3152378797531128,0.7250613570213318
1765156313.5172808,cf1,-0.16748104989528656,1.3280469179153442,0.9021489024162292,-0.5622047185897827,1.4041658639907837,0.5186282396316528
1765156313.5311816,cf2,-0.022788595408201218,0.32812854647636414,0.817495584487915,-0.07604367285966873,1.4424246549606323,-0.032167937606573105
1765156313.5329864,cf2,-0.022788595408201218,0.32812854647636414,0.817495584487915,-0.10262560844421387,1.494399905204773,-0.18277987837791443
1765156313.5368488,cf1,-0.18054184317588806,1.360375165939331,0.8955279588699341,-0.5622047185897827,1.4041658639907837,0.5186282396316528
1765156313.5378292,cf1,-0.18054184317588806,1.360375165939331,0.8955279588699341,-0.5571630597114563,1.487926721572876,0.32514962553977966
1765156313.551087,cf2,-0.025216130539774895,0.35440880060195923,0.8064693808555603,-0.10262560844421387,1.494399905204773,-0.18277987837791443
1765156313.5528264,cf2,-0.025216130539774895,0.35440880060195923,0.8064693808555603,-0.1348668783903122,1.5143243074417114,-0.30990490317344666
1765156313.5570583,cf1,-0.1919262707233429,1.388102412223816,0.8852527737617493,-0.5571630597114563,1.487926721572876,0.32514962553977966
1765156313.5573847,cf1,-0.1919262707233429,1.388102412223816,0.8852527737617493,-0.5597507357597351,1.5670924186706543,0.1322340965270996
1765156313.5710807,cf2,-0.02844550460577011,0.3836132287979126,0.7951209545135498,-0.1348668783903122,1.5143243074417114,-0.30990490317344666
1765156313.572886,cf2,-0.02844550460577011,0.3836132287979126,0.7951209545135498,-0.16998769342899323,1.5081113576889038,-0.4062184691429138
1765156313.57703,cf1,-0.20418614149093628,1.4182337522506714,0.8709498643875122,-0.5597507357597351,1.5670924186706543,0.1322340965270996
1765156313.5773253,cf1,-0.20418614149093628,1.4182337522506714,0.8709498643875122,-0.5702682733535767,1.641203761100769,-0.06017714738845825
1765156313.5912025,cf2,-0.03255906701087952,0.41321974992752075,0.7856530547142029,-0.16998769342899323,1.5081113576889038,-0.4062184691429138
1765156313.592917,cf2,-0.03255906701087952,0.41321974992752075,0.7856530547142029,-0.20305345952510834,1.480076551437378,-0.43346086144447327
1765156313.5968876,cf1,-0.21724368631839752,1.4506101608276367,0.8515512347221375,-0.5702682733535767,1.641203761100769,-0.06017714738845825
1765156313.597166,cf1,-0.21724368631839752,1.4506101608276367,0.8515512347221375,-0.5888745188713074,1.7102080583572388,-0.2519024610519409
1765156313.6110404,cf2,-0.03761809319257736,0.44257819652557373,0.7790026068687439,-0.20305345952510834,1.480076551437378,-0.43346086144447327
1765156313.612848,cf2,-0.03761809319257736,0.44257819652557373,0.7790026068687439,-0.23024505376815796,1.4419159889221191,-0.3974892199039459
1765156313.6170087,cf1,-0.22948665916919708,1.4807196855545044,0.8290993571281433,-0.5888745188713074,1.7102080583572388,-0.2519024610519409
1765156313.617353,cf1,-0.22948665916919708,1.4807196855545044,0.8290993571281433,-0.6155841946601868,1.7741384506225586,-0.4427172839641571
1765156313.631214,cf2,-0.04208875447511673,0.463880330324173,0.7765442132949829,-0.23024505376815796,1.4419159889221191,-0.3974892199039459
1765156313.6341774,cf2,-0.04208875447511673,0.463880330324173,0.7765442132949829,-0.24911150336265564,1.387213110923767,-0.3178364634513855
1765156313.6366758,cf1,-0.24173322319984436,1.5108388662338257,0.8027472496032715,-0.6155841946601868,1.7741384506225586,-0.4427172839641571
1765156313.6369956,cf1,-0.24173322319984436,1.5108388662338257,0.8027472496032715,-0.6531796455383301,1.8421868085861206,-0.6355438232421875
1765156313.651111,cf2,-0.050031065940856934,0.4989479184150696,0.7743578553199768,-0.24911150336265564,1.387213110923767,-0.3178364634513855
1765156313.652884,cf2,-0.050031065940856934,0.4989479184150696,0.7743578553199768,-0.26658451557159424,1.3484877347946167,-0.187026247382164
1765156313.6571426,cf1,-0.25398361682891846,1.5409666299819946,0.7724930644035339,-0.6531796455383301,1.8421868085861206,-0.6355438232421875
1765156313.6575491,cf1,-0.25398361682891846,1.5409666299819946,0.7724930644035339,-0.6931185126304626,1.8870068788528442,-0.8207458853721619
1765156313.671031,cf2,-0.05688120052218437,0.5254862308502197,0.7763488292694092,-0.26658451557159424,1.3484877347946167,-0.187026247382164
1765156313.672891,cf2,-0.05688120052218437,0.5254862308502197,0.7763488292694092,-0.2819764018058777,1.320723533630371,-0.01635492593050003
1765156313.677091,cf1,-0.26623794436454773,1.5711020231246948,0.738335371017456,-0.6931185126304626,1.8870068788528442,-0.8207458853721619
1765156313.677444,cf1,-0.26623794436454773,1.5711020231246948,0.738335371017456,-0.7471843957901001,1.9454296827316284,-1.0139284133911133
1765156313.6912158,cf2,-0.06408530473709106,0.5515297055244446,0.7813805937767029,-0.2819764018058777,1.320723533630371,-0.01635492593050003
1765156313.6932576,cf2,-0.06408530473709106,0.5515297055244446,0.7813805937767029,-0.29730045795440674,1.2944092750549316,0.17754779756069183
1765156313.6968534,cf1,-0.27849632501602173,1.6012440919876099,0.7002724409103394,-0.7471843957901001,1.9454296827316284,-1.0139284133911133
1765156313.6971643,cf1,-0.27849632501602173,1.6012440919876099,0.7002724409103394,-0.8025434613227844,1.9802733659744263,-1.1923712491989136
1765156313.7110922,cf2,-0.07148159295320511,0.5772064328193665,0.7886585593223572,-0.29730045795440674,1.2944092750549316,0.17754779756069183
1765156313.712872,cf2,-0.07148159295320511,0.5772064328193665,0.7886585593223572,-0.31176915764808655,1.2687255144119263,0.3272341191768646
1765156313.7170563,cf1,-0.29075881838798523,1.631392240524292,0.6583031415939331,-0.8025434613227844,1.9802733659744263,-1.1923712491989136
1765156313.717308,cf1,-0.29075881838798523,1.631392240524292,0.6583031415939331,-0.8730065226554871,2.029240846633911,-1.3847265243530273
1765156313.7310946,cf2,-0.07897086441516876,0.6027823686599731,0.7962210774421692,-0.31176915764808655,1.2687255144119263,0.3272341191768646
1765156313.7328537,cf2,-0.07897086441516876,0.6027823686599731,0.7962210774421692,-0.32498323917388916,1.2477757930755615,0.3765523135662079
1765156313.7370794,cf1,-0.3030717074871063,1.6615853309631348,0.6125712394714355,-0.8730065226554871,2.029240846633911,-1.3847265243530273
1765156313.737564,cf1,-0.3030717074871063,1.6615853309631348,0.6125712394714355,-0.9503881931304932,2.0541956424713135,-1.5689386129379272
1765156313.7511923,cf2,-0.08294156938791275,0.6165744066238403,0.7985520362854004,-0.32498323917388916,1.2477757930755615,0.3765523135662079
1765156313.7530468,cf2,-0.08294156938791275,0.6165744066238403,0.7985520362854004,-0.3355299234390259,1.2237496376037598,0.2832014262676239
1765156313.7568116,cf1,-0.3160189092159271,1.6922459602355957,0.5646417737007141,-0.9503881931304932,2.0541956424713135,-1.5689386129379272
1765156313.7572424,cf1,-0.3160189092159271,1.6922459602355957,0.5646417737007141,-1.0278544425964355,1.969739317893982,-1.798095941543579
1765156313.7711027,cf2,-0.09024830162525177,0.6416142582893372,0.8012344837188721,-0.3355299234390259,1.2237496376037598,0.2832014262676239
1765156313.7729192,cf2,-0.09024830162525177,0.6416142582893372,0.8012344837188721,-0.34339144825935364,1.2176600694656372,0.1158372238278389
1765156313.7767286,cf1,-0.3264909088611603,1.7141649723052979,0.5322185754776001,-1.0278544425964355,1.969739317893982,-1.798095941543579
1765156313.777029,cf1,-0.3264909088611603,1.7141649723052979,0.5322185754776001,-1.0309882164001465,1.7030727863311768,-2.010268211364746
1765156313.7911544,cf2,-0.09769632667303085,0.667192280292511,0.8002136945724487,-0.34339144825935364,1.2176600694656372,0.1158372238278389
1765156313.7930512,cf2,-0.09769632667303085,0.667192280292511,0.8002136945724487,-0.3526060879230499,1.2248308658599854,-0.06524281203746796
1765156313.7966816,cf1,-0.3463168740272522,1.7538070678710938,0.47190529108047485,-1.0309882164001465,1.7030727863311768,-2.010268211364746
1765156313.796931,cf1,-0.3463168740272522,1.7538070678710938,0.47190529108047485,-0.971644401550293,1.470151662826538,-2.2260279655456543
1765156313.8111827,cf2,-0.10514076054096222,0.6927981972694397,0.7952828407287598,-0.3526060879230499,1.2248308658599854,-0.06524281203746796
1765156313.8128123,cf2,-0.10514076054096222,0.6927981972694397,0.7952828407287598,-0.36167004704475403,1.2302199602127075,-0.2530396580696106
1765156313.8171272,cf1,-0.3598079979419708,1.7767647504806519,0.4385357201099396,-0.971644401550293,1.470151662826538,-2.2260279655456543
1765156313.817715,cf1,-0.3598079979419708,1.7767647504806519,0.4385357201099396,-0.8376612067222595,1.2511091232299805,-2.2209787368774414
1765156313.8311284,cf2,-0.11257967352867126,0.7184032201766968,0.7864514589309692,-0.36167004704475403,1.2302199602127075,-0.2530396580696106
1765156313.832938,cf2,-0.11257967352867126,0.7184032201766968,0.7864514589309692,-0.37196123600006104,1.233526587486267,-0.43709978461265564
1765156313.8370593,cf1,-0.37614706158638,1.8030121326446533,0.4005972146987915,-0.8376612067222595,1.2511091232299805,-2.2209787368774414
1765156313.83737,cf1,-0.37614706158638,1.8030121326446533,0.4005972146987915,-0.6870295405387878,1.05194091796875,-2.1889185905456543
1765156313.8512356,cf2,-0.12002038955688477,0.7440075278282166,0.7738319635391235,-0.37196123600006104,1.233526587486267,-0.43709978461265564
1765156313.8529067,cf2,-0.12002038955688477,0.7440075278282166,0.7738319635391235,-0.3884294331073761,1.2521495819091797,-0.6141960024833679
1765156313.856801,cf1,-0.39363500475883484,1.8296656608581543,0.3623806834220886,-0.6870295405387878,1.05194091796875,-2.1889185905456543
1765156313.8570151,cf1,-0.39363500475883484,1.8296656608581543,0.3623806834220886,-0.5272873640060425,0.8800911903381348,-2.112879991531372
1765156313.8711,cf2,-0.12747924029827118,0.7696191072463989,0.7578548192977905,-0.3884294331073761,1.2521495819091797,-0.6141960024833679
1765156313.8727915,cf2,-0.12747924029827118,0.7696191072463989,0.7578548192977905,-0.4027523994445801,1.2689054012298584,-0.7536472082138062
1765156313.8770761,cf1,-0.4105856418609619,1.8544198274612427,0.3273261785507202,-0.5272873640060425,0.8800911903381348,-2.112879991531372
1765156313.8775222,cf1,-0.4105856418609619,1.8544198274612427,0.3273261785507202,-0.39193812012672424,0.726426362991333,-1.980264663696289
1765156313.8910081,cf2,-0.13499785959720612,0.7952911853790283,0.7395489811897278,-0.4027523994445801,1.2689054012298584,-0.7536472082138062
1765156313.8928044,cf2,-0.13499785959720612,0.7952911853790283,0.7395489811897278,-0.4176260530948639,1.2938873767852783,-0.8234333992004395
1765156313.8970656,cf1,-0.42650946974754333,1.877209186553955,0.2947118580341339,-0.39193812012672424,0.726426362991333,-1.980264663696289
1765156313.898466,cf1,-0.42650946974754333,1.877209186553955,0.2947118580341339,-0.302146852016449,0.6391409039497375,-1.849482536315918
1765156313.911169,cf2,-0.14265120029449463,0.8211730122566223,0.7202702164649963,-0.4176260530948639,1.2938873767852783,-0.8234333992004395
1765156313.9129827,cf2,-0.14265120029449463,0.8211730122566223,0.7202702164649963,-0.4319363832473755,1.3206202983856201,-0.8248187303543091
1765156313.9168658,cf1,-0.44126465916633606,1.8982774019241333,0.2638649046421051,-0.302146852016449,0.6391409039497375,-1.849482536315918
1765156313.9171896,cf1,-0.44126465916633606,1.8982774019241333,0.2638649046421051,-0.30322226881980896,0.6430701613426208,-1.6871693134307861
1765156313.931028,cf2,-0.15053479373455048,0.8474381566047668,0.7012474536895752,-0.4319363832473755,1.3206202983856201,-0.8248187303543091
1765156313.9329011,cf2,-0.15053479373455048,0.8474381566047668,0.7012474536895752,-0.4418290853500366,1.3445292711257935,-0.778128445148468
1765156313.9369724,cf1,-0.45495304465293884,1.9177606105804443,0.2354840487241745,-0.30322226881980896,0.6430701613426208,-1.6871693134307861
1765156313.9373407,cf1,-0.45495304465293884,1.9177606105804443,0.2354840487241745,-0.34533438086509705,0.670521080493927,-1.4941729307174683
1765156313.9513035,cf2,-0.15869668126106262,0.8741987943649292,0.6832003593444824,-0.4418290853500366,1.3445292711257935,-0.778128445148468
1765156313.9529924,cf2,-0.15869668126106262,0.8741987943649292,0.6832003593444824,-0.44928836822509766,1.3624372482299805,-0.7158406376838684
1765156313.9569068,cf1,-0.46786561608314514,1.9359450340270996,0.20982544124126434,-0.34533438086509705,0.670521080493927,-1.4941729307174683
1765156313.9572232,cf1,-0.46786561608314514,1.9359450340270996,0.20982544124126434,-0.44698232412338257,0.7378289103507996,-1.2565103769302368
1765156313.972115,cf2,-0.16724106669425964,0.9017741084098816,0.666073739528656,-0.44928836822509766,1.3624372482299805,-0.7158406376838684
1765156313.974009,cf2,-0.16724106669425964,0.9017741084098816,0.666073739528656,-0.4526708722114563,1.3700556755065918,-0.6652337908744812
1765156313.9767523,cf1,-0.4806605875492096,1.9533438682556152,0.1869969218969345,-0.44698232412338257,0.7378289103507996,-1.2565103769302368
1765156313.9771388,cf1,-0.4806605875492096,1.9533438682556152,0.1869969218969345,-0.5595704317092896,0.7907047867774963,-1.018369197845459
1765156313.9920847,cf2,-0.17583656311035156,0.929144561290741,0.6501392126083374,-0.4526708722114563,1.3700556755065918,-0.6652337908744812
1765156313.9940543,cf2,-0.17583656311035156,0.929144561290741,0.6501392126083374,-0.45500248670578003,1.3745155334472656,-0.6489850878715515
1765156313.9969096,cf1,-0.49396634101867676,1.9703689813613892,0.16674980521202087,-0.5595704317092896,0.7907047867774963,-1.018369197845459
1765156313.9971673,cf1,-0.49396634101867676,1.9703689813613892,0.16674980521202087,-0.652242124080658,0.7875653505325317,-0.8269980549812317
1765156314.0110893,cf2,-0.18481160700321198,0.9573879241943359,0.6340311169624329,-0.45500248670578003,1.3745155334472656,-0.6489850878715515
1765156314.0127435,cf2,-0.18481160700321198,0.9573879241943359,0.6340311169624329,-0.45392942428588867,1.3704911470413208,-0.6512834429740906
1765156314.0170584,cf1,-0.5082148313522339,1.986976146697998,0.1493874192237854,-0.652242124080658,0.7875653505325317,-0.8269980549812317
1765156314.0174415,cf1,-0.5082148313522339,1.986976146697998,0.1493874192237854,-0.7271082401275635,0.7516505122184753,-0.6615530252456665
1765156314.0311196,cf2,-0.19291062653064728,0.9825503826141357,0.6194155216217041,-0.45392942428588867,1.3704911470413208,-0.6512834429740906
1765156314.0328207,cf2,-0.19291062653064728,0.9825503826141357,0.6194155216217041,-0.4544161558151245,1.3678581714630127,-0.6928119659423828
1765156314.0370872,cf1,-0.5236022472381592,2.002948045730591,0.13455408811569214,-0.7271082401275635,0.7516505122184753,-0.6615530252456665
1765156314.0376742,cf1,-0.5236022472381592,2.002948045730591,0.13455408811569214,-0.7738834619522095,0.6937107443809509,-0.5577759146690369
1765156314.0510752,cf2,-0.2028350532054901,1.0133074522018433,0.6005066633224487,-0.4544161558151245,1.3678581714630127,-0.6928119659423828
1765156314.05304,cf2,-0.2028350532054901,1.0133074522018433,0.6005066633224487,-0.4543687105178833,1.361950397491455,-0.7614540457725525
1765156314.0557847,cf1,-0.5412991642951965,2.0187835693359375,0.12168288975954056,-0.7738834619522095,0.6937107443809509,-0.5577759146690369
1765156314.0561395,cf1,-0.5412991642951965,2.0187835693359375,0.12168288975954056,-0.8003896474838257,0.6245436072349548,-0.46538373827934265
1765156314.0731866,cf2,-0.21213749051094055,1.0417797565460205,0.5817970037460327,-0.4543687105178833,1.361950397491455,-0.7614540457725525
1765156314.0735114,cf2,-0.21213749051094055,1.0417797565460205,0.5817970037460327,-0.45295974612236023,1.34871244430542,-0.8424378037452698
1765156314.0758975,cf1,-0.5584805607795715,2.0320634841918945,0.1124483123421669,-0.8003896474838257,0.6245436072349548,-0.46538373827934265
1765156314.0761793,cf1,-0.5584805607795715,2.0320634841918945,0.1124483123421669,-0.8169036507606506,0.562084972858429,-0.3626096844673157
1765156314.0921333,cf2,-0.22267435491085052,1.0736300945281982,0.5596352219581604,-0.45295974612236023,1.34871244430542,-0.8424378037452698
1765156314.0938888,cf2,-0.22267435491085052,1.0736300945281982,0.5596352219581604,-0.4531796872615814,1.3326090574264526,-0.9166096448898315
1765156314.0957572,cf1,-0.5763805508613586,2.0438058376312256,0.10610437393188477,-0.8169036507606506,0.562084972858429,-0.3626096844673157
1765156314.096056,cf1,-0.5763805508613586,2.0438058376312256,0.10610437393188477,-0.8278048634529114,0.505024254322052,-0.24201861023902893
1765156314.112048,cf2,-0.23215492069721222,1.1019618511199951,0.5392264723777771,-0.4531796872615814,1.3326090574264526,-0.9166096448898315
1765156314.1139195,cf2,-0.23215492069721222,1.1019618511199951,0.5392264723777771,-0.4592306315898895,1.3214303255081177,-0.9535316824913025
1765156314.1156783,cf1,-0.5945552587509155,2.053764820098877,0.10307620465755463,-0.8278048634529114,0.505024254322052,-0.24201861023902893
1765156314.1161082,cf1,-0.5945552587509155,2.053764820098877,0.10307620465755463,-0.8369605541229248,0.45280420780181885,-0.08113952726125717
1765156314.1310482,cf2,-0.24190331995487213,1.1305004358291626,0.5189246535301208,-0.4592306315898895,1.3214303255081177,-0.9535316824913025
1765156314.134015,cf2,-0.24190331995487213,1.1305004358291626,0.5189246535301208,-0.46760404109954834,1.3058868646621704,-0.9401482343673706
1765156314.1356874,cf1,-0.612816333770752,2.0619473457336426,0.10395477712154388,-0.8369605541229248,0.45280420780181885,-0.08113952726125717
1765156314.136015,cf1,-0.612816333770752,2.0619473457336426,0.10395477712154388,-0.8456366062164307,0.40125709772109985,0.1063743606209755
1765156314.1519878,cf2,-0.25146859884262085,1.1577249765396118,0.5007102489471436,-0.46760404109954834,1.3058868646621704,-0.9401482343673706
1765156314.1539986,cf2,-0.25146859884262085,1.1577249765396118,0.5007102489471436,-0.4777612090110779,1.28795325756073,-0.8745116591453552
1765156314.1559596,cf1,-0.631064236164093,2.06853985786438,0.10867936909198761,-0.8456366062164307,0.40125709772109985,0.1063743606209755
1765156314.1563046,cf1,-0.631064236164093,2.06853985786438,0.10867936909198761,-0.8523586988449097,0.34982067346572876,0.30455687642097473
1765156314.172266,cf2,-0.2614125609397888,1.185036301612854,0.4842081367969513,-0.4777612090110779,1.28795325756073,-0.8745116591453552
1765156314.1741228,cf2,-0.2614125609397888,1.185036301612854,0.4842081367969513,-0.49009642004966736,1.2753254175186157,-0.779866635799408
1765156314.1757894,cf1,-0.6492746472358704,2.073694944381714,0.11732873320579529,-0.8523586988449097,0.34982067346572876,0.30455687642097473
1765156314.176085,cf1,-0.6492746472358704,2.073694944381714,0.11732873320579529,-0.8559923768043518,0.3001432716846466,0.5042909383773804
1765156314.1921482,cf2,-0.2724727690219879,1.214053988456726,0.4686536490917206,-0.49009642004966736,1.2753254175186157,-0.779866635799408
1765156314.1938686,cf2,-0.2724727690219879,1.214053988456726,0.4686536490917206,-0.5022287368774414,1.262313961982727,-0.6708839535713196
1765156314.1956224,cf1,-0.6587125062942505,2.076380968093872,0.12291840463876724,-0.8559923768043518,0.3001432716846466,0.5042909383773804
1765156314.1958115,cf1,-0.6587125062942505,2.076380968093872,0.12291840463876724,-0.8623775243759155,0.25303739309310913,0.707156777381897
1765156314.212027,cf2,-0.2831728160381317,1.2410088777542114,0.45660537481307983,-0.5022287368774414,1.262313961982727,-0.6708839535713196
1765156314.213834,cf2,-0.2831728160381317,1.2410088777542114,0.45660537481307983,-0.5137972831726074,1.2481335401535034,-0.5678982734680176
1765156314.2156045,cf1,-0.6856904029846191,2.080151081085205,0.14591366052627563,-0.8623775243759155,0.25303739309310913,0.707156777381897
1765156314.215906,cf1,-0.6856904029846191,2.080151081085205,0.14591366052627563,-0.8597709536552429,0.20885244011878967,0.9044013023376465
1765156314.2312198,cf2,-0.294726699590683,1.2689099311828613,0.44586193561553955,-0.5137972831726074,1.2481335401535034,-0.5678982734680176
1765156314.2330787,cf2,-0.294726699590683,1.2689099311828613,0.44586193561553955,-0.5235740542411804,1.2276332378387451,-0.4815976321697235
1765156314.2358258,cf1,-0.7040005326271057,2.0815622806549072,0.16582849621772766,-0.8597709536552429,0.20885244011878967,0.9044013023376465
1765156314.236132,cf1,-0.7040005326271057,2.0815622806549072,0.16582849621772766,-0.8544107675552368,0.1665106564760208,1.0984399318695068
1765156314.2511468,cf2,-0.3054954707622528,1.2940049171447754,0.4372222125530243,-0.5235740542411804,1.2276332378387451,-0.4815976321697235
1765156314.2529402,cf2,-0.3054954707622528,1.2940049171447754,0.4372222125530243,-0.5318008065223694,1.2068588733673096,-0.435454785823822
1765156314.2557223,cf1,-0.722478449344635,2.081796169281006,0.18960295617580414,-0.8544107675552368,0.1665106564760208,1.0984399318695068
1765156314.256049,cf1,-0.722478449344635,2.081796169281006,0.18960295617580414,-0.8459572196006775,0.1263427585363388,1.2989791631698608
1765156314.271119,cf2,-0.3169543743133545,1.3199007511138916,0.42871570587158203,-0.5318008065223694,1.2068588733673096,-0.435454785823822
1765156314.2730174,cf2,-0.3169543743133545,1.3199007511138916,0.42871570587158203,-0.5399671196937561,1.184452772140503,-0.4174168109893799
1765156314.276813,cf1,-0.7414036989212036,2.0808498859405518,0.21752047538757324,-0.8459572196006775,0.1263427585363388,1.2989791631698608
1765156314.2771182,cf1,-0.7414036989212036,2.0808498859405518,0.21752047538757324,-0.8367084264755249,0.08849208056926727,1.4937154054641724
1765156314.2911024,cf2,-0.32860422134399414,1.345465898513794,0.42043474316596985,-0.5399671196937561,1.184452772140503,-0.4174168109893799
1765156314.2927916,cf2,-0.32860422134399414,1.345465898513794,0.42043474316596985,-0.5480872988700867,1.159544825553894,-0.4169495403766632
1765156314.2969337,cf1,-0.7602200508117676,2.0789413452148438,0.24789035320281982,-0.8367084264755249,0.08849208056926727,1.4937154054641724
1765156314.2973504,cf1,-0.7602200508117676,2.0789413452148438,0.24789035320281982,-0.8296018242835999,0.05401879549026489,1.6463775634765625
1765156314.3109994,cf2,-0.3404032588005066,1.3705832958221436,0.4123110771179199,-0.5480872988700867,1.159544825553894,-0.4169495403766632
1765156314.312845,cf2,-0.3404032588005066,1.3705832958221436,0.4123110771179199,-0.5556716322898865,1.1323013305664062,-0.4216498136520386
1765156314.3169956,cf1,-0.7795098423957825,2.0762317180633545,0.28010207414627075,-0.8296018242835999,0.05401879549026489,1.6463775634765625
1765156314.3174129,cf1,-0.7795098423957825,2.0762317180633545,0.28010207414627075,-0.8232393264770508,0.02262950874865055,1.7314742803573608
1765156314.3311598,cf2,-0.35234734416007996,1.3951804637908936,0.4045163094997406,-0.5556716322898865,1.1323013305664062,-0.4216498136520386
1765156314.3329992,cf2,-0.35234734416007996,1.3951804637908936,0.4045163094997406,-0.5655232667922974,1.1091227531433105,-0.4191223382949829
1765156314.3368506,cf1,-0.7990200519561768,2.0729851722717285,0.3121715188026428,-0.8232393264770508,0.02262950874865055,1.7314742803573608
1765156314.3371437,cf1,-0.7990200519561768,2.0729851722717285,0.3121715188026428,-0.8207584023475647,-0.0069617340341210365,1.7250208854675293
1765156314.3510592,cf2,-0.36443662643432617,1.419141411781311,0.3976419270038605,-0.5655232667922974,1.1091227531433105,-0.4191223382949829
1765156314.3528767,cf2,-0.36443662643432617,1.419141411781311,0.3976419270038605,-0.5713552832603455,1.0781551599502563,-0.3873065710067749
1765156314.357121,cf1,-0.818601131439209,2.0695383548736572,0.3417152166366577,-0.8207584023475647,-0.0069617340341210365,1.7250208854675293
1765156314.3574646,cf1,-0.818601131439209,2.0695383548736572,0.3417152166366577,-0.823062002658844,-0.041720859706401825,1.6053669452667236
1765156314.3711205,cf2,-0.37667688727378845,1.4423229694366455,0.39247092604637146,-0.5713552832603455,1.0781551599502563,-0.3873065710067749
1765156314.372815,cf2,-0.37667688727378845,1.4423229694366455,0.39247092604637146,-0.5769444704055786,1.0464023351669312,-0.3167111277580261
1765156314.3767893,cf1,-0.8288026452064514,2.0685083866119385,0.35355404019355774,-0.823062002658844,-0.041720859706401825,1.6053669452667236
1765156314.3771756,cf1,-0.8288026452064514,2.0685083866119385,0.35355404019355774,-0.8292796611785889,-0.07654135674238205,1.413853645324707
1765156314.391184,cf2,-0.38599011301994324,1.4592998027801514,0.3902530074119568,-0.5769444704055786,1.0464023351669312,-0.3167111277580261
1765156314.393962,cf2,-0.38599011301994324,1.4592998027801514,0.3902530074119568,-0.5722072720527649,0.9971750378608704,-0.20827797055244446
1765156314.3959012,cf1,-0.8485821485519409,2.064990520477295,0.3773684501647949,-0.8292796611785889,-0.07654135674238205,1.413853645324707
1765156314.3961608,cf1,-0.8485821485519409,2.064990520477295,0.3773684501647949,-0.8307445645332336,-0.09124184399843216,1.2818766832351685
1765156314.4120882,cf2,-0.4011742174625397,1.485092043876648,0.38975197076797485,-0.5722072720527649,0.9971750378608704,-0.20827797055244446
1765156314.413857,cf2,-0.4011742174625397,1.485092043876648,0.38975197076797485,-0.5779316425323486,0.9630967974662781,-0.07720065861940384
1765156314.4156744,cf1,-0.8679119944572449,2.0615885257720947,0.39667460322380066,-0.8307445645332336,-0.09124184399843216,1.2818766832351685
1765156314.4160247,cf1,-0.8679119944572449,2.0615885257720947,0.39667460322380066,-0.8394098281860352,-0.11865705251693726,1.0710519552230835
1765156314.4320889,cf2,-0.4141688942909241,1.505934715270996,0.39216694235801697,-0.5779316425323486,0.9630967974662781,-0.07720065861940384
1765156314.4340413,cf2,-0.4141688942909241,1.505934715270996,0.39216694235801697,-0.5877401828765869,0.9367157816886902,0.04823093116283417
1765156314.438602,cf1,-0.8874605894088745,2.058084011077881,0.4127475619316101,-0.8394098281860352,-0.11865705251693726,1.0710519552230835
1765156314.4389615,cf1,-0.8874605894088745,2.058084011077881,0.4127475619316101,-0.8498959541320801,-0.1430138647556305,0.876731276512146
1765156314.4521368,cf2,-0.42415547370910645,1.5209705829620361,0.39586490392684937,-0.5877401828765869,0.9367157816886902,0.04823093116283417
1765156314.453915,cf2,-0.42415547370910645,1.5209705829620361,0.39586490392684937,-0.5841853618621826,0.8897969722747803,0.15957702696323395
1765156314.4561439,cf1,-0.9054327011108398,2.054518222808838,0.42541036009788513,-0.8498959541320801,-0.1430138647556305,0.876731276512146
1765156314.4565105,cf1,-0.9054327011108398,2.054518222808838,0.42541036009788513,-0.8484665155410767,-0.17443221807479858,0.7199188470840454
1765156314.4721978,cf2,-0.43340960144996643,1.5347936153411865,0.3995915353298187,-0.5841853618621826,0.8897969722747803,0.15957702696323395
1765156314.4738092,cf2,-0.43340960144996643,1.5347936153411865,0.3995915353298187,-0.5786174535751343,0.843580961227417,0.23120512068271637
1765156314.4758332,cf1,-0.9221122860908508,2.05123233795166,0.43595701456069946,-0.8484665155410767,-0.17443221807479858,0.7199188470840454
1765156314.4761465,cf1,-0.9221122860908508,2.05123233795166,0.43595701456069946,-0.8434481620788574,-0.20869815349578857,0.6436660885810852
1765156314.4921656,cf2,-0.4492219388484955,1.5566351413726807,0.4071670472621918,-0.5786174535751343,0.843580961227417,0.23120512068271637
1765156314.4940999,cf2,-0.4492219388484955,1.5566351413726807,0.4071670472621918,-0.590999960899353,0.820289671421051,0.2627640962600708
1765156314.4959466,cf1,-0.9421011209487915,2.046778917312622,0.4487079977989197,-0.8434481620788574,-0.20869815349578857,0.6436660885810852
1765156314.496335,cf1,-0.9421011209487915,2.046778917312622,0.4487079977989197,-0.8537353277206421,-0.24549317359924316,0.644019603729248
1765156314.5121264,cf2,-0.46243950724601746,1.5744006633758545,0.4126858413219452,-0.590999960899353,0.820289671421051,0.2627640962600708
1765156314.5158684,cf1,-0.9628767967224121,2.0418167114257812,0.463322252035141,-0.8537353277206421,-0.24549317359924316,0.644019603729248
1765156314.5161982,cf1,-0.9628767967224121,2.0418167114257812,0.463322252035141,-0.8696625232696533,-0.2831920385360718,0.7305176258087158
1765156314.516485,cf2,-0.46243950724601746,1.5744006633758545,0.4126858413219452,-0.5948710441589355,0.7883998155593872,0.2386472076177597
1765156314.5320587,cf2,-0.47467681765556335,1.5904651880264282,0.4164392650127411,-0.5948710441589355,0.7883998155593872,0.2386472076177597
1765156314.5349684,cf2,-0.47467681765556335,1.5904651880264282,0.4164392650127411,-0.5959275364875793,0.7517671585083008,0.18692396581172943
1765156314.5356705,cf1,-0.9843912124633789,2.036573648452759,0.4805328845977783,-0.8696625232696533,-0.2831920385360718,0.7305176258087158
1765156314.5359817,cf1,-0.9843912124633789,2.036573648452759,0.4805328845977783,-0.8876172304153442,-0.31503307819366455,0.8614268898963928
1765156314.5512006,cf2,-0.481395959854126,1.5994625091552734,0.4174746572971344,-0.5959275364875793,0.7517671585083008,0.18692396581172943
1765156314.5530381,cf2,-0.481395959854126,1.5994625091552734,0.4174746572971344,-0.6050642132759094,0.7220425605773926,0.12078464776277542
1765156314.5560696,cf1,-1.0066560506820679,2.0312752723693848,0.5003812909126282,-0.8876172304153442,-0.31503307819366455,0.8614268898963928
1765156314.556394,cf1,-1.0066560506820679,2.0312752723693848,0.5003812909126282,-0.9104689955711365,-0.3426383435726166,0.9943468570709229
1765156314.571134,cf2,-0.49560073018074036,1.617458462715149,0.41943877935409546,-0.6050642132759094,0.7220425605773926,0.12078464776277542
1765156314.57285,cf2,-0.49560073018074036,1.617458462715149,0.41943877935409546,-0.6121659874916077,0.693034291267395,0.056977175176143646
1765156314.5759249,cf1,-1.0295733213424683,2.0261242389678955,0.5222542881965637,-0.9104689955711365,-0.3426383435726166,0.9943468570709229
1765156314.5762794,cf1,-1.0295733213424683,2.0261242389678955,0.5222542881965637,-0.9382174015045166,-0.3622967600822449,1.0948148965835571
1765156314.5910885,cf2,-0.5088350176811218,1.6333460807800293,0.4208337664604187,-0.6121659874916077,0.693034291267395,0.056977175176143646
1765156314.59285,cf2,-0.5088350176811218,1.6333460807800293,0.4208337664604187,-0.6200534701347351,0.6644794940948486,0.03274994716048241
1765156314.595903,cf1,-1.050718903541565,2.0215392112731934,0.5427353382110596,-0.9382174015045166,-0.3622967600822449,1.0948148965835571
1765156314.596358,cf1,-1.050718903541565,2.0215392112731934,0.5427353382110596,-0.9689880609512329,-0.37107786536216736,1.1375278234481812
1765156314.6111553,cf2,-0.5209209322929382,1.6470112800598145,0.42222028970718384,-0.6200534701347351,0.6644794940948486,0.03274994716048241
1765156314.6128504,cf2,-0.5209209322929382,1.6470112800598145,0.42222028970718384,-0.628878116607666,0.637095034122467,0.05727642774581909
1765156314.6159573,cf1,-1.07440185546875,2.0168635845184326,0.5652055740356445,-0.9689880609512329,-0.37107786536216736,1.1375278234481812
1765156314.6162763,cf1,-1.07440185546875,2.0168635845184326,0.5652055740356445,-1.0014264583587646,-0.36920657753944397,1.1082074642181396
1765156314.631122,cf2,-0.5357905626296997,1.6631979942321777,0.42474958300590515,-0.628878116607666,0.637095034122467,0.05727642774581909
1765156314.6328,cf2,-0.5357905626296997,1.6631979942321777,0.42474958300590515,-0.6386381387710571,0.6109392642974854,0.12790285050868988
1765156314.635773,cf1,-1.0982277393341064,2.0123791694641113,0.5859842300415039,-1.0014264583587646,-0.36920657753944397,1.1082074642181396
1765156314.6359668,cf1,-1.0982277393341064,2.0123791694641113,0.5859842300415039,-1.0336898565292358,-0.3585355877876282,1.0110504627227783
1765156314.6511002,cf2,-0.5483138561248779,1.6755704879760742,0.4283091723918915,-0.6386381387710571,0.6109392642974854,0.12790285050868988
1765156314.6529818,cf2,-0.5483138561248779,1.6755704879760742,0.4283091723918915,-0.6368692517280579,0.5755980610847473,0.2215607911348343
1765156314.655875,cf1,-1.1220979690551758,2.0080180168151855,0.6040979027748108,-1.0336898565292358,-0.3585355877876282,1.0110504627227783
1765156314.656085,cf1,-1.1220979690551758,2.0080180168151855,0.6040979027748108,-1.059755802154541,-0.3405345678329468,0.8568816184997559
1765156314.6710587,cf2,-0.5603886842727661,1.6869765520095825,0.4332710802555084,-0.6368692517280579,0.5755980610847473,0.2215607911348343
1765156314.6727238,cf2,-0.5603886842727661,1.6869765520095825,0.4332710802555084,-0.6517252922058105,0.5548990368843079,0.32972344756126404
1765156314.6757507,cf1,-1.1459745168685913,2.0037434101104736,0.6191443204879761,-1.059755802154541,-0.3405345678329468,0.8568816184997559
1765156314.6761403,cf1,-1.1459745168685913,2.0037434101104736,0.6191443204879761,-1.0897154808044434,-0.3207681179046631,0.6872882843017578
1765156314.691067,cf2,-0.5768598318099976,1.7010693550109863,0.4417754113674164,-0.6517252922058105,0.5548990368843079,0.32972344756126404
1765156314.6927583,cf2,-0.5768598318099976,1.7010693550109863,0.4417754113674164,-0.6665579080581665,0.5354032516479492,0.42550966143608093
1765156314.6957026,cf1,-1.1698505878448486,1.9995737075805664,0.6313505172729492,-1.0897154808044434,-0.3207681179046631,0.6872882843017578
1765156314.6960688,cf1,-1.1698505878448486,1.9995737075805664,0.6313505172729492,-1.1109130382537842,-0.2971667945384979,0.518586277961731
1765156314.7111804,cf2,-0.5901060104370117,1.7117996215820312,0.4498365819454193,-0.6665579080581665,0.5354032516479492,0.42550966143608093
1765156314.713071,cf2,-0.5901060104370117,1.7117996215820312,0.4498365819454193,-0.6640408635139465,0.5046602487564087,0.48016512393951416
1765156314.7158997,cf1,-1.193700909614563,1.9955675601959229,0.6415604948997498,-1.1109130382537842,-0.2971667945384979,0.518586277961731
1765156314.7160954,cf1,-1.193700909614563,1.9955675601959229,0.6415604948997498,-1.1259058713912964,-0.2720591425895691,0.38555288314819336
1765156314.7311046,cf2,-0.6065189242362976,1.7239488363265991,0.46060407161712646,-0.6640408635139465,0.5046602487564087,0.48016512393951416
1765156314.7328656,cf2,-0.6065189242362976,1.7239488363265991,0.46060407161712646,-0.6741442084312439,0.48318299651145935,0.5098891258239746
1765156314.735856,cf1,-1.2174240350723267,1.9917733669281006,0.650997519493103,-1.1259058713912964,-0.2720591425895691,0.38555288314819336
1765156314.7361915,cf1,-1.2174240350723267,1.9917733669281006,0.650997519493103,-1.132812261581421,-0.24794498085975647,0.30871909856796265
1765156314.7511733,cf2,-0.6202700138092041,1.7337716817855835,0.46942251920700073,-0.6741442084312439,0.48318299651145935,0.5098891258239746
1765156314.7530444,cf2,-0.6202700138092041,1.7337716817855835,0.46942251920700073,-0.6934259533882141,0.4673595130443573,0.5081161856651306
1765156314.7559123,cf1,-1.2408075332641602,1.988176941871643,0.661006510257721,-1.132812261581421,-0.24794498085975647,0.30871909856796265
1765156314.7562492,cf1,-1.2408075332641602,1.988176941871643,0.661006510257721,-1.1267942190170288,-0.22570815682411194,0.2948485016822815
1765156314.7711449,cf2,-0.6363305449485779,1.744479775428772,0.479219913482666,-0.6934259533882141,0.4673595130443573,0.5081161856651306
1765156314.772775,cf2,-0.6363305449485779,1.744479775428772,0.479219913482666,-0.705390989780426,0.44652125239372253,0.4677720069885254
1765156314.7758696,cf1,-1.2635524272918701,1.984657645225525,0.6727546453475952,-1.1267942190170288,-0.22570815682411194,0.2948485016822815
1765156314.776086,cf1,-1.2635524272918701,1.984657645225525,0.6727546453475952,-1.1167081594467163,-0.2079378217458725,0.34851130843162537
1765156314.7910259,cf2,-0.654525637626648,1.7558239698410034,0.48915889859199524,-0.705390989780426,0.44652125239372253,0.4677720069885254
1765156314.7927957,cf2,-0.654525637626648,1.7558239698410034,0.48915889859199524,-0.7143434286117554,0.43787628412246704,0.4367642402648926
1765156314.7959557,cf1,-1.285361647605896,1.981007695198059,0.6869785189628601,-1.1167081594467163,-0.2079378217458725,0.34851130843162537
1765156314.7961667,cf1,-1.285361647605896,1.981007695198059,0.6869785189628601,-1.099888563156128,-0.19359058141708374,0.45184049010276794
1765156314.811123,cf2,-0.6705504655838013,1.765500783920288,0.49631595611572266,-0.7143434286117554,0.43787628412246704,0.4367642402648926
1765156314.812858,cf2,-0.6705504655838013,1.765500783920288,0.49631595611572266,-0.7280320525169373,0.4152918756008148,0.3712519705295563
1765156314.816092,cf1,-1.3060399293899536,1.9769911766052246,0.7038328647613525,-1.099888563156128,-0.19359058141708374,0.45184049010276794
1765156314.8164299,cf1,-1.3060399293899536,1.9769911766052246,0.7038328647613525,-1.0764267444610596,-0.18221673369407654,0.5796994566917419
1765156314.8311331,cf2,-0.6868438124656677,1.7748521566390991,0.502500057220459,-0.7280320525169373,0.4152918756008148,0.3712519705295563
1765156314.8328774,cf2,-0.6868438124656677,1.7748521566390991,0.502500057220459,-0.7440639734268188,0.3950389623641968,0.31841346621513367
1765156314.8360853,cf1,-1.3255512714385986,1.9724098443984985,0.7229543328285217,-1.0764267444610596,-0.18221673369407654,0.5796994566917419
1765156314.8362348,cf1,-1.3255512714385986,1.9724098443984985,0.7229543328285217,-1.0474638938903809,-0.17451025545597076,0.702852189540863
1765156314.851162,cf2,-0.7034829258918762,1.7838475704193115,0.5081297159194946,-0.7440639734268188,0.3950389623641968,0.31841346621513367
1765156314.852899,cf2,-0.7034829258918762,1.7838475704193115,0.5081297159194946,-0.7602068781852722,0.3749825358390808,0.2846052944660187
1765156314.8557138,cf1,-1.3442245721817017,1.967069149017334,0.7437891960144043,-1.0474638938903809,-0.17451025545597076,0.702852189540863
1765156314.855918,cf1,-1.3442245721817017,1.967069149017334,0.7437891960144043,-0.9991596341133118,-0.17038309574127197,0.7862162590026855
1765156314.8712895,cf2,-0.720427393913269,1.7923554182052612,0.5137871503829956,-0.7602068781852722,0.3749825358390808,0.2846052944660187
1765156314.873078,cf2,-0.720427393913269,1.7923554182052612,0.5137871503829956,-0.7762948870658875,0.35434457659721375,0.2829093933105469
1765156314.87611,cf1,-1.361525535583496,1.9612879753112793,0.7641863822937012,-0.9991596341133118,-0.17038309574127197,0.7862162590026855
1765156314.8764424,cf1,-1.361525535583496,1.9612879753112793,0.7641863822937012,-0.96270352602005,-0.17379814386367798,0.8145982623100281
1765156314.8919692,cf2,-0.7381128668785095,1.8004310131072998,0.5203545093536377,-0.7762948870658875,0.35434457659721375,0.2829093933105469
1765156314.8938646,cf2,-0.7381128668785095,1.8004310131072998,0.5203545093536377,-0.7910650372505188,0.331268310546875,0.31893664598464966
1765156314.8957348,cf1,-1.3785293102264404,1.9549258947372437,0.7837111949920654,-0.96270352602005,-0.17379814386367798,0.8145982623100281
1765156314.8961575,cf1,-1.3785293102264404,1.9549258947372437,0.7837111949920654,-0.9238073229789734,-0.1844789832830429,0.7772518992424011
1765156314.912141,cf2,-0.7553980350494385,1.8075695037841797,0.5280454158782959,-0.7910650372505188,0.331268310546875,0.31893664598464966
1765156314.9138327,cf2,-0.7553980350494385,1.8075695037841797,0.5280454158782959,-0.8063544034957886,0.3099363148212433,0.3839004337787628
1765156314.915658,cf1,-1.3951929807662964,1.9482285976409912,0.8009291887283325,-0.9238073229789734,-0.1844789832830429,0.7772518992424011
1765156314.9161603,cf1,-1.3951929807662964,1.9482285976409912,0.8009291887283325,-0.8820568919181824,-0.20410919189453125,0.6836406588554382
1765156314.9320395,cf2,-0.7733830213546753,1.8141943216323853,0.5375323295593262,-0.8063544034957886,0.3099363148212433,0.3839004337787628
1765156314.9341342,cf2,-0.7733830213546753,1.8141943216323853,0.5375323295593262,-0.8219628930091858,0.2889252305030823,0.463360995054245
1765156314.935698,cf1,-1.411664366722107,1.941341519355774,0.8150345087051392,-0.8820568919181824,-0.20410919189453125,0.6836406588554382
1765156314.9361017,cf1,-1.411664366722107,1.941341519355774,0.8150345087051392,-0.8393744826316833,-0.23280596733093262,0.5511032938957214
1765156314.952079,cf2,-0.791671872138977,1.8201918601989746,0.5487065315246582,-0.8219628930091858,0.2889252305030823,0.463360995054245
1765156314.9541428,cf2,-0.791671872138977,1.8201918601989746,0.5487065315246582,-0.8372458219528198,0.2681441903114319,0.5421002507209778
1765156314.9569263,cf1,-1.4280656576156616,1.9342644214630127,0.8258629441261292,-0.8393744826316833,-0.23280596733093262,0.5511032938957214
1765156314.9575796,cf1,-1.4280656576156616,1.9342644214630127,0.8258629441261292,-0.794353723526001,-0.2689105272293091,0.40151724219322205
1765156314.9720788,cf2,-0.810157299041748,1.8256028890609741,0.5612780451774597,-0.8372458219528198,0.2681441903114319,0.5421002507209778
1765156314.9744172,cf2,-0.810157299041748,1.8256028890609741,0.5612780451774597,-0.851304292678833,0.24803940951824188,0.6062158346176147
1765156314.9767253,cf1,-1.444522500038147,1.9267953634262085,0.8339028358459473,-0.794353723526001,-0.2689105272293091,0.40151724219322205
1765156314.9770231,cf1,-1.444522500038147,1.9267953634262085,0.8339028358459473,-0.7506056427955627,-0.3099072277545929,0.27386173605918884
1765156314.9920323,cf2,-0.8287502527236938,1.8304957151412964,0.5746960043907166,-0.851304292678833,0.24803940951824188,0.6062158346176147
1765156314.9939415,cf2,-0.8287502527236938,1.8304957151412964,0.5746960043907166,-0.8641314506530762,0.22866563498973846,0.6414629817008972
1765156314.9971678,cf1,-1.4599322080612183,1.9192763566970825,0.8394971489906311,-0.7506056427955627,-0.3099072277545929,0.27386173605918884
1765156314.9977443,cf1,-1.4599322080612183,1.9192763566970825,0.8394971489906311,-0.7199030518531799,-0.35147711634635925,0.19668586552143097
1765156315.0121052,cf2,-0.8473693132400513,1.8349474668502808,0.5882605910301208,-0.8641314506530762,0.22866563498973846,0.6414629817008972
1765156315.013995,cf2,-0.8473693132400513,1.8349474668502808,0.5882605910301208,-0.8756269812583923,0.2094700038433075,0.6396814584732056
1765156315.0169415,cf1,-1.4754562377929688,1.9109275341033936,0.8438591957092285,-0.7199030518531799,-0.35147711634635925,0.19668586552143097
1765156315.0172772,cf1,-1.4754562377929688,1.9109275341033936,0.8438591957092285,-0.6960757374763489,-0.39583462476730347,0.15998554229736328
1765156315.0322974,cf2,-0.8637205362319946,1.8387058973312378,0.5996239185333252,-0.8756269812583923,0.2094700038433075,0.6396814584732056
1765156315.0341892,cf2,-0.8637205362319946,1.8387058973312378,0.5996239185333252,-0.8715498447418213,0.1874392181634903,0.5864620208740234
1765156315.0366144,cf1,-1.4907039403915405,1.90168035030365,0.8477551341056824,-0.6960757374763489,-0.39583462476730347,0.15998554229736328
1765156315.0368214,cf1,-1.4907039403915405,1.90168035030365,0.8477551341056824,-0.6777075529098511,-0.441499799489975,0.17251408100128174
1765156315.0520632,cf2,-0.8836989402770996,1.8427338600158691,0.6124580502510071,-0.8715498447418213,0.1874392181634903,0.5864620208740234
1765156315.0540328,cf2,-0.8836989402770996,1.8427338600158691,0.6124580502510071,-0.8810202479362488,0.16952641308307648,0.5187154412269592
1765156315.056936,cf1,-1.5057355165481567,1.8913789987564087,0.8520050644874573,-0.6777075529098511,-0.441499799489975,0.17251408100128174
1765156315.0572848,cf1,-1.5057355165481567,1.8913789987564087,0.8520050644874573,-0.6647447943687439,-0.48682111501693726,0.2215980738401413
1765156315.0721693,cf2,-0.9005146622657776,1.84609854221344,0.6218312382698059,-0.8810202479362488,0.16952641308307648,0.5187154412269592
1765156315.074436,cf2,-0.9005146622657776,1.84609854221344,0.6218312382698059,-0.873119056224823,0.14926376938819885,0.42200618982315063
1765156315.0766516,cf1,-1.520697832107544,1.8800156116485596,0.8570457100868225,-0.6647447943687439,-0.48682111501693726,0.2215980738401413
1765156315.0769362,cf1,-1.520697832107544,1.8800156116485596,0.8570457100868225,-0.6573835611343384,-0.5305853486061096,0.28490549325942993
1765156315.0920632,cf2,-0.9186067581176758,1.8494004011154175,0.6306661367416382,-0.873119056224823,0.14926376938819885,0.42200618982315063
1765156315.0940828,cf2,-0.9186067581176758,1.8494004011154175,0.6306661367416382,-0.8596022129058838,0.12869185209274292,0.3307579755783081
1765156315.0970385,cf1,-1.5357320308685303,1.8676987886428833,0.8629518747329712,-0.6573835611343384,-0.5305853486061096,0.28490549325942993
1765156315.0974936,cf1,-1.5357320308685303,1.8676987886428833,0.8629518747329712,-0.65582275390625,-0.5716140270233154,0.34370145201683044
1765156315.1111143,cf2,-0.9385571479797363,1.8526325225830078,0.6392822861671448,-0.8596022129058838,0.12869185209274292,0.3307579755783081
1765156315.1127882,cf2,-0.9385571479797363,1.8526325225830078,0.6392822861671448,-0.8490224480628967,0.10909417271614075,0.2648099958896637
1765156315.1169577,cf1,-1.5509288311004639,1.8546082973480225,0.8694111704826355,-0.65582275390625,-0.5716140270233154,0.34370145201683044
1765156315.1171827,cf1,-1.5509288311004639,1.8546082973480225,0.8694111704826355,-0.6601271629333496,-0.6093599200248718,0.3779071569442749
1765156315.1313725,cf2,-0.9564432501792908,1.8553091287612915,0.6467816829681396,-0.8490224480628967,0.10909417271614075,0.2648099958896637
1765156315.1329513,cf2,-0.9564432501792908,1.8553091287612915,0.6467816829681396,-0.8363238573074341,0.09125838428735733,0.2444545179605484
1765156315.1366792,cf1,-1.566313624382019,1.8409541845321655,0.8758352398872375,-0.6601271629333496,-0.6093599200248718,0.3779071569442749
1765156315.137114,cf1,-1.566313624382019,1.8409541845321655,0.8758352398872375,-0.6693795919418335,-0.6429791450500488,0.37679970264434814
1765156315.1520367,cf2,-0.9732089042663574,1.8575079441070557,0.6545040607452393,-0.8363238573074341,0.09125838428735733,0.2444545179605484
1765156315.1538248,cf2,-0.9732089042663574,1.8575079441070557,0.6545040607452393,-0.811040461063385,0.07231350243091583,0.26443448662757874
1765156315.1571498,cf1,-1.581883430480957,1.826907753944397,0.8817616701126099,-0.6693795919418335,-0.6429791450500488,0.37679970264434814
1765156315.1575484,cf1,-1.581883430480957,1.826907753944397,0.8817616701126099,-0.6825276613235474,-0.669749915599823,0.347962349653244
1765156315.172116,cf2,-0.9904769062995911,1.859345555305481,0.6637116074562073,-0.811040461063385,0.07231350243091583,0.26443448662757874
1765156315.1738272,cf2,-0.9904769062995911,1.859345555305481,0.6637116074562073,-0.7955999374389648,0.055935878306627274,0.3243871331214905
1765156315.1770337,cf1,-1.5976104736328125,1.8125882148742676,0.8867122530937195,-0.6825276613235474,-0.669749915599823,0.347962349653244
1765156315.1773708,cf1,-1.5976104736328125,1.8125882148742676,0.8867122530937195,-0.6978120803833008,-0.6907705068588257,0.2914782166481018
1765156315.192124,cf2,-1.0069308280944824,1.8607109785079956,0.6741478443145752,-0.7955999374389648,0.055935878306627274,0.3243871331214905
1765156315.1944053,cf2,-1.0069308280944824,1.8607109785079956,0.6741478443145752,-0.7790698409080505,0.040297411382198334,0.4013310968875885
1765156315.1987662,cf1,-1.613462209701538,1.7980695962905884,0.8903501629829407,-0.6978120803833008,-0.6907705068588257,0.2914782166481018
1765156315.1990926,cf1,-1.613462209701538,1.7980695962905884,0.8903501629829407,-0.7132341861724854,-0.7072812914848328,0.21408399939537048
1765156315.2120109,cf2,-1.0229936838150024,1.8616571426391602,0.6858388185501099,-0.7790698409080505,0.040297411382198334,0.4013310968875885
1765156315.2139192,cf2,-1.0229936838150024,1.8616571426391602,0.6858388185501099,-0.76175856590271,0.02588038146495819,0.47693324089050293
1765156315.2157924,cf1,-1.6304682493209839,1.7820440530776978,0.8925622701644897,-0.7132341861724854,-0.7072812914848328,0.21408399939537048
1765156315.2162151,cf1,-1.6304682493209839,1.7820440530776978,0.8925622701644897,-0.7258128523826599,-0.7174162268638611,0.12305442243814468
1765156315.2321754,cf2,-1.0397030115127563,1.861944317817688,0.6989391446113586,-0.76175856590271,0.02588038146495819,0.47693324089050293
1765156315.2343316,cf2,-1.0397030115127563,1.861944317817688,0.6989391446113586,-0.7453693747520447,0.01200148556381464,0.5323015451431274
1765156315.2357216,cf1,-1.646344780921936,1.7674317359924316,0.8935192823410034,-0.7258128523826599,-0.7174162268638611,0.12305442243814468
1765156315.235993,cf1,-1.646344780921936,1.7674317359924316,0.8935192823410034,-0.7366127371788025,-0.7238807082176208,0.04879801347851753
1765156315.2509887,cf2,-1.0554172992706299,1.862133264541626,0.7119177579879761,-0.7453693747520447,0.01200148556381464,0.5323015451431274
1765156315.252852,cf2,-1.0554172992706299,1.862133264541626,0.7119177579879761,-0.7280423045158386,-0.0015745317796245217,0.5537391304969788
1765156315.2558928,cf1,-1.662437081336975,1.7525655031204224,0.8940449357032776,-0.7366127371788025,-0.7238807082176208,0.04879801347851753
1765156315.2562892,cf1,-1.662437081336975,1.7525655031204224,0.8940449357032776,-0.7433980703353882,-0.7266101241111755,0.006476841866970062
1765156315.271052,cf2,-1.0706868171691895,1.862073302268982,0.7239510416984558,-0.7280423045158386,-0.0015745317796245217,0.5537391304969788
1765156315.2728176,cf2,-1.0706868171691895,1.862073302268982,0.7239510416984558,-0.7153744697570801,-0.013301746919751167,0.5356821417808533
1765156315.2756593,cf1,-1.6785342693328857,1.7376221418380737,0.8951612114906311,-0.7433980703353882,-0.7266101241111755,0.006476841866970062
1765156315.2758574,cf1,-1.6785342693328857,1.7376221418380737,0.8951612114906311,-0.7454149723052979,-0.7262592911720276,0.006954000797122717
1765156315.2912095,cf2,-1.0860525369644165,1.8617852926254272,0.7346211671829224,-0.7153744697570801,-0.013301746919751167,0.5356821417808533
1765156315.2928193,cf2,-1.0860525369644165,1.8617852926254272,0.7346211671829224,-0.7054819464683533,-0.02597476914525032,0.4781065285205841
1765156315.295831,cf1,-1.6944950819015503,1.72267484664917,0.89760822057724,-0.7454149723052979,-0.7262592911720276,0.006954000797122717
1765156315.2960534,cf1,-1.6944950819015503,1.72267484664917,0.89760822057724,-0.742670476436615,-0.723946750164032,0.04656568914651871
1765156315.3110385,cf2,-1.1013906002044678,1.86130690574646,0.7432606816291809,-0.7054819464683533,-0.02597476914525032,0.4781065285205841
1765156315.3128178,cf2,-1.1013906002044678,1.86130690574646,0.7432606816291809,-0.6987641453742981,-0.040584996342659,0.39153409004211426
1765156315.3159506,cf1,-1.7101722955703735,1.707765817642212,0.9017412662506104,-0.742670476436615,-0.723946750164032,0.04656568914651871
1765156315.316293,cf1,-1.7101722955703735,1.707765817642212,0.9017412662506104,-0.7395133376121521,-0.7250444293022156,0.10880134254693985
1765156315.3310366,cf2,-1.116707682609558,1.86064875125885,0.7496734261512756,-0.6987641453742981,-0.040584996342659,0.39153409004211426
1765156315.3328238,cf2,-1.116707682609558,1.86064875125885,0.7496734261512756,-0.6950185298919678,-0.0568472295999527,0.29359710216522217
1765156315.3371425,cf1,-1.7255855798721313,1.6927578449249268,0.9075970649719238,-0.7395133376121521,-0.7250444293022156,0.10880134254693985
1765156315.3375819,cf1,-1.7255855798721313,1.6927578449249268,0.9075970649719238,-0.723164975643158,-0.714118242263794,0.1825244277715683
1765156315.3522155,cf2,-1.1327232122421265,1.8596831560134888,0.7543586492538452,-0.6950185298919678,-0.0568472295999527,0.29359710216522217
1765156315.3538446,cf2,-1.1327232122421265,1.8596831560134888,0.7543586492538452,-0.69240403175354,-0.07524986565113068,0.2047964185476303
1765156315.3558908,cf1,-1.7335578203201294,1.6852340698242188,0.9118050932884216,-0.723164975643158,-0.714118242263794,0.1825244277715683
1765156315.3562007,cf1,-1.7335578203201294,1.6852340698242188,0.9118050932884216,-0.7173656225204468,-0.7124989032745361,0.2193397432565689
1765156315.3719304,cf2,-1.147388219833374,1.8585543632507324,0.7575397491455078,-0.69240403175354,-0.07524986565113068,0.2047964185476303
1765156315.3740168,cf2,-1.147388219833374,1.8585543632507324,0.7575397491455078,-0.6940608620643616,-0.09455658495426178,0.15849974751472473
1765156315.3755615,cf1,-1.747896671295166,1.6705857515335083,0.9190871715545654,-0.7173656225204468,-0.7124989032745361,0.2193397432565689
1765156315.3757527,cf1,-1.747896671295166,1.6705857515335083,0.9190871715545654,-0.7020919919013977,-0.7085022926330566,0.2683798670768738
1765156315.3922226,cf2,-1.1628191471099854,1.8568724393844604,0.7608945369720459,-0.6940608620643616,-0.09455658495426178,0.15849974751472473
1765156315.3942583,cf2,-1.1628191471099854,1.8568724393844604,0.7608945369720459,-0.6992373466491699,-0.11544597148895264,0.1586836278438568
1765156315.3955104,cf1,-1.7618876695632935,1.6557518243789673,0.9268984794616699,-0.7020919919013977,-0.7085022926330566,0.2683798670768738
1765156315.3957176,cf1,-1.7618876695632935,1.6557518243789673,0.9268984794616699,-0.6842644214630127,-0.7058553099632263,0.2955569624900818
1765156315.4120612,cf2,-1.1784979104995728,1.8545795679092407,0.7651483416557312,-0.6992373466491699,-0.11544597148895264,0.1586836278438568
1765156315.414157,cf2,-1.1784979104995728,1.8545795679092407,0.7651483416557312,-0.7064849138259888,-0.13704180717468262,0.2065216302871704
1765156315.415607,cf1,-1.7754002809524536,1.6408673524856567,0.9345324635505676,-0.6842644214630127,-0.7058553099632263,0.2955569624900818
1765156315.4159212,cf1,-1.7754002809524536,1.6408673524856567,0.9345324635505676,-0.6632436513900757,-0.7040712833404541,0.29419827461242676
1765156315.4319863,cf2,-1.1898142099380493,1.8526649475097656,0.7697462439537048,-0.7064849138259888,-0.13704180717468262,0.2065216302871704
1765156315.4339385,cf2,-1.1898142099380493,1.8526649475097656,0.7697462439537048,-0.7075012922286987,-0.1571546196937561,0.28201010823249817
1765156315.4355628,cf1,-1.7884711027145386,1.625909686088562,0.9413819909095764,-0.6632436513900757,-0.7040712833404541,0.29419827461242676
1765156315.4358337,cf1,-1.7884711027145386,1.625909686088562,0.9413819909095764,-0.6395196914672852,-0.7047895193099976,0.2651434540748596
1765156315.4521399,cf2,-1.2057312726974487,1.8492382764816284,0.7766901254653931,-0.7075012922286987,-0.1571546196937561,0.28201010823249817
1765156315.4542146,cf2,-1.2057312726974487,1.8492382764816284,0.7766901254653931,-0.7181264758110046,-0.17906668782234192,0.3688957393169403
1765156315.4557672,cf1,-1.8011459112167358,1.6108556985855103,0.9469845294952393,-0.6395196914672852,-0.7047895193099976,0.2651434540748596
1765156315.4562094,cf1,-1.8011459112167358,1.6108556985855103,0.9469845294952393,-0.6137908697128296,-0.7090114951133728,0.2122432440519333
1765156315.4720254,cf2,-1.2270203828811646,1.8436156511306763,0.7873228788375854,-0.7181264758110046,-0.17906668782234192,0.3688957393169403
1765156315.4740248,cf2,-1.2270203828811646,1.8436156511306763,0.7873228788375854,-0.7334246039390564,-0.2022935301065445,0.4463306665420532
1765156315.4757357,cf1,-1.813451886177063,1.5956898927688599,0.9510785937309265,-0.6137908697128296,-0.7090114951133728,0.2122432440519333
1765156315.4761136,cf1,-1.813451886177063,1.5956898927688599,0.9510785937309265,-0.5866492390632629,-0.7165957093238831,0.145186185836792
1765156315.4920106,cf2,-1.243158221244812,1.8389441967010498,0.7966963648796082,-0.7334246039390564,-0.2022935301065445,0.4463306665420532
1765156315.493969,cf2,-1.243158221244812,1.8389441967010498,0.7966963648796082,-0.7417784333229065,-0.2224549800157547,0.49254703521728516
1765156315.495559,cf1,-1.8253810405731201,1.5803871154785156,0.9536787867546082,-0.5866492390632629,-0.7165957093238831,0.145186185836792
1765156315.4957805,cf1,-1.8253810405731201,1.5803871154785156,0.9536787867546082,-0.5585970878601074,-0.7271305322647095,0.07875024527311325
1765156315.5120778,cf2,-1.256194829940796,1.835060477256775,0.8043171167373657,-0.7417784333229065,-0.2224549800157547,0.49254703521728516
1765156315.5142107,cf2,-1.256194829940796,1.835060477256775,0.8043171167373657,-0.7485195398330688,-0.24125339090824127,0.4991476535797119
1765156315.5157285,cf1,-1.8370318412780762,1.5646746158599854,0.9551373720169067,-0.5585970878601074,-0.7271305322647095,0.07875024527311325
1765156315.5160294,cf1,-1.8370318412780762,1.5646746158599854,0.9551373720169067,-0.5243580937385559,-0.7375487089157104,0.02551223523914814
1765156315.5320158,cf2,-1.2740432024002075,1.8291430473327637,0.8139247894287109,-0.7485195398330688,-0.24125339090824127,0.4991476535797119
1765156315.5339534,cf2,-1.2740432024002075,1.8291430473327637,0.8139247894287109,-0.7595275640487671,-0.2618016302585602,0.4643285870552063
1765156315.5355585,cf1,-1.8478895425796509,1.5491385459899902,0.9559569954872131,-0.5243580937385559,-0.7375487089157104,0.02551223523914814
1765156315.5357847,cf1,-1.8478895425796509,1.5491385459899902,0.9559569954872131,-0.49661266803741455,-0.7525067925453186,0.006749066989868879
1765156315.552039,cf2,-1.2903177738189697,1.8235479593276978,0.82147216796875,-0.7595275640487671,-0.2618016302585602,0.4643285870552063
1765156315.5540085,cf2,-1.2903177738189697,1.8235479593276978,0.82147216796875,-0.77129065990448,-0.28253549337387085,0.3965156078338623
1765156315.5557284,cf1,-1.8583582639694214,1.533061146736145,0.956726610660553,-0.49661266803741455,-0.7525067925453186,0.006749066989868879
1765156315.5559437,cf1,-1.8583582639694214,1.533061146736145,0.956726610660553,-0.4707474112510681,-0.7694735527038574,0.01618988811969757
1765156315.5720146,cf2,-1.3075026273727417,1.817366361618042,0.8279331922531128,-0.77129065990448,-0.28253549337387085,0.3965156078338623
1765156315.5741446,cf2,-1.3075026273727417,1.817366361618042,0.8279331922531128,-0.781053364276886,-0.30277135968208313,0.3097355365753174
1765156315.575739,cf1,-1.868286371231079,1.5165753364562988,0.957892119884491,-0.4707474112510681,-0.7694735527038574,0.01618988811969757
1765156315.5761082,cf1,-1.868286371231079,1.5165753364562988,0.957892119884491,-0.4466736316680908,-0.7871103286743164,0.049810100346803665
1765156315.5920033,cf2,-1.3247350454330444,1.8109281063079834,0.8327698111534119,-0.781053364276886,-0.30277135968208313,0.3097355365753174
1765156315.5939782,cf2,-1.3247350454330444,1.8109281063079834,0.8327698111534119,-0.7838917970657349,-0.32149747014045715,0.21718408167362213
1765156315.5956411,cf1,-1.8777027130126953,1.4996639490127563,0.9596842527389526,-0.4466736316680908,-0.7871103286743164,0.049810100346803665
1765156315.5961785,cf1,-1.8777027130126953,1.4996639490127563,0.9596842527389526,-0.4246586263179779,-0.8049637079238892,0.09363959729671478
1765156315.6121418,cf2,-1.3419358730316162,1.8042312860488892,0.8362427353858948,-0.7838917970657349,-0.32149747014045715,0.21718408167362213
1765156315.6141636,cf2,-1.3419358730316162,1.8042312860488892,0.8362427353858948,-0.7863986492156982,-0.3402186632156372,0.14101281762123108
1765156315.6156552,cf1,-1.886670470237732,1.4823356866836548,0.9620921015739441,-0.4246586263179779,-0.8049637079238892,0.09363959729671478
1765156315.615983,cf1,-1.886670470237732,1.4823356866836548,0.9620921015739441,-0.4048177897930145,-0.8227026462554932,0.13421942293643951
1765156315.6320105,cf2,-1.3590584993362427,1.797229528427124,0.8389822244644165,-0.7863986492156982,-0.3402186632156372,0.14101281762123108
1765156315.6339443,cf2,-1.3590584993362427,1.797229528427124,0.8389822244644165,-0.7852404713630676,-0.35781916975975037,0.0951535627245903
1765156315.6355357,cf1,-1.8952581882476807,1.4646261930465698,0.9649166464805603,-0.4048177897930145,-0.8227026462554932,0.13421942293643951
1765156315.6358552,cf1,-1.8952581882476807,1.4646261930465698,0.9649166464805603,-0.38716334104537964,-0.8400002717971802,0.16171355545520782
1765156315.6519368,cf2,-1.3760323524475098,1.789871096611023,0.8417542576789856,-0.7852404713630676,-0.35781916975975037,0.0951535627245903
1765156315.6538815,cf2,-1.3760323524475098,1.789871096611023,0.8417542576789856,-0.7805033922195435,-0.3743312656879425,0.08869455009698868
1765156315.6555843,cf1,-1.903529405593872,1.4465895891189575,0.9678137302398682,-0.38716334104537964,-0.8400002717971802,0.16171355545520782
1765156315.6559,cf1,-1.903529405593872,1.4465895891189575,0.9678137302398682,-0.37150946259498596,-0.8565575480461121,0.1691533923149109
1765156315.6720674,cf2,-1.3927708864212036,1.7821170091629028,0.8452901244163513,-0.7805033922195435,-0.3743312656879425,0.08869455009698868
1765156315.6741555,cf2,-1.3927708864212036,1.7821170091629028,0.8452901244163513,-0.7728496789932251,-0.38985347747802734,0.11830522119998932
1765156315.6757545,cf1,-1.911532998085022,1.4282865524291992,0.9703996181488037,-0.37150946259498596,-0.8565575480461121,0.1691533923149109
1765156315.6760674,cf1,-1.911532998085022,1.4282865524291992,0.9703996181488037,-0.3574696481227875,-0.8719601631164551,0.1541280895471573
1765156315.6911294,cf2,-1.4124891757965088,1.7719935178756714,0.8503639698028564,-0.7728496789932251,-0.38985347747802734,0.11830522119998932
1765156315.692809,cf2,-1.4124891757965088,1.7719935178756714,0.8503639698028564,-0.7566549777984619,-0.4025089144706726,0.17324279248714447
1765156315.6956704,cf1,-1.9184901714324951,1.41145658493042,0.9722073078155518,-0.3574696481227875,-0.8719601631164551,0.1541280895471573
1765156315.6958945,cf1,-1.9184901714324951,1.41145658493042,0.9722073078155518,-0.3444875478744507,-0.8857870101928711,0.12056484818458557
1765156315.711225,cf2,-1.4252351522445679,1.7654122114181519,0.8561839461326599,-0.7566549777984619,-0.4025089144706726,0.17324279248714447
1765156315.712805,cf2,-1.4252351522445679,1.7654122114181519,0.8561839461326599,-0.7425438165664673,-0.4148763418197632,0.23675984144210815
1765156315.7158341,cf1,-1.9268473386764526,1.3910750150680542,0.9734728336334229,-0.3444875478744507,-0.8857870101928711,0.12056484818458557
1765156315.7160354,cf1,-1.9268473386764526,1.3910750150680542,0.9734728336334229,-0.33193516731262207,-0.897940456867218,0.0745881050825119
1765156315.731143,cf2,-1.4407799243927002,1.7565724849700928,0.8635140061378479,-0.7425438165664673,-0.4148763418197632,0.23675984144210815
1765156315.7330415,cf2,-1.4407799243927002,1.7565724849700928,0.8635140061378479,-0.7291660904884338,-0.42770639061927795,0.2947392761707306
1765156315.737076,cf1,-1.9341713190078735,1.3722282648086548,0.9737513661384583,-0.33193516731262207,-0.897940456867218,0.0745881050825119
1765156315.7374737,cf1,-1.9341713190078735,1.3722282648086548,0.9737513661384583,-0.3193512260913849,-0.9082872271537781,0.02603273279964924
1765156315.7511003,cf2,-1.455963373184204,1.7474009990692139,0.8716697692871094,-0.7291660904884338,-0.42770639061927795,0.2947392761707306
1765156315.752811,cf2,-1.455963373184204,1.7474009990692139,0.8716697692871094,-0.7142171263694763,-0.4399334192276001,0.3336127996444702
1765156315.7567134,cf1,-1.9412693977355957,1.3531930446624756,0.9733949303627014,-0.3193512260913849,-0.9082872271537781,0.02603273279964924
1765156315.7572067,cf1,-1.9412693977355957,1.3531930446624756,0.9733949303627014,-0.3048604428768158,-0.9142950177192688,-0.015368294902145863
1765156315.772188,cf2,-1.4710744619369507,1.7377532720565796,0.8802186250686646,-0.7142171263694763,-0.4399334192276001,0.3336127996444702
1765156315.773734,cf2,-1.4710744619369507,1.7377532720565796,0.8802186250686646,-0.6950923800468445,-0.4509812593460083,0.3437499403953552
1765156315.7767162,cf1,-1.9480705261230469,1.334132432937622,0.9727239012718201,-0.3048604428768158,-0.9142950177192688,-0.015368294902145863
1765156315.7769322,cf1,-1.9480705261230469,1.334132432937622,0.9727239012718201,-0.2916390895843506,-0.92080157995224,-0.03835078701376915
1765156315.7921505,cf2,-1.4851977825164795,1.7283577919006348,0.8879539370536804,-0.6950923800468445,-0.4509812593460083,0.3437499403953552
1765156315.7938907,cf2,-1.4851977825164795,1.7283577919006348,0.8879539370536804,-0.6770665645599365,-0.46202337741851807,0.31993168592453003
1765156315.7970421,cf1,-1.9545954465866089,1.314911127090454,0.972034215927124,-0.2916390895843506,-0.92080157995224,-0.03835078701376915
1765156315.7974539,cf1,-1.9545954465866089,1.314911127090454,0.972034215927124,-0.2778542637825012,-0.9258826971054077,-0.04615854471921921
1765156315.8111427,cf2,-1.4938424825668335,1.7225534915924072,0.8922407031059265,-0.6770665645599365,-0.46202337741851807,0.31993168592453003
1765156315.8128142,cf2,-1.4938424825668335,1.7225534915924072,0.8922407031059265,-0.6620771288871765,-0.47675320506095886,0.26926594972610474
1765156315.8171432,cf1,-1.9607776403427124,1.2955853939056396,0.9717548489570618,-0.2778542637825012,-0.9258826971054077,-0.04615854471921921
1765156315.8175204,cf1,-1.9607776403427124,1.2955853939056396,0.9717548489570618,-0.2633356750011444,-0.92975252866745,-0.029937295243144035
1765156315.831183,cf2,-1.5096659660339355,1.7112804651260376,0.8991779088973999,-0.6620771288871765,-0.47675320506095886,0.26926594972610474
1765156315.8328912,cf2,-1.5096659660339355,1.7112804651260376,0.8991779088973999,-0.6460205912590027,-0.48848050832748413,0.20229750871658325
1765156315.8367968,cf1,-1.9665801525115967,1.2761707305908203,0.9722001552581787,-0.2633356750011444,-0.92975252866745,-0.029937295243144035
1765156315.8370109,cf1,-1.9665801525115967,1.2761707305908203,0.9722001552581787,-0.24827347695827484,-0.9327153563499451,0.0036337983328849077
1765156315.8509421,cf2,-1.5234589576721191,1.7012256383895874,0.9036931991577148,-0.6460205912590027,-0.48848050832748413,0.20229750871658325
1765156315.8527796,cf2,-1.5234589576721191,1.7012256383895874,0.9036931991577148,-0.6156111359596252,-0.4879196286201477,0.12667174637317657
1765156315.8569875,cf1,-1.9714139699935913,1.258455514907837,0.9732401967048645,-0.24827347695827484,-0.9327153563499451,0.0036337983328849077
1765156315.8573782,cf1,-1.9714139699935913,1.258455514907837,0.9732401967048645,-0.23270849883556366,-0.9349647760391235,0.047942887991666794
1765156315.871177,cf2,-1.5364574193954468,1.6914714574813843,0.9067394137382507,-0.6156111359596252,-0.4879196286201477,0.12667174637317657
1765156315.8731248,cf2,-1.5364574193954468,1.6914714574813843,0.9067394137382507,-0.5942074656486511,-0.4938260018825531,0.07444994896650314
1765156315.8768282,cf1,-1.976423978805542,1.238912582397461,0.9754190444946289,-0.23270849883556366,-0.9349647760391235,0.047942887991666794
1765156315.8771372,cf1,-1.976423978805542,1.238912582397461,0.9754190444946289,-0.2154795527458191,-0.9330363273620605,0.09248597174882889
1765156315.8910344,cf2,-1.5480440855026245,1.6825478076934814,0.9088810682296753,-0.5942074656486511,-0.4938260018825531,0.07444994896650314
1765156315.8928735,cf2,-1.5480440855026245,1.6825478076934814,0.9088810682296753,-0.5762514472007751,-0.5009813904762268,0.0477680005133152
1765156315.8957255,cf1,-1.9810218811035156,1.2192262411117554,0.9783825874328613,-0.2154795527458191,-0.9330363273620605,0.09248597174882889
1765156315.8959148,cf1,-1.9810218811035156,1.2192262411117554,0.9783825874328613,-0.19752004742622375,-0.9313260316848755,0.13252434134483337
1765156315.9110625,cf2,-1.5607866048812866,1.6722651720046997,0.9110241532325745,-0.5762514472007751,-0.5009813904762268,0.0477680005133152
1765156315.9128466,cf2,-1.5607866048812866,1.6722651720046997,0.9110241532325745,-0.561656653881073,-0.5095418095588684,0.05380842462182045
1765156315.9156728,cf1,-1.9851652383804321,1.1997162103652954,0.9817678332328796,-0.19752004742622375,-0.9313260316848755,0.13252434134483337
1765156315.9159703,cf1,-1.9851652383804321,1.1997162103652954,0.9817678332328796,-0.18051958084106445,-0.9320529699325562,0.15631484985351562
1765156315.9312103,cf2,-1.5733181238174438,1.661709189414978,0.9133556485176086,-0.561656653881073,-0.5095418095588684,0.05380842462182045
1765156315.9329247,cf2,-1.5733181238174438,1.661709189414978,0.9133556485176086,-0.5493776202201843,-0.5187045931816101,0.08532752096652985
1765156315.9358964,cf1,-1.9889373779296875,1.1800802946090698,0.9851851463317871,-0.18051958084106445,-0.9320529699325562,0.15631484985351562
1765156315.9362032,cf1,-1.9889373779296875,1.1800802946090698,0.9851851463317871,-0.162804514169693,-0.9327804446220398,0.15922538936138153
1765156315.9510615,cf2,-1.5855945348739624,1.6509097814559937,0.9162218570709229,-0.5493776202201843,-0.5187045931816101,0.08532752096652985
1765156315.9528842,cf2,-1.5855945348739624,1.6509097814559937,0.9162218570709229,-0.5393832325935364,-0.5285068154335022,0.1323900669813156
1765156315.9556437,cf1,-1.9923521280288696,1.160422921180725,0.9880934953689575,-0.162804514169693,-0.9327804446220398,0.15922538936138153
1765156315.955884,cf1,-1.9923521280288696,1.160422921180725,0.9880934953689575,-0.1441124975681305,-0.9335627555847168,0.13643138110637665
1765156315.970983,cf2,-1.5976701974868774,1.6398205757141113,0.9197668433189392,-0.5393832325935364,-0.5285068154335022,0.1323900669813156
1765156315.972836,cf2,-1.5976701974868774,1.6398205757141113,0.9197668433189392,-0.5316446423530579,-0.5395463705062866,0.17980121076107025
1765156315.9759035,cf1,-1.9954392910003662,1.1407511234283447,0.9900999069213867,-0.1441124975681305,-0.9335627555847168,0.13643138110637665
1765156315.976175,cf1,-1.9954392910003662,1.1407511234283447,0.9900999069213867,-0.12463531643152237,-0.9346551299095154,0.09476030617952347
1765156315.9911048,cf2,-1.6096055507659912,1.6284103393554688,0.9239086508750916,-0.5316446423530579,-0.5395463705062866,0.17980121076107025
1765156315.9941163,cf2,-1.6096055507659912,1.6284103393554688,0.9239086508750916,-0.5246596932411194,-0.5510661005973816,0.21718955039978027
1765156315.9957721,cf1,-1.9982125759124756,1.1210639476776123,0.991022527217865,-0.12463531643152237,-0.9346551299095154,0.09476030617952347
1765156315.9960742,cf1,-1.9982125759124756,1.1210639476776123,0.991022527217865,-0.104520782828331,-0.9360916614532471,0.04282830283045769
1765156316.0110362,cf2,-1.6214731931686401,1.6166404485702515,0.9284168481826782,-0.5246596932411194,-0.5510661005973816,0.21718955039978027
1765156316.0128384,cf2,-1.6214731931686401,1.6166404485702515,0.9284168481826782,-0.5269607305526733,-0.5611764192581177,0.23206359148025513
1765156316.0156944,cf1,-2.000659465789795,1.1013593673706055,0.9909147024154663,-0.104520782828331,-0.9360916614532471,0.04282830283045769
1765156316.0160158,cf1,-2.000659465789795,1.1013593673706055,0.9909147024154663,-0.08386395126581192,-0.9376972913742065,-0.007214881479740143
1765156316.0321238,cf2,-1.634924054145813,1.6027041673660278,0.9335488677024841,-0.5269607305526733,-0.5611764192581177,0.23206359148025513
1765156316.0341434,cf2,-1.634924054145813,1.6027041673660278,0.9335488677024841,-0.525091290473938,-0.5771347284317017,0.23952515423297882
1765156316.0356743,cf1,-2.002741813659668,1.0816324949264526,0.9900907278060913,-0.08386395126581192,-0.9376972913742065,-0.007214881479740143
1765156316.0359488,cf1,-2.002741813659668,1.0816324949264526,0.9900907278060913,-0.06298218667507172,-0.9393245577812195,-0.041905198246240616
1765156316.052062,cf2,-1.6467126607894897,1.5901905298233032,0.9377030730247498,-0.525091290473938,-0.5771347284317017,0.23952515423297882
1765156316.0540373,cf2,-1.6467126607894897,1.5901905298233032,0.9377030730247498,-0.5215093493461609,-0.5910847783088684,0.22241294384002686
1765156316.0556393,cf1,-2.004409074783325,1.061873435974121,0.9890192747116089,-0.06298218667507172,-0.9393245577812195,-0.041905198246240616
1765156316.0559351,cf1,-2.004409074783325,1.061873435974121,0.9890192747116089,-0.04224907606840134,-0.9409420490264893,-0.053223829716444016
1765156316.072083,cf2,-1.6582787036895752,1.5775799751281738,0.94109046459198,-0.5215093493461609,-0.5910847783088684,0.22241294384002686
1765156316.0739021,cf2,-1.6582787036895752,1.5775799751281738,0.94109046459198,-0.5196824669837952,-0.6066305041313171,0.1887774020433426
1765156316.0756648,cf1,-2.005636215209961,1.04116690158844,0.988130509853363,-0.04224907606840134,-0.9409420490264893,-0.053223829716444016
1765156316.0758595,cf1,-2.005636215209961,1.04116690158844,0.988130509853363,-0.01969340816140175,-0.9378929734230042,-0.03864758461713791
1765156316.0920494,cf2,-1.6698172092437744,1.564650058746338,0.9435862898826599,-0.5196824669837952,-0.6066305041313171,0.1887774020433426
1765156316.0940962,cf2,-1.6698172092437744,1.564650058746338,0.9435862898826599,-0.5171576142311096,-0.6227315068244934,0.14203917980194092
1765156316.0957983,cf1,-2.006326913833618,1.0222079753875732,0.9879471063613892,-0.01969340816140175,-0.9378929734230042,-0.03864758461713791
1765156316.0960996,cf1,-2.006326913833618,1.0222079753875732,0.9879471063613892,-0.00011723951320163906,-0.9375219345092773,-0.00762204360216856
1765156316.1120827,cf2,-1.6799490451812744,1.5530847311019897,0.9449676871299744,-0.5171576142311096,-0.6227315068244934,0.14203917980194092
1765156316.1140497,cf2,-1.6799490451812744,1.5530847311019897,0.9449676871299744,-0.5078405141830444,-0.6325170397758484,0.08806745707988739
1765156316.1156514,cf1,-2.0065701007843018,1.0023698806762695,0.9884341359138489,-0.00011723951320163906,-0.9375219345092773,-0.00762204360216856
1765156316.1159549,cf1,-2.0065701007843018,1.0023698806762695,0.9884341359138489,0.01888507418334484,-0.9389207363128662,0.0305463969707489
1765156316.1320293,cf2,-1.6924372911453247,1.5381532907485962,0.945839524269104,-0.5078405141830444,-0.6325170397758484,0.08806745707988739
1765156316.133894,cf2,-1.6924372911453247,1.5381532907485962,0.945839524269104,-0.5009480118751526,-0.6483516693115234,0.04209604859352112
1765156316.1356113,cf1,-2.0063607692718506,0.98244309425354,0.989578366279602,0.01888507418334484,-0.9389207363128662,0.0305463969707489
1765156316.1358914,cf1,-2.0063607692718506,0.98244309425354,0.989578366279602,0.03735121339559555,-0.9402403235435486,0.06613334268331528
1765156316.1521358,cf2,-1.7032781839370728,1.5247840881347656,0.9461132287979126,-0.5009480118751526,-0.6483516693115234,0.04209604859352112
1765156316.1538932,cf2,-1.7032781839370728,1.5247840881347656,0.9461132287979126,-0.4912679195404053,-0.6617023348808289,0.011730040423572063
1765156316.1558542,cf1,-2.005727529525757,0.9624810218811035,0.9911673665046692,0.03735121339559555,-0.9402403235435486,0.06613334268331528
1765156316.1562524,cf1,-2.005727529525757,0.9624810218811035,0.9911673665046692,0.055363282561302185,-0.9414863586425781,0.09086847305297852
1765156316.1720085,cf2,-1.7131959199905396,1.5120888948440552,0.9464536309242249,-0.4912679195404053,-0.6617023348808289,0.011730040423572063
1765156316.1738255,cf2,-1.7131959199905396,1.5120888948440552,0.9464536309242249,-0.4743860363960266,-0.6677137017250061,0.005497603677213192
1765156316.1757853,cf1,-2.0047051906585693,0.9424934387207031,0.9928926825523376,0.055363282561302185,-0.9414863586425781,0.09086847305297852
1765156316.176099,cf1,-2.0047051906585693,0.9424934387207031,0.9928926825523376,0.07307648658752441,-0.9426661133766174,0.09975828975439072
1765156316.191189,cf2,-1.7251758575439453,1.4955185651779175,0.9469237923622131,-0.4743860363960266,-0.6677137017250061,0.005497603677213192
1765156316.1928551,cf2,-1.7251758575439453,1.4955185651779175,0.9469237923622131,-0.46112900972366333,-0.6818380951881409,0.023577507585287094
1765156316.1960084,cf1,-2.003324508666992,0.9224917888641357,0.9944255948066711,0.07307648658752441,-0.9426661133766174,0.09975828975439072
1765156316.1963477,cf1,-2.003324508666992,0.9224917888641357,0.9944255948066711,0.09069766849279404,-0.9436281323432922,0.09110235422849655
1765156316.2109902,cf2,-1.732713222503662,1.4849157333374023,0.948353111743927,-0.46112900972366333,-0.6818380951881409,0.023577507585287094
1765156316.2127721,cf2,-1.732713222503662,1.4849157333374023,0.948353111743927,-0.44312208890914917,-0.6875796914100647,0.05974867567420006
1765156316.21588,cf1,-2.001605749130249,0.9024900794029236,0.995487630367279,0.09069766849279404,-0.9436281323432922,0.09110235422849655
1765156316.2161968,cf1,-2.001605749130249,0.9024900794029236,0.995487630367279,0.1085042878985405,-0.9441208243370056,0.06744413077831268
1765156316.2310307,cf2,-1.744490623474121,1.4671040773391724,0.951297402381897,-0.44312208890914917,-0.6875796914100647,0.05974867567420006
1765156316.2327414,cf2,-1.744490623474121,1.4671040773391724,0.951297402381897,-0.4299134314060211,-0.702007532119751,0.10733041167259216
1765156316.2356803,cf1,-1.9995570182800293,0.8825026154518127,0.9959151744842529,0.1085042878985405,-0.9441208243370056,0.06744413077831268
1765156316.236049,cf1,-1.9995570182800293,0.8825026154518127,0.9959151744842529,0.1267005205154419,-0.943911075592041,0.034668728709220886
1765156316.2513082,cf2,-1.7531450986862183,1.453155517578125,0.9544573426246643,-0.4299134314060211,-0.702007532119751,0.10733041167259216
1765156316.253015,cf2,-1.7531450986862183,1.453155517578125,0.9544573426246643,-0.41162267327308655,-0.7080909013748169,0.15163229405879974
1765156316.2558966,cf1,-1.9968042373657227,0.8611975312232971,0.9957268834114075,0.1267005205154419,-0.943911075592041,0.034668728709220886
1765156316.2562244,cf1,-1.9968042373657227,0.8611975312232971,0.9957268834114075,0.14532583951950073,-0.942855715751648,0.0010703651932999492
1765156316.2711322,cf2,-1.7614107131958008,1.4387859106063843,0.9580615758895874,-0.41162267327308655,-0.7080909013748169,0.15163229405879974
1765156316.272872,cf2,-1.7614107131958008,1.4387859106063843,0.9580615758895874,-0.39422884583473206,-0.716003954410553,0.18552963435649872
1765156316.275885,cf1,-1.9940391778945923,0.8412801027297974,0.9949801564216614,0.14532583951950073,-0.942855715751648,0.0010703651932999492
1765156316.2762532,cf1,-1.9940391778945923,0.8412801027297974,0.9949801564216614,0.16422604024410248,-0.9408903121948242,-0.02399633079767227
1765156316.2909927,cf2,-1.7704647779464722,1.422579288482666,0.9626254439353943,-0.39422884583473206,-0.716003954410553,0.18552963435649872
1765156316.2927828,cf2,-1.7704647779464722,1.422579288482666,0.9626254439353943,-0.37801411747932434,-0.7258504629135132,0.20218156278133392
1765156316.2971053,cf1,-1.9912548065185547,0.8226621747016907,0.9942236542701721,0.16422604024410248,-0.9408903121948242,-0.02399633079767227
1765156316.2976184,cf1,-1.9912548065185547,0.8226621747016907,0.9942236542701721,0.18356692790985107,-0.9349453449249268,-0.03435399383306503
1765156316.3112078,cf2,-1.7800779342651367,1.40351402759552,0.9676077961921692,-0.37801411747932434,-0.7258504629135132,0.20218156278133392
1765156316.3130255,cf2,-1.7800779342651367,1.40351402759552,0.9676077961921692,-0.3634309470653534,-0.7396394610404968,0.19745934009552002
1765156316.3159127,cf1,-1.9870685338974,0.8007256984710693,0.9933755993843079,0.18356692790985107,-0.9349453449249268,-0.03435399383306503
1765156316.316219,cf1,-1.9870685338974,0.8007256984710693,0.9933755993843079,0.20273561775684357,-0.9287540316581726,-0.028346536681056023
1765156316.331075,cf2,-1.7883144617080688,1.3866724967956543,0.9713171124458313,-0.3634309470653534,-0.7396394610404968,0.19745934009552002
1765156316.3328493,cf2,-1.7883144617080688,1.3866724967956543,0.9713171124458313,-0.34156525135040283,-0.7425761818885803,0.16301164031028748
1765156316.3358655,cf1,-1.9832285642623901,0.7819646000862122,0.9931694865226746,0.20273561775684357,-0.9287540316581726,-0.028346536681056023
1765156316.3362722,cf1,-1.9832285642623901,0.7819646000862122,0.9931694865226746,0.22276560962200165,-0.928616464138031,-0.010897398926317692
1765156316.3522596,cf2,-1.7954473495483398,1.3720699548721313,0.9735049605369568,-0.34156525135040283,-0.7425761818885803,0.16301164031028748
1765156316.353979,cf2,-1.7954473495483398,1.3720699548721313,0.9735049605369568,-0.3249076306819916,-0.7518409490585327,0.11535589396953583
1765156316.355735,cf1,-1.978764533996582,0.7624351978302002,0.9934127926826477,0.22276560962200165,-0.928616464138031,-0.010897398926317692
1765156316.3559144,cf1,-1.978764533996582,0.7624351978302002,0.9934127926826477,0.23935990035533905,-0.9190478324890137,0.014025744050741196
1765156316.371996,cf2,-1.8031034469604492,1.3546102046966553,0.9751235246658325,-0.3249076306819916,-0.7518409490585327,0.11535589396953583
1765156316.3739264,cf2,-1.8031034469604492,1.3546102046966553,0.9751235246658325,-0.3066444396972656,-0.7584088444709778,0.055295903235673904
1765156316.3756871,cf1,-1.9738365411758423,0.7429671287536621,0.9941619038581848,0.23935990035533905,-0.9190478324890137,0.014025744050741196
1765156316.3759887,cf1,-1.9738365411758423,0.7429671287536621,0.9941619038581848,0.25778836011886597,-0.9141317009925842,0.03875838592648506
1765156316.3921149,cf2,-1.809894323348999,1.3394821882247925,0.9754438996315002,-0.3066444396972656,-0.7584088444709778,0.055295903235673904
1765156316.3939333,cf2,-1.809894323348999,1.3394821882247925,0.9754438996315002,-0.2901882827281952,-0.7655068039894104,0.004679880104959011
1765156316.395675,cf1,-1.9684829711914062,0.723613977432251,0.9952518939971924,0.25778836011886597,-0.9141317009925842,0.03875838592648506
1765156316.395959,cf1,-1.9684829711914062,0.723613977432251,0.9952518939971924,0.27593356370925903,-0.9089174270629883,0.056211553514003754
1765156316.412079,cf2,-1.8168820142745972,1.321997046470642,0.9751896262168884,-0.2901882827281952,-0.7655068039894104,0.004679880104959011
1765156316.4138675,cf2,-1.8168820142745972,1.321997046470642,0.9751896262168884,-0.2740292251110077,-0.7718637585639954,-0.026556039229035378
1765156316.4155676,cf1,-1.9627399444580078,0.7043818235397339,0.9964544773101807,0.27593356370925903,-0.9089174270629883,0.056211553514003754
1765156316.4157805,cf1,-1.9627399444580078,0.7043818235397339,0.9964544773101807,0.29597246646881104,-0.9081129431724548,0.06434113532304764
1765156316.4320712,cf2,-1.8233048915863037,1.305446743965149,0.9748892784118652,-0.2740292251110077,-0.7718637585639954,-0.026556039229035378
1765156316.4337773,cf2,-1.8233048915863037,1.305446743965149,0.9748892784118652,-0.25838717818260193,-0.7775694727897644,-0.03125430643558502
1765156316.4356675,cf1,-1.9566335678100586,0.685272753238678,0.997534990310669,0.29597246646881104,-0.9081129431724548,0.06434113532304764
1765156316.4359577,cf1,-1.9566335678100586,0.685272753238678,0.997534990310669,0.3137507736682892,-0.9022389650344849,0.060780152678489685
1765156316.451963,cf2,-1.829347848892212,1.2887853384017944,0.9750626683235168,-0.25838717818260193,-0.7775694727897644,-0.03125430643558502
1765156316.45392,cf2,-1.829347848892212,1.2887853384017944,0.9750626683235168,-0.24338139593601227,-0.7827730774879456,-0.011264617554843426
1765156316.4556935,cf1,-1.9501781463623047,0.6662893891334534,0.998309850692749,0.3137507736682892,-0.9022389650344849,0.060780152678489685
1765156316.4560387,cf1,-1.9501781463623047,0.6662893891334534,0.998309850692749,0.3315552771091461,-0.8960103988647461,0.047426093369722366
1765156316.472138,cf2,-1.8350046873092651,1.2720099687576294,0.9760238528251648,-0.24338139593601227,-0.7827730774879456,-0.011264617554843426
1765156316.4738083,cf2,-1.8350046873092651,1.2720099687576294,0.9760238528251648,-0.22899244725704193,-0.7875467538833618,0.02542354166507721
1765156316.475948,cf1,-1.9433804750442505,0.6474369168281555,0.9986655116081238,0.3315552771091461,-0.8960103988647461,0.047426093369722366
1765156316.4761379,cf1,-1.9433804750442505,0.6474369168281555,0.9986655116081238,0.34944993257522583,-0.8893033862113953,0.026982571929693222
1765156316.4920342,cf2,-1.840286135673523,1.2551298141479492,0.9778799414634705,-0.22899244725704193,-0.7875467538833618,0.02542354166507721
1765156316.4938395,cf2,-1.840286135673523,1.2551298141479492,0.9778799414634705,-0.21515820920467377,-0.7918567657470703,0.06884483993053436
1765156316.4957328,cf1,-1.936240553855896,0.6287282109260559,0.9985976815223694,0.34944993257522583,-0.8893033862113953,0.026982571929693222
1765156316.496093,cf1,-1.936240553855896,0.6287282109260559,0.9985976815223694,0.367339551448822,-0.8819159269332886,0.005598446354269981
1765156316.512197,cf2,-1.8452136516571045,1.2381598949432373,0.9804974794387817,-0.21515820920467377,-0.7918567657470703,0.06884483993053436
1765156316.5138285,cf2,-1.8452136516571045,1.2381598949432373,0.9804974794387817,-0.20175929367542267,-0.7957748770713806,0.10757741332054138
1765156316.5159578,cf1,-1.928747534751892,0.6101800203323364,0.998231828212738,0.367339551448822,-0.8819159269332886,0.005598446354269981
1765156316.5162675,cf1,-1.928747534751892,0.6101800203323364,0.998231828212738,0.38513582944869995,-0.8738863468170166,-0.010255484841763973
1765156316.5319629,cf2,-1.8498144149780273,1.2211172580718994,0.9835711717605591,-0.20175929367542267,-0.7957748770713806,0.10757741332054138
1765156316.5339296,cf2,-1.8498144149780273,1.2211172580718994,0.9835711717605591,-0.18865886330604553,-0.7993324995040894,0.13297706842422485
1765156316.5358582,cf1,-1.9208863973617554,0.5918080806732178,0.9977608919143677,0.38513582944869995,-0.8738863468170166,-0.010255484841763973
1765156316.5361674,cf1,-1.9208863973617554,0.5918080806732178,0.9977608919143677,0.402680903673172,-0.8653246164321899,-0.017705025151371956
1765156316.5520995,cf2,-1.8532578945159912,1.2081654071807861,0.9860328435897827,-0.18865886330604553,-0.7993324995040894,0.13297706842422485
1765156316.553892,cf2,-1.8532578945159912,1.2081654071807861,0.9860328435897827,-0.17405395209789276,-0.7941604256629944,0.13823959231376648
1765156316.5555632,cf1,-1.9126468896865845,0.5736274719238281,0.997382640838623,0.402680903673172,-0.8653246164321899,-0.017705025151371956
1765156316.5557642,cf1,-1.9126468896865845,0.5736274719238281,0.997382640838623,0.4199162721633911,-0.8563650846481323,-0.014916160143911839
1765156316.572171,cf2,-1.8578547239303589,1.1882747411727905,0.9893314838409424,-0.17405395209789276,-0.7941604256629944,0.13823959231376648
1765156316.5741568,cf2,-1.8578547239303589,1.1882747411727905,0.9893314838409424,-0.1609801948070526,-0.7979156374931335,0.12597058713436127
1765156316.57565,cf1,-1.904022455215454,0.5556483268737793,0.99725341796875,0.4199162721633911,-0.8563650846481323,-0.014916160143911839
1765156316.5758436,cf1,-1.904022455215454,0.5556483268737793,0.99725341796875,0.4368685781955719,-0.8471455574035645,-0.0038005877286195755
1765156316.5920994,cf2,-1.8616591691970825,1.1709980964660645,0.9915112257003784,-0.1609801948070526,-0.7979156374931335,0.12597058713436127
1765156316.5938735,cf2,-1.8616591691970825,1.1709980964660645,0.9915112257003784,-0.14670008420944214,-0.7966716885566711,0.09449723362922668
1765156316.595607,cf1,-1.8950146436691284,0.5378749966621399,0.9974357485771179,0.4368685781955719,-0.8471455574035645,-0.0038005877286195755
1765156316.5958996,cf1,-1.8950146436691284,0.5378749966621399,0.9974357485771179,0.4535493552684784,-0.8377273082733154,0.011153478175401688
1765156316.6120331,cf2,-1.8651713132858276,1.1538840532302856,0.9928173422813416,-0.14670008420944214,-0.7966716885566711,0.09449723362922668
1765156316.613829,cf2,-1.8651713132858276,1.1538840532302856,0.9928173422813416,-0.1318119764328003,-0.7946907877922058,0.054504912346601486
1765156316.615819,cf1,-1.8886603116989136,0.5255761742591858,0.9978395104408264,0.4535493552684784,-0.8377273082733154,0.011153478175401688
1765156316.6160429,cf1,-1.8886603116989136,0.5255761742591858,0.9978395104408264,0.4595426619052887,-0.8104405403137207,0.02391805499792099
1765156316.6344008,cf2,-1.8679383993148804,1.1400370597839355,0.9931670427322388,-0.1318119764328003,-0.7946907877922058,0.054504912346601486
1765156316.6346734,cf2,-1.8679383993148804,1.1400370597839355,0.9931670427322388,-0.11382786184549332,-0.7849165797233582,0.009104687720537186
1765156316.6356306,cf1,-1.8761372566223145,0.503362238407135,0.9985350370407104,0.4595426619052887,-0.8104405403137207,0.02391805499792099
1765156316.6361027,cf1,-1.8761372566223145,0.503362238407135,0.9985350370407104,0.4822190999984741,-0.8111647963523865,0.035963188856840134
1765156316.6520562,cf2,-1.871456265449524,1.1188515424728394,0.9930405616760254,-0.11382786184549332,-0.7849165797233582,0.009104687720537186
1765156316.654013,cf2,-1.871456265449524,1.1188515424728394,0.9930405616760254,-0.09866057336330414,-0.7902215123176575,-0.020388053730130196
1765156316.655553,cf1,-1.8658794164657593,0.485891729593277,0.9992339015007019,0.4822190999984741,-0.8111647963523865,0.035963188856840134
1765156316.6558006,cf1,-1.8658794164657593,0.485891729593277,0.9992339015007019,0.4990833103656769,-0.8025628328323364,0.04189670830965042
1765156316.6723738,cf2,-1.874099850654602,1.1013977527618408,0.9925734996795654,-0.09866057336330414,-0.7902215123176575,-0.020388053730130196
1765156316.6740823,cf2,-1.874099850654602,1.1013977527618408,0.9925734996795654,-0.08273547142744064,-0.7965989112854004,-0.03228709474205971
1765156316.6756136,cf1,-1.8554624319076538,0.4689174294471741,0.9998531341552734,0.4990833103656769,-0.8025628328323364,0.04189670830965042
1765156316.6758277,cf1,-1.8554624319076538,0.4689174294471741,0.9998531341552734,0.5153863430023193,-0.7929924130439758,0.04452645033597946
1765156316.692048,cf2,-1.8763350248336792,1.0841566324234009,0.9923151135444641,-0.08273547142744064,-0.7965989112854004,-0.03228709474205971
1765156316.6941388,cf2,-1.8763350248336792,1.0841566324234009,0.9923151135444641,-0.06725626438856125,-0.7959336638450623,-0.019605865702033043
1765156316.6960106,cf1,-1.8481454849243164,0.45712190866470337,1.0001428127288818,0.5153863430023193,-0.7929924130439758,0.04452645033597946
1765156316.6963549,cf1,-1.8481454849243164,0.45712190866470337,1.0001428127288818,0.520339846611023,-0.7672415375709534,0.03605187311768532
1765156316.711014,cf2,-1.8776350021362305,1.0748859643936157,0.9927272200584412,-0.06725626438856125,-0.7959336638450623,-0.019605865702033043
1765156316.7127655,cf2,-1.8776350021362305,1.0748859643936157,0.9927272200584412,-0.050143204629421234,-0.8035105466842651,0.007247604429721832
1765156316.7158024,cf1,-1.83649742603302,0.43983495235443115,1.0003715753555298,0.520339846611023,-0.7672415375709534,0.03605187311768532
1765156316.7161212,cf1,-1.83649742603302,0.43983495235443115,1.0003715753555298,0.5367522835731506,-0.7582919001579285,0.024417070671916008
1765156316.7312374,cf2,-1.8792498111724854,1.0575200319290161,0.9933561086654663,-0.050143204629421234,-0.8035105466842651,0.007247604429721832
1765156316.73299,cf2,-1.8792498111724854,1.0575200319290161,0.9933561086654663,-0.03421498462557793,-0.8046228289604187,0.03944971039891243
1765156316.7360606,cf1,-1.8252184391021729,0.42340734601020813,1.0002909898757935,0.5367522835731506,-0.7582919001579285,0.024417070671916008
1765156316.73641,cf1,-1.8252184391021729,0.42340734601020813,1.0002909898757935,0.5534698367118835,-0.7495959401130676,0.011959114111959934
1765156316.7521815,cf2,-1.8804638385772705,1.040175437927246,0.9945393800735474,-0.03421498462557793,-0.8046228289604187,0.03944971039891243
1765156316.7538996,cf2,-1.8804638385772705,1.040175437927246,0.9945393800735474,-0.017530841752886772,-0.8083749413490295,0.06912723928689957
1765156316.7556672,cf1,-1.8135930299758911,0.407142698764801,0.9999850988388062,0.5534698367118835,-0.7495959401130676,0.011959114111959934
1765156316.7561512,cf1,-1.8135930299758911,0.407142698764801,0.9999850988388062,0.5702709555625916,-0.7408472895622253,0.005960625596344471
1765156316.7720196,cf2,-1.8812963962554932,1.0226891040802002,0.9961526393890381,-0.017530841752886772,-0.8083749413490295,0.06912723928689957
1765156316.773958,cf2,-1.8812963962554932,1.0226891040802002,0.9961526393890381,-0.001889161765575409,-0.808990478515625,0.08872582763433456
1765156316.775644,cf1,-1.8025646209716797,0.39196059107780457,0.9996116161346436,0.5702709555625916,-0.7408472895622253,0.005960625596344471
1765156316.7759435,cf1,-1.8025646209716797,0.39196059107780457,0.9996116161346436,0.5874661207199097,-0.7325671315193176,0.0035395564045757055
1765156316.7921684,cf2,-1.8817675113677979,1.005248785018921,0.9979667663574219,-0.001889161765575409,-0.808990478515625,0.08872582763433456
1765156316.7943478,cf2,-1.8817675113677979,1.005248785018921,0.9979667663574219,0.013692879118025303,-0.8118606805801392,0.09589020907878876
1765156316.7956498,cf1,-1.790254831314087,0.3760550916194916,0.99916672706604,0.5874661207199097,-0.7325671315193176,0.0035395564045757055
1765156316.796079,cf1,-1.790254831314087,0.3760550916194916,0.99916672706604,0.6048139929771423,-0.7245534658432007,0.004643727093935013
1765156316.8120723,cf2,-1.8819005489349365,0.9877344965934753,0.9997186660766602,0.013692879118025303,-0.8118606805801392,0.09589020907878876
1765156316.8140051,cf2,-1.8819005489349365,0.9877344965934753,0.9997186660766602,0.029315661638975143,-0.8144614696502686,0.0873938724398613
1765156316.8170826,cf1,-1.7772754430770874,0.3599880337715149,0.9987546801567078,0.6048139929771423,-0.7245534658432007,0.004643727093935013
1765156316.8174617,cf1,-1.7772754430770874,0.3599880337715149,0.9987546801567078,0.6215174794197083,-0.7143797278404236,0.008126470260322094
1765156316.8331492,cf2,-1.8817158937454224,0.9702034592628479,1.0011435747146606,0.029315661638975143,-0.8144614696502686,0.0873938724398613
1765156316.8335059,cf2,-1.8817158937454224,0.9702034592628479,1.0011435747146606,0.03606362268328667,-0.8149540424346924,0.07746221125125885
1765156316.8367698,cf1,-1.7645255327224731,0.3447931110858917,0.9984557032585144,0.6215174794197083,-0.7143797278404236,0.008126470260322094
1765156316.8370752,cf1,-1.7645255327224731,0.3447931110858917,0.9984557032585144,0.6379544734954834,-0.7055507302284241,0.01274446863681078
1765156316.8510447,cf2,-1.8811763525009155,0.9542650580406189,1.0020302534103394,0.03606362268328667,-0.8149540424346924,0.07746221125125885
1765156316.8528154,cf2,-1.8811763525009155,0.9542650580406189,1.0020302534103394,0.052513983100652695,-0.8138693571090698,0.049641240388154984
1765156316.8570971,cf1,-1.7511444091796875,0.32947424054145813,0.9982442259788513,0.6379544734954834,-0.7055507302284241,0.01274446863681078
1765156316.8575149,cf1,-1.7511444091796875,0.32947424054145813,0.9982442259788513,0.6547448635101318,-0.6969794034957886,0.017255224287509918
1765156316.871039,cf2,-1.8804184198379517,0.9368395209312439,1.0024375915527344,0.052513983100652695,-0.8138693571090698,0.049641240388154984
1765156316.872871,cf2,-1.8804184198379517,0.9368395209312439,1.0024375915527344,0.06850815564393997,-0.8143050670623779,0.018359122797846794
1765156316.8770952,cf1,-1.7373934984207153,0.3143448531627655,0.9981296062469482,0.6547448635101318,-0.6969794034957886,0.017255224287509918
1765156316.8773458,cf1,-1.7373934984207153,0.3143448531627655,0.9981296062469482,0.6713671088218689,-0.68772953748703,0.02108708582818508
1765156316.8912127,cf2,-1.8793559074401855,0.9193595051765442,1.0023032426834106,0.06850815564393997,-0.8143050670623779,0.018359122797846794
1765156316.8929996,cf2,-1.8793559074401855,0.9193595051765442,1.0023032426834106,0.08449511229991913,-0.8135217428207397,-0.01281046587973833
1765156316.896834,cf1,-1.7270692586898804,0.3033410608768463,0.99809330701828,0.6713671088218689,-0.68772953748703,0.02108708582818508
1765156316.8972821,cf1,-1.7270692586898804,0.3033410608768463,0.99809330701828,0.6865699291229248,-0.6889612078666687,0.0237739160656929
1765156316.9111116,cf2,-1.8779805898666382,0.9019338488578796,1.0017729997634888,0.08449511229991913,-0.8135217428207397,-0.01281046587973833
1765156316.9127963,cf2,-1.8779805898666382,0.9019338488578796,1.0017729997634888,0.10052300989627838,-0.8114196062088013,-0.03504294902086258
1765156316.9171038,cf1,-1.7124207019805908,0.288337379693985,0.9980771541595459,0.6865699291229248,-0.6889612078666687,0.0237739160656929
1765156316.9174743,cf1,-1.7124207019805908,0.288337379693985,0.9980771541595459,0.6993576288223267,-0.672600269317627,0.023376360535621643
1765156316.9321163,cf2,-1.876173734664917,0.8829395174980164,1.0011279582977295,0.10052300989627838,-0.8114196062088013,-0.03504294902086258
1765156316.93397,cf2,-1.876173734664917,0.8829395174980164,1.0011279582977295,0.11658581346273422,-0.8083306550979614,-0.042910899966955185
1765156316.9367838,cf1,-1.698267936706543,0.2743934690952301,0.9980714321136475,0.6993576288223267,-0.672600269317627,0.023376360535621643
1765156316.937052,cf1,-1.698267936706543,0.2743934690952301,0.9980714321136475,0.7126043438911438,-0.6585084795951843,0.020850175991654396
1765156316.952147,cf2,-1.8740451335906982,0.8656570911407471,1.0007169246673584,0.11658581346273422,-0.8083306550979614,-0.042910899966955185
1765156316.9538493,cf2,-1.8740451335906982,0.8656570911407471,1.0007169246673584,0.13294287025928497,-0.801683247089386,-0.03484637290239334
1765156316.9570215,cf1,-1.6846868991851807,0.26145797967910767,0.9980414509773254,0.7126043438911438,-0.6585084795951843,0.020850175991654396
1765156316.9576192,cf1,-1.6846868991851807,0.26145797967910767,0.9980414509773254,0.7218527793884277,-0.6399707198143005,0.01590096764266491
1765156316.9710135,cf2,-1.8716975450515747,0.8501214385032654,1.0006279945373535,0.13294287025928497,-0.801683247089386,-0.03484637290239334
1765156316.9728236,cf2,-1.8716975450515747,0.8501214385032654,1.0006279945373535,0.14896821975708008,-0.7943050861358643,-0.013590827584266663
1765156316.977026,cf1,-1.6676318645477295,0.24605393409729004,0.997943103313446,0.7218527793884277,-0.6399707198143005,0.01590096764266491
1765156316.9773922,cf1,-1.6676318645477295,0.24605393409729004,0.997943103313446,0.7373504042625427,-0.6256487369537354,0.010786645114421844
1765156316.9911687,cf2,-1.8688682317733765,0.8332073092460632,1.001137375831604,0.14896821975708008,-0.7943050861358643,-0.013590827584266663
1765156316.9928906,cf2,-1.8688682317733765,0.8332073092460632,1.001137375831604,0.1644262671470642,-0.7893060445785522,0.014128333888947964
1765156316.996891,cf1,-1.652392864227295,0.23281919956207275,0.9978399276733398,0.7373504042625427,-0.6256487369537354,0.010786645114421844
1765156316.997206,cf1,-1.652392864227295,0.23281919956207275,0.9978399276733398,0.747399628162384,-0.606471836566925,0.007251497823745012
1765156317.0111248,cf2,-1.8656461238861084,0.8163352608680725,1.0021817684173584,0.1644262671470642,-0.7893060445785522,0.014128333888947964
1765156317.012821,cf2,-1.8656461238861084,0.8163352608680725,1.0021817684173584,0.1797703504562378,-0.7840530276298523,0.04188700020313263
1765156317.0167894,cf1,-1.6384363174438477,0.22112253308296204,0.99775630235672,0.747399628162384,-0.606471836566925,0.007251497823745012
1765156317.017152,cf1,-1.6384363174438477,0.22112253308296204,0.99775630235672,0.7551679015159607,-0.5853715538978577,0.00601267721503973
1765156317.0310736,cf2,-1.8620624542236328,0.7995991706848145,1.0036368370056152,0.1797703504562378,-0.7840530276298523,0.04188700020313263
1765156317.03279,cf2,-1.8620624542236328,0.7995991706848145,1.0036368370056152,0.1949204057455063,-0.7784794569015503,0.06435266137123108
1765156317.0367653,cf1,-1.6223803758621216,0.208322674036026,0.9976848363876343,0.7551679015159607,-0.5853715538978577,0.00601267721503973
1765156317.0371175,cf1,-1.6223803758621216,0.208322674036026,0.9976848363876343,0.7698934078216553,-0.5693202614784241,0.008482687175273895
1765156317.051187,cf2,-1.8581407070159912,0.7829996347427368,1.0052992105484009,0.1949204057455063,-0.7784794569015503,0.06435266137123108
1765156317.0530672,cf2,-1.8581407070159912,0.7829996347427368,1.0052992105484009,0.2098875343799591,-0.7728285789489746,0.07792524248361588
1765156317.0569434,cf1,-1.605915904045105,0.1957983374595642,0.9976876974105835,0.7698934078216553,-0.5693202614784241,0.008482687175273895
1765156317.0572724,cf1,-1.605915904045105,0.1957983374595642,0.9976876974105835,0.7846723198890686,-0.553155243396759,0.01267713401466608
1765156317.071135,cf2,-1.853898286819458,0.7665213942527771,1.006908893585205,0.2098875343799591,-0.7728285789489746,0.07792524248361588
1765156317.07283,cf2,-1.853898286819458,0.7665213942527771,1.006908893585205,0.22432349622249603,-0.7641591429710388,0.07788819819688797
1765156317.076906,cf1,-1.5891573429107666,0.1836433857679367,0.9977962374687195,0.7846723198890686,-0.553155243396759,0.01267713401466608
1765156317.077312,cf1,-1.5891573429107666,0.1836433857679367,0.9977962374687195,0.7990610003471375,-0.5366908311843872,0.01983543112874031
1765156317.0911164,cf2,-1.8493518829345703,0.7501541972160339,1.0082110166549683,0.22432349622249603,-0.7641591429710388,0.07788819819688797
1765156317.0928864,cf2,-1.8493518829345703,0.7501541972160339,1.0082110166549683,0.2400835007429123,-0.7622445821762085,0.06509368121623993
1765156317.0970147,cf1,-1.5721144676208496,0.17185832560062408,0.9980114698410034,0.7990610003471375,-0.5366908311843872,0.01983543112874031
1765156317.0973923,cf1,-1.5721144676208496,0.17185832560062408,0.9980114698410034,0.8131970763206482,-0.5202271938323975,0.028206026181578636
1765156317.1111574,cf2,-1.8445186614990234,0.7338958978652954,1.0090028047561646,0.2400835007429123,-0.7622445821762085,0.06509368121623993
1765156317.1129842,cf2,-1.8445186614990234,0.7338958978652954,1.0090028047561646,0.254609078168869,-0.7538315653800964,0.04044065997004509
1765156317.1159267,cf1,-1.5547906160354614,0.16043251752853394,0.9983112812042236,0.8131970763206482,-0.5202271938323975,0.028206026181578636
1765156317.1162,cf1,-1.5547906160354614,0.16043251752853394,0.9983112812042236,0.827117919921875,-0.5039539337158203,0.03401343151926994
1765156317.1310751,cf2,-1.8394081592559814,0.7177485823631287,1.0091801881790161,0.254609078168869,-0.7538315653800964,0.04044065997004509
1765156317.132828,cf2,-1.8394081592559814,0.7177485823631287,1.0091801881790161,0.26983562111854553,-0.748511016368866,0.011047153733670712
1765156317.1367962,cf1,-1.5340404510498047,0.14754152297973633,0.9986987709999084,0.827117919921875,-0.5039539337158203,0.03401343151926994
1765156317.1371517,cf1,-1.5340404510498047,0.14754152297973633,0.9986987709999084,0.8413421511650085,-0.4852680563926697,0.03630813583731651
1765156317.1511526,cf2,-1.834014892578125,0.7017142176628113,1.0087820291519165,0.26983562111854553,-0.748511016368866,0.011047153733670712
1765156317.1528876,cf2,-1.834014892578125,0.7017142176628113,1.0087820291519165,0.2852360010147095,-0.7431155443191528,-0.016603665426373482
1765156317.1567233,cf1,-1.5164930820465088,0.13706117868423462,0.9989981055259705,0.8413421511650085,-0.4852680563926697,0.03630813583731651
1765156317.1575851,cf1,-1.5164930820465088,0.13706117868423462,0.9989981055259705,0.8531954884529114,-0.4685610830783844,0.03332940489053726
1765156317.1710625,cf2,-1.8283220529556274,0.6857976317405701,1.0079841613769531,0.2852360010147095,-0.7431155443191528,-0.016603665426373482
1765156317.1727533,cf2,-1.8283220529556274,0.6857976317405701,1.0079841613769531,0.3009195327758789,-0.7377972602844238,-0.03445006161928177
1765156317.1768572,cf1,-1.5006096363067627,0.12788233160972595,0.9991592168807983,0.8531954884529114,-0.4685610830783844,0.03332940489053726
1765156317.1772609,cf1,-1.5006096363067627,0.12788233160972595,0.9991592168807983,0.8557723760604858,-0.44781240820884705,0.023520080372691154
1765156317.1911144,cf2,-1.8222925662994385,0.6699961423873901,1.0070616006851196,0.3009195327758789,-0.7377972602844238,-0.03445006161928177
1765156317.1928768,cf2,-1.8222925662994385,0.6699961423873901,1.0070616006851196,0.31692150235176086,-0.7326788306236267,-0.039784256368875504
1765156317.1969547,cf1,-1.4802922010421753,0.11681899428367615,0.9991832971572876,0.8557723760604858,-0.44781240820884705,0.023520080372691154
1765156317.1973865,cf1,-1.4802922010421753,0.11681899428367615,0.9991832971572876,0.8696229457855225,-0.43319857120513916,0.012054710648953915
1765156317.211259,cf2,-1.8159043788909912,0.6543141007423401,1.0062894821166992,0.31692150235176086,-0.7326788306236267,-0.039784256368875504
1765156317.2130482,cf2,-1.8159043788909912,0.6543141007423401,1.0062894821166992,0.3330003321170807,-0.7276336550712585,-0.03116767294704914
1765156317.21687,cf1,-1.4617071151733398,0.1070767492055893,0.9990049600601196,0.8696229457855225,-0.43319857120513916,0.012054710648953915
1765156317.2179008,cf1,-1.4617071151733398,0.1070767492055893,0.9990049600601196,0.8791411519050598,-0.41693827509880066,-0.0010313617531210184
1765156317.2311237,cf2,-1.8091353178024292,0.6387520432472229,1.0058876276016235,0.3330003321170807,-0.7276336550712585,-0.03116767294704914
1765156317.2328367,cf2,-1.8091353178024292,0.6387520432472229,1.0058876276016235,0.34917232394218445,-0.7226797938346863,-0.01101814117282629
1765156317.2367554,cf1,-1.44590425491333,0.09902239590883255,0.9987428784370422,0.8791411519050598,-0.41693827509880066,-0.0010313617531210184
1765156317.2371466,cf1,-1.44590425491333,0.09902239590883255,0.9987428784370422,0.8765411376953125,-0.39559438824653625,-0.011188059113919735
1765156317.251138,cf2,-1.8029028177261353,0.6251299381256104,1.0060064792633057,0.34917232394218445,-0.7226797938346863,-0.01101814117282629
1765156317.252744,cf2,-1.8029028177261353,0.6251299381256104,1.0060064792633057,0.3614306151866913,-0.7103310227394104,0.01459406316280365
1765156317.2567458,cf1,-1.427359700202942,0.09006648510694504,0.9983863830566406,0.8765411376953125,-0.39559438824653625,-0.011188059113919735
1765156317.2571006,cf1,-1.427359700202942,0.09006648510694504,0.9983863830566406,0.883975088596344,-0.37895190715789795,-0.016370024532079697
1765156317.2712243,cf2,-1.793418288230896,0.6064671277999878,1.0065016746520996,0.3614306151866913,-0.7103310227394104,0.01459406316280365
1765156317.2730207,cf2,-1.793418288230896,0.6064671277999878,1.0065016746520996,0.3790545165538788,-0.7039770483970642,0.04240868240594864
1765156317.2767775,cf1,-1.4085222482681274,0.08139023929834366,0.9980645775794983,0.883975088596344,-0.37895190715789795,-0.016370024532079697
1765156317.276993,cf1,-1.4085222482681274,0.08139023929834366,0.9980645775794983,0.8911371827125549,-0.3623524308204651,-0.016872039064764977
1765156317.2910395,cf2,-1.7865108251571655,0.5928316116333008,1.0074694156646729,0.3790545165538788,-0.7039770483970642,0.04240868240594864
1765156317.2927883,cf2,-1.7865108251571655,0.5928316116333008,1.0074694156646729,0.39501842856407166,-0.6985012292861938,0.06098269298672676
1765156317.2970245,cf1,-1.3895595073699951,0.07308027893304825,0.9978975057601929,0.8911371827125549,-0.3623524308204651,-0.016872039064764977
1765156317.2972472,cf1,-1.3895595073699951,0.07308027893304825,0.9978975057601929,0.8975972533226013,-0.3455698788166046,-0.008898112922906876
1765156317.311267,cf2,-1.7782416343688965,0.5777809619903564,1.0085387229919434,0.39501842856407166,-0.6985012292861938,0.06098269298672676
1765156317.3129215,cf2,-1.7782416343688965,0.5777809619903564,1.0085387229919434,0.4112292230129242,-0.6933234930038452,0.0709916353225708
1765156317.3168414,cf1,-1.3704813718795776,0.06514257937669754,0.9979634284973145,0.8975972533226013,-0.3455698788166046,-0.008898112922906876
1765156317.3171656,cf1,-1.3704813718795776,0.06514257937669754,0.9979634284973145,0.9037476778030396,-0.32879287004470825,0.004563822876662016
1765156317.3310242,cf2,-1.7688876390457153,0.5619626045227051,1.009615182876587,0.4112292230129242,-0.6933234930038452,0.0709916353225708
1765156317.3329067,cf2,-1.7688876390457153,0.5619626045227051,1.009615182876587,0.4274516701698303,-0.6880240440368652,0.06858190894126892
1765156317.3369896,cf1,-1.3530837297439575,0.05838926509022713,0.9982219934463501,0.9037476778030396,-0.32879287004470825,0.004563822876662016
1765156317.3373432,cf1,-1.3530837297439575,0.05838926509022713,0.9982219934463501,0.9097394347190857,-0.3120877742767334,0.019846320152282715
1765156317.3510659,cf2,-1.759933352470398,0.547147274017334,1.0103113651275635,0.4274516701698303,-0.6880240440368652,0.06858190894126892
1765156317.3527954,cf2,-1.759933352470398,0.547147274017334,1.0103113651275635,0.4435601234436035,-0.6824762225151062,0.053558073937892914
1765156317.3568528,cf1,-1.3319742679595947,0.05037815868854523,0.9988953471183777,0.9097394347190857,-0.3120877742767334,0.019846320152282715
1765156317.357081,cf1,-1.3319742679595947,0.05037815868854523,0.9988953471183777,0.9155212640762329,-0.2953968942165375,0.03386138379573822
1765156317.3721912,cf2,-1.7506879568099976,0.5324622988700867,1.0105183124542236,0.4435601234436035,-0.6824762225151062,0.053558073937892914
1765156317.3742447,cf2,-1.7506879568099976,0.5324622988700867,1.0105183124542236,0.4593542814254761,-0.6764043569564819,0.03012370876967907
1765156317.3765397,cf1,-1.3125571012496948,0.043546248227357864,0.999679446220398,0.9155212640762329,-0.2953968942165375,0.03386138379573822
1765156317.3768191,cf1,-1.3125571012496948,0.043546248227357864,0.999679446220398,0.9209855198860168,-0.2785831689834595,0.04397520795464516
1765156317.3921223,cf2,-1.7419097423553467,0.5187097191810608,1.0101491212844849,0.4593542814254761,-0.6764043569564819,0.03012370876967907
1765156317.3938267,cf2,-1.7419097423553467,0.5187097191810608,1.0101491212844849,0.4741050601005554,-0.6672208309173584,0.0013099355855956674
1765156317.3970346,cf1,-1.2930450439453125,0.03707638010382652,1.0005306005477905,0.9209855198860168,-0.2785831689834595,0.04397520795464516
1765156317.3972821,cf1,-1.2930450439453125,0.03707638010382652,1.0005306005477905,0.9260610342025757,-0.26154807209968567,0.04809458926320076
1765156317.4119954,cf2,-1.731355905532837,0.5035467743873596,1.0093892812728882,0.4741050601005554,-0.6672208309173584,0.0013099355855956674
1765156317.4139366,cf2,-1.731355905532837,0.5035467743873596,1.0093892812728882,0.4889824688434601,-0.6596974730491638,-0.022509096190333366
1765156317.4169402,cf1,-1.2752728462219238,0.03163379058241844,1.0012487173080444,0.9260610342025757,-0.26154807209968567,0.04809458926320076
1765156317.4171696,cf1,-1.2752728462219238,0.03163379058241844,1.0012487173080444,0.930793285369873,-0.24428288638591766,0.04456302151083946
1765156317.4322612,cf2,-1.721261739730835,0.48933959007263184,1.0083858966827393,0.4889824688434601,-0.6596974730491638,-0.022509096190333366
1765156317.4343975,cf2,-1.721261739730835,0.48933959007263184,1.0083858966827393,0.503361165523529,-0.6515592336654663,-0.036237530410289764
1765156317.4365957,cf1,-1.2556053400039673,0.025835350155830383,1.0018337965011597,0.930793285369873,-0.24428288638591766,0.04456302151083946
1765156317.4367783,cf1,-1.2556053400039673,0.025835350155830383,1.0018337965011597,0.9351034760475159,-0.22672860324382782,0.03297154977917671
1765156317.4520137,cf2,-1.7117033004760742,0.47614964842796326,1.0075818300247192,0.503361165523529,-0.6515592336654663,-0.036237530410289764
1765156317.4539287,cf2,-1.7117033004760742,0.47614964842796326,1.0075818300247192,0.5172498226165771,-0.6428859233856201,-0.0357230044901371
1765156317.45555,cf1,-1.2354235649108887,0.020279046148061752,1.002111554145813,0.9351034760475159,-0.22672860324382782,0.03297154977917671
1765156317.455943,cf1,-1.2354235649108887,0.020279046148061752,1.002111554145813,0.933042049407959,-0.20616255700588226,0.014876339584589005
1765156317.4744654,cf2,-1.7010037899017334,0.4623374938964844,1.0069761276245117,0.5172498226165771,-0.6428859233856201,-0.0357230044901371
1765156317.4747992,cf2,-1.7010037899017334,0.4623374938964844,1.0069761276245117,0.5306441187858582,-0.6338123083114624,-0.02239537425339222
1765156317.4755902,cf1,-1.2160823345184326,0.015282566659152508,1.0020283460617065,0.933042049407959,-0.20616255700588226,0.014876339584589005
1765156317.4758582,cf1,-1.2160823345184326,0.015282566659152508,1.0020283460617065,0.935438334941864,-0.18772882223129272,-0.0029200445860624313
1765156317.4920382,cf2,-1.689106822013855,0.4479464292526245,1.0066922903060913,0.5306441187858582,-0.6338123083114624,-0.02239537425339222
1765156317.4940407,cf2,-1.689106822013855,0.4479464292526245,1.0066922903060913,0.5436298847198486,-0.624406099319458,0.00030801177490502596
1765156317.4958918,cf1,-1.196277379989624,0.01055421493947506,1.001665711402893,0.935438334941864,-0.18772882223129272,-0.0029200445860624313
1765156317.49631,cf1,-1.196277379989624,0.01055421493947506,1.001665711402893,0.9384268522262573,-0.1690218299627304,-0.01662316732108593
1765156317.512038,cf2,-1.6777660846710205,0.4346074163913727,1.0070998668670654,0.5436298847198486,-0.624406099319458,0.00030801177490502596
1765156317.5139067,cf2,-1.6777660846710205,0.4346074163913727,1.0070998668670654,0.5565052032470703,-0.614788293838501,0.027583803981542587
1765156317.5157986,cf1,-1.1763955354690552,0.006207964848726988,1.0011863708496094,0.9384268522262573,-0.1690218299627304,-0.01662316732108593
1765156317.5162275,cf1,-1.1763955354690552,0.006207964848726988,1.0011863708496094,0.941171407699585,-0.1503172665834427,-0.021539557725191116
1765156317.532109,cf2,-1.6661144495010376,0.421497642993927,1.007952332496643,0.5565052032470703,-0.614788293838501,0.027583803981542587
1765156317.5342095,cf2,-1.6661144495010376,0.421497642993927,1.007952332496643,0.5695390105247498,-0.6050764322280884,0.05172252655029297
1765156317.5356498,cf1,-1.1564618349075317,0.00225781905464828,1.000754714012146,0.941171407699585,-0.1503172665834427,-0.021539557725191116
1765156317.535983,cf1,-1.1564618349075317,0.00225781905464828,1.000754714012146,0.9437044262886047,-0.13185200095176697,-0.017768580466508865
1765156317.55212,cf2,-1.6541584730148315,0.40861156582832336,1.009074091911316,0.5695390105247498,-0.6050764322280884,0.05172252655029297
1765156317.5539281,cf2,-1.6541584730148315,0.40861156582832336,1.009074091911316,0.582704484462738,-0.5952150821685791,0.06689689308404922
1765156317.5570393,cf1,-1.13601815700531,-0.0013492375146597624,1.0005009174346924,0.9437044262886047,-0.13185200095176697,-0.017768580466508865
1765156317.557533,cf1,-1.13601815700531,-0.0013492375146597624,1.0005009174346924,0.9438913464546204,-0.11239539086818695,-0.006986525375396013
1765156317.5721943,cf2,-1.6419191360473633,0.3959454298019409,1.0102113485336304,0.582704484462738,-0.5952150821685791,0.06689689308404922
1765156317.5739017,cf2,-1.6419191360473633,0.3959454298019409,1.0102113485336304,0.5958476066589355,-0.5850671529769897,0.0696694478392601
1765156317.5769985,cf1,-1.1164268255233765,-0.00442689610645175,1.000523567199707,0.9438913464546204,-0.11239539086818695,-0.006986525375396013
1765156317.5773346,cf1,-1.1164268255233765,-0.00442689610645175,1.000523567199707,0.9451473355293274,-0.09442327916622162,0.006783770397305489
1765156317.5931907,cf2,-1.6325842142105103,0.38642752170562744,1.010886788368225,0.5958476066589355,-0.5850671529769897,0.0696694478392601
1765156317.5934677,cf2,-1.6325842142105103,0.38642752170562744,1.010886788368225,0.6023343205451965,-0.5686038136482239,0.05817359313368797
1765156317.5968194,cf1,-1.0963698625564575,-0.007166821509599686,1.0007933378219604,0.9451473355293274,-0.09442327916622162,0.006783770397305489
1765156317.5971608,cf1,-1.0963698625564575,-0.007166821509599686,1.0007933378219604,0.9471067190170288,-0.07666981220245361,0.020480036735534668
1765156317.6120543,cf2,-1.6161630153656006,0.3708260655403137,1.011614203453064,0.6023343205451965,-0.5686038136482239,0.05817359313368797
1765156317.6139176,cf2,-1.6161630153656006,0.3708260655403137,1.011614203453064,0.6156719326972961,-0.5557864904403687,0.034247592091560364
1765156317.6170878,cf1,-1.0762481689453125,-0.009513290598988533,1.001287579536438,0.9471067190170288,-0.07666981220245361,0.020480036735534668
1765156317.6175408,cf1,-1.0762481689453125,-0.009513290598988533,1.001287579536438,0.9488213658332825,-0.058722253888845444,0.03246409818530083
1765156317.6321318,cf2,-1.603783130645752,0.3593306839466095,1.0115503072738647,0.6156719326972961,-0.5557864904403687,0.034247592091560364
1765156317.6344242,cf2,-1.603783130645752,0.3593306839466095,1.0115503072738647,0.6268616914749146,-0.5438587069511414,0.007495170924812555
1765156317.636573,cf1,-1.0560930967330933,-0.011457548476755619,1.0019209384918213,0.9488213658332825,-0.058722253888845444,0.03246409818530083
1765156317.6368828,cf1,-1.0560930967330933,-0.011457548476755619,1.0019209384918213,0.9502893090248108,-0.040275368839502335,0.04051065444946289
1765156317.6521099,cf2,-1.5906709432601929,0.3475898504257202,1.011056661605835,0.6268616914749146,-0.5438587069511414,0.007495170924812555
1765156317.654169,cf2,-1.5906709432601929,0.3475898504257202,1.011056661605835,0.6378054618835449,-0.5320039987564087,-0.015193921513855457
1765156317.657042,cf1,-1.035910725593567,-0.012999222613871098,1.0025626420974731,0.9502893090248108,-0.040275368839502335,0.04051065444946289
1765156317.6573124,cf1,-1.035910725593567,-0.012999222613871098,1.0025626420974731,0.9515517354011536,-0.02129625901579857,0.04182303324341774
1765156317.671013,cf2,-1.5836751461029053,0.3411639332771301,1.0106654167175293,0.6378054618835449,-0.5320039987564087,-0.015193921513855457
1765156317.6727967,cf2,-1.5836751461029053,0.3411639332771301,1.0106654167175293,0.6466747522354126,-0.5178343057632446,-0.02939249947667122
1765156317.677052,cf1,-1.0157074928283691,-0.014140277169644833,1.003075122833252,0.9515517354011536,-0.02129625901579857,0.04182303324341774
1765156317.6774154,cf1,-1.0157074928283691,-0.014140277169644833,1.003075122833252,0.9525430798530579,-0.00179462565574795,0.03577356040477753
1765156317.6921198,cf2,-1.57036554813385,0.32990625500679016,1.0099672079086304,0.6466747522354126,-0.5178343057632446,-0.02939249947667122
1765156317.6938603,cf2,-1.57036554813385,0.32990625500679016,1.0099672079086304,0.6553710699081421,-0.5041018724441528,-0.03029177524149418
1765156317.6966243,cf1,-0.9954923391342163,-0.014885053038597107,1.0033384561538696,0.9525430798530579,-0.00179462565574795,0.03577356040477753
1765156317.6968515,cf1,-0.9954923391342163,-0.014885053038597107,1.0033384561538696,0.9531362056732178,0.018086135387420654,0.02340003103017807
1765156317.7120256,cf2,-1.556668758392334,0.31876927614212036,1.0093837976455688,0.6553710699081421,-0.5041018724441528,-0.03029177524149418
1765156317.7139635,cf2,-1.556668758392334,0.31876927614212036,1.0093837976455688,0.6641939878463745,-0.49205124378204346,-0.01853809505701065
1765156317.717134,cf1,-0.9752758145332336,-0.015237557701766491,1.0032936334609985,0.9531362056732178,0.018086135387420654,0.02340003103017807
1765156317.7174778,cf1,-0.9752758145332336,-0.015237557701766491,1.0032936334609985,0.9531921148300171,0.03826215863227844,0.007579163182526827
1765156317.732084,cf2,-1.5428290367126465,0.30794957280158997,1.0091114044189453,0.6641939878463745,-0.49205124378204346,-0.01853809505701065
1765156317.7339404,cf2,-1.5428290367126465,0.30794957280158997,1.0091114044189453,0.6774020195007324,-0.48277896642684937,0.0027072960510849953
1765156317.7369058,cf1,-0.9550684690475464,-0.015189917758107185,1.0029370784759521,0.9531921148300171,0.03826215863227844,0.007579163182526827
1765156317.737275,cf1,-0.9550684690475464,-0.015189917758107185,1.0029370784759521,0.9526530504226685,0.058887630701065063,-0.008415395393967628
1765156317.752126,cf2,-1.5287374258041382,0.2973611354827881,1.0092298984527588,0.6774020195007324,-0.48277896642684937,0.0027072960510849953
1765156317.7539594,cf2,-1.5287374258041382,0.2973611354827881,1.0092298984527588,0.686958372592926,-0.47188428044319153,0.025955408811569214
1765156317.7570062,cf1,-0.9348795413970947,-0.014724884182214737,1.0023479461669922,0.9526530504226685,0.058887630701065063,-0.008415395393967628
1765156317.7572484,cf1,-0.9348795413970947,-0.014724884182214737,1.0023479461669922,0.9515312314033508,0.07988397777080536,-0.02023364044725895
1765156317.772,cf2,-1.5144256353378296,0.2870166301727295,1.0097100734710693,0.686958372592926,-0.47188428044319153,0.025955408811569214
1765156317.7740285,cf2,-1.5144256353378296,0.2870166301727295,1.0097100734710693,0.6966099739074707,-0.46131011843681335,0.045471228659152985
1765156317.7769856,cf1,-0.9147164821624756,-0.013825640082359314,1.0016521215438843,0.9515312314033508,0.07988397777080536,-0.02023364044725895
1765156317.7773962,cf1,-0.9147164821624756,-0.013825640082359314,1.0016521215438843,0.9498732686042786,0.10103483498096466,-0.02601788192987442
1765156317.7921662,cf2,-1.4998986721038818,0.2769041061401367,1.0104314088821411,0.6966099739074707,-0.46131011843681335,0.045471228659152985
1765156317.7942567,cf2,-1.4998986721038818,0.2769041061401367,1.0104314088821411,0.7064042091369629,-0.45092934370040894,0.05531878024339676
1765156317.7967653,cf1,-0.894588828086853,-0.012472594156861305,1.0010138750076294,0.9498732686042786,0.10103483498096466,-0.02601788192987442
1765156317.797073,cf1,-0.894588828086853,-0.012472594156861305,1.0010138750076294,0.9476542472839355,0.12217312306165695,-0.023560430854558945
1765156317.8119452,cf2,-1.4851670265197754,0.2670140266418457,1.011203646659851,0.7064042091369629,-0.45092934370040894,0.05531878024339676
1765156317.814115,cf2,-1.4851670265197754,0.2670140266418457,1.011203646659851,0.7119919657707214,-0.4386240839958191,0.052928291261196136
1765156317.815874,cf1,-0.8744096159934998,-0.010634971782565117,1.0005772113800049,0.9476542472839355,0.12217312306165695,-0.023560430854558945
1765156317.816249,cf1,-0.8744096159934998,-0.010634971782565117,1.0005772113800049,0.9417455196380615,0.14377941191196442,-0.013528414070606232
1765156317.8320146,cf2,-1.4702484607696533,0.2573436498641968,1.0118341445922852,0.7119919657707214,-0.4386240839958191,0.052928291261196136
1765156317.8340347,cf2,-1.4702484607696533,0.2573436498641968,1.0118341445922852,0.721314549446106,-0.4278343617916107,0.04080209881067276
1765156317.8356671,cf1,-0.8544971942901611,-0.008355758152902126,1.0004417896270752,0.9417455196380615,0.14377941191196442,-0.013528414070606232
1765156317.8359106,cf1,-0.8544971942901611,-0.008355758152902126,1.0004417896270752,0.93840491771698,0.1643981635570526,0.00105572200845927
1765156317.8522282,cf2,-1.45516037940979,0.24789367616176605,1.0121608972549438,0.721314549446106,-0.4278343617916107,0.04080209881067276
1765156317.8542025,cf2,-1.45516037940979,0.24789367616176605,1.0121608972549438,0.7344136238098145,-0.41820886731147766,0.022939160466194153
1765156317.8556912,cf1,-0.834547758102417,-0.005597696173936129,1.0006210803985596,0.93840491771698,0.1643981635570526,0.00105572200845927
1765156317.8559253,cf1,-0.834547758102417,-0.005597696173936129,1.0006210803985596,0.9348128437995911,0.18472762405872345,0.01713627763092518
1765156317.8720357,cf2,-1.4399161338806152,0.2386717051267624,1.0121090412139893,0.7344136238098145,-0.41820886731147766,0.022939160466194153
1765156317.8739884,cf2,-1.4399161338806152,0.2386717051267624,1.0121090412139893,0.7432348132133484,-0.406073659658432,0.0037353718653321266
1765156317.8756495,cf1,-0.8146693706512451,-0.0023893513716757298,1.0010478496551514,0.9348128437995911,0.18472762405872345,0.01713627763092518
1765156317.8760278,cf1,-0.8146693706512451,-0.0023893513716757298,1.0010478496551514,0.9308617115020752,0.20449551939964294,0.03026195801794529
1765156317.8920388,cf2,-1.4245069026947021,0.2296920120716095,1.0117120742797852,0.7432348132133484,-0.406073659658432,0.0037353718653321266
1765156317.893954,cf2,-1.4245069026947021,0.2296920120716095,1.0117120742797852,0.7522738575935364,-0.3932005763053894,-0.01188363041728735
1765156317.8958278,cf1,-0.7948710322380066,0.0012341603869572282,1.0015933513641357,0.9308617115020752,0.20449551939964294,0.03026195801794529
1765156317.8962975,cf1,-0.7948710322380066,0.0012341603869572282,1.0015933513641357,0.9266976118087769,0.2234286218881607,0.03717722371220589
1765156317.9123187,cf2,-1.408918023109436,0.2209765911102295,1.011099934577942,0.7522738575935364,-0.3932005763053894,-0.01188363041728735
1765156317.9142041,cf2,-1.408918023109436,0.2209765911102295,1.011099934577942,0.7613244652748108,-0.37956300377845764,-0.020746152848005295
1765156317.915671,cf1,-0.7738490700721741,0.005731971003115177,1.0021510124206543,0.9266976118087769,0.2234286218881607,0.03717722371220589
1765156317.9158778,cf1,-0.7738490700721741,0.005731971003115177,1.0021510124206543,0.9223538041114807,0.24158945679664612,0.036547329276800156
1765156317.9320173,cf2,-1.3931430578231812,0.21255171298980713,1.010447382926941,0.7613244652748108,-0.37956300377845764,-0.020746152848005295
1765156317.9338768,cf2,-1.3931430578231812,0.21255171298980713,1.010447382926941,0.7701730728149414,-0.3652053475379944,-0.02013741061091423
1765156317.9370596,cf1,-0.7554296851158142,0.00964018702507019,1.0024759769439697,0.9223538041114807,0.24158945679664612,0.036547329276800156
1765156317.9375265,cf1,-0.7554296851158142,0.00964018702507019,1.0024759769439697,0.9145609140396118,0.2592763900756836,0.02820705436170101
1765156317.9522967,cf2,-1.37863290309906,0.20524215698242188,1.0099289417266846,0.7701730728149414,-0.3652053475379944,-0.02013741061091423
1765156317.9542582,cf2,-1.37863290309906,0.20524215698242188,1.0099289417266846,0.7787110209465027,-0.3502153158187866,-0.011414882726967335
1765156317.9566877,cf1,-0.7347238659858704,0.014871914871037006,1.0026192665100098,0.9145609140396118,0.2592763900756836,0.02820705436170101
1765156317.956983,cf1,-0.7347238659858704,0.014871914871037006,1.0026192665100098,0.9095495939254761,0.2764180302619934,0.015866510570049286
1765156317.9721863,cf2,-1.3610203266143799,0.19667062163352966,1.0096842050552368,0.7787110209465027,-0.3502153158187866,-0.011414882726967335
1765156317.9739993,cf2,-1.3610203266143799,0.19667062163352966,1.0096842050552368,0.7868423461914062,-0.33467933535575867,0.0024985955096781254
1765156317.9770222,cf1,-0.7165670990943909,0.019389498978853226,1.002419114112854,0.9095495939254761,0.2764180302619934,0.015866510570049286
1765156317.9774091,cf1,-0.7165670990943909,0.019389498978853226,1.002419114112854,0.9044040441513062,0.293436735868454,0.0014203916070982814
1765156317.991037,cf2,-1.3457878828048706,0.18982751667499542,1.0096924304962158,0.7868423461914062,-0.33467933535575867,0.0024985955096781254
1765156317.9927764,cf2,-1.3457878828048706,0.18982751667499542,1.0096924304962158,0.787504255771637,-0.32532933354377747,0.010764149948954582
1765156317.9971406,cf1,-0.694878876209259,0.02574433945119381,1.0019638538360596,0.9044040441513062,0.293436735868454,0.0014203916070982814
1765156317.9975085,cf1,-0.694878876209259,0.02574433945119381,1.0019638538360596,0.9006162285804749,0.31392550468444824,-0.010165120474994183
1765156318.012151,cf2,-1.3296691179275513,0.18289302289485931,1.010061502456665,0.787504255771637,-0.32532933354377747,0.010764149948954582
1765156318.014478,cf2,-1.3296691179275513,0.18289302289485931,1.010061502456665,0.7937749624252319,-0.309084415435791,0.023487122729420662
1765156318.0167606,cf1,-0.6767832636833191,0.031188778579235077,1.001452088356018,0.9006162285804749,0.31392550468444824,-0.010165120474994183
1765156318.0169907,cf1,-0.6767832636833191,0.031188778579235077,1.001452088356018,0.8864380717277527,0.32720106840133667,-0.0164061039686203
1765156318.031006,cf2,-1.312605619430542,0.17599856853485107,1.0106655359268188,0.7937749624252319,-0.309084415435791,0.023487122729420662
1765156318.0329037,cf2,-1.312605619430542,0.17599856853485107,1.0106655359268188,0.7954648733139038,-0.28943440318107605,0.03268752992153168
1765156318.0369313,cf1,-0.657758891582489,0.03733014315366745,1.000889539718628,0.8864380717277527,0.32720106840133667,-0.0164061039686203
1765156318.0373209,cf1,-0.657758891582489,0.03733014315366745,1.000889539718628,0.8806036114692688,0.344417005777359,-0.017116710543632507
1765156318.0510798,cf2,-1.2958862781524658,0.16962920129299164,1.0113675594329834,0.7954648733139038,-0.28943440318107605,0.03268752992153168
1765156318.052837,cf2,-1.2958862781524658,0.16962920129299164,1.0113675594329834,0.7953848838806152,-0.26950523257255554,0.03575965762138367
1765156318.0569382,cf1,-0.6387986540794373,0.0438864603638649,1.0004408359527588,0.8806036114692688,0.344417005777359,-0.017116710543632507
1765156318.05733,cf1,-0.6387986540794373,0.0438864603638649,1.0004408359527588,0.874451220035553,0.36190441250801086,-0.01153626013547182
1765156318.071124,cf2,-1.2744747400283813,0.1621282398700714,1.0122442245483398,0.7953848838806152,-0.26950523257255554,0.03575965762138367
1765156318.0729554,cf2,-1.2744747400283813,0.1621282398700714,1.0122442245483398,0.8031482100486755,-0.25364968180656433,0.03475218266248703
1765156318.0769916,cf1,-0.6199773550033569,0.050850510597229004,1.0002022981643677,0.874451220035553,0.36190441250801086,-0.01153626013547182
1765156318.0773308,cf1,-0.6199773550033569,0.050850510597229004,1.0002022981643677,0.8679510354995728,0.3794541656970978,-0.0005528833135031164
1765156318.0910914,cf2,-1.257272481918335,0.15643192827701569,1.0127935409545898,0.8031482100486755,-0.25364968180656433,0.03475218266248703
1765156318.0932252,cf2,-1.257272481918335,0.15643192827701569,1.0127935409545898,0.8072687983512878,-0.23644307255744934,0.02828478068113327
1765156318.097017,cf1,-0.6100324988365173,0.05440801754593849,1.0002893209457397,0.8679510354995728,0.3794541656970978,-0.0005528833135031164
1765156318.097315,cf1,-0.6100324988365173,0.05440801754593849,1.0002893209457397,0.8656479716300964,0.3998880684375763,0.013876763172447681
1765156318.1111498,cf2,-1.2444517612457275,0.1523127406835556,1.0129992961883545,0.8072687983512878,-0.23644307255744934,0.02828478068113327
1765156318.1128674,cf2,-1.2444517612457275,0.1523127406835556,1.0129992961883545,0.8023084402084351,-0.2167881727218628,0.017382832244038582
1765156318.1172268,cf1,-0.5827763080596924,0.06601212173700333,1.0004452466964722,0.8656479716300964,0.3998880684375763,0.013876763172447681
1765156318.11759,cf1,-0.5827763080596924,0.06601212173700333,1.0004452466964722,0.858913779258728,0.41783273220062256,0.02712203375995159
1765156318.131093,cf2,-1.2287042140960693,0.14765433967113495,1.0130784511566162,0.8023084402084351,-0.2167881727218628,0.017382832244038582
1765156318.133035,cf2,-1.2287042140960693,0.14765433967113495,1.0130784511566162,0.8040705323219299,-0.19918259978294373,0.005053029395639896
1765156318.1367443,cf1,-0.5643961429595947,0.0742102786898613,1.0008385181427002,0.858913779258728,0.41783273220062256,0.02712203375995159
1765156318.1371737,cf1,-0.5643961429595947,0.0742102786898613,1.0008385181427002,0.8519989252090454,0.4358852803707123,0.03700574114918709
1765156318.152088,cf2,-1.2075257301330566,0.14202098548412323,1.0129104852676392,0.8040705323219299,-0.19918259978294373,0.005053029395639896
1765156318.1542082,cf2,-1.2075257301330566,0.14202098548412323,1.0129104852676392,0.8080602884292603,-0.1812974363565445,-0.008168380707502365
1765156318.1570902,cf1,-0.5461669564247131,0.08281049877405167,1.0012829303741455,0.8519989252090454,0.4358852803707123,0.03700574114918709
1765156318.157362,cf1,-0.5461669564247131,0.08281049877405167,1.0012829303741455,0.8449416160583496,0.45406782627105713,0.0423271507024765
1765156318.1721551,cf2,-1.1902621984481812,0.13772247731685638,1.0125848054885864,0.8080602884292603,-0.1812974363565445,-0.008168380707502365
1765156318.1740403,cf2,-1.1902621984481812,0.13772247731685638,1.0125848054885864,0.8071735501289368,-0.1638232320547104,-0.01459461823105812
1765156318.177102,cf1,-0.5280846357345581,0.09180615842342377,1.0016571283340454,0.8449416160583496,0.45406782627105713,0.0423271507024765
1765156318.1773515,cf1,-0.5280846357345581,0.09180615842342377,1.0016571283340454,0.8377178907394409,0.47238755226135254,0.03891739994287491
1765156318.192175,cf2,-1.1720062494277954,0.1335732638835907,1.0122063159942627,0.8071735501289368,-0.1638232320547104,-0.01459461823105812
1765156318.1940484,cf2,-1.1720062494277954,0.1335732638835907,1.0122063159942627,0.8112024664878845,-0.14780354499816895,-0.013448670506477356
1765156318.1961355,cf1,-0.518532931804657,0.09641920775175095,1.00175142288208,0.8377178907394409,0.47238755226135254,0.03891739994287491
1765156318.196567,cf1,-0.518532931804657,0.09641920775175095,1.00175142288208,0.8331304788589478,0.47998514771461487,0.03374623507261276
1765156318.2132814,cf2,-1.1588534116744995,0.13069960474967957,1.012055516242981,0.8112024664878845,-0.14780354499816895,-0.013448670506477356
1765156318.2136135,cf2,-1.1588534116744995,0.13069960474967957,1.012055516242981,0.8036280274391174,-0.1299818903207779,-0.007583271712064743
1765156318.2156901,cf1,-0.5006653070449829,0.10601679235696793,1.0017718076705933,0.8331304788589478,0.47998514771461487,0.03374623507261276
1765156318.215934,cf1,-0.5006653070449829,0.10601679235696793,1.0017718076705933,0.8215742707252502,0.4974583089351654,0.019202319905161858
1765156318.2310994,cf2,-1.1374785900115967,0.1267804652452469,1.011919379234314,0.8036280274391174,-0.1299818903207779,-0.007583271712064743
1765156318.233098,cf2,-1.1374785900115967,0.1267804652452469,1.011919379234314,0.8147568106651306,-0.11446774750947952,0.0042587872594594955
1765156318.2358744,cf1,-0.4830787181854248,0.11592089384794235,1.0015180110931396,0.8215742707252502,0.4974583089351654,0.019202319905161858
1765156318.2363431,cf1,-0.4830787181854248,0.11592089384794235,1.0015180110931396,0.8121623396873474,0.5152298212051392,0.0035101762041449547
1765156318.2511292,cf2,-1.1200106143951416,0.12386743724346161,1.0120724439620972,0.8147568106651306,-0.11446774750947952,0.0042587872594594955
1765156318.2529485,cf2,-1.1200106143951416,0.12386743724346161,1.0120724439620972,0.8189426064491272,-0.09916089475154877,0.016266921535134315
1765156318.2561798,cf1,-0.46564921736717224,0.12620820105075836,1.0010297298431396,0.8121623396873474,0.5152298212051392,0.0035101762041449547
1765156318.256448,cf1,-0.46564921736717224,0.12620820105075836,1.0010297298431396,0.8022199273109436,0.5328096747398376,-0.008865665644407272
1765156318.2710598,cf2,-1.1067159175872803,0.12175837904214859,1.0123504400253296,0.8189426064491272,-0.09916089475154877,0.016266921535134315
1765156318.2730176,cf2,-1.1067159175872803,0.12175837904214859,1.0123504400253296,0.807955801486969,-0.08270306140184402,0.02567935548722744
1765156318.276115,cf1,-0.4484269618988037,0.13686250150203705,1.000409483909607,0.8022199273109436,0.5328096747398376,-0.008865665644407272
1765156318.2764795,cf1,-0.4484269618988037,0.13686250150203705,1.000409483909607,0.7920334935188293,0.5502029061317444,-0.015015460550785065
1765156318.2910466,cf2,-1.0863302946090698,0.11918435245752335,1.0127547979354858,0.807955801486969,-0.08270306140184402,0.02567935548722744
1765156318.2928226,cf2,-1.0863302946090698,0.11918435245752335,1.0127547979354858,0.8172131180763245,-0.06790192425251007,0.03129725530743599
1765156318.296059,cf1,-0.43303146958351135,0.14693474769592285,0.9998218417167664,0.7920334935188293,0.5502029061317444,-0.015015460550785065
1765156318.2965212,cf1,-0.43303146958351135,0.14693474769592285,0.9998218417167664,0.7817434668540955,0.5674657225608826,-0.014204461127519608
1765156318.3120902,cf2,-1.0712627172470093,0.11739199608564377,1.0130308866500854,0.8172131180763245,-0.06790192425251007,0.03129725530743599
1765156318.3137336,cf2,-1.0712627172470093,0.11739199608564377,1.0130308866500854,0.8083410859107971,-0.05147972330451012,0.027600154280662537
1765156318.3156707,cf1,-0.4146394729614258,0.15931867063045502,0.9993205666542053,0.7817434668540955,0.5674657225608826,-0.014204461127519608
1765156318.3158884,cf1,-0.4146394729614258,0.15931867063045502,0.9993205666542053,0.7713512182235718,0.5844483971595764,-0.0074118925258517265
1765156318.3311844,cf2,-1.059205412864685,0.11601894348859787,1.0131735801696777,0.8083410859107971,-0.05147972330451012,0.027600154280662537
1765156318.3327916,cf2,-1.059205412864685,0.11601894348859787,1.0131735801696777,0.8167442083358765,-0.03548527508974075,0.02309437096118927
1765156318.3358085,cf1,-0.3980897068977356,0.17112645506858826,0.9990535378456116,0.7713512182235718,0.5844483971595764,-0.0074118925258517265
1765156318.3361778,cf1,-0.3980897068977356,0.17112645506858826,0.9990535378456116,0.7608369588851929,0.6010821461677551,0.003781587816774845
1765156318.3511035,cf2,-1.040244221687317,0.11446313560009003,1.0132389068603516,0.8167442083358765,-0.03548527508974075,0.02309437096118927
1765156318.3529396,cf2,-1.040244221687317,0.11446313560009003,1.0132389068603516,0.8224619626998901,-0.020245376974344254,0.014259982854127884
1765156318.3561428,cf1,-0.38177549839019775,0.1833161562681198,0.9990196228027344,0.7608369588851929,0.6010821461677551,0.003781587816774845
1765156318.3563943,cf1,-0.38177549839019775,0.1833161562681198,0.9990196228027344,0.7502013444900513,0.6174077987670898,0.016766469925642014
1765156318.3711011,cf2,-1.0224249362945557,0.1132907122373581,1.0130785703659058,0.8224619626998901,-0.020245376974344254,0.014259982854127884
1765156318.3728611,cf2,-1.0224249362945557,0.1132907122373581,1.0130785703659058,0.8267660140991211,-0.0047534555196762085,0.005205610767006874
1765156318.3759162,cf1,-0.3672233819961548,0.1947760432958603,0.9991355538368225,0.7502013444900513,0.6174077987670898,0.016766469925642014
1765156318.37613,cf1,-0.3672233819961548,0.1947760432958603,0.9991355538368225,0.7394230961799622,0.6334432363510132,0.027972988784313202
1765156318.391065,cf2,-1.0045723915100098,0.11243122071027756,1.0127160549163818,0.8267660140991211,-0.0047534555196762085,0.005205610767006874
1765156318.3927667,cf2,-1.0045723915100098,0.11243122071027756,1.0127160549163818,0.831005871295929,0.010929537005722523,-0.0028915207367390394
1765156318.3971338,cf1,-0.34986263513565063,0.20879998803138733,0.9994744062423706,0.7394230961799622,0.6334432363510132,0.027972988784313202
1765156318.398261,cf1,-0.34986263513565063,0.20879998803138733,0.9994744062423706,0.7283607125282288,0.6491719484329224,0.03467061370611191
1765156318.4121923,cf2,-0.9866561889648438,0.11189133673906326,1.01220703125,0.831005871295929,0.010929537005722523,-0.0028915207367390394
1765156318.4139428,cf2,-0.9866561889648438,0.11189133673906326,1.01220703125,0.8353596329689026,0.027672138065099716,-0.009146428667008877
1765156318.4168108,cf1,-0.33423736691474915,0.22209657728672028,0.9997792840003967,0.7283607125282288,0.6491719484329224,0.03467061370611191
1765156318.4171524,cf1,-0.33423736691474915,0.22209657728672028,0.9997792840003967,0.7139416933059692,0.6631994843482971,0.03521301969885826
1765156318.4320686,cf2,-0.9703208208084106,0.11178025603294373,1.011674165725708,0.8353596329689026,0.027672138065099716,-0.009146428667008877
1765156318.4339855,cf2,-0.9703208208084106,0.11178025603294373,1.011674165725708,0.8361305594444275,0.04348550736904144,-0.012252045795321465
1765156318.4369411,cf1,-0.31894245743751526,0.23564063012599945,1.0000011920928955,0.7139416933059692,0.6631994843482971,0.03521301969885826
1765156318.4372766,cf1,-0.31894245743751526,0.23564063012599945,1.0000011920928955,0.7018812298774719,0.6781388521194458,0.03086705133318901
1765156318.4521515,cf2,-0.9506539702415466,0.11182710528373718,1.011121392250061,0.8361305594444275,0.04348550736904144,-0.012252045795321465
1765156318.4540403,cf2,-0.9506539702415466,0.11182710528373718,1.011121392250061,0.838548481464386,0.05931881070137024,-0.012182558886706829
1765156318.4561863,cf1,-0.304973304271698,0.24863606691360474,1.0000804662704468,0.7018812298774719,0.6781388521194458,0.03086705133318901
1765156318.4564898,cf1,-0.304973304271698,0.24863606691360474,1.0000804662704468,0.6868864297866821,0.6918706893920898,0.021652670577168465
1765156318.4720464,cf2,-0.9343379139900208,0.11234010756015778,1.01072096824646,0.838548481464386,0.05931881070137024,-0.012182558886706829
1765156318.473909,cf2,-0.9343379139900208,0.11234010756015778,1.01072096824646,0.8397496938705444,0.0749456137418747,-0.008715433068573475
1765156318.4755373,cf1,-0.2904687225818634,0.262481689453125,0.9999642968177795,0.6868864297866821,0.6918706893920898,0.021652670577168465
1765156318.475815,cf1,-0.2904687225818634,0.262481689453125,0.9999642968177795,0.6701329946517944,0.7035317420959473,0.010031248442828655
1765156318.4921982,cf2,-0.9145611524581909,0.11315173655748367,1.0105024576187134,0.8397496938705444,0.0749456137418747,-0.008715433068573475
1765156318.4942808,cf2,-0.9145611524581909,0.11315173655748367,1.0105024576187134,0.8397337794303894,0.09050304442644119,-0.0012372760102152824
1765156318.4956174,cf1,-0.2759430706501007,0.27693384885787964,0.9996525645256042,0.6701329946517944,0.7035317420959473,0.010031248442828655
1765156318.4958224,cf1,-0.2759430706501007,0.27693384885787964,0.9996525645256042,0.6560018658638,0.7181720733642578,-0.0007951210718601942
1765156318.5119827,cf2,-0.8965446949005127,0.11433561146259308,1.0104795694351196,0.8397337794303894,0.09050304442644119,-0.0012372760102152824
1765156318.513955,cf2,-0.8965446949005127,0.11433561146259308,1.0104795694351196,0.8388347029685974,0.10635209828615189,0.00773323979228735
1765156318.5158908,cf1,-0.2617051303386688,0.29171136021614075,0.9992180466651917,0.6560018658638,0.7181720733642578,-0.0007951210718601942
1765156318.5163105,cf1,-0.2617051303386688,0.29171136021614075,0.9992180466651917,0.6413602232933044,0.7325751781463623,-0.007241267245262861
1765156318.5320427,cf2,-0.8824004530906677,0.11554332822561264,1.0105897188186646,0.8388347029685974,0.10635209828615189,0.00773323979228735
1765156318.5339346,cf2,-0.8824004530906677,0.11554332822561264,1.0105897188186646,0.828558623790741,0.12144773453474045,0.014736296609044075
1765156318.5361254,cf1,-0.24777649343013763,0.3067907392978668,0.9987555742263794,0.6413602232933044,0.7325751781463623,-0.007241267245262861
1765156318.5363615,cf1,-0.24777649343013763,0.3067907392978668,0.9987555742263794,0.6266968846321106,0.7464694380760193,-0.008339581079781055
1765156318.5521057,cf2,-0.8607303500175476,0.1177741140127182,1.0109291076660156,0.828558623790741,0.12144773453474045,0.014736296609044075
1765156318.55403,cf2,-0.8607303500175476,0.1177741140127182,1.0109291076660156,0.8294368982315063,0.13883261382579803,0.01909041590988636
1765156318.556193,cf1,-0.234160378575325,0.32217133045196533,0.9983701109886169,0.6266968846321106,0.7464694380760193,-0.008339581079781055
1765156318.5565257,cf1,-0.234160378575325,0.32217133045196533,0.9983701109886169,0.612160325050354,0.7599111795425415,-0.004097523633390665
1765156318.572001,cf2,-0.8466275930404663,0.11956165730953217,1.0111907720565796,0.8294368982315063,0.13883261382579803,0.01909041590988636
1765156318.573942,cf2,-0.8466275930404663,0.11956165730953217,1.0111907720565796,0.8181619644165039,0.15463662147521973,0.018739866092801094
1765156318.575959,cf1,-0.22085924446582794,0.33784985542297363,0.9981403350830078,0.612160325050354,0.7599111795425415,-0.004097523633390665
1765156318.5762765,cf1,-0.22085924446582794,0.33784985542297363,0.9981403350830078,0.5977634191513062,0.7728546261787415,0.0038129636086523533
1765156318.5920885,cf2,-0.8289844989776611,0.12209869176149368,1.011509656906128,0.8181619644165039,0.15463662147521973,0.018739866092801094
1765156318.594511,cf2,-0.8289844989776611,0.12209869176149368,1.011509656906128,0.8021014332771301,0.16939058899879456,0.01610259898006916
1765156318.5955374,cf1,-0.2078731805086136,0.35381731390953064,0.9980982542037964,0.5977634191513062,0.7728546261787415,0.0038129636086523533
1765156318.595866,cf1,-0.2078731805086136,0.35381731390953064,0.9980982542037964,0.583479106426239,0.785280704498291,0.013418884016573429
1765156318.6120512,cf2,-0.8118167519569397,0.12492206692695618,1.0117465257644653,0.8021014332771301,0.16939058899879456,0.01610259898006916
1765156318.6142654,cf2,-0.8118167519569397,0.12492206692695618,1.0117465257644653,0.7984373569488525,0.1872677057981491,0.012258664704859257
1765156318.6166894,cf1,-0.1952013373374939,0.37006229162216187,0.9982271790504456,0.583479106426239,0.785280704498291,0.013418884016573429
1765156318.6170332,cf1,-0.1952013373374939,0.37006229162216187,0.9982271790504456,0.5692266225814819,0.7972164750099182,0.02202719822525978
1765156318.6319876,cf2,-0.7922213077545166,0.1286701112985611,1.0118991136550903,0.7984373569488525,0.1872677057981491,0.012258664704859257
1765156318.633933,cf2,-0.7922213077545166,0.1286701112985611,1.0118991136550903,0.7918925881385803,0.20495887100696564,0.008962956257164478
1765156318.6360576,cf1,-0.18252067267894745,0.38704484701156616,0.9984757900238037,0.5692266225814819,0.7972164750099182,0.02202719822525978
1765156318.6363208,cf1,-0.18252067267894745,0.38704484701156616,0.9984757900238037,0.5502317547798157,0.8052604794502258,0.02725227363407612
1765156318.6521595,cf2,-0.7766396999359131,0.13189086318016052,1.0119171142578125,0.7918925881385803,0.20495887100696564,0.008962956257164478
1765156318.654187,cf2,-0.7766396999359131,0.13189086318016052,1.0119171142578125,0.7936518788337708,0.22528481483459473,0.008204273879528046
1765156318.6556857,cf1,-0.17080725729465485,0.403327077627182,0.9987547397613525,0.5502317547798157,0.8052604794502258,0.02725227363407612
1765156318.6558516,cf1,-0.17080725729465485,0.403327077627182,0.9987547397613525,0.53525710105896,0.8152971267700195,0.028448550030589104
1765156318.6719952,cf2,-0.7588534355163574,0.1360405534505844,1.0118637084960938,0.7936518788337708,0.22528481483459473,0.008204273879528046
1765156318.6740596,cf2,-0.7588534355163574,0.1360405534505844,1.0118637084960938,0.7795939445495605,0.2400725930929184,0.0064141214825212955
1765156318.675799,cf1,-0.15909598767757416,0.4202858805656433,0.9990140199661255,0.53525710105896,0.8152971267700195,0.028448550030589104
1765156318.6764534,cf1,-0.15909598767757416,0.4202858805656433,0.9990140199661255,0.5205129384994507,0.8259809017181396,0.02654717117547989
1765156318.6921005,cf2,-0.7419975996017456,0.14034351706504822,1.0117650032043457,0.7795939445495605,0.2400725930929184,0.0064141214825212955
1765156318.694095,cf2,-0.7419975996017456,0.14034351706504822,1.0117650032043457,0.7768480777740479,0.2582117021083832,0.007158089429140091
1765156318.6960871,cf1,-0.14769479632377625,0.4374971091747284,0.9991833567619324,0.5205129384994507,0.8259809017181396,0.02654717117547989
1765156318.6963623,cf1,-0.14769479632377625,0.4374971091747284,0.9991833567619324,0.5051634311676025,0.8364572525024414,0.02192770130932331
1765156318.7112126,cf2,-0.72476726770401,0.14514926075935364,1.0116311311721802,0.7768480777740479,0.2582117021083832,0.007158089429140091
1765156318.7128866,cf2,-0.72476726770401,0.14514926075935364,1.0116311311721802,0.7792214155197144,0.2681152820587158,0.007908306084573269
1765156318.7162051,cf1,-0.1366197168827057,0.45492327213287354,0.9992102980613708,0.5051634311676025,0.8364572525024414,0.02192770130932331
1765156318.716585,cf1,-0.1366197168827057,0.45492327213287354,0.9992102980613708,0.48956429958343506,0.8466160297393799,0.015386131592094898
1765156318.7310247,cf2,-0.7075442671775818,0.15036648511886597,1.0114896297454834,0.7792214155197144,0.2681152820587158,0.007908306084573269
1765156318.732884,cf2,-0.7075442671775818,0.15036648511886597,1.0114896297454834,0.7744932770729065,0.2864897549152374,0.009929899126291275
1765156318.7360036,cf1,-0.12587106227874756,0.47255805134773254,0.9990903735160828,0.48956429958343506,0.8466160297393799,0.015386131592094898
1765156318.7364118,cf1,-0.12587106227874756,0.47255805134773254,0.9990903735160828,0.4738038182258606,0.856514036655426,0.008098378777503967
1765156318.751162,cf2,-0.6904785633087158,0.15593969821929932,1.0113539695739746,0.7744932770729065,0.2864897549152374,0.009929899126291275
1765156318.7530794,cf2,-0.6904785633087158,0.15593969821929932,1.0113539695739746,0.7723586559295654,0.30472391843795776,0.01260246429592371
1765156318.7557538,cf1,-0.11545678973197937,0.4903983771800995,0.9988580346107483,0.4738038182258606,0.856514036655426,0.008098378777503967
1765156318.7559643,cf1,-0.11545678973197937,0.4903983771800995,0.9988580346107483,0.4577842354774475,0.8660984635353088,0.001813984476029873
1765156318.7710693,cf2,-0.6734383702278137,0.16191279888153076,1.011227011680603,0.7723586559295654,0.30472391843795776,0.01260246429592371
1765156318.7729073,cf2,-0.6734383702278137,0.16191279888153076,1.011227011680603,0.7703050374984741,0.32299578189849854,0.01415181439369917
1765156318.7757921,cf1,-0.10538694262504578,0.5084388256072998,0.9985716342926025,0.4577842354774475,0.8660984635353088,0.001813984476029873
1765156318.776184,cf1,-0.10538694262504578,0.5084388256072998,0.9985716342926025,0.4415035545825958,0.8752657175064087,-0.0017774596344679594
1765156318.7910495,cf2,-0.6564752459526062,0.1682775467634201,1.011114239692688,0.7703050374984741,0.32299578189849854,0.01415181439369917
1765156318.7929182,cf2,-0.6564752459526062,0.1682775467634201,1.011114239692688,0.7677682042121887,0.3414084315299988,0.01489250548183918
1765156318.7971466,cf1,-0.09546659886837006,0.5271012187004089,0.9982917904853821,0.4415035545825958,0.8752657175064087,-0.0017774596344679594
1765156318.7974985,cf1,-0.09546659886837006,0.5271012187004089,0.9982917904853821,0.4230414927005768,0.8823293447494507,-0.002197972033172846
1765156318.8111355,cf2,-0.641266405582428,0.17446614801883698,1.0110000371932983,0.7677682042121887,0.3414084315299988,0.01489250548183918
1765156318.8130524,cf2,-0.641266405582428,0.17446614801883698,1.0110000371932983,0.7644740343093872,0.3599587082862854,0.01422613114118576
1765156318.8166995,cf1,-0.0863257423043251,0.5451117753982544,0.9981071352958679,0.4230414927005768,0.8823293447494507,-0.002197972033172846
1765156318.8170338,cf1,-0.0863257423043251,0.5451117753982544,0.9981071352958679,0.4058782160282135,0.8897693753242493,0.0005649994127452374
1765156318.8320725,cf2,-0.6226645112037659,0.1822756677865982,1.0108649730682373,0.7644740343093872,0.3599587082862854,0.01422613114118576
1765156318.834037,cf2,-0.6226645112037659,0.1822756677865982,1.0108649730682373,0.7580794095993042,0.378432035446167,0.011149009689688683
1765156318.8369827,cf1,-0.07736538350582123,0.5636935830116272,0.9980344176292419,0.4058782160282135,0.8897693753242493,0.0005649994127452374
1765156318.8373463,cf1,-0.07736538350582123,0.5636935830116272,0.9980344176292419,0.388817697763443,0.8976374864578247,0.00565638393163681
1765156318.8520694,cf2,-0.6062169671058655,0.18972961604595184,1.0107157230377197,0.7580794095993042,0.378432035446167,0.011149009689688683
1765156318.8540232,cf2,-0.6062169671058655,0.18972961604595184,1.0107157230377197,0.752307653427124,0.39628759026527405,0.00649002380669117
1765156318.856883,cf1,-0.06877796351909637,0.5824722051620483,0.9981017112731934,0.388817697763443,0.8976374864578247,0.00565638393163681
1765156318.85722,cf1,-0.06877796351909637,0.5824722051620483,0.9981017112731934,0.3713717758655548,0.9051757454872131,0.012625418603420258
1765156318.8721817,cf2,-0.5897590517997742,0.1976347714662552,1.0105451345443726,0.752307653427124,0.39628759026527405,0.00649002380669117
1765156318.8744926,cf2,-0.5897590517997742,0.1976347714662552,1.0105451345443726,0.7457449436187744,0.4136742353439331,0.0009302972466684878
1765156318.876763,cf1,-0.06059020012617111,0.6014224886894226,0.9983028769493103,0.3713717758655548,0.9051757454872131,0.012625418603420258
1765156318.8770683,cf1,-0.06059020012617111,0.6014224886894226,0.9983028769493103,0.3533620536327362,0.9125111699104309,0.01961064152419567
1765156318.8920426,cf2,-0.573475182056427,0.20589566230773926,1.01036536693573,0.7457449436187744,0.4136742353439331,0.0009302972466684878
1765156318.8939574,cf2,-0.573475182056427,0.20589566230773926,1.01036536693573,0.7379171252250671,0.43009158968925476,-0.00348714180290699
1765156318.8956826,cf1,-0.052406564354896545,0.6221280694007874,0.998589813709259,0.3533620536327362,0.9125111699104309,0.01961064152419567
1765156318.896014,cf1,-0.052406564354896545,0.6221280694007874,0.998589813709259,0.3327787518501282,0.917071521282196,0.024925410747528076
1765156318.912048,cf2,-0.5572206377983093,0.21459847688674927,1.0102061033248901,0.7379171252250671,0.43009158968925476,-0.00348714180290699
1765156318.914015,cf2,-0.5572206377983093,0.21459847688674927,1.0102061033248901,0.7265579104423523,0.4451845586299896,-0.006838895846158266
1765156318.9156055,cf1,-0.04515651613473892,0.6411875486373901,0.9989389181137085,0.3327787518501282,0.917071521282196,0.024925410747528076
1765156318.9158583,cf1,-0.04515651613473892,0.6411875486373901,0.9989389181137085,0.31381967663764954,0.9238728284835815,0.027499575167894363
1765156318.9319894,cf2,-0.5391825437545776,0.224878191947937,1.0100843906402588,0.7265579104423523,0.4451845586299896,-0.006838895846158266
1765156318.9340918,cf2,-0.5391825437545776,0.224878191947937,1.0100843906402588,0.7167710661888123,0.4612252712249756,-0.0066343373619019985
1765156318.9357758,cf1,-0.038239143788814545,0.6606042385101318,0.9992597699165344,0.31381967663764954,0.9238728284835815,0.027499575167894363
1765156318.9361694,cf1,-0.038239143788814545,0.6606042385101318,0.9992597699165344,0.2945649027824402,0.9306057095527649,0.026577142998576164
1765156318.9520755,cf2,-0.5253825783729553,0.23298871517181396,1.0101147890090942,0.7167710661888123,0.4612252712249756,-0.0066343373619019985
1765156318.953987,cf2,-0.5253825783729553,0.23298871517181396,1.0101147890090942,0.6985763311386108,0.4699682593345642,-0.0025112887378782034
1765156318.9556496,cf1,-0.03172985464334488,0.6801691055297852,0.9994824528694153,0.2945649027824402,0.9306057095527649,0.026577142998576164
1765156318.9559608,cf1,-0.03172985464334488,0.6801691055297852,0.9994824528694153,0.2750815451145172,0.936928927898407,0.022158823907375336
1765156318.972338,cf2,-0.5106059908866882,0.24215243756771088,1.0102568864822388,0.6985763311386108,0.4699682593345642,-0.0025112887378782034
1765156318.9742737,cf2,-0.5106059908866882,0.24215243756771088,1.0102568864822388,0.6858296394348145,0.48253244161605835,0.004516945220530033
1765156318.975839,cf1,-0.025620315223932266,0.6998539566993713,0.9995560050010681,0.2750815451145172,0.936928927898407,0.022158823907375336
1765156318.9761536,cf1,-0.025620315223932266,0.6998539566993713,0.9995560050010681,0.25574320554733276,0.9426953792572021,0.015182231552898884
1765156318.992106,cf2,-0.49340492486953735,0.253496915102005,1.010550856590271,0.6858296394348145,0.48253244161605835,0.004516945220530033
1765156318.9940805,cf2,-0.49340492486953735,0.253496915102005,1.010550856590271,0.6771499514579773,0.4986465275287628,0.012075308710336685
1765156318.9955792,cf1,-0.019901327788829803,0.7196460366249084,0.9994729161262512,0.25574320554733276,0.9426953792572021,0.015182231552898884
1765156318.9958103,cf1,-0.019901327788829803,0.7196460366249084,0.9994729161262512,0.23660850524902344,0.9479026794433594,0.007492244243621826
1765156319.0119963,cf2,-0.4811212420463562,0.2619895040988922,1.0108671188354492,0.6771499514579773,0.4986465275287628,0.012075308710336685
1765156319.0139573,cf2,-0.4811212420463562,0.2619895040988922,1.0108671188354492,0.658919095993042,0.5070870518684387,0.019016215577721596
1765156319.0157275,cf1,-0.015701472759246826,0.7346364259719849,0.9993317723274231,0.23660850524902344,0.9479026794433594,0.007492244243621826
1765156319.01595,cf1,-0.015701472759246826,0.7346364259719849,0.9993317723274231,0.21440255641937256,0.9398462176322937,5.2795203373534605e-05
1765156319.0321047,cf2,-0.4675980508327484,0.2716134190559387,1.0112826824188232,0.658919095993042,0.5070870518684387,0.019016215577721596
1765156319.0340986,cf2,-0.4675980508327484,0.2716134190559387,1.0112826824188232,0.6461150646209717,0.5196370482444763,0.02490098401904106
1765156319.0357065,cf1,-0.00973176583647728,0.7591323852539062,0.9990264177322388,0.21440255641937256,0.9398462176322937,5.2795203373534605e-05
1765156319.0359092,cf1,-0.00973176583647728,0.7591323852539062,0.9990264177322388,0.19762608408927917,0.9551568627357483,-0.0027252729050815105
1765156319.0519297,cf2,-0.4514983892440796,0.28353580832481384,1.0117536783218384,0.6461150646209717,0.5196370482444763,0.02490098401904106
1765156319.0539556,cf2,-0.4514983892440796,0.28353580832481384,1.0117536783218384,0.6323822736740112,0.5314988493919373,0.025958692654967308
1765156319.055619,cf1,-0.005393249914050102,0.7781845927238464,0.9988130927085876,0.19762608408927917,0.9551568627357483,-0.0027252729050815105
1765156319.0558586,cf1,-0.005393249914050102,0.7781845927238464,0.9988130927085876,0.17730703949928284,0.9504590630531311,-0.0029877442866563797
1765156319.0711606,cf2,-0.4350730776786804,0.29682403802871704,1.0121476650238037,0.6323822736740112,0.5314988493919373,0.025958692654967308
1765156319.0730267,cf2,-0.4350730776786804,0.29682403802871704,1.0121476650238037,0.6215445399284363,0.5472407341003418,0.023765472695231438
1765156319.075899,cf1,-0.0018540126038715243,0.7946007251739502,0.9987251162528992,0.17730703949928284,0.9504590630531311,-0.0029877442866563797
1765156319.076219,cf1,-0.0018540126038715243,0.7946007251739502,0.9987251162528992,0.15709522366523743,0.9407962560653687,0.0029405520763248205
1765156319.0910804,cf2,-0.42208489775657654,0.3074830174446106,1.012284278869629,0.6215445399284363,0.5472407341003418,0.023765472695231438
1765156319.0929527,cf2,-0.42208489775657654,0.3074830174446106,1.012284278869629,0.6065115928649902,0.5574510097503662,0.01838761381804943
1765156319.0957718,cf1,0.002452380722388625,0.8181762099266052,0.9986864328384399,0.15709522366523743,0.9407962560653687,0.0029405520763248205
1765156319.0961454,cf1,0.002452380722388625,0.8181762099266052,0.9986864328384399,0.1397963911294937,0.9509143233299255,0.010696379467844963
1765156319.1110513,cf2,-0.40776413679122925,0.3197944164276123,1.012235164642334,0.6065115928649902,0.5574510097503662,0.01838761381804943
1765156319.1128135,cf2,-0.40776413679122925,0.3197944164276123,1.012235164642334,0.5971154570579529,0.5725315809249878,0.011566417291760445
1765156319.1157594,cf1,0.006012333557009697,0.8399385213851929,0.9988256692886353,0.1397963911294937,0.9509143233299255,0.010696379467844963
1765156319.1161764,cf1,0.006012333557009697,0.8399385213851929,0.9988256692886353,0.12240993231534958,0.9594563245773315,0.01978830061852932
1765156319.1311579,cf2,-0.3943657875061035,0.33177027106285095,1.0119733810424805,0.5971154570579529,0.5725315809249878,0.011566417291760445
1765156319.1330209,cf2,-0.3943657875061035,0.33177027106285095,1.0119733810424805,0.5873192548751831,0.5869641900062561,0.0028387289494276047
1765156319.136919,cf1,0.00897370558232069,0.8606274724006653,0.999067485332489,0.12240993231534958,0.9594563245773315,0.01978830061852932
1765156319.137241,cf1,0.00897370558232069,0.8606274724006653,0.999067485332489,0.10350857675075531,0.9561805129051208,0.028382878750562668
1765156319.1510496,cf2,-0.3820440471172333,0.3431866765022278,1.0115936994552612,0.5873192548751831,0.5869641900062561,0.0028387289494276047
1765156319.1528373,cf2,-0.3820440471172333,0.3431866765022278,1.0115936994552612,0.573250412940979,0.5966353416442871,-0.004169069230556488
1765156319.1571436,cf1,0.01136794127523899,0.8795633912086487,0.9993062019348145,0.10350857675075531,0.9561805129051208,0.028382878750562668
1765156319.1574774,cf1,0.01136794127523899,0.8795633912086487,0.9993062019348145,0.08464128524065018,0.9555809497833252,0.03106817975640297
1765156319.1719992,cf2,-0.37181755900382996,0.35283657908439636,1.0112425088882446,0.573250412940979,0.5966353416442871,-0.004169069230556488
1765156319.173841,cf2,-0.37181755900382996,0.35283657908439636,1.0112425088882446,0.5564731955528259,0.6037448048591614,-0.008905913680791855
1765156319.1771843,cf1,0.013647882267832756,0.9012833833694458,0.9995002746582031,0.08464128524065018,0.9555809497833252,0.03106817975640297
1765156319.1775346,cf1,0.013647882267832756,0.9012833833694458,0.9995002746582031,0.06688829511404037,0.9641048908233643,0.028434284031391144
1765156319.191236,cf2,-0.3558787405490875,0.36907753348350525,1.0106463432312012,0.5564731955528259,0.6037448048591614,-0.008905913680791855
1765156319.1929002,cf2,-0.3558787405490875,0.36907753348350525,1.0106463432312012,0.546961784362793,0.6188174486160278,-0.009773708879947662
1765156319.1967325,cf1,0.015440029092133045,0.9219973683357239,0.9995692372322083,0.06688829511404037,0.9641048908233643,0.028434284031391144
1765156319.1969607,cf1,0.015440029092133045,0.9219973683357239,0.9995692372322083,0.0485127754509449,0.9686510562896729,0.022607678547501564
1765156319.2109942,cf2,-0.3433869481086731,0.38219425082206726,1.0103093385696411,0.546961784362793,0.6188174486160278,-0.009773708879947662
1765156319.2128553,cf2,-0.3433869481086731,0.38219425082206726,1.0103093385696411,0.5392574071884155,0.6348670125007629,-0.005922173149883747
1765156319.2170763,cf1,0.016637880355119705,0.9364997148513794,0.999491274356842,0.0485127754509449,0.9686510562896729,0.022607678547501564
1765156319.2174788,cf1,0.016637880355119705,0.9364997148513794,0.999491274356842,0.02942308597266674,0.9520914554595947,0.012889540754258633
1765156319.2311187,cf2,-0.3312051594257355,0.3954968750476837,1.0101337432861328,0.5392574071884155,0.6348670125007629,-0.005922173149883747
1765156319.2330709,cf2,-0.3312051594257355,0.3954968750476837,1.0101337432861328,0.5295525193214417,0.6468837261199951,0.0028179525397717953
1765156319.2366855,cf1,0.017811229452490807,0.9629494547843933,0.9991553425788879,0.02942308597266674,0.9520914554595947,0.012889540754258633
1765156319.23688,cf1,0.017811229452490807,0.9629494547843933,0.9991553425788879,0.009830450639128685,0.967623233795166,0.005346214398741722
1765156319.2509954,cf2,-0.3192688226699829,0.40904614329338074,1.0101509094238281,0.5295525193214417,0.6468837261199951,0.0028179525397717953
1765156319.2528534,cf2,-0.3192688226699829,0.40904614329338074,1.0101509094238281,0.5179992318153381,0.6549123525619507,0.01207515224814415
1765156319.255816,cf1,0.018388720229268074,0.9828670620918274,0.9987197518348694,0.009830450639128685,0.967623233795166,0.005346214398741722
1765156319.2562675,cf1,0.018388720229268074,0.9828670620918274,0.9987197518348694,-0.011111169122159481,0.9593364596366882,-0.004481103271245956
1765156319.2719955,cf2,-0.3074696958065033,0.42298856377601624,1.0103310346603394,0.5179992318153381,0.6549123525619507,0.01207515224814415
1765156319.2738862,cf2,-0.3074696958065033,0.42298856377601624,1.0103310346603394,0.5060495734214783,0.6644984483718872,0.017954295501112938
1765156319.2756155,cf1,0.018529752269387245,1.0047547817230225,0.998200535774231,-0.011111169122159481,0.9593364596366882,-0.004481103271245956
1765156319.2760942,cf1,0.018529752269387245,1.0047547817230225,0.998200535774231,-0.03146966174244881,0.9657855033874512,-0.004765474237501621
1765156319.2920556,cf2,-0.29615482687950134,0.43684402108192444,1.0105911493301392,0.5060495734214783,0.6644984483718872,0.017954295501112938
1765156319.2941794,cf2,-0.29615482687950134,0.43684402108192444,1.0105911493301392,0.4975898265838623,0.6784976720809937,0.02113303914666176
1765156319.29559,cf1,0.01821964606642723,1.0256764888763428,0.9977760910987854,-0.03146966174244881,0.9657855033874512,-0.004765474237501621
1765156319.295865,cf1,0.01821964606642723,1.0256764888763428,0.9977760910987854,-0.05195236578583717,0.969083309173584,-0.0008230728562921286
1765156319.3120697,cf2,-0.28497833013534546,0.45104455947875977,1.0108388662338257,0.4975898265838623,0.6784976720809937,0.02113303914666176
1765156319.3138888,cf2,-0.28497833013534546,0.45104455947875977,1.0108388662338257,0.4867795705795288,0.688468873500824,0.02204197831451893
1765156319.3154814,cf1,0.017819970846176147,1.0416040420532227,0.9976420998573303,-0.05195236578583717,0.969083309173584,-0.0008230728562921286
1765156319.3156936,cf1,0.017819970846176147,1.0416040420532227,0.9976420998573303,-0.07064889371395111,0.9541561603546143,0.005343152210116386
1765156319.3320508,cf2,-0.27405911684036255,0.46545711159706116,1.0109927654266357,0.4867795705795288,0.688468873500824,0.02204197831451893
1765156319.3338807,cf2,-0.27405911684036255,0.46545711159706116,1.0109927654266357,0.4753437042236328,0.6987386345863342,0.01975535787642002
1765156319.335835,cf1,0.01683713309466839,1.0609736442565918,0.9975658059120178,-0.07064889371395111,0.9541561603546143,0.005343152210116386
1765156319.3361087,cf1,0.01683713309466839,1.0609736442565918,0.9975658059120178,-0.0900154635310173,0.9533999562263489,0.012080131098628044
1765156319.3520358,cf2,-0.26341259479522705,0.480085551738739,1.0109963417053223,0.4753437042236328,0.6987386345863342,0.01975535787642002
1765156319.3540862,cf2,-0.26341259479522705,0.480085551738739,1.0109963417053223,0.46314606070518494,0.7093867659568787,0.013107120990753174
1765156319.355727,cf1,0.014725231565535069,1.085416555404663,0.9975358247756958,-0.0900154635310173,0.9533999562263489,0.012080131098628044
1765156319.3561006,cf1,0.014725231565535069,1.085416555404663,0.9975358247756958,-0.10919934511184692,0.9515724182128906,0.018021712079644203
1765156319.3720608,cf2,-0.2553826868534088,0.4912652373313904,1.0108586549758911,0.46314606070518494,0.7093867659568787,0.013107120990753174
1765156319.3738713,cf2,-0.2553826868534088,0.4912652373313904,1.0108586549758911,0.44214093685150146,0.7065590023994446,0.001729691750369966
1765156319.3756175,cf1,0.013404807075858116,1.1026952266693115,0.997731626033783,-0.10919934511184692,0.9515724182128906,0.018021712079644203
1765156319.3758266,cf1,0.013404807075858116,1.1026952266693115,0.997731626033783,-0.12790751457214355,0.9506465792655945,0.024963287636637688
1765156319.3921602,cf2,-0.24596655368804932,0.5051332116127014,1.0105721950531006,0.44214093685150146,0.7065590023994446,0.001729691750369966
1765156319.3940427,cf2,-0.24596655368804932,0.5051332116127014,1.0105721950531006,0.42732641100883484,0.7144628763198853,-0.008290210738778114
1765156319.3957667,cf1,0.011075962334871292,1.123499870300293,0.9979009628295898,-0.12790751457214355,0.9506465792655945,0.024963287636637688
1765156319.395929,cf1,0.011075962334871292,1.123499870300293,0.9979009628295898,-0.14675869047641754,0.9521156549453735,0.029542991891503334
1765156319.4119804,cf2,-0.23404304683208466,0.523909330368042,1.0100548267364502,0.42732641100883484,0.7144628763198853,-0.008290210738778114
1765156319.4140625,cf2,-0.23404304683208466,0.523909330368042,1.0100548267364502,0.4164285957813263,0.7309229373931885,-0.01355618704110384
1765156319.4157932,cf1,0.008337769657373428,1.1443685293197632,0.9980429410934448,-0.14675869047641754,0.9521156549453735,0.029542991891503334
1765156319.4161391,cf1,0.008337769657373428,1.1443685293197632,0.9980429410934448,-0.16562609374523163,0.9536930322647095,0.029179556295275688
1765156319.43206,cf2,-0.22604236006736755,0.5367269515991211,1.0097304582595825,0.4164285957813263,0.7309229373931885,-0.01355618704110384
1765156319.4339526,cf2,-0.22604236006736755,0.5367269515991211,1.0097304582595825,0.39671891927719116,0.7309170961380005,-0.011453941464424133
1765156319.4356806,cf1,0.005203527864068747,1.1652297973632812,0.9980939030647278,-0.16562609374523163,0.9536930322647095,0.029179556295275688
1765156319.4362547,cf1,0.005203527864068747,1.1652297973632812,0.9980939030647278,-0.1845007836818695,0.9549100399017334,0.02497835084795952
1765156319.4520736,cf2,-0.2150128334760666,0.555934488773346,1.0093284845352173,0.39671891927719116,0.7309170961380005,-0.011453941464424133
1765156319.4541323,cf2,-0.2150128334760666,0.555934488773346,1.0093284845352173,0.38610079884529114,0.7495145201683044,-0.0028342679142951965
1765156319.4557416,cf1,0.0033191731199622154,1.1771796941757202,0.9980611205101013,-0.1845007836818695,0.9549100399017334,0.02497835084795952
1765156319.455966,cf1,0.0033191731199622154,1.1771796941757202,0.9980611205101013,-0.2034151703119278,0.9583399891853333,0.0175982303917408
1765156319.472097,cf2,-0.2085893601179123,0.5672168135643005,1.009315013885498,0.38610079884529114,0.7495145201683044,-0.0028342679142951965
1765156319.4739587,cf2,-0.2085893601179123,0.5672168135643005,1.009315013885498,0.36444923281669617,0.7448397278785706,0.006065955385565758
1765156319.4756336,cf1,-0.0027404737193137407,1.208103895187378,0.9977447986602783,-0.2034151703119278,0.9583399891853333,0.0175982303917408
1765156319.4761834,cf1,-0.0027404737193137407,1.208103895187378,0.9977447986602783,-0.22444789111614227,0.9634231925010681,0.008923457935452461
1765156319.492044,cf2,-0.20027242600917816,0.5829545259475708,1.009376883506775,0.36444923281669617,0.7448397278785706,0.006065955385565758
1765156319.4938705,cf2,-0.20027242600917816,0.5829545259475708,1.009376883506775,0.3498478829860687,0.7548059225082397,0.017736822366714478
1765156319.4958575,cf1,-0.007083004340529442,1.2289015054702759,0.9973782300949097,-0.22444789111614227,0.9634231925010681,0.008923457935452461
1765156319.4962344,cf1,-0.007083004340529442,1.2289015054702759,0.9973782300949097,-0.2416812777519226,0.9577940106391907,0.0003658149216789752
1765156319.5121124,cf2,-0.19216209650039673,0.599170446395874,1.0095927715301514,0.3498478829860687,0.7548059225082397,0.017736822366714478
1765156319.5142632,cf2,-0.19216209650039673,0.599170446395874,1.0095927715301514,0.33547741174697876,0.7651749849319458,0.025567157194018364
1765156319.5156844,cf1,-0.011826218105852604,1.2495964765548706,0.9969677329063416,-0.2416812777519226,0.9577940106391907,0.0003658149216789752
1765156319.515988,cf1,-0.011826218105852604,1.2495964765548706,0.9969677329063416,-0.26079732179641724,0.9555323719978333,-0.0044148447923362255
1765156319.5320256,cf2,-0.18414221704006195,0.6166767477989197,1.0099084377288818,0.33547741174697876,0.7651749849319458,0.025567157194018364
1765156319.533893,cf2,-0.18414221704006195,0.6166767477989197,1.0099084377288818,0.3210073709487915,0.7750314474105835,0.032345402985811234
1765156319.5355954,cf1,-0.016983143985271454,1.2702009677886963,0.9966092705726624,-0.26079732179641724,0.9555323719978333,-0.0044148447923362255
1765156319.53581,cf1,-0.016983143985271454,1.2702009677886963,0.9966092705726624,-0.2798503339290619,0.9519806504249573,-0.007872904650866985
1765156319.5522406,cf2,-0.17671917378902435,0.6333116888999939,1.0102181434631348,0.3210073709487915,0.7750314474105835,0.032345402985811234
1765156319.5542367,cf2,-0.17671917378902435,0.6333116888999939,1.0102181434631348,0.30657997727394104,0.7849535346031189,0.034785352647304535
1765156319.5557516,cf1,-0.02255777269601822,1.2906773090362549,0.996384859085083,-0.2798503339290619,0.9519806504249573,-0.007872904650866985
1765156319.5560546,cf1,-0.02255777269601822,1.2906773090362549,0.996384859085083,-0.30092260241508484,0.9513835310935974,-0.006963057909160852
1765156319.5720246,cf2,-0.16961868107318878,0.6501421928405762,1.010398507118225,0.30657997727394104,0.7849535346031189,0.034785352647304535
1765156319.5741425,cf2,-0.16961868107318878,0.6501421928405762,1.010398507118225,0.2920331358909607,0.7952477931976318,0.030898181721568108
1765156319.5756288,cf1,-0.028545953333377838,1.310989260673523,0.9963420033454895,-0.30092260241508484,0.9513835310935974,-0.006963057909160852
1765156319.5758708,cf1,-0.028545953333377838,1.310989260673523,0.9963420033454895,-0.3195214867591858,0.9446660280227661,-0.003013110952451825
1765156319.5920298,cf2,-0.16284075379371643,0.6671686172485352,1.0103696584701538,0.2920331358909607,0.7952477931976318,0.030898181721568108
1765156319.5940037,cf2,-0.16284075379371643,0.6671686172485352,1.0103696584701538,0.2771373987197876,0.8055626153945923,0.021145064383745193
1765156319.5956411,cf1,-0.03494575619697571,1.331108808517456,0.9965105652809143,-0.3195214867591858,0.9446660280227661,-0.003013110952451825
1765156319.596135,cf1,-0.03494575619697571,1.331108808517456,0.9965105652809143,-0.33787068724632263,0.9365818500518799,0.003149340394884348
1765156319.6125064,cf2,-0.15638850629329681,0.6843768954277039,1.0100797414779663,0.2771373987197876,0.8055626153945923,0.021145064383745193
1765156319.614211,cf2,-0.15638850629329681,0.6843768954277039,1.0100797414779663,0.2618390619754791,0.8154134750366211,0.007629107683897018
1765156319.6156478,cf1,-0.04175029695034027,1.351011037826538,0.9968848824501038,-0.33787068724632263,0.9365818500518799,0.003149340394884348
1765156319.616132,cf1,-0.04175029695034027,1.351011037826538,0.9968848824501038,-0.35592734813690186,0.9272298216819763,0.009594261646270752
1765156319.6310542,cf2,-0.15278218686580658,0.6934948563575745,1.009803295135498,0.2618390619754791,0.8154134750366211,0.007629107683897018
1765156319.632849,cf2,-0.15278218686580658,0.6934948563575745,1.009803295135498,0.2446988821029663,0.8229749202728271,-0.006554216146469116
1765156319.635684,cf1,-0.04894755035638809,1.3706735372543335,0.9974210858345032,-0.35592734813690186,0.9272298216819763,0.009594261646270752
1765156319.6360464,cf1,-0.04894755035638809,1.3706735372543335,0.9974210858345032,-0.3736748993396759,0.9167309403419495,0.01524248905479908
1765156319.6519701,cf2,-0.1467869132757187,0.7111857533454895,1.0091960430145264,0.2446988821029663,0.8229749202728271,-0.006554216146469116
1765156319.6538768,cf2,-0.1467869132757187,0.7111857533454895,1.0091960430145264,0.22690729796886444,0.8281044363975525,-0.016372421756386757
1765156319.6557903,cf1,-0.054495688527822495,1.3854542970657349,0.9979247450828552,-0.3736748993396759,0.9167309403419495,0.01524248905479908
1765156319.656102,cf1,-0.054495688527822495,1.3854542970657349,0.9979247450828552,-0.3834611475467682,0.8885622620582581,0.017473459243774414
1765156319.6721299,cf2,-0.1412900686264038,0.7285400032997131,1.0085432529449463,0.22690729796886444,0.8281044363975525,-0.016372421756386757
1765156319.675215,cf2,-0.1412900686264038,0.7285400032997131,1.0085432529449463,0.2092566043138504,0.8336400389671326,-0.018044868484139442
1765156319.6756895,cf1,-0.06431462615728378,1.4088573455810547,0.9987279176712036,-0.3834611475467682,0.8885622620582581,0.017473459243774414
1765156319.675903,cf1,-0.06431462615728378,1.4088573455810547,0.9987279176712036,-0.4055868089199066,0.8866705298423767,0.021053584292531013
1765156319.6920497,cf2,-0.13546623289585114,0.7488299608230591,1.0078569650650024,0.2092566043138504,0.8336400389671326,-0.018044868484139442
1765156319.6940782,cf2,-0.13546623289585114,0.7488299608230591,1.0078569650650024,0.202614888548851,0.8449386358261108,-0.014492259360849857
1765156319.6960328,cf1,-0.07274527102708817,1.428005337715149,0.9993941783905029,-0.4055868089199066,0.8866705298423767,0.021053584292531013
1765156319.6961217,cf1,-0.07274527102708817,1.428005337715149,0.9993941783905029,-0.4231604337692261,0.8752538561820984,0.022321971133351326
1765156319.7120817,cf2,-0.13055011630058289,0.7674283981323242,1.0074743032455444,0.202614888548851,0.8449386358261108,-0.014492259360849857
1765156319.7141428,cf2,-0.13055011630058289,0.7674283981323242,1.0074743032455444,0.18219678103923798,0.8440637588500977,-0.004320377949625254
1765156319.7156935,cf1,-0.07858914136886597,1.441127061843872,0.999817430973053,-0.4231604337692261,0.8752538561820984,0.022321971133351326
1765156319.7158465,cf1,-0.07858914136886597,1.441127061843872,0.999817430973053,-0.43053385615348816,0.8448551893234253,0.022984981536865234
1765156319.7320182,cf2,-0.12629522383213043,0.7849519848823547,1.007408857345581,0.18219678103923798,0.8440637588500977,-0.004320377949625254
1765156319.7340603,cf2,-0.12629522383213043,0.7849519848823547,1.007408857345581,0.16680268943309784,0.8523070216178894,0.010160707868635654
1765156319.7357485,cf1,-0.09022077172994614,1.4645568132400513,1.000499963760376,-0.43053385615348816,0.8448551893234253,0.022984981536865234
1765156319.735995,cf1,-0.09022077172994614,1.4645568132400513,1.000499963760376,-0.4538812041282654,0.8438171744346619,0.024107860401272774
1765156319.7519426,cf2,-0.12231651693582535,0.8030456900596619,1.007609248161316,0.16680268943309784,0.8523070216178894,0.010160707868635654
1765156319.7539358,cf2,-0.12231651693582535,0.8030456900596619,1.007609248161316,0.15046699345111847,0.8577247858047485,0.02361796610057354
1765156319.7558248,cf1,-0.09977035224437714,1.4830139875411987,1.0008981227874756,-0.4538812041282654,0.8438171744346619,0.024107860401272774
1765156319.7560291,cf1,-0.09977035224437714,1.4830139875411987,1.0008981227874756,-0.4720086455345154,0.8337529897689819,0.021710047498345375
1765156319.7720942,cf2,-0.11872261762619019,0.8212682008743286,1.00804603099823,0.15046699345111847,0.8577247858047485,0.02361796610057354
1765156319.7739303,cf2,-0.11872261762619019,0.8212682008743286,1.00804603099823,0.13285796344280243,0.8590553998947144,0.0330728180706501
1765156319.7766316,cf1,-0.10962933301925659,1.5011028051376343,1.001152515411377,-0.4720086455345154,0.8337529897689819,0.021710047498345375
1765156319.7769623,cf1,-0.10962933301925659,1.5011028051376343,1.001152515411377,-0.48933959007263184,0.8203601241111755,0.020552407950162888
1765156319.7910717,cf2,-0.11550947278738022,0.8396567702293396,1.0086239576339722,0.13285796344280243,0.8590553998947144,0.0330728180706501
1765156319.7928545,cf2,-0.11550947278738022,0.8396567702293396,1.0086239576339722,0.1147272065281868,0.8603891134262085,0.03830141946673393
1765156319.7970707,cf1,-0.11892355978488922,1.5174789428710938,1.0012394189834595,-0.48933959007263184,0.8203601241111755,0.020552407950162888
1765156319.797432,cf1,-0.11892355978488922,1.5174789428710938,1.0012394189834595,-0.5014532804489136,0.8013502955436707,0.014864820055663586
1765156319.8109977,cf2,-0.11269726604223251,0.8579082489013672,1.0092003345489502,0.1147272065281868,0.8603891134262085,0.03830141946673393
1765156319.812789,cf2,-0.11269726604223251,0.8579082489013672,1.0092003345489502,0.09767340868711472,0.8633701205253601,0.03697984293103218
1765156319.8170807,cf1,-0.12729915976524353,1.5318752527236938,1.001214861869812,-0.5014532804489136,0.8013502955436707,0.014864820055663586
1765156319.817461,cf1,-0.12729915976524353,1.5318752527236938,1.001214861869812,-0.511563241481781,0.7810254693031311,0.0072367824614048
1765156319.8311713,cf2,-0.1102461963891983,0.8762946724891663,1.0096813440322876,0.09767340868711472,0.8633701205253601,0.03697984293103218
1765156319.8329217,cf2,-0.1102461963891983,0.8762946724891663,1.0096813440322876,0.08031018078327179,0.865658164024353,0.028690742328763008
1765156319.8368294,cf1,-0.1405952423810959,1.5529557466506958,1.0009973049163818,-0.511563241481781,0.7810254693031311,0.0072367824614048
1765156319.8372982,cf1,-0.1405952423810959,1.5529557466506958,1.0009973049163818,-0.5352463722229004,0.7802377939224243,0.0028782272711396217
1765156319.8511672,cf2,-0.10815814137458801,0.8946946859359741,1.0099858045578003,0.08031018078327179,0.865658164024353,0.028690742328763008
1765156319.8527672,cf2,-0.10815814137458801,0.8946946859359741,1.0099858045578003,0.06299396604299545,0.8666130304336548,0.016641121357679367
1765156319.8570461,cf1,-0.15116220712661743,1.569207787513733,1.0007233619689941,-0.5352463722229004,0.7802377939224243,0.0028782272711396217
1765156319.8576097,cf1,-0.15116220712661743,1.569207787513733,1.0007233619689941,-0.5480173230171204,0.7642406225204468,0.0005262616905383766
1765156319.8712049,cf2,-0.10642331093549728,0.9130812287330627,1.010070562362671,0.06299396604299545,0.8666130304336548,0.016641121357679367
1765156319.872983,cf2,-0.10642331093549728,0.9130812287330627,1.010070562362671,0.0458463579416275,0.8664185404777527,0.0031209560111165047
1765156319.8767867,cf1,-0.1625889390707016,1.5859732627868652,1.0004175901412964,-0.5480173230171204,0.7642406225204468,0.0005262616905383766
1765156319.8772013,cf1,-0.1625889390707016,1.5859732627868652,1.0004175901412964,-0.563246488571167,0.7516235709190369,0.004571943543851376
1765156319.8910482,cf2,-0.1051679402589798,0.9326696395874023,1.0099681615829468,0.0458463579416275,0.8664185404777527,0.0031209560111165047
1765156319.892775,cf2,-0.1051679402589798,0.9326696395874023,1.0099681615829468,0.028903398662805557,0.8652119636535645,-0.00861615315079689
1765156319.8956861,cf1,-0.16827569901943207,1.5943968296051025,1.0003180503845215,-0.563246488571167,0.7516235709190369,0.004571943543851376
1765156319.8960116,cf1,-0.16827569901943207,1.5943968296051025,1.0003180503845215,-0.5714824199676514,0.747339129447937,0.007135450839996338
1765156319.911048,cf2,-0.1040073037147522,0.9497480988502502,1.0097678899765015,0.028903398662805557,0.8652119636535645,-0.00861615315079689
1765156319.912792,cf2,-0.1040073037147522,0.9497480988502502,1.0097678899765015,0.01220108475536108,0.863151490688324,-0.015367173589766026
1765156319.9171085,cf1,-0.18150755763053894,1.6126699447631836,1.0000914335250854,-0.5714824199676514,0.747339129447937,0.007135450839996338
1765156319.917451,cf1,-0.18150755763053894,1.6126699447631836,1.0000914335250854,-0.587053656578064,0.7326419949531555,0.011660446412861347
1765156319.9321036,cf2,-0.10333596169948578,0.9680896401405334,1.009568691253662,0.01220108475536108,0.863151490688324,-0.015367173589766026
1765156319.934092,cf2,-0.10333596169948578,0.9680896401405334,1.009568691253662,-0.005147663876414299,0.857597291469574,-0.01648315228521824
1765156319.9366856,cf1,-0.19402630627155304,1.6290134191513062,0.9999213814735413,-0.587053656578064,0.7326419949531555,0.011660446412861347
1765156319.9368808,cf1,-0.19402630627155304,1.6290134191513062,0.9999213814735413,-0.6060608625411987,0.7249016165733337,0.01730325073003769
1765156319.9521017,cf2,-0.10302465409040451,0.9861770272254944,1.0094753503799438,-0.005147663876414299,0.857597291469574,-0.01648315228521824
1765156319.9538116,cf2,-0.10302465409040451,0.9861770272254944,1.0094753503799438,-0.021384071558713913,0.8544378280639648,-0.011854417622089386
1765156319.956852,cf1,-0.20690816640853882,1.6451270580291748,0.9997871518135071,-0.6060608625411987,0.7249016165733337,0.01730325073003769
1765156319.9571755,cf1,-0.20690816640853882,1.6451270580291748,0.9997871518135071,-0.6249216794967651,0.717046856880188,0.023131387308239937
1765156319.9720676,cf2,-0.10307720303535461,1.0042890310287476,1.009562611579895,-0.021384071558713913,0.8544378280639648,-0.011854417622089386
1765156319.973895,cf2,-0.10307720303535461,1.0042890310287476,1.009562611579895,-0.03734755143523216,0.8509699702262878,-0.00406717648729682
1765156319.9769688,cf1,-0.22017645835876465,1.6610382795333862,0.9996753931045532,-0.6249216794967651,0.717046856880188,0.023131387308239937
1765156319.977214,cf1,-0.22017645835876465,1.6610382795333862,0.9996753931045532,-0.6439371109008789,0.7092536091804504,0.028454534709453583
1765156319.9921398,cf2,-0.10348157584667206,1.0223194360733032,1.0098423957824707,-0.03734755143523216,0.8509699702262878,-0.00406717648729682
1765156319.9937937,cf2,-0.10348157584667206,1.0223194360733032,1.0098423957824707,-0.05288638547062874,0.8470389246940613,0.005792809184640646
1765156319.996574,cf1,-0.23384307324886322,1.676743984222412,0.9995488524436951,-0.6439371109008789,0.7092536091804504,0.028454534709453583
1765156319.996784,cf1,-0.23384307324886322,1.676743984222412,0.9995488524436951,-0.6633593440055847,0.7012292742729187,0.030885009095072746
1765156320.0120254,cf2,-0.10422635823488235,1.040260672569275,1.0102808475494385,-0.05288638547062874,0.8470389246940613,0.005792809184640646
1765156320.0139647,cf2,-0.10422635823488235,1.040260672569275,1.0102808475494385,-0.06809262186288834,0.8429329991340637,0.015045014210045338
1765156320.0166597,cf1,-0.24695034325122833,1.6910059452056885,0.9993606209754944,-0.6633593440055847,0.7012292742729187,0.030885009095072746
1765156320.0170565,cf1,-0.24695034325122833,1.6910059452056885,0.9993606209754944,-0.6798138618469238,0.6874533891677856,0.027614016085863113
1765156320.0320272,cf2,-0.10530197620391846,1.0581146478652954,1.0108128786087036,-0.06809262186288834,0.8429329991340637,0.015045014210045338
1765156320.0338993,cf2,-0.10530197620391846,1.0581146478652954,1.0108128786087036,-0.08308319747447968,0.8388000726699829,0.02128920517861843
1765156320.0367997,cf1,-0.2611246109008789,1.7060447931289673,0.9990665316581726,-0.6798138618469238,0.6874533891677856,0.027614016085863113
1765156320.037175,cf1,-0.2611246109008789,1.7060447931289673,0.9990665316581726,-0.6997637748718262,0.6783078908920288,0.020538033917546272
1765156320.0510457,cf2,-0.10710576921701431,1.0778967142105103,1.0114033222198486,-0.08308319747447968,0.8388000726699829,0.02128920517861843
1765156320.0527313,cf2,-0.10710576921701431,1.0778967142105103,1.0114033222198486,-0.09850308299064636,0.8324353694915771,0.023023679852485657
1765156320.0571575,cf1,-0.27581483125686646,1.7210066318511963,0.9986270070075989,-0.6997637748718262,0.6783078908920288,0.020538033917546272
1765156320.057535,cf1,-0.27581483125686646,1.7210066318511963,0.9986270070075989,-0.7184337973594666,0.6683946251869202,0.00973623339086771
1765156320.0721474,cf2,-0.10847187042236328,1.093974232673645,1.0117888450622559,-0.09850308299064636,0.8324353694915771,0.023023679852485657
1765156320.0738409,cf2,-0.10847187042236328,1.093974232673645,1.0117888450622559,-0.11371432989835739,0.8254472017288208,0.019622938707470894
1765156320.0770407,cf1,-0.2909458875656128,1.7358099222183228,0.9980441331863403,-0.7184337973594666,0.6683946251869202,0.00973623339086771
1765156320.077423,cf1,-0.2909458875656128,1.7358099222183228,0.9980441331863403,-0.7334908843040466,0.6544967889785767,-0.0011885364074259996
1765156320.0911844,cf2,-0.10952046513557434,1.1042617559432983,1.0119526386260986,-0.11371432989835739,0.8254472017288208,0.019622938707470894
1765156320.0930164,cf2,-0.10952046513557434,1.1042617559432983,1.0119526386260986,-0.12882204353809357,0.8180233240127563,0.011717024259269238
1765156320.0968919,cf1,-0.3064185380935669,1.7503429651260376,0.9973510503768921,-0.7334908843040466,0.6544967889785767,-0.0011885364074259996
1765156320.0972223,cf1,-0.3064185380935669,1.7503429651260376,0.9973510503768921,-0.7504254579544067,0.6426361203193665,-0.009872160851955414
1765156320.1110444,cf2,-0.11169449985027313,1.1215764284133911,1.0120842456817627,-0.12882204353809357,0.8180233240127563,0.011717024259269238
1765156320.112822,cf2,-0.11169449985027313,1.1215764284133911,1.0120842456817627,-0.14378538727760315,0.8143652081489563,0.0024737457279115915
1765156320.1170886,cf1,-0.32222065329551697,1.7645795345306396,0.9966196417808533,-0.7504254579544067,0.6426361203193665,-0.009872160851955414
1765156320.1173158,cf1,-0.32222065329551697,1.7645795345306396,0.9966196417808533,-0.7692764401435852,0.6327100992202759,-0.015634210780262947
1765156320.131037,cf2,-0.11421114951372147,1.1390436887741089,1.0120078325271606,-0.14378538727760315,0.8143652081489563,0.0024737457279115915
1765156320.1328585,cf2,-0.11421114951372147,1.1390436887741089,1.0120078325271606,-0.1589367687702179,0.8110659122467041,-0.005117992404848337
1765156320.1369994,cf1,-0.3383377492427826,1.7784942388534546,0.9959505796432495,-0.7692764401435852,0.6327100992202759,-0.015634210780262947
1765156320.137344,cf1,-0.3383377492427826,1.7784942388534546,0.9959505796432495,-0.7813454866409302,0.6158522367477417,-0.017494145780801773
1765156320.152123,cf2,-0.11754421144723892,1.1588994264602661,1.0117056369781494,-0.1589367687702179,0.8110659122467041,-0.005117992404848337
1765156320.1541626,cf2,-0.11754421144723892,1.1588994264602661,1.0117056369781494,-0.17403681576251984,0.8022351861000061,-0.008417231030762196
1765156320.1567056,cf1,-0.35475605726242065,1.7920609712600708,0.9954509735107422,-0.7813454866409302,0.6158522367477417,-0.017494145780801773
1765156320.157019,cf1,-0.35475605726242065,1.7920609712600708,0.9954509735107422,-0.7951858043670654,0.6009461879730225,-0.013647336512804031
1765156320.1721444,cf2,-0.1202341616153717,1.173917531967163,1.0113760232925415,-0.17403681576251984,0.8022351861000061,-0.008417231030762196
1765156320.1739178,cf2,-0.1202341616153717,1.173917531967163,1.0113760232925415,-0.1892363578081131,0.7980114221572876,-0.007567143067717552
1765156320.176793,cf1,-0.3714590072631836,1.8052576780319214,0.9952042698860168,-0.7951858043670654,0.6009461879730225,-0.013647336512804031
1765156320.1772165,cf1,-0.3714590072631836,1.8052576780319214,0.9952042698860168,-0.8079185485839844,0.5851263999938965,-0.006016007624566555
1765156320.192254,cf2,-0.12370934337377548,1.1910760402679443,1.0109678506851196,-0.1892363578081131,0.7980114221572876,-0.007567143067717552
1765156320.1942704,cf2,-0.12370934337377548,1.1910760402679443,1.0109678506851196,-0.20555773377418518,0.7970820665359497,-0.0038885893300175667
1765156320.1966124,cf1,-0.3884235620498657,1.818061351776123,0.9952601194381714,-0.8079185485839844,0.5851263999938965,-0.006016007624566555
1765156320.196912,cf1,-0.3884235620498657,1.818061351776123,0.9952601194381714,-0.8194855451583862,0.5684108734130859,0.004477282986044884
1765156320.2121253,cf2,-0.1275676041841507,1.2083407640457153,1.0105687379837036,-0.20555773377418518,0.7970820665359497,-0.0038885893300175667
1765156320.2139854,cf2,-0.1275676041841507,1.2083407640457153,1.0105687379837036,-0.22231243550777435,0.7967879176139832,0.0020599986892193556
1765156320.2157574,cf1,-0.4056204855442047,1.8304598331451416,0.9956244230270386,-0.8194855451583862,0.5684108734130859,0.004477282986044884
1765156320.2161047,cf1,-0.4056204855442047,1.8304598331451416,0.9956244230270386,-0.8298097252845764,0.5510839223861694,0.016162311658263206
1765156320.2319787,cf2,-0.13179367780685425,1.2255945205688477,1.0102094411849976,-0.22231243550777435,0.7967879176139832,0.0020599986892193556
1765156320.2339818,cf2,-0.13179367780685425,1.2255945205688477,1.0102094411849976,-0.23959267139434814,0.7969801425933838,0.0087540652602911
1765156320.2355144,cf1,-0.4231090843677521,1.8425019979476929,0.9962703585624695,-0.8298097252845764,0.5510839223861694,0.016162311658263206
1765156320.2360003,cf1,-0.4231090843677521,1.8425019979476929,0.9962703585624695,-0.8368405699729919,0.5305600762367249,0.02733564004302025
1765156320.252166,cf2,-0.13639849424362183,1.2428407669067383,1.0099010467529297,-0.23959267139434814,0.7969801425933838,0.0087540652602911
1765156320.2541652,cf2,-0.13639849424362183,1.2428407669067383,1.0099010467529297,-0.25734445452690125,0.797440230846405,0.01466681994497776
1765156320.2557464,cf1,-0.4405934810638428,1.8540126085281372,0.9971022605895996,-0.8368405699729919,0.5305600762367249,0.02733564004302025
1765156320.2561858,cf1,-0.4405934810638428,1.8540126085281372,0.9971022605895996,-0.8451563119888306,0.5119673013687134,0.03507022187113762
1765156320.2719417,cf2,-0.14138656854629517,1.260081171989441,1.0096206665039062,-0.25734445452690125,0.797440230846405,0.01466681994497776
1765156320.2739034,cf2,-0.14138656854629517,1.260081171989441,1.0096206665039062,-0.2776428461074829,0.8019266128540039,0.019325224682688713
1765156320.2757201,cf1,-0.4583320915699005,1.8651708364486694,0.9979904294013977,-0.8451563119888306,0.5119673013687134,0.03507022187113762
1765156320.2760887,cf1,-0.4583320915699005,1.8651708364486694,0.9979904294013977,-0.8528628945350647,0.4930492341518402,0.0366160050034523
1765156320.2920206,cf2,-0.14677377045154572,1.2773196697235107,1.0093350410461426,-0.2776428461074829,0.8019266128540039,0.019325224682688713
1765156320.293829,cf2,-0.14677377045154572,1.2773196697235107,1.0093350410461426,-0.2967926859855652,0.8025530576705933,0.020710617303848267
1765156320.295663,cf1,-0.47621116042137146,1.8759359121322632,0.9987989068031311,-0.8528628945350647,0.4930492341518402,0.0366160050034523
1765156320.2959685,cf1,-0.47621116042137146,1.8759359121322632,0.9987989068031311,-0.8597025871276855,0.4740500748157501,0.032521385699510574
1765156320.3122075,cf2,-0.15257449448108673,1.2945524454116821,1.0090155601501465,-0.2967926859855652,0.8025530576705933,0.020710617303848267
1765156320.3141863,cf2,-0.15257449448108673,1.2945524454116821,1.0090155601501465,-0.3164907693862915,0.8027776479721069,0.018612103536725044
1765156320.315744,cf1,-0.4942087233066559,1.8863191604614258,0.9994242787361145,-0.8597025871276855,0.4740500748157501,0.032521385699510574
1765156320.3160734,cf1,-0.4942087233066559,1.8863191604614258,0.9994242787361145,-0.8658919930458069,0.4551122486591339,0.023973900824785233
1765156320.332079,cf2,-0.15879467129707336,1.3117660284042358,1.0086385011672974,-0.3164907693862915,0.8027776479721069,0.018612103536725044
1765156320.333972,cf2,-0.15879467129707336,1.3117660284042358,1.0086385011672974,-0.3341391980648041,0.7981966137886047,0.013049911707639694
1765156320.3357663,cf1,-0.5100991725921631,1.8952240943908691,0.9997588396072388,-0.8658919930458069,0.4551122486591339,0.023973900824785233
1765156320.3361456,cf1,-0.5100991725921631,1.8952240943908691,0.9997588396072388,-0.8624522089958191,0.4319397807121277,0.011722998693585396
1765156320.353221,cf2,-0.16543611884117126,1.3289378881454468,1.0082024335861206,-0.3341391980648041,0.7981966137886047,0.013049911707639694
1765156320.3535676,cf2,-0.16543611884117126,1.3289378881454468,1.0082024335861206,-0.34514859318733215,0.8007630109786987,0.010352854616940022
1765156320.3558385,cf1,-0.5270419120788574,1.904091238975525,0.9999444484710693,-0.8624522089958191,0.4319397807121277,0.011722998693585396
1765156320.3561397,cf1,-0.5270419120788574,1.904091238975525,0.9999444484710693,-0.8636946678161621,0.4113728106021881,0.000508209690451622
1765156320.3711724,cf2,-0.17251873016357422,1.34607994556427,1.0077338218688965,-0.34514859318733215,0.8007630109786987,0.010352854616940022
1765156320.3728154,cf2,-0.17251873016357422,1.34607994556427,1.0077338218688965,-0.36472705006599426,0.79542475938797,0.004059693776071072
1765156320.3758795,cf1,-0.5464274287223816,1.9141366481781006,0.999941885471344,-0.8636946678161621,0.4113728106021881,0.000508209690451622
1765156320.3762267,cf1,-0.5464274287223816,1.9141366481781006,0.999941885471344,-0.8651730418205261,0.39131033420562744,-0.007417276501655579
1765156320.3920565,cf2,-0.17997562885284424,1.3630321025848389,1.0072872638702393,-0.36472705006599426,0.79542475938797,0.004059693776071072
1765156320.3938532,cf2,-0.17997562885284424,1.3630321025848389,1.0072872638702393,-0.3839190602302551,0.7911863327026367,0.00043184153037145734
1765156320.3957858,cf1,-0.5670364499092102,1.9240312576293945,0.9998276829719543,-0.8651730418205261,0.39131033420562744,-0.007417276501655579
1765156320.396119,cf1,-0.5670364499092102,1.9240312576293945,0.9998276829719543,-0.8747285604476929,0.3747800886631012,-0.007397408597171307
1765156320.412284,cf2,-0.18788106739521027,1.379936695098877,1.0069059133529663,-0.3839190602302551,0.7911863327026367,0.00043184153037145734
1765156320.4140384,cf2,-0.18788106739521027,1.379936695098877,1.0069059133529663,-0.4022853970527649,0.7827486991882324,-0.0015127701917663217
1765156320.4161456,cf1,-0.5851417183876038,1.9323755502700806,0.9997321963310242,-0.8747285604476929,0.3747800886631012,-0.007397408597171307
1765156320.4164858,cf1,-0.5851417183876038,1.9323755502700806,0.9997321963310242,-0.875526487827301,0.35503360629081726,-0.0019086251268163323
1765156320.4320624,cf2,-0.19614620506763458,1.3965888023376465,1.0066475868225098,-0.4022853970527649,0.7827486991882324,-0.0015127701917663217
1765156320.4338615,cf2,-0.19614620506763458,1.3965888023376465,1.0066475868225098,-0.4204306900501251,0.7754626870155334,0.00020589139603544027
1765156320.4358265,cf1,-0.6055741906166077,1.9410244226455688,0.9996507167816162,-0.875526487827301,0.35503360629081726,-0.0019086251268163323
1765156320.4361613,cf1,-0.6055741906166077,1.9410244226455688,0.9996507167816162,-0.8842402696609497,0.33871370553970337,0.008095480501651764
1765156320.453105,cf2,-0.20483091473579407,1.4130858182907104,1.0065470933914185,-0.4204306900501251,0.7754626870155334,0.00020589139603544027
1765156320.4534323,cf2,-0.20483091473579407,1.4130858182907104,1.0065470933914185,-0.43818581104278564,0.7669482231140137,0.004887182731181383
1765156320.4558094,cf1,-0.618825376033783,1.9467449188232422,0.9997714757919312,-0.8842402696609497,0.33871370553970337,0.008095480501651764
1765156320.456112,cf1,-0.618825376033783,1.9467449188232422,0.9997714757919312,-0.8819388151168823,0.3188692331314087,0.016480688005685806
1765156320.4711142,cf2,-0.2131737768650055,1.427893877029419,1.0065879821777344,-0.43818581104278564,0.7669482231140137,0.004887182731181383
1765156320.4731026,cf2,-0.2131737768650055,1.427893877029419,1.0065879821777344,-0.45491164922714233,0.7543609142303467,0.011221992783248425
1765156320.4759963,cf1,-0.6374848484992981,1.9541550874710083,0.9999273419380188,-0.8819388151168823,0.3188692331314087,0.016480688005685806
1765156320.476324,cf1,-0.6374848484992981,1.9541550874710083,0.9999273419380188,-0.8868793249130249,0.3013033866882324,0.023638375103473663
1765156320.4911547,cf2,-0.22254228591918945,1.4438636302947998,1.0068230628967285,-0.45491164922714233,0.7543609142303467,0.011221992783248425
1765156320.4928975,cf2,-0.22254228591918945,1.4438636302947998,1.0068230628967285,-0.47163307666778564,0.7437302470207214,0.017813315615057945
1765156320.49567,cf1,-0.6566382050514221,1.9613454341888428,1.0001052618026733,-0.8868793249130249,0.3013033866882324,0.023638375103473663
1765156320.4958646,cf1,-0.6566382050514221,1.9613454341888428,1.0001052618026733,-0.8998688459396362,0.28742551803588867,0.028285976499319077
1765156320.5111551,cf2,-0.23232418298721313,1.4596648216247559,1.0071979761123657,-0.47163307666778564,0.7437302470207214,0.017813315615057945
1765156320.5129418,cf2,-0.23232418298721313,1.4596648216247559,1.0071979761123657,-0.4878941476345062,0.732469916343689,0.022469928488135338
1765156320.5159447,cf1,-0.6759803295135498,1.9682013988494873,1.000227689743042,-0.8998688459396362,0.28742551803588867,0.028285976499319077
1765156320.5161645,cf1,-0.6759803295135498,1.9682013988494873,1.000227689743042,-0.9094127416610718,0.27175378799438477,0.029564211145043373
1765156320.5310616,cf2,-0.24245162308216095,1.4752060174942017,1.0076603889465332,-0.4878941476345062,0.732469916343689,0.022469928488135338
1765156320.5329387,cf2,-0.24245162308216095,1.4752060174942017,1.0076603889465332,-0.5034001469612122,0.7205058336257935,0.02457629330456257
1765156320.536944,cf1,-0.6959416270256042,1.974843978881836,1.0002225637435913,-0.9094127416610718,0.27175378799438477,0.029564211145043373
1765156320.5373607,cf1,-0.6959416270256042,1.974843978881836,1.0002225637435913,-0.9174752235412598,0.2545272707939148,0.026850666850805283
1765156320.552038,cf2,-0.2538008987903595,1.4919313192367554,1.0081864595413208,-0.5034001469612122,0.7205058336257935,0.02457629330456257
1765156320.5538032,cf2,-0.2538008987903595,1.4919313192367554,1.0081864595413208,-0.5179958939552307,0.7080543637275696,0.02405816875398159
1765156320.5567687,cf1,-0.715215265750885,1.9809024333953857,1.0000454187393188,-0.9174752235412598,0.2545272707939148,0.026850666850805283
1765156320.5571146,cf1,-0.715215265750885,1.9809024333953857,1.0000454187393188,-0.927129328250885,0.2386043220758438,0.019854573532938957
1765156320.5720763,cf2,-0.26439785957336426,1.5064890384674072,1.0086110830307007,-0.5179958939552307,0.7080543637275696,0.02405816875398159
1765156320.5738778,cf2,-0.26439785957336426,1.5064890384674072,1.0086110830307007,-0.5281403660774231,0.6888711452484131,0.01922958716750145
1765156320.5766594,cf1,-0.7350763082504272,1.9867414236068726,0.9996746182441711,-0.927129328250885,0.2386043220758438,0.019854573532938957
1765156320.577362,cf1,-0.7350763082504272,1.9867414236068726,0.9996746182441711,-0.9373277425765991,0.22250758111476898,0.010098633356392384
1765156320.5911546,cf2,-0.2749078869819641,1.5205481052398682,1.0089380741119385,-0.5281403660774231,0.6888711452484131,0.01922958716750145
1765156320.592882,cf2,-0.2749078869819641,1.5205481052398682,1.0089380741119385,-0.5389071702957153,0.672028124332428,0.011325686238706112
1765156320.596902,cf1,-0.7551358342170715,1.9922376871109009,0.9991168975830078,-0.9373277425765991,0.22250758111476898,0.010098633356392384
1765156320.5971868,cf1,-0.7551358342170715,1.9922376871109009,0.9991168975830078,-0.9432562589645386,0.2043887823820114,-0.0004573009500745684
1765156320.6111016,cf2,-0.2886658012866974,1.5379562377929688,1.00921630859375,-0.5389071702957153,0.672028124332428,0.011325686238706112
1765156320.6128266,cf2,-0.2886658012866974,1.5379562377929688,1.00921630859375,-0.552061140537262,0.6606502532958984,0.0034415535628795624
1765156320.6156256,cf1,-0.7816404700279236,1.9986579418182373,0.998163640499115,-0.9432562589645386,0.2043887823820114,-0.0004573009500745684
1765156320.6158605,cf1,-0.7816404700279236,1.9986579418182373,0.998163640499115,-0.9627909064292908,0.1869298368692398,-0.008265677839517593
1765156320.6312277,cf2,-0.2974391281604767,1.5489790439605713,1.0092849731445312,-0.552061140537262,0.6606502532958984,0.0034415535628795624
1765156320.633055,cf2,-0.2974391281604767,1.5489790439605713,1.0092849731445312,-0.5574563145637512,0.6417717337608337,-0.0037067935336381197
1765156320.6358683,cf1,-0.8022334575653076,2.0032942295074463,0.9973689317703247,-0.9627909064292908,0.1869298368692398,-0.008265677839517593
1765156320.6362119,cf1,-0.8022334575653076,2.0032942295074463,0.9973689317703247,-0.9714412689208984,0.16801710426807404,-0.013526652939617634
1765156320.6511233,cf2,-0.3089280128479004,1.5627000331878662,1.009312391281128,-0.5574563145637512,0.6417717337608337,-0.0037067935336381197
1765156320.6528666,cf2,-0.3089280128479004,1.5627000331878662,1.009312391281128,-0.5672246217727661,0.6290158629417419,-0.006400220561772585
1765156320.6556604,cf1,-0.8178343772888184,2.0066468715667725,0.9968810081481934,-0.9714412689208984,0.16801710426807404,-0.013526652939617634
1765156320.6559699,cf1,-0.8178343772888184,2.0066468715667725,0.9968810081481934,-0.9603814482688904,0.1458977460861206,-0.014827318489551544
1765156320.672147,cf2,-0.32458969950675964,1.580399751663208,1.0092740058898926,-0.5672246217727661,0.6290158629417419,-0.006400220561772585
1765156320.67377,cf2,-0.32458969950675964,1.580399751663208,1.0092740058898926,-0.578755259513855,0.6171839237213135,-0.00405556196346879
1765156320.6759226,cf1,-0.8369701504707336,2.0102176666259766,0.9964218139648438,-0.9603814482688904,0.1458977460861206,-0.014827318489551544
1765156320.6762598,cf1,-0.8369701504707336,2.0102176666259766,0.9964218139648438,-0.9629024863243103,0.12585344910621643,-0.013029727153480053
1765156320.6920936,cf2,-0.33663368225097656,1.593628168106079,1.0092612504959106,-0.578755259513855,0.6171839237213135,-0.00405556196346879
1765156320.693817,cf2,-0.33663368225097656,1.593628168106079,1.0092612504959106,-0.582572340965271,0.5965427756309509,0.002145070116966963
1765156320.6956964,cf1,-0.8576175570487976,2.013587236404419,0.9961512684822083,-0.9629024863243103,0.12585344910621643,-0.013029727153480053
1765156320.6959157,cf1,-0.8576175570487976,2.013587236404419,0.9961512684822083,-0.9668118953704834,0.10596112161874771,-0.006939089857041836
1765156320.7120078,cf2,-0.34905996918678284,1.6068061590194702,1.0092655420303345,-0.582572340965271,0.5965427756309509,0.002145070116966963
1765156320.7138007,cf2,-0.34905996918678284,1.6068061590194702,1.0092655420303345,-0.5941830277442932,0.5864036679267883,0.008050050586462021
1765156320.7159643,cf1,-0.8783847093582153,2.0165061950683594,0.9961749911308289,-0.9668118953704834,0.10596112161874771,-0.006939089857041836
1765156320.7161574,cf1,-0.8783847093582153,2.0165061950683594,0.9961749911308289,-0.9693633913993835,0.08575154095888138,0.006918784696608782
1765156320.7320805,cf2,-0.36166664958000183,1.6197021007537842,1.0092601776123047,-0.5941830277442932,0.5864036679267883,0.008050050586462021
1765156320.734077,cf2,-0.36166664958000183,1.6197021007537842,1.0092601776123047,-0.6062291264533997,0.5767526030540466,0.0106840580701828
1765156320.735939,cf1,-0.8991813063621521,2.018962860107422,0.9964865446090698,-0.9693633913993835,0.08575154095888138,0.006918784696608782
1765156320.7362502,cf1,-0.8991813063621521,2.018962860107422,0.9964865446090698,-0.9712876677513123,0.0655018612742424,0.021776337176561356
1765156320.7520416,cf2,-0.3745148777961731,1.6323860883712769,1.0092166662216187,-0.6062291264533997,0.5767526030540466,0.0106840580701828
1765156320.7539375,cf2,-0.3745148777961731,1.6323860883712769,1.0092166662216187,-0.6184943318367004,0.5673476457595825,0.012105229310691357
1765156320.7556858,cf1,-0.9199985265731812,2.020968437194824,0.9970225691795349,-0.9712876677513123,0.0655018612742424,0.021776337176561356
1765156320.755906,cf1,-0.9199985265731812,2.020968437194824,0.9970225691795349,-0.972739040851593,0.04538607969880104,0.033026594668626785
1765156320.7721179,cf2,-0.38760843873023987,1.644869089126587,1.0090863704681396,-0.6184943318367004,0.5673476457595825,0.012105229310691357
1765156320.773878,cf2,-0.38760843873023987,1.644869089126587,1.0090863704681396,-0.6310499906539917,0.5582333207130432,0.011263376101851463
1765156320.7768176,cf1,-0.9472749829292297,2.022739887237549,0.9978699088096619,-0.972739040851593,0.04538607969880104,0.033026594668626785
1765156320.7771492,cf1,-0.9472749829292297,2.022739887237549,0.9978699088096619,-0.9840095043182373,0.02387896552681923,0.040230296552181244
1765156320.7921178,cf2,-0.4009547829627991,1.6571592092514038,1.008846402168274,-0.6310499906539917,0.5582333207130432,0.011263376101851463
1765156320.7940145,cf2,-0.4009547829627991,1.6571592092514038,1.008846402168274,-0.6438372135162354,0.549282968044281,0.007938195019960403
1765156320.7967331,cf1,-0.9619791507720947,2.0236823558807373,0.9983322024345398,-0.9840095043182373,0.02387896552681923,0.040230296552181244
1765156320.797067,cf1,-0.9619791507720947,2.0236823558807373,0.9983322024345398,-0.963703989982605,0.0038911409210413694,0.03574094548821449
1765156320.8120422,cf2,-0.4145573079586029,1.6692529916763306,1.0085070133209229,-0.6438372135162354,0.549282968044281,0.007938195019960403
1765156320.815048,cf2,-0.4145573079586029,1.6692529916763306,1.0085070133209229,-0.6566211581230164,0.5401919484138489,0.003127486677840352
1765156320.8168385,cf1,-0.9824143648147583,2.0243992805480957,0.9988396763801575,-0.963703989982605,0.0038911409210413694,0.03574094548821449
1765156320.8172438,cf1,-0.9824143648147583,2.0243992805480957,0.9988396763801575,-0.9631988406181335,-0.016079798340797424,0.028120238333940506
1765156320.8312662,cf2,-0.4218704104423523,1.6759339570999146,1.008338451385498,-0.6566211581230164,0.5401919484138489,0.003127486677840352
1765156320.8329477,cf2,-0.4218704104423523,1.6759339570999146,1.008338451385498,-0.6716300249099731,0.5309727191925049,-0.001036850269883871
1765156320.8366666,cf1,-1.0031781196594238,2.024721622467041,0.9991613626480103,-0.9631988406181335,-0.016079798340797424,0.028120238333940506
1765156320.8368857,cf1,-1.0031781196594238,2.024721622467041,0.9991613626480103,-0.9626078009605408,-0.03628862649202347,0.015021873638033867
1765156320.8510242,cf2,-0.43569234013557434,1.6875659227371216,1.0079758167266846,-0.6716300249099731,0.5309727191925049,-0.001036850269883871
1765156320.852897,cf2,-0.43569234013557434,1.6875659227371216,1.0079758167266846,-0.6828979849815369,0.520470142364502,-0.0035981310065835714
1765156320.8569882,cf1,-1.0239086151123047,2.024628162384033,0.9992755651473999,-0.9626078009605408,-0.03628862649202347,0.015021873638033867
1765156320.857311,cf1,-1.0239086151123047,2.024628162384033,0.9992755651473999,-0.960882842540741,-0.0570320226252079,0.004423864185810089
1765156320.8711052,cf2,-0.4498954117298126,1.6990851163864136,1.0076457262039185,-0.6828979849815369,0.520470142364502,-0.0035981310065835714
1765156320.872951,cf2,-0.4498954117298126,1.6990851163864136,1.0076457262039185,-0.6938880085945129,0.5096516609191895,-0.003971838392317295
1765156320.8768692,cf1,-1.0445748567581177,2.0241096019744873,0.999198317527771,-0.960882842540741,-0.0570320226252079,0.004423864185810089
1765156320.8771603,cf1,-1.0445748567581177,2.0241096019744873,0.999198317527771,-0.9587655663490295,-0.07809804379940033,-0.002435921458527446
1765156320.891093,cf2,-0.4643234312534332,1.7103604078292847,1.0074026584625244,-0.6938880085945129,0.5096516609191895,-0.003971838392317295
1765156320.8929174,cf2,-0.4643234312534332,1.7103604078292847,1.0074026584625244,-0.7041355967521667,0.4981294274330139,-0.00045028887689113617
1765156320.896689,cf1,-1.0651862621307373,2.0231573581695557,0.9989986419677734,-0.9587655663490295,-0.07809804379940033,-0.002435921458527446
1765156320.8969893,cf1,-1.0651862621307373,2.0231573581695557,0.9989986419677734,-0.9566841721534729,-0.09919384121894836,-0.005943117197602987
1765156320.9110212,cf2,-0.47896018624305725,1.7213705778121948,1.0072886943817139,-0.7041355967521667,0.4981294274330139,-0.00045028887689113617
1765156320.9128466,cf2,-0.47896018624305725,1.7213705778121948,1.0072886943817139,-0.7138857841491699,0.48602724075317383,0.005250637419521809
1765156320.9170372,cf1,-1.0857453346252441,2.0217623710632324,0.9987794756889343,-0.9566841721534729,-0.09919384121894836,-0.005943117197602987
1765156320.9174972,cf1,-1.0857453346252441,2.0217623710632324,0.9987794756889343,-0.9545555710792542,-0.12018296122550964,-0.005055324640125036
1765156320.9310763,cf2,-0.49244654178619385,1.7310380935668945,1.0072872638702393,-0.7138857841491699,0.48602724075317383,0.005250637419521809
1765156320.9329562,cf2,-0.49244654178619385,1.7310380935668945,1.0072872638702393,-0.7231647372245789,0.47334057092666626,0.011164632625877857
1765156320.9370208,cf1,-1.106249213218689,2.0199167728424072,0.9986276030540466,-0.9545555710792542,-0.12018296122550964,-0.005055324640125036
1765156320.9372408,cf1,-1.106249213218689,2.0199167728424072,0.9986276030540466,-0.9522446990013123,-0.141014963388443,-0.0004472892906051129
1765156320.9513557,cf2,-0.50882887840271,1.742550253868103,1.007475733757019,-0.7231647372245789,0.47334057092666626,0.011164632625877857
1765156320.9530015,cf2,-0.50882887840271,1.742550253868103,1.007475733757019,-0.7319943308830261,0.46003881096839905,0.015375005081295967
1765156320.9568298,cf1,-1.1266931295394897,2.0176196098327637,0.9986013770103455,-0.9522446990013123,-0.141014963388443,-0.0004472892906051129
1765156320.9571197,cf1,-1.1266931295394897,2.0176196098327637,0.9986013770103455,-0.9496840834617615,-0.16159753501415253,0.006861221510916948
1765156320.9710677,cf2,-0.5240389108657837,1.7526992559432983,1.007709264755249,-0.7319943308830261,0.46003881096839905,0.015375005081295967
1765156320.9728632,cf2,-0.5240389108657837,1.7526992559432983,1.007709264755249,-0.7403526306152344,0.44610726833343506,0.017381485551595688
1765156320.9769206,cf1,-1.1483588218688965,2.0144529342651367,0.9986777901649475,-0.9496840834617615,-0.16159753501415253,0.006861221510916948
1765156320.9772606,cf1,-1.1483588218688965,2.0144529342651367,0.9986777901649475,-0.9467952251434326,-0.18188311159610748,0.014577255584299564
1765156320.9911644,cf2,-0.538019597530365,1.761565089225769,1.0079395771026611,-0.7403526306152344,0.44610726833343506,0.017381485551595688
1765156320.9931052,cf2,-0.538019597530365,1.761565089225769,1.0079395771026611,-0.7483662366867065,0.43154749274253845,0.017254777252674103
1765156320.9957933,cf1,-1.1688637733459473,2.0111892223358154,0.9989511370658875,-0.9467952251434326,-0.18188311159610748,0.014577255584299564
1765156320.9959822,cf1,-1.1688637733459473,2.0111892223358154,0.9989511370658875,-0.9402908682823181,-0.20226071774959564,0.021269511431455612
1765156321.012056,cf2,-0.555139422416687,1.7721725702285767,1.0082050561904907,-0.7483662366867065,0.43154749274253845,0.017254777252674103
1765156321.0141094,cf2,-0.555139422416687,1.7721725702285767,1.0082050561904907,-0.7544724941253662,0.4145227074623108,0.013544762507081032
1765156321.0160573,cf1,-1.1888518333435059,2.007591485977173,0.9993000626564026,-0.9402908682823181,-0.20226071774959564,0.021269511431455612
1765156321.0164723,cf1,-1.1888518333435059,2.007591485977173,0.9993000626564026,-0.9364537596702576,-0.2217968851327896,0.0249627772718668
1765156321.0320494,cf2,-0.570838451385498,1.7813760042190552,1.0083794593811035,-0.7544724941253662,0.4145227074623108,0.013544762507081032
1765156321.0339396,cf2,-0.570838451385498,1.7813760042190552,1.0083794593811035,-0.7545992136001587,0.40489062666893005,0.010748867876827717
1765156321.0359702,cf1,-1.208965539932251,2.003542900085449,0.999652624130249,-0.9364537596702576,-0.2217968851327896,0.0249627772718668
1765156321.036281,cf1,-1.208965539932251,2.003542900085449,0.999652624130249,-0.932309627532959,-0.24102197587490082,0.024493442848324776
1765156321.0512345,cf2,-0.585490345954895,1.7894810438156128,1.008482813835144,-0.7545992136001587,0.40489062666893005,0.010748867876827717
1765156321.0528517,cf2,-0.585490345954895,1.7894810438156128,1.008482813835144,-0.7574458718299866,0.38472631573677063,0.008135907351970673
1765156321.055853,cf1,-1.2289886474609375,1.999097228050232,0.9999193549156189,-0.932309627532959,-0.24102197587490082,0.024493442848324776
1765156321.0561616,cf1,-1.2289886474609375,1.999097228050232,0.9999193549156189,-0.9276511073112488,-0.2596566379070282,0.020207282155752182
1765156321.0710478,cf2,-0.6009968519210815,1.7977992296218872,1.008549451828003,-0.7574458718299866,0.38472631573677063,0.008135907351970673
1765156321.0728884,cf2,-0.6009968519210815,1.7977992296218872,1.008549451828003,-0.7645424604415894,0.36810025572776794,0.008009816519916058
1765156321.0761986,cf1,-1.248902678489685,1.9942811727523804,1.0000396966934204,-0.9276511073112488,-0.2596566379070282,0.020207282155752182
1765156321.0765717,cf1,-1.248902678489685,1.9942811727523804,1.0000396966934204,-0.9226505160331726,-0.27748775482177734,0.013339024968445301
1765156321.0911496,cf2,-0.6171072721481323,1.8059958219528198,1.0085934400558472,-0.7645424604415894,0.36810025572776794,0.008009816519916058
1765156321.0928288,cf2,-0.6171072721481323,1.8059958219528198,1.0085934400558472,-0.7727793455123901,0.35140764713287354,0.00928117148578167
1765156321.0960815,cf1,-1.2687047719955444,1.989109992980957,0.9999988079071045,-0.9226505160331726,-0.27748775482177734,0.013339024968445301
1765156321.0964541,cf1,-1.2687047719955444,1.989109992980957,0.9999988079071045,-0.917350172996521,-0.2945937216281891,0.005185277666896582
1765156321.1111152,cf2,-0.633418619632721,1.8138375282287598,1.0086417198181152,-0.7727793455123901,0.35140764713287354,0.00928117148578167
1765156321.1129162,cf2,-0.633418619632721,1.8138375282287598,1.0086417198181152,-0.7815196514129639,0.3341992199420929,0.013262011110782623
1765156321.1158075,cf1,-1.2883877754211426,1.9835898876190186,0.9998291730880737,-0.917350172996521,-0.2945937216281891,0.005185277666896582
1765156321.11609,cf1,-1.2883877754211426,1.9835898876190186,0.9998291730880737,-0.9163329005241394,-0.31350964307785034,-0.0013273361837491393
1765156321.131982,cf2,-0.6538329720497131,1.8230290412902832,1.0087252855300903,-0.7815196514129639,0.3341992199420929,0.013262011110782623
1765156321.1338916,cf2,-0.6538329720497131,1.8230290412902832,1.0087252855300903,-0.7923280596733093,0.31590956449508667,0.01814284920692444
1765156321.135672,cf1,-1.3079420328140259,1.9777218103408813,0.9995959401130676,-0.9163329005241394,-0.31350964307785034,-0.0013273361837491393
1765156321.1360152,cf1,-1.3079420328140259,1.9777218103408813,0.9995959401130676,-0.9102513790130615,-0.32965752482414246,-0.005521092098206282
1765156321.1510687,cf2,-0.6717066764831543,1.8302901983261108,1.0087867975234985,-0.7923280596733093,0.31590956449508667,0.01814284920692444
1765156321.1529853,cf2,-0.6717066764831543,1.8302901983261108,1.0087867975234985,-0.7958144545555115,0.29459255933761597,0.020998278632760048
1765156321.1559217,cf1,-1.327358603477478,1.9715052843093872,0.9993739128112793,-0.9102513790130615,-0.32965752482414246,-0.005521092098206282
1765156321.1562538,cf1,-1.327358603477478,1.9715052843093872,0.9993739128112793,-0.9037805199623108,-0.3454866409301758,-0.0060101901181042194
1765156321.170996,cf2,-0.6888986825942993,1.8369637727737427,1.008864164352417,-0.7958144545555115,0.29459255933761597,0.020998278632760048
1765156321.1728141,cf2,-0.6888986825942993,1.8369637727737427,1.008864164352417,-0.8059713244438171,0.2768397033214569,0.022506598383188248
1765156321.175844,cf1,-1.3466285467147827,1.964936375617981,0.999233067035675,-0.9037805199623108,-0.3454866409301758,-0.0060101901181042194
1765156321.1762137,cf1,-1.3466285467147827,1.964936375617981,0.999233067035675,-0.8968607187271118,-0.36107802391052246,-0.0037048887461423874
1765156321.1910143,cf2,-0.7060798406600952,1.8431739807128906,1.0089061260223389,-0.8059713244438171,0.2768397033214569,0.022506598383188248
1765156321.1928637,cf2,-0.7060798406600952,1.8431739807128906,1.0089061260223389,-0.8156342506408691,0.25892987847328186,0.020731335505843163
1765156321.197098,cf1,-1.366631031036377,1.9576481580734253,0.9992074966430664,-0.8968607187271118,-0.36107802391052246,-0.0037048887461423874
1765156321.1973908,cf1,-1.366631031036377,1.9576481580734253,0.9992074966430664,-0.8823335766792297,-0.37373024225234985,0.0009454441606067121
1765156321.2111826,cf2,-0.7223000526428223,1.848652720451355,1.0088908672332764,-0.8156342506408691,0.25892987847328186,0.020731335505843163
1765156321.212989,cf2,-0.7223000526428223,1.848652720451355,1.0088908672332764,-0.8185266256332397,0.23908960819244385,0.01638215221464634
1765156321.215882,cf1,-1.3760677576065063,1.9544261693954468,0.999336838722229,-0.8823335766792297,-0.37373024225234985,0.0009454441606067121
1765156321.2161646,cf1,-1.3760677576065063,1.9544261693954468,0.999336838722229,-0.8786228895187378,-0.3819795846939087,0.004339675884693861
1765156321.23107,cf2,-0.7355122566223145,1.8529603481292725,1.0088335275650024,-0.8185266256332397,0.23908960819244385,0.01638215221464634
1765156321.232881,cf2,-0.7355122566223145,1.8529603481292725,1.0088335275650024,-0.8190515637397766,0.2192942351102829,0.010410492308437824
1765156321.2356644,cf1,-1.3946470022201538,1.9470734596252441,0.9995028376579285,-0.8786228895187378,-0.3819795846939087,0.004339675884693861
1765156321.23586,cf1,-1.3946470022201538,1.9470734596252441,0.9995028376579285,-0.8698310852050781,-0.3970687687397003,0.010137025266885757
1765156321.2511053,cf2,-0.7528408765792847,1.8580801486968994,1.0087006092071533,-0.8190515637397766,0.2192942351102829,0.010410492308437824
1765156321.2528167,cf2,-0.7528408765792847,1.8580801486968994,1.0087006092071533,-0.8263676166534424,0.2018788605928421,0.004552674945443869
1765156321.2556918,cf1,-1.413286805152893,1.9392682313919067,0.9997757077217102,-0.8698310852050781,-0.3970687687397003,0.010137025266885757
1765156321.2560766,cf1,-1.413286805152893,1.9392682313919067,0.9997757077217102,-0.8613927960395813,-0.41282594203948975,0.016520824283361435
1765156321.2712445,cf2,-0.7705284357070923,1.8629066944122314,1.0085258483886719,-0.8263676166534424,0.2018788605928421,0.004552674945443869
1765156321.2730556,cf2,-0.7705284357070923,1.8629066944122314,1.0085258483886719,-0.8327499032020569,0.18483802676200867,0.0002630855015013367
1765156321.275775,cf1,-1.4317454099655151,1.931093454360962,1.0001258850097656,-0.8613927960395813,-0.41282594203948975,0.016520824283361435
1765156321.2759855,cf1,-1.4317454099655151,1.931093454360962,1.0001258850097656,-0.8525583744049072,-0.4292459189891815,0.02442762814462185
1765156321.2911136,cf2,-0.7883219122886658,1.8673756122589111,1.008339285850525,-0.8327499032020569,0.18483802676200867,0.0002630855015013367
1765156321.2929566,cf2,-0.7883219122886658,1.8673756122589111,1.008339285850525,-0.8381092548370361,0.16816413402557373,-0.000665572180878371
1765156321.2956808,cf1,-1.4500174522399902,1.922542929649353,1.0004874467849731,-0.8525583744049072,-0.4292459189891815,0.02442762814462185
1765156321.2960062,cf1,-1.4500174522399902,1.922542929649353,1.0004874467849731,-0.8437899947166443,-0.44646167755126953,0.03047565184533596
1765156321.3111556,cf2,-0.806198000907898,1.8714942932128906,1.008183240890503,-0.8381092548370361,0.16816413402557373,-0.000665572180878371
1765156321.3130398,cf2,-0.806198000907898,1.8714942932128906,1.008183240890503,-0.8427833318710327,0.15202753245830536,0.0006955465651117265
1765156321.315725,cf1,-1.468113899230957,1.913607120513916,1.0007892847061157,-0.8437899947166443,-0.44646167755126953,0.03047565184533596
1765156321.3160498,cf1,-1.468113899230957,1.913607120513916,1.0007892847061157,-0.8353018760681152,-0.4644523561000824,0.032380469143390656
1765156321.330956,cf2,-0.8241479992866516,1.8752726316452026,1.0080921649932861,-0.8427833318710327,0.15202753245830536,0.0006955465651117265
1765156321.3328612,cf2,-0.8241479992866516,1.8752726316452026,1.0080921649932861,-0.8468078970909119,0.13638418912887573,0.003192279255017638
1765156321.3357162,cf1,-1.4860395193099976,1.9042800664901733,1.0009640455245972,-0.8353018760681152,-0.4644523561000824,0.032380469143390656
1765156321.3360934,cf1,-1.4860395193099976,1.9042800664901733,1.0009640455245972,-0.8269729018211365,-0.48310601711273193,0.029715916141867638
1765156321.3520484,cf2,-0.8421589136123657,1.8787178993225098,1.0080827474594116,-0.8468078970909119,0.13638418912887573,0.003192279255017638
1765156321.3538783,cf2,-0.8421589136123657,1.8787178993225098,1.0080827474594116,-0.8466969132423401,0.12022393941879272,0.005815249867737293
1765156321.3556876,cf1,-1.50379478931427,1.894558310508728,1.0009582042694092,-0.8269729018211365,-0.48310601711273193,0.029715916141867638
1765156321.356095,cf1,-1.50379478931427,1.894558310508728,1.0009582042694092,-0.8186225295066833,-0.5022573471069336,0.02363944798707962
1765156321.3722515,cf2,-0.8603062033653259,1.8818449974060059,1.008152723312378,-0.8466969132423401,0.12022393941879272,0.005815249867737293
1765156321.3741596,cf2,-0.8603062033653259,1.8818449974060059,1.008152723312378,-0.8467487096786499,0.10415104031562805,0.008207493461668491
1765156321.3756752,cf1,-1.5213768482208252,1.8844369649887085,1.0007457733154297,-0.8186225295066833,-0.5022573471069336,0.02363944798707962
1765156321.3759518,cf1,-1.5213768482208252,1.8844369649887085,1.0007457733154297,-0.8101312518119812,-0.5217613577842712,0.014966047368943691
1765156321.3920708,cf2,-0.8782981038093567,1.8846272230148315,1.008285403251648,-0.8467487096786499,0.10415104031562805,0.008207493461668491
1765156321.3939025,cf2,-0.8782981038093567,1.8846272230148315,1.008285403251648,-0.8485357165336609,0.0893658772110939,0.009697867557406425
1765156321.3956285,cf1,-1.5387790203094482,1.8739137649536133,1.0003398656845093,-0.8101312518119812,-0.5217613577842712,0.014966047368943691
1765156321.395942,cf1,-1.5387790203094482,1.8739137649536133,1.0003398656845093,-0.8013337850570679,-0.541344165802002,0.005484685767441988
1765156321.4119892,cf2,-0.8964017629623413,1.8871028423309326,1.0084583759307861,-0.8485357165336609,0.0893658772110939,0.009697867557406425
1765156321.41394,cf2,-0.8964017629623413,1.8871028423309326,1.0084583759307861,-0.8498004674911499,0.07456672936677933,0.010462837293744087
1765156321.415515,cf1,-1.5559899806976318,1.8629865646362305,0.9997941851615906,-0.8013337850570679,-0.541344165802002,0.005484685767441988
1765156321.4156985,cf1,-1.5559899806976318,1.8629865646362305,0.9997941851615906,-0.7920870184898376,-0.5607393383979797,-0.002377839991822839
1765156321.43201,cf2,-0.9145167469978333,1.8892589807510376,1.0086427927017212,-0.8498004674911499,0.07456672936677933,0.010462837293744087
1765156321.4340074,cf2,-0.9145167469978333,1.8892589807510376,1.0086427927017212,-0.8504911661148071,0.05964980274438858,0.010362875647842884
1765156321.4357347,cf1,-1.5713814496994019,1.8526464700698853,0.9992245435714722,-0.7920870184898376,-0.5607393383979797,-0.002377839991822839
1765156321.4361289,cf1,-1.5713814496994019,1.8526464700698853,0.9992245435714722,-0.7822967767715454,-0.5797228813171387,-0.007289515342563391
1765156321.4510217,cf2,-0.9327185750007629,1.891096591949463,1.0088073015213013,-0.8504911661148071,0.05964980274438858,0.010362875647842884
1765156321.4526453,cf2,-0.9327185750007629,1.891096591949463,1.0088073015213013,-0.8480333089828491,0.04366186261177063,0.008644201792776585
1765156321.4556882,cf1,-1.589781403541565,1.8399252891540527,0.9986090064048767,-0.7822967767715454,-0.5797228813171387,-0.007289515342563391
1765156321.4558878,cf1,-1.589781403541565,1.8399252891540527,0.9986090064048767,-0.7719126343727112,-0.5981152653694153,-0.008219112642109394
1765156321.4721863,cf2,-0.9551230669021606,1.8927726745605469,1.0089423656463623,-0.8480333089828491,0.04366186261177063,0.008644201792776585
1765156321.4741066,cf2,-0.9551230669021606,1.8927726745605469,1.0089423656463623,-0.853282630443573,0.02733618952333927,0.006348923780024052
1765156321.4757328,cf1,-1.6047624349594116,1.8288639783859253,0.9981404542922974,-0.7719126343727112,-0.5981152653694153,-0.008219112642109394
1765156321.4760928,cf1,-1.6047624349594116,1.8288639783859253,0.9981404542922974,-0.7609310746192932,-0.615835428237915,-0.00513997208327055
1765156321.49204,cf2,-0.9733285307884216,1.8938865661621094,1.0089858770370483,-0.853282630443573,0.02733618952333927,0.006348923780024052
1765156321.4939544,cf2,-0.9733285307884216,1.8938865661621094,1.0089858770370483,-0.8489240407943726,0.011540012434124947,0.0024642115458846092
1765156321.495627,cf1,-1.6210845708847046,1.816389560699463,0.9978225231170654,-0.7609310746192932,-0.615835428237915,-0.00513997208327055
1765156321.4961267,cf1,-1.6210845708847046,1.816389560699463,0.9978225231170654,-0.7493622303009033,-0.6328282356262207,0.0015002134023234248
1765156321.5119839,cf2,-0.9881465435028076,1.8946572542190552,1.0089828968048096,-0.8489240407943726,0.011540012434124947,0.0024642115458846092
1765156321.5140088,cf2,-0.9881465435028076,1.8946572542190552,1.0089828968048096,-0.8360274434089661,-0.004104361869394779,-0.0013001065235584974
1765156321.5156875,cf1,-1.6386620998382568,1.802412509918213,0.9977425336837769,-0.7493622303009033,-0.6328282356262207,0.0015002134023234248
1765156321.5161097,cf1,-1.6386620998382568,1.802412509918213,0.9977425336837769,-0.7372796535491943,-0.6490955948829651,0.009885897859930992
1765156321.5321212,cf2,-1.01026451587677,1.895079493522644,1.0089128017425537,-0.8360274434089661,-0.004104361869394779,-0.0013001065235584974
1765156321.5338135,cf2,-1.01026451587677,1.895079493522644,1.0089128017425537,-0.8444606065750122,-0.020836856216192245,-0.0036513805389404297
1765156321.536675,cf1,-1.6544580459594727,1.789142370223999,0.9978328943252563,-0.7372796535491943,-0.6490955948829651,0.009885897859930992
1765156321.5370135,cf1,-1.6544580459594727,1.789142370223999,0.9978328943252563,-0.7216979265213013,-0.6633599400520325,0.01807083934545517
1765156321.551043,cf2,-1.0162286758422852,1.8953781127929688,1.0089213848114014,-0.8444606065750122,-0.020836856216192245,-0.0036513805389404297
1765156321.552757,cf2,-1.0162286758422852,1.8953781127929688,1.0089213848114014,-0.8351652026176453,-0.03796667605638504,-0.004618878476321697
1765156321.5572512,cf1,-1.6698930263519287,1.7756106853485107,0.9980623722076416,-0.7216979265213013,-0.6633599400520325,0.01807083934545517
1765156321.557577,cf1,-1.6698930263519287,1.7756106853485107,0.9980623722076416,-0.7086002230644226,-0.6781600713729858,0.024198511615395546
1765156321.5719616,cf2,-1.0380101203918457,1.8952807188034058,1.0089035034179688,-0.8351652026176453,-0.03796667605638504,-0.004618878476321697
1765156321.573916,cf2,-1.0380101203918457,1.8952807188034058,1.0089035034179688,-0.8342284560203552,-0.05572919920086861,1.3415701687335968e-05
1765156321.5769339,cf1,-1.685084342956543,1.7617287635803223,0.9983692765235901,-0.7086002230644226,-0.6781600713729858,0.024198511615395546
1765156321.5778646,cf1,-1.685084342956543,1.7617287635803223,0.9983692765235901,-0.6951859593391418,-0.692435622215271,0.02657478116452694
1765156321.5920522,cf2,-1.0543075799942017,1.8947458267211914,1.0089455842971802,-0.8342284560203552,-0.05572919920086861,1.3415701687335968e-05
1765156321.5938747,cf2,-1.0543075799942017,1.8947458267211914,1.0089455842971802,-0.8296675682067871,-0.07212291657924652,0.00394683051854372
1765156321.596961,cf1,-1.698561668395996,1.7487980127334595,0.9986643195152283,-0.6951859593391418,-0.692435622215271,0.02657478116452694
1765156321.5973337,cf1,-1.698561668395996,1.7487980127334595,0.9986643195152283,-0.6812230348587036,-0.7060537338256836,0.026589684188365936
1765156321.6121418,cf2,-1.073774814605713,1.8939087390899658,1.009153962135315,-0.8296675682067871,-0.07212291657924652,0.00394683051854372
1765156321.613966,cf2,-1.073774814605713,1.8939087390899658,1.009153962135315,-0.8273506760597229,-0.08854126930236816,0.011306672357022762
1765156321.6170416,cf1,-1.714577317237854,1.7330824136734009,0.9989970922470093,-0.6812230348587036,-0.7060537338256836,0.026589684188365936
1765156321.617583,cf1,-1.714577317237854,1.7330824136734009,0.9989970922470093,-0.6664878726005554,-0.7193710803985596,0.02424648404121399
1765156321.6322832,cf2,-1.089856505393982,1.8927288055419922,1.0093731880187988,-0.8273506760597229,-0.08854126930236816,0.011306672357022762
1765156321.6343207,cf2,-1.089856505393982,1.8927288055419922,1.0093731880187988,-0.82534259557724,-0.10495692491531372,0.017209989950060844
1765156321.636702,cf1,-1.728853464126587,1.7183347940444946,0.9992002844810486,-0.6664878726005554,-0.7193710803985596,0.02424648404121399
1765156321.636995,cf1,-1.728853464126587,1.7183347940444946,0.9992002844810486,-0.6510095000267029,-0.732535183429718,0.019302288070321083
1765156321.652076,cf2,-1.1092947721481323,1.8911067247390747,1.009706735610962,-0.82534259557724,-0.10495692491531372,0.017209989950060844
1765156321.653982,cf2,-1.1092947721481323,1.8911067247390747,1.009706735610962,-0.8234274983406067,-0.12124012410640717,0.01969667710363865
1765156321.6558092,cf1,-1.7417806386947632,1.7042856216430664,0.9992798566818237,-0.6510095000267029,-0.732535183429718,0.019302288070321083
1765156321.6561463,cf1,-1.7417806386947632,1.7042856216430664,0.9992798566818237,-0.629861056804657,-0.7416284680366516,0.011769360862672329
1765156321.6719594,cf2,-1.1269789934158325,1.8891830444335938,1.0099767446517944,-0.8234274983406067,-0.12124012410640717,0.01969667710363865
1765156321.67397,cf2,-1.1269789934158325,1.8891830444335938,1.0099767446517944,-0.8214492201805115,-0.13745540380477905,0.018674008548259735
1765156321.6756094,cf1,-1.7551294565200806,1.6893703937530518,0.9992349743843079,-0.629861056804657,-0.7416284680366516,0.011769360862672329
1765156321.6760845,cf1,-1.7551294565200806,1.6893703937530518,0.9992349743843079,-0.6130074262619019,-0.7534850239753723,0.004965328611433506
1765156321.692127,cf2,-1.142926573753357,1.8870586156845093,1.0101574659347534,-0.8214492201805115,-0.13745540380477905,0.018674008548259735
1765156321.693908,cf2,-1.142926573753357,1.8870586156845093,1.0101574659347534,-0.8042325973510742,-0.15051178634166718,0.013701892457902431
1765156321.6956675,cf1,-1.7684274911880493,1.6738660335540771,0.9990917444229126,-0.6130074262619019,-0.7534850239753723,0.004965328611433506
1765156321.6958795,cf1,-1.7684274911880493,1.6738660335540771,0.9990917444229126,-0.5964934229850769,-0.7657542824745178,-0.00030184746719896793
1765156321.7120154,cf2,-1.1579166650772095,1.8849667310714722,1.0102336406707764,-0.8042325973510742,-0.15051178634166718,0.013701892457902431
1765156321.7140083,cf2,-1.1579166650772095,1.8849667310714722,1.0102336406707764,-0.7996888756752014,-0.16626183688640594,0.009416579268872738
1765156321.7156403,cf1,-1.7813961505889893,1.6580820083618164,0.9989199638366699,-0.5964934229850769,-0.7657542824745178,-0.00030184746719896793
1765156321.7158906,cf1,-1.7813961505889893,1.6580820083618164,0.9989199638366699,-0.5800122618675232,-0.777610719203949,-0.0006676465854980052
1765156321.7319493,cf2,-1.1773154735565186,1.881707787513733,1.0102092027664185,-0.7996888756752014,-0.16626183688640594,0.009416579268872738
1765156321.7338896,cf2,-1.1773154735565186,1.881707787513733,1.0102092027664185,-0.7949740290641785,-0.18275952339172363,0.005870015360414982
1765156321.735622,cf1,-1.7940282821655273,1.6420443058013916,0.998775839805603,-0.5800122618675232,-0.777610719203949,-0.0006676465854980052
1765156321.7359324,cf1,-1.7940282821655273,1.6420443058013916,0.998775839805603,-0.564055323600769,-0.7889702916145325,0.002381271217018366
1765156321.752125,cf2,-1.1928566694259644,1.8788803815841675,1.0101078748703003,-0.7949740290641785,-0.18275952339172363,0.005870015360414982
1765156321.7537515,cf2,-1.1928566694259644,1.8788803815841675,1.0101078748703003,-0.7985916137695312,-0.2021109163761139,0.006488698069006205
1765156321.7566636,cf1,-1.8063889741897583,1.6256742477416992,0.9987056255340576,-0.564055323600769,-0.7889702916145325,0.002381271217018366
1765156321.7569692,cf1,-1.8063889741897583,1.6256742477416992,0.9987056255340576,-0.5461734533309937,-0.7979073524475098,0.0075434609316289425
1765156321.7720768,cf2,-1.2106460332870483,1.8751856088638306,1.0099296569824219,-0.7985916137695312,-0.2021109163761139,0.006488698069006205
1765156321.7738998,cf2,-1.2106460332870483,1.8751856088638306,1.0099296569824219,-0.786252498626709,-0.21707379817962646,0.007483699358999729
1765156321.7769008,cf1,-1.8183120489120483,1.609242558479309,0.9987319707870483,-0.5461734533309937,-0.7979073524475098,0.0075434609316289425
1765156321.7773895,cf1,-1.8183120489120483,1.609242558479309,0.9987319707870483,-0.5314165949821472,-0.8082468509674072,0.013685809448361397
1765156321.7921233,cf2,-1.227545976638794,1.8713074922561646,1.0097334384918213,-0.786252498626709,-0.21707379817962646,0.007483699358999729
1765156321.7942412,cf2,-1.227545976638794,1.8713074922561646,1.0097334384918213,-0.7855884432792664,-0.23563475906848907,0.009592453949153423
1765156321.7966352,cf1,-1.8299921751022339,1.592492938041687,0.9988359212875366,-0.5314165949821472,-0.8082468509674072,0.013685809448361397
1765156321.7968507,cf1,-1.8299921751022339,1.592492938041687,0.9988359212875366,-0.5172466039657593,-0.8184146881103516,0.019076012074947357
1765156321.8121216,cf2,-1.2448698282241821,1.8669177293777466,1.009543538093567,-0.7855884432792664,-0.23563475906848907,0.009592453949153423
1765156321.8140812,cf2,-1.2448698282241821,1.8669177293777466,1.009543538093567,-0.7852742075920105,-0.2541881501674652,0.010940912179648876
1765156321.8167143,cf1,-1.8413766622543335,1.5755153894424438,0.9989849925041199,-0.5172466039657593,-0.8184146881103516,0.019076012074947357
1765156321.817087,cf1,-1.8413766622543335,1.5755153894424438,0.9989849925041199,-0.5033968687057495,-0.8282897472381592,0.022777365520596504
1765156321.8320827,cf2,-1.2621805667877197,1.8621265888214111,1.0093811750411987,-0.7852742075920105,-0.2541881501674652,0.010940912179648876
1765156321.833995,cf2,-1.2621805667877197,1.8621265888214111,1.0093811750411987,-0.784492015838623,-0.27242207527160645,0.012794889509677887
1765156321.8382556,cf1,-1.8524668216705322,1.55832040309906,0.9991496205329895,-0.5033968687057495,-0.8282897472381592,0.022777365520596504
1765156321.8386831,cf1,-1.8524668216705322,1.55832040309906,0.9991496205329895,-0.489682674407959,-0.837982714176178,0.02469955012202263
1765156321.8524728,cf2,-1.2794418334960938,1.8569457530975342,1.009247899055481,-0.784492015838623,-0.27242207527160645,0.012794889509677887
1765156321.8541884,cf2,-1.2794418334960938,1.8569457530975342,1.009247899055481,-0.7832799553871155,-0.29038724303245544,0.014239354059100151
1765156321.8565855,cf1,-1.8633489608764648,1.540732502937317,0.999281108379364,-0.489682674407959,-0.837982714176178,0.02469955012202263
1765156321.8568668,cf1,-1.8633489608764648,1.540732502937317,0.999281108379364,-0.4710313379764557,-0.8429448008537292,0.0228025633841753
1765156321.8711123,cf2,-1.2966457605361938,1.8513801097869873,1.0091403722763062,-0.7832799553871155,-0.29038724303245544,0.014239354059100151
1765156321.8751876,cf2,-1.2966457605361938,1.8513801097869873,1.0091403722763062,-0.7814847230911255,-0.30803319811820984,0.01383904181420803
1765156321.8769608,cf1,-1.8737130165100098,1.5233062505722046,0.9993366599082947,-0.4710313379764557,-0.8429448008537292,0.0228025633841753
1765156321.877164,cf1,-1.8737130165100098,1.5233062505722046,0.9993366599082947,-0.45659053325653076,-0.8523849248886108,0.019717125222086906
1765156321.8910139,cf2,-1.3139671087265015,1.8453633785247803,1.009044885635376,-0.7814847230911255,-0.30803319811820984,0.01383904181420803
1765156321.8928034,cf2,-1.3139671087265015,1.8453633785247803,1.009044885635376,-0.7814865708351135,-0.31773266196250916,0.013250567018985748
1765156321.897106,cf1,-1.8838675022125244,1.5054833889007568,0.9993033409118652,-0.45659053325653076,-0.8523849248886108,0.019717125222086906
1765156321.8974173,cf1,-1.8838675022125244,1.5054833889007568,0.9993033409118652,-0.4419381022453308,-0.862308144569397,0.017346417531371117
1765156321.911182,cf2,-1.3308238983154297,1.8391259908676147,1.0089586973190308,-0.7814865708351135,-0.31773266196250916,0.013250567018985748
1765156321.912939,cf2,-1.3308238983154297,1.8391259908676147,1.0089586973190308,-0.7777809500694275,-0.3345962166786194,0.010896255262196064
1765156321.916811,cf1,-1.8937053680419922,1.4874296188354492,0.9991827607154846,-0.4419381022453308,-0.862308144569397,0.017346417531371117
1765156321.9170294,cf1,-1.8937053680419922,1.4874296188354492,0.9991827607154846,-0.4269714653491974,-0.8724006414413452,0.013296072371304035
1765156321.9310484,cf2,-1.3477438688278198,1.8324650526046753,1.008867859840393,-0.7777809500694275,-0.3345962166786194,0.010896255262196064
1765156321.9327493,cf2,-1.3477438688278198,1.8324650526046753,1.008867859840393,-0.7735339403152466,-0.3513236939907074,0.007485353387892246
1765156321.9367595,cf1,-1.9032212495803833,1.4691667556762695,0.9989704489707947,-0.4269714653491974,-0.8724006414413452,0.013296072371304035
1765156321.937098,cf1,-1.9032212495803833,1.4691667556762695,0.9989704489707947,-0.4117542803287506,-0.8822183609008789,0.008359121158719063
1765156321.9511023,cf2,-1.3645403385162354,1.8254534006118774,1.0087757110595703,-0.7735339403152466,-0.3513236939907074,0.007485353387892246
1765156321.9529786,cf2,-1.3645403385162354,1.8254534006118774,1.0087757110595703,-0.7680831551551819,-0.3677140176296234,0.004288782365620136
1765156321.9568796,cf1,-1.9124003648757935,1.4506988525390625,0.9986916780471802,-0.4117542803287506,-0.8822183609008789,0.008359121158719063
1765156321.9571135,cf1,-1.9124003648757935,1.4506988525390625,0.9986916780471802,-0.3959822952747345,-0.8917776942253113,0.004432568792253733
1765156321.9711125,cf2,-1.381178379058838,1.818093180656433,1.0087013244628906,-0.7680831551551819,-0.3677140176296234,0.004288782365620136
1765156321.9727316,cf2,-1.381178379058838,1.818093180656433,1.0087013244628906,-0.7613327503204346,-0.3840297758579254,0.0022061618510633707
1765156321.9759376,cf1,-1.9212617874145508,1.4319345951080322,0.998376727104187,-0.3959822952747345,-0.8917776942253113,0.004432568792253733
1765156321.9762907,cf1,-1.9212617874145508,1.4319345951080322,0.998376727104187,-0.37752076983451843,-0.8985962271690369,0.0010816941503435373
1765156321.99096,cf2,-1.3999449014663696,1.809173583984375,1.0086474418640137,-0.7613327503204346,-0.3840297758579254,0.0022061618510633707
1765156321.9928327,cf2,-1.3999449014663696,1.809173583984375,1.0086474418640137,-0.7511146068572998,-0.401632696390152,0.0010446603409945965
1765156321.9957993,cf1,-1.9296696186065674,1.41317617893219,0.9980756044387817,-0.37752076983451843,-0.8985962271690369,0.0010816941503435373
1765156321.9961874,cf1,-1.9296696186065674,1.41317617893219,0.9980756044387817,-0.3605402410030365,-0.9072268605232239,0.0002533913648221642
1765156322.0122895,cf2,-1.4158562421798706,1.801233172416687,1.008677363395691,-0.7511146068572998,-0.401632696390152,0.0010446603409945965
1765156322.0142198,cf2,-1.4158562421798706,1.801233172416687,1.008677363395691,-0.7368200421333313,-0.4151710271835327,0.0011832966702058911
1765156322.0157511,cf1,-1.9377347230911255,1.3941320180892944,0.9978364706039429,-0.3605402410030365,-0.9072268605232239,0.0002533913648221642
1765156322.0160391,cf1,-1.9377347230911255,1.3941320180892944,0.9978364706039429,-0.3431070148944855,-0.9155211448669434,0.0019263169961050153
1765156322.0319905,cf2,-1.4323639869689941,1.7924890518188477,1.0087833404541016,-0.7368200421333313,-0.4151710271835327,0.0011832966702058911
1765156322.0338922,cf2,-1.4323639869689941,1.7924890518188477,1.0087833404541016,-0.7245214581489563,-0.4315132200717926,0.0051945592276751995
1765156322.035997,cf1,-1.9454017877578735,1.3749065399169922,0.9977157115936279,-0.3431070148944855,-0.9155211448669434,0.0019263169961050153
1765156322.036401,cf1,-1.9454017877578735,1.3749065399169922,0.9977157115936279,-0.32533198595046997,-0.9231473803520203,0.0063087898306548595
1765156322.051967,cf2,-1.448038935661316,1.7837131023406982,1.0089787244796753,-0.7245214581489563,-0.4315132200717926,0.0051945592276751995
1765156322.0539968,cf2,-1.448038935661316,1.7837131023406982,1.0089787244796753,-0.7134148478507996,-0.4480965733528137,0.010260047391057014
1765156322.0560188,cf1,-1.9529712200164795,1.3541377782821655,0.9976747632026672,-0.32533198595046997,-0.9231473803520203,0.0063087898306548595
1765156322.0563757,cf1,-1.9529712200164795,1.3541377782821655,0.9976747632026672,-0.307513952255249,-0.9300254583358765,0.011493382975459099
1765156322.0722225,cf2,-1.4635157585144043,1.7745498418807983,1.0092473030090332,-0.7134148478507996,-0.4480965733528137,0.010260047391057014
1765156322.0742576,cf2,-1.4635157585144043,1.7745498418807983,1.0092473030090332,-0.7019195556640625,-0.4648350477218628,0.015305453911423683
1765156322.0779333,cf1,-1.9596840143203735,1.3355463743209839,0.9978523850440979,-0.307513952255249,-0.9300254583358765,0.011493382975459099
1765156322.0781531,cf1,-1.9596840143203735,1.3355463743209839,0.9978523850440979,-0.2879922688007355,-0.9342931509017944,0.016357848420739174
1765156322.092032,cf2,-1.4787412881851196,1.7650339603424072,1.0095503330230713,-0.7019195556640625,-0.4648350477218628,0.015305453911423683
1765156322.0950358,cf2,-1.4787412881851196,1.7650339603424072,1.0095503330230713,-0.6932238340377808,-0.48325714468955994,0.01968063786625862
1765156322.0957873,cf1,-1.966310739517212,1.3147151470184326,0.9980539083480835,-0.2879922688007355,-0.9342931509017944,0.016357848420739174
1765156322.096164,cf1,-1.966310739517212,1.3147151470184326,0.9980539083480835,-0.2679949104785919,-0.9361013174057007,0.018625089898705482
1765156322.1120262,cf2,-1.4938526153564453,1.7550619840621948,1.0098453760147095,-0.6932238340377808,-0.48325714468955994,0.01968063786625862
1765156322.114214,cf2,-1.4938526153564453,1.7550619840621948,1.0098453760147095,-0.6726149916648865,-0.496615469455719,0.020238203927874565
1765156322.115655,cf1,-1.9722806215286255,1.2952300310134888,0.9983276724815369,-0.2679949104785919,-0.9361013174057007,0.018625089898705482
1765156322.1158292,cf1,-1.9722806215286255,1.2952300310134888,0.9983276724815369,-0.2500133216381073,-0.9407589435577393,0.02018861472606659
1765156322.1310208,cf2,-1.5093765258789062,1.7440195083618164,1.0101041793823242,-0.6726149916648865,-0.496615469455719,0.020238203927874565
1765156322.1328683,cf2,-1.5093765258789062,1.7440195083618164,1.0101041793823242,-0.6580889225006104,-0.511762261390686,0.01747109182178974
1765156322.1358578,cf1,-1.977936029434204,1.2753862142562866,0.9986383318901062,-0.2500133216381073,-0.9407589435577393,0.02018861472606659
1765156322.1362407,cf1,-1.977936029434204,1.2753862142562866,0.9986383318901062,-0.23236559331417084,-0.9504460096359253,0.023694755509495735
1765156322.1510713,cf2,-1.5236647129058838,1.733618140220642,1.010272741317749,-0.6580889225006104,-0.511762261390686,0.01747109182178974
1765156322.1528656,cf2,-1.5236647129058838,1.733618140220642,1.010272741317749,-0.6464943885803223,-0.5270169973373413,0.014197083190083504
1765156322.1561296,cf1,-1.9831902980804443,1.2554296255111694,0.9989455938339233,-0.23236559331417084,-0.9504460096359253,0.023694755509495735
1765156322.1563766,cf1,-1.9831902980804443,1.2554296255111694,0.9989455938339233,-0.2132137566804886,-0.9495884776115417,0.022446803748607635
1765156322.1712193,cf2,-1.5378797054290771,1.7227914333343506,1.0103344917297363,-0.6464943885803223,-0.5270169973373413,0.014197083190083504
1765156322.1730657,cf2,-1.5378797054290771,1.7227914333343506,1.0103344917297363,-0.6350499391555786,-0.5420504212379456,0.011214911006391048
1765156322.1759026,cf1,-1.9880479574203491,1.235388159751892,0.9991913437843323,-0.2132137566804886,-0.9495884776115417,0.022446803748607635
1765156322.1762247,cf1,-1.9880479574203491,1.235388159751892,0.9991913437843323,-0.19464197754859924,-0.9534111618995667,0.018786726519465446
1765156322.1911044,cf2,-1.5518646240234375,1.711658000946045,1.0102860927581787,-0.6350499391555786,-0.5420504212379456,0.011214911006391048
1765156322.1928663,cf2,-1.5518646240234375,1.711658000946045,1.0102860927581787,-0.62394779920578,-0.5567604303359985,0.00808290671557188
1765156322.196149,cf1,-1.9925156831741333,1.21527898311615,0.9993383884429932,-0.19464197754859924,-0.9534111618995667,0.018786726519465446
1765156322.1965187,cf1,-1.9925156831741333,1.21527898311615,0.9993383884429932,-0.17609012126922607,-0.9566129446029663,0.013062567450106144
1765156322.2110753,cf2,-1.5656219720840454,1.7002321481704712,1.0101426839828491,-0.62394779920578,-0.5567604303359985,0.00808290671557188
1765156322.2129219,cf2,-1.5656219720840454,1.7002321481704712,1.0101426839828491,-0.6133060455322266,-0.5709895491600037,0.005054186563938856
1765156322.2169719,cf1,-1.9967437982559204,1.194150447845459,0.9993922710418701,-0.17609012126922607,-0.9566129446029663,0.013062567450106144
1765156322.2173212,cf1,-1.9967437982559204,1.194150447845459,0.9993922710418701,-0.15609824657440186,-0.9570280909538269,0.007845807820558548
1765156322.2311144,cf2,-1.573024034500122,1.6943081617355347,1.0100640058517456,-0.6133060455322266,-0.5709895491600037,0.005054186563938856
1765156322.2328725,cf2,-1.573024034500122,1.6943081617355347,1.0100640058517456,-0.6030232906341553,-0.5846959948539734,0.0028012352995574474
1765156322.2367656,cf1,-2.000255823135376,1.1748852729797363,0.9993827939033508,-0.15609824657440186,-0.9570280909538269,0.007845807820558548
1765156322.2370656,cf1,-2.000255823135376,1.1748852729797363,0.9993827939033508,-0.1373324990272522,-0.9582847952842712,0.00425955094397068
1765156322.250898,cf2,-1.5924748182296753,1.6765329837799072,1.009695291519165,-0.6030232906341553,-0.5846959948539734,0.0028012352995574474
1765156322.252782,cf2,-1.5924748182296753,1.6765329837799072,1.009695291519165,-0.5929816365242004,-0.5978408455848694,0.0014061573892831802
1765156322.2569122,cf1,-2.0035173892974854,1.1546924114227295,0.9993529319763184,-0.1373324990272522,-0.9582847952842712,0.00425955094397068
1765156322.2572262,cf1,-2.0035173892974854,1.1546924114227295,0.9993529319763184,-0.11867453902959824,-0.9600448608398438,0.002768123522400856
1765156322.271304,cf2,-1.60557222366333,1.664271593093872,1.0094853639602661,-0.5929816365242004,-0.5978408455848694,0.0014061573892831802
1765156322.2729275,cf2,-1.60557222366333,1.664271593093872,1.0094853639602661,-0.5830461382865906,-0.6101201772689819,0.0006485311314463615
1765156322.2768593,cf1,-2.0063793659210205,1.1344128847122192,0.9993373155593872,-0.11867453902959824,-0.9600448608398438,0.002768123522400856
1765156322.2771935,cf1,-2.0063793659210205,1.1344128847122192,0.9993373155593872,-0.09984246641397476,-0.9614772200584412,0.0035118660889565945
1765156322.291146,cf2,-1.618444561958313,1.6517653465270996,1.0093315839767456,-0.5830461382865906,-0.6101201772689819,0.0006485311314463615
1765156322.2930667,cf2,-1.618444561958313,1.6517653465270996,1.0093315839767456,-0.5731068849563599,-0.6213445067405701,0.0023564023431390524
1765156322.2959957,cf1,-2.008026599884033,1.1235442161560059,0.999410092830658,-0.09984246641397476,-0.9614772200584412,0.0035118660889565945
1765156322.296433,cf1,-2.008026599884033,1.1235442161560059,0.999410092830658,-0.08981867134571075,-0.9634599685668945,0.005475605372339487
1765156322.3110487,cf2,-1.6310909986495972,1.6390249729156494,1.0092575550079346,-0.5731068849563599,-0.6213445067405701,0.0023564023431390524
1765156322.31287,cf2,-1.6310909986495972,1.6390249729156494,1.0092575550079346,-0.5631620287895203,-0.6318207383155823,0.0042883651331067085
1765156322.315827,cf1,-2.0102083683013916,1.1034491062164307,0.9995017051696777,-0.08981867134571075,-0.9634599685668945,0.005475605372339487
1765156322.3162572,cf1,-2.0102083683013916,1.1034491062164307,0.9995017051696777,-0.07052399963140488,-0.9638446569442749,0.009807026945054531
1765156322.3312051,cf2,-1.63787841796875,1.6324434280395508,1.0093058347702026,-0.5631620287895203,-0.6318207383155823,0.0042883651331067085
1765156322.3343601,cf2,-1.63787841796875,1.6324434280395508,1.0093058347702026,-0.552964448928833,-0.6414390206336975,0.005397547036409378
1765156322.3356647,cf1,-2.0119760036468506,1.0831190347671509,0.9996682405471802,-0.07052399963140488,-0.9638446569442749,0.009807026945054531
1765156322.3358507,cf1,-2.0119760036468506,1.0831190347671509,0.9996682405471802,-0.05110150948166847,-0.9647762775421143,0.014578848145902157
1765156322.3510752,cf2,-1.6556869745254517,1.612906575202942,1.0093004703521729,-0.552964448928833,-0.6414390206336975,0.005397547036409378
1765156322.35296,cf2,-1.6556869745254517,1.612906575202942,1.0093004703521729,-0.5423016548156738,-0.6503711342811584,0.006227419245988131
1765156322.3557496,cf1,-2.013307571411133,1.0627622604370117,0.9999022483825684,-0.05110150948166847,-0.9647762775421143,0.014578848145902157
1765156322.3561547,cf1,-2.013307571411133,1.0627622604370117,0.9999022483825684,-0.03152734041213989,-0.9655430912971497,0.02034320868551731
1765156322.3712988,cf2,-1.6676167249679565,1.5995573997497559,1.0093659162521362,-0.5423016548156738,-0.6503711342811584,0.006227419245988131
1765156322.3730469,cf2,-1.6676167249679565,1.5995573997497559,1.0093659162521362,-0.5311490297317505,-0.6588131785392761,0.0059622968547046185
1765156322.3758986,cf1,-2.0142037868499756,1.0423882007598877,1.0001718997955322,-0.03152734041213989,-0.9655430912971497,0.02034320868551731
1765156322.3761904,cf1,-2.0142037868499756,1.0423882007598877,1.0001718997955322,-0.01179857924580574,-0.9663708209991455,0.02547300234436989
1765156322.3911192,cf2,-1.6792879104614258,1.5860280990600586,1.0094430446624756,-0.5311490297317505,-0.6588131785392761,0.0059622968547046185
1765156322.392936,cf2,-1.6792879104614258,1.5860280990600586,1.0094430446624756,-0.5218761563301086,-0.6709363460540771,0.007110892795026302
1765156322.3971307,cf1,-2.0146639347076416,1.02176034450531,1.0004349946975708,-0.01179857924580574,-0.9663708209991455,0.02547300234436989
1765156322.397465,cf1,-2.0146639347076416,1.02176034450531,1.0004349946975708,0.00912206806242466,-0.9648646116256714,0.027415404096245766
1765156322.4119306,cf2,-1.6912091970443726,1.5716394186019897,1.0095279216766357,-0.5218761563301086,-0.6709363460540771,0.007110892795026302
1765156322.4139097,cf2,-1.6912091970443726,1.5716394186019897,1.0095279216766357,-0.5057078003883362,-0.6736881732940674,0.006383949890732765
1765156322.4168499,cf1,-2.014702558517456,1.0015742778778076,1.0006370544433594,0.00912206806242466,-0.9648646116256714,0.027415404096245766
1765156322.4170742,cf1,-2.014702558517456,1.0015742778778076,1.0006370544433594,0.029094379395246506,-0.9652172923088074,0.026484601199626923
1765156322.4322038,cf2,-1.7018332481384277,1.5584019422531128,1.0096100568771362,-0.5057078003883362,-0.6736881732940674,0.006383949890732765
1765156322.4341645,cf2,-1.7018332481384277,1.5584019422531128,1.0096100568771362,-0.4927990436553955,-0.6808391809463501,0.004895320627838373
1765156322.4365897,cf1,-2.0143163204193115,0.9811575412750244,1.0007412433624268,0.029094379395246506,-0.9652172923088074,0.026484601199626923
1765156322.4368374,cf1,-2.0143163204193115,0.9811575412750244,1.0007412433624268,0.0492480993270874,-0.9662113785743713,0.02250027284026146
1765156322.4520218,cf2,-1.7126514911651611,1.5443708896636963,1.0097099542617798,-0.4927990436553955,-0.6808391809463501,0.004895320627838373
1765156322.4540403,cf2,-1.7126514911651611,1.5443708896636963,1.0097099542617798,-0.47975391149520874,-0.6881523728370667,0.0026302419137209654
1765156322.4569044,cf1,-2.0135066509246826,0.9607199430465698,1.000720739364624,0.0492480993270874,-0.9662113785743713,0.02250027284026146
1765156322.4572766,cf1,-2.0135066509246826,0.9607199430465698,1.000720739364624,0.0695459172129631,-0.966928243637085,0.016630399972200394
1765156322.47201,cf2,-1.7232003211975098,1.5301505327224731,1.009825587272644,-0.47975391149520874,-0.6881523728370667,0.0026302419137209654
1765156322.4739048,cf2,-1.7232003211975098,1.5301505327224731,1.009825587272644,-0.4661518633365631,-0.6947726607322693,0.0018781975377351046
1765156322.4770005,cf1,-2.012266159057617,0.9402825832366943,1.0005650520324707,0.0695459172129631,-0.966928243637085,0.016630399972200394
1765156322.4773448,cf1,-2.012266159057617,0.9402825832366943,1.0005650520324707,0.09012424200773239,-0.9672353863716125,0.010354087688028812
1765156322.4922678,cf2,-1.733440637588501,1.5157865285873413,1.0099736452102661,-0.4661518633365631,-0.6947726607322693,0.0018781975377351046
1765156322.4942014,cf2,-1.733440637588501,1.5157865285873413,1.0099736452102661,-0.45208123326301575,-0.7010331749916077,0.003162107663229108
1765156322.496691,cf1,-2.0105857849121094,0.9198537468910217,1.0002872943878174,0.09012424200773239,-0.9672353863716125,0.010354087688028812
1765156322.4970176,cf1,-2.0105857849121094,0.9198537468910217,1.0002872943878174,0.11097913980484009,-0.9671268463134766,0.004233697894960642
1765156322.512064,cf2,-1.743364930152893,1.5012797117233276,1.0101678371429443,-0.45208123326301575,-0.7010331749916077,0.003162107663229108
1765156322.5139475,cf2,-1.743364930152893,1.5012797117233276,1.0101678371429443,-0.4376796782016754,-0.7071018815040588,0.005266773980110884
1765156322.516982,cf1,-2.0084593296051025,0.8994428515434265,0.9999240636825562,0.11097913980484009,-0.9671268463134766,0.004233697894960642
1765156322.5172217,cf1,-2.0084593296051025,0.8994428515434265,0.9999240636825562,0.13193462789058685,-0.9665053486824036,-0.0006288691074587405
1765156322.532087,cf2,-1.7529700994491577,1.4866358041763306,1.0104058980941772,-0.4376796782016754,-0.7071018815040588,0.005266773980110884
1765156322.5339866,cf2,-1.7529700994491577,1.4866358041763306,1.0104058980941772,-0.4248417615890503,-0.7172423601150513,0.00891025923192501
1765156322.53694,cf1,-2.0058810710906982,0.8790619969367981,0.9995344877243042,0.13193462789058685,-0.9665053486824036,-0.0006288691074587405
1765156322.5373123,cf1,-2.0058810710906982,0.8790619969367981,0.9995344877243042,0.15286099910736084,-0.9652612209320068,-0.0030538151040673256
1765156322.5522287,cf2,-1.7622520923614502,1.4718506336212158,1.0106810331344604,-0.4248417615890503,-0.7172423601150513,0.00891025923192501
1765156322.5543714,cf2,-1.7622520923614502,1.4718506336212158,1.0106810331344604,-0.40989023447036743,-0.7233610153198242,0.012260578572750092
1765156322.5565646,cf1,-2.002847194671631,0.8587258458137512,0.9991816282272339,0.15286099910736084,-0.9652612209320068,-0.0030538151040673256
1765156322.5568285,cf1,-2.002847194671631,0.8587258458137512,0.9991816282272339,0.17365342378616333,-0.9632936716079712,-0.002927824156358838
1765156322.572007,cf2,-1.7712100744247437,1.456919550895691,1.0109645128250122,-0.40989023447036743,-0.7233610153198242,0.012260578572750092
1765156322.5739458,cf2,-1.7712100744247437,1.456919550895691,1.0109645128250122,-0.3931090235710144,-0.7254129648208618,0.014263484627008438
1765156322.576868,cf1,-1.9993557929992676,0.8384516835212708,0.9989259243011475,0.17365342378616333,-0.9632936716079712,-0.002927824156358838
1765156322.577103,cf1,-1.9993557929992676,0.8384516835212708,0.9989259243011475,0.19420231878757477,-0.9605346918106079,0.00016078256885521114
1765156322.5922,cf2,-1.7778733968734741,1.4455957412719727,1.011167287826538,-0.3931090235710144,-0.7254129648208618,0.014263484627008438
1765156322.5941296,cf2,-1.7778733968734741,1.4455957412719727,1.011167287826538,-0.3725627362728119,-0.7221493124961853,0.01338327955454588
1765156322.595731,cf1,-1.9953949451446533,0.8182070851325989,0.9988142251968384,0.19420231878757477,-0.9605346918106079,0.00016078256885521114
1765156322.5960047,cf1,-1.9953949451446533,0.8182070851325989,0.9988142251968384,0.21475987136363983,-0.9537599682807922,0.005555492825806141
1765156322.6120331,cf2,-1.7875068187713623,1.4278628826141357,1.0113893747329712,-0.3725627362728119,-0.7221493124961853,0.01338327955454588
1765156322.6140985,cf2,-1.7875068187713623,1.4278628826141357,1.0113893747329712,-0.35929298400878906,-0.733472466468811,0.011782718822360039
1765156322.6156764,cf1,-1.991014838218689,0.7981623411178589,0.9988729357719421,0.21475987136363983,-0.9537599682807922,0.005555492825806141
1765156322.616062,cf1,-1.991014838218689,0.7981623411178589,0.9988729357719421,0.2343933880329132,-0.9494225382804871,0.012115826830267906
1765156322.6321163,cf2,-1.795575737953186,1.412377953529358,1.0114901065826416,-0.35929298400878906,-0.733472466468811,0.011782718822360039
1765156322.6340005,cf2,-1.795575737953186,1.412377953529358,1.0114901065826416,-0.3424057364463806,-0.7373154163360596,0.010074444115161896
1765156322.63573,cf1,-1.9861997365951538,0.7781746983528137,0.9990901350975037,0.2343933880329132,-0.9494225382804871,0.012115826830267906
1765156322.636054,cf1,-1.9861997365951538,0.7781746983528137,0.9990901350975037,0.2533945143222809,-0.9445210099220276,0.018399808555841446
1765156322.6521876,cf2,-1.8036972284317017,1.3958957195281982,1.0115100145339966,-0.3424057364463806,-0.7373154163360596,0.010074444115161896
1765156322.6540782,cf2,-1.8036972284317017,1.3958957195281982,1.0115100145339966,-0.32825466990470886,-0.7481006979942322,0.013002634048461914
1765156322.6558259,cf1,-1.981379747390747,0.7601627707481384,0.9993720650672913,0.2533945143222809,-0.9445210099220276,0.018399808555841446
1765156322.656016,cf1,-1.981379747390747,0.7601627707481384,0.9993720650672913,0.27115339040756226,-0.9350742101669312,0.02272692508995533
1765156322.671955,cf2,-1.8094120025634766,1.3835655450820923,1.0114716291427612,-0.32825466990470886,-0.7481006979942322,0.013002634048461914
1765156322.6737938,cf2,-1.8094120025634766,1.3835655450820923,1.0114716291427612,-0.30654221773147583,-0.7412668466567993,0.013762029819190502
1765156322.6758277,cf1,-1.9758026599884033,0.7404178380966187,0.9997565746307373,0.27115339040756226,-0.9350742101669312,0.02272692508995533
1765156322.6760423,cf1,-1.9758026599884033,0.7404178380966187,0.9997565746307373,0.28965818881988525,-0.9327863454818726,0.025022823363542557
1765156322.6920536,cf2,-1.8162181377410889,1.3682801723480225,1.011381983757019,-0.30654221773147583,-0.7412668466567993,0.013762029819190502
1765156322.6939387,cf2,-1.8162181377410889,1.3682801723480225,1.011381983757019,-0.2913460433483124,-0.7510000467300415,0.014705760404467583
1765156322.695747,cf1,-1.9698621034622192,0.7208107113838196,1.0001184940338135,0.28965818881988525,-0.9327863454818726,0.025022823363542557
1765156322.6960533,cf1,-1.9698621034622192,0.7208107113838196,1.0001184940338135,0.305942177772522,-0.9224306344985962,0.022743558511137962
1765156322.712279,cf2,-1.8229469060897827,1.3522148132324219,1.0112360715866089,-0.2913460433483124,-0.7510000467300415,0.014705760404467583
1765156322.714199,cf2,-1.8229469060897827,1.3522148132324219,1.0112360715866089,-0.27633407711982727,-0.761772632598877,0.014807467348873615
1765156322.7157176,cf1,-1.9635767936706543,0.7013472318649292,1.0003999471664429,0.305942177772522,-0.9224306344985962,0.022743558511137962
1765156322.7158947,cf1,-1.9635767936706543,0.7013472318649292,1.0003999471664429,0.3233773112297058,-0.9193258285522461,0.019251786172389984
1765156322.732076,cf2,-1.8291480541229248,1.3369792699813843,1.0111037492752075,-0.27633407711982727,-0.761772632598877,0.014807467348873615
1765156322.7339408,cf2,-1.8291480541229248,1.3369792699813843,1.0111037492752075,-0.26131191849708557,-0.7727699875831604,0.017804309725761414
1765156322.7357273,cf1,-1.9569560289382935,0.6820289492607117,1.0005637407302856,0.3233773112297058,-0.9193258285522461,0.019251786172389984
1765156322.7362833,cf1,-1.9569560289382935,0.6820289492607117,1.0005637407302856,0.3396433889865875,-0.9121891260147095,0.013523011468350887
1765156322.7521977,cf2,-1.8354243040084839,1.319352149963379,1.0108760595321655,-0.26131191849708557,-0.7727699875831604,0.017804309725761414
1765156322.7541127,cf2,-1.8354243040084839,1.319352149963379,1.0108760595321655,-0.24636566638946533,-0.7843027114868164,0.020906196907162666
1765156322.7565746,cf1,-1.9498281478881836,0.6624263525009155,1.0006005764007568,0.3396433889865875,-0.9121891260147095,0.013523011468350887
1765156322.7568398,cf1,-1.9498281478881836,0.6624263525009155,1.0006005764007568,0.35558822751045227,-0.9020789265632629,0.0071031637489795685
1765156322.7720478,cf2,-1.8401811122894287,1.3064507246017456,1.0107554197311401,-0.24636566638946533,-0.7843027114868164,0.020906196907162666
1765156322.7740173,cf2,-1.8401811122894287,1.3064507246017456,1.0107554197311401,-0.2318154275417328,-0.8058966994285583,0.022636527195572853
1765156322.7770567,cf1,-1.9427180290222168,0.643833577632904,1.0005340576171875,0.35558822751045227,-0.9020789265632629,0.0071031637489795685
1765156322.7774167,cf1,-1.9427180290222168,0.643833577632904,1.0005340576171875,0.3712311387062073,-0.8939414620399475,0.0018173239659518003
1765156322.7920258,cf2,-1.8451396226882935,1.2908681631088257,1.0105271339416504,-0.2318154275417328,-0.8058966994285583,0.022636527195572853
1765156322.793855,cf2,-1.8451396226882935,1.2908681631088257,1.0105271339416504,-0.2160501331090927,-0.8153018355369568,0.0207968819886446
1765156322.7968564,cf1,-1.9351195096969604,0.6249980926513672,1.0004075765609741,0.3712311387062073,-0.8939414620399475,0.0018173239659518003
1765156322.797127,cf1,-1.9351195096969604,0.6249980926513672,1.0004075765609741,0.3870663046836853,-0.8862380981445312,-0.0010760747827589512
1765156322.8120441,cf2,-1.8502907752990723,1.273767352104187,1.010280728340149,-0.2160501331090927,-0.8153018355369568,0.0207968819886446
1765156322.8140147,cf2,-1.8502907752990723,1.273767352104187,1.010280728340149,-0.1974046379327774,-0.8106666803359985,0.014871174469590187
1765156322.8168914,cf1,-1.9271787405014038,0.6063020825386047,1.0002763271331787,0.3870663046836853,-0.8862380981445312,-0.0010760747827589512
1765156322.8173106,cf1,-1.9271787405014038,0.6063020825386047,1.0002763271331787,0.40159034729003906,-0.8746811747550964,-0.0011969077168032527
1765156322.8310719,cf2,-1.855090856552124,1.256540060043335,1.0100153684616089,-0.1974046379327774,-0.8106666803359985,0.014871174469590187
1765156322.8327668,cf2,-1.855090856552124,1.256540060043335,1.0100153684616089,-0.1912674754858017,-0.8224695920944214,0.01224631629884243
1765156322.8371427,cf1,-1.91890287399292,0.5877734422683716,1.0001802444458008,0.40159034729003906,-0.8746811747550964,-0.0011969077168032527
1765156322.837493,cf1,-1.91890287399292,0.5877734422683716,1.0001802444458008,0.4173813462257385,-0.8666106462478638,0.001654545427300036
1765156322.851107,cf2,-1.8596326112747192,1.2389055490493774,1.009714126586914,-0.1912674754858017,-0.8224695920944214,0.01224631629884243
1765156322.853039,cf2,-1.8596326112747192,1.2389055490493774,1.009714126586914,-0.17621789872646332,-0.8311553597450256,0.005629070568829775
1765156322.856949,cf1,-1.910279393196106,0.5694201588630676,1.0001652240753174,0.4173813462257385,-0.8666106462478638,0.001654545427300036
1765156322.8575993,cf1,-1.910279393196106,0.5694201588630676,1.0001652240753174,0.43488505482673645,-0.8618767857551575,0.0072329360991716385
1765156322.8711917,cf2,-1.8638173341751099,1.2212355136871338,1.0094168186187744,-0.17621789872646332,-0.8311553597450256,0.005629070568829775
1765156322.8728712,cf2,-1.8638173341751099,1.2212355136871338,1.0094168186187744,-0.1610899418592453,-0.837975263595581,0.0021956569980829954
1765156322.8768015,cf1,-1.9012973308563232,0.5512514114379883,1.0002602338790894,0.43488505482673645,-0.8618767857551575,0.0072329360991716385
1765156322.8770308,cf1,-1.9012973308563232,0.5512514114379883,1.0002602338790894,0.4498484134674072,-0.8496691584587097,0.013837761245667934
1765156322.891044,cf2,-1.8676643371582031,1.2034659385681152,1.0091582536697388,-0.1610899418592453,-0.837975263595581,0.0021956569980829954
1765156322.8928156,cf2,-1.8676643371582031,1.2034659385681152,1.0091582536697388,-0.1459003984928131,-0.8435501456260681,0.0011529343901202083
1765156322.8970907,cf1,-1.8919504880905151,0.5332706570625305,1.0004600286483765,0.4498484134674072,-0.8496691584587097,0.013837761245667934
1765156322.8974433,cf1,-1.8919504880905151,0.5332706570625305,1.0004600286483765,0.46652156114578247,-0.8408464789390564,0.020722871646285057
1765156322.9111755,cf2,-1.8708291053771973,1.1877495050430298,1.0090032815933228,-0.1459003984928131,-0.8435501456260681,0.0011529343901202083
1765156322.912905,cf2,-1.8708291053771973,1.1877495050430298,1.0090032815933228,-0.1283959299325943,-0.8359172940254211,-0.0003086731012444943
1765156322.9168892,cf1,-1.8822358846664429,0.5154818296432495,1.0007336139678955,0.46652156114578247,-0.8408464789390564,0.020722871646285057
1765156322.9172192,cf1,-1.8822358846664429,0.5154818296432495,1.0007336139678955,0.48345285654067993,-0.8317575454711914,0.025517171248793602
1765156322.9311106,cf2,-1.8742079734802246,1.1683887243270874,1.0088926553726196,-0.1283959299325943,-0.8359172940254211,-0.0003086731012444943
1765156322.9328434,cf2,-1.8742079734802246,1.1683887243270874,1.0088926553726196,-0.11265581846237183,-0.8404383063316345,0.0016912247519940138
1765156322.9370959,cf1,-1.8721553087234497,0.4978921115398407,1.001033067703247,0.48345285654067993,-0.8317575454711914,0.025517171248793602
1765156322.9374385,cf1,-1.8721553087234497,0.4978921115398407,1.001033067703247,0.5005513429641724,-0.8222847580909729,0.02775503881275654
1765156322.9510722,cf2,-1.8770098686218262,1.1503567695617676,1.00892174243927,-0.11265581846237183,-0.8404383063316345,0.0016912247519940138
1765156322.9529288,cf2,-1.8770098686218262,1.1503567695617676,1.00892174243927,-0.09671107679605484,-0.8428759574890137,0.005139667075127363
1765156322.9569879,cf1,-1.8617135286331177,0.4805077314376831,1.0012983083724976,0.5005513429641724,-0.8222847580909729,0.02775503881275654
1765156322.9573193,cf1,-1.8617135286331177,0.4805077314376831,1.0012983083724976,0.5177552103996277,-0.8124146461486816,0.027029290795326233
1765156322.9711163,cf2,-1.8794833421707153,1.1318329572677612,1.0090856552124023,-0.09671107679605484,-0.8428759574890137,0.005139667075127363
1765156322.9729419,cf2,-1.8794833421707153,1.1318329572677612,1.0090856552124023,-0.08021938055753708,-0.845640242099762,0.011342816986143589
1765156322.9768314,cf1,-1.8512712717056274,0.46386927366256714,1.0014625787734985,0.5177552103996277,-0.8124146461486816,0.027029290795326233
1765156322.97716,cf1,-1.8512712717056274,0.46386927366256714,1.0014625787734985,0.5310986638069153,-0.7961835861206055,0.0223489161580801
1765156322.9910982,cf2,-1.881510615348816,1.1137923002243042,1.0093910694122314,-0.08021938055753708,-0.845640242099762,0.011342816986143589
1765156322.992782,cf2,-1.881510615348816,1.1137923002243042,1.0093910694122314,-0.06337383389472961,-0.8471105098724365,0.018837470561265945
1765156322.9970264,cf1,-1.8398078680038452,0.44643643498420715,1.0015002489089966,0.5310986638069153,-0.7961835861206055,0.0223489161580801
1765156322.997368,cf1,-1.8398078680038452,0.44643643498420715,1.0015002489089966,0.5491620898246765,-0.7867522239685059,0.016093920916318893
1765156323.014217,cf2,-1.8831740617752075,1.0953607559204102,1.0098036527633667,-0.06337383389472961,-0.8471105098724365,0.018837470561265945
1765156323.0145562,cf2,-1.8831740617752075,1.0953607559204102,1.0098036527633667,-0.04481441155076027,-0.842734158039093,0.023328527808189392
1765156323.0168455,cf1,-1.8282908201217651,0.429668664932251,1.0013808012008667,0.5491620898246765,-0.7867522239685059,0.016093920916318893
1765156323.01723,cf1,-1.8282908201217651,0.429668664932251,1.0013808012008667,0.5664626955986023,-0.7760054469108582,0.008395328186452389
1765156323.032232,cf2,-1.8843927383422852,1.0783021450042725,1.0102405548095703,-0.04481441155076027,-0.842734158039093,0.023328527808189392
1765156323.0342054,cf2,-1.8843927383422852,1.0783021450042725,1.0102405548095703,-0.027477379888296127,-0.8355833292007446,0.024873321875929832
1765156323.036641,cf1,-1.8164485692977905,0.4131624102592468,1.0011296272277832,0.5664626955986023,-0.7760054469108582,0.008395328186452389
1765156323.036832,cf1,-1.8164485692977905,0.4131624102592468,1.0011296272277832,0.5834937691688538,-0.7647776007652283,0.0021685343235731125
1765156323.0521057,cf2,-1.8852977752685547,1.0603671073913574,1.0106806755065918,-0.027477379888296127,-0.8355833292007446,0.024873321875929832
1765156323.0539036,cf2,-1.8852977752685547,1.0603671073913574,1.0106806755065918,-0.010692096315324306,-0.835456907749176,0.023575499653816223
1765156323.0568967,cf1,-1.8042633533477783,0.39689716696739197,1.0007892847061157,0.5834937691688538,-0.7647776007652283,0.0021685343235731125
1765156323.0571551,cf1,-1.8042633533477783,0.39689716696739197,1.0007892847061157,0.600293755531311,-0.7533023953437805,-0.0018376458901911974
1765156323.0724208,cf2,-1.8858630657196045,1.0439647436141968,1.011022925376892,-0.010692096315324306,-0.835456907749176,0.023575499653816223
1765156323.0742016,cf2,-1.8858630657196045,1.0439647436141968,1.011022925376892,0.006515768356621265,-0.8247354030609131,0.019629374146461487
1765156323.076576,cf1,-1.7921401262283325,0.38137298822402954,1.0004409551620483,0.600293755531311,-0.7533023953437805,-0.0018376458901911974
1765156323.0767927,cf1,-1.7921401262283325,0.38137298822402954,1.0004409551620483,0.6123012900352478,-0.7361403703689575,-0.003628902602940798
1765156323.092251,cf2,-1.8860254287719727,1.0245416164398193,1.0113193988800049,0.006515768356621265,-0.8247354030609131,0.019629374146461487
1765156323.0939817,cf2,-1.8860254287719727,1.0245416164398193,1.0113193988800049,0.0237408634275198,-0.8257672786712646,0.016171585768461227
1765156323.096836,cf1,-1.7805100679397583,0.36699771881103516,1.0001652240753174,0.6123012900352478,-0.7361403703689575,-0.003628902602940798
1765156323.097246,cf1,-1.7805100679397583,0.36699771881103516,1.0001652240753174,0.6229475736618042,-0.7182199358940125,-0.002857938641682267
1765156323.112015,cf2,-1.8859502077102661,1.0086030960083008,1.011446237564087,0.0237408634275198,-0.8257672786712646,0.016171585768461227
1765156323.1137924,cf2,-1.8859502077102661,1.0086030960083008,1.011446237564087,0.040270205587148666,-0.8187921643257141,0.01145674753934145
1765156323.11705,cf1,-1.7678214311599731,0.35199740529060364,0.9999600648880005,0.6229475736618042,-0.7182199358940125,-0.002857938641682267
1765156323.117453,cf1,-1.7678214311599731,0.35199740529060364,0.9999600648880005,0.6374054551124573,-0.7050962448120117,0.0016420477768406272
1765156323.1321359,cf2,-1.885461688041687,0.99080491065979,1.0114834308624268,0.040270205587148666,-0.8187921643257141,0.01145674753934145
1765156323.135108,cf2,-1.885461688041687,0.99080491065979,1.0114834308624268,0.0570736862719059,-0.8224469423294067,0.00914178416132927
1765156323.1366868,cf1,-1.7543665170669556,0.33674609661102295,0.9998803734779358,0.6374054551124573,-0.7050962448120117,0.0016420477768406272
1765156323.1368854,cf1,-1.7543665170669556,0.33674609661102295,0.9998803734779358,0.6528419852256775,-0.693662166595459,0.009671430103480816
1765156323.1510189,cf2,-1.884506344795227,0.9734666347503662,1.0114268064498901,0.0570736862719059,-0.8224469423294067,0.00914178416132927
1765156323.1528082,cf2,-1.884506344795227,0.9734666347503662,1.0114268064498901,0.0742320790886879,-0.8139984607696533,0.006600689608603716
1765156323.1570415,cf1,-1.7405720949172974,0.32172179222106934,0.9999503493309021,0.6528419852256775,-0.693662166595459,0.009671430103480816
1765156323.1574903,cf1,-1.7405720949172974,0.32172179222106934,0.9999503493309021,0.6678797602653503,-0.6823930144309998,0.019157087430357933
1765156323.1710198,cf2,-1.8833271265029907,0.9557121992111206,1.0113087892532349,0.0742320790886879,-0.8139984607696533,0.006600689608603716
1765156323.1728222,cf2,-1.8833271265029907,0.9557121992111206,1.0113087892532349,0.09034577012062073,-0.8114370703697205,0.005995902232825756
1765156323.176834,cf1,-1.7264660596847534,0.3069506287574768,1.0001543760299683,0.6678797602653503,-0.6823930144309998,0.019157087430357933
1765156323.1775649,cf1,-1.7264660596847534,0.3069506287574768,1.0001543760299683,0.682779848575592,-0.6711603999137878,0.02880355343222618
1765156323.1911197,cf2,-1.881784200668335,0.9378306269645691,1.0111658573150635,0.09034577012062073,-0.8114370703697205,0.005995902232825756
1765156323.1928272,cf2,-1.881784200668335,0.9378306269645691,1.0111658573150635,0.10627912729978561,-0.8094569444656372,0.006984722800552845
1765156323.1956918,cf1,-1.7130143642425537,0.29355210065841675,1.0004079341888428,0.682779848575592,-0.6711603999137878,0.02880355343222618
1765156323.1959236,cf1,-1.7130143642425537,0.29355210065841675,1.0004079341888428,0.6966396570205688,-0.6576822996139526,0.035136520862579346
1765156323.2110934,cf2,-1.8799335956573486,0.9191696047782898,1.011043667793274,0.10627912729978561,-0.8094569444656372,0.006984722800552845
1765156323.2127492,cf2,-1.8799335956573486,0.9191696047782898,1.011043667793274,0.12226000428199768,-0.8103605508804321,0.00894918479025364
1765156323.2158082,cf1,-1.6986522674560547,0.27956125140190125,1.0007177591323853,0.6966396570205688,-0.6576822996139526,0.035136520862579346
1765156323.216181,cf1,-1.6986522674560547,0.27956125140190125,1.0007177591323853,0.7109483480453491,-0.646001935005188,0.03651902824640274
1765156323.23214,cf2,-1.8775806427001953,0.9006821513175964,1.0109153985977173,0.12226000428199768,-0.8103605508804321,0.00894918479025364
1765156323.2339575,cf2,-1.8775806427001953,0.9006821513175964,1.0109153985977173,0.13814499974250793,-0.8065844178199768,0.011840494349598885
1765156323.2358544,cf1,-1.6836907863616943,0.26552581787109375,1.0009669065475464,0.7109483480453491,-0.646001935005188,0.03651902824640274
1765156323.236139,cf1,-1.6836907863616943,0.26552581787109375,1.0009669065475464,0.7255741953849792,-0.6345141530036926,0.03280286490917206
1765156323.2520425,cf2,-1.874678611755371,0.8812820911407471,1.0107989311218262,0.13814499974250793,-0.8065844178199768,0.011840494349598885
1765156323.2541785,cf2,-1.874678611755371,0.8812820911407471,1.0107989311218262,0.15451975166797638,-0.8103071451187134,0.016175802797079086
1765156323.2558649,cf1,-1.668432354927063,0.25172358751296997,1.001060128211975,0.7255741953849792,-0.6345141530036926,0.03280286490917206
1765156323.256219,cf1,-1.668432354927063,0.25172358751296997,1.001060128211975,0.7398400902748108,-0.6227145195007324,0.024316968396306038
1765156323.27216,cf2,-1.8716634511947632,0.863243043422699,1.0107207298278809,0.15451975166797638,-0.8103071451187134,0.016175802797079086
1765156323.2740202,cf2,-1.8716634511947632,0.863243043422699,1.0107207298278809,0.17016661167144775,-0.8097938895225525,0.01930331438779831
1765156323.2769823,cf1,-1.6490377187728882,0.2348380833864212,1.000893235206604,0.7398400902748108,-0.6227145195007324,0.024316968396306038
1765156323.277348,cf1,-1.6490377187728882,0.2348380833864212,1.000893235206604,0.7556112408638,-0.6107243895530701,0.012256909161806107
1765156323.2922006,cf2,-1.8687617778778076,0.8479849696159363,1.0106534957885742,0.17016661167144775,-0.8097938895225525,0.01930331438779831
1765156323.2943006,cf2,-1.8687617778778076,0.8479849696159363,1.0106534957885742,0.1850956380367279,-0.8061404824256897,0.02033286727964878
1765156323.2967262,cf1,-1.6359120607376099,0.22390927374362946,1.0005978345870972,0.7556112408638,-0.6107243895530701,0.012256909161806107
1765156323.2970812,cf1,-1.6359120607376099,0.22390927374362946,1.0005978345870972,0.7584623098373413,-0.5899823307991028,-0.001182209700345993
1765156323.3120363,cf2,-1.8653788566589355,0.8312000036239624,1.0105880498886108,0.1850956380367279,-0.8061404824256897,0.02033286727964878
1765156323.3161395,cf2,-1.8653788566589355,0.8312000036239624,1.0105880498886108,0.20143289864063263,-0.8074254989624023,0.019236817955970764
1765156323.316712,cf1,-1.621091604232788,0.2118249386548996,1.0001411437988281,0.7584623098373413,-0.5899823307991028,-0.001182209700345993
1765156323.3170178,cf1,-1.621091604232788,0.2118249386548996,1.0001411437988281,0.7681263089179993,-0.5754351019859314,-0.01127529051154852
1765156323.3320422,cf2,-1.8613786697387695,0.8132705092430115,1.0104929208755493,0.20143289864063263,-0.8074254989624023,0.019236817955970764
1765156323.3340862,cf2,-1.8613786697387695,0.8132705092430115,1.0104929208755493,0.2183735966682434,-0.8097710013389587,0.01562411617487669
1765156323.3357337,cf1,-1.6045376062393188,0.19885307550430298,0.9995691776275635,0.7681263089179993,-0.5754351019859314,-0.01127529051154852
1765156323.3361175,cf1,-1.6045376062393188,0.19885307550430298,0.9995691776275635,0.7786905765533447,-0.5601685643196106,-0.018769245594739914
1765156323.3521402,cf2,-1.8570051193237305,0.7952982187271118,1.0103691816329956,0.2183735966682434,-0.8097710013389587,0.01562411617487669
1765156323.3538883,cf2,-1.8570051193237305,0.7952982187271118,1.0103691816329956,0.2351609617471695,-0.8109614849090576,0.011900600977241993
1765156323.35591,cf1,-1.5874642133712769,0.18598365783691406,0.9990184307098389,0.7786905765533447,-0.5601685643196106,-0.018769245594739914
1765156323.3563554,cf1,-1.5874642133712769,0.18598365783691406,0.9990184307098389,0.7867551445960999,-0.543664813041687,-0.018381770700216293
1765156323.37204,cf2,-1.852277159690857,0.777370035648346,1.0102081298828125,0.2351609617471695,-0.8109614849090576,0.011900600977241993
1765156323.3738337,cf2,-1.852277159690857,0.777370035648346,1.0102081298828125,0.2518586814403534,-0.8110980987548828,0.008414053358137608
1765156323.3766909,cf1,-1.571334719657898,0.17428575456142426,0.9986846446990967,0.7867551445960999,-0.543664813041687,-0.018381770700216293
1765156323.3771143,cf1,-1.571334719657898,0.17428575456142426,0.9986846446990967,0.7945454120635986,-0.5257394909858704,-0.008258397690951824
1765156323.392295,cf2,-1.8471969366073608,0.7595052123069763,1.0100136995315552,0.2518586814403534,-0.8110980987548828,0.008414053358137608
1765156323.394161,cf2,-1.8471969366073608,0.7595052123069763,1.0100136995315552,0.2685204744338989,-0.810279130935669,0.0055000875145196915
1765156323.3957655,cf1,-1.549497127532959,0.15940749645233154,0.9985373020172119,0.7945454120635986,-0.5257394909858704,-0.008258397690951824
1765156323.396063,cf1,-1.549497127532959,0.15940749645233154,0.9985373020172119,0.8146232962608337,-0.5151069164276123,0.00846722163259983
1765156323.4120119,cf2,-1.8417569398880005,0.741718590259552,1.0098063945770264,0.2685204744338989,-0.810279130935669,0.0055000875145196915
1765156323.4140131,cf2,-1.8417569398880005,0.741718590259552,1.0098063945770264,0.28529617190361023,-0.8085250854492188,0.0032030490692704916
1765156323.4156942,cf1,-1.5321424007415771,0.14799411594867706,0.9988402128219604,0.8146232962608337,-0.5151069164276123,0.00846722163259983
1765156323.416034,cf1,-1.5321424007415771,0.14799411594867706,0.9988402128219604,0.8259814977645874,-0.5006006956100464,0.02509171888232231
1765156323.4320068,cf2,-1.8359488248825073,0.7240285277366638,1.0096291303634644,0.28529617190361023,-0.8085250854492188,0.0032030490692704916
1765156323.4338877,cf2,-1.8359488248825073,0.7240285277366638,1.0096291303634644,0.302127867937088,-0.8056051731109619,0.0008999013807624578
1765156323.435638,cf1,-1.5146573781967163,0.1369767040014267,0.999401867389679,0.8259814977645874,-0.5006006956100464,0.02509171888232231
1765156323.4359915,cf1,-1.5146573781967163,0.1369767040014267,0.999401867389679,0.8368821144104004,-0.4857247471809387,0.03858673572540283
1765156323.4522612,cf2,-1.8297843933105469,0.7064680457115173,1.0095129013061523,0.302127867937088,-0.8056051731109619,0.0008999013807624578
1765156323.454199,cf2,-1.8297843933105469,0.7064680457115173,1.0095129013061523,0.3187909722328186,-0.801316499710083,0.0018968807999044657
1765156323.4567275,cf1,-1.496110200881958,0.12582571804523468,1.0000836849212646,0.8368821144104004,-0.4857247471809387,0.03858673572540283
1765156323.4571466,cf1,-1.496110200881958,0.12582571804523468,1.0000836849212646,0.8481660485267639,-0.4697139263153076,0.04181865230202675
1765156323.4721086,cf2,-1.823256254196167,0.6890556216239929,1.009479284286499,0.3187909722328186,-0.801316499710083,0.0018968807999044657
1765156323.4739504,cf2,-1.823256254196167,0.6890556216239929,1.009479284286499,0.33561941981315613,-0.796023428440094,0.005080646835267544
1765156323.476959,cf1,-1.479055404663086,0.11593500524759293,1.0006377696990967,0.8481660485267639,-0.4697139263153076,0.04181865230202675
1765156323.4773707,cf1,-1.479055404663086,0.11593500524759293,1.0006377696990967,0.8549811840057373,-0.45245063304901123,0.0352320596575737
1765156323.4910831,cf2,-1.8163119554519653,0.6717259287834167,1.0095528364181519,0.33561941981315613,-0.796023428440094,0.005080646835267544
1765156323.4928966,cf2,-1.8163119554519653,0.6717259287834167,1.0095528364181519,0.3523411154747009,-0.7869686484336853,0.008550040423870087
1765156323.4956586,cf1,-1.4694887399673462,0.11020439863204956,1.0008269548416138,0.8549811840057373,-0.45245063304901123,0.0352320596575737
1765156323.495994,cf1,-1.4694887399673462,0.11020439863204956,1.0008269548416138,0.8561539053916931,-0.4428118169307709,0.028349343687295914
1765156323.5112247,cf2,-1.809072732925415,0.6547530293464661,1.00974702835083,0.3523411154747009,-0.7869686484336853,0.008550040423870087
1765156323.5129423,cf2,-1.809072732925415,0.6547530293464661,1.00974702835083,0.3679717183113098,-0.7762100696563721,0.010914692655205727
1765156323.515887,cf1,-1.4515973329544067,0.10046932846307755,1.0010452270507812,0.8561539053916931,-0.4428118169307709,0.028349343687295914
1765156323.5162017,cf1,-1.4515973329544067,0.10046932846307755,1.0010452270507812,0.863640546798706,-0.4257446527481079,0.013570096343755722
1765156323.5320523,cf2,-1.8013914823532104,0.6378228068351746,1.010046124458313,0.3679717183113098,-0.7762100696563721,0.010914692655205727
1765156323.5339427,cf2,-1.8013914823532104,0.6378228068351746,1.010046124458313,0.38509029150009155,-0.7683486342430115,0.012991218827664852
1765156323.5355878,cf1,-1.4333873987197876,0.09098782390356064,1.0010311603546143,0.863640546798706,-0.4257446527481079,0.013570096343755722
1765156323.5358832,cf1,-1.4333873987197876,0.09098782390356064,1.0010311603546143,0.8709815144538879,-0.40797144174575806,-0.0015203064540401101
1765156323.5511723,cf2,-1.7934099435806274,0.6212093234062195,1.0104105472564697,0.38509029150009155,-0.7683486342430115,0.012991218827664852
1765156323.554324,cf2,-1.7934099435806274,0.6212093234062195,1.0104105472564697,0.4002685546875,-0.7559706568717957,0.013806136325001717
1765156323.5557387,cf1,-1.4150458574295044,0.08187606930732727,1.0008387565612793,0.8709815144538879,-0.40797144174575806,-0.0015203064540401101
1765156323.556031,cf1,-1.4150458574295044,0.08187606930732727,1.0008387565612793,0.8778496384620667,-0.38938653469085693,-0.01060420647263527
1765156323.5720482,cf2,-1.7823654413223267,0.600020706653595,1.0109130144119263,0.4002685546875,-0.7559706568717957,0.013806136325001717
1765156323.5739424,cf2,-1.7823654413223267,0.600020706653595,1.0109130144119263,0.4170028269290924,-0.7463340759277344,0.014001220464706421
1765156323.5761774,cf1,-1.3965749740600586,0.07315143942832947,1.0005700588226318,0.8778496384620667,-0.38938653469085693,-0.01060420647263527
1765156323.5765862,cf1,-1.3965749740600586,0.07315143942832947,1.0005700588226318,0.8846760988235474,-0.3704659342765808,-0.013404992409050465
1765156323.5921168,cf2,-1.7735885381698608,0.583838701248169,1.01131010055542,0.4170028269290924,-0.7463340759277344,0.014001220464706421
1765156323.5939257,cf2,-1.7735885381698608,0.583838701248169,1.01131010055542,0.43424132466316223,-0.7391016483306885,0.013424482196569443
1765156323.5957355,cf1,-1.3779648542404175,0.06483028084039688,1.0003567934036255,0.8846760988235474,-0.3704659342765808,-0.013404992409050465
1765156323.5960767,cf1,-1.3779648542404175,0.06483028084039688,1.0003567934036255,0.8915554881095886,-0.35134607553482056,-0.009204993955790997
1765156323.6120284,cf2,-1.7645827531814575,0.5680207014083862,1.0116641521453857,0.43424132466316223,-0.7391016483306885,0.013424482196569443
1765156323.6139128,cf2,-1.7645827531814575,0.5680207014083862,1.0116641521453857,0.4479656219482422,-0.7279914021492004,0.011285068467259407
1765156323.6157067,cf1,-1.360943078994751,0.057738546282052994,1.0002638101577759,0.8915554881095886,-0.35134607553482056,-0.009204993955790997
1765156323.6160367,cf1,-1.360943078994751,0.057738546282052994,1.0002638101577759,0.8984288573265076,-0.3321639597415924,0.0004046522080898285
1765156323.6320581,cf2,-1.755307912826538,0.5524606704711914,1.0119500160217285,0.4479656219482422,-0.7279914021492004,0.011285068467259407
1765156323.6339004,cf2,-1.755307912826538,0.5524606704711914,1.0119500160217285,0.4579804539680481,-0.7132666707038879,0.006473190151154995
1765156323.6357272,cf1,-1.340306043624878,0.04943551868200302,1.0004462003707886,0.8984288573265076,-0.3321639597415924,0.0004046522080898285
1765156323.6360667,cf1,-1.340306043624878,0.04943551868200302,1.0004462003707886,0.9052075147628784,-0.31300240755081177,0.012442071922123432
1765156323.6510732,cf2,-1.7505700588226318,0.5441671013832092,1.012067437171936,0.4579804539680481,-0.7132666707038879,0.006473190151154995
1765156323.6528091,cf2,-1.7505700588226318,0.5441671013832092,1.012067437171936,0.4739997684955597,-0.7043411135673523,0.001003779238089919
1765156323.655702,cf1,-1.3212600946426392,0.04236361011862755,1.0007857084274292,0.9052075147628784,-0.31300240755081177,0.012442071922123432
1765156323.6560216,cf1,-1.3212600946426392,0.04236361011862755,1.0007857084274292,0.9118186831474304,-0.2938584089279175,0.024202659726142883
1765156323.6711907,cf2,-1.7416921854019165,0.5304014086723328,1.012219786643982,0.4739997684955597,-0.7043411135673523,0.001003779238089919
1765156323.6729467,cf2,-1.7416921854019165,0.5304014086723328,1.012219786643982,0.4837355613708496,-0.6898813247680664,-0.003977123647928238
1765156323.675782,cf1,-1.302078127861023,0.03570178523659706,1.0012574195861816,0.9118186831474304,-0.2938584089279175,0.024202659726142883
1765156323.6761148,cf1,-1.302078127861023,0.03570178523659706,1.0012574195861816,0.9182093143463135,-0.27471107244491577,0.0331135131418705
1765156323.6911328,cf2,-1.7310329675674438,0.5141196846961975,1.0123530626296997,0.4837355613708496,-0.6898813247680664,-0.003977123647928238
1765156323.6928496,cf2,-1.7310329675674438,0.5141196846961975,1.0123530626296997,0.4945080280303955,-0.6775650978088379,-0.005358012393116951
1765156323.69579,cf1,-1.2827680110931396,0.02944061905145645,1.0017648935317993,0.9182093143463135,-0.27471107244491577,0.0331135131418705
1765156323.6960921,cf1,-1.2827680110931396,0.02944061905145645,1.0017648935317993,0.924350917339325,-0.25554218888282776,0.03656424582004547
1765156323.7111468,cf2,-1.721802830696106,0.5009176135063171,1.0124363899230957,0.4945080280303955,-0.6775650978088379,-0.005358012393116951
1765156323.7129588,cf2,-1.721802830696106,0.5009176135063171,1.0124363899230957,0.5050700306892395,-0.6655799746513367,-0.002866729162633419
1765156323.7167907,cf1,-1.2631187438964844,0.023514339700341225,1.0022062063217163,0.924350917339325,-0.25554218888282776,0.03656424582004547
1765156323.717083,cf1,-1.2631187438964844,0.023514339700341225,1.0022062063217163,0.9279517531394958,-0.2346782386302948,0.03309788554906845
1765156323.7310767,cf2,-1.7114964723587036,0.4865284860134125,1.0125629901885986,0.5050700306892395,-0.6655799746513367,-0.002866729162633419
1765156323.7327504,cf2,-1.7114964723587036,0.4865284860134125,1.0125629901885986,0.515576958656311,-0.6541107892990112,0.0027034650556743145
1765156323.7370918,cf1,-1.2456024885177612,0.018683502450585365,1.0024676322937012,0.9279517531394958,-0.2346782386302948,0.03309788554906845
1765156323.7374403,cf1,-1.2456024885177612,0.018683502450585365,1.0024676322937012,0.9325069189071655,-0.21519282460212708,0.024531979113817215
1765156323.7510295,cf2,-1.7022913694381714,0.4740169942378998,1.0127311944961548,0.515576958656311,-0.6541107892990112,0.0027034650556743145
1765156323.7527943,cf2,-1.7022913694381714,0.4740169942378998,1.0127311944961548,0.5145302414894104,-0.6297585964202881,0.007272313814610243
1765156323.7557206,cf1,-1.2259244918823242,0.013537658378481865,1.002532720565796,0.9325069189071655,-0.21519282460212708,0.024531979113817215
1765156323.7559943,cf1,-1.2259244918823242,0.013537658378481865,1.002532720565796,0.9344033598899841,-0.19406446814537048,0.011412645690143108
1765156323.7711265,cf2,-1.6919702291488647,0.4605828523635864,1.0129636526107788,0.5145302414894104,-0.6297585964202881,0.007272313814610243
1765156323.7729418,cf2,-1.6919702291488647,0.4605828523635864,1.0129636526107788,0.5248841643333435,-0.6195506453514099,0.012041926383972168
1765156323.7757573,cf1,-1.2063531875610352,0.008811639621853828,1.0023514032363892,0.9344033598899841,-0.19406446814537048,0.011412645690143108
1765156323.775987,cf1,-1.2063531875610352,0.008811639621853828,1.0023514032363892,0.9346833229064941,-0.1732470840215683,-0.0016012049745768309
1765156323.7911465,cf2,-1.6796892881393433,0.44534069299697876,1.013269066810608,0.5248841643333435,-0.6195506453514099,0.012041926383972168
1765156323.7927938,cf2,-1.6796892881393433,0.44534069299697876,1.013269066810608,0.5335254073143005,-0.6076690554618835,0.01578609086573124
1765156323.7958574,cf1,-1.1866071224212646,0.004458399955183268,1.001967191696167,0.9346833229064941,-0.1732470840215683,-0.0016012049745768309
1765156323.7962766,cf1,-1.1866071224212646,0.004458399955183268,1.001967191696167,0.9384651780128479,-0.1532084345817566,-0.01144977193325758
1765156323.8109844,cf2,-1.6698144674301147,0.4333042800426483,1.0135276317596436,0.5335254073143005,-0.6076690554618835,0.01578609086573124
1765156323.8127632,cf2,-1.6698144674301147,0.4333042800426483,1.0135276317596436,0.5429943799972534,-0.5972825884819031,0.020905274897813797
1765156323.8156893,cf1,-1.1667836904525757,0.000521977199241519,1.001511812210083,0.9384651780128479,-0.1532084345817566,-0.01144977193325758
1765156323.816026,cf1,-1.1667836904525757,0.000521977199241519,1.001511812210083,0.9419450163841248,-0.13314099609851837,-0.014383281581103802
1765156323.8312335,cf2,-1.6585147380828857,0.4200885593891144,1.0137654542922974,0.5429943799972534,-0.5972825884819031,0.020905274897813797
1765156323.832857,cf2,-1.6585147380828857,0.4200885593891144,1.0137654542922974,0.5600833892822266,-0.5940512418746948,0.024972327053546906
1765156323.8359342,cf1,-1.14689040184021,-0.0029952500481158495,1.0011003017425537,0.9419450163841248,-0.13314099609851837,-0.014383281581103802
1765156323.836263,cf1,-1.14689040184021,-0.0029952500481158495,1.0011003017425537,0.9451524615287781,-0.11347106844186783,-0.011217157356441021
1765156323.8519952,cf2,-1.646549105644226,0.4065995216369629,1.0139176845550537,0.5600833892822266,-0.5940512418746948,0.024972327053546906
1765156323.8538175,cf2,-1.646549105644226,0.4065995216369629,1.0139176845550537,0.5716394782066345,-0.5838320851325989,0.02354872040450573
1765156323.8556476,cf1,-1.126927375793457,-0.006094526499509811,1.0008323192596436,0.9451524615287781,-0.11347106844186783,-0.011217157356441021
1765156323.8558574,cf1,-1.126927375793457,-0.006094526499509811,1.0008323192596436,0.9481614232063293,-0.09424039721488953,-0.002824044320732355
1765156323.871102,cf2,-1.6328331232070923,0.3918178975582123,1.0139094591140747,0.5716394782066345,-0.5838320851325989,0.02354872040450573
1765156323.8739085,cf2,-1.6328331232070923,0.3918178975582123,1.0139094591140747,0.5773204565048218,-0.5794255137443542,0.02102140337228775
1765156323.87585,cf1,-1.1068960428237915,-0.008779487572610378,1.0007625818252563,0.9481614232063293,-0.09424039721488953,-0.002824044320732355
1765156323.876043,cf1,-1.1068960428237915,-0.008779487572610378,1.0007625818252563,0.9509453773498535,-0.07543981075286865,0.00799261312931776
1765156323.892132,cf2,-1.6208138465881348,0.379218727350235,1.0136991739273071,0.5773204565048218,-0.5794255137443542,0.02102140337228775
1765156323.8939066,cf2,-1.6208138465881348,0.379218727350235,1.0136991739273071,0.5900282263755798,-0.5699394345283508,0.013632730580866337
1765156323.8958695,cf1,-1.0868028402328491,-0.011058429256081581,1.0008865594863892,0.9509453773498535,-0.07543981075286865,0.00799261312931776
1765156323.8964772,cf1,-1.0868028402328491,-0.011058429256081581,1.0008865594863892,0.9534376263618469,-0.05699076130986214,0.018528912216424942
1765156323.9119809,cf2,-1.6084119081497192,0.36667001247406006,1.0133007764816284,0.5900282263755798,-0.5699394345283508,0.013632730580866337
1765156323.9138412,cf2,-1.6084119081497192,0.36667001247406006,1.0133007764816284,0.6046608090400696,-0.5628407597541809,0.0048281108029186726
1765156323.9156256,cf1,-1.0666556358337402,-0.012941354885697365,1.0011521577835083,0.9534376263618469,-0.05699076130986214,0.018528912216424942
1765156323.9158316,cf1,-1.0666556358337402,-0.012941354885697365,1.0011521577835083,0.9556007981300354,-0.03876221552491188,0.026250680908560753
1765156323.9320757,cf2,-1.595648169517517,0.35421472787857056,1.0127390623092651,0.6046608090400696,-0.5628407597541809,0.0048281108029186726
1765156323.93396,cf2,-1.595648169517517,0.35421472787857056,1.0127390623092651,0.6194849610328674,-0.5552867650985718,-0.003692461410537362
1765156323.9358313,cf1,-1.0464643239974976,-0.014437766745686531,1.0014715194702148,0.9556007981300354,-0.03876221552491188,0.026250680908560753
1765156323.9360163,cf1,-1.0464643239974976,-0.014437766745686531,1.0014715194702148,0.9573588371276855,-0.020623531192541122,0.029255887493491173
1765156323.952057,cf2,-1.5825906991958618,0.34194648265838623,1.0120856761932373,0.6194849610328674,-0.5552867650985718,-0.003692461410537362
1765156323.9538338,cf2,-1.5825906991958618,0.34194648265838623,1.0120856761932373,0.634272575378418,-0.5468612909317017,-0.009181213565170765
1765156323.9558165,cf1,-1.0262422561645508,-0.015555059537291527,1.001747488975525,0.9573588371276855,-0.020623531192541122,0.029255887493491173
1765156323.9561403,cf1,-1.0262422561645508,-0.015555059537291527,1.001747488975525,0.9586024284362793,-0.002436733804643154,0.026996858417987823
1765156323.971967,cf2,-1.5688546895980835,0.3295838236808777,1.01142418384552,0.634272575378418,-0.5468612909317017,-0.009181213565170765
1765156323.973779,cf2,-1.5688546895980835,0.3295838236808777,1.01142418384552,0.6465792655944824,-0.5333060026168823,-0.010719595476984978
1765156323.9756327,cf1,-1.0060021877288818,-0.016297340393066406,1.0018986463546753,0.9586024284362793,-0.002436733804643154,0.026996858417987823
1765156323.9758697,cf1,-1.0060021877288818,-0.016297340393066406,1.0018986463546753,0.959265410900116,0.01591750793159008,0.02048749290406704
1765156323.9921877,cf2,-1.5509095191955566,0.31439855694770813,1.0106929540634155,0.6465792655944824,-0.5333060026168823,-0.010719595476984978
1765156323.9937725,cf2,-1.5509095191955566,0.31439855694770813,1.0106929540634155,0.6612154841423035,-0.5205941200256348,-0.006932137068361044
1765156323.9959934,cf1,-0.9863958954811096,-0.01667025499045849,1.001871109008789,0.959265410900116,0.01591750793159008,0.02048749290406704
1765156323.9963372,cf1,-0.9863958954811096,-0.01667025499045849,1.001871109008789,0.9522396326065063,0.03430131822824478,0.010280963033437729
1765156324.0120714,cf2,-1.5371161699295044,0.3031236231327057,1.0104202032089233,0.6612154841423035,-0.5205941200256348,-0.006932137068361044
1765156324.0138435,cf2,-1.5371161699295044,0.3031236231327057,1.0104202032089233,0.6745857000350952,-0.5087671279907227,8.07730175438337e-05
1765156324.0156589,cf1,-0.9655877947807312,-0.016649862751364708,1.001668095588684,0.9522396326065063,0.03430131822824478,0.010280963033437729
1765156324.015948,cf1,-0.9655877947807312,-0.016649862751364708,1.001668095588684,0.9531625509262085,0.05326487496495247,0.0005744277150370181
1765156324.0320835,cf2,-1.523746371269226,0.2926609516143799,1.010408878326416,0.6745857000350952,-0.5087671279907227,8.07730175438337e-05
1765156324.0340042,cf2,-1.523746371269226,0.2926609516143799,1.010408878326416,0.6824990510940552,-0.49246716499328613,0.008942116983234882
1765156324.0358202,cf1,-0.9483465552330017,-0.016405818983912468,1.001389980316162,0.9531625509262085,0.05326487496495247,0.0005744277150370181
1765156324.0362887,cf1,-0.9483465552330017,-0.016405818983912468,1.001389980316162,0.9409515857696533,0.07131978869438171,-0.007785268127918243
1765156324.0519826,cf2,-1.5127863883972168,0.28427302837371826,1.0105822086334229,0.6824990510940552,-0.49246716499328613,0.008942116983234882
1765156324.0540915,cf2,-1.5127863883972168,0.28427302837371826,1.0105822086334229,0.6883014440536499,-0.4748840630054474,0.016195446252822876
1765156324.0556495,cf1,-0.9283237457275391,-0.01566353254020214,1.0010285377502441,0.9409515857696533,0.07131978869438171,-0.007785268127918243
1765156324.055897,cf1,-0.9283237457275391,-0.01566353254020214,1.0010285377502441,0.939907968044281,0.09041620790958405,-0.00966492947191
1765156324.0719981,cf2,-1.4947229623794556,0.27147504687309265,1.010927438735962,0.6883014440536499,-0.4748840630054474,0.016195446252822876
1765156324.0738428,cf2,-1.4947229623794556,0.27147504687309265,1.010927438735962,0.7019515633583069,-0.46220850944519043,0.021491482853889465
1765156324.075781,cf1,-0.908149778842926,-0.014501613564789295,1.0006992816925049,0.939907968044281,0.09041620790958405,-0.00966492947191
1765156324.0760171,cf1,-0.908149778842926,-0.014501613564789295,1.0006992816925049,0.9392574429512024,0.1096920445561409,-0.006581829860806465
1765156324.0921416,cf2,-1.4831550121307373,0.2633898854255676,1.0112673044204712,0.7019515633583069,-0.46220850944519043,0.021491482853889465
1765156324.0937147,cf2,-1.4831550121307373,0.2633898854255676,1.0112673044204712,0.7035141587257385,-0.441657155752182,0.02271837368607521
1765156324.095827,cf1,-0.8879926204681396,-0.012913007289171219,1.00048828125,0.9392574429512024,0.1096920445561409,-0.006581829860806465
1765156324.0960658,cf1,-0.8879926204681396,-0.012913007289171219,1.00048828125,0.9385413527488708,0.1291392743587494,0.0028355836402624846
1765156324.112053,cf2,-1.4682424068450928,0.25356417894363403,1.0116808414459229,0.7035141587257385,-0.441657155752182,0.02271837368607521
1765156324.1138153,cf2,-1.4682424068450928,0.25356417894363403,1.0116808414459229,0.7129834890365601,-0.4267329275608063,0.023410195484757423
1765156324.115768,cf1,-0.8678517937660217,-0.010893512517213821,1.0004336833953857,0.9385413527488708,0.1291392743587494,0.0028355836402624846
1765156324.116085,cf1,-0.8678517937660217,-0.010893512517213821,1.0004336833953857,0.9380799531936646,0.1486613154411316,0.015054762363433838
1765156324.132044,cf2,-1.4529632329940796,0.24393409490585327,1.012046456336975,0.7129834890365601,-0.4267329275608063,0.023410195484757423
1765156324.1337664,cf2,-1.4529632329940796,0.24393409490585327,1.012046456336975,0.7222742438316345,-0.4119414985179901,0.020452959463000298
1765156324.1355712,cf1,-0.8477177023887634,-0.008438285440206528,1.0005316734313965,0.9380799531936646,0.1486613154411316,0.015054762363433838
1765156324.1359973,cf1,-0.8477177023887634,-0.008438285440206528,1.0005316734313965,0.9378945827484131,0.16826453804969788,0.02588227204978466
1765156324.1521127,cf2,-1.437515377998352,0.23461781442165375,1.0123165845870972,0.7222742438316345,-0.4119414985179901,0.020452959463000298
1765156324.1537998,cf2,-1.437515377998352,0.23461781442165375,1.0123165845870972,0.7339115738868713,-0.39909034967422485,0.016512351110577583
1765156324.1566586,cf1,-0.8273654580116272,-0.005506062414497137,1.0007320642471313,0.9378945827484131,0.16826453804969788,0.02588227204978466
1765156324.1568642,cf1,-0.8273654580116272,-0.005506062414497137,1.0007320642471313,0.9352443814277649,0.1884959489107132,0.03304537758231163
1765156324.1720018,cf2,-1.4219188690185547,0.2256162464618683,1.0124512910842896,0.7339115738868713,-0.39909034967422485,0.016512351110577583
1765156324.1738286,cf2,-1.4219188690185547,0.2256162464618683,1.0124512910842896,0.7393636703491211,-0.38232943415641785,0.010842829942703247
1765156324.1757898,cf1,-0.8045382499694824,-0.0014426312409341335,1.0009547472000122,0.9352443814277649,0.1884959489107132,0.03304537758231163
1765156324.1761258,cf1,-0.8045382499694824,-0.0014426312409341335,1.0009547472000122,0.9345859289169312,0.20948617160320282,0.03450353816151619
1765156324.193109,cf2,-1.4061723947525024,0.21692045032978058,1.0124434232711792,0.7393636703491211,-0.38232943415641785,0.010842829942703247
1765156324.1933644,cf2,-1.4061723947525024,0.21692045032978058,1.0124434232711792,0.7475035786628723,-0.36788293719291687,0.00446489080786705
1765156324.1959488,cf1,-0.7866874933242798,0.0016619613161310554,1.0010757446289062,0.9345859289169312,0.20948617160320282,0.03450353816151619
1765156324.1961842,cf1,-0.7866874933242798,0.0016619613161310554,1.0010757446289062,0.9255756139755249,0.2272796481847763,0.028498753905296326
1765156324.2111356,cf2,-1.3901985883712769,0.20849572122097015,1.0123451948165894,0.7475035786628723,-0.36788293719291687,0.00446489080786705
1765156324.2128322,cf2,-1.3901985883712769,0.20849572122097015,1.0123451948165894,0.7530011534690857,-0.35180315375328064,-0.0022953273728489876
1765156324.2157927,cf1,-0.7633127570152283,0.006827622652053833,1.0010443925857544,0.9255756139755249,0.2272796481847763,0.028498753905296326
1765156324.2161257,cf1,-0.7633127570152283,0.006827622652053833,1.0010443925857544,0.9275262951850891,0.24838118255138397,0.01985989511013031
1765156324.231167,cf2,-1.3742727041244507,0.20045605301856995,1.0122212171554565,0.7530011534690857,-0.35180315375328064,-0.0022953273728489876
1765156324.2328422,cf2,-1.3742727041244507,0.20045605301856995,1.0122212171554565,0.7595741152763367,-0.33765608072280884,-0.003239438869059086
1765156324.235758,cf1,-0.7443063855171204,0.011209012940526009,1.000794768333435,0.9275262951850891,0.24838118255138397,0.01985989511013031
1765156324.2360687,cf1,-0.7443063855171204,0.011209012940526009,1.000794768333435,0.9189279675483704,0.2666507065296173,0.007719837594777346
1765156324.2512212,cf2,-1.357048511505127,0.19240666925907135,1.0120724439620972,0.7595741152763367,-0.33765608072280884,-0.003239438869059086
1765156324.2529852,cf2,-1.357048511505127,0.19240666925907135,1.0120724439620972,0.7661429047584534,-0.3236110210418701,-0.0014483893755823374
1765156324.256838,cf1,-0.7230491042137146,0.016625886783003807,1.000349760055542,0.9189279675483704,0.2666507065296173,0.007719837594777346
1765156324.2571776,cf1,-0.7230491042137146,0.016625886783003807,1.000349760055542,0.914094090461731,0.28709518909454346,-0.0017962207784876227
1765156324.2711332,cf2,-1.3418813943862915,0.1852174550294876,1.0120596885681152,0.7661429047584534,-0.3236110210418701,-0.0014483893755823374
1765156324.2727818,cf2,-1.3418813943862915,0.1852174550294876,1.0120596885681152,0.772591769695282,-0.3094811737537384,0.002756460104137659
1765156324.2768967,cf1,-0.7045760154724121,0.021493202075362206,0.9999101758003235,0.914094090461731,0.28709518909454346,-0.0017962207784876227
1765156324.2772899,cf1,-0.7045760154724121,0.021493202075362206,0.9999101758003235,0.9103913307189941,0.30673810839653015,-0.00801964569836855
1765156324.2919662,cf2,-1.329370379447937,0.17956741154193878,1.0120967626571655,0.772591769695282,-0.3094811737537384,0.002756460104137659
1765156324.293836,cf2,-1.329370379447937,0.17956741154193878,1.0120967626571655,0.7864825129508972,-0.29665935039520264,0.007926922291517258
1765156324.2967856,cf1,-0.6848554611206055,0.027345094829797745,0.9994474649429321,0.9103913307189941,0.30673810839653015,-0.00801964569836855
1765156324.2971282,cf1,-0.6848554611206055,0.027345094829797745,0.9994474649429321,0.9059930443763733,0.3261766731739044,-0.008829648606479168
1765156324.3122575,cf2,-1.3073434829711914,0.17082151770591736,1.0121642351150513,0.7864825129508972,-0.29665935039520264,0.007926922291517258
1765156324.3139272,cf2,-1.3073434829711914,0.17082151770591736,1.0121642351150513,0.7776165008544922,-0.27729809284210205,0.009250807575881481
1765156324.3167133,cf1,-0.6675495505332947,0.03278478607535362,0.9991326332092285,0.9059930443763733,0.3261766731739044,-0.008829648606479168
1765156324.3170385,cf1,-0.6675495505332947,0.03278478607535362,0.9991326332092285,0.891731321811676,0.34183505177497864,-0.006613673642277718
1765156324.3321676,cf2,-1.291282057762146,0.16454434394836426,1.0123339891433716,0.7776165008544922,-0.27729809284210205,0.009250807575881481
1765156324.3338146,cf2,-1.291282057762146,0.16454434394836426,1.0123339891433716,0.7826221585273743,-0.2628781795501709,0.010401826351881027
1765156324.3367705,cf1,-0.6459490656852722,0.04025297611951828,0.9988613128662109,0.891731321811676,0.34183505177497864,-0.006613673642277718
1765156324.3371203,cf1,-0.6459490656852722,0.04025297611951828,0.9988613128662109,0.8893934488296509,0.3628905415534973,0.0011478946544229984
1765156324.3521292,cf2,-1.274592399597168,0.15837478637695312,1.0125031471252441,0.7826221585273743,-0.2628781795501709,0.010401826351881027
1765156324.3541434,cf2,-1.274592399597168,0.15837478637695312,1.0125031471252441,0.7875321507453918,-0.24848952889442444,0.009377796202898026
1765156324.3567321,cf1,-0.6253412365913391,0.04808899015188217,0.9987773895263672,0.8893934488296509,0.3628905415534973,0.0011478946544229984
1765156324.357042,cf1,-0.6253412365913391,0.04808899015188217,0.9987773895263672,0.8834279179573059,0.3825671374797821,0.010971478186547756
1765156324.372072,cf2,-1.2577940225601196,0.1525079756975174,1.0126279592514038,0.7875321507453918,-0.24848952889442444,0.009377796202898026
1765156324.3738697,cf2,-1.2577940225601196,0.1525079756975174,1.0126279592514038,0.7918652296066284,-0.2339252382516861,0.007187035400420427
1765156324.376775,cf1,-0.6118177771568298,0.05322077497839928,0.9989814162254333,0.8834279179573059,0.3825671374797821,0.010971478186547756
1765156324.377037,cf1,-0.6118177771568298,0.05322077497839928,0.9989814162254333,0.8663120269775391,0.3969117999076843,0.0211644284427166
1765156324.3920486,cf2,-1.2420458793640137,0.1470964103937149,1.0126941204071045,0.7918652296066284,-0.2339252382516861,0.007187035400420427
1765156324.3937442,cf2,-1.2420458793640137,0.1470964103937149,1.0126941204071045,0.7957901358604431,-0.21924443542957306,0.00434286892414093
1765156324.3966682,cf1,-0.5931074023246765,0.060955412685871124,0.9992951154708862,0.8663120269775391,0.3969117999076843,0.0211644284427166
1765156324.3968978,cf1,-0.5931074023246765,0.060955412685871124,0.9992951154708862,0.8596609830856323,0.4158787131309509,0.029860200360417366
1765156324.4121122,cf2,-1.2318203449249268,0.14378847181797028,1.0127023458480835,0.7957901358604431,-0.21924443542957306,0.00434286892414093
1765156324.4138794,cf2,-1.2318203449249268,0.14378847181797028,1.0127023458480835,0.805115282535553,-0.20367057621479034,0.0016330176731571555
1765156324.4166608,cf1,-0.5742274522781372,0.0692366361618042,0.999701976776123,0.8596609830856323,0.4158787131309509,0.029860200360417366
1765156324.4168792,cf1,-0.5742274522781372,0.0692366361618042,0.999701976776123,0.8530657291412354,0.43486061692237854,0.033338967710733414
1765156324.4332278,cf2,-1.21184504032135,0.13782377541065216,1.0126512050628662,0.805115282535553,-0.20367057621479034,0.0016330176731571555
1765156324.4334831,cf2,-1.21184504032135,0.13782377541065216,1.0126512050628662,0.7992867231369019,-0.19526366889476776,-0.0003056160931009799
1765156324.4370768,cf1,-0.5555059909820557,0.07791807502508163,1.0001331567764282,0.8530657291412354,0.43486061692237854,0.033338967710733414
1765156324.4374182,cf1,-0.5555059909820557,0.07791807502508163,1.0001331567764282,0.8458177447319031,0.4533582925796509,0.035189662128686905
1765156324.4510615,cf2,-1.1954203844070435,0.13343778252601624,1.0125542879104614,0.7992867231369019,-0.19526366889476776,-0.0003056160931009799
1765156324.452825,cf2,-1.1954203844070435,0.13343778252601624,1.0125542879104614,0.8038339614868164,-0.17926034331321716,-0.0025756419636309147
1765156324.4569185,cf1,-0.53696209192276,0.08697724342346191,1.000476360321045,0.8458177447319031,0.4533582925796509,0.035189662128686905
1765156324.4580393,cf1,-0.53696209192276,0.08697724342346191,1.000476360321045,0.8346630334854126,0.47008222341537476,0.03279736265540123
1765156324.4712944,cf2,-1.1783053874969482,0.12908056378364563,1.012445330619812,0.8038339614868164,-0.17926034331321716,-0.0025756419636309147
1765156324.4728677,cf2,-1.1783053874969482,0.12908056378364563,1.012445330619812,0.8070454001426697,-0.16378386318683624,-0.003613403532654047
1765156324.4755828,cf1,-0.5181817412376404,0.09663744270801544,1.0006577968597412,0.8346630334854126,0.47008222341537476,0.03279736265540123
1765156324.4757545,cf1,-0.5181817412376404,0.09663744270801544,1.0006577968597412,0.824934184551239,0.4880525469779968,0.025651363655924797
1765156324.4910738,cf2,-1.161169171333313,0.12506301701068878,1.012350082397461,0.8070454001426697,-0.16378386318683624,-0.003613403532654047
1765156324.492779,cf2,-1.161169171333313,0.12506301701068878,1.012350082397461,0.8099021911621094,-0.14816012978553772,-0.0020372425206005573
1765156324.495905,cf1,-0.5003682971000671,0.10621356219053268,1.000625491142273,0.824934184551239,0.4880525469779968,0.025651363655924797
1765156324.496175,cf1,-0.5003682971000671,0.10621356219053268,1.000625491142273,0.8166933059692383,0.5057904124259949,0.015629105269908905
1765156324.5121915,cf2,-1.1435952186584473,0.12132232636213303,1.0123111009597778,0.8099021911621094,-0.14816012978553772,-0.0020372425206005573
1765156324.514124,cf2,-1.1435952186584473,0.12132232636213303,1.0123111009597778,0.8107476830482483,-0.13101331889629364,0.002545277588069439
1765156324.515616,cf1,-0.4823608696460724,0.11636807024478912,1.000390887260437,0.8166933059692383,0.5057904124259949,0.015629105269908905
1765156324.5160332,cf1,-0.4823608696460724,0.11636807024478912,1.000390887260437,0.808761715888977,0.5239503383636475,0.005404054187238216
1765156324.5319712,cf2,-1.126741647720337,0.1180727481842041,1.0123569965362549,0.8107476830482483,-0.13101331889629364,0.002545277588069439
1765156324.5341358,cf2,-1.126741647720337,0.1180727481842041,1.0123569965362549,0.8132193088531494,-0.11441437155008316,0.009358657523989677
1765156324.535678,cf1,-0.46452030539512634,0.12690702080726624,1.0000085830688477,0.808761715888977,0.5239503383636475,0.005404054187238216
1765156324.5360096,cf1,-0.46452030539512634,0.12690702080726624,1.0000085830688477,0.8004928827285767,0.5417302846908569,-0.0021247693803161383
1765156324.5520408,cf2,-1.1094626188278198,0.11512816697359085,1.0124680995941162,0.8132193088531494,-0.11441437155008316,0.009358657523989677
1765156324.5539443,cf2,-1.1094626188278198,0.11512816697359085,1.0124680995941162,0.8167501091957092,-0.09721636027097702,0.016191711649298668
1765156324.5556934,cf1,-0.44687238335609436,0.13780924677848816,0.9995546936988831,0.8004928827285767,0.5417302846908569,-0.0021247693803161383
1765156324.5559804,cf1,-0.44687238335609436,0.13780924677848816,0.9995546936988831,0.7920243144035339,0.5587689876556396,-0.006177108734846115
1765156324.5722528,cf2,-1.0920844078063965,0.1125645712018013,1.0126216411590576,0.8167501091957092,-0.09721636027097702,0.016191711649298668
1765156324.5742698,cf2,-1.0920844078063965,0.1125645712018013,1.0126216411590576,0.8206902742385864,-0.07930164784193039,0.02127104438841343
1765156324.5756304,cf1,-0.42942720651626587,0.14906978607177734,0.9991276264190674,0.7920243144035339,0.5587689876556396,-0.006177108734846115
1765156324.575902,cf1,-0.42942720651626587,0.14906978607177734,0.9991276264190674,0.7832673788070679,0.5750641226768494,-0.005857660435140133
1765156324.59207,cf2,-1.0746248960494995,0.1103939414024353,1.0127716064453125,0.8206902742385864,-0.07930164784193039,0.02127104438841343
1765156324.594081,cf2,-1.0746248960494995,0.1103939414024353,1.0127716064453125,0.8248316049575806,-0.06079033762216568,0.023715445771813393
1765156324.5959918,cf1,-0.4121960401535034,0.16068242490291595,0.9988078474998474,0.7832673788070679,0.5750641226768494,-0.005857660435140133
1765156324.5963736,cf1,-0.4121960401535034,0.16068242490291595,0.9988078474998474,0.7741363048553467,0.5906529426574707,-0.0017933417111635208
1765156324.611985,cf2,-1.057085394859314,0.10861809551715851,1.0128579139709473,0.8248316049575806,-0.06079033762216568,0.023715445771813393
1765156324.613894,cf2,-1.057085394859314,0.10861809551715851,1.0128579139709473,0.8290250897407532,-0.04184233769774437,0.02253064513206482
1765156324.6168702,cf1,-0.3948175609111786,0.17292837798595428,0.9986380934715271,0.7741363048553467,0.5906529426574707,-0.0017933417111635208
1765156324.6172178,cf1,-0.3948175609111786,0.17292837798595428,0.9986380934715271,0.7621548175811768,0.6049314737319946,0.003972701728343964
1765156324.6312575,cf2,-1.039469838142395,0.10723813623189926,1.012831211090088,0.8290250897407532,-0.04184233769774437,0.02253064513206482
1765156324.6328695,cf2,-1.039469838142395,0.10723813623189926,1.012831211090088,0.8296869397163391,-0.022150691598653793,0.017652949318289757
1765156324.636898,cf1,-0.3784196674823761,0.18493954837322235,0.9986495971679688,0.7621548175811768,0.6049314737319946,0.003972701728343964
1765156324.6372187,cf1,-0.3784196674823761,0.18493954837322235,0.9986495971679688,0.7513167858123779,0.6186206936836243,0.010456858202815056
1765156324.6509817,cf2,-1.0209003686904907,0.10625073313713074,1.0126488208770752,0.8296869397163391,-0.022150691598653793,0.017652949318289757
1765156324.652892,cf2,-1.0209003686904907,0.10625073313713074,1.0126488208770752,0.8268526792526245,0.0003486188070382923,0.00884818471968174
1765156324.6569517,cf1,-0.361926406621933,0.19753065705299377,0.998802661895752,0.7513167858123779,0.6186206936836243,0.010456858202815056
1765156324.657274,cf1,-0.361926406621933,0.19753065705299377,0.998802661895752,0.7405884265899658,0.6324798464775085,0.016088688746094704
1765156324.6711543,cf2,-1.0040385723114014,0.10569259524345398,1.0123602151870728,0.8268526792526245,0.0003486188070382923,0.00884818471968174
1765156324.6728745,cf2,-1.0040385723114014,0.10569259524345398,1.0123602151870728,0.8280515074729919,0.019427035003900528,9.626268001738936e-05
1765156324.6768045,cf1,-0.34567660093307495,0.2104480266571045,0.9990747570991516,0.7405884265899658,0.6324798464775085,0.016088688746094704
1765156324.6771297,cf1,-0.34567660093307495,0.2104480266571045,0.9990747570991516,0.7290925979614258,0.6461349129676819,0.020702682435512543
1765156324.691042,cf2,-0.9863177537918091,0.10550789535045624,1.0119704008102417,0.8280515074729919,0.019427035003900528,9.626268001738936e-05
1765156324.6928885,cf2,-0.9863177537918091,0.10550789535045624,1.0119704008102417,0.8300188183784485,0.03807777166366577,-0.006966407876461744
1765156324.697006,cf1,-0.32970675826072693,0.223673477768898,0.9994158744812012,0.7290925979614258,0.6461349129676819,0.020702682435512543
1765156324.6973412,cf1,-0.32970675826072693,0.223673477768898,0.9994158744812012,0.716709315776825,0.6598050594329834,0.023141779005527496
1765156324.7110808,cf2,-0.9685350656509399,0.10570862144231796,1.0115489959716797,0.8300188183784485,0.03807777166366577,-0.006966407876461744
1765156324.7128677,cf2,-0.9685350656509399,0.10570862144231796,1.0115489959716797,0.8311063647270203,0.05609912425279617,-0.009726127609610558
1765156324.7160795,cf1,-0.3136897385120392,0.23752640187740326,0.9997694492340088,0.716709315776825,0.6598050594329834,0.023141779005527496
1765156324.7163625,cf1,-0.3136897385120392,0.23752640187740326,0.9997694492340088,0.7010297775268555,0.6726523637771606,0.022502349689602852
1765156324.7312114,cf2,-0.9496070742607117,0.10653218626976013,1.011107087135315,0.8311063647270203,0.05609912425279617,-0.009726127609610558
1765156324.7329657,cf2,-0.9496070742607117,0.10653218626976013,1.011107087135315,0.835748016834259,0.07446569204330444,-0.00809511635452509
1765156324.735845,cf1,-0.2986583709716797,0.25104331970214844,1.000061273574829,0.7010297775268555,0.6726523637771606,0.022502349689602852
1765156324.7361262,cf1,-0.2986583709716797,0.25104331970214844,1.000061273574829,0.6863951086997986,0.6857810020446777,0.01930856890976429
1765156324.7510586,cf2,-0.9328899383544922,0.10725037753582001,1.010919451713562,0.835748016834259,0.07446569204330444,-0.00809511635452509
1765156324.7527905,cf2,-0.9328899383544922,0.10725037753582001,1.010919451713562,0.8338255882263184,0.08987222611904144,-0.002392170485109091
1765156324.7558076,cf1,-0.2836264371871948,0.2651512026786804,1.000273585319519,0.6863951086997986,0.6857810020446777,0.01930856890976429
1765156324.7562363,cf1,-0.2836264371871948,0.2651512026786804,1.000273585319519,0.67164146900177,0.699601948261261,0.014741635881364346
1765156324.771013,cf2,-0.9140312075614929,0.10884027183055878,1.010777473449707,0.8338255882263184,0.08987222611904144,-0.002392170485109091
1765156324.77276,cf2,-0.9140312075614929,0.10884027183055878,1.010777473449707,0.833156168460846,0.10616972297430038,0.006978452671319246
1765156324.7758067,cf1,-0.26890429854393005,0.27957093715667725,1.0003923177719116,0.67164146900177,0.699601948261261,0.014741635881364346
1765156324.7761958,cf1,-0.26890429854393005,0.27957093715667725,1.0003923177719116,0.6563851833343506,0.7132688164710999,0.01024820376187563
1765156324.7911923,cf2,-0.8963021636009216,0.11053600162267685,1.0108778476715088,0.833156168460846,0.10616972297430038,0.006978452671319246
1765156324.792877,cf2,-0.8963021636009216,0.11053600162267685,1.0108778476715088,0.8323705196380615,0.12246783077716827,0.016083065420389175
1765156324.7958395,cf1,-0.25451022386550903,0.29427415132522583,1.0004253387451172,0.6563851833343506,0.7132688164710999,0.01024820376187563
1765156324.7961152,cf1,-0.25451022386550903,0.29427415132522583,1.0004253387451172,0.6409995555877686,0.7264959812164307,0.006594133097678423
1765156324.811089,cf2,-0.8785873651504517,0.11259716004133224,1.011123538017273,0.8323705196380615,0.12246783077716827,0.016083065420389175
1765156324.812842,cf2,-0.8785873651504517,0.11259716004133224,1.011123538017273,0.8312144875526428,0.13883914053440094,0.023142632097005844
1765156324.8157537,cf1,-0.24044734239578247,0.30925408005714417,1.0004059076309204,0.6409995555877686,0.7264959812164307,0.006594133097678423
1765156324.8161027,cf1,-0.24044734239578247,0.30925408005714417,1.0004059076309204,0.6255622506141663,0.7393021583557129,0.004611607640981674
1765156324.8311346,cf2,-0.8620750904083252,0.11465428024530411,1.0114343166351318,0.8312144875526428,0.13883914053440094,0.023142632097005844
1765156324.832822,cf2,-0.8620750904083252,0.11465428024530411,1.0114343166351318,0.8296207189559937,0.15531018376350403,0.026676347479224205
1765156324.836782,cf1,-0.22295306622982025,0.3290591835975647,1.000339388847351,0.6255622506141663,0.7393021583557129,0.004611607640981674
1765156324.837152,cf1,-0.22295306622982025,0.3290591835975647,1.000339388847351,0.6145153045654297,0.7596474289894104,0.005602069199085236
1765156324.8510542,cf2,-0.8432680368423462,0.11778653413057327,1.0117236375808716,0.8296207189559937,0.15531018376350403,0.026676347479224205
1765156324.8528826,cf2,-0.8432680368423462,0.11778653413057327,1.0117236375808716,0.8275750875473022,0.17192238569259644,0.025511208921670914
1765156324.857168,cf1,-0.21314355731010437,0.3402632474899292,1.0003615617752075,0.6145153045654297,0.7596474289894104,0.005602069199085236
1765156324.857509,cf1,-0.21314355731010437,0.3402632474899292,1.0003615617752075,0.5877101421356201,0.7569067478179932,0.0052105337381362915
1765156324.8710768,cf2,-0.8256816267967224,0.1209048330783844,1.0119082927703857,0.8275750875473022,0.17192238569259644,0.025511208921670914
1765156324.8728125,cf2,-0.8256816267967224,0.1209048330783844,1.0119082927703857,0.8249512314796448,0.18867133557796478,0.020059900358319283
1765156324.8771484,cf1,-0.1996479034423828,0.3569604456424713,1.0003597736358643,0.5877101421356201,0.7569067478179932,0.0052105337381362915
1765156324.877472,cf1,-0.1996479034423828,0.3569604456424713,1.0003597736358643,0.5720794796943665,0.7682331800460815,0.007441808003932238
1765156324.892066,cf2,-0.8079836964607239,0.12441931664943695,1.0119463205337524,0.8249512314796448,0.18867133557796478,0.020059900358319283
1765156324.8941903,cf2,-0.8079836964607239,0.12441931664943695,1.0119463205337524,0.8187769055366516,0.20554551482200623,0.009885967709124088
1765156324.8966274,cf1,-0.1876213252544403,0.37179869413375854,1.0004760026931763,0.5720794796943665,0.7682331800460815,0.007441808003932238
1765156324.8968623,cf1,-0.1876213252544403,0.37179869413375854,1.0004760026931763,0.5565011501312256,0.7797595262527466,0.008544757030904293
1765156324.9111872,cf2,-0.7899296283721924,0.12839221954345703,1.0118112564086914,0.8187769055366516,0.20554551482200623,0.009885967709124088
1765156324.9129562,cf2,-0.7899296283721924,0.12839221954345703,1.0118112564086914,0.8120954036712646,0.22205282747745514,-0.0012836138484999537
1765156324.9171276,cf1,-0.17528626322746277,0.38807883858680725,1.0006330013275146,0.5565011501312256,0.7797595262527466,0.008544757030904293
1765156324.9174368,cf1,-0.17528626322746277,0.38807883858680725,1.0006330013275146,0.5403347611427307,0.7908775806427002,0.0137981828302145
1765156324.9310472,cf2,-0.7734195590019226,0.13231618702411652,1.0115560293197632,0.8120954036712646,0.22205282747745514,-0.0012836138484999537
1765156324.9328926,cf2,-0.7734195590019226,0.13231618702411652,1.0115560293197632,0.8061772584915161,0.2375909984111786,-0.009375876747071743
1765156324.9371657,cf1,-0.1633211076259613,0.4046013653278351,1.0008381605148315,0.5403347611427307,0.7908775806427002,0.0137981828302145
1765156324.9373922,cf1,-0.1633211076259613,0.4046013653278351,1.0008381605148315,0.5241634249687195,0.8019672632217407,0.01959165558218956
1765156324.951234,cf2,-0.7562592029571533,0.1367640644311905,1.0112528800964355,0.8061772584915161,0.2375909984111786,-0.009375876747071743
1765156324.9529994,cf2,-0.7562592029571533,0.1367640644311905,1.0112528800964355,0.8004172444343567,0.2530352771282196,-0.01292803231626749
1765156324.9567637,cf1,-0.15114136040210724,0.42260465025901794,1.00104558467865,0.5241634249687195,0.8019672632217407,0.01959165558218956
1765156324.9569938,cf1,-0.15114136040210724,0.42260465025901794,1.00104558467865,0.508241593837738,0.8131844997406006,0.022975187748670578
1765156324.9710944,cf2,-0.7391823530197144,0.1415567249059677,1.0110037326812744,0.8004172444343567,0.2530352771282196,-0.01292803231626749
1765156324.9729242,cf2,-0.7391823530197144,0.1415567249059677,1.0110037326812744,0.7942116856575012,0.26806706190109253,-0.01138361170887947
1765156324.9770887,cf1,-0.1398988664150238,0.43963247537612915,1.0012472867965698,0.508241593837738,0.8131844997406006,0.022975187748670578
1765156324.9774241,cf1,-0.1398988664150238,0.43963247537612915,1.0012472867965698,0.49235421419143677,0.8244177103042603,0.023630911484360695
1765156324.9922476,cf2,-0.7229546308517456,0.14628154039382935,1.0109424591064453,0.7942116856575012,0.26806706190109253,-0.01138361170887947
1765156324.9940624,cf2,-0.7229546308517456,0.14628154039382935,1.0109424591064453,0.785459041595459,0.282770037651062,-0.0047792731784284115
1765156324.9966028,cf1,-0.12900705635547638,0.45689988136291504,1.0013790130615234,0.49235421419143677,0.8244177103042603,0.023630911484360695
1765156324.9967961,cf1,-0.12900705635547638,0.45689988136291504,1.0013790130615234,0.4781182110309601,0.8404658436775208,0.02237408049404621
1765156325.011026,cf2,-0.7132949829101562,0.14926014840602875,1.0109883546829224,0.785459041595459,0.282770037651062,-0.0047792731784284115
1765156325.0142038,cf2,-0.7132949829101562,0.14926014840602875,1.0109883546829224,0.7846752405166626,0.30154579877853394,0.006467041559517384
1765156325.0170417,cf1,-0.11846771091222763,0.4744027853012085,1.0013893842697144,0.4781182110309601,0.8404658436775208,0.02237408049404621
1765156325.0173674,cf1,-0.11846771091222763,0.4744027853012085,1.0013893842697144,0.4616818428039551,0.8516894578933716,0.01709062047302723
1765156325.0309956,cf2,-0.6936075091362,0.15600033104419708,1.0111713409423828,0.7846752405166626,0.30154579877853394,0.006467041559517384
1765156325.033986,cf2,-0.6936075091362,0.15600033104419708,1.0111713409423828,0.7770920395851135,0.3069934844970703,0.012330446392297745
1765156325.0370927,cf1,-0.10828182101249695,0.49213242530822754,1.0012526512145996,0.4616818428039551,0.8516894578933716,0.01709062047302723
1765156325.0374286,cf1,-0.10828182101249695,0.49213242530822754,1.0012526512145996,0.443218857049942,0.8576737642288208,0.009256265126168728
1765156325.0522041,cf2,-0.6769346594810486,0.16205988824367523,1.011528491973877,0.7770920395851135,0.3069934844970703,0.012330446392297745
1765156325.053834,cf2,-0.6769346594810486,0.16205988824367523,1.011528491973877,0.761229395866394,0.3202027380466461,0.022166026756167412
1765156325.0566177,cf1,-0.09845603257417679,0.510079026222229,1.0009689331054688,0.443218857049942,0.8576737642288208,0.009256265126168728
1765156325.056965,cf1,-0.09845603257417679,0.510079026222229,1.0009689331054688,0.42626023292541504,0.8680480718612671,0.00105781271122396
1765156325.0720801,cf2,-0.6610841751098633,0.16814637184143066,1.0119373798370361,0.761229395866394,0.3202027380466461,0.022166026756167412
1765156325.0739594,cf2,-0.6610841751098633,0.16814637184143066,1.0119373798370361,0.754258930683136,0.33440709114074707,0.02764481119811535
1765156325.0769982,cf1,-0.08899904042482376,0.5282321572303772,1.000573754310608,0.42626023292541504,0.8680480718612671,0.00105781271122396
1765156325.0773313,cf1,-0.08899904042482376,0.5282321572303772,1.000573754310608,0.4089578092098236,0.877739429473877,-0.0059428405947983265
1765156325.092085,cf2,-0.6448265910148621,0.174757719039917,1.0123423337936401,0.754258930683136,0.33440709114074707,0.02764481119811535
1765156325.0940213,cf2,-0.6448265910148621,0.174757719039917,1.0123423337936401,0.7483626008033752,0.3491341471672058,0.029295116662979126
1765156325.0969255,cf1,-0.07992775738239288,0.5465802550315857,1.0001554489135742,0.4089578092098236,0.877739429473877,-0.0059428405947983265
1765156325.0974429,cf1,-0.07992775738239288,0.5465802550315857,1.0001554489135742,0.3913961946964264,0.8866873979568481,-0.007949411869049072
1765156325.1123552,cf2,-0.6286640763282776,0.18169525265693665,1.0126663446426392,0.7483626008033752,0.3491341471672058,0.029295116662979126
1765156325.1141455,cf2,-0.6286640763282776,0.18169525265693665,1.0126663446426392,0.7425665259361267,0.36421650648117065,0.02805124968290329
1765156325.1156905,cf1,-0.07496320456266403,0.5563631057739258,1.000032663345337,0.3913961946964264,0.8866873979568481,-0.007949411869049072
1765156325.1159236,cf1,-0.07496320456266403,0.5563631057739258,1.000032663345337,0.3825753927230835,0.8923749327659607,-0.0069339694455266
1765156325.1320016,cf2,-0.6126227974891663,0.1889549344778061,1.0128343105316162,0.7425665259361267,0.36421650648117065,0.02805124968290329
1765156325.1340158,cf2,-0.6126227974891663,0.1889549344778061,1.0128343105316162,0.7369326949119568,0.37987977266311646,0.023319922387599945
1765156325.1357167,cf1,-0.06658142060041428,0.5747761130332947,0.999768853187561,0.3825753927230835,0.8923749327659607,-0.0069339694455266
1765156325.1359372,cf1,-0.06658142060041428,0.5747761130332947,0.999768853187561,0.3647797703742981,0.899630069732666,-0.003330342937260866
1765156325.1523132,cf2,-0.5966986417770386,0.196542888879776,1.0128005743026733,0.7369326949119568,0.37987977266311646,0.023319922387599945
1765156325.1540995,cf2,-0.5966986417770386,0.196542888879776,1.0128005743026733,0.7314485311508179,0.3960314393043518,0.015472055412828922
1765156325.1557913,cf1,-0.05851034075021744,0.5935543179512024,0.9996411800384521,0.3647797703742981,0.899630069732666,-0.003330342937260866
1765156325.1562204,cf1,-0.05851034075021744,0.5935543179512024,0.9996411800384521,0.34708505868911743,0.9070420265197754,0.0033872914500534534
1765156325.1721096,cf2,-0.5808922648429871,0.20446215569972992,1.0125466585159302,0.7314485311508179,0.3960314393043518,0.015472055412828922
1765156325.173984,cf2,-0.5808922648429871,0.20446215569972992,1.0125466585159302,0.7259389162063599,0.41253069043159485,0.006361611653119326
1765156325.175695,cf1,-0.05083664134144783,0.6125027537345886,0.9996671676635742,0.34708505868911743,0.9070420265197754,0.0033872914500534534
1765156325.1760066,cf1,-0.05083664134144783,0.6125027537345886,0.9996671676635742,0.32927969098091125,0.914065420627594,0.01260729506611824
1765156325.1920204,cf2,-0.5652053356170654,0.21272213757038116,1.012094259262085,0.7259389162063599,0.41253069043159485,0.006361611653119326
1765156325.1938174,cf2,-0.5652053356170654,0.21272213757038116,1.012094259262085,0.7202726006507874,0.4293314218521118,-0.002605283400043845
1765156325.1956275,cf1,-0.04356003925204277,0.6316084861755371,0.9998236894607544,0.32927969098091125,0.914065420627594,0.01260729506611824
1765156325.195858,cf1,-0.04356003925204277,0.6316084861755371,0.9998236894607544,0.31149178743362427,0.9209610223770142,0.021694323047995567
1765156325.2122278,cf2,-0.549646258354187,0.2213301658630371,1.0115140676498413,0.7202726006507874,0.4293314218521118,-0.002605283400043845
1765156325.214238,cf2,-0.549646258354187,0.2213301658630371,1.0115140676498413,0.711182713508606,0.44465866684913635,-0.009105660021305084
1765156325.2157319,cf1,-0.03667772561311722,0.6508707404136658,1.0000627040863037,0.31149178743362427,0.9209610223770142,0.021694323047995567
1765156325.2160358,cf1,-0.03667772561311722,0.6508707404136658,1.0000627040863037,0.2936338186264038,0.9278615713119507,0.02798098884522915
1765156325.2319984,cf2,-0.5342264771461487,0.2302926778793335,1.0109049081802368,0.711182713508606,0.44465866684913635,-0.009105660021305084
1765156325.233966,cf2,-0.5342264771461487,0.2302926778793335,1.0109049081802368,0.7076893448829651,0.4629291594028473,-0.011067017912864685
1765156325.235731,cf1,-0.030184924602508545,0.6702831387519836,1.000312089920044,0.2936338186264038,0.9278615713119507,0.02798098884522915
1765156325.2362146,cf1,-0.030184924602508545,0.6702831387519836,1.000312089920044,0.27567633986473083,0.9346601366996765,0.030104458332061768
1765156325.2521186,cf2,-0.5189610719680786,0.239613339304924,1.0103669166564941,0.7076893448829651,0.4629291594028473,-0.011067017912864685
1765156325.2539253,cf2,-0.5189610719680786,0.239613339304924,1.0103669166564941,0.6975523233413696,0.4777303636074066,-0.009120007045567036
1765156325.2556195,cf1,-0.02407628856599331,0.689836323261261,1.0004886388778687,0.27567633986473083,0.9346601366996765,0.030104458332061768
1765156325.2559361,cf1,-0.02407628856599331,0.689836323261261,1.0004886388778687,0.25756415724754333,0.9412568211555481,0.027434982359409332
1765156325.2721567,cf2,-0.5038666129112244,0.2492910623550415,1.009980320930481,0.6975523233413696,0.4777303636074066,-0.009120007045567036
1765156325.2741904,cf2,-0.5038666129112244,0.2492910623550415,1.009980320930481,0.6927375793457031,0.49548426270484924,-0.0023322810884565115
1765156325.2756522,cf1,-0.01834932155907154,0.7095207571983337,1.0005239248275757,0.25756415724754333,0.9412568211555481,0.027434982359409332
1765156325.275958,cf1,-0.01834932155907154,0.7095207571983337,1.0005239248275757,0.23924760520458221,0.947562575340271,0.02079891227185726
1765156325.2919667,cf2,-0.4889563024044037,0.25932201743125916,1.0097938776016235,0.6927375793457031,0.49548426270484924,-0.0023322810884565115
1765156325.293882,cf2,-0.4889563024044037,0.25932201743125916,1.0097938776016235,0.6813920140266418,0.5093902945518494,0.005539617035537958
1765156325.2968864,cf1,-0.012952861376106739,0.7295577526092529,1.0003777742385864,0.23924760520458221,0.947562575340271,0.02079891227185726
1765156325.2972434,cf1,-0.012952861376106739,0.7295577526092529,1.0003777742385864,0.21913084387779236,0.951337993144989,0.010744490660727024
1765156325.3111987,cf2,-0.47321000695228577,0.27066707611083984,1.0097655057907104,0.6813920140266418,0.5093902945518494,0.005539617035537958
1765156325.3130538,cf2,-0.47321000695228577,0.27066707611083984,1.0097655057907104,0.6696608066558838,0.523651123046875,0.014533464796841145
1765156325.3168175,cf1,-0.008050069212913513,0.7492552399635315,1.000060796737671,0.21913084387779236,0.951337993144989,0.010744490660727024
1765156325.3171303,cf1,-0.008050069212913513,0.7492552399635315,1.000060796737671,0.20021504163742065,0.9561706781387329,0.0010617508087307215
1765156325.3311052,cf2,-0.45976462960243225,0.28039875626564026,1.0100092887878418,0.6696608066558838,0.523651123046875,0.014533464796841145
1765156325.3330028,cf2,-0.45976462960243225,0.28039875626564026,1.0100092887878418,0.6598165035247803,0.5381912589073181,0.020946079865098
1765156325.3371167,cf1,-0.003489759285002947,0.7692683339118958,0.9996100068092346,0.20021504163742065,0.9561706781387329,0.0010617508087307215
1765156325.3374782,cf1,-0.003489759285002947,0.7692683339118958,0.9996100068092346,0.18122732639312744,0.9612227082252502,-0.007034667767584324
1765156325.3520606,cf2,-0.44518592953681946,0.2916799485683441,1.010321855545044,0.6598165035247803,0.5381912589073181,0.020946079865098
1765156325.354001,cf2,-0.44518592953681946,0.2916799485683441,1.010321855545044,0.6472264528274536,0.5515840649604797,0.023197336122393608
1765156325.3569353,cf1,0.000670772569719702,0.7893890142440796,0.9990860223770142,0.18122732639312744,0.9612227082252502,-0.007034667767584324
1765156325.3573556,cf1,0.000670772569719702,0.7893890142440796,0.9990860223770142,0.16201062500476837,0.9657217860221863,-0.011868934147059917
1765156325.372181,cf2,-0.4314720034599304,0.3027283847332001,1.0106571912765503,0.6472264528274536,0.5515840649604797,0.023197336122393608
1765156325.3743122,cf2,-0.4314720034599304,0.3027283847332001,1.0106571912765503,0.6354167461395264,0.563935399055481,0.020947175100445747
1765156325.3767464,cf1,0.004408210050314665,0.8095995783805847,0.9985739588737488,0.16201062500476837,0.9657217860221863,-0.011868934147059917
1765156325.3771846,cf1,0.004408210050314665,0.8095995783805847,0.9985739588737488,0.14242501556873322,0.9697439074516296,-0.012072104029357433
1765156325.3921332,cf2,-0.4177146553993225,0.3142666518688202,1.010941982269287,0.6354167461395264,0.563935399055481,0.020947175100445747
1765156325.3939712,cf2,-0.4177146553993225,0.3142666518688202,1.010941982269287,0.6236003041267395,0.5756633877754211,0.015441804192960262
1765156325.3968809,cf1,0.007706270087510347,0.8298941850662231,0.9981652498245239,0.14242501556873322,0.9697439074516296,-0.012072104029357433
1765156325.3973105,cf1,0.007706270087510347,0.8298941850662231,0.9981652498245239,0.12256602197885513,0.9733334183692932,-0.007119350600987673
1765156325.411985,cf2,-0.4041944444179535,0.3260461688041687,1.0111132860183716,0.6236003041267395,0.5756633877754211,0.015441804192960262
1765156325.413987,cf2,-0.4041944444179535,0.3260461688041687,1.0111132860183716,0.61135333776474,0.5865070223808289,0.008358578197658062
1765156325.4156344,cf1,0.010270878672599792,0.8488709330558777,0.9979022145271301,0.12256602197885513,0.9733334183692932,-0.007119350600987673
1765156325.415972,cf1,0.010270878672599792,0.8488709330558777,0.9979022145271301,0.10121983289718628,0.9740960597991943,0.0017398903146386147
1765156325.4313316,cf2,-0.3900379538536072,0.33913272619247437,1.0111559629440308,0.61135333776474,0.5865070223808289,0.008358578197658062
1765156325.43314,cf2,-0.3900379538536072,0.33913272619247437,1.0111559629440308,0.5962142944335938,0.5954013466835022,0.00014238004223443568
1765156325.4358745,cf1,0.01264937687665224,0.8688462972640991,0.9978780746459961,0.10121983289718628,0.9740960597991943,0.0017398903146386147
1765156325.4361606,cf1,0.01264937687665224,0.8688462972640991,0.9978780746459961,0.0810423344373703,0.9760874509811401,0.01214582659304142
1765156325.4511135,cf2,-0.37720736861228943,0.3512105345726013,1.0110573768615723,0.5962142944335938,0.5954013466835022,0.00014238004223443568
1765156325.4528873,cf2,-0.37720736861228943,0.3512105345726013,1.0110573768615723,0.5833949446678162,0.6050804853439331,-0.005744336638599634
1765156325.4557507,cf1,0.014614989049732685,0.8893088698387146,0.9980593919754028,0.0810423344373703,0.9760874509811401,0.01214582659304142
1765156325.456058,cf1,0.014614989049732685,0.8893088698387146,0.9980593919754028,0.06085271015763283,0.9782912135124207,0.022677110508084297
1765156325.4712534,cf2,-0.3701721727848053,0.35765936970710754,1.0109786987304688,0.5833949446678162,0.6050804853439331,-0.005744336638599634
1765156325.4731011,cf2,-0.3701721727848053,0.35765936970710754,1.0109786987304688,0.5728171467781067,0.6203330755233765,-0.007363600190728903
1765156325.4758384,cf1,0.01612868160009384,0.9098394513130188,0.9983920454978943,0.06085271015763283,0.9782912135124207,0.022677110508084297
1765156325.4761293,cf1,0.01612868160009384,0.9098394513130188,0.9983920454978943,0.040195297449827194,0.976126492023468,0.030026588588953018
1765156325.4910922,cf2,-0.3558749258518219,0.37206530570983887,1.0107674598693848,0.5728171467781067,0.6203330755233765,-0.007363600190728903
1765156325.4928474,cf2,-0.3558749258518219,0.37206530570983887,1.0107674598693848,0.5607396364212036,0.6315488815307617,-0.0059004779905080795
1765156325.4960117,cf1,0.017213959246873856,0.9304007887840271,0.9987809658050537,0.040195297449827194,0.976126492023468,0.030026588588953018
1765156325.496343,cf1,0.017213959246873856,0.9304007887840271,0.9987809658050537,0.021067872643470764,0.9812743663787842,0.0341433510184288
1765156325.5110617,cf2,-0.3435899317264557,0.38490530848503113,1.0105949640274048,0.5607396364212036,0.6315488815307617,-0.0059004779905080795
1765156325.5128946,cf2,-0.3435899317264557,0.38490530848503113,1.0105949640274048,0.5477169752120972,0.6420625448226929,-0.0017805139068514109
1765156325.5157852,cf1,0.017895618453621864,0.950983464717865,0.9991217851638794,0.021067872643470764,0.9812743663787842,0.0341433510184288
1765156325.5161326,cf1,0.017895618453621864,0.950983464717865,0.9991217851638794,0.0018752571195363998,0.9821852445602417,0.032054658979177475
1765156325.531219,cf2,-0.3330062925815582,0.3963277041912079,1.0105003118515015,0.5477169752120972,0.6420625448226929,-0.0017805139068514109
1765156325.53296,cf2,-0.3330062925815582,0.3963277041912079,1.0105003118515015,0.5233942866325378,0.6385236382484436,0.0030395607464015484
1765156325.535955,cf1,0.018189812079072,0.9715780019760132,0.9993250966072083,0.0018752571195363998,0.9821852445602417,0.032054658979177475
1765156325.5361757,cf1,0.018189812079072,0.9715780019760132,0.9993250966072083,-0.016964415088295937,0.9826936721801758,0.02526315115392208
1765156325.5510588,cf2,-0.32037508487701416,0.41069522500038147,1.0104286670684814,0.5233942866325378,0.6385236382484436,0.0030395607464015484
1765156325.5527372,cf2,-0.32037508487701416,0.41069522500038147,1.0104286670684814,0.5171429514884949,0.6583220362663269,0.009362722747027874
1765156325.5558486,cf1,0.018108611926436424,0.9921768307685852,0.9993285536766052,-0.016964415088295937,0.9826936721801758,0.02526315115392208
1765156325.5562317,cf1,0.018108611926436424,0.9921768307685852,0.9993285536766052,-0.03574531525373459,0.9789093732833862,0.014413445256650448
1765156325.5710514,cf2,-0.30855581164360046,0.42470353841781616,1.0104281902313232,0.5171429514884949,0.6583220362663269,0.009362722747027874
1765156325.572841,cf2,-0.30855581164360046,0.42470353841781616,1.0104281902313232,0.4959758520126343,0.658129870891571,0.013316761702299118
1765156325.5757177,cf1,0.01765792816877365,1.0127707719802856,0.9991176724433899,-0.03574531525373459,0.9789093732833862,0.014413445256650448
1765156325.5760393,cf1,0.01765792816877365,1.0127707719802856,0.9991176724433899,-0.05400317162275314,0.9785131812095642,0.002493562176823616
1765156325.5911787,cf2,-0.29772791266441345,0.43807968497276306,1.0104860067367554,0.4959758520126343,0.658129870891571,0.013316761702299118
1765156325.5929065,cf2,-0.29772791266441345,0.43807968497276306,1.0104860067367554,0.4810861647129059,0.6663630604743958,0.01924801431596279
1765156325.5957625,cf1,0.016836969181895256,1.0333478450775146,0.9987325668334961,-0.05400317162275314,0.9785131812095642,0.002493562176823616
1765156325.5960534,cf1,0.016836969181895256,1.0333478450775146,0.9987325668334961,-0.07212499529123306,0.9775308966636658,-0.007488537114113569
1765156325.6112015,cf2,-0.2880997955799103,0.4503820240497589,1.010556936264038,0.4810861647129059,0.6663630604743958,0.01924801431596279
1765156325.612919,cf2,-0.2880997955799103,0.4503820240497589,1.010556936264038,0.46816256642341614,0.6771283745765686,0.02232179418206215
1765156325.6157691,cf1,0.015639547258615494,1.0538983345031738,0.9982612133026123,-0.07212499529123306,0.9775308966636658,-0.007488537114113569
1765156325.616114,cf1,0.015639547258615494,1.0538983345031738,0.9982612133026123,-0.09011657536029816,0.9760461449623108,-0.012672731652855873
1765156325.6311193,cf2,-0.27752649784088135,0.4645504951477051,1.0106077194213867,0.46816256642341614,0.6771283745765686,0.02232179418206215
1765156325.6329064,cf2,-0.27752649784088135,0.4645504951477051,1.0106077194213867,0.45655184984207153,0.690139651298523,0.023504415526986122
1765156325.6357734,cf1,0.01394831482321024,1.075351357460022,0.99779212474823,-0.09011657536029816,0.9760461449623108,-0.012672731652855873
1765156325.6361158,cf1,0.01394831482321024,1.075351357460022,0.99779212474823,-0.10937310755252838,0.9690062999725342,-0.01229080744087696
1765156325.652054,cf2,-0.26714250445365906,0.4790857434272766,1.0105935335159302,0.45655184984207153,0.690139651298523,0.023504415526986122
1765156325.653995,cf2,-0.26714250445365906,0.4790857434272766,1.0105935335159302,0.44793465733528137,0.7106935381889343,0.023183351382613182
1765156325.6557436,cf1,0.01206907257437706,1.094908595085144,0.9975060820579529,-0.10937310755252838,0.9690062999725342,-0.01229080744087696
1765156325.6561892,cf1,0.01206907257437706,1.094908595085144,0.9975060820579529,-0.1268792748451233,0.9649235606193542,-0.006086884997785091
1765156325.6720695,cf2,-0.2566847801208496,0.4944091737270355,1.0104604959487915,0.44793465733528137,0.7106935381889343,0.023183351382613182
1765156325.6739175,cf2,-0.2566847801208496,0.4944091737270355,1.0104604959487915,0.4285780191421509,0.7111843228340149,0.017761437222361565
1765156325.6756878,cf1,0.009699967689812183,1.1152843236923218,0.9973918199539185,-0.1268792748451233,0.9649235606193542,-0.006086884997785091
1765156325.6760004,cf1,0.009699967689812183,1.1152843236923218,0.9973918199539185,-0.14468906819820404,0.962573230266571,0.003905761754140258
1765156325.692215,cf2,-0.24713034927845,0.5089969635009766,1.0101934671401978,0.4285780191421509,0.7111843228340149,0.017761437222361565
1765156325.6939623,cf2,-0.24713034927845,0.5089969635009766,1.0101934671401978,0.4169408082962036,0.7249976396560669,0.011752475053071976
1765156325.6958497,cf1,0.0069229197688400745,1.1356602907180786,0.9974854588508606,-0.14468906819820404,0.962573230266571,0.003905761754140258
1765156325.6962936,cf1,0.0069229197688400745,1.1356602907180786,0.9974854588508606,-0.16257008910179138,0.9600710272789001,0.015630241483449936
1765156325.7120392,cf2,-0.23753058910369873,0.5243334770202637,1.009783148765564,0.4169408082962036,0.7249976396560669,0.011752475053071976
1765156325.713998,cf2,-0.23753058910369873,0.5243334770202637,1.009783148765564,0.4052312672138214,0.7391328811645508,0.004891237244009972
1765156325.7157316,cf1,0.0037465000059455633,1.1559844017028809,0.9977450966835022,-0.16257008910179138,0.9600710272789001,0.015630241483449936
1765156325.7159839,cf1,0.0037465000059455633,1.1559844017028809,0.9977450966835022,-0.18051044642925262,0.9574564695358276,0.025720179080963135
1765156325.7319372,cf2,-0.22818277776241302,0.539970338344574,1.0092726945877075,0.4052312672138214,0.7391328811645508,0.004891237244009972
1765156325.7338521,cf2,-0.22818277776241302,0.539970338344574,1.0092726945877075,0.39312463998794556,0.7527740001678467,0.0009437979897484183
1765156325.7358162,cf1,0.0001764946209732443,1.176253318786621,0.9980945587158203,-0.18051044642925262,0.9574564695358276,0.025720179080963135
1765156325.7361426,cf1,0.0001764946209732443,1.176253318786621,0.9980945587158203,-0.19855213165283203,0.9547452330589294,0.031921613961458206
1765156325.7522144,cf2,-0.21911358833312988,0.5558745265007019,1.0087167024612427,0.39312463998794556,0.7527740001678467,0.0009437979897484183
1765156325.7540872,cf2,-0.21911358833312988,0.5558745265007019,1.0087167024612427,0.38065147399902344,0.7659163475036621,-0.0008515765657648444
1765156325.7557456,cf1,-0.0037818728014826775,1.1964631080627441,0.9984429478645325,-0.19855213165283203,0.9547452330589294,0.031921613961458206
1765156325.7559671,cf1,-0.0037818728014826775,1.1964631080627441,0.9984429478645325,-0.2167460322380066,0.9518490433692932,0.03306427225470543
1765156325.7719476,cf2,-0.21033483743667603,0.572040319442749,1.008182168006897,0.38065147399902344,0.7659163475036621,-0.0008515765657648444
1765156325.7740245,cf2,-0.21033483743667603,0.572040319442749,1.008182168006897,0.3676851689815521,0.7783466577529907,-0.00034239795058965683
1765156325.775659,cf1,-0.008123446255922318,1.2166074514389038,0.9986945390701294,-0.2167460322380066,0.9518490433692932,0.03306427225470543
1765156325.7761164,cf1,-0.008123446255922318,1.2166074514389038,0.9986945390701294,-0.23513247072696686,0.9486507177352905,0.028876759111881256
1765156325.7912593,cf2,-0.20186041295528412,0.5884546637535095,1.0077263116836548,0.3676851689815521,0.7783466577529907,-0.00034239795058965683
1765156325.792854,cf2,-0.20186041295528412,0.5884546637535095,1.0077263116836548,0.3628026843070984,0.7872928977012634,0.0009812763892114162
1765156325.795734,cf1,-0.012844615615904331,1.2366780042648315,0.998776376247406,-0.23513247072696686,0.9486507177352905,0.028876759111881256
1765156325.795906,cf1,-0.012844615615904331,1.2366780042648315,0.998776376247406,-0.2537079453468323,0.9450315237045288,0.02042442187666893
1765156325.811079,cf2,-0.19368672370910645,0.605143129825592,1.0073837041854858,0.3628026843070984,0.7872928977012634,0.0009812763892114162
1765156325.812778,cf2,-0.19368672370910645,0.605143129825592,1.0073837041854858,0.3471118211746216,0.7963742017745972,0.003465483197942376
1765156325.8159537,cf1,-0.01794537343084812,1.2566648721694946,0.9986572861671448,-0.2537079453468323,0.9450315237045288,0.02042442187666893
1765156325.8163059,cf1,-0.01794537343084812,1.2566648721694946,0.9986572861671448,-0.27246910333633423,0.9408823847770691,0.009886936284601688
1765156325.831038,cf2,-0.1858830749988556,0.6219522953033447,1.0071760416030884,0.3471118211746216,0.7963742017745972,0.003465483197942376
1765156325.8328147,cf2,-0.1858830749988556,0.6219522953033447,1.0071760416030884,0.3326060175895691,0.8062222003936768,0.006336670368909836
1765156325.8357542,cf1,-0.023430390283465385,1.2765566110610962,0.9983599185943604,-0.27246910333633423,0.9408823847770691,0.009886936284601688
1765156325.8360667,cf1,-0.023430390283465385,1.2765566110610962,0.9983599185943604,-0.29136940836906433,0.9361265897750854,-0.00011765474482672289
1765156325.8512158,cf2,-0.1784037947654724,0.6389885544776917,1.0071048736572266,0.3326060175895691,0.8062222003936768,0.006336670368909836
1765156325.8530078,cf2,-0.1784037947654724,0.6389885544776917,1.0071048736572266,0.3174436092376709,0.8150229454040527,0.00935697928071022
1765156325.8558972,cf1,-0.029901616275310516,1.2976524829864502,0.9979070425033569,-0.29136940836906433,0.9361265897750854,-0.00011765474482672289
1765156325.8562472,cf1,-0.029901616275310516,1.2976524829864502,0.9979070425033569,-0.31029704213142395,0.9307205677032471,-0.006861497648060322
1765156325.8711002,cf2,-0.17128708958625793,0.6561872363090515,1.0071595907211304,0.3174436092376709,0.8150229454040527,0.00935697928071022
1765156325.872789,cf2,-0.17128708958625793,0.6561872363090515,1.0071595907211304,0.30138441920280457,0.8226968050003052,0.012010595761239529
1765156325.8757837,cf1,-0.0362020879983902,1.3173048496246338,0.9974732995033264,-0.31029704213142395,0.9307205677032471,-0.006861497648060322
1765156325.8760912,cf1,-0.0362020879983902,1.3173048496246338,0.9974732995033264,-0.3291552662849426,0.9246721267700195,-0.00895918719470501
1765156325.8920856,cf2,-0.1645522266626358,0.6735239028930664,1.0073111057281494,0.30138441920280457,0.8226968050003052,0.012010595761239529
1765156325.8950055,cf2,-0.1645522266626358,0.6735239028930664,1.0073111057281494,0.2741512358188629,0.8289892077445984,0.01348576694726944
1765156325.8955286,cf1,-0.04226628318428993,1.3355239629745483,0.9972196221351624,-0.3291552662849426,0.9246721267700195,-0.00895918719470501
1765156325.8958578,cf1,-0.04226628318428993,1.3355239629745483,0.9972196221351624,-0.34787842631340027,0.9179977178573608,-0.0061589693650603294
1765156325.9112291,cf2,-0.15820997953414917,0.6909762024879456,1.0075181722640991,0.2741512358188629,0.8289892077445984,0.01348576694726944
1765156325.9130614,cf2,-0.15820997953414917,0.6909762024879456,1.0075181722640991,0.26663103699684143,0.8349155187606812,0.013710258528590202
1765156325.915983,cf1,-0.050032105296850204,1.3561803102493286,0.9969817399978638,-0.34787842631340027,0.9179977178573608,-0.0061589693650603294
1765156325.9161959,cf1,-0.050032105296850204,1.3561803102493286,0.9969817399978638,-0.3664091229438782,0.9106976985931396,0.0003086473443545401
1765156325.9310894,cf2,-0.15226948261260986,0.7085238695144653,1.00774085521698,0.26663103699684143,0.8349155187606812,0.013710258528590202
1765156325.9328651,cf2,-0.15226948261260986,0.7085238695144653,1.00774085521698,0.24821677803993225,0.8395468592643738,0.01217523030936718
1765156325.9357932,cf1,-0.056861188262701035,1.374102234840393,0.9970945119857788,-0.3664091229438782,0.9106976985931396,0.0003086473443545401
1765156325.9361126,cf1,-0.056861188262701035,1.374102234840393,0.9970945119857788,-0.3846931457519531,0.9027664065361023,0.008890154771506786
1765156325.9512084,cf2,-0.14673852920532227,0.7261490821838379,1.0079516172409058,0.24821677803993225,0.8395468592643738,0.01217523030936718
1765156325.9529197,cf2,-0.14673852920532227,0.7261490821838379,1.0079516172409058,0.22933727502822876,0.8432841300964355,0.009924476966261864
1765156325.9568486,cf1,-0.06494563817977905,1.3931543827056885,0.9972684383392334,-0.3846931457519531,0.9027664065361023,0.008890154771506786
1765156325.9572005,cf1,-0.06494563817977905,1.3931543827056885,0.9972684383392334,-0.3998313844203949,0.8876215219497681,0.016927683725953102
1765156325.9710753,cf2,-0.1421573907136917,0.7422127723693848,1.008115291595459,0.22933727502822876,0.8432841300964355,0.009924476966261864
1765156325.9726965,cf2,-0.1421573907136917,0.7422127723693848,1.008115291595459,0.2103952169418335,0.8461812138557434,0.007190431002527475
1765156325.9769804,cf1,-0.07307150214910507,1.4119911193847656,0.9976539611816406,-0.3998313844203949,0.8876215219497681,0.016927683725953102
1765156325.97736,cf1,-0.07307150214910507,1.4119911193847656,0.9976539611816406,-0.4179946780204773,0.8768522143363953,0.023508580401539803
1765156325.9910307,cf2,-0.13739323616027832,0.7599416971206665,1.0082635879516602,0.2103952169418335,0.8461812138557434,0.007190431002527475
1765156325.9927108,cf2,-0.13739323616027832,0.7599416971206665,1.0082635879516602,0.1914178431034088,0.8483303785324097,0.00409640371799469
1765156325.99689,cf1,-0.08170843869447708,1.4305684566497803,0.9980658888816833,-0.4179946780204773,0.8768522143363953,0.023508580401539803
1765156325.997252,cf1,-0.08170843869447708,1.4305684566497803,0.9980658888816833,-0.4356610178947449,0.8676884174346924,0.02736031450331211
1765156326.0121932,cf2,-0.13256721198558807,0.7793349027633667,1.0084105730056763,0.1914178431034088,0.8483303785324097,0.00409640371799469
1765156326.0138314,cf2,-0.13256721198558807,0.7793349027633667,1.0084105730056763,0.17236964404582977,0.8496943116188049,0.0007747755735181272
1765156326.016849,cf1,-0.0915389135479927,1.4501680135726929,0.9985097050666809,-0.4356610178947449,0.8676884174346924,0.02736031450331211
1765156326.01764,cf1,-0.0915389135479927,1.4501680135726929,0.9985097050666809,-0.4532802402973175,0.8582459688186646,0.02937147580087185
1765156326.0310588,cf2,-0.1290704309940338,0.7955726385116577,1.0085170269012451,0.17236964404582977,0.8496943116188049,0.0007747755735181272
1765156326.032837,cf2,-0.1290704309940338,0.7955726385116577,1.0085170269012451,0.15216179192066193,0.8472646474838257,-0.00173588574398309
1765156326.0370686,cf1,-0.10015883296728134,1.4672530889511108,0.9988605976104736,-0.4532802402973175,0.8582459688186646,0.02937147580087185
1765156326.0374153,cf1,-0.10015883296728134,1.4672530889511108,0.9988605976104736,-0.47110670804977417,0.8484740853309631,0.028902102261781693
1765156326.0510414,cf2,-0.12551642954349518,0.813328742980957,1.0086582899093628,0.15216179192066193,0.8472646474838257,-0.00173588574398309
1765156326.0527685,cf2,-0.12551642954349518,0.813328742980957,1.0086582899093628,0.13253800570964813,0.8439354300498962,-0.0012459835270419717
1765156326.0566018,cf1,-0.10869551450014114,1.483162522315979,0.9990798234939575,-0.47110670804977417,0.8484740853309631,0.028902102261781693
1765156326.056813,cf1,-0.10869551450014114,1.483162522315979,0.9990798234939575,-0.48390793800354004,0.8298856019973755,0.02372572384774685
1765156326.0711672,cf2,-0.12235595285892487,0.8309780955314636,1.008844017982483,0.13253800570964813,0.8439354300498962,-0.0012459835270419717
1765156326.07294,cf2,-0.12235595285892487,0.8309780955314636,1.008844017982483,0.11478397995233536,0.8429923057556152,0.0008012581965886056
1765156326.076851,cf1,-0.120766781270504,1.5038881301879883,0.9992079138755798,-0.48390793800354004,0.8298856019973755,0.02372572384774685
1765156326.0771675,cf1,-0.120766781270504,1.5038881301879883,0.9992079138755798,-0.5041331052780151,0.8231483101844788,0.017400911077857018
1765156326.0912025,cf2,-0.11955492198467255,0.8487011194229126,1.0090934038162231,0.11478397995233536,0.8429923057556152,0.0008012581965886056
1765156326.0927637,cf2,-0.11955492198467255,0.8487011194229126,1.0090934038162231,0.09754784405231476,0.8417710661888123,0.004874269012361765
1765156326.09694,cf1,-0.1292702555656433,1.5186280012130737,0.9991238117218018,-0.5041331052780151,0.8231483101844788,0.017400911077857018
1765156326.097294,cf1,-0.1292702555656433,1.5186280012130737,0.9991238117218018,-0.5169439911842346,0.8051206469535828,0.0093529112637043
1765156326.111202,cf2,-0.11711883544921875,0.866401195526123,1.0094025135040283,0.09754784405231476,0.8417710661888123,0.004874269012361765
1765156326.1128175,cf2,-0.11711883544921875,0.866401195526123,1.0094025135040283,0.08085525035858154,0.840455174446106,0.010049882344901562
1765156326.11685,cf1,-0.1387602984905243,1.533750057220459,0.998945951461792,-0.5169439911842346,0.8051206469535828,0.0093529112637043
1765156326.117236,cf1,-0.1387602984905243,1.533750057220459,0.998945951461792,-0.5335771441459656,0.7937434911727905,0.004848719574511051
1765156326.13112,cf2,-0.1150340586900711,0.8840778470039368,1.009755253791809,0.08085525035858154,0.840455174446106,0.010049882344901562
1765156326.1328735,cf2,-0.1150340586900711,0.8840778470039368,1.009755253791809,0.06470254063606262,0.8392857909202576,0.014658874832093716
1765156326.1370914,cf1,-0.1498674899339676,1.5509257316589355,0.9986512064933777,-0.5335771441459656,0.7937434911727905,0.004848719574511051
1765156326.1374536,cf1,-0.1498674899339676,1.5509257316589355,0.9986512064933777,-0.5513997077941895,0.7847133278846741,0.0015546369832009077
1765156326.1510727,cf2,-0.11328668892383575,0.9017361402511597,1.010115385055542,0.06470254063606262,0.8392857909202576,0.014658874832093716
1765156326.1528437,cf2,-0.11328668892383575,0.9017361402511597,1.010115385055542,0.04901514947414398,0.8383488059043884,0.01763053424656391
1765156326.1568081,cf1,-0.16138990223407745,1.5679662227630615,0.9983144402503967,-0.5513997077941895,0.7847133278846741,0.0015546369832009077
1765156326.1571767,cf1,-0.16138990223407745,1.5679662227630615,0.9983144402503967,-0.5692781805992126,0.7757004499435425,0.002112569287419319
1765156326.1711698,cf2,-0.11186765879392624,0.919384241104126,1.0104320049285889,0.04901514947414398,0.8383488059043884,0.01763053424656391
1765156326.172963,cf2,-0.11186765879392624,0.919384241104126,1.0104320049285889,0.03364529833197594,0.8377100229263306,0.017493516206741333
1765156326.1768203,cf1,-0.17328765988349915,1.58479642868042,0.9979962110519409,-0.5692781805992126,0.7757004499435425,0.002112569287419319
1765156326.1772878,cf1,-0.17328765988349915,1.58479642868042,0.9979962110519409,-0.5871412754058838,0.7667821049690247,0.007067142054438591
1765156326.1910486,cf2,-0.11076678335666656,0.9370248913764954,1.0106526613235474,0.03364529833197594,0.8377100229263306,0.017493516206741333
1765156326.192805,cf2,-0.11076678335666656,0.9370248913764954,1.0106526613235474,0.01858273521065712,0.8372205495834351,0.013994512148201466
1765156326.1957157,cf1,-0.18585923314094543,1.601785659790039,0.9977284073829651,-0.5871412754058838,0.7667821049690247,0.007067142054438591
1765156326.1959376,cf1,-0.18585923314094543,1.601785659790039,0.9977284073829651,-0.6023977994918823,0.752467930316925,0.012532005086541176
1765156326.211026,cf2,-0.10997473448514938,0.9546564817428589,1.0107334852218628,0.01858273521065712,0.8372205495834351,0.013994512148201466
1765156326.213819,cf2,-0.10997473448514938,0.9546564817428589,1.0107334852218628,0.0037592423614114523,0.8367587327957153,0.008196062408387661
1765156326.2157671,cf1,-0.1982368379831314,1.6178522109985352,0.9975644946098328,-0.6023977994918823,0.752467930316925,0.012532005086541176
1765156326.2159522,cf1,-0.1982368379831314,1.6178522109985352,0.9975644946098328,-0.6195813417434692,0.7432413101196289,0.018052438274025917
1765156326.2321296,cf2,-0.10948727279901505,0.9722779393196106,1.0106561183929443,0.0037592423614114523,0.8367587327957153,0.008196062408387661
1765156326.2339804,cf2,-0.10948727279901505,0.9722779393196106,1.0106561183929443,-0.010969751514494419,0.8363263607025146,0.0016749590868130326
1765156326.235879,cf1,-0.21125532686710358,1.6340488195419312,0.9974691867828369,-0.6195813417434692,0.7432413101196289,0.018052438274025917
1765156326.2361135,cf1,-0.21125532686710358,1.6340488195419312,0.9974691867828369,-0.6371049284934998,0.7345072627067566,0.0217784121632576
1765156326.2520525,cf2,-0.10931768268346786,0.9902915358543396,1.0104172229766846,-0.010969751514494419,0.8363263607025146,0.0016749590868130326
1765156326.2539144,cf2,-0.10931768268346786,0.9902915358543396,1.0104172229766846,-0.02652060240507126,0.8338301777839661,-0.003703867085278034
1765156326.2557354,cf1,-0.2246515452861786,1.6500543355941772,0.9974027872085571,-0.6371049284934998,0.7345072627067566,0.0217784121632576
1765156326.2560425,cf1,-0.2246515452861786,1.6500543355941772,0.9974027872085571,-0.6541411876678467,0.7255153059959412,0.022416245192289352
1765156326.2722394,cf2,-0.10944554954767227,1.0075113773345947,1.0100733041763306,-0.02652060240507126,0.8338301777839661,-0.003703867085278034
1765156326.2741601,cf2,-0.10944554954767227,1.0075113773345947,1.0100733041763306,-0.04176077991724014,0.833448588848114,-0.006616006605327129
1765156326.2757943,cf1,-0.23838479816913605,1.6658499240875244,0.9973112940788269,-0.6541411876678467,0.7255153059959412,0.022416245192289352
1765156326.2762182,cf1,-0.23838479816913605,1.6658499240875244,0.9973112940788269,-0.6704027652740479,0.7162816524505615,0.019741082563996315
1765156326.2920501,cf2,-0.10991821438074112,1.0251133441925049,1.0096617937088013,-0.04176077991724014,0.833448588848114,-0.006616006605327129
1765156326.2940228,cf2,-0.10991821438074112,1.0251133441925049,1.0096617937088013,-0.057536378502845764,0.834084689617157,-0.007100515533238649
1765156326.2956588,cf1,-0.2524341940879822,1.6814318895339966,0.9971556067466736,-0.6704027652740479,0.7162816524505615,0.019741082563996315
1765156326.2961621,cf1,-0.2524341940879822,1.6814318895339966,0.9971556067466736,-0.6859459280967712,0.706596851348877,0.014227524399757385
1765156326.3120499,cf2,-0.11074415594339371,1.042754888534546,1.0092474222183228,-0.057536378502845764,0.834084689617157,-0.007100515533238649
1765156326.3139358,cf2,-0.11074415594339371,1.042754888534546,1.0092474222183228,-0.07380779832601547,0.8350149989128113,-0.004566444084048271
1765156326.3156843,cf1,-0.26678577065467834,1.6967884302139282,0.9969218969345093,-0.6859459280967712,0.706596851348877,0.014227524399757385
1765156326.3159938,cf1,-0.26678577065467834,1.6967884302139282,0.9969218969345093,-0.7007597088813782,0.6962228417396545,0.006930708419531584
1765156326.3331661,cf2,-0.11193784326314926,1.0604195594787598,1.008879542350769,-0.07380779832601547,0.8350149989128113,-0.004566444084048271
1765156326.3334868,cf2,-0.11193784326314926,1.0604195594787598,1.008879542350769,-0.0905085876584053,0.8326985836029053,-0.0001784662890713662
1765156326.335909,cf1,-0.2814234793186188,1.7119038105010986,0.9966257214546204,-0.7007597088813782,0.6962228417396545,0.006930708419531584
1765156326.336262,cf1,-0.2814234793186188,1.7119038105010986,0.9966257214546204,-0.7147535681724548,0.6849768757820129,0.00013926459359936416
1765156326.3510895,cf2,-0.11352670192718506,1.0781943798065186,1.0085885524749756,-0.0905085876584053,0.8326985836029053,-0.0001784662890713662
1765156326.352803,cf2,-0.11352670192718506,1.0781943798065186,1.0085885524749756,-0.10819864273071289,0.8312279582023621,0.005595871713012457
1765156326.3557706,cf1,-0.29633596539497375,1.7267577648162842,0.9963114261627197,-0.7147535681724548,0.6849768757820129,0.00013926459359936416
1765156326.3561072,cf1,-0.29633596539497375,1.7267577648162842,0.9963114261627197,-0.7279806733131409,0.6727746725082397,-0.004698561504483223
1765156326.3710716,cf2,-0.11547992378473282,1.0958057641983032,1.0083836317062378,-0.10819864273071289,0.8312279582023621,0.005595871713012457
1765156326.3728921,cf2,-0.11547992378473282,1.0958057641983032,1.0083836317062378,-0.12571732699871063,0.8321884274482727,0.010882429778575897
1765156326.3758733,cf1,-0.31151318550109863,1.7413280010223389,0.9960410594940186,-0.7279806733131409,0.6727746725082397,-0.004698561504483223
1765156326.376186,cf1,-0.31151318550109863,1.7413280010223389,0.9960410594940186,-0.740439772605896,0.6595895290374756,-0.0064176153391599655
1765156326.3911355,cf2,-0.11783876270055771,1.1135231256484985,1.0082453489303589,-0.12571732699871063,0.8321884274482727,0.010882429778575897
1765156326.393005,cf2,-0.11783876270055771,1.1135231256484985,1.0082453489303589,-0.1436152160167694,0.8330689668655396,0.015296729281544685
1765156326.3959122,cf1,-0.326944500207901,1.7555911540985107,0.9958826899528503,-0.740439772605896,0.6595895290374756,-0.0064176153391599655
1765156326.396218,cf1,-0.326944500207901,1.7555911540985107,0.9958826899528503,-0.7521694302558899,0.6454458832740784,-0.004303660709410906
1765156326.4110646,cf2,-0.12059655785560608,1.1312520503997803,1.0081424713134766,-0.1436152160167694,0.8330689668655396,0.015296729281544685
1765156326.4128158,cf2,-0.12059655785560608,1.1312520503997803,1.0081424713134766,-0.16179877519607544,0.8336362242698669,0.01789621077477932
1765156326.4166238,cf1,-0.3429906666278839,1.7698283195495605,0.9958856701850891,-0.7521694302558899,0.6454458832740784,-0.004303660709410906
1765156326.4174466,cf1,-0.3429906666278839,1.7698283195495605,0.9958856701850891,-0.7620096206665039,0.6280782222747803,0.0009154517902061343
1765156326.4311345,cf2,-0.12375214695930481,1.1489797830581665,1.0080318450927734,-0.16179877519607544,0.8336362242698669,0.01789621077477932
1765156326.432769,cf2,-0.12375214695930481,1.1489797830581665,1.0080318450927734,-0.18018442392349243,0.8338333368301392,0.017846908420324326
1765156326.4357688,cf1,-0.3589143455028534,1.7834081649780273,0.9960858821868896,-0.7620096206665039,0.6280782222747803,0.0009154517902061343
1765156326.436077,cf1,-0.3589143455028534,1.7834081649780273,0.9960858821868896,-0.770483136177063,0.6093664169311523,0.008473007008433342
1765156326.452165,cf2,-0.12732937932014465,1.1667838096618652,1.0078753232955933,-0.18018442392349243,0.8338333368301392,0.017846908420324326
1765156326.4539847,cf2,-0.12732937932014465,1.1667838096618652,1.0078753232955933,-0.1994914412498474,0.8342108726501465,0.014689378440380096
1765156326.4557002,cf1,-0.37466228008270264,1.7963260412216187,0.9964636564254761,-0.770483136177063,0.6093664169311523,0.008473007008433342
1765156326.4561796,cf1,-0.37466228008270264,1.7963260412216187,0.9964636564254761,-0.7799264788627625,0.5923899412155151,0.016239607706665993
1765156326.4719656,cf2,-0.13125306367874146,1.1843775510787964,1.0076664686203003,-0.1994914412498474,0.8342108726501465,0.014689378440380096
1765156326.473731,cf2,-0.13125306367874146,1.1843775510787964,1.0076664686203003,-0.2173943966627121,0.8295497298240662,0.008747276850044727
1765156326.4757538,cf1,-0.390992134809494,1.8091609477996826,0.9970027208328247,-0.7799264788627625,0.5923899412155151,0.016239607706665993
1765156326.476066,cf1,-0.390992134809494,1.8091609477996826,0.9970027208328247,-0.7899722456932068,0.5752390623092651,0.02365180104970932
1765156326.4921918,cf2,-0.13557404279708862,1.2020117044448853,1.007399320602417,-0.2173943966627121,0.8295497298240662,0.008747276850044727
1765156326.493914,cf2,-0.13557404279708862,1.2020117044448853,1.007399320602417,-0.23548217117786407,0.827411413192749,0.0043740905821323395
1765156326.495729,cf1,-0.40755873918533325,1.8216253519058228,0.9976353645324707,-0.7899722456932068,0.5752390623092651,0.02365180104970932
1765156326.4959168,cf1,-0.40755873918533325,1.8216253519058228,0.9976353645324707,-0.7998575568199158,0.5575706958770752,0.029063811525702477
1765156326.512123,cf2,-0.1402747482061386,1.2195866107940674,1.007089376449585,-0.23548217117786407,0.827411413192749,0.0043740905821323395
1765156326.5137632,cf2,-0.1402747482061386,1.2195866107940674,1.007089376449585,-0.2534599006175995,0.8245278000831604,0.0010465712985023856
1765156326.5157065,cf1,-0.4243292808532715,1.833714246749878,0.9982635974884033,-0.7998575568199158,0.5575706958770752,0.029063811525702477
1765156326.5159323,cf1,-0.4243292808532715,1.833714246749878,0.9982635974884033,-0.8095234036445618,0.5398593544960022,0.030354609712958336
1765156326.53214,cf2,-0.14535591006278992,1.237083077430725,1.006779670715332,-0.2534599006175995,0.8245278000831604,0.0010465712985023856
1765156326.533847,cf2,-0.14535591006278992,1.237083077430725,1.006779670715332,-0.2711963653564453,0.8209269642829895,-6.593784928554669e-05
1765156326.5357106,cf1,-0.4412957727909088,1.8454374074935913,0.9988027215003967,-0.8095234036445618,0.5398593544960022,0.030354609712958336
1765156326.5360522,cf1,-0.4412957727909088,1.8454374074935913,0.9988027215003967,-0.8190964460372925,0.5221140384674072,0.027276961132884026
1765156326.5521677,cf2,-0.15081478655338287,1.254488229751587,1.0065157413482666,-0.2711963653564453,0.8209269642829895,-6.593784928554669e-05
1765156326.5537438,cf2,-0.15081478655338287,1.254488229751587,1.0065157413482666,-0.28861570358276367,0.8166970610618591,0.0011193982791155577
1765156326.5567217,cf1,-0.4588553011417389,1.8570387363433838,0.9991962313652039,-0.8190964460372925,0.5221140384674072,0.027276961132884026
1765156326.5570269,cf1,-0.4588553011417389,1.8570387363433838,0.9991962313652039,-0.827066957950592,0.5020853877067566,0.020091727375984192
1765156326.5719967,cf2,-0.15664929151535034,1.271789789199829,1.0063365697860718,-0.28861570358276367,0.8166970610618591,0.0011193982791155577
1765156326.5738044,cf2,-0.15664929151535034,1.271789789199829,1.0063365697860718,-0.3056950569152832,0.8118718862533569,0.004190546926110983
1765156326.5756047,cf1,-0.47122660279273987,1.8649662733078003,0.9993634223937988,-0.827066957950592,0.5020853877067566,0.020091727375984192
1765156326.5763202,cf1,-0.47122660279273987,1.8649662733078003,0.9993634223937988,-0.8363198637962341,0.4948333501815796,0.016433686017990112
1765156326.591166,cf2,-0.16378933191299438,1.2909095287322998,1.0062224864959717,-0.3056950569152832,0.8118718862533569,0.004190546926110983
1765156326.5930178,cf2,-0.16378933191299438,1.2909095287322998,1.0062224864959717,-0.32252198457717896,0.8041902780532837,0.008129165507853031
1765156326.5959368,cf1,-0.488362580537796,1.875501275062561,0.9994370341300964,-0.8363198637962341,0.4948333501815796,0.016433686017990112
1765156326.5961604,cf1,-0.488362580537796,1.875501275062561,0.9994370341300964,-0.8435473442077637,0.47581860423088074,0.008338404819369316
1765156326.611109,cf2,-0.17007052898406982,1.30716073513031,1.006311297416687,-0.32252198457717896,0.8041902780532837,0.008129165507853031
1765156326.61279,cf2,-0.17007052898406982,1.30716073513031,1.006311297416687,-0.338331937789917,0.7972413897514343,0.01148892380297184
1765156326.6157827,cf1,-0.5043824911117554,1.8849924802780151,0.999382734298706,-0.8435473442077637,0.47581860423088074,0.008338404819369316
1765156326.616138,cf1,-0.5043824911117554,1.8849924802780151,0.999382734298706,-0.8418949842453003,0.4513261914253235,0.0005289587425068021
1765156326.6311255,cf2,-0.17698413133621216,1.3240084648132324,1.0065040588378906,-0.338331937789917,0.7972413897514343,0.01148892380297184
1765156326.6329124,cf2,-0.17698413133621216,1.3240084648132324,1.0065040588378906,-0.353788822889328,0.790248692035675,0.014773081056773663
1765156326.6356356,cf1,-0.5237168073654175,1.8957780599594116,0.9992212057113647,-0.8418949842453003,0.4513261914253235,0.0005289587425068021
1765156326.635941,cf1,-0.5237168073654175,1.8957780599594116,0.9992212057113647,-0.8526172041893005,0.43339183926582336,-0.0019220507238060236
1765156326.6512647,cf2,-0.18423855304718018,1.3407388925552368,1.0067557096481323,-0.353788822889328,0.790248692035675,0.014773081056773663
1765156326.6529388,cf2,-0.18423855304718018,1.3407388925552368,1.0067557096481323,-0.3687480092048645,0.7826665043830872,0.016223683953285217
1765156326.6561015,cf1,-0.5396701693534851,1.9043654203414917,0.9990851879119873,-0.8526172041893005,0.43339183926582336,-0.0019220507238060236
1765156326.656418,cf1,-0.5396701693534851,1.9043654203414917,0.9990851879119873,-0.8546275496482849,0.4113955795764923,-0.0015142617048695683
1765156326.672146,cf2,-0.19219817221164703,1.3580749034881592,1.0070335865020752,-0.3687480092048645,0.7826665043830872,0.016223683953285217
1765156326.673776,cf2,-0.19219817221164703,1.3580749034881592,1.0070335865020752,-0.3829791843891144,0.7721883654594421,0.015119153074920177
1765156326.6757429,cf1,-0.5577571392059326,1.9135527610778809,0.9989660382270813,-0.8546275496482849,0.4113955795764923,-0.0015142617048695683
1765156326.6760614,cf1,-0.5577571392059326,1.9135527610778809,0.9989660382270813,-0.8645361065864563,0.39315065741539,0.005130821838974953
1765156326.6920626,cf2,-0.19968120753765106,1.373688817024231,1.0072593688964844,-0.3829791843891144,0.7721883654594421,0.015119153074920177
1765156326.6938052,cf2,-0.19968120753765106,1.373688817024231,1.0072593688964844,-0.3963422477245331,0.7628303170204163,0.012492027133703232
1765156326.695798,cf1,-0.5761770009994507,1.9224106073379517,0.9989321827888489,-0.8645361065864563,0.39315065741539,0.005130821838974953
1765156326.6961164,cf1,-0.5761770009994507,1.9224106073379517,0.9989321827888489,-0.8752037286758423,0.3753366768360138,0.01424108725041151
1765156326.7121482,cf2,-0.2077988237142563,1.389835238456726,1.0074284076690674,-0.3963422477245331,0.7628303170204163,0.012492027133703232
1765156326.7139425,cf2,-0.2077988237142563,1.389835238456726,1.0074284076690674,-0.40963858366012573,0.7538531422615051,0.008485894650220871
1765156326.715867,cf1,-0.594822883605957,1.930883526802063,0.9989956617355347,-0.8752037286758423,0.3753366768360138,0.01424108725041151
1765156326.716289,cf1,-0.594822883605957,1.930883526802063,0.9989956617355347,-0.8861520886421204,0.35773634910583496,0.023772263899445534
1765156326.7310743,cf2,-0.2119358330965042,1.3983635902404785,1.0074853897094727,-0.40963858366012573,0.7538531422615051,0.008485894650220871
1765156326.7328897,cf2,-0.2119358330965042,1.3983635902404785,1.0074853897094727,-0.4222008287906647,0.7422928214073181,0.0038882498629391193
1765156326.7358036,cf1,-0.61369389295578,1.9389762878417969,0.9991269707679749,-0.8861520886421204,0.35773634910583496,0.023772263899445534
1765156326.736004,cf1,-0.61369389295578,1.9389762878417969,0.9991269707679749,-0.8973637223243713,0.3403729796409607,0.032037872821092606
1765156326.7511418,cf2,-0.2205149382352829,1.4142978191375732,1.0075427293777466,-0.4222008287906647,0.7422928214073181,0.0038882498629391193
1765156326.7529504,cf2,-0.2205149382352829,1.4142978191375732,1.0075427293777466,-0.4343183636665344,0.7321811318397522,0.0007568115834146738
1765156326.755786,cf1,-0.632793128490448,1.9467014074325562,0.9992577433586121,-0.8973637223243713,0.3403729796409607,0.032037872821092606
1765156326.7561014,cf1,-0.632793128490448,1.9467014074325562,0.9992577433586121,-0.9087871313095093,0.3232879936695099,0.03481707721948624
1765156326.7711294,cf2,-0.22930976748466492,1.4299521446228027,1.00754714012146,-0.4343183636665344,0.7321811318397522,0.0007568115834146738
1765156326.7729034,cf2,-0.22930976748466492,1.4299521446228027,1.00754714012146,-0.4467124044895172,0.72272127866745,3.602623110054992e-05
1765156326.7759166,cf1,-0.6521111130714417,1.9540666341781616,0.9993132948875427,-0.9087871313095093,0.3232879936695099,0.03481707721948624
1765156326.7762578,cf1,-0.6521111130714417,1.9540666341781616,0.9993132948875427,-0.9200423955917358,0.30630815029144287,0.03194275125861168
1765156326.790996,cf2,-0.2399928867816925,1.4479634761810303,1.0075299739837646,-0.4467124044895172,0.72272127866745,3.602623110054992e-05
1765156326.7927923,cf2,-0.2399928867816925,1.4479634761810303,1.0075299739837646,-0.45709577202796936,0.7223529815673828,0.0023156532552093267
1765156326.7957034,cf1,-0.6716336607933044,1.9610753059387207,0.9992226362228394,-0.9200423955917358,0.30630815029144287,0.03194275125861168
1765156326.7960083,cf1,-0.6716336607933044,1.9610753059387207,0.9992226362228394,-0.9308329224586487,0.2892109751701355,0.024241527542471886
1765156326.8121777,cf2,-0.24954107403755188,1.4634621143341064,1.0075504779815674,-0.45709577202796936,0.7223529815673828,0.0023156532552093267
1765156326.813944,cf2,-0.24954107403755188,1.4634621143341064,1.0075504779815674,-0.46904128789901733,0.7105510830879211,0.00722910463809967
1765156326.8158734,cf1,-0.6913451552391052,1.9677268266677856,0.998936653137207,-0.9308329224586487,0.2892109751701355,0.024241527542471886
1765156326.8162875,cf1,-0.6913451552391052,1.9677268266677856,0.998936653137207,-0.9409106373786926,0.2718704640865326,0.01232707966119051
1765156326.8320556,cf2,-0.2589898109436035,1.4782058000564575,1.007614254951477,-0.46904128789901733,0.7105510830879211,0.00722910463809967
1765156326.833952,cf2,-0.2589898109436035,1.4782058000564575,1.007614254951477,-0.48165303468704224,0.7012795805931091,0.012335562147200108
1765156326.8355784,cf1,-0.7112261056900024,1.9740153551101685,0.998454749584198,-0.9409106373786926,0.2718704640865326,0.01232707966119051
1765156326.8357852,cf1,-0.7112261056900024,1.9740153551101685,0.998454749584198,-0.9499604105949402,0.25419777631759644,-0.0010250303894281387
1765156326.8520637,cf2,-0.2689359784126282,1.4930994510650635,1.0077166557312012,-0.48165303468704224,0.7012795805931091,0.012335562147200108
1765156326.8540003,cf2,-0.2689359784126282,1.4930994510650635,1.0077166557312012,-0.4949929714202881,0.692782998085022,0.01601034216582775
1765156326.8559153,cf1,-0.7312579154968262,1.9799282550811768,0.9978334307670593,-0.9499604105949402,0.25419777631759644,-0.0010250303894281387
1765156326.8562524,cf1,-0.7312579154968262,1.9799282550811768,0.9978334307670593,-0.9577990770339966,0.23611080646514893,-0.012351611629128456
1765156326.8720984,cf2,-0.27918705344200134,1.5078319311141968,1.0078386068344116,-0.4949929714202881,0.692782998085022,0.01601034216582775
1765156326.8742254,cf2,-0.27918705344200134,1.5078319311141968,1.0078386068344116,-0.5086998343467712,0.6840676665306091,0.017722858116030693
1765156326.875768,cf1,-0.7514206767082214,1.9854495525360107,0.9971745014190674,-0.9577990770339966,0.23611080646514893,-0.012351611629128456
1765156326.8760753,cf1,-0.7514206767082214,1.9854495525360107,0.9971745014190674,-0.9643280506134033,0.2175966501235962,-0.018985014408826828
1765156326.8920023,cf2,-0.28973275423049927,1.522372841835022,1.0079364776611328,-0.5086998343467712,0.6840676665306091,0.017722858116030693
1765156326.8939204,cf2,-0.28973275423049927,1.522372841835022,1.0079364776611328,-0.5226902365684509,0.6749038100242615,0.01744030974805355
1765156326.8960931,cf1,-0.7716947793960571,1.990560531616211,0.996597945690155,-0.9643280506134033,0.2175966501235962,-0.018985014408826828
1765156326.896471,cf1,-0.7716947793960571,1.990560531616211,0.996597945690155,-0.969541609287262,0.1986638754606247,-0.01975385472178459
1765156326.9120803,cf2,-0.299212247133255,1.5350351333618164,1.0079635381698608,-0.5226902365684509,0.6749038100242615,0.01744030974805355
1765156326.9143162,cf2,-0.299212247133255,1.5350351333618164,1.0079635381698608,-0.5292620062828064,0.6556409597396851,0.013614056631922722
1765156326.9156933,cf1,-0.7920567989349365,1.9952442646026611,0.9962173700332642,-0.969541609287262,0.1986638754606247,-0.01975385472178459
1765156326.9162169,cf1,-0.7920567989349365,1.9952442646026611,0.9962173700332642,-0.9734497666358948,0.17935796082019806,-0.014615163207054138
1765156326.9320896,cf2,-0.3112572729587555,1.550304889678955,1.0078847408294678,-0.5292620062828064,0.6556409597396851,0.013614056631922722
1765156326.934078,cf2,-0.3112572729587555,1.550304889678955,1.0078847408294678,-0.5466011762619019,0.6496327519416809,0.009404482319951057
1765156326.9362628,cf1,-0.8124822378158569,1.9994879961013794,0.9961126446723938,-0.9734497666358948,0.17935796082019806,-0.014615163207054138
1765156326.9366152,cf1,-0.8124822378158569,1.9994879961013794,0.9961126446723938,-0.9761401414871216,0.15972426533699036,-0.004270325414836407
1765156326.9520273,cf2,-0.32308530807495117,1.5647119283676147,1.0076887607574463,-0.5466011762619019,0.6496327519416809,0.009404482319951057
1765156326.9539716,cf2,-0.32308530807495117,1.5647119283676147,1.0076887607574463,-0.5619734525680542,0.6402283906936646,0.003980389796197414
1765156326.9558506,cf1,-0.8329498171806335,2.0032827854156494,0.9963128566741943,-0.9761401414871216,0.15972426533699036,-0.004270325414836407
1765156326.9562712,cf1,-0.8329498171806335,2.0032827854156494,0.9963128566741943,-0.9777856469154358,0.1397981345653534,0.00859431829303503
1765156326.9712315,cf2,-0.33511459827423096,1.578741431236267,1.0074002742767334,-0.5619734525680542,0.6402283906936646,0.003980389796197414
1765156326.9730225,cf2,-0.33511459827423096,1.578741431236267,1.0074002742767334,-0.5739898681640625,0.6248109340667725,0.0008091027848422527
1765156326.9758162,cf1,-0.8534377217292786,2.0066277980804443,0.9967947602272034,-0.9777856469154358,0.1397981345653534,0.00859431829303503
1765156326.9761329,cf1,-0.8534377217292786,2.0066277980804443,0.9967947602272034,-0.9784823656082153,0.11963694542646408,0.021274829283356667
1765156326.991037,cf2,-0.3478148877620697,1.5927042961120605,1.0070371627807617,-0.5739898681640625,0.6248109340667725,0.0008091027848422527
1765156326.992805,cf2,-0.3478148877620697,1.5927042961120605,1.0070371627807617,-0.5918125510215759,0.6164997220039368,0.00014359873603098094
1765156326.996075,cf1,-0.873928964138031,2.0095250606536865,0.9974908232688904,-0.9784823656082153,0.11963694542646408,0.021274829283356667
1765156326.9963698,cf1,-0.873928964138031,2.0095250606536865,0.9974908232688904,-0.9783737063407898,0.09922558069229126,0.03174964338541031
1765156327.012061,cf2,-0.3596195876598358,1.6055467128753662,1.0067532062530518,-0.5918125510215759,0.6164997220039368,0.00014359873603098094
1765156327.0138712,cf2,-0.3596195876598358,1.6055467128753662,1.0067532062530518,-0.60210782289505,0.5996661186218262,3.214729076717049e-05
1765156327.016122,cf1,-0.8944091200828552,2.0119822025299072,0.998296320438385,-0.9783737063407898,0.09922558069229126,0.03174964338541031
1765156327.01666,cf1,-0.8944091200828552,2.0119822025299072,0.998296320438385,-0.977587103843689,0.07859022915363312,0.0374661460518837
1765156327.0321066,cf2,-0.37192416191101074,1.6181976795196533,1.0065006017684937,-0.60210782289505,0.5996661186218262,3.214729076717049e-05
1765156327.0347068,cf2,-0.37192416191101074,1.6181976795196533,1.0065006017684937,-0.6145616173744202,0.5853490233421326,0.002850266406312585
1765156327.0356648,cf1,-0.9148654341697693,2.014009952545166,0.9990898966789246,-0.977587103843689,0.07859022915363312,0.0374661460518837
1765156327.0358217,cf1,-0.9148654341697693,2.014009952545166,0.9990898966789246,-0.9761883616447449,0.05779383331537247,0.03748787194490433
1765156327.0519958,cf2,-0.38477545976638794,1.6308549642562866,1.0063203573226929,-0.6145616173744202,0.5853490233421326,0.002850266406312585
1765156327.0538955,cf2,-0.38477545976638794,1.6308549642562866,1.0063203573226929,-0.6287080645561218,0.5740371346473694,0.00645702239125967
1765156327.0560079,cf1,-0.9334147572517395,2.015388250350952,0.9997174739837646,-0.9761883616447449,0.05779383331537247,0.03748787194490433
1765156327.0564408,cf1,-0.9334147572517395,2.015388250350952,0.9997174739837646,-0.9742725491523743,0.036882538348436356,0.03188525140285492
1765156327.0721245,cf2,-0.3980095386505127,1.643345594406128,1.006247639656067,-0.6287080645561218,0.5740371346473694,0.00645702239125967
1765156327.0742376,cf2,-0.3980095386505127,1.643345594406128,1.006247639656067,-0.6425366401672363,0.5625469088554382,0.011901951394975185
1765156327.0757391,cf1,-0.9538003206253052,2.0166268348693848,1.0001940727233887,-0.9742725491523743,0.036882538348436356,0.03188525140285492
1765156327.0760117,cf1,-0.9538003206253052,2.0166268348693848,1.0001940727233887,-0.9719601273536682,0.015919722616672516,0.02202402427792549
1765156327.092059,cf2,-0.41254010796546936,1.656234860420227,1.0062496662139893,-0.6425366401672363,0.5625469088554382,0.011901951394975185
1765156327.0940473,cf2,-0.41254010796546936,1.656234860420227,1.0062496662139893,-0.6559204459190369,0.5508906245231628,0.017749488353729248
1765156327.095913,cf1,-0.9741416573524475,2.0174612998962402,1.0004113912582397,-0.9719601273536682,0.015919722616672516,0.02202402427792549
1765156327.0962238,cf1,-0.9741416573524475,2.0174612998962402,1.0004113912582397,-0.9693707823753357,-0.005006995052099228,0.010069725103676319
1765156327.1120315,cf2,-0.4263569116592407,1.6681976318359375,1.0063798427581787,-0.6559204459190369,0.5508906245231628,0.017749488353729248
1765156327.1140451,cf2,-0.4263569116592407,1.6681976318359375,1.0063798427581787,-0.6688839197158813,0.5391618013381958,0.021731587126851082
1765156327.1160874,cf1,-0.9944360256195068,2.0178909301757812,1.0003818273544312,-0.9693707823753357,-0.005006995052099228,0.010069725103676319
1765156327.11643,cf1,-0.9944360256195068,2.0178909301757812,1.0003818273544312,-0.96661376953125,-0.02579643204808235,-0.0009704974945634604
1765156327.1320944,cf2,-0.44043320417404175,1.679902195930481,1.0065571069717407,-0.6688839197158813,0.5391618013381958,0.021731587126851082
1765156327.1341763,cf2,-0.44043320417404175,1.679902195930481,1.0065571069717407,-0.6812530755996704,0.5272592306137085,0.02296205796301365
1765156327.1357317,cf1,-1.0122438669204712,2.018000602722168,1.0002033710479736,-0.96661376953125,-0.02579643204808235,-0.0009704974945634604
1765156327.1360002,cf1,-1.0122438669204712,2.018000602722168,1.0002033710479736,-0.9538975358009338,-0.04577836021780968,-0.009223084896802902
1765156327.1520805,cf2,-0.4547496438026428,1.6913450956344604,1.0067354440689087,-0.6812530755996704,0.5272592306137085,0.02296205796301365
1765156327.1540785,cf2,-0.4547496438026428,1.6913450956344604,1.0067354440689087,-0.6928974390029907,0.5150405764579773,0.02119137905538082
1765156327.1561549,cf1,-1.0346972942352295,2.0175297260284424,0.9998902082443237,-0.9538975358009338,-0.04577836021780968,-0.009223084896802902
1765156327.156501,cf1,-1.0346972942352295,2.0175297260284424,0.9998902082443237,-0.9551403522491455,-0.06624121963977814,-0.01123883854597807
1765156327.1720371,cf2,-0.4681985080242157,1.7019293308258057,1.0068596601486206,-0.6928974390029907,0.5150405764579773,0.02119137905538082
1765156327.173884,cf2,-0.4681985080242157,1.7019293308258057,1.0068596601486206,-0.7037343978881836,0.502380907535553,0.01647995039820671
1765156327.1758742,cf1,-1.0525877475738525,2.0169014930725098,0.9996795654296875,-0.9551403522491455,-0.06624121963977814,-0.01123883854597807
1765156327.1763465,cf1,-1.0525877475738525,2.0169014930725098,0.9996795654296875,-0.9395142197608948,-0.08506841957569122,-0.00887589156627655
1765156327.1922104,cf2,-0.4840258061885834,1.7134193181991577,1.0069102048873901,-0.7037343978881836,0.502380907535553,0.01647995039820671
1765156327.1940985,cf2,-0.4840258061885834,1.7134193181991577,1.0069102048873901,-0.7136830687522888,0.489199697971344,0.009781544096767902
1765156327.196668,cf1,-1.07479989528656,2.015509843826294,0.9995004534721375,-0.9395142197608948,-0.08506841957569122,-0.00887589156627655
1765156327.196865,cf1,-1.07479989528656,2.015509843826294,0.9995004534721375,-0.9370487332344055,-0.1055375263094902,0.0010704516898840666
1765156327.2120574,cf2,-0.4989474415779114,1.7240325212478638,1.0068683624267578,-0.7136830687522888,0.489199697971344,0.009781544096767902
1765156327.2140012,cf2,-0.4989474415779114,1.7240325212478638,1.0068683624267578,-0.7226945161819458,0.47548502683639526,0.0028263479471206665
1765156327.2169967,cf1,-1.0945310592651367,2.0139148235321045,0.9995241165161133,-0.9370487332344055,-0.1055375263094902,0.0010704516898840666
1765156327.2174149,cf1,-1.0945310592651367,2.0139148235321045,0.9995241165161133,-0.9343450665473938,-0.12399681657552719,0.01293705590069294
1765156327.2321537,cf2,-0.5140369534492493,1.7343488931655884,1.0067598819732666,-0.7226945161819458,0.47548502683639526,0.0028263479471206665
1765156327.2344131,cf2,-0.5140369534492493,1.7343488931655884,1.0067598819732666,-0.7308399677276611,0.4612615406513214,-0.0031937432941049337
1765156327.236648,cf1,-1.115186095237732,2.0118000507354736,0.9997046589851379,-0.9343450665473938,-0.12399681657552719,0.01293705590069294
1765156327.2370577,cf1,-1.115186095237732,2.0118000507354736,0.9997046589851379,-0.9349887371063232,-0.1430051475763321,0.026183951646089554
1765156327.252189,cf2,-0.5292838215827942,1.7443559169769287,1.0066511631011963,-0.7308399677276611,0.4612615406513214,-0.0031937432941049337
1765156327.254117,cf2,-0.5292838215827942,1.7443559169769287,1.0066511631011963,-0.737941324710846,0.4466332495212555,-0.007534277159720659
1765156327.256924,cf1,-1.135308027267456,2.009336233139038,1.0000252723693848,-0.9349887371063232,-0.1430051475763321,0.026183951646089554
1765156327.257365,cf1,-1.135308027267456,2.009336233139038,1.0000252723693848,-0.9352776408195496,-0.16183513402938843,0.03871769830584526
1765156327.2720516,cf2,-0.5446601510047913,1.7540431022644043,1.0066064596176147,-0.737941324710846,0.4466332495212555,-0.007534277159720659
1765156327.2739165,cf2,-0.5446601510047913,1.7540431022644043,1.0066064596176147,-0.7438154816627502,0.431584894657135,-0.008340244181454182
1765156327.276908,cf1,-1.15303635597229,2.0068976879119873,1.000361442565918,-0.9352776408195496,-0.16183513402938843,0.03871769830584526
1765156327.2773142,cf1,-1.15303635597229,2.0068976879119873,1.000361442565918,-0.9226282835006714,-0.17852284014225006,0.043878648430109024
1765156327.291188,cf2,-0.5603086352348328,1.7634804248809814,1.0066896677017212,-0.7438154816627502,0.431584894657135,-0.008340244181454182
1765156327.292989,cf2,-0.5603086352348328,1.7634804248809814,1.0066896677017212,-0.746638298034668,0.41400617361068726,-0.004870545119047165
1765156327.2968376,cf1,-1.1724071502685547,2.003810405731201,1.0006622076034546,-0.9226282835006714,-0.17852284014225006,0.043878648430109024
1765156327.2971816,cf1,-1.1724071502685547,2.003810405731201,1.0006622076034546,-0.9218443036079407,-0.1972556710243225,0.044271934777498245
1765156327.3111315,cf2,-0.5757097005844116,1.7723897695541382,1.0069386959075928,-0.746638298034668,0.41400617361068726,-0.004870545119047165
1765156327.3126981,cf2,-0.5757097005844116,1.7723897695541382,1.0069386959075928,-0.7551816701889038,0.39990270137786865,0.0019708583131432533
1765156327.3170526,cf1,-1.1924811601638794,2.0002071857452393,1.000809907913208,-0.9218443036079407,-0.1972556710243225,0.044271934777498245
1765156327.3174653,cf1,-1.1924811601638794,2.0002071857452393,1.000809907913208,-0.9234427213668823,-0.2167472094297409,0.03759625181555748
1765156327.331076,cf2,-0.5913718342781067,1.7810521125793457,1.0073641538619995,-0.7551816701889038,0.39990270137786865,0.0019708583131432533
1765156327.3327134,cf2,-0.5913718342781067,1.7810521125793457,1.0073641538619995,-0.7590562105178833,0.3839190900325775,0.009961788542568684
1765156327.3371515,cf1,-1.2125965356826782,1.9962023496627808,1.0007085800170898,-0.9234427213668823,-0.2167472094297409,0.03759625181555748
1765156327.3373961,cf1,-1.2125965356826782,1.9962023496627808,1.0007085800170898,-0.9247756600379944,-0.2365570217370987,0.02592603676021099
1765156327.351153,cf2,-0.6071267127990723,1.7893744707107544,1.007933259010315,-0.7590562105178833,0.3839190900325775,0.009961788542568684
1765156327.3530269,cf2,-0.6071267127990723,1.7893744707107544,1.007933259010315,-0.7625758051872253,0.3678267300128937,0.017394697293639183
1765156327.3567505,cf1,-1.2327039241790771,1.9918017387390137,1.0003056526184082,-0.9247756600379944,-0.2365570217370987,0.02592603676021099
1765156327.3570783,cf1,-1.2327039241790771,1.9918017387390137,1.0003056526184082,-0.9256643652915955,-0.2567451000213623,0.012808572500944138
1765156327.3710475,cf2,-0.6229569315910339,1.7973569631576538,1.0085856914520264,-0.7625758051872253,0.3678267300128937,0.017394697293639183
1765156327.3728259,cf2,-0.6229569315910339,1.7973569631576538,1.0085856914520264,-0.765825629234314,0.35169583559036255,0.0222916342318058
1765156327.3770401,cf1,-1.25564444065094,1.9861931800842285,0.9994774460792542,-0.9256643652915955,-0.2567451000213623,0.012808572500944138
1765156327.377376,cf1,-1.25564444065094,1.9861931800842285,0.9994774460792542,-0.924818217754364,-0.27926093339920044,-0.0030282617080956697
1765156327.3911686,cf2,-0.6388565897941589,1.8050060272216797,1.0092370510101318,-0.765825629234314,0.35169583559036255,0.0222916342318058
1765156327.394262,cf2,-0.6388565897941589,1.8050060272216797,1.0092370510101318,-0.7644595503807068,0.33422547578811646,0.02294418029487133
1765156327.3967245,cf1,-1.2759681940078735,1.980852484703064,0.9984718561172485,-0.924818217754364,-0.27926093339920044,-0.0030282617080956697
1765156327.3970134,cf1,-1.2759681940078735,1.980852484703064,0.9984718561172485,-0.9252779483795166,-0.3001704216003418,-0.015756115317344666
1765156327.4109137,cf2,-0.6471064686775208,1.8091208934783936,1.0095301866531372,-0.7644595503807068,0.33422547578811646,0.02294418029487133
1765156327.4128518,cf2,-0.6471064686775208,1.8091208934783936,1.0095301866531372,-0.7673369646072388,0.31806209683418274,0.020195372402668
1765156327.4170263,cf1,-1.2960395812988281,1.9751416444778442,0.9973634481430054,-0.9252779483795166,-0.3001704216003418,-0.015756115317344666
1765156327.417283,cf1,-1.2960395812988281,1.9751416444778442,0.9973634481430054,-0.9244223833084106,-0.3208812177181244,-0.024113362655043602
1765156327.430964,cf2,-0.6697875261306763,1.8188978433609009,1.010169506072998,-0.7673369646072388,0.31806209683418274,0.020195372402668
1765156327.4327686,cf2,-0.6697875261306763,1.8188978433609009,1.010169506072998,-0.7644485831260681,0.29958605766296387,0.014040451496839523
1765156327.4371133,cf1,-1.3160451650619507,1.9689923524856567,0.9962948560714722,-0.9244223833084106,-0.3208812177181244,-0.024113362655043602
1765156327.437454,cf1,-1.3160451650619507,1.9689923524856567,0.9962948560714722,-0.9223200082778931,-0.34136727452278137,-0.027008168399333954
1765156327.451294,cf2,-0.6828569769859314,1.824481725692749,1.010345458984375,-0.7644485831260681,0.29958605766296387,0.014040451496839523
1765156327.4529583,cf2,-0.6828569769859314,1.824481725692749,1.010345458984375,-0.7586327195167542,0.27980974316596985,0.006922643631696701
1765156327.4568279,cf1,-1.333624243736267,1.9632647037506104,0.9955583810806274,-0.9223200082778931,-0.34136727452278137,-0.027008168399333954
1765156327.4571602,cf1,-1.333624243736267,1.9632647037506104,0.9955583810806274,-0.9094855189323425,-0.3575771450996399,-0.022816607728600502
1765156327.471037,cf2,-0.7027222514152527,1.8322198390960693,1.0103998184204102,-0.7586327195167542,0.27980974316596985,0.006922643631696701
1765156327.4729316,cf2,-0.7027222514152527,1.8322198390960693,1.0103998184204102,-0.7716712355613708,0.26665833592414856,0.002815283602103591
1765156327.477036,cf1,-1.3532837629318237,1.9563305377960205,0.9949787259101868,-0.9094855189323425,-0.3575771450996399,-0.022816607728600502
1765156327.4773784,cf1,-1.3532837629318237,1.9563305377960205,0.9949787259101868,-0.9002410173416138,-0.3752337694168091,-0.013177880086004734
1765156327.4910853,cf2,-0.7181717753410339,1.837989091873169,1.0102391242980957,-0.7716712355613708,0.26665833592414856,0.002815283602103591
1765156327.492947,cf2,-0.7181717753410339,1.837989091873169,1.0102391242980957,-0.7699154615402222,0.24853819608688354,-0.0008712509879842401
1765156327.4970286,cf1,-1.3729387521743774,1.9489057064056396,0.9947680830955505,-0.9002410173416138,-0.3752337694168091,-0.013177880086004734
1765156327.4973824,cf1,-1.3729387521743774,1.9489057064056396,0.9947680830955505,-0.8900385499000549,-0.3924582302570343,0.0007810551323927939
1765156327.512241,cf2,-0.7352355718612671,1.8439311981201172,1.0099486112594604,-0.7699154615402222,0.24853819608688354,-0.0008712509879842401
1765156327.5141838,cf2,-0.7352355718612671,1.8439311981201172,1.0099486112594604,-0.7695899605751038,0.2305687963962555,-0.001263872836716473
1765156327.5157552,cf1,-1.3919206857681274,1.9412646293640137,0.9949728846549988,-0.8900385499000549,-0.3924582302570343,0.0007810551323927939
1765156327.516072,cf1,-1.3919206857681274,1.9412646293640137,0.9949728846549988,-0.8783745765686035,-0.40999075770378113,0.01837203837931156
1765156327.5320022,cf2,-0.7520288228988647,1.8494123220443726,1.0096220970153809,-0.7695899605751038,0.2305687963962555,-0.001263872836716473
1765156327.5339067,cf2,-0.7520288228988647,1.8494123220443726,1.0096220970153809,-0.7814633250236511,0.21603380143642426,-1.8435472156852484e-05
1765156327.5356765,cf1,-1.4139147996902466,1.9317092895507812,0.9955975413322449,-0.8783745765686035,-0.40999075770378113,0.01837203837931156
1765156327.5361128,cf1,-1.4139147996902466,1.9317092895507812,0.9955975413322449,-0.8741681575775146,-0.43049943447113037,0.03673563152551651
1765156327.5522752,cf2,-0.7687549591064453,1.8544960021972656,1.009291410446167,-0.7814633250236511,0.21603380143642426,-1.8435472156852484e-05
1765156327.5540757,cf2,-0.7687549591064453,1.8544960021972656,1.009291410446167,-0.7898355722427368,0.20093953609466553,0.003635080996900797
1765156327.555775,cf1,-1.4331613779067993,1.9228845834732056,0.9964809417724609,-0.8741681575775146,-0.43049943447113037,0.03673563152551651
1765156327.556084,cf1,-1.4331613779067993,1.9228845834732056,0.9964809417724609,-0.8659708499908447,-0.4489462077617645,0.05112431198358536
1765156327.5710464,cf2,-0.7742756605148315,1.8563259840011597,1.009242296218872,-0.7898355722427368,0.20093953609466553,0.003635080996900797
1765156327.5728676,cf2,-0.7742756605148315,1.8563259840011597,1.009242296218872,-0.7884314656257629,0.18225574493408203,0.009831196628510952
1765156327.575661,cf1,-1.4498546123504639,1.914915680885315,0.9973213076591492,-0.8659708499908447,-0.4489462077617645,0.05112431198358536
1765156327.5758965,cf1,-1.4498546123504639,1.914915680885315,0.9973213076591492,-0.8484072685241699,-0.46200084686279297,0.05529515817761421
1765156327.5910578,cf2,-0.7928957939147949,1.8613455295562744,1.0089120864868164,-0.7884314656257629,0.18225574493408203,0.009831196628510952
1765156327.592862,cf2,-0.7928957939147949,1.8613455295562744,1.0089120864868164,-0.8015000224113464,0.16738982498645782,0.01540145743638277
1765156327.5957417,cf1,-1.4684016704559326,1.9055564403533936,0.998154878616333,-0.8484072685241699,-0.46200084686279297,0.05529515817761421
1765156327.5960093,cf1,-1.4684016704559326,1.9055564403533936,0.998154878616333,-0.8354430198669434,-0.4770592749118805,0.04943108931183815
1765156327.6113608,cf2,-0.8101724982261658,1.8656363487243652,1.0086441040039062,-0.8015000224113464,0.16738982498645782,0.01540145743638277
1765156327.6130242,cf2,-0.8101724982261658,1.8656363487243652,1.0086441040039062,-0.8124799728393555,0.15160147845745087,0.019831368699669838
1765156327.6157596,cf1,-1.4890027046203613,1.8945726156234741,0.9988176822662354,-0.8354430198669434,-0.4770592749118805,0.04943108931183815
1765156327.615945,cf1,-1.4890027046203613,1.8945726156234741,0.9988176822662354,-0.8297545313835144,-0.49599847197532654,0.03559007868170738
1765156327.6310701,cf2,-0.8275550007820129,1.8695521354675293,1.0084068775177002,-0.8124799728393555,0.15160147845745087,0.019831368699669838
1765156327.6328223,cf2,-0.8275550007820129,1.8695521354675293,1.0084068775177002,-0.8235737681388855,0.135330930352211,0.026069317013025284
1765156327.6360302,cf1,-1.5041583776474,1.8861515522003174,0.9990168809890747,-0.8297545313835144,-0.49599847197532654,0.03559007868170738
1765156327.636464,cf1,-1.5041583776474,1.8861515522003174,0.9990168809890747,-0.8126088976860046,-0.5071120262145996,0.016695642843842506
1765156327.651026,cf2,-0.8468302488327026,1.873517394065857,1.0081758499145508,-0.8235737681388855,0.135330930352211,0.026069317013025284
1765156327.652846,cf2,-0.8468302488327026,1.873517394065857,1.0081758499145508,-0.8351568579673767,0.11885592341423035,0.029156304895877838
1765156327.6557462,cf1,-1.520987629890442,1.876586675643921,0.9989066123962402,-0.8126088976860046,-0.5071120262145996,0.016695642843842506
1765156327.6560764,cf1,-1.520987629890442,1.876586675643921,0.9989066123962402,-0.8016689419746399,-0.5219616293907166,7.88081597420387e-05
1765156327.6721306,cf2,-0.8648661375045776,1.8767160177230835,1.0079209804534912,-0.8351568579673767,0.11885592341423035,0.029156304895877838
1765156327.6739929,cf2,-0.8648661375045776,1.8767160177230835,1.0079209804534912,-0.8450673818588257,0.10102775692939758,0.027555599808692932
1765156327.675635,cf1,-1.5388319492340088,1.8659899234771729,0.998557984828949,-0.8016689419746399,-0.5219616293907166,7.88081597420387e-05
1765156327.6758938,cf1,-1.5388319492340088,1.8659899234771729,0.998557984828949,-0.7927501201629639,-0.5378814935684204,-0.012831808999180794
1765156327.6919525,cf2,-0.8827160596847534,1.8794993162155151,1.0076178312301636,-0.8450673818588257,0.10102775692939758,0.027555599808692932
1765156327.6940227,cf2,-0.8827160596847534,1.8794993162155151,1.0076178312301636,-0.8553323149681091,0.08398540318012238,0.021815195679664612
1765156327.6957436,cf1,-1.556534767150879,1.855033278465271,0.9980862140655518,-0.7927501201629639,-0.5378814935684204,-0.012831808999180794
1765156327.6959836,cf1,-1.556534767150879,1.855033278465271,0.9980862140655518,-0.7838493585586548,-0.5536051392555237,-0.01638280786573887
1765156327.7121997,cf2,-0.8992074131965637,1.8816410303115845,1.0072588920593262,-0.8553323149681091,0.08398540318012238,0.021815195679664612
1765156327.714209,cf2,-0.8992074131965637,1.8816410303115845,1.0072588920593262,-0.8649184107780457,0.0667133778333664,0.012517379596829414
1765156327.7157376,cf1,-1.574021339416504,1.8437433242797852,0.9976494312286377,-0.7838493585586548,-0.5536051392555237,-0.01638280786573887
1765156327.7160258,cf1,-1.574021339416504,1.8437433242797852,0.9976494312286377,-0.7715678215026855,-0.5672513246536255,-0.011755659244954586
1765156327.7321088,cf2,-0.9193326830863953,1.8840285539627075,1.0067393779754639,-0.8649184107780457,0.0667133778333664,0.012517379596829414
1765156327.734087,cf2,-0.9193326830863953,1.8840285539627075,1.0067393779754639,-0.872711181640625,0.04916654899716377,0.002433251589536667
1765156327.7358124,cf1,-1.5912904739379883,1.8321083784103394,0.9973784685134888,-0.7715678215026855,-0.5672513246536255,-0.011755659244954586
1765156327.7360127,cf1,-1.5912904739379883,1.8321083784103394,0.9973784685134888,-0.7665494680404663,-0.5848821997642517,-0.0007808119407854974
1765156327.7520423,cf2,-0.9378449320793152,1.885736346244812,1.0061925649642944,-0.872711181640625,0.04916654899716377,0.002433251589536667
1765156327.7538235,cf2,-0.9378449320793152,1.885736346244812,1.0061925649642944,-0.8784921765327454,0.031385213136672974,-0.006026358809322119
1765156327.755765,cf1,-1.6083390712738037,1.8201243877410889,0.9973478317260742,-0.7665494680404663,-0.5848821997642517,-0.0007808119407854974
1765156327.756084,cf1,-1.6083390712738037,1.8201243877410889,0.9973478317260742,-0.7544779777526855,-0.5981461405754089,0.012061106972396374
1765156327.7721372,cf2,-0.9546962380409241,1.8868664503097534,1.0056737661361694,-0.8784921765327454,0.031385213136672974,-0.006026358809322119
1765156327.7741115,cf2,-0.9546962380409241,1.8868664503097534,1.0056737661361694,-0.8659725189208984,0.013500808738172054,-0.011956810019910336
1765156327.7758613,cf1,-1.6251624822616577,1.8077930212020874,0.9975561499595642,-0.7544779777526855,-0.5981461405754089,0.012061106972396374
1765156327.7761943,cf1,-1.6251624822616577,1.8077930212020874,0.9975561499595642,-0.7457400560379028,-0.6134113669395447,0.02506842650473118
1765156327.7919917,cf2,-0.9705619215965271,1.8877917528152466,1.0052822828292847,-0.8659725189208984,0.013500808738172054,-0.011956810019910336
1765156327.7939894,cf2,-0.9705619215965271,1.8877917528152466,1.0052822828292847,-0.8653051257133484,-0.004240585491061211,-0.012881592847406864
1765156327.7958632,cf1,-1.6417583227157593,1.7951185703277588,0.9979352355003357,-0.7457400560379028,-0.6134113669395447,0.02506842650473118
1765156327.796314,cf1,-1.6417583227157593,1.7951185703277588,0.9979352355003357,-0.7366769313812256,-0.6285905838012695,0.033174190670251846
1765156327.8121507,cf2,-0.9890484809875488,1.8884217739105225,1.0049409866333008,-0.8653051257133484,-0.004240585491061211,-0.012881592847406864
1765156327.8139825,cf2,-0.9890484809875488,1.8884217739105225,1.0049409866333008,-0.86598140001297,-0.022170256823301315,-0.008155819028615952
1765156327.8182688,cf1,-1.6584702730178833,1.7818069458007812,0.9983919262886047,-0.7366769313812256,-0.6285905838012695,0.033174190670251846
1765156327.8187983,cf1,-1.6584702730178833,1.7818069458007812,0.9983919262886047,-0.7278624773025513,-0.6449963450431824,0.03569144755601883
1765156327.8320966,cf2,-1.0098767280578613,1.8885923624038696,1.0047856569290161,-0.86598140001297,-0.022170256823301315,-0.008155819028615952
1765156327.833875,cf2,-1.0098767280578613,1.8885923624038696,1.0047856569290161,-0.8763219118118286,-0.04135388880968094,0.00448285648599267
1765156327.8359287,cf1,-1.674303650856018,1.7687190771102905,0.9987906217575073,-0.7278624773025513,-0.6449963450431824,0.03569144755601883
1765156327.8362422,cf1,-1.674303650856018,1.7687190771102905,0.9987906217575073,-0.7106238007545471,-0.6555895805358887,0.03076746128499508
1765156327.8519938,cf2,-1.029171347618103,1.8883401155471802,1.0049511194229126,-0.8763219118118286,-0.04135388880968094,0.00448285648599267
1765156327.853937,cf2,-1.029171347618103,1.8883401155471802,1.0049511194229126,-0.8600237965583801,-0.058412451297044754,0.017300259321928024
1765156327.8557782,cf1,-1.6900464296340942,1.7551946640014648,0.9990624785423279,-0.7106238007545471,-0.6555895805358887,0.03076746128499508
1765156327.8562112,cf1,-1.6900464296340942,1.7551946640014648,0.9990624785423279,-0.6991323828697205,-0.6701716184616089,0.022977568209171295
1765156327.8721104,cf2,-1.0450220108032227,1.8878817558288574,1.0053461790084839,-0.8600237965583801,-0.058412451297044754,0.017300259321928024
1765156327.8739495,cf2,-1.0450220108032227,1.8878817558288574,1.0053461790084839,-0.8558316230773926,-0.07589641958475113,0.028036165982484818
1765156327.8758693,cf1,-1.7056130170822144,1.7412830591201782,0.9991791248321533,-0.6991323828697205,-0.6701716184616089,0.022977568209171295
1765156327.87616,cf1,-1.7056130170822144,1.7412830591201782,0.9991791248321533,-0.6868324875831604,-0.6850230097770691,0.01528672780841589
1765156327.8921082,cf2,-1.0633865594863892,1.8869140148162842,1.005919337272644,-0.8558316230773926,-0.07589641958475113,0.028036165982484818
1765156327.8940873,cf2,-1.0633865594863892,1.8869140148162842,1.005919337272644,-0.854105532169342,-0.09337936341762543,0.03383385017514229
1765156327.8957486,cf1,-1.7208917140960693,1.7270554304122925,0.999153733253479,-0.6868324875831604,-0.6850230097770691,0.01528672780841589
1765156327.8959336,cf1,-1.7208917140960693,1.7270554304122925,0.999153733253479,-0.6736139059066772,-0.7000231146812439,0.0068358201533555984
1765156327.9119768,cf2,-1.0818504095077515,1.8855609893798828,1.0065685510635376,-0.854105532169342,-0.09337936341762543,0.03383385017514229
1765156327.9139845,cf2,-1.0818504095077515,1.8855609893798828,1.0065685510635376,-0.8519096970558167,-0.1109369546175003,0.0363546647131443
1765156327.9169092,cf1,-1.736182689666748,1.712180495262146,0.9990181922912598,-0.6736139059066772,-0.7000231146812439,0.0068358201533555984
1765156327.9175246,cf1,-1.736182689666748,1.712180495262146,0.9990181922912598,-0.6572361588478088,-0.7136970162391663,-0.0002720245101954788
1765156327.9321132,cf2,-1.1002564430236816,1.883836269378662,1.0071903467178345,-0.8519096970558167,-0.1109369546175003,0.0363546647131443
1765156327.934089,cf2,-1.1002564430236816,1.883836269378662,1.0071903467178345,-0.8495408296585083,-0.1285945624113083,0.03496517241001129
1765156327.9367352,cf1,-1.7505064010620117,1.69768226146698,0.9988583326339722,-0.6572361588478088,-0.7136970162391663,-0.0002720245101954788
1765156327.9370284,cf1,-1.7505064010620117,1.69768226146698,0.9988583326339722,-0.6419237852096558,-0.7271203398704529,-0.003675957443192601
1765156327.9510236,cf2,-1.1186026334762573,1.8817477226257324,1.0076872110366821,-0.8495408296585083,-0.1285945624113083,0.03496517241001129
1765156327.952867,cf2,-1.1186026334762573,1.8817477226257324,1.0076872110366821,-0.8552624583244324,-0.13790519535541534,0.03322234004735947
1765156327.9569488,cf1,-1.7647862434387207,1.6825815439224243,0.9987260699272156,-0.6419237852096558,-0.7271203398704529,-0.003675957443192601
1765156327.95731,cf1,-1.7647862434387207,1.6825815439224243,0.9987260699272156,-0.6265272498130798,-0.7407105565071106,-0.0035093300975859165
1765156327.9719677,cf2,-1.1375141143798828,1.8791966438293457,1.0080149173736572,-0.8552624583244324,-0.13790519535541534,0.03322234004735947
1765156327.9739418,cf2,-1.1375141143798828,1.8791966438293457,1.0080149173736572,-0.8463171124458313,-0.15532365441322327,0.022694945335388184
1765156327.9770856,cf1,-1.7787219285964966,1.6671749353408813,0.9986828565597534,-0.6265272498130798,-0.7407105565071106,-0.0035093300975859165
1765156327.9774623,cf1,-1.7787219285964966,1.6671749353408813,0.9986828565597534,-0.6103511452674866,-0.7539556622505188,0.0002245078212581575
1765156327.9911637,cf2,-1.157978892326355,1.8759490251541138,1.0081140995025635,-0.8463171124458313,-0.15532365441322327,0.022694945335388184
1765156327.9928412,cf2,-1.157978892326355,1.8759490251541138,1.0081140995025635,-0.8382218480110168,-0.17359469830989838,0.008933424949645996
1765156327.9968772,cf1,-1.7922714948654175,1.6514791250228882,0.9987850785255432,-0.6103511452674866,-0.7539556622505188,0.0002245078212581575
1765156327.9971986,cf1,-1.7922714948654175,1.6514791250228882,0.9987850785255432,-0.5933932662010193,-0.7669323086738586,0.007354850880801678
1765156328.011051,cf2,-1.1760578155517578,1.8727869987487793,1.0079630613327026,-0.8382218480110168,-0.17359469830989838,0.008933424949645996
1765156328.0128162,cf2,-1.1760578155517578,1.8727869987487793,1.0079630613327026,-0.8350376486778259,-0.1901330202817917,-0.003990352153778076
1765156328.017058,cf1,-1.8054224252700806,1.6355000734329224,0.9990500211715698,-0.5933932662010193,-0.7669323086738586,0.007354850880801678
1765156328.0173872,cf1,-1.8054224252700806,1.6355000734329224,0.9990500211715698,-0.5758953094482422,-0.7795537114143372,0.015343990176916122
1765156328.031134,cf2,-1.194109320640564,1.8692759275436401,1.0076650381088257,-0.8350376486778259,-0.1901330202817917,-0.003990352153778076
1765156328.0329025,cf2,-1.194109320640564,1.8692759275436401,1.0076650381088257,-0.8311195373535156,-0.2065611183643341,-0.013294501230120659
1765156328.0369024,cf1,-1.8181672096252441,1.619247555732727,0.9994634389877319,-0.5758953094482422,-0.7795537114143372,0.015343990176916122
1765156328.0373511,cf1,-1.8181672096252441,1.619247555732727,0.9994634389877319,-0.5579520463943481,-0.7917649745941162,0.02269824407994747
1765156328.0511005,cf2,-1.212054967880249,1.86541748046875,1.0073273181915283,-0.8311195373535156,-0.2065611183643341,-0.013294501230120659
1765156328.0528479,cf2,-1.212054967880249,1.86541748046875,1.0073273181915283,-0.8265331983566284,-0.22290554642677307,-0.016295813024044037
1765156328.0579014,cf1,-1.8305026292800903,1.6027337312698364,0.9999843239784241,-0.5579520463943481,-0.7917649745941162,0.02269824407994747
1765156328.0582418,cf1,-1.8305026292800903,1.6027337312698364,0.9999843239784241,-0.5396274924278259,-0.8035047054290771,0.027564767748117447
1765156328.0710697,cf2,-1.2298831939697266,1.8612052202224731,1.0070699453353882,-0.8265331983566284,-0.22290554642677307,-0.016295813024044037
1765156328.072809,cf2,-1.2298831939697266,1.8612052202224731,1.0070699453353882,-0.8214804530143738,-0.23911602795124054,-0.012996050529181957
1765156328.075743,cf1,-1.8424774408340454,1.585889220237732,1.0005460977554321,-0.5396274924278259,-0.8035047054290771,0.027564767748117447
1765156328.076084,cf1,-1.8424774408340454,1.585889220237732,1.0005460977554321,-0.5183131098747253,-0.8126733899116516,0.02900189720094204
1765156328.0911868,cf2,-1.2478758096694946,1.8565105199813843,1.0069841146469116,-0.8214804530143738,-0.23911602795124054,-0.012996050529181957
1765156328.0941846,cf2,-1.2478758096694946,1.8565105199813843,1.0069841146469116,-0.8187455534934998,-0.2557196021080017,-0.003801926039159298
1765156328.095781,cf1,-1.8544714450836182,1.5677381753921509,1.0010945796966553,-0.5183131098747253,-0.8126733899116516,0.02900189720094204
1765156328.0960662,cf1,-1.8544714450836182,1.5677381753921509,1.0010945796966553,-0.4994654357433319,-0.8231744766235352,0.0280262753367424
1765156328.11204,cf2,-1.265264630317688,1.8516576290130615,1.0071847438812256,-0.8187455534934998,-0.2557196021080017,-0.003801926039159298
1765156328.1138384,cf2,-1.265264630317688,1.8516576290130615,1.0071847438812256,-0.8096780776977539,-0.2712755501270294,0.008964009582996368
1765156328.1156244,cf1,-1.8655519485473633,1.5505343675613403,1.0015294551849365,-0.4994654357433319,-0.8231744766235352,0.0280262753367424
1765156328.1159246,cf1,-1.8655519485473633,1.5505343675613403,1.0015294551849365,-0.480704665184021,-0.8335087895393372,0.02524925395846367
1765156328.1320202,cf2,-1.2825706005096436,1.846401572227478,1.0076230764389038,-0.8096780776977539,-0.2712755501270294,0.008964009582996368
1765156328.134015,cf2,-1.2825706005096436,1.846401572227478,1.0076230764389038,-0.8033059239387512,-0.28717052936553955,0.023880641907453537
1765156328.1356688,cf1,-1.8757580518722534,1.534390926361084,1.0017931461334229,-0.480704665184021,-0.8335087895393372,0.02524925395846367
1765156328.1358957,cf1,-1.8757580518722534,1.534390926361084,1.0017931461334229,-0.4622429609298706,-0.8434967994689941,0.017951881512999535
1765156328.1522,cf2,-1.2998402118682861,1.8407412767410278,1.0082685947418213,-0.8033059239387512,-0.28717052936553955,0.023880641907453537
1765156328.1541572,cf2,-1.2998402118682861,1.8407412767410278,1.0082685947418213,-0.7970275282859802,-0.30364105105400085,0.03682270646095276
1765156328.155738,cf1,-1.8865712881088257,1.5154920816421509,1.0018984079360962,-0.4622429609298706,-0.8434967994689941,0.017951881512999535
1765156328.1562152,cf1,-1.8865712881088257,1.5154920816421509,1.0018984079360962,-0.44602862000465393,-0.8574965596199036,0.008778833784162998
1765156328.1720686,cf2,-1.3169751167297363,1.8347069025039673,1.0090270042419434,-0.7970275282859802,-0.30364105105400085,0.03682270646095276
1765156328.1739848,cf2,-1.3169751167297363,1.8347069025039673,1.0090270042419434,-0.7906039953231812,-0.3205666244029999,0.0445069894194603
1765156328.1769538,cf1,-1.8961306810379028,1.4989266395568848,1.001823902130127,-0.44602862000465393,-0.8574965596199036,0.008778833784162998
1765156328.1774879,cf1,-1.8961306810379028,1.4989266395568848,1.001823902130127,-0.42474085092544556,-0.8583842515945435,-0.0015726772835478187
1765156328.1921806,cf2,-1.3339673280715942,1.8283075094223022,1.0097696781158447,-0.7906039953231812,-0.3205666244029999,0.0445069894194603
1765156328.1938753,cf2,-1.3339673280715942,1.8283075094223022,1.0097696781158447,-0.7839230895042419,-0.33783861994743347,0.04558945447206497
1765156328.1967278,cf1,-1.9056997299194336,1.4810972213745117,1.0016400814056396,-0.42474085092544556,-0.8583842515945435,-0.0015726772835478187
1765156328.1970296,cf1,-1.9056997299194336,1.4810972213745117,1.0016400814056396,-0.4078374207019806,-0.8656272292137146,-0.007386178709566593
1765156328.2120261,cf2,-1.3508148193359375,1.8215501308441162,1.0103777647018433,-0.7839230895042419,-0.33783861994743347,0.04558945447206497
1765156328.2140164,cf2,-1.3508148193359375,1.8215501308441162,1.0103777647018433,-0.7769418954849243,-0.35536429286003113,0.040030114352703094
1765156328.2169344,cf1,-1.9149580001831055,1.463023066520691,1.0014164447784424,-0.4078374207019806,-0.8656272292137146,-0.007386178709566593
1765156328.2173972,cf1,-1.9149580001831055,1.463023066520691,1.0014164447784424,-0.39133965969085693,-0.8723142743110657,-0.010610050521790981
1765156328.2320273,cf2,-1.3675137758255005,1.8144408464431763,1.0107595920562744,-0.7769418954849243,-0.35536429286003113,0.040030114352703094
1765156328.2339616,cf2,-1.3675137758255005,1.8144408464431763,1.0107595920562744,-0.7695501446723938,-0.3728939890861511,0.027871089056134224
1765156328.2369473,cf1,-1.9238548278808594,1.4448095560073853,1.0012212991714478,-0.39133965969085693,-0.8723142743110657,-0.010610050521790981
1765156328.2374501,cf1,-1.9238548278808594,1.4448095560073853,1.0012212991714478,-0.37494415044784546,-0.8784088492393494,-0.008069627918303013
1765156328.2521346,cf2,-1.38405179977417,1.8069982528686523,1.010862946510315,-0.7695501446723938,-0.3728939890861511,0.027871089056134224
1765156328.2540927,cf2,-1.38405179977417,1.8069982528686523,1.010862946510315,-0.7614621520042419,-0.3898467719554901,0.011601539328694344
1765156328.2566638,cf1,-1.932720422744751,1.4251271486282349,1.0010634660720825,-0.37494415044784546,-0.8784088492393494,-0.008069627918303013
1765156328.2569718,cf1,-1.932720422744751,1.4251271486282349,1.0010634660720825,-0.3584689199924469,-0.8844103813171387,-0.0012547442456707358
1765156328.2710757,cf2,-1.4011305570602417,1.79866361618042,1.0106980800628662,-0.7614621520042419,-0.3898467719554901,0.011601539328694344
1765156328.272888,cf2,-1.4011305570602417,1.79866361618042,1.0106980800628662,-0.7450864315032959,-0.40313521027565,-0.005659235641360283
1765156328.2770596,cf1,-1.9405137300491333,1.4079614877700806,1.0011688470840454,-0.3584689199924469,-0.8844103813171387,-0.0012547442456707358
1765156328.2773075,cf1,-1.9405137300491333,1.4079614877700806,1.0011688470840454,-0.3419492244720459,-0.8904021382331848,0.007574425078928471
1765156328.2909827,cf2,-1.4174758195877075,1.7904784679412842,1.0103262662887573,-0.7450864315032959,-0.40313521027565,-0.005659235641360283
1765156328.2927861,cf2,-1.4174758195877075,1.7904784679412842,1.0103262662887573,-0.7360244393348694,-0.41866183280944824,-0.01714133471250534
1765156328.2971299,cf1,-1.9485671520233154,1.3879750967025757,1.0013182163238525,-0.3419492244720459,-0.8904021382331848,0.007574425078928471
1765156328.2974796,cf1,-1.9485671520233154,1.3879750967025757,1.0013182163238525,-0.3253544270992279,-0.8963930606842041,0.016325702890753746
1765156328.3121488,cf2,-1.4341719150543213,1.7816424369812012,1.0098925828933716,-0.7360244393348694,-0.41866183280944824,-0.01714133471250534
1765156328.3138878,cf2,-1.4341719150543213,1.7816424369812012,1.0098925828933716,-0.7239435911178589,-0.43301838636398315,-0.021653754636645317
1765156328.316773,cf1,-1.9559125900268555,1.3691840171813965,1.001636266708374,-0.3253544270992279,-0.8963930606842041,0.016325702890753746
1765156328.3171272,cf1,-1.9559125900268555,1.3691840171813965,1.001636266708374,-0.3095431327819824,-0.9074460864067078,0.023317206650972366
1765156328.330952,cf2,-1.4493215084075928,1.7732486724853516,1.0096185207366943,-0.7239435911178589,-0.43301838636398315,-0.021653754636645317
1765156328.3327668,cf2,-1.4493215084075928,1.7732486724853516,1.0096185207366943,-0.7103270292282104,-0.4458090364933014,-0.017132926732301712
1765156328.3367486,cf1,-1.96287202835083,1.350258708000183,1.0020031929016113,-0.3095431327819824,-0.9074460864067078,0.023317206650972366
1765156328.3372326,cf1,-1.96287202835083,1.350258708000183,1.0020031929016113,-0.29240721464157104,-0.9132593274116516,0.026939494535326958
1765156328.3512037,cf2,-1.4645929336547852,1.7643665075302124,1.0095770359039307,-0.7103270292282104,-0.4458090364933014,-0.017132926732301712
1765156328.3528476,cf2,-1.4645929336547852,1.7643665075302124,1.0095770359039307,-0.7001540660858154,-0.45910748839378357,-0.005688312463462353
1765156328.3567047,cf1,-1.969447135925293,1.3312060832977295,1.0023335218429565,-0.29240721464157104,-0.9132593274116516,0.026939494535326958
1765156328.3569803,cf1,-1.969447135925293,1.3312060832977295,1.0023335218429565,-0.27492555975914,-0.9189730286598206,0.02618015930056572
1765156328.3710487,cf2,-1.4798429012298584,1.7550644874572754,1.0098240375518799,-0.7001540660858154,-0.45910748839378357,-0.005688312463462353
1765156328.372844,cf2,-1.4798429012298584,1.7550644874572754,1.0098240375518799,-0.6902100443840027,-0.4721165895462036,0.009451689198613167
1765156328.3770783,cf1,-1.9756392240524292,1.3120321035385132,1.002542495727539,-0.27492555975914,-0.9189730286598206,0.02618015930056572
1765156328.3774168,cf1,-1.9756392240524292,1.3120321035385132,1.002542495727539,-0.25633496046066284,-0.919306755065918,0.019888177514076233
1765156328.3910458,cf2,-1.4948776960372925,1.74546217918396,1.0103440284729004,-0.6902100443840027,-0.4721165895462036,0.009451689198613167
1765156328.392841,cf2,-1.4948776960372925,1.74546217918396,1.0103440284729004,-0.6803956627845764,-0.4848986268043518,0.02492082491517067
1765156328.395717,cf1,-1.9790927171707153,1.3018072843551636,1.0025780200958252,-0.25633496046066284,-0.919306755065918,0.019888177514076233
1765156328.396097,cf1,-1.9790927171707153,1.3018072843551636,1.0025780200958252,-0.2470565289258957,-0.9233550429344177,0.015399247407913208
1765156328.4112577,cf2,-1.5029125213623047,1.740516185760498,1.0107766389846802,-0.6803956627845764,-0.4848986268043518,0.02492082491517067
1765156328.4142385,cf2,-1.5029125213623047,1.740516185760498,1.0107766389846802,-0.6708045601844788,-0.4975599944591522,0.03647172451019287
1765156328.4157522,cf1,-1.9846316576004028,1.2826865911483765,1.0025105476379395,-0.2470565289258957,-0.9233550429344177,0.015399247407913208
1765156328.4159477,cf1,-1.9846316576004028,1.2826865911483765,1.0025105476379395,-0.22850482165813446,-0.92760169506073,0.0057445489801466465
1765156328.4319816,cf2,-1.5244485139846802,1.725294589996338,1.0118075609207153,-0.6708045601844788,-0.4975599944591522,0.03647172451019287
1765156328.4339876,cf2,-1.5244485139846802,1.725294589996338,1.0118075609207153,-0.6587747931480408,-0.5091513991355896,0.04075787216424942
1765156328.435691,cf1,-1.989831566810608,1.2632683515548706,1.002279281616211,-0.22850482165813446,-0.92760169506073,0.0057445489801466465
1765156328.4361153,cf1,-1.989831566810608,1.2632683515548706,1.002279281616211,-0.20979981124401093,-0.9321304559707642,-0.0027552435640245676
1765156328.4520442,cf2,-1.5386993885040283,1.7149884700775146,1.012444019317627,-0.6587747931480408,-0.5091513991355896,0.04075787216424942
1765156328.4538805,cf2,-1.5386993885040283,1.7149884700775146,1.012444019317627,-0.6493512392044067,-0.5216280221939087,0.038014911115169525
1765156328.4556715,cf1,-1.99462890625,1.2437485456466675,1.001940369606018,-0.20979981124401093,-0.9321304559707642,-0.0027552435640245676
1765156328.4561105,cf1,-1.99462890625,1.2437485456466675,1.001940369606018,-0.19087304174900055,-0.9364854693412781,-0.0062179830856621265
1765156328.4720268,cf2,-1.5529080629348755,1.7043120861053467,1.0128686428070068,-0.6493512392044067,-0.5216280221939087,0.038014911115169525
1765156328.474001,cf2,-1.5529080629348755,1.7043120861053467,1.0128686428070068,-0.6399694681167603,-0.534324049949646,0.029675764963030815
1765156328.475567,cf1,-1.9990122318267822,1.2241296768188477,1.0015721321105957,-0.19087304174900055,-0.9364854693412781,-0.0062179830856621265
1765156328.4757767,cf1,-1.9990122318267822,1.2241296768188477,1.0015721321105957,-0.1718125194311142,-0.9410088658332825,-0.004934858065098524
1765156328.4921112,cf2,-1.5669323205947876,1.6933743953704834,1.0129905939102173,-0.6399694681167603,-0.534324049949646,0.029675764963030815
1765156328.4939861,cf2,-1.5669323205947876,1.6933743953704834,1.0129905939102173,-0.630534291267395,-0.547150194644928,0.016214318573474884
1765156328.495721,cf1,-2.002973794937134,1.2044044733047485,1.001254677772522,-0.1718125194311142,-0.9410088658332825,-0.004934858065098524
1765156328.4963992,cf1,-2.002973794937134,1.2044044733047485,1.001254677772522,-0.15266694128513336,-0.9457345604896545,0.0003396508109290153
1765156328.512115,cf2,-1.580762267112732,1.6821836233139038,1.012794017791748,-0.630534291267395,-0.547150194644928,0.016214318573474884
1765156328.514214,cf2,-1.580762267112732,1.6821836233139038,1.012794017791748,-0.6208751201629639,-0.5598739981651306,0.0006880027358420193
1765156328.515807,cf1,-2.0065088272094727,1.184567928314209,1.0010428428649902,-0.15266694128513336,-0.9457345604896545,0.0003396508109290153
1765156328.5161953,cf1,-2.0065088272094727,1.184567928314209,1.0010428428649902,-0.13346944749355316,-0.9505765438079834,0.008011843077838421
1765156328.5320623,cf2,-1.5943853855133057,1.6707422733306885,1.0123401880264282,-0.6208751201629639,-0.5598739981651306,0.0006880027358420193
1765156328.5339544,cf2,-1.5943853855133057,1.6707422733306885,1.0123401880264282,-0.6135627031326294,-0.5758585929870605,-0.012380314990878105
1765156328.5357635,cf1,-2.009617567062378,1.1646208763122559,1.0009509325027466,-0.13346944749355316,-0.9505765438079834,0.008011843077838421
1765156328.5360754,cf1,-2.009617567062378,1.1646208763122559,1.0009509325027466,-0.11427581310272217,-0.9553818702697754,0.015889151021838188
1765156328.5519998,cf2,-1.6077865362167358,1.6590455770492554,1.0117474794387817,-0.6135627031326294,-0.5758585929870605,-0.012380314990878105
1765156328.5537784,cf2,-1.6077865362167358,1.6590455770492554,1.0117474794387817,-0.6029581427574158,-0.5881681442260742,-0.02079114317893982
1765156328.5557,cf1,-2.012303113937378,1.1445688009262085,1.0009558200836182,-0.11427581310272217,-0.9553818702697754,0.015889151021838188
1765156328.5560074,cf1,-2.012303113937378,1.1445688009262085,1.0009558200836182,-0.09509667754173279,-0.9600045084953308,0.022054854780435562
1765156328.5721316,cf2,-1.6209481954574585,1.6470870971679688,1.011175274848938,-0.6029581427574158,-0.5881681442260742,-0.02079114317893982
1765156328.5737834,cf2,-1.6209481954574585,1.6470870971679688,1.011175274848938,-0.5891700983047485,-0.5965651869773865,-0.021878227591514587
1765156328.5758443,cf1,-2.014570713043213,1.1244217157363892,1.001008152961731,-0.09509667754173279,-0.9600045084953308,0.022054854780435562
1765156328.5761712,cf1,-2.014570713043213,1.1244217157363892,1.001008152961731,-0.0759115219116211,-0.9642913937568665,0.02501685358583927
1765156328.5920396,cf2,-1.633852481842041,1.6348625421524048,1.0107672214508057,-0.5891700983047485,-0.5965651869773865,-0.021878227591514587
1765156328.5939374,cf2,-1.633852481842041,1.6348625421524048,1.0107672214508057,-0.5775589346885681,-0.6081354022026062,-0.016734827309846878
1765156328.5956106,cf1,-2.016425609588623,1.1041922569274902,1.0010462999343872,-0.0759115219116211,-0.9642913937568665,0.02501685358583927
1765156328.5960228,cf1,-2.016425609588623,1.1041922569274902,1.0010462999343872,-0.05669000744819641,-0.968097448348999,0.024200040847063065
1765156328.6119642,cf2,-1.6464810371398926,1.622377634048462,1.0106053352355957,-0.5775589346885681,-0.6081354022026062,-0.016734827309846878
1765156328.6138756,cf2,-1.6464810371398926,1.622377634048462,1.0106053352355957,-0.5679504871368408,-0.6230401992797852,-0.006565068382769823
1765156328.6157804,cf1,-2.0176634788513184,1.0857568979263306,1.0010148286819458,-0.05669000744819641,-0.968097448348999,0.024200040847063065
1765156328.6161027,cf1,-2.0176634788513184,1.0857568979263306,1.0010148286819458,-0.037406500428915024,-0.9712969660758972,0.01957225613296032
1765156328.6320758,cf2,-1.6531894207000732,1.6159024238586426,1.010764479637146,-0.5679504871368408,-0.6230401992797852,-0.006565068382769823
1765156328.6341088,cf2,-1.6531894207000732,1.6159024238586426,1.010764479637146,-0.5526770949363708,-0.6301506161689758,0.006395409349352121
1765156328.6358032,cf1,-2.018911361694336,1.0635454654693604,1.0008630752563477,-0.037406500428915024,-0.9712969660758972,0.01957225613296032
1765156328.6360514,cf1,-2.018911361694336,1.0635454654693604,1.0008630752563477,-0.018054448068141937,-0.9737570285797119,0.012441959232091904
1765156328.6519477,cf2,-1.6680514812469482,1.5999211072921753,1.011031150817871,-0.5526770949363708,-0.6301506161689758,0.006395409349352121
1765156328.6537583,cf2,-1.6680514812469482,1.5999211072921753,1.011031150817871,-0.5321283340454102,-0.632360577583313,0.01711367256939411
1765156328.655598,cf1,-2.0195441246032715,1.0431604385375977,1.0005981922149658,-0.018054448068141937,-0.9737570285797119,0.012441959232091904
1765156328.655901,cf1,-2.0195441246032715,1.0431604385375977,1.0005981922149658,0.0013612309703603387,-0.9754232168197632,0.004618256818503141
1765156328.672169,cf2,-1.6816781759262085,1.5845143795013428,1.0115612745285034,-0.5321283340454102,-0.632360577583313,0.01711367256939411
1765156328.6741664,cf2,-1.6816781759262085,1.5845143795013428,1.0115612745285034,-0.5218337178230286,-0.647018551826477,0.02582632564008236
1765156328.6757689,cf1,-2.0197670459747314,1.0227545499801636,1.000244140625,0.0013612309703603387,-0.9754232168197632,0.004618256818503141
1765156328.6762457,cf1,-2.0197670459747314,1.0227545499801636,1.000244140625,0.0207817479968071,-0.9762903451919556,-0.001916555454954505
1765156328.692141,cf2,-1.6906405687332153,1.574259877204895,1.0120024681091309,-0.5218337178230286,-0.647018551826477,0.02582632564008236
1765156328.6940482,cf2,-1.6906405687332153,1.574259877204895,1.0120024681091309,-0.5010257959365845,-0.6476179957389832,0.03001987189054489
1765156328.6958766,cf1,-2.0195226669311523,1.0042107105255127,0.9998776316642761,0.0207817479968071,-0.9762903451919556,-0.001916555454954505
1765156328.6961007,cf1,-2.0195226669311523,1.0042107105255127,0.9998776316642761,0.040174130350351334,-0.9764131307601929,-0.005615890026092529
1765156328.7120283,cf2,-1.7023371458053589,1.5600430965423584,1.0125303268432617,-0.5010257959365845,-0.6476179957389832,0.03001987189054489
1765156328.713776,cf2,-1.7023371458053589,1.5600430965423584,1.0125303268432617,-0.4855964779853821,-0.6559934616088867,0.03134128078818321
1765156328.71659,cf1,-2.0189623832702637,0.9819318056106567,0.9995185732841492,0.040174130350351334,-0.9764131307601929,-0.005615890026092529
1765156328.7168522,cf1,-2.0189623832702637,0.9819318056106567,0.9995185732841492,0.059464726597070694,-0.9757741689682007,-0.005985661875456572
1765156328.7331405,cf2,-1.7155827283859253,1.542945384979248,1.012980580329895,-0.4855964779853821,-0.6559934616088867,0.03134128078818321
1765156328.7334661,cf2,-1.7155827283859253,1.542945384979248,1.012980580329895,-0.4743909239768982,-0.672705888748169,0.027353841811418533
1765156328.7368443,cf1,-2.0179426670074463,0.9633128643035889,0.9992690086364746,0.059464726597070694,-0.9757741689682007,-0.005985661875456572
1765156328.7371728,cf1,-2.0179426670074463,0.9633128643035889,0.9992690086364746,0.07928474247455597,-0.9711279273033142,-0.0029582867864519358
1765156328.7510192,cf2,-1.7206592559814453,1.5365439653396606,1.0130478143692017,-0.4743909239768982,-0.672705888748169,0.027353841811418533
1765156328.752868,cf2,-1.7206592559814453,1.5365439653396606,1.0130478143692017,-0.4536929428577423,-0.6730641722679138,0.018336012959480286
1765156328.756819,cf1,-2.016535758972168,0.9430757761001587,0.999167799949646,0.07928474247455597,-0.9711279273033142,-0.0029582867864519358
1765156328.7571664,cf1,-2.016535758972168,0.9430757761001587,0.999167799949646,0.0980871319770813,-0.9689661860466003,0.0033852632623165846
1765156328.7720811,cf2,-1.7321475744247437,1.5209949016571045,1.0130491256713867,-0.4536929428577423,-0.6730641722679138,0.018336012959480286
1765156328.7738538,cf2,-1.7321475744247437,1.5209949016571045,1.0130491256713867,-0.4435714781284332,-0.6918350458145142,0.008837615139782429
1765156328.7768328,cf1,-2.0146007537841797,0.9209080934524536,0.9992766380310059,0.0980871319770813,-0.9689661860466003,0.0033852632623165846
1765156328.7771876,cf1,-2.0146007537841797,0.9209080934524536,0.9992766380310059,0.1167633906006813,-0.9664456248283386,0.011143328621983528
1765156328.7922378,cf2,-1.741281509399414,1.507811427116394,1.0128766298294067,-0.4435714781284332,-0.6918350458145142,0.008837615139782429
1765156328.7939472,cf2,-1.741281509399414,1.507811427116394,1.0128766298294067,-0.43074309825897217,-0.7034755945205688,-0.002001584740355611
1765156328.7967942,cf1,-2.012303113937378,0.9006687998771667,0.9995238780975342,0.1167633906006813,-0.9664456248283386,0.011143328621983528
1765156328.797105,cf1,-2.012303113937378,0.9006687998771667,0.9995238780975342,0.13552385568618774,-0.9634297490119934,0.01989593543112278
1765156328.8121068,cf2,-1.7521841526031494,1.491748332977295,1.0124942064285278,-0.43074309825897217,-0.7034755945205688,-0.002001584740355611
1765156328.8141572,cf2,-1.7521841526031494,1.491748332977295,1.0124942064285278,-0.4179335832595825,-0.7143778204917908,-0.006432364694774151
1765156328.8167078,cf1,-2.009577512741089,0.8804979920387268,0.9999021887779236,0.13552385568618774,-0.9634297490119934,0.01989593543112278
1765156328.8175535,cf1,-2.009577512741089,0.8804979920387268,0.9999021887779236,0.1544198989868164,-0.9600395560264587,0.027812985703349113
1765156328.8321908,cf2,-1.7617608308792114,1.4768253564834595,1.0120896100997925,-0.4179335832595825,-0.7143778204917908,-0.006432364694774151
1765156328.8341415,cf2,-1.7617608308792114,1.4768253564834595,1.0120896100997925,-0.4053412079811096,-0.7250388264656067,-0.007079027593135834
1765156328.8366868,cf1,-2.0065598487854004,0.861794114112854,1.0003079175949097,0.1544198989868164,-0.9600395560264587,0.027812985703349113
1765156328.8375304,cf1,-2.0065598487854004,0.861794114112854,1.0003079175949097,0.1739589422941208,-0.9536992311477661,0.03243992105126381
1765156328.8519895,cf2,-1.7710543870925903,1.4616857767105103,1.011709451675415,-0.4053412079811096,-0.7250388264656067,-0.007079027593135834
1765156328.85392,cf2,-1.7710543870925903,1.4616857767105103,1.011709451675415,-0.3928590416908264,-0.7352949976921082,-0.004628577269613743
1765156328.857042,cf1,-2.0030903816223145,0.842123806476593,1.0007562637329102,0.1739589422941208,-0.9536992311477661,0.03243992105126381
1765156328.8574905,cf1,-2.0030903816223145,0.842123806476593,1.0007562637329102,0.19322818517684937,-0.945722222328186,0.03209913522005081
1765156328.8711565,cf2,-1.7795140743255615,1.4470504522323608,1.0113983154296875,-0.3928590416908264,-0.7352949976921082,-0.004628577269613743
1765156328.872769,cf2,-1.7795140743255615,1.4470504522323608,1.0113983154296875,-0.3836788535118103,-0.735971987247467,-0.0017887487774714828
1765156328.8768637,cf1,-1.999183177947998,0.8223263621330261,1.0011260509490967,0.19322818517684937,-0.945722222328186,0.03209913522005081
1765156328.8774035,cf1,-1.999183177947998,0.8223263621330261,1.0011260509490967,0.21180832386016846,-0.9375218152999878,0.027708817273378372
1765156328.891153,cf2,-1.787917137145996,1.4321235418319702,1.0112568140029907,-0.3836788535118103,-0.735971987247467,-0.0017887487774714828
1765156328.8930752,cf2,-1.787917137145996,1.4321235418319702,1.0112568140029907,-0.36867499351501465,-0.742287278175354,0.00358986365608871
1765156328.8968124,cf1,-1.994850993156433,0.8024945259094238,1.0013470649719238,0.21180832386016846,-0.9375218152999878,0.027708817273378372
1765156328.8970149,cf1,-1.994850993156433,0.8024945259094238,1.0013470649719238,0.23146812617778778,-0.9368759989738464,0.02137847989797592
1765156328.9110465,cf2,-1.796292781829834,1.4165281057357788,1.011233925819397,-0.36867499351501465,-0.742287278175354,0.00358986365608871
1765156328.912792,cf2,-1.796292781829834,1.4165281057357788,1.011233925819397,-0.35581493377685547,-0.7509854435920715,0.008632438257336617
1765156328.916998,cf1,-1.9901221990585327,0.782756507396698,1.0013744831085205,0.23146812617778778,-0.9368759989738464,0.02137847989797592
1765156328.9174104,cf1,-1.9901221990585327,0.782756507396698,1.0013744831085205,0.25060519576072693,-0.932166337966919,0.013381483033299446
1765156328.93108,cf2,-1.8044251203536987,1.400643229484558,1.0113301277160645,-0.35581493377685547,-0.7509854435920715,0.008632438257336617
1765156328.932988,cf2,-1.8044251203536987,1.400643229484558,1.0113301277160645,-0.34256377816200256,-0.7592346668243408,0.014191840775310993
1765156328.93704,cf1,-1.9850000143051147,0.7631190419197083,1.0012048482894897,0.25060519576072693,-0.932166337966919,0.013381483033299446
1765156328.9374206,cf1,-1.9850000143051147,0.7631190419197083,1.0012048482894897,0.2696683704853058,-0.9274658560752869,0.005675441585481167
1765156328.9511724,cf2,-1.8122392892837524,1.3845878839492798,1.011527419090271,-0.34256377816200256,-0.7592346668243408,0.014191840775310993
1765156328.9528902,cf2,-1.8122392892837524,1.3845878839492798,1.011527419090271,-0.32863613963127136,-0.7672156691551208,0.019487814977765083
1765156328.9560704,cf1,-1.9794490337371826,0.7434850335121155,1.000868797302246,0.2696683704853058,-0.9274658560752869,0.005675441585481167
1765156328.9564366,cf1,-1.9794490337371826,0.7434850335121155,1.000868797302246,0.28787893056869507,-0.9158947467803955,-0.0016439016908407211
1765156328.971075,cf2,-1.8197218179702759,1.3683701753616333,1.0117778778076172,-0.32863613963127136,-0.7672156691551208,0.019487814977765083
1765156328.9728043,cf2,-1.8197218179702759,1.3683701753616333,1.0117778778076172,-0.3140454888343811,-0.7750529646873474,0.022147277370095253
1765156328.975832,cf1,-1.9735685586929321,0.7241508364677429,1.0004435777664185,0.28787893056869507,-0.9158947467803955,-0.0016439016908407211
1765156328.9761581,cf1,-1.9735685586929321,0.7241508364677429,1.0004435777664185,0.30647212266921997,-0.9112472534179688,-0.00541510758921504
1765156328.9921474,cf2,-1.8270097970962524,1.3516216278076172,1.0120288133621216,-0.3140454888343811,-0.7750529646873474,0.022147277370095253
1765156328.9941754,cf2,-1.8270097970962524,1.3516216278076172,1.0120288133621216,-0.2972263693809509,-0.7809810638427734,0.02133987471461296
1765156328.995762,cf1,-1.967258334159851,0.7048161625862122,1.0000065565109253,0.30647212266921997,-0.9112472534179688,-0.00541510758921504
1765156328.9962819,cf1,-1.967258334159851,0.7048161625862122,1.0000065565109253,0.32485154271125793,-0.9066832661628723,-0.005471084266901016
1765156329.0121076,cf2,-1.8336631059646606,1.3354744911193848,1.012214183807373,-0.2972263693809509,-0.7809810638427734,0.02133987471461296
1765156329.0139718,cf2,-1.8336631059646606,1.3354744911193848,1.012214183807373,-0.28113117814064026,-0.7877628803253174,0.019277481362223625
1765156329.015718,cf1,-1.9605456590652466,0.6855835318565369,0.9996592402458191,0.32485154271125793,-0.9066832661628723,-0.005471084266901016
1765156329.0160344,cf1,-1.9605456590652466,0.6855835318565369,0.9996592402458191,0.34275251626968384,-0.902009129524231,-0.000345123145962134
1765156329.0319521,cf2,-1.8400921821594238,1.3188364505767822,1.0123034715652466,-0.28113117814064026,-0.7877628803253174,0.019277481362223625
1765156329.0338068,cf2,-1.8400921821594238,1.3188364505767822,1.0123034715652466,-0.2643662393093109,-0.79524827003479,0.015395326539874077
1765156329.0356288,cf1,-1.953447937965393,0.6664569973945618,0.9994486570358276,0.34275251626968384,-0.902009129524231,-0.000345123145962134
1765156329.035829,cf1,-1.953447937965393,0.6664569973945618,0.9994486570358276,0.36003920435905457,-0.8973161578178406,0.007160484790802002
1765156329.0521355,cf2,-1.8461546897888184,1.302027940750122,1.0122710466384888,-0.2643662393093109,-0.79524827003479,0.015395326539874077
1765156329.0539076,cf2,-1.8461546897888184,1.302027940750122,1.0122710466384888,-0.24681739509105682,-0.8027700781822205,0.009878248907625675
1765156329.0558915,cf1,-1.945979356765747,0.647434651851654,0.9993832111358643,0.36003920435905457,-0.8973161578178406,0.007160484790802002
1765156329.0562162,cf1,-1.945979356765747,0.647434651851654,0.9993832111358643,0.37684112787246704,-0.892521321773529,0.014310110360383987
1765156329.0720499,cf2,-1.8518320322036743,1.2850744724273682,1.0121166706085205,-0.24681739509105682,-0.8027700781822205,0.009878248907625675
1765156329.0737524,cf2,-1.8518320322036743,1.2850744724273682,1.0121166706085205,-0.22869183123111725,-0.8100649118423462,0.004213319625705481
1765156329.0757754,cf1,-1.9381558895111084,0.6285220980644226,0.999435305595398,0.37684112787246704,-0.892521321773529,0.014310110360383987
1765156329.0761302,cf1,-1.9381558895111084,0.6285220980644226,0.999435305595398,0.39318743348121643,-0.8874196410179138,0.019704096019268036
1765156329.0920186,cf2,-1.8571141958236694,1.2679824829101562,1.0118660926818848,-0.22869183123111725,-0.8100649118423462,0.004213319625705481
1765156329.093847,cf2,-1.8571141958236694,1.2679824829101562,1.0118660926818848,-0.20895326137542725,-0.8137814998626709,-0.0007779065635986626
1765156329.0957348,cf1,-1.9299914836883545,0.6097265481948853,0.9995530247688293,0.39318743348121643,-0.8874196410179138,0.019704096019268036
1765156329.0959384,cf1,-1.9299914836883545,0.6097265481948853,0.9995530247688293,0.4091717600822449,-0.8819162249565125,0.02240719273686409
1765156329.1121345,cf2,-1.8619916439056396,1.2507591247558594,1.011568546295166,-0.20895326137542725,-0.8137814998626709,-0.0007779065635986626
1765156329.1141675,cf2,-1.8619916439056396,1.2507591247558594,1.011568546295166,-0.19136974215507507,-0.8234456181526184,-0.00316552072763443
1765156329.1157637,cf1,-1.9214961528778076,0.5910560488700867,0.9996745586395264,0.4091717600822449,-0.8819162249565125,0.02240719273686409
1765156329.1161048,cf1,-1.9214961528778076,0.5910560488700867,0.9996745586395264,0.42492255568504333,-0.8759095072746277,0.021503278985619545
1765156329.1319969,cf2,-1.8664556741714478,1.2334142923355103,1.011286735534668,-0.19136974215507507,-0.8234456181526184,-0.00316552072763443
1765156329.1338813,cf2,-1.8664556741714478,1.2334142923355103,1.011286735534668,-0.17247764766216278,-0.8292542099952698,-0.003076996421441436
1765156329.135623,cf1,-1.9126776456832886,0.5725230574607849,0.9997472167015076,0.42492255568504333,-0.8759095072746277,0.021503278985619545
1765156329.1359432,cf1,-1.9126776456832886,0.5725230574607849,0.9997472167015076,0.44051048159599304,-0.86925208568573,0.017633473500609398
1765156329.1521528,cf2,-1.8705017566680908,1.2159608602523804,1.011074423789978,-0.17247764766216278,-0.8292542099952698,-0.003076996421441436
1765156329.1541734,cf2,-1.8705017566680908,1.2159608602523804,1.011074423789978,-0.153607577085495,-0.8343652486801147,-6.100174141465686e-05
1765156329.156642,cf1,-1.9034883975982666,0.5540538430213928,0.9997361302375793,0.44051048159599304,-0.86925208568573,0.017633473500609398
1765156329.1569302,cf1,-1.9034883975982666,0.5540538430213928,0.9997361302375793,0.4553505480289459,-0.8587184548377991,0.011129272170364857
1765156329.1720843,cf2,-1.8741285800933838,1.1984103918075562,1.010969638824463,-0.153607577085495,-0.8343652486801147,-6.100174141465686e-05
1765156329.17386,cf2,-1.8741285800933838,1.1984103918075562,1.010969638824463,-0.13486556708812714,-0.8387787342071533,0.004325226414948702
1765156329.1766884,cf1,-1.8940856456756592,0.5359407067298889,0.9996415972709656,0.4553505480289459,-0.8587184548377991,0.011129272170364857
1765156329.177055,cf1,-1.8940856456756592,0.5359407067298889,0.9996415972709656,0.4706815481185913,-0.850468099117279,0.005225941073149443
1765156329.191046,cf2,-1.8774648904800415,1.1787110567092896,1.0109376907348633,-0.13486556708812714,-0.8387787342071533,0.004325226414948702
1765156329.192734,cf2,-1.8774648904800415,1.1787110567092896,1.0109376907348633,-0.11422461271286011,-0.8372297883033752,0.008600559085607529
1765156329.1969488,cf1,-1.884313702583313,0.5179128050804138,0.9994843006134033,0.4706815481185913,-0.850468099117279,0.005225941073149443
1765156329.1973584,cf1,-1.884313702583313,0.5179128050804138,0.9994843006134033,0.4861033260822296,-0.8416759967803955,0.000498105539008975
1765156329.211251,cf2,-1.880136251449585,1.1630747318267822,1.0111169815063477,-0.11422461271286011,-0.8372297883033752,0.008600559085607529
1765156329.2128117,cf2,-1.880136251449585,1.1630747318267822,1.0111169815063477,-0.09600729495286942,-0.8390385508537292,0.011072130873799324
1765156329.2159104,cf1,-1.8741594552993774,0.49999314546585083,0.9993028044700623,0.4861033260822296,-0.8416759967803955,0.000498105539008975
1765156329.2161078,cf1,-1.8741594552993774,0.49999314546585083,0.9993028044700623,0.5008299350738525,-0.8289824724197388,-0.001761798863299191
1765156329.2310915,cf2,-1.8824915885925293,1.1441549062728882,1.0113105773925781,-0.09600729495286942,-0.8390385508537292,0.011072130873799324
1765156329.2328217,cf2,-1.8824915885925293,1.1441549062728882,1.0113105773925781,-0.07845435291528702,-0.8402836918830872,0.011072111316025257
1765156329.2358994,cf1,-1.8628989458084106,0.4813777506351471,0.9991150498390198,0.5008299350738525,-0.8289824724197388,-0.001761798863299191
1765156329.236247,cf1,-1.8628989458084106,0.4813777506351471,0.9991150498390198,0.5165207386016846,-0.8187223672866821,4.642652129405178e-05
1765156329.251064,cf2,-1.884505271911621,1.1264333724975586,1.011555790901184,-0.07845435291528702,-0.8402836918830872,0.011072111316025257
1765156329.2527103,cf2,-1.884505271911621,1.1264333724975586,1.011555790901184,-0.061497580260038376,-0.8402715921401978,0.010668950155377388
1765156329.2557504,cf1,-1.8521000146865845,0.46401286125183105,0.9990699291229248,0.5165207386016846,-0.8187223672866821,4.642652129405178e-05
1765156329.2559545,cf1,-1.8521000146865845,0.46401286125183105,0.9990699291229248,0.5325198173522949,-0.808103621006012,0.0050611067563295364
1765156329.2711444,cf2,-1.8862661123275757,1.109955906867981,1.011772632598877,-0.061497580260038376,-0.8402715921401978,0.010668950155377388
1765156329.2727227,cf2,-1.8862661123275757,1.109955906867981,1.011772632598877,-0.04498887434601784,-0.8395607471466064,0.01095598191022873
1765156329.2757125,cf1,-1.8409370183944702,0.446880578994751,0.999178409576416,0.5325198173522949,-0.808103621006012,0.0050611067563295364
1765156329.2759845,cf1,-1.8409370183944702,0.446880578994751,0.999178409576416,0.5519990921020508,-0.8010740280151367,0.013341621495783329
1765156329.291042,cf2,-1.88749098777771,1.0900307893753052,1.0119550228118896,-0.04498887434601784,-0.8395607471466064,0.01095598191022873
1765156329.2927587,cf2,-1.88749098777771,1.0900307893753052,1.0119550228118896,-0.026815928518772125,-0.8339565992355347,0.00999329425394535
1765156329.29577,cf1,-1.8294239044189453,0.42999154329299927,0.9994251132011414,0.5519990921020508,-0.8010740280151367,0.013341621495783329
1765156329.29609,cf1,-1.8294239044189453,0.42999154329299927,0.9994251132011414,0.5643740296363831,-0.7858983278274536,0.019853007048368454
1765156329.3112366,cf2,-1.8885657787322998,1.0746036767959595,1.0120368003845215,-0.026815928518772125,-0.8339565992355347,0.00999329425394535
1765156329.3138828,cf2,-1.8885657787322998,1.0746036767959595,1.0120368003845215,-0.010808094404637814,-0.8324726223945618,0.00785919465124607
1765156329.3159068,cf1,-1.8175755739212036,0.41334593296051025,0.9997605085372925,0.5643740296363831,-0.7858983278274536,0.019853007048368454
1765156329.3162346,cf1,-1.8175755739212036,0.41334593296051025,0.9997605085372925,0.5799388885498047,-0.7744141221046448,0.024208147078752518
1765156329.332104,cf2,-1.8890132904052734,1.0556117296218872,1.0120346546173096,-0.010808094404637814,-0.8324726223945618,0.00785919465124607
1765156329.3339827,cf2,-1.8890132904052734,1.0556117296218872,1.0120346546173096,0.005879073869436979,-0.8294554352760315,0.004989233333617449
1765156329.3356018,cf1,-1.805408239364624,0.3969464600086212,1.0001161098480225,0.5799388885498047,-0.7744141221046448,0.024208147078752518
1765156329.3357885,cf1,-1.805408239364624,0.3969464600086212,1.0001161098480225,0.598882257938385,-0.7663490176200867,0.025270560756325722
1765156329.3520758,cf2,-1.8892840147018433,1.0381603240966797,1.0119420289993286,0.005879073869436979,-0.8294554352760315,0.004989233333617449
1765156329.3537843,cf2,-1.8892840147018433,1.0381603240966797,1.0119420289993286,0.02159547433257103,-0.8292884230613708,0.00282551278360188
1765156329.3557568,cf1,-1.7929387092590332,0.38079991936683655,1.0004240274429321,0.598882257938385,-0.7663490176200867,0.025270560756325722
1765156329.3561666,cf1,-1.7929387092590332,0.38079991936683655,1.0004240274429321,0.6099321246147156,-0.7502439618110657,0.022239618003368378
1765156329.3722126,cf2,-1.889436960220337,1.0216737985610962,1.0118062496185303,0.02159547433257103,-0.8292884230613708,0.00282551278360188
1765156329.37391,cf2,-1.889436960220337,1.0216737985610962,1.0118062496185303,0.03723401203751564,-0.8295716643333435,0.0020292503759264946
1765156329.37671,cf1,-1.7801780700683594,0.36491119861602783,1.000631332397461,0.6099321246147156,-0.7502439618110657,0.022239618003368378
1765156329.377049,cf1,-1.7801780700683594,0.36491119861602783,1.000631332397461,0.6243873238563538,-0.7375251650810242,0.0174324419349432
1765156329.3921146,cf2,-1.8890422582626343,1.004012107849121,1.0116138458251953,0.03723401203751564,-0.8295716643333435,0.0020292503759264946
1765156329.3937557,cf2,-1.8890422582626343,1.004012107849121,1.0116138458251953,0.052812911570072174,-0.8301581144332886,0.002543708076700568
1765156329.3966067,cf1,-1.7669880390167236,0.3491353988647461,1.0007151365280151,0.6243873238563538,-0.7375251650810242,0.0174324419349432
1765156329.397012,cf1,-1.7669880390167236,0.3491353988647461,1.0007151365280151,0.6371793746948242,-0.7214130759239197,0.01003344263881445
1765156329.4111257,cf2,-1.8887403011322021,0.99351966381073,1.0115087032318115,0.052812911570072174,-0.8301581144332886,0.002543708076700568
1765156329.4127858,cf2,-1.8887403011322021,0.99351966381073,1.0115087032318115,0.0690293088555336,-0.8289626836776733,0.00380157632753253
1765156329.4168751,cf1,-1.7538213729858398,0.3339587152004242,1.000691294670105,0.6371793746948242,-0.7214130759239197,0.01003344263881445
1765156329.4172242,cf1,-1.7538213729858398,0.3339587152004242,1.000691294670105,0.6547741293907166,-0.7112548351287842,0.004921850748360157
1765156329.4311528,cf2,-1.8877867460250854,0.9757935404777527,1.011336088180542,0.0690293088555336,-0.8289626836776733,0.00380157632753253
1765156329.4329674,cf2,-1.8877867460250854,0.9757935404777527,1.011336088180542,0.08431434631347656,-0.8288446068763733,0.005303143989294767
1765156329.436832,cf1,-1.740236520767212,0.318893700838089,1.0005887746810913,0.6547741293907166,-0.7112548351287842,0.004921850748360157
1765156329.4370368,cf1,-1.740236520767212,0.318893700838089,1.0005887746810913,0.6643531322479248,-0.6939724087715149,0.0005320216296240687
1765156329.451097,cf2,-1.8865047693252563,0.958155632019043,1.0112088918685913,0.08431434631347656,-0.8288446068763733,0.005303143989294767
1765156329.4529078,cf2,-1.8865047693252563,0.958155632019043,1.0112088918685913,0.0994170680642128,-0.8290924429893494,0.007179128006100655
1765156329.4557612,cf1,-1.7262084484100342,0.3039741516113281,1.00046968460083,0.6643531322479248,-0.6939724087715149,0.0005320216296240687
1765156329.4560833,cf1,-1.7262084484100342,0.3039741516113281,1.00046968460083,0.6809614300727844,-0.6803998351097107,0.00044971596798859537
1765156329.4711466,cf2,-1.8848884105682373,0.94048011302948,1.011128544807434,0.0994170680642128,-0.8290924429893494,0.007179128006100655
1765156329.473029,cf2,-1.8848884105682373,0.94048011302948,1.011128544807434,0.11432303488254547,-0.8290275931358337,0.010383928194642067
1765156329.4758284,cf1,-1.7191604375839233,0.29629626870155334,1.0004799365997314,0.6809614300727844,-0.6803998351097107,0.00044971596798859537
1765156329.4760854,cf1,-1.7191604375839233,0.29629626870155334,1.0004799365997314,0.6940312385559082,-0.6653399467468262,0.002149897860363126
1765156329.491106,cf2,-1.8829443454742432,0.9228141903877258,1.011095404624939,0.11432303488254547,-0.8290275931358337,0.010383928194642067
1765156329.4928238,cf2,-1.8829443454742432,0.9228141903877258,1.011095404624939,0.12913425266742706,-0.8288071751594543,0.013682899996638298
1765156329.4959068,cf1,-1.6977627277374268,0.27551260590553284,1.0004152059555054,0.6940312385559082,-0.6653399467468262,0.002149897860363126
1765156329.4962661,cf1,-1.6977627277374268,0.27551260590553284,1.0004152059555054,0.7074173092842102,-0.6504933834075928,0.007078133523464203
1765156329.5109978,cf2,-1.8806779384613037,0.90516197681427,1.0110914707183838,0.12913425266742706,-0.8288071751594543,0.013682899996638298
1765156329.512769,cf2,-1.8806779384613037,0.90516197681427,1.0110914707183838,0.14405594766139984,-0.8285834789276123,0.01663885824382305
1765156329.5156763,cf1,-1.6830275058746338,0.2616710960865021,1.0005497932434082,0.7074173092842102,-0.6504933834075928,0.007078133523464203
1765156329.5159087,cf1,-1.6830275058746338,0.2616710960865021,1.0005497932434082,0.7204435467720032,-0.6356748342514038,0.013649137690663338
1765156329.531123,cf2,-1.8780814409255981,0.8875177502632141,1.0110975503921509,0.14405594766139984,-0.8285834789276123,0.01663885824382305
1765156329.533041,cf2,-1.8780814409255981,0.8875177502632141,1.0110975503921509,0.15932920575141907,-0.8283388018608093,0.016967060044407845
1765156329.5359864,cf1,-1.6680244207382202,0.24813702702522278,1.000765085220337,0.7204435467720032,-0.6356748342514038,0.013649137690663338
1765156329.5362425,cf1,-1.6680244207382202,0.24813702702522278,1.000765085220337,0.7331243753433228,-0.6211296916007996,0.020141737535595894
1765156329.55107,cf2,-1.8751529455184937,0.86988765001297,1.0110878944396973,0.15932920575141907,-0.8283388018608093,0.016967060044407845
1765156329.5528178,cf2,-1.8751529455184937,0.86988765001297,1.0110878944396973,0.17481449246406555,-0.8277468085289001,0.015987295657396317
1765156329.5556479,cf1,-1.6527611017227173,0.23489290475845337,1.0010182857513428,0.7331243753433228,-0.6211296916007996,0.020141737535595894
1765156329.555965,cf1,-1.6527611017227173,0.23489290475845337,1.0010182857513428,0.745496392250061,-0.6068894863128662,0.022529473528265953
1765156329.5711865,cf2,-1.8718903064727783,0.8522801399230957,1.011030912399292,0.17481449246406555,-0.8277468085289001,0.015987295657396317
1765156329.5729399,cf2,-1.8718903064727783,0.8522801399230957,1.011030912399292,0.19070154428482056,-0.8268577456474304,0.013703616335988045
1765156329.5756981,cf1,-1.6372545957565308,0.22193413972854614,1.0012472867965698,0.745496392250061,-0.6068894863128662,0.022529473528265953
1765156329.576007,cf1,-1.6372545957565308,0.22193413972854614,1.0012472867965698,0.7573428750038147,-0.5926324725151062,0.02125970833003521
1765156329.5911984,cf2,-1.8682821989059448,0.8346995711326599,1.0109117031097412,0.19070154428482056,-0.8268577456474304,0.013703616335988045
1765156329.593086,cf2,-1.8682821989059448,0.8346995711326599,1.0109117031097412,0.20875057578086853,-0.8299195766448975,0.010702027939260006
1765156329.5958607,cf1,-1.621523141860962,0.20926165580749512,1.0013902187347412,0.7573428750038147,-0.5926324725151062,0.02125970833003521
1765156329.5961459,cf1,-1.621523141860962,0.20926165580749512,1.0013902187347412,0.768629252910614,-0.5782318711280823,0.016892507672309875
1765156329.6110914,cf2,-1.8643189668655396,0.8171557188034058,1.0107345581054688,0.20875057578086853,-0.8299195766448975,0.010702027939260006
1765156329.612783,cf2,-1.8643189668655396,0.8171557188034058,1.0107345581054688,0.22548486292362213,-0.828077495098114,0.007157961372286081
1765156329.6156871,cf1,-1.6095709800720215,0.1997578740119934,1.0014142990112305,0.768629252910614,-0.5782318711280823,0.016892507672309875
1765156329.6160293,cf1,-1.6095709800720215,0.1997578740119934,1.0014142990112305,0.7645403742790222,-0.55333411693573,0.008796934969723225
1765156329.632316,cf2,-1.8599942922592163,0.7996619939804077,1.01051926612854,0.22548486292362213,-0.828077495098114,0.007157961372286081
1765156329.6340249,cf2,-1.8599942922592163,0.7996619939804077,1.01051926612854,0.24086201190948486,-0.8190680742263794,0.003621381241828203
1765156329.6356318,cf1,-1.5907596349716187,0.18573667109012604,1.0013257265090942,0.7645403742790222,-0.55333411693573,0.008796934969723225
1765156329.6358094,cf1,-1.5907596349716187,0.18573667109012604,1.0013257265090942,0.7798563838005066,-0.5418714880943298,0.0032853821758180857
1765156329.652114,cf2,-1.855286717414856,0.7821906805038452,1.0102972984313965,0.24086201190948486,-0.8190680742263794,0.003621381241828203
1765156329.6538718,cf2,-1.855286717414856,0.7821906805038452,1.0102972984313965,0.25746411085128784,-0.814885675907135,0.0013578033540397882
1765156329.655661,cf1,-1.5782666206359863,0.17649585008621216,1.0012272596359253,0.7798563838005066,-0.5418714880943298,0.0032853821758180857
1765156329.6559618,cf1,-1.5782666206359863,0.17649585008621216,1.0012272596359253,0.7783077359199524,-0.5196739435195923,-0.0005895876092836261
1765156329.6720524,cf2,-1.8502379655838013,0.7648960947990417,1.0101081132888794,0.25746411085128784,-0.814885675907135,0.0013578033540397882
1765156329.673838,cf2,-1.8502379655838013,0.7648960947990417,1.0101081132888794,0.2741398215293884,-0.8104615211486816,0.0009134404244832695
1765156329.6756854,cf1,-1.5569738149642944,0.16183733940124512,1.001030683517456,0.7783077359199524,-0.5196739435195923,-0.0005895876092836261
1765156329.6758747,cf1,-1.5569738149642944,0.16183733940124512,1.001030683517456,0.798911452293396,-0.5110520720481873,0.004384870640933514
1765156329.692151,cf2,-1.8448113203048706,0.747667670249939,1.0099925994873047,0.2741398215293884,-0.8104615211486816,0.0009134404244832695
1765156329.6939332,cf2,-1.8448113203048706,0.747667670249939,1.0099925994873047,0.29266634583473206,-0.8093529343605042,0.004183322656899691
1765156329.695617,cf1,-1.5409810543060303,0.15115179121494293,1.0009738206863403,0.798911452293396,-0.5110520720481873,0.004384870640933514
1765156329.6959937,cf1,-1.5409810543060303,0.15115179121494293,1.0009738206863403,0.8028137683868408,-0.49212998151779175,0.009641889482736588
1765156329.712145,cf2,-1.839021921157837,0.730562686920166,1.0099787712097168,0.29266634583473206,-0.8093529343605042,0.004183322656899691
1765156329.7139273,cf2,-1.839021921157837,0.730562686920166,1.0099787712097168,0.3066612184047699,-0.7991555333137512,0.007951643317937851
1765156329.7169104,cf1,-1.526971459388733,0.14202451705932617,1.0010145902633667,0.8028137683868408,-0.49212998151779175,0.009641889482736588
1765156329.7173908,cf1,-1.526971459388733,0.14202451705932617,1.0010145902633667,0.8000664710998535,-0.46867382526397705,0.01686163619160652
1765156329.7320218,cf2,-1.8328784704208374,0.713596522808075,1.0100784301757812,0.3066612184047699,-0.7991555333137512,0.007951643317937851
1765156329.7338765,cf2,-1.8328784704208374,0.713596522808075,1.0100784301757812,0.3224748969078064,-0.7925406694412231,0.012685620225965977
1765156329.7368615,cf1,-1.5060088634490967,0.12927700579166412,1.0010910034179688,0.8000664710998535,-0.46867382526397705,0.01686163619160652
1765156329.7372932,cf1,-1.5060088634490967,0.12927700579166412,1.0010910034179688,0.8210806846618652,-0.45931190252304077,0.022507645189762115
1765156329.7523274,cf2,-1.826387882232666,0.6967784762382507,1.0102756023406982,0.3224748969078064,-0.7925406694412231,0.012685620225965977
1765156329.7542827,cf2,-1.826387882232666,0.6967784762382507,1.0102756023406982,0.3404262065887451,-0.7895024418830872,0.015841826796531677
1765156329.7565525,cf1,-1.4882745742797852,0.11887219548225403,1.0012127161026,0.8210806846618652,-0.45931190252304077,0.022507645189762115
1765156329.7568438,cf1,-1.4882745742797852,0.11887219548225403,1.0012127161026,0.833967924118042,-0.4453468918800354,0.025983428582549095
1765156329.7720397,cf2,-1.8195583820343018,0.6801187992095947,1.0105412006378174,0.3404262065887451,-0.7895024418830872,0.015841826796531677
1765156329.7739074,cf2,-1.8195583820343018,0.6801187992095947,1.0105412006378174,0.3555144965648651,-0.7815969586372375,0.015505769290030003
1765156329.7768836,cf1,-1.4705348014831543,0.10891107469797134,1.001317024230957,0.833967924118042,-0.4453468918800354,0.025983428582549095
1765156329.7771344,cf1,-1.4705348014831543,0.10891107469797134,1.001317024230957,0.8462311625480652,-0.4305937886238098,0.029248163104057312
1765156329.792364,cf2,-1.812414526939392,0.6636348962783813,1.01083242893219,0.3555144965648651,-0.7815969586372375,0.015505769290030003
1765156329.7943578,cf2,-1.812414526939392,0.6636348962783813,1.01083242893219,0.3697192668914795,-0.7728833556175232,0.01356321107596159
1765156329.7957056,cf1,-1.4611170291900635,0.10347715765237808,1.0013604164123535,0.8462311625480652,-0.4305937886238098,0.029248163104057312
1765156329.7959979,cf1,-1.4611170291900635,0.10347715765237808,1.0013604164123535,0.8514037132263184,-0.42366859316825867,0.029454778879880905
1765156329.812119,cf2,-1.8049817085266113,0.6473383903503418,1.011107087135315,0.3697192668914795,-0.7728833556175232,0.01356321107596159
1765156329.8140552,cf2,-1.8049817085266113,0.6473383903503418,1.011107087135315,0.38320598006248474,-0.7635688185691833,0.010293945670127869
1765156329.8158295,cf1,-1.444620132446289,0.09494388103485107,1.0013307332992554,0.8514037132263184,-0.42366859316825867,0.029454778879880905
1765156329.816205,cf1,-1.444620132446289,0.09494388103485107,1.0013307332992554,0.8618854880332947,-0.4064454138278961,0.02438553236424923
1765156329.8319933,cf2,-1.7972731590270996,0.6312373280525208,1.01134192943573,0.38320598006248474,-0.7635688185691833,0.010293945670127869
1765156329.8339486,cf2,-1.7972731590270996,0.6312373280525208,1.01134192943573,0.3961455523967743,-0.7537267804145813,0.006948195863515139
1765156329.8359945,cf1,-1.426414132118225,0.08582472056150436,1.001184344291687,0.8618854880332947,-0.4064454138278961,0.02438553236424923
1765156329.836364,cf1,-1.426414132118225,0.08582472056150436,1.001184344291687,0.8738154768943787,-0.3908494710922241,0.016087520867586136
1765156329.8520987,cf2,-1.7892987728118896,0.6153401732444763,1.0115277767181396,0.3961455523967743,-0.7537267804145813,0.006948195863515139
1765156329.855127,cf2,-1.7892987728118896,0.6153401732444763,1.0115277767181396,0.40944376587867737,-0.7431330680847168,0.003933815751224756
1765156329.8555295,cf1,-1.407905101776123,0.07699702680110931,1.000893235206604,0.8738154768943787,-0.3908494710922241,0.016087520867586136
1765156329.8556662,cf1,-1.407905101776123,0.07699702680110931,1.000893235206604,0.8851881623268127,-0.37460237741470337,0.008255811408162117
1765156329.8709388,cf2,-1.7817121744155884,0.6010438799858093,1.0116504430770874,0.40944376587867737,-0.7431330680847168,0.003933815751224756
1765156329.8727012,cf2,-1.7817121744155884,0.6010438799858093,1.0116504430770874,0.41267862915992737,-0.7347872257232666,0.0021398712415248156
1765156329.8756316,cf1,-1.3891836404800415,0.06851740926504135,1.000479817390442,0.8851881623268127,-0.37460237741470337,0.008255811408162117
1765156329.87585,cf1,-1.3891836404800415,0.06851740926504135,1.000479817390442,0.8961913585662842,-0.35776033997535706,0.002613441552966833
1765156329.89106,cf2,-1.7732957601547241,0.58563232421875,1.011749029159546,0.41267862915992737,-0.7347872257232666,0.0021398712415248156
1765156329.8928668,cf2,-1.7732957601547241,0.58563232421875,1.011749029159546,0.42456161975860596,-0.7244388461112976,0.00028694866341538727
1765156329.8956487,cf1,-1.3702502250671387,0.060403406620025635,1.0000114440917969,0.8961913585662842,-0.35776033997535706,0.002613441552966833
1765156329.8958807,cf1,-1.3702502250671387,0.060403406620025635,1.0000114440917969,0.9069094657897949,-0.34043052792549133,-0.0005687508964911103
1765156329.9112306,cf2,-1.7645869255065918,0.5703494548797607,1.0118218660354614,0.42456161975860596,-0.7244388461112976,0.00028694866341538727
1765156329.9127817,cf2,-1.7645869255065918,0.5703494548797607,1.0118218660354614,0.4362204968929291,-0.7142260074615479,-0.0001550011511426419
1765156329.915802,cf1,-1.3511075973510742,0.052672285586595535,0.999569833278656,0.9069094657897949,-0.34043052792549133,-0.0005687508964911103
1765156329.9159873,cf1,-1.3511075973510742,0.052672285586595535,0.999569833278656,0.917137086391449,-0.3226320147514343,-0.0006127130473032594
1765156329.9311137,cf2,-1.7556321620941162,0.5552705526351929,1.0118845701217651,0.4362204968929291,-0.7142260074615479,-0.0001550011511426419
1765156329.93282,cf2,-1.7556321620941162,0.5552705526351929,1.0118845701217651,0.44778600335121155,-0.7041354179382324,0.001341210096143186
1765156329.9357498,cf1,-1.3340986967086792,0.04612991586327553,0.9992831945419312,0.917137086391449,-0.3226320147514343,-0.0006127130473032594
1765156329.9362044,cf1,-1.3340986967086792,0.04612991586327553,0.9992831945419312,0.9172590374946594,-0.30136838555336,0.0012763211270794272
1765156329.951204,cf2,-1.7464284896850586,0.5403957366943359,1.011945366859436,0.44778600335121155,-0.7041354179382324,0.001341210096143186
1765156329.952911,cf2,-1.7464284896850586,0.5403957366943359,1.011945366859436,0.4595963656902313,-0.6942406296730042,0.00408182991668582
1765156329.958612,cf1,-1.3059684038162231,0.03635278344154358,0.9989745020866394,0.9172590374946594,-0.30136838555336,0.0012763211270794272
1765156329.958898,cf1,-1.3059684038162231,0.03635278344154358,0.9989745020866394,0.9183230996131897,-0.26910752058029175,0.006883351132273674
1765156329.9710033,cf2,-1.7369639873504639,0.5257207155227661,1.0120036602020264,0.4595963656902313,-0.6942406296730042,0.00408182991668582
1765156329.97294,cf2,-1.7369639873504639,0.5257207155227661,1.0120036602020264,0.47184526920318604,-0.6845628619194031,0.006921249441802502
1765156329.9770916,cf1,-1.2953181266784668,0.03272804990410805,0.9989997148513794,0.9183230996131897,-0.26910752058029175,0.006883351132273674
1765156329.9774323,cf1,-1.2953181266784668,0.03272804990410805,0.9989997148513794,0.9248661398887634,-0.26015567779541016,0.01037716493010521
1765156329.991018,cf2,-1.7272284030914307,0.5112404227256775,1.0120482444763184,0.47184526920318604,-0.6845628619194031,0.006921249441802502
1765156329.9930408,cf2,-1.7272284030914307,0.5112404227256775,1.0120482444763184,0.48450958728790283,-0.6750808358192444,0.008908653631806374
1765156329.9970977,cf1,-1.272972822189331,0.02591448836028576,0.9990854859352112,0.9248661398887634,-0.26015567779541016,0.01037716493010521
1765156329.9974315,cf1,-1.272972822189331,0.02591448836028576,0.9990854859352112,0.9363750219345093,-0.24189500510692596,0.018607165664434433
1765156330.0111864,cf2,-1.7172139883041382,0.49695220589637756,1.0120844841003418,0.48450958728790283,-0.6750808358192444,0.008908653631806374
1765156330.012875,cf2,-1.7172139883041382,0.49695220589637756,1.0120844841003418,0.49745631217956543,-0.6656742095947266,0.009571703150868416
1765156330.0167785,cf1,-1.25523042678833,0.02079201117157936,0.9993254542350769,0.9363750219345093,-0.24189500510692596,0.018607165664434433
1765156330.0171058,cf1,-1.25523042678833,0.02079201117157936,0.9993254542350769,0.9304482936859131,-0.21908293664455414,0.027703959494829178
1765156330.0309691,cf2,-1.7069289684295654,0.4828590452671051,1.01209557056427,0.49745631217956543,-0.6656742095947266,0.009571703150868416
1765156330.03284,cf2,-1.7069289684295654,0.4828590452671051,1.01209557056427,0.5103476643562317,-0.6561514139175415,0.00906379148364067
1765156330.0371053,cf1,-1.23587167263031,0.01568223163485527,0.999671220779419,0.9304482936859131,-0.21908293664455414,0.027703959494829178
1765156330.037398,cf1,-1.23587167263031,0.01568223163485527,0.999671220779419,0.9358246326446533,-0.19932664930820465,0.03509317710995674
1765156330.0510056,cf2,-1.6963762044906616,0.4689621031284332,1.0120679140090942,0.5103476643562317,-0.6561514139175415,0.00906379148364067
1765156330.0528517,cf2,-1.6963762044906616,0.4689621031284332,1.0120679140090942,0.5231577754020691,-0.6465010643005371,0.007552517112344503
1765156330.0556881,cf1,-1.2154632806777954,0.010773275047540665,1.0000734329223633,0.9358246326446533,-0.19932664930820465,0.03509317710995674
1765156330.056095,cf1,-1.2154632806777954,0.010773275047540665,1.0000734329223633,0.9413108229637146,-0.17842653393745422,0.03702586889266968
1765156330.072086,cf2,-1.685562252998352,0.455265074968338,1.011996865272522,0.5231577754020691,-0.6465010643005371,0.007552517112344503
1765156330.0739548,cf2,-1.685562252998352,0.455265074968338,1.011996865272522,0.5357517004013062,-0.6366454362869263,0.005429125390946865
1765156330.0756552,cf1,-1.1947609186172485,0.006260511465370655,1.0004650354385376,0.9413108229637146,-0.17842653393745422,0.03702586889266968
1765156330.075888,cf1,-1.1947609186172485,0.006260511465370655,1.0004650354385376,0.9439061284065247,-0.15764844417572021,0.03465542197227478
1765156330.0920305,cf2,-1.6744331121444702,0.4417101740837097,1.0118882656097412,0.5357517004013062,-0.6366454362869263,0.005429125390946865
1765156330.0939448,cf2,-1.6744331121444702,0.4417101740837097,1.0118882656097412,0.5470023155212402,-0.6240414977073669,0.0033874621149152517
1765156330.0958295,cf1,-1.1743069887161255,0.002248266013339162,1.0007561445236206,0.9439061284065247,-0.15764844417572021,0.03465542197227478
1765156330.0961618,cf1,-1.1743069887161255,0.002248266013339162,1.0007561445236206,0.945534884929657,-0.1364317685365677,0.03032544068992138
1765156330.112159,cf2,-1.6631768941879272,0.42850160598754883,1.01175856590271,0.5470023155212402,-0.6240414977073669,0.0033874621149152517
1765156330.114173,cf2,-1.6631768941879272,0.42850160598754883,1.01175856590271,0.5592130422592163,-0.6137580275535583,0.0036236175801604986
1765156330.1156409,cf1,-1.1537785530090332,-0.0013405227800831199,1.0008761882781982,0.945534884929657,-0.1364317685365677,0.03032544068992138
1765156330.1158867,cf1,-1.1537785530090332,-0.0013405227800831199,1.0008761882781982,0.9470221400260925,-0.11533017456531525,0.02229957841336727
1765156330.1320348,cf2,-1.6516015529632568,0.4154340624809265,1.0116232633590698,0.5592130422592163,-0.6137580275535583,0.0036236175801604986
1765156330.134112,cf2,-1.6516015529632568,0.4154340624809265,1.0116232633590698,0.5717554092407227,-0.6034993529319763,0.005398103967308998
1765156330.1360524,cf1,-1.133162021636963,-0.004521509632468224,1.0007966756820679,0.9470221400260925,-0.11533017456531525,0.02229957841336727
1765156330.1365724,cf1,-1.133162021636963,-0.004521509632468224,1.0007966756820679,0.9482851028442383,-0.09471534192562103,0.01204826682806015
1765156330.1520727,cf2,-1.639751672744751,0.4025775194168091,1.0115065574645996,0.5717554092407227,-0.6034993529319763,0.005398103967308998
1765156330.1538813,cf2,-1.639751672744751,0.4025775194168091,1.0115065574645996,0.5846071243286133,-0.5931386947631836,0.008271957747638226
1765156330.1569304,cf1,-1.1095807552337646,-0.007563419174402952,1.0004888772964478,0.9482851028442383,-0.09471534192562103,0.01204826682806015
1765156330.1572764,cf1,-1.1095807552337646,-0.007563419174402952,1.0004888772964478,0.955413818359375,-0.07387135177850723,0.002791767241433263
1765156330.172138,cf2,-1.627624273300171,0.3899387717247009,1.0114154815673828,0.5846071243286133,-0.5931386947631836,0.008271957747638226
1765156330.1742926,cf2,-1.627624273300171,0.3899387717247009,1.0114154815673828,0.5977054834365845,-0.5826952457427979,0.011545558460056782
1765156330.1765854,cf1,-1.0915172100067139,-0.009698786772787571,1.0001505613327026,0.955413818359375,-0.07387135177850723,0.002791767241433263
1765156330.1767526,cf1,-1.0915172100067139,-0.009698786772787571,1.0001505613327026,0.9501065015792847,-0.05432434380054474,-0.004216444678604603
1765156330.1919975,cf2,-1.615213394165039,0.3775193691253662,1.0113470554351807,0.5977054834365845,-0.5826952457427979,0.011545558460056782
1765156330.1951215,cf2,-1.615213394165039,0.3775193691253662,1.0113470554351807,0.6109917759895325,-0.572145402431488,0.014209971763193607
1765156330.1972091,cf1,-1.0684304237365723,-0.011799052357673645,0.9996609687805176,0.9501065015792847,-0.05432434380054474,-0.004216444678604603
1765156330.197428,cf1,-1.0684304237365723,-0.011799052357673645,0.9996609687805176,0.9582170248031616,-0.03555872663855553,-0.006050610914826393
1765156330.211103,cf2,-1.6024478673934937,0.3652687072753906,1.0113136768341064,0.6109917759895325,-0.572145402431488,0.014209971763193607
1765156330.2129958,cf2,-1.6024478673934937,0.3652687072753906,1.0113136768341064,0.6206974983215332,-0.5566149353981018,0.015202070586383343
1765156330.217044,cf1,-1.049810767173767,-0.013278241269290447,0.9993215799331665,0.9582170248031616,-0.03555872663855553,-0.006050610914826393
1765156330.2173645,cf1,-1.049810767173767,-0.013278241269290447,0.9993215799331665,0.9532184600830078,-0.017009619623422623,-0.0062103113159537315
1765156330.2312636,cf2,-1.5895476341247559,0.3533725142478943,1.011298656463623,0.6206974983215332,-0.5566149353981018,0.015202070586383343
1765156330.2330022,cf2,-1.5895476341247559,0.3533725142478943,1.011298656463623,0.6334090828895569,-0.5455247759819031,0.0148285161703825
1765156330.2357855,cf1,-1.0264825820922852,-0.014487366192042828,0.9989888668060303,0.9532184600830078,-0.017009619623422623,-0.0062103113159537315
1765156330.2361,cf1,-1.0264825820922852,-0.014487366192042828,0.9989888668060303,0.9580238461494446,0.0029413930606096983,0.0007100049988366663
1765156330.2511587,cf2,-1.5763224363327026,0.3416520059108734,1.011273741722107,0.6334090828895569,-0.5455247759819031,0.0148285161703825
1765156330.2528427,cf2,-1.5763224363327026,0.3416520059108734,1.011273741722107,0.6456952095031738,-0.5341468453407288,0.013077565468847752
1765156330.2558656,cf1,-1.0054471492767334,-0.015210222452878952,0.9989150166511536,0.9580238461494446,0.0029413930606096983,0.0007100049988366663
1765156330.2562897,cf1,-1.0054471492767334,-0.015210222452878952,0.9989150166511536,0.9617016315460205,0.021765468642115593,0.012287943623960018
1765156330.2711692,cf2,-1.5628515481948853,0.33017441630363464,1.0112186670303345,0.6456952095031738,-0.5341468453407288,0.013077565468847752
1765156330.273035,cf2,-1.5628515481948853,0.33017441630363464,1.0112186670303345,0.6574233770370483,-0.522351861000061,0.011065048165619373
1765156330.2757328,cf1,-0.9868438243865967,-0.015579409897327423,0.9990595579147339,0.9617016315460205,0.021765468642115593,0.012287943623960018
1765156330.2759056,cf1,-0.9868438243865967,-0.015579409897327423,0.9990595579147339,0.9553484916687012,0.04002876579761505,0.020950935781002045
1765156330.2920735,cf2,-1.5490769147872925,0.31889691948890686,1.011115312576294,0.6574233770370483,-0.522351861000061,0.011065048165619373
1765156330.2940164,cf2,-1.5490769147872925,0.31889691948890686,1.011115312576294,0.6673629879951477,-0.5079890489578247,0.009755049832165241
1765156330.2958848,cf1,-0.967401921749115,-0.015383623540401459,0.9992966651916504,0.9553484916687012,0.04002876579761505,0.020950935781002045
1765156330.2962868,cf1,-0.967401921749115,-0.015383623540401459,0.9992966651916504,0.9531570076942444,0.058628104627132416,0.027175795286893845
1765156330.3109183,cf2,-1.5351383686065674,0.30793529748916626,1.010967493057251,0.6673629879951477,-0.5079890489578247,0.009755049832165241
1765156330.313912,cf2,-1.5351383686065674,0.30793529748916626,1.010967493057251,0.6798543334007263,-0.49563056230545044,0.009142950177192688
1765156330.31578,cf1,-0.9430819153785706,-0.014911779202520847,0.9997227191925049,0.9531570076942444,0.058628104627132416,0.027175795286893845
1765156330.3161287,cf1,-0.9430819153785706,-0.014911779202520847,0.9997227191925049,0.9565174579620361,0.07761228829622269,0.028810951858758926
1765156330.3321302,cf2,-1.5209548473358154,0.2972373068332672,1.0107876062393188,0.6798543334007263,-0.49563056230545044,0.009142950177192688
1765156330.3341472,cf2,-1.5209548473358154,0.2972373068332672,1.0107876062393188,0.6874542236328125,-0.47870370745658875,0.007631608750671148
1765156330.3357584,cf1,-0.9213070869445801,-0.013962214812636375,1.000064730644226,0.9565174579620361,0.07761228829622269,0.028810951858758926
1765156330.3360658,cf1,-0.9213070869445801,-0.013962214812636375,1.000064730644226,0.9588247537612915,0.09629291296005249,0.026717480272054672
1765156330.352053,cf2,-1.5065985918045044,0.28685280680656433,1.0105888843536377,0.6874542236328125,-0.47870370745658875,0.007631608750671148
1765156330.353954,cf2,-1.5065985918045044,0.28685280680656433,1.0105888843536377,0.6991553902626038,-0.46601784229278564,0.0071106418035924435
1765156330.355874,cf1,-0.9002375602722168,-0.012672588229179382,1.0002937316894531,0.9588247537612915,0.09629291296005249,0.026717480272054672
1765156330.3563335,cf1,-0.9002375602722168,-0.012672588229179382,1.0002937316894531,0.959141731262207,0.11471297591924667,0.02190552093088627
1765156330.3720205,cf2,-1.491918921470642,0.2766834497451782,1.0103845596313477,0.6991553902626038,-0.46601784229278564,0.0071106418035924435
1765156330.3739152,cf2,-1.491918921470642,0.2766834497451782,1.0103845596313477,0.710854709148407,-0.4532020390033722,0.00764660956338048
1765156330.375577,cf1,-0.8798869848251343,-0.011083129793405533,1.0003752708435059,0.959141731262207,0.11471297591924667,0.02190552093088627
1765156330.3758848,cf1,-0.8798869848251343,-0.011083129793405533,1.0003752708435059,0.9518812894821167,0.1321244239807129,0.01279678288847208
1765156330.392213,cf2,-1.4769929647445679,0.26679015159606934,1.010201334953308,0.710854709148407,-0.4532020390033722,0.00764660956338048
1765156330.3941832,cf2,-1.4769929647445679,0.26679015159606934,1.010201334953308,0.7224544882774353,-0.44016122817993164,0.010065852664411068
1765156330.3957164,cf1,-0.863343358039856,-0.009464752860367298,1.0003418922424316,0.9518812894821167,0.1321244239807129,0.01279678288847208
1765156330.3960185,cf1,-0.863343358039856,-0.009464752860367298,1.0003418922424316,0.9423314332962036,0.14887988567352295,0.0022964603267610073
1765156330.4120226,cf2,-1.4618229866027832,0.2571792006492615,1.0100573301315308,0.7224544882774353,-0.44016122817993164,0.010065852664411068
1765156330.41527,cf2,-1.4618229866027832,0.2571792006492615,1.0100573301315308,0.7339927554130554,-0.4269787669181824,0.013078064657747746
1765156330.4155977,cf1,-0.84276282787323,-0.007174728903919458,1.0002117156982422,0.9423314332962036,0.14887988567352295,0.0022964603267610073
1765156330.4158955,cf1,-0.84276282787323,-0.007174728903919458,1.0002117156982422,0.9405081272125244,0.16714754700660706,-0.005868550855666399
1765156330.4321558,cf2,-1.4462529420852661,0.24777399003505707,1.0099540948867798,0.7339927554130554,-0.4269787669181824,0.013078064657747746
1765156330.4351351,cf2,-1.4462529420852661,0.24777399003505707,1.0099540948867798,0.7415292859077454,-0.40946605801582336,0.015093541704118252
1765156330.4355786,cf1,-0.8219866752624512,-0.0044621871784329414,1.0000330209732056,0.9405081272125244,0.16714754700660706,-0.005868550855666399
1765156330.4357567,cf1,-0.8219866752624512,-0.0044621871784329414,1.0000330209732056,0.9381074905395508,0.18553437292575836,-0.008975586853921413
1765156330.4510868,cf2,-1.4370100498199463,0.24229533970355988,1.0099222660064697,0.7415292859077454,-0.40946605801582336,0.015093541704118252
1765156330.4528713,cf2,-1.4370100498199463,0.24229533970355988,1.0099222660064697,0.7579748630523682,-0.3974839746952057,0.01593189127743244
1765156330.4557416,cf1,-0.8012982606887817,-0.0013523349771276116,0.9998894929885864,0.9381074905395508,0.18553437292575836,-0.008975586853921413
1765156330.455991,cf1,-0.8012982606887817,-0.0013523349771276116,0.9998894929885864,0.9351704716682434,0.20401030778884888,-0.005219944752752781
1765156330.4710612,cf2,-1.4209643602371216,0.23329494893550873,1.009856939315796,0.7579748630523682,-0.3974839746952057,0.01593189127743244
1765156330.4728189,cf2,-1.4209643602371216,0.23329494893550873,1.009856939315796,0.756664514541626,-0.3781273663043976,0.013476887717843056
1765156330.4756947,cf1,-0.7807109951972961,0.002163785509765148,0.9998629093170166,0.9351704716682434,0.20401030778884888,-0.005219944752752781
1765156330.475915,cf1,-0.7807109951972961,0.002163785509765148,0.9998629093170166,0.927955687046051,0.22209353744983673,0.002320420928299427
1765156330.4912007,cf2,-1.4054396152496338,0.22496908903121948,1.009800672531128,0.756664514541626,-0.3781273663043976,0.013476887717843056
1765156330.4930382,cf2,-1.4054396152496338,0.22496908903121948,1.009800672531128,0.7661246061325073,-0.3642112612724304,0.01204252615571022
1765156330.4967833,cf1,-0.7602257132530212,0.006096912082284689,1.0,0.927955687046051,0.22209353744983673,0.002320420928299427
1765156330.4970365,cf1,-0.7602257132530212,0.006096912082284689,1.0,0.9287574291229248,0.24124856293201447,0.01214616745710373
1765156330.5110476,cf2,-1.3873430490493774,0.2157997488975525,1.0097094774246216,0.7661246061325073,-0.3642112612724304,0.01204252615571022
1765156330.5128047,cf2,-1.3873430490493774,0.2157997488975525,1.0097094774246216,0.7853954434394836,-0.3543602228164673,0.011946059763431549
1765156330.5171263,cf1,-0.7397529482841492,0.010477682575583458,1.0002907514572144,0.9287574291229248,0.24124856293201447,0.01214616745710373
1765156330.5175006,cf1,-0.7397529482841492,0.010477682575583458,1.0002907514572144,0.9219555258750916,0.26009562611579895,0.02034701220691204
1765156330.5321164,cf2,-1.3698290586471558,0.20722194015979767,1.0096298456192017,0.7853954434394836,-0.3543602228164673,0.011946059763431549
1765156330.5338933,cf2,-1.3698290586471558,0.20722194015979767,1.0096298456192017,0.7878332138061523,-0.3364452123641968,0.012052041478455067
1765156330.536989,cf1,-0.7196015119552612,0.015216018073260784,1.0006873607635498,0.9219555258750916,0.26009562611579895,0.02034701220691204
1765156330.5373497,cf1,-0.7196015119552612,0.015216018073260784,1.0006873607635498,0.9177883267402649,0.2788253724575043,0.026347067207098007
1765156330.5521495,cf2,-1.3538254499435425,0.19996459782123566,1.009552240371704,0.7878332138061523,-0.3364452123641968,0.012052041478455067
1765156330.5543818,cf2,-1.3538254499435425,0.19996459782123566,1.009552240371704,0.782295286655426,-0.3172709345817566,0.009972946718335152
1765156330.5566678,cf1,-0.6994701027870178,0.020391544327139854,1.0011420249938965,0.9177883267402649,0.2788253724575043,0.026347067207098007
1765156330.5570784,cf1,-0.6994701027870178,0.020391544327139854,1.0011420249938965,0.9132428765296936,0.29787778854370117,0.02912989631295204
1765156330.5721817,cf2,-1.3376017808914185,0.1928272396326065,1.0095152854919434,0.782295286655426,-0.3172709345817566,0.009972946718335152
1765156330.5739613,cf2,-1.3376017808914185,0.1928272396326065,1.0095152854919434,0.7988815903663635,-0.3068835437297821,0.008450476452708244
1765156330.5770357,cf1,-0.6794684529304504,0.025986166670918465,1.0015863180160522,0.9132428765296936,0.29787778854370117,0.02912989631295204
1765156330.5773704,cf1,-0.6794684529304504,0.025986166670918465,1.0015863180160522,0.9039421677589417,0.31655770540237427,0.027419794350862503
1765156330.592139,cf2,-1.3222994804382324,0.18635252118110657,1.0095034837722778,0.7988815903663635,-0.3068835437297821,0.008450476452708244
1765156330.5940895,cf2,-1.3222994804382324,0.18635252118110657,1.0095034837722778,0.789480447769165,-0.2876926362514496,0.006060780491679907
1765156330.595702,cf1,-0.6591820120811462,0.03215763345360756,1.0019495487213135,0.9039421677589417,0.31655770540237427,0.027419794350862503
1765156330.5959544,cf1,-0.6591820120811462,0.03215763345360756,1.0019495487213135,0.8952327966690063,0.3367671072483063,0.021602345630526543
1765156330.6120555,cf2,-1.305949091911316,0.1797862946987152,1.0095173120498657,0.789480447769165,-0.2876926362514496,0.006060780491679907
1765156330.6140673,cf2,-1.305949091911316,0.1797862946987152,1.0095173120498657,0.7952043414115906,-0.27413690090179443,0.008689128793776035
1765156330.6156633,cf1,-0.6399255394935608,0.03844000771641731,1.002152681350708,0.8952327966690063,0.3367671072483063,0.021602345630526543
1765156330.6160429,cf1,-0.6399255394935608,0.03844000771641731,1.002152681350708,0.8873807191848755,0.35661032795906067,0.013299425132572651
1765156330.6319973,cf2,-1.2869083881378174,0.1726059913635254,1.0095847845077515,0.7952043414115906,-0.27413690090179443,0.008689128793776035
1765156330.6339114,cf2,-1.2869083881378174,0.1726059913635254,1.0095847845077515,0.8112512826919556,-0.26342612504959106,0.014137344434857368
1765156330.6357362,cf1,-0.6204473376274109,0.045280326157808304,1.0022060871124268,0.8873807191848755,0.35661032795906067,0.013299425132572651
1765156330.636064,cf1,-0.6204473376274109,0.045280326157808304,1.0022060871124268,0.8794729709625244,0.3769358694553375,0.005171434488147497
1765156330.652114,cf2,-1.2711563110351562,0.16687624156475067,1.0097239017486572,0.8112512826919556,-0.26342612504959106,0.014137344434857368
1765156330.6541908,cf2,-1.2711563110351562,0.16687624156475067,1.0097239017486572,0.8015250563621521,-0.24505770206451416,0.02039215713739395
1765156330.6556554,cf1,-0.6011401414871216,0.052550818771123886,1.002145767211914,0.8794729709625244,0.3769358694553375,0.005171434488147497
1765156330.6559567,cf1,-0.6011401414871216,0.052550818771123886,1.002145767211914,0.8709667921066284,0.3970204293727875,-0.0003206596593372524
1765156330.6719491,cf2,-1.254475712776184,0.16115951538085938,1.0099270343780518,0.8015250563621521,-0.24505770206451416,0.02039215713739395
1765156330.6738658,cf2,-1.254475712776184,0.16115951538085938,1.0099270343780518,0.8082250952720642,-0.23120956122875214,0.02720789611339569
1765156330.6755908,cf1,-0.5820323824882507,0.06023343279957771,1.0020232200622559,0.8709667921066284,0.3970204293727875,-0.0003206596593372524
1765156330.6759589,cf1,-0.5820323824882507,0.06023343279957771,1.0020232200622559,0.8621434569358826,0.416422575712204,-0.0030109421350061893
1765156330.69196,cf2,-1.2370901107788086,0.1555556356906891,1.010167121887207,0.8082250952720642,-0.23120956122875214,0.02720789611339569
1765156330.6938713,cf2,-1.2370901107788086,0.1555556356906891,1.010167121887207,0.8160302042961121,-0.21720963716506958,0.029511116445064545
1765156330.6969972,cf1,-0.5631310939788818,0.06832083314657211,1.0019079446792603,0.8621434569358826,0.416422575712204,-0.0030109421350061893
1765156330.6974072,cf1,-0.5631310939788818,0.06832083314657211,1.0019079446792603,0.8530834317207336,0.43506214022636414,-0.0024392027407884598
1765156330.7120733,cf2,-1.2195277214050293,0.15024925768375397,1.0103986263275146,0.8160302042961121,-0.21720963716506958,0.029511116445064545
1765156330.7139485,cf2,-1.2195277214050293,0.15024925768375397,1.0103986263275146,0.8239210844039917,-0.20269088447093964,0.030118050053715706
1765156330.7166686,cf1,-0.5443561673164368,0.07685399055480957,1.001853585243225,0.8530834317207336,0.43506214022636414,-0.0024392027407884598
1765156330.7170084,cf1,-0.5443561673164368,0.07685399055480957,1.001853585243225,0.8406200408935547,0.45241305232048035,0.00043369815102778375
1765156330.7310014,cf2,-1.2018204927444458,0.14525578916072845,1.0105630159378052,0.8239210844039917,-0.20269088447093964,0.030118050053715706
1765156330.7328143,cf2,-1.2018204927444458,0.14525578916072845,1.0105630159378052,0.831362783908844,-0.19645176827907562,0.02960597164928913
1765156330.7370124,cf1,-0.5259870290756226,0.08567143231630325,1.001890778541565,0.8406200408935547,0.45241305232048035,0.00043369815102778375
1765156330.7372453,cf1,-0.5259870290756226,0.08567143231630325,1.001890778541565,0.8310427665710449,0.46943268179893494,0.00470937741920352
1765156330.7510593,cf2,-1.1839176416397095,0.14057298004627228,1.0106369256973267,0.831362783908844,-0.19645176827907562,0.02960597164928913
1765156330.7529263,cf2,-1.1839176416397095,0.14057298004627228,1.0106369256973267,0.8372350335121155,-0.18008124828338623,0.02424624003469944
1765156330.7568173,cf1,-0.5077483654022217,0.09490983188152313,1.0020313262939453,0.8310427665710449,0.46943268179893494,0.00470937741920352
1765156330.7571487,cf1,-0.5077483654022217,0.09490983188152313,1.0020313262939453,0.821247398853302,0.4861680269241333,0.010167566128075123
1765156330.7710965,cf2,-1.1659729480743408,0.1362333446741104,1.0106041431427002,0.8372350335121155,-0.18008124828338623,0.02424624003469944
1765156330.7729385,cf2,-1.1659729480743408,0.1362333446741104,1.0106041431427002,0.8446462750434875,-0.1648315042257309,0.016281623393297195
1765156330.777077,cf1,-0.4897383451461792,0.10452181100845337,1.0022671222686768,0.821247398853302,0.4861680269241333,0.010167566128075123
1765156330.7774243,cf1,-0.4897383451461792,0.10452181100845337,1.0022671222686768,0.8111109137535095,0.5026312470436096,0.015473921783268452
1765156330.7910404,cf2,-1.14786958694458,0.1322091519832611,1.0104594230651855,0.8446462750434875,-0.1648315042257309,0.016281623393297195
1765156330.7928836,cf2,-1.14786958694458,0.1322091519832611,1.0104594230651855,0.8511587381362915,-0.14926569163799286,0.007445094175636768
1765156330.7969093,cf1,-0.471961110830307,0.1144905835390091,1.0025570392608643,0.8111109137535095,0.5026312470436096,0.015473921783268452
1765156330.7972643,cf1,-0.471961110830307,0.1144905835390091,1.0025570392608643,0.8007385730743408,0.5187891125679016,0.01876405067741871
1765156330.811166,cf2,-1.129670262336731,0.12852558493614197,1.0102365016937256,0.8511587381362915,-0.14926569163799286,0.007445094175636768
1765156330.812928,cf2,-1.129670262336731,0.12852558493614197,1.0102365016937256,0.8565277457237244,-0.13312438130378723,-0.0003094537532888353
1765156330.816714,cf1,-0.4544224739074707,0.12481305003166199,1.0028581619262695,0.8007385730743408,0.5187891125679016,0.01876405067741871
1765156330.8170125,cf1,-0.4544224739074707,0.12481305003166199,1.0028581619262695,0.7899731993675232,0.5348746180534363,0.019817117601633072
1765156330.83112,cf2,-1.1113989353179932,0.1252029985189438,1.0099997520446777,0.8565277457237244,-0.13312438130378723,-0.0003094537532888353
1765156330.8327367,cf2,-1.1113989353179932,0.1252029985189438,1.0099997520446777,0.8606438040733337,-0.11631172150373459,-0.004952930845320225
1765156330.8371582,cf1,-0.4371299147605896,0.13548633456230164,1.0031193494796753,0.7899731993675232,0.5348746180534363,0.019817117601633072
1765156330.8373883,cf1,-0.4371299147605896,0.13548633456230164,1.0031193494796753,0.7787498235702515,0.5509442687034607,0.018102191388607025
1765156330.8510787,cf2,-1.0930778980255127,0.12225814908742905,1.0098211765289307,0.8606438040733337,-0.11631172150373459,-0.004952930845320225
1765156330.8527732,cf2,-1.0930778980255127,0.12225814908742905,1.0098211765289307,0.8634809851646423,-0.09892536699771881,-0.006044423673301935
1765156330.856905,cf1,-0.42009004950523376,0.14650365710258484,1.003287434577942,0.7787498235702515,0.5509442687034607,0.018102191388607025
1765156330.857298,cf1,-0.42009004950523376,0.14650365710258484,1.003287434577942,0.7671027779579163,0.5669069290161133,0.01418349426239729
1765156330.8711073,cf2,-1.0747305154800415,0.1197071298956871,1.0097744464874268,0.8634809851646423,-0.09892536699771881,-0.006044423673301935
1765156330.8728113,cf2,-1.0747305154800415,0.1197071298956871,1.0097744464874268,0.8650492429733276,-0.08104132860898972,-0.0032985813450068235
1765156330.8767526,cf1,-0.40330588817596436,0.15785957872867584,1.0033304691314697,0.7671027779579163,0.5669069290161133,0.01418349426239729
1765156330.877024,cf1,-0.40330588817596436,0.15785957872867584,1.0033304691314697,0.7551511526107788,0.5827396512031555,0.00870866235345602
1765156330.8910236,cf2,-1.0563831329345703,0.11756076663732529,1.0099153518676758,0.8650492429733276,-0.08104132860898972,-0.0032985813450068235
1765156330.8928092,cf2,-1.0563831329345703,0.11756076663732529,1.0099153518676758,0.865355908870697,-0.06279110163450241,0.0027732087764889
1765156330.896989,cf1,-0.3867828845977783,0.16955192387104034,1.00324547290802,0.7551511526107788,0.5827396512031555,0.00870866235345602
1765156330.8973112,cf1,-0.3867828845977783,0.16955192387104034,1.00324547290802,0.7429012656211853,0.598436713218689,0.0031889001838862896
1765156330.9110904,cf2,-1.0397719144821167,0.11605766415596008,1.0102026462554932,0.865355908870697,-0.06279110163450241,0.0027732087764889
1765156330.9128604,cf2,-1.0397719144821167,0.11605766415596008,1.0102026462554932,0.8645339608192444,-0.04427425563335419,0.011404028162360191
1765156330.9166949,cf1,-0.37052634358406067,0.18157954514026642,1.0030514001846313,0.7429012656211853,0.598436713218689,0.0031889001838862896
1765156330.9170108,cf1,-0.37052634358406067,0.18157954514026642,1.0030514001846313,0.7303926348686218,0.6139450669288635,-0.0016968136187642813
1765156330.9321172,cf2,-1.0197327136993408,0.1145036444067955,1.0108431577682495,0.8645339608192444,-0.04427425563335419,0.011404028162360191
1765156330.934015,cf2,-1.0197327136993408,0.1145036444067955,1.0108431577682495,0.8599032759666443,-0.024508047848939896,0.020416710525751114
1765156330.937026,cf1,-0.35454413294792175,0.19394207000732422,1.0027878284454346,0.7303926348686218,0.6139450669288635,-0.0016968136187642813
1765156330.9373822,cf1,-0.35454413294792175,0.19394207000732422,1.0027878284454346,0.7176119685173035,0.6292202472686768,-0.00480293994769454
1765156330.9509718,cf2,-1.0013562440872192,0.11359330266714096,1.0115821361541748,0.8599032759666443,-0.024508047848939896,0.020416710525751114
1765156330.9527524,cf2,-1.0013562440872192,0.11359330266714096,1.0115821361541748,0.8547850251197815,-0.004710478708148003,0.027655333280563354
1765156330.9570093,cf1,-0.33884671330451965,0.2066396176815033,1.002510905265808,0.7176119685173035,0.6292202472686768,-0.00480293994769454
1765156330.957264,cf1,-0.33884671330451965,0.2066396176815033,1.002510905265808,0.7045950293540955,0.6442158818244934,-0.004674840718507767
1765156330.971253,cf2,-0.9851106405258179,0.1132139042019844,1.0123111009597778,0.8547850251197815,-0.004710478708148003,0.027655333280563354
1765156330.9730284,cf2,-0.9851106405258179,0.1132139042019844,1.0123111009597778,0.850907564163208,0.014113330282270908,0.0317404568195343
1765156330.9768791,cf1,-0.32343775033950806,0.2196701318025589,1.002269983291626,0.7045950293540955,0.6442158818244934,-0.004674840718507767
1765156330.9773328,cf1,-0.32343775033950806,0.2196701318025589,1.002269983291626,0.6914753317832947,0.6588855385780334,-0.002308471128344536
1765156330.9910808,cf2,-0.9670626521110535,0.11306168884038925,1.0131357908248901,0.850907564163208,0.014113330282270908,0.0317404568195343
1765156330.9928412,cf2,-0.9670626521110535,0.11306168884038925,1.0131357908248901,0.8471823334693909,0.032941825687885284,0.03189690783619881
1765156330.9969978,cf1,-0.30832409858703613,0.23303137719631195,1.0021116733551025,0.6914753317832947,0.6588855385780334,-0.002308471128344536
1765156330.9982526,cf1,-0.30832409858703613,0.23303137719631195,1.0021116733551025,0.6782151460647583,0.6732286214828491,0.002666874323040247
1765156331.011066,cf2,-0.9490784406661987,0.11328989267349243,1.013869285583496,0.8471823334693909,0.032941825687885284,0.03189690783619881
1765156331.012885,cf2,-0.9490784406661987,0.11328989267349243,1.013869285583496,0.8430891633033752,0.05163179337978363,0.02755766361951828
1765156331.0168724,cf1,-0.29265499114990234,0.24782434105873108,1.0020021200180054,0.6782151460647583,0.6732286214828491,0.002666874323040247
1765156331.0172482,cf1,-0.29265499114990234,0.24782434105873108,1.0020021200180054,0.6679857969284058,0.6914955377578735,0.008684777654707432
1765156331.0311546,cf2,-0.9311848282814026,0.11388377845287323,1.0144277811050415,0.8430891633033752,0.05163179337978363,0.02755766361951828
1765156331.032897,cf2,-0.9311848282814026,0.11388377845287323,1.0144277811050415,0.8387218117713928,0.07000695914030075,0.01985074393451214
1765156331.0368505,cf1,-0.27816060185432434,0.26184916496276855,1.002054214477539,0.6679857969284058,0.6914955377578735,0.008684777654707432
1765156331.0371864,cf1,-0.27816060185432434,0.26184916496276855,1.002054214477539,0.6513476371765137,0.7008680105209351,0.013796922750771046
1765156331.052029,cf2,-0.9129807353019714,0.11487094312906265,1.0147693157196045,0.8387218117713928,0.07000695914030075,0.01985074393451214
1765156331.0538628,cf2,-0.9129807353019714,0.11487094312906265,1.0147693157196045,0.8318777680397034,0.08867008239030838,0.00953526608645916
1765156331.0566885,cf1,-0.2639704942703247,0.2761816382408142,1.0021734237670898,0.6513476371765137,0.7008680105209351,0.013796922750771046
1765156331.0569422,cf1,-0.2639704942703247,0.2761816382408142,1.0021734237670898,0.6376968026161194,0.7141969203948975,0.017788048833608627
1765156331.0720856,cf2,-0.8956614136695862,0.11612791568040848,1.0148650407791138,0.8318777680397034,0.08867008239030838,0.00953526608645916
1765156331.0738397,cf2,-0.8956614136695862,0.11612791568040848,1.0148650407791138,0.8269882202148438,0.10605640709400177,-0.00014176106196828187
1765156331.076689,cf1,-0.25008252263069153,0.29081112146377563,1.0023086071014404,0.6376968026161194,0.7141969203948975,0.017788048833608627
1765156331.0768828,cf1,-0.25008252263069153,0.29081112146377563,1.0023086071014404,0.626810610294342,0.7316725850105286,0.018919751048088074
1765156331.0921469,cf2,-0.8780556321144104,0.11775973439216614,1.0147805213928223,0.8269882202148438,0.10605640709400177,-0.00014176106196828187
1765156331.0941322,cf2,-0.8780556321144104,0.11775973439216614,1.0147805213928223,0.8228864669799805,0.12310461699962616,-0.007792412769049406
1765156331.0969,cf1,-0.23650304973125458,0.3057233393192291,1.0024088621139526,0.626810610294342,0.7316725850105286,0.018919751048088074
1765156331.097297,cf1,-0.23650304973125458,0.3057233393192291,1.0024088621139526,0.6097217202186584,0.7396910190582275,0.0165883619338274
1765156331.1120872,cf2,-0.860511064529419,0.11973562091588974,1.0145832300186157,0.8228864669799805,0.12310461699962616,-0.007792412769049406
1765156331.1139195,cf2,-0.860511064529419,0.11973562091588974,1.0145832300186157,0.8189218640327454,0.13969819247722626,-0.011322110891342163
1765156331.1168823,cf1,-0.22323618829250336,0.3209032714366913,1.002422571182251,0.6097217202186584,0.7396910190582275,0.0165883619338274
1765156331.1171806,cf1,-0.22323618829250336,0.3209032714366913,1.002422571182251,0.595291018486023,0.7517937421798706,0.012807900086045265
1765156331.132122,cf2,-0.8430464267730713,0.12205284833908081,1.0143637657165527,0.8189218640327454,0.13969819247722626,-0.011322110891342163
1765156331.1339717,cf2,-0.8430464267730713,0.12205284833908081,1.0143637657165527,0.8151720762252808,0.155867338180542,-0.009960679337382317
1765156331.136592,cf1,-0.21330872178077698,0.33244308829307556,1.002348780632019,0.595291018486023,0.7517937421798706,0.012807900086045265
1765156331.1367848,cf1,-0.21330872178077698,0.33244308829307556,1.002348780632019,0.5725606083869934,0.7534692883491516,0.005409810226410627
1765156331.1511075,cf2,-0.8256580233573914,0.12471262365579605,1.0142091512680054,0.8151720762252808,0.155867338180542,-0.009960679337382317
1765156331.152784,cf2,-0.8256580233573914,0.12471262365579605,1.0142091512680054,0.8116328120231628,0.1716841757297516,-0.004356465768069029
1765156331.1572034,cf1,-0.197884202003479,0.35172760486602783,1.0020925998687744,0.5725606083869934,0.7534692883491516,0.005409810226410627
1765156331.1575923,cf1,-0.197884202003479,0.35172760486602783,1.0020925998687744,0.5639914274215698,0.7741010785102844,0.0009425596799701452
1765156331.1709278,cf2,-0.8082587122917175,0.12773604691028595,1.0141733884811401,0.8116328120231628,0.1716841757297516,-0.004356465768069029
1765156331.172836,cf2,-0.8082587122917175,0.12773604691028595,1.0141733884811401,0.8055345416069031,0.18746866285800934,0.004147045314311981
1765156331.1770995,cf1,-0.18895982205867767,0.3629346787929535,1.0018870830535889,0.5639914274215698,0.7741010785102844,0.0009425596799701452
1765156331.1774805,cf1,-0.18895982205867767,0.3629346787929535,1.0018870830535889,0.5382442474365234,0.7695121765136719,-0.004465209320187569
1765156331.1912067,cf2,-0.7911037802696228,0.13106279075145721,1.014269232749939,0.8055345416069031,0.18746866285800934,0.004147045314311981
1765156331.1931493,cf2,-0.7911037802696228,0.13106279075145721,1.014269232749939,0.7989628911018372,0.2023961991071701,0.01141414511948824
1765156331.1968966,cf1,-0.17368420958518982,0.3837137222290039,1.0014417171478271,0.5382442474365234,0.7695121765136719,-0.004465209320187569
1765156331.1972487,cf1,-0.17368420958518982,0.3837137222290039,1.0014417171478271,0.5298091769218445,0.7911718487739563,-0.0017842375673353672
1765156331.21113,cf2,-0.7739273309707642,0.13474595546722412,1.014466404914856,0.7989628911018372,0.2023961991071701,0.01141414511948824
1765156331.2128549,cf2,-0.7739273309707642,0.13474595546722412,1.014466404914856,0.7991387248039246,0.21808476746082306,0.017125695943832397
1765156331.2171552,cf1,-0.16254553198814392,0.3993819057941437,1.0011593103408813,0.5298091769218445,0.7911718487739563,-0.0017842375673353672
1765156331.2175279,cf1,-0.16254553198814392,0.3993819057941437,1.0011593103408813,0.5106896162033081,0.7961114048957825,0.0016849966486915946
1765156331.2311661,cf2,-0.7568223476409912,0.13875772058963776,1.0147075653076172,0.7991387248039246,0.21808476746082306,0.017125695943832397
1765156331.232943,cf2,-0.7568223476409912,0.13875772058963776,1.0147075653076172,0.792349100112915,0.23254072666168213,0.019479278475046158
1765156331.2368112,cf1,-0.15379774570465088,0.41195154190063477,1.0010367631912231,0.5106896162033081,0.7961114048957825,0.0016849966486915946
1765156331.2371233,cf1,-0.15379774570465088,0.41195154190063477,1.0010367631912231,0.48897966742515564,0.7955125570297241,0.009057644754648209
1765156331.2520292,cf2,-0.739414393901825,0.143207386136055,1.014926552772522,0.792349100112915,0.23254072666168213,0.019479278475046158
1765156331.2540736,cf2,-0.739414393901825,0.143207386136055,1.014926552772522,0.7897505760192871,0.2483031302690506,0.01881137304008007
1765156331.2556746,cf1,-0.1428210735321045,0.4287017285823822,1.0009247064590454,0.48897966742515564,0.7955125570297241,0.009057644754648209
1765156331.2559242,cf1,-0.1428210735321045,0.4287017285823822,1.0009247064590454,0.47305968403816223,0.8060028553009033,0.01753351464867592
1765156331.2709982,cf2,-0.7180534601211548,0.1492902636528015,1.0150724649429321,0.7897505760192871,0.2483031302690506,0.01881137304008007
1765156331.272797,cf2,-0.7180534601211548,0.1492902636528015,1.0150724649429321,0.7860793471336365,0.26455190777778625,0.014590177685022354
1765156331.2757337,cf1,-0.12976031005382538,0.4499453008174896,1.000874638557434,0.47305968403816223,0.8060028553009033,0.01753351464867592
1765156331.2759526,cf1,-0.12976031005382538,0.4499453008174896,1.000874638557434,0.46316292881965637,0.826237142086029,0.024500729516148567
1765156331.2911675,cf2,-0.7057704329490662,0.1527910977602005,1.0150402784347534,0.7860793471336365,0.26455190777778625,0.014590177685022354
1765156331.292841,cf2,-0.7057704329490662,0.1527910977602005,1.0150402784347534,0.7699344754219055,0.2758564054965973,0.006578764412552118
1765156331.295808,cf1,-0.11927418410778046,0.46769440174102783,1.0009218454360962,0.46316292881965637,0.826237142086029,0.024500729516148567
1765156331.296043,cf1,-0.11927418410778046,0.46769440174102783,1.0009218454360962,0.4475739896297455,0.8359952569007874,0.030871853232383728
1765156331.3110616,cf2,-0.6883372068405151,0.15832222998142242,1.0148619413375854,0.7699344754219055,0.2758564054965973,0.006578764412552118
1765156331.312963,cf2,-0.6883372068405151,0.15832222998142242,1.0148619413375854,0.7625229954719543,0.29044049978256226,-0.0009179205517284572
1765156331.3155265,cf1,-0.10924079269170761,0.4854704439640045,1.000907301902771,0.4475739896297455,0.8359952569007874,0.030871853232383728
1765156331.3159316,cf1,-0.10924079269170761,0.4854704439640045,1.000907301902771,0.4320773482322693,0.8453330993652344,0.03287944197654724
1765156331.3310978,cf2,-0.6726189851760864,0.16360728442668915,1.0145632028579712,0.7625229954719543,0.29044049978256226,-0.0009179205517284572
1765156331.3329356,cf2,-0.6726189851760864,0.16360728442668915,1.0145632028579712,0.756074845790863,0.30578386783599854,-0.006868657190352678
1765156331.3358116,cf1,-0.09892113506793976,0.5046601295471191,1.000749111175537,0.4320773482322693,0.8453330993652344,0.03287944197654724
1765156331.3360512,cf1,-0.09892113506793976,0.5046601295471191,1.000749111175537,0.42076078057289124,0.8626035451889038,0.02777155488729477
1765156331.351215,cf2,-0.6522831916809082,0.17112253606319427,1.0140894651412964,0.756074845790863,0.30578386783599854,-0.006868657190352678
1765156331.3527887,cf2,-0.6522831916809082,0.17112253606319427,1.0140894651412964,0.7577928900718689,0.32579725980758667,-0.005785592831671238
1765156331.3557708,cf1,-0.09204971045255661,0.5175305008888245,1.0005055665969849,0.42076078057289124,0.8626035451889038,0.02777155488729477
1765156331.3560386,cf1,-0.09204971045255661,0.5175305008888245,1.0005055665969849,0.3996651768684387,0.8580133318901062,0.015425397083163261
1765156331.3710928,cf2,-0.6356743574142456,0.17761804163455963,1.0137336254119873,0.7577928900718689,0.32579725980758667,-0.005785592831671238
1765156331.3728817,cf2,-0.6356743574142456,0.17761804163455963,1.0137336254119873,0.750052809715271,0.3421146869659424,-0.0013833546545356512
1765156331.3758574,cf1,-0.0829664096236229,0.535713255405426,1.00002121925354,0.3996651768684387,0.8580133318901062,0.015425397083163261
1765156331.3761826,cf1,-0.0829664096236229,0.535713255405426,1.00002121925354,0.38638174533843994,0.8704713582992554,0.0041220844723284245
1765156331.3912659,cf2,-0.6222327351570129,0.18309292197227478,1.0135436058044434,0.750052809715271,0.3421146869659424,-0.0013833546545356512
1765156331.3928592,cf2,-0.6222327351570129,0.18309292197227478,1.0135436058044434,0.735222578048706,0.3550707697868347,0.005040227901190519
1765156331.3959072,cf1,-0.07403280586004257,0.5544361472129822,0.999377965927124,0.38638174533843994,0.8704713582992554,0.0041220844723284245
1765156331.396235,cf1,-0.07403280586004257,0.5544361472129822,0.999377965927124,0.3729156255722046,0.8827441930770874,-0.005459049250930548
1765156331.4111416,cf2,-0.6071342825889587,0.18970683217048645,1.0134018659591675,0.735222578048706,0.3550707697868347,0.005040227901190519
1765156331.4128914,cf2,-0.6071342825889587,0.18970683217048645,1.0134018659591675,0.7286556959152222,0.3722253143787384,0.009995704516768456
1765156331.4158032,cf1,-0.06541505455970764,0.5733928084373474,0.9986897706985474,0.3729156255722046,0.8827441930770874,-0.005459049250930548
1765156331.4160461,cf1,-0.06541505455970764,0.5733928084373474,0.9986897706985474,0.3590758442878723,0.8943787217140198,-0.006123807281255722
1765156331.4310732,cf2,-0.5902085304260254,0.19782808423042297,1.0132840871810913,0.7286556959152222,0.3722253143787384,0.009995704516768456
1765156331.4327753,cf2,-0.5902085304260254,0.19782808423042297,1.0132840871810913,0.7238640785217285,0.39044785499572754,0.013678363524377346
1765156331.4359453,cf1,-0.056850094348192215,0.5938305854797363,0.9979638457298279,0.3590758442878723,0.8943787217140198,-0.006123807281255722
1765156331.4362912,cf1,-0.056850094348192215,0.5938305854797363,0.9979638457298279,0.34497836232185364,0.9058977365493774,-0.002019568346440792
1765156331.4511833,cf2,-0.5742432475090027,0.20574933290481567,1.0132722854614258,0.7238640785217285,0.39044785499572754,0.013678363524377346
1765156331.453052,cf2,-0.5742432475090027,0.20574933290481567,1.0132722854614258,0.7185428738594055,0.4084010422229767,0.017328180372714996
1765156331.4579499,cf1,-0.04887199401855469,0.6128740310668945,0.9975515007972717,0.34497836232185364,0.9058977365493774,-0.002019568346440792
1765156331.4582255,cf1,-0.04887199401855469,0.6128740310668945,0.9975515007972717,0.327112078666687,0.9136636853218079,0.004980715923011303
1765156331.4711516,cf2,-0.5592892169952393,0.21334794163703918,1.013271689414978,0.7185428738594055,0.4084010422229767,0.017328180372714996
1765156331.4728405,cf2,-0.5592892169952393,0.21334794163703918,1.013271689414978,0.713020384311676,0.4261934161186218,0.01892382651567459
1765156331.477131,cf1,-0.04352688044309616,0.6264981031417847,0.9973316788673401,0.327112078666687,0.9136636853218079,0.004980715923011303
1765156331.4775598,cf1,-0.04352688044309616,0.6264981031417847,0.9973316788673401,0.32218295335769653,0.9275561571121216,0.010118714533746243
1765156331.4911578,cf2,-0.5435880422592163,0.22198303043842316,1.0131933689117432,0.713020384311676,0.4261934161186218,0.01892382651567459
1765156331.492788,cf2,-0.5435880422592163,0.22198303043842316,1.0131933689117432,0.7073495984077454,0.44388633966445923,0.016831014305353165
1765156331.4971426,cf1,-0.03537793830037117,0.648339569568634,0.9971712827682495,0.32218295335769653,0.9275561571121216,0.010118714533746243
1765156331.4974563,cf1,-0.03537793830037117,0.648339569568634,0.9971712827682495,0.3065197169780731,0.9382719397544861,0.016988659277558327
1765156331.51225,cf2,-0.527685821056366,0.23120160400867462,1.013028621673584,0.7073495984077454,0.44388633966445923,0.016831014305353165
1765156331.5142372,cf2,-0.527685821056366,0.23120160400867462,1.013028621673584,0.6991526484489441,0.4609959125518799,0.010107988491654396
1765156331.5167704,cf1,-0.028485585004091263,0.6683439016342163,0.9971699714660645,0.3065197169780731,0.9382719397544861,0.016988659277558327
1765156331.5170918,cf1,-0.028485585004091263,0.6683439016342163,0.9971699714660645,0.29003816843032837,0.9480137825012207,0.025629034265875816
1765156331.531054,cf2,-0.5187602043151855,0.23644565045833588,1.012886643409729,0.6991526484489441,0.4609959125518799,0.010107988491654396
1765156331.5329294,cf2,-0.5187602043151855,0.23644565045833588,1.012886643409729,0.6895182132720947,0.47660690546035767,0.0001329913648078218
1765156331.5372014,cf1,-0.021987156942486763,0.6885334849357605,0.9972788691520691,0.29003816843032837,0.9480137825012207,0.025629034265875816
1765156331.5375392,cf1,-0.021987156942486763,0.6885334849357605,0.9972788691520691,0.27267956733703613,0.9574345946311951,0.0306325051933527
1765156331.5511086,cf2,-0.5034683346748352,0.24597862362861633,1.0125442743301392,0.6895182132720947,0.47660690546035767,0.0001329913648078218
1765156331.553049,cf2,-0.5034683346748352,0.24597862362861633,1.0125442743301392,0.6869991421699524,0.4960641860961914,-0.008432174101471901
1765156331.5567636,cf1,-0.015901358798146248,0.7088966369628906,0.9974356889724731,0.27267956733703613,0.9574345946311951,0.0306325051933527
1765156331.5571556,cf1,-0.015901358798146248,0.7088966369628906,0.9974356889724731,0.2541738748550415,0.9662629961967468,0.029747214168310165
1765156331.571112,cf2,-0.4862249493598938,0.25732800364494324,1.0120441913604736,0.6869991421699524,0.4960641860961914,-0.008432174101471901
1765156331.5728152,cf2,-0.4862249493598938,0.25732800364494324,1.0120441913604736,0.6692080497741699,0.5031871199607849,-0.015181279741227627
1765156331.5770392,cf1,-0.010249258950352669,0.7294050455093384,0.9975723624229431,0.2541738748550415,0.9662629961967468,0.029747214168310165
1765156331.577754,cf1,-0.010249258950352669,0.7294050455093384,0.9975723624229431,0.23431281745433807,0.9739980101585388,0.024611838161945343
1765156331.591027,cf2,-0.4716699719429016,0.26726821064949036,1.0116002559661865,0.6692080497741699,0.5031871199607849,-0.015181279741227627
1765156331.5928116,cf2,-0.4716699719429016,0.26726821064949036,1.0116002559661865,0.6564213633537292,0.5136858820915222,-0.01575678400695324
1765156331.5957212,cf1,-0.0055077471770346165,0.7485862970352173,0.9976218938827515,0.23431281745433807,0.9739980101585388,0.024611838161945343
1765156331.5959291,cf1,-0.0055077471770346165,0.7485862970352173,0.9976218938827515,0.21037720143795013,0.9744684100151062,0.014301959425210953
1765156331.6111188,cf2,-0.45871779322624207,0.27640029788017273,1.0112792253494263,0.6564213633537292,0.5136858820915222,-0.01575678400695324
1765156331.6130533,cf2,-0.45871779322624207,0.27640029788017273,1.0112792253494263,0.645436704158783,0.5249550342559814,-0.012322990223765373
1765156331.615912,cf1,-0.0008222033502534032,0.7688314318656921,0.997552216053009,0.21037720143795013,0.9744684100151062,0.014301959425210953
1765156331.6162498,cf1,-0.0008222033502534032,0.7688314318656921,0.997552216053009,0.18825788795948029,0.9784506559371948,0.0031113503500819206
1765156331.6320627,cf2,-0.44103410840034485,0.28950756788253784,1.0109943151474,0.645436704158783,0.5249550342559814,-0.012322990223765373
1765156331.6339407,cf2,-0.44103410840034485,0.28950756788253784,1.0109943151474,0.6429758667945862,0.5450546741485596,-0.002311001531779766
1765156331.635891,cf1,0.0034841042943298817,0.7895715236663818,0.9973734617233276,0.18825788795948029,0.9784506559371948,0.0031113503500819206
1765156331.6364644,cf1,0.0034841042943298817,0.7895715236663818,0.9973734617233276,0.16561903059482574,0.9819342494010925,-0.006625227630138397
1765156331.6511402,cf2,-0.4276277720928192,0.3000527024269104,1.0109140872955322,0.6429758667945862,0.5450546741485596,-0.002311001531779766
1765156331.6529188,cf2,-0.4276277720928192,0.3000527024269104,1.0109140872955322,0.6346637606620789,0.5480809211730957,0.004603696521371603
1765156331.6558776,cf1,0.0073013342916965485,0.8103762865066528,0.9971822500228882,0.16561903059482574,0.9819342494010925,-0.006625227630138397
1765156331.6562126,cf1,0.0073013342916965485,0.8103762865066528,0.9971822500228882,0.14284257590770721,0.9841185808181763,-0.010037615895271301
1765156331.6711695,cf2,-0.41400986909866333,0.31103962659835815,1.0110347270965576,0.6346637606620789,0.5480809211730957,0.004603696521371603
1765156331.6731777,cf2,-0.41400986909866333,0.31103962659835815,1.0110347270965576,0.6244639754295349,0.5604332685470581,0.01718789152801037
1765156331.676064,cf1,0.01063181459903717,0.8312008380889893,0.9970728754997253,0.14284257590770721,0.9841185808181763,-0.010037615895271301
1765156331.6763945,cf1,0.01063181459903717,0.8312008380889893,0.9970728754997253,0.12058262526988983,0.9852356314659119,-0.0077885836362838745
1765156331.6911035,cf2,-0.40028178691864014,0.32259613275527954,1.0112587213516235,0.6244639754295349,0.5604332685470581,0.01718789152801037
1765156331.6928604,cf2,-0.40028178691864014,0.32259613275527954,1.0112587213516235,0.6148442625999451,0.573944091796875,0.025198522955179214
1765156331.6956286,cf1,0.013525434769690037,0.852505624294281,0.9971334338188171,0.12058262526988983,0.9852356314659119,-0.0077885836362838745
1765156331.6959653,cf1,0.013525434769690037,0.852505624294281,0.9971334338188171,0.09751183539628983,0.9831355214118958,-0.0001749439543345943
1765156331.711192,cf2,-0.3867586553096771,0.334468275308609,1.0115127563476562,0.6148442625999451,0.573944091796875,0.025198522955179214
1765156331.7128932,cf2,-0.3867586553096771,0.334468275308609,1.0115127563476562,0.6048842072486877,0.587875247001648,0.02789747528731823
1765156331.716006,cf1,0.015857530757784843,0.8729588389396667,0.9974133968353271,0.09751183539628983,0.9831355214118958,-0.0001749439543345943
1765156331.7163458,cf1,0.015857530757784843,0.8729588389396667,0.9974133968353271,0.07515963912010193,0.978566586971283,0.010214254260063171
1765156331.7310503,cf2,-0.3734729588031769,0.3466368317604065,1.0117082595825195,0.6048842072486877,0.587875247001648,0.02789747528731823
1765156331.7327502,cf2,-0.3734729588031769,0.3466368317604065,1.0117082595825195,0.5942245721817017,0.6021320819854736,0.026314061135053635
1765156331.735893,cf1,0.017771689221262932,0.8936135172843933,0.9978882074356079,0.07515963912010193,0.978566586971283,0.010214254260063171
1765156331.7362766,cf1,0.017771689221262932,0.8936135172843933,0.9978882074356079,0.05495848134160042,0.9776076674461365,0.020365627482533455
1765156331.752098,cf2,-0.36015263199806213,0.3593989610671997,1.0117560625076294,0.5942245721817017,0.6021320819854736,0.026314061135053635
1765156331.7538838,cf2,-0.36015263199806213,0.3593989610671997,1.0117560625076294,0.5806713104248047,0.6159629821777344,0.019324466586112976
1765156331.7556,cf1,0.019267667084932327,0.914374589920044,0.9985051155090332,0.05495848134160042,0.9776076674461365,0.020365627482533455
1765156331.7560256,cf1,0.019267667084932327,0.914374589920044,0.9985051155090332,0.035427507013082504,0.9764856100082397,0.028368690982460976
1765156331.7722025,cf2,-0.34765443205833435,0.371881365776062,1.0116040706634521,0.5806713104248047,0.6159629821777344,0.019324466586112976
1765156331.773984,cf2,-0.34765443205833435,0.371881365776062,1.0116040706634521,0.5680258274078369,0.6304968595504761,0.009405265562236309
1765156331.775924,cf1,0.02035554125905037,0.9351081848144531,0.9991703629493713,0.035427507013082504,0.9764856100082397,0.028368690982460976
1765156331.7761536,cf1,0.02035554125905037,0.9351081848144531,0.9991703629493713,0.016533248126506805,0.975106418132782,0.03269388899207115
1765156331.7921107,cf2,-0.3351692855358124,0.384930819272995,1.0112576484680176,0.5680258274078369,0.6304968595504761,0.009405265562236309
1765156331.7937367,cf2,-0.3351692855358124,0.384930819272995,1.0112576484680176,0.5549322366714478,0.6455003619194031,-0.0010867262026295066
1765156331.795637,cf1,0.021057061851024628,0.9558069109916687,0.9997762441635132,0.016533248126506805,0.975106418132782,0.03269388899207115
1765156331.7959716,cf1,0.021057061851024628,0.9558069109916687,0.9997762441635132,-0.001772325485944748,0.9736790060997009,0.03202394023537636
1765156331.8120618,cf2,-0.32296183705329895,0.3982956111431122,1.0107719898223877,0.5549322366714478,0.6455003619194031,-0.0010867262026295066
1765156331.81385,cf2,-0.32296183705329895,0.3982956111431122,1.0107719898223877,0.5410837531089783,0.6602751612663269,-0.008960042148828506
1765156331.8155904,cf1,0.021389782428741455,0.9764730930328369,1.000226378440857,-0.001772325485944748,0.9736790060997009,0.03202394023537636
1765156331.81585,cf1,0.021389782428741455,0.9764730930328369,1.000226378440857,-0.0196288600564003,0.972304105758667,0.026257505640387535
1765156331.8332088,cf2,-0.3124200105667114,0.4102756083011627,1.0103225708007812,0.5410837531089783,0.6602751612663269,-0.008960042148828506
1765156331.8335865,cf2,-0.3124200105667114,0.4102756083011627,1.0103225708007812,0.5213139653205872,0.6676843762397766,-0.012461667880415916
1765156331.8360076,cf1,0.021364446729421616,0.997107744216919,1.000455379486084,-0.0196288600564003,0.972304105758667,0.026257505640387535
1765156331.8363488,cf1,0.021364446729421616,0.997107744216919,1.000455379486084,-0.03720642998814583,0.9709464907646179,0.016657240688800812
1765156331.8521154,cf2,-0.29960036277770996,0.42579105496406555,1.0098177194595337,0.5213139653205872,0.6676843762397766,-0.012461667880415916
1765156331.8539448,cf2,-0.29960036277770996,0.42579105496406555,1.0098177194595337,0.5084819197654724,0.6841964721679688,-0.009457211010158062
1765156331.8556435,cf1,0.020985517650842667,1.0177090167999268,1.0004425048828125,-0.03720642998814583,0.9709464907646179,0.016657240688800812
1765156331.8561351,cf1,0.020985517650842667,1.0177090167999268,1.0004425048828125,-0.05464212968945503,0.9695234894752502,0.005567438900470734
1765156331.8712041,cf2,-0.28944826126098633,0.438556432723999,1.0096054077148438,0.5084819197654724,0.6841964721679688,-0.009457211010158062
1765156331.8739896,cf2,-0.28944826126098633,0.438556432723999,1.0096054077148438,0.48372888565063477,0.6858667135238647,-0.002156389644369483
1765156331.875875,cf1,0.020250726491212845,1.038274884223938,1.0002200603485107,-0.05464212968945503,0.9695234894752502,0.005567438900470734
1765156331.87628,cf1,0.020250726491212845,1.038274884223938,1.0002200603485107,-0.07203518599271774,0.9679917097091675,-0.004262369591742754
1765156331.8921149,cf2,-0.27747318148612976,0.45461663603782654,1.0095590353012085,0.48372888565063477,0.6858667135238647,-0.002156389644369483
1765156331.8940032,cf2,-0.27747318148612976,0.45461663603782654,1.0095590353012085,0.47067418694496155,0.702564001083374,0.011463301256299019
1765156331.8958108,cf1,0.019152887165546417,1.0588033199310303,0.9998679757118225,-0.07203518599271774,0.9679917097091675,-0.004262369591742754
1765156331.8960028,cf1,0.019152887165546417,1.0588033199310303,0.9998679757118225,-0.08943697810173035,0.9663090109825134,-0.010463492013514042
1765156331.9120305,cf2,-0.2669333219528198,0.4694261848926544,1.0097898244857788,0.47067418694496155,0.702564001083374,0.011463301256299019
1765156331.9138045,cf2,-0.2669333219528198,0.4694261848926544,1.0097898244857788,0.4538075625896454,0.7121245861053467,0.023491108790040016
1765156331.9158273,cf1,0.01768060214817524,1.0792912244796753,0.9994954466819763,-0.08943697810173035,0.9663090109825134,-0.010463492013514042
1765156331.9162471,cf1,0.01768060214817524,1.0792912244796753,0.9994954466819763,-0.10689124464988708,0.9644290804862976,-0.01139605138450861
1765156331.9322076,cf2,-0.256744921207428,0.4844783544540405,1.0102227926254272,0.4538075625896454,0.7121245861053467,0.023491108790040016
1765156331.9338498,cf2,-0.256744921207428,0.4844783544540405,1.0102227926254272,0.4393182694911957,0.7237701416015625,0.035155683755874634
1765156331.9358878,cf1,0.01582297869026661,1.0997333526611328,0.9992048144340515,-0.10689124464988708,0.9644290804862976,-0.01139605138450861
1765156331.9361675,cf1,0.01582297869026661,1.0997333526611328,0.9992048144340515,-0.12442436069250107,0.9622927904129028,-0.007344101555645466
1765156331.953061,cf2,-0.24688412249088287,0.4997672140598297,1.010748267173767,0.4393182694911957,0.7237701416015625,0.035155683755874634
1765156331.954967,cf2,-0.24688412249088287,0.4997672140598297,1.010748267173767,0.42517033219337463,0.7350038886070251,0.04175993800163269
1765156331.9555342,cf1,0.013571500778198242,1.1201244592666626,0.9990607500076294,-0.12442436069250107,0.9622927904129028,-0.007344101555645466
1765156331.9556925,cf1,0.013571500778198242,1.1201244592666626,0.9990607500076294,-0.14211353659629822,0.959896981716156,0.0004805211501661688
1765156331.9719465,cf2,-0.23713110387325287,0.5156412124633789,1.0112468004226685,0.42517033219337463,0.7350038886070251,0.04175993800163269
1765156331.9739485,cf2,-0.23713110387325287,0.5156412124633789,1.0112468004226685,0.4096313714981079,0.7446616291999817,0.04011392593383789
1765156331.975749,cf1,0.01091894693672657,1.140459418296814,0.9990877509117126,-0.14211353659629822,0.959896981716156,0.0004805211501661688
1765156331.9760125,cf1,0.01091894693672657,1.140459418296814,0.9990877509117126,-0.16001883149147034,0.9572253823280334,0.009579856880009174
1765156331.9921603,cf2,-0.2280711531639099,0.5310106873512268,1.011561632156372,0.4096313714981079,0.7446616291999817,0.04011392593383789
1765156331.9939177,cf2,-0.2280711531639099,0.5310106873512268,1.011561632156372,0.3957054615020752,0.7543163299560547,0.0313568077981472
1765156331.9959378,cf1,0.0074437945149838924,1.162078857421875,0.9992218613624573,-0.16001883149147034,0.9572253823280334,0.009579856880009174
1765156331.9962394,cf1,0.0074437945149838924,1.162078857421875,0.9992218613624573,-0.17812764644622803,0.9542377591133118,0.017784595489501953
1765156332.0120678,cf2,-0.21911102533340454,0.5468956232070923,1.011624813079834,0.3957054615020752,0.7543163299560547,0.0313568077981472
1765156332.0140321,cf2,-0.21911102533340454,0.5468956232070923,1.011624813079834,0.3821893334388733,0.7640252709388733,0.017016807571053505
1765156332.015857,cf1,0.0044067916460335255,1.1809329986572266,0.9995230436325073,-0.17812764644622803,0.9542377591133118,0.017784595489501953
1765156332.0161617,cf1,0.0044067916460335255,1.1809329986572266,0.9995230436325073,-0.1964617520570755,0.9509124755859375,0.023192457854747772
1765156332.0323608,cf2,-0.21042434871196747,0.5629703402519226,1.0113886594772339,0.3821893334388733,0.7640252709388733,0.017016807571053505
1765156332.0344179,cf2,-0.21042434871196747,0.5629703402519226,1.0113886594772339,0.36864107847213745,0.772977352142334,0.0006100446335040033
1765156332.0366876,cf1,0.0005228876834735274,1.2011548280715942,0.9997996687889099,-0.1964617520570755,0.9509124755859375,0.023192457854747772
1765156332.0369172,cf1,0.0005228876834735274,1.2011548280715942,0.9997996687889099,-0.21531353890895844,0.9439763426780701,0.02435799315571785
1765156332.0520473,cf2,-0.2020261287689209,0.5792036652565002,1.010892391204834,0.36864107847213745,0.772977352142334,0.0006100446335040033
1765156332.0538654,cf2,-0.2020261287689209,0.5792036652565002,1.010892391204834,0.35500478744506836,0.7811642289161682,-0.013644034042954445
1765156332.056928,cf1,-0.003110511228442192,1.2186955213546753,0.9999905228614807,-0.21531353890895844,0.9439763426780701,0.02435799315571785
1765156332.0573275,cf1,-0.003110511228442192,1.2186955213546753,0.9999905228614807,-0.23140555620193481,0.9299305081367493,0.02038527838885784
1765156332.0719569,cf2,-0.1956234723329544,0.5917699337005615,1.0104162693023682,0.35500478744506836,0.7811642289161682,-0.013644034042954445
1765156332.0739377,cf2,-0.1956234723329544,0.5917699337005615,1.0104162693023682,0.3415418863296509,0.7948275208473206,-0.023163313046097755
1765156332.0769677,cf1,-0.00767035037279129,1.2384761571884155,1.0000942945480347,-0.23140555620193481,0.9299305081367493,0.02038527838885784
1765156332.0774345,cf1,-0.00767035037279129,1.2384761571884155,1.0000942945480347,-0.24905969202518463,0.9209378957748413,0.01416262611746788
1765156332.092176,cf2,-0.18604612350463867,0.6123665571212769,1.0096238851547241,0.3415418863296509,0.7948275208473206,-0.023163313046097755
1765156332.0938442,cf2,-0.18604612350463867,0.6123665571212769,1.0096238851547241,0.3215685188770294,0.7857328653335571,-0.02565756067633629
1765156332.096805,cf1,-0.013483081944286823,1.260486364364624,1.000046730041504,-0.24905969202518463,0.9209378957748413,0.01416262611746788
1765156332.0971715,cf1,-0.013483081944286823,1.260486364364624,1.000046730041504,-0.2687866687774658,0.9179666042327881,0.008069051429629326
1765156332.112159,cf2,-0.17871029675006866,0.6287415623664856,1.0091748237609863,0.3215685188770294,0.7857328653335571,-0.02565756067633629
1765156332.113947,cf2,-0.17871029675006866,0.6287415623664856,1.0091748237609863,0.3076273500919342,0.790766179561615,-0.021271193400025368
1765156332.117114,cf1,-0.0186249278485775,1.279853343963623,0.9998717904090881,-0.2687866687774658,0.9179666042327881,0.008069051429629326
1765156332.117637,cf1,-0.0186249278485775,1.279853343963623,0.9998717904090881,-0.28708329796791077,0.909288227558136,0.003674169071018696
1765156332.132115,cf2,-0.17134550213813782,0.6466245055198669,1.0088872909545898,0.3076273500919342,0.790766179561615,-0.021271193400025368
1765156332.1339023,cf2,-0.17134550213813782,0.6466245055198669,1.0088872909545898,0.293863981962204,0.7952668070793152,-0.01106835063546896
1765156332.1368937,cf1,-0.02363983914256096,1.2965435981750488,0.9996440410614014,-0.28708329796791077,0.909288227558136,0.003674169071018696
1765156332.1372197,cf1,-0.02363983914256096,1.2965435981750488,0.9996440410614014,-0.3043219745159149,0.8971403241157532,0.0025097436737269163
1765156332.1523688,cf2,-0.16479049623012543,0.6623232960700989,1.0090469121932983,0.293863981962204,0.7952668070793152,-0.01106835063546896
1765156332.1542418,cf2,-0.16479049623012543,0.6623232960700989,1.0090469121932983,0.2801472842693329,0.7990341782569885,0.003852224675938487
1765156332.1568732,cf1,-0.029771821573376656,1.3158241510391235,0.9993473887443542,-0.3043219745159149,0.8971403241157532,0.0025097436737269163
1765156332.1571205,cf1,-0.029771821573376656,1.3158241510391235,0.9993473887443542,-0.3231293857097626,0.8886702656745911,0.0030455635860562325
1765156332.1719546,cf2,-0.1581188440322876,0.680395781993866,1.0093834400177002,0.2801472842693329,0.7990341782569885,0.003852224675938487
1765156332.1749218,cf2,-0.1581188440322876,0.680395781993866,1.0093834400177002,0.26647040247917175,0.8025993704795837,0.018768085166811943
1765156332.1765625,cf1,-0.03600025549530983,1.3341045379638672,0.9990859031677246,-0.3231293857097626,0.8886702656745911,0.0030455635860562325
1765156332.1768377,cf1,-0.03600025549530983,1.3341045379638672,0.9990859031677246,-0.3421461582183838,0.879533052444458,0.005950471851974726
1765156332.1933825,cf2,-0.15215550363063812,0.6963164210319519,1.0099536180496216,0.26647040247917175,0.8025993704795837,0.018768085166811943
1765156332.1953201,cf2,-0.15215550363063812,0.6963164210319519,1.0099536180496216,0.2511347830295563,0.8037735223770142,0.028696443885564804
1765156332.196887,cf1,-0.04305441305041313,1.3533531427383423,0.9988608956336975,-0.3421461582183838,0.879533052444458,0.005950471851974726
1765156332.1970918,cf1,-0.04305441305041313,1.3533531427383423,0.9988608956336975,-0.3640708029270172,0.8799548149108887,0.013378162868320942
1765156332.2131379,cf2,-0.14636334776878357,0.7132884860038757,1.0105645656585693,0.2511347830295563,0.8037735223770142,0.028696443885564804
1765156332.215136,cf2,-0.14636334776878357,0.7132884860038757,1.0105645656585693,0.23713649809360504,0.8070554137229919,0.03177499398589134
1765156332.21598,cf1,-0.05113589018583298,1.3738377094268799,0.998688817024231,-0.3640708029270172,0.8799548149108887,0.013378162868320942
1765156332.216319,cf1,-0.05113589018583298,1.3738377094268799,0.998688817024231,-0.38236239552497864,0.8663850426673889,0.02031191624701023
1765156332.233324,cf2,-0.14071762561798096,0.7315736413002014,1.011160135269165,0.23713649809360504,0.8070554137229919,0.03177499398589134
1765156332.2351768,cf2,-0.14071762561798096,0.7315736413002014,1.011160135269165,0.22291837632656097,0.8102689981460571,0.027869563549757004
1765156332.2355552,cf1,-0.06064799427986145,1.3960784673690796,0.9985823631286621,-0.38236239552497864,0.8663850426673889,0.02031191624701023
1765156332.2358177,cf1,-0.06064799427986145,1.3960784673690796,0.9985823631286621,-0.40619605779647827,0.8685628771781921,0.028391508385539055
1765156332.2530868,cf2,-0.13565807044506073,0.7475925087928772,1.011459231376648,0.22291837632656097,0.8102689981460571,0.027869563549757004
1765156332.2548182,cf2,-0.13565807044506073,0.7475925087928772,1.011459231376648,0.20835983753204346,0.8132480978965759,0.018904978409409523
1765156332.2566454,cf1,-0.06970290094614029,1.4160996675491333,0.998532772064209,-0.40619605779647827,0.8685628771781921,0.028391508385539055
1765156332.2569315,cf1,-0.06970290094614029,1.4160996675491333,0.998532772064209,-0.4269467890262604,0.8621605634689331,0.03171105682849884
1765156332.2732277,cf2,-0.13066644966602325,0.7659961581230164,1.011582851409912,0.20835983753204346,0.8132480978965759,0.018904978409409523
1765156332.2749555,cf2,-0.13066644966602325,0.7659961581230164,1.011582851409912,0.19335538148880005,0.8163225054740906,0.008495059795677662
1765156332.2767165,cf1,-0.07885665446519852,1.435306429862976,0.9984360933303833,-0.4269467890262604,0.8621605634689331,0.03171105682849884
1765156332.277057,cf1,-0.07885665446519852,1.435306429862976,0.9984360933303833,-0.4484827220439911,0.8605632781982422,0.030514506623148918
1765156332.2932892,cf2,-0.12612035870552063,0.7832933664321899,1.0113892555236816,0.19335538148880005,0.8163225054740906,0.008495059795677662
1765156332.2950218,cf2,-0.12612035870552063,0.7832933664321899,1.0113892555236816,0.17765513062477112,0.8199621438980103,-0.0015636930475011468
1765156332.2955015,cf1,-0.08369884639978409,1.4458039999008179,0.9983399510383606,-0.4484827220439911,0.8605632781982422,0.030514506623148918
1765156332.2956984,cf1,-0.08369884639978409,1.4458039999008179,0.9983399510383606,-0.4686870276927948,0.8553658127784729,0.02161666378378868
1765156332.3131723,cf2,-0.12192244082689285,0.8006715178489685,1.0110268592834473,0.17765513062477112,0.8199621438980103,-0.0015636930475011468
1765156332.3148353,cf2,-0.12192244082689285,0.8006715178489685,1.0110268592834473,0.16124743223190308,0.823904812335968,-0.009312028996646404
1765156332.3155763,cf1,-0.09743015468120575,1.4716770648956299,0.9978330731391907,-0.4686870276927948,0.8553658127784729,0.02161666378378868
1765156332.3158329,cf1,-0.09743015468120575,1.4716770648956299,0.9978330731391907,-0.48265329003334045,0.842276394367218,0.007975766435265541
1765156332.333148,cf2,-0.1180872917175293,0.8181263208389282,1.0105937719345093,0.16124743223190308,0.823904812335968,-0.009312028996646404
1765156332.335834,cf1,-0.10558409243822098,1.4869848489761353,0.9974090456962585,-0.48265329003334045,0.842276394367218,0.007975766435265541
1765156332.336048,cf1,-0.10558409243822098,1.4869848489761353,0.9974090456962585,-0.49386927485466003,0.8260926604270935,-0.005023552570492029
1765156332.3361804,cf2,-0.1180872917175293,0.8181263208389282,1.0105937719345093,0.14437733590602875,0.8277543187141418,-0.012246808968484402
1765156332.3523293,cf2,-0.11591237038373947,0.8275135159492493,1.0104259252548218,0.14437733590602875,0.8277543187141418,-0.012246808968484402
1765156332.3540318,cf2,-0.11591237038373947,0.8275135159492493,1.0104259252548218,0.1257503181695938,0.8291432857513428,-0.00947371032088995
1765156332.3557038,cf1,-0.11587193608283997,1.5051934719085693,0.9968369603157043,-0.49386927485466003,0.8260926604270935,-0.005023552570492029
1765156332.3560402,cf1,-0.11587193608283997,1.5051934719085693,0.9968369603157043,-0.5087092518806458,0.816133439540863,-0.01213144138455391
1765156332.3731549,cf2,-0.11233862489461899,0.8474004864692688,1.0100464820861816,0.1257503181695938,0.8291432857513428,-0.00947371032088995
1765156332.375201,cf2,-0.11233862489461899,0.8474004864692688,1.0100464820861816,0.10609941929578781,0.8272209763526917,-0.0018565726932138205
1765156332.375651,cf1,-0.12661774456501007,1.5234169960021973,0.9962905049324036,-0.5087092518806458,0.816133439540863,-0.01213144138455391
1765156332.3759186,cf1,-0.12661774456501007,1.5234169960021973,0.9962905049324036,-0.5228785872459412,0.805834949016571,-0.012958858162164688
1765156332.3923326,cf2,-0.10984887182712555,0.8626601099967957,1.0099174976348877,0.10609941929578781,0.8272209763526917,-0.0018565726932138205
1765156332.3940225,cf2,-0.10984887182712555,0.8626601099967957,1.0099174976348877,0.09817980229854584,0.8336103558540344,0.003164422232657671
1765156332.3957927,cf1,-0.14050553739070892,1.5455632209777832,0.9957674145698547,-0.5228785872459412,0.805834949016571,-0.012958858162164688
1765156332.3960571,cf1,-0.14050553739070892,1.5455632209777832,0.9957674145698547,-0.545670211315155,0.8077139258384705,-0.003733505494892597
1765156332.4122581,cf2,-0.10717500746250153,0.8829745650291443,1.0098456144332886,0.09817980229854584,0.8336103558540344,0.003164422232657671
1765156332.4138286,cf2,-0.10717500746250153,0.8829745650291443,1.0098456144332886,0.07819313555955887,0.8363638520240784,0.013823441229760647
1765156332.4156241,cf1,-0.14934995770454407,1.5595771074295044,0.9957232475280762,-0.545670211315155,0.8077139258384705,-0.003733505494892597
1765156332.4158356,cf1,-0.14934995770454407,1.5595771074295044,0.9957232475280762,-0.5523144602775574,0.7875719666481018,0.007487216964364052
1765156332.4320662,cf2,-0.10541722178459167,0.8982085585594177,1.009922981262207,0.07819313555955887,0.8363638520240784,0.013823441229760647
1765156332.4338238,cf2,-0.10541722178459167,0.8982085585594177,1.009922981262207,0.0590897798538208,0.8310052752494812,0.022284790873527527
1765156332.4358995,cf1,-0.16028909385204315,1.5760142803192139,0.9958204627037048,-0.5523144602775574,0.7875719666481018,0.007487216964364052
1765156332.4363534,cf1,-0.16028909385204315,1.5760142803192139,0.9958204627037048,-0.5667679905891418,0.778222918510437,0.01974286325275898
1765156332.4530637,cf2,-0.1038132756948471,0.9161742925643921,1.0100302696228027,0.0590897798538208,0.8310052752494812,0.022284790873527527
1765156332.4549706,cf2,-0.1038132756948471,0.9161742925643921,1.0100302696228027,0.03990546613931656,0.8375423550605774,0.029310813173651695
1765156332.4556494,cf1,-0.17238269746303558,1.5934244394302368,0.9960901141166687,-0.5667679905891418,0.778222918510437,0.01974286325275898
1765156332.455874,cf1,-0.17238269746303558,1.5934244394302368,0.9960901141166687,-0.5830838680267334,0.7708615064620972,0.0270188357681036
1765156332.4720974,cf2,-0.1025548130273819,0.9366509914398193,1.0101383924484253,0.03990546613931656,0.8375423550605774,0.029310813173651695
1765156332.4738793,cf2,-0.1025548130273819,0.9366509914398193,1.0101383924484253,0.020779408514499664,0.8471340537071228,0.03191095218062401
1765156332.4761302,cf1,-0.18485289812088013,1.6106806993484497,0.9964818954467773,-0.5830838680267334,0.7708615064620972,0.0270188357681036
1765156332.4763913,cf1,-0.18485289812088013,1.6106806993484497,0.9964818954467773,-0.5991637706756592,0.7625689506530762,0.03292360529303551
1765156332.493198,cf2,-0.10183539241552353,0.9550426006317139,1.0101524591445923,0.020779408514499664,0.8471340537071228,0.03191095218062401
1765156332.4951298,cf2,-0.10183539241552353,0.9550426006317139,1.0101524591445923,0.00012130232789786533,0.8507349491119385,0.029308317229151726
1765156332.4959145,cf1,-0.19764335453510284,1.6277090311050415,0.9968844056129456,-0.5991637706756592,0.7625689506530762,0.03292360529303551
1765156332.4962459,cf1,-0.19764335453510284,1.6277090311050415,0.9968844056129456,-0.6152421832084656,0.7537132501602173,0.03498635068535805
1765156332.5130863,cf2,-0.10153516381978989,0.9732839465141296,1.0100069046020508,0.00012130232789786533,0.8507349491119385,0.029308317229151726
1765156332.5152323,cf2,-0.10153516381978989,0.9732839465141296,1.0100069046020508,-0.020491383969783783,0.8537793159484863,0.022501181811094284
1765156332.5156963,cf1,-0.21075274050235748,1.644508957862854,0.9972038269042969,-0.6152421832084656,0.7537132501602173,0.03498635068535805
1765156332.5160143,cf1,-0.21075274050235748,1.644508957862854,0.9972038269042969,-0.6314728856086731,0.7444682717323303,0.030656563118100166
1765156332.5333154,cf2,-0.10162674635648727,0.9915106296539307,1.0096687078475952,-0.020491383969783783,0.8537793159484863,0.022501181811094284
1765156332.5350292,cf2,-0.10162674635648727,0.9915106296539307,1.0096687078475952,-0.04022221639752388,0.8554977178573608,0.011720609851181507
1765156332.5356772,cf1,-0.2241755723953247,1.661072015762329,0.9973713159561157,-0.6314728856086731,0.7444682717323303,0.030656563118100166
1765156332.536066,cf1,-0.2241755723953247,1.661072015762329,0.9973713159561157,-0.6476157903671265,0.734503984451294,0.021360483020544052
1765156332.5530467,cf2,-0.10211848467588425,1.0099090337753296,1.009151577949524,-0.04022221639752388,0.8554977178573608,0.011720609851181507
1765156332.5549607,cf2,-0.10211848467588425,1.0099090337753296,1.009151577949524,-0.059394415467977524,0.8635486364364624,0.0007276036194525659
1765156332.5558054,cf1,-0.23891985416412354,1.6781672239303589,0.9973594546318054,-0.6476157903671265,0.734503984451294,0.021360483020544052
1765156332.5562587,cf1,-0.23891985416412354,1.6781672239303589,0.9973594546318054,-0.6634647250175476,0.72359699010849,0.01001008227467537
1765156332.5721502,cf2,-0.1030469462275505,1.0287784337997437,1.008492112159729,-0.059394415467977524,0.8635486364364624,0.0007276036194525659
1765156332.5741782,cf2,-0.1030469462275505,1.0287784337997437,1.008492112159729,-0.07924827933311462,0.8614248037338257,-0.008956815116107464
1765156332.575802,cf1,-0.252971887588501,1.6941989660263062,0.9971656799316406,-0.6634647250175476,0.72359699010849,0.01001008227467537
1765156332.576082,cf1,-0.252971887588501,1.6941989660263062,0.9971656799316406,-0.682755708694458,0.7145227193832397,-0.00016068434342741966
1765156332.592079,cf2,-0.1046549528837204,1.0484144687652588,1.0077283382415771,-0.07924827933311462,0.8614248037338257,-0.008956815116107464
1765156332.593957,cf2,-0.1046549528837204,1.0484144687652588,1.0077283382415771,-0.0987715870141983,0.8571875095367432,-0.013734291307628155
1765156332.5958607,cf1,-0.2673214375972748,1.709931492805481,0.996891438961029,-0.682755708694458,0.7145227193832397,-0.00016068434342741966
1765156332.5961947,cf1,-0.2673214375972748,1.709931492805481,0.996891438961029,-0.6937410235404968,0.6986410021781921,-0.008038175292313099
1765156332.6120486,cf2,-0.10599034279584885,1.0653012990951538,1.0072288513183594,-0.0987715870141983,0.8571875095367432,-0.013734291307628155
1765156332.6140597,cf2,-0.10599034279584885,1.0653012990951538,1.0072288513183594,-0.1165003851056099,0.8582572340965271,-0.012553154490888119
1765156332.6157143,cf1,-0.28196558356285095,1.7253373861312866,0.9966479539871216,-0.6937410235404968,0.6986410021781921,-0.008038175292313099
1765156332.6161335,cf1,-0.28196558356285095,1.7253373861312866,0.9966479539871216,-0.7079198360443115,0.6845249533653259,-0.010635746642947197
1765156332.6322134,cf2,-0.10806833952665329,1.0837782621383667,1.0067905187606812,-0.1165003851056099,0.8582572340965271,-0.012553154490888119
1765156332.6343756,cf2,-0.10806833952665329,1.0837782621383667,1.0067905187606812,-0.13384833931922913,0.8587929010391235,-0.005995406769216061
1765156332.6367667,cf1,-0.2976263463497162,1.7410558462142944,0.9965326189994812,-0.7079198360443115,0.6845249533653259,-0.010635746642947197
1765156332.6369793,cf1,-0.2976263463497162,1.7410558462142944,0.9965326189994812,-0.7202563881874084,0.6668784618377686,-0.008244738914072514
1765156332.6521034,cf2,-0.11091657727956772,1.1033928394317627,1.0064880847930908,-0.13384833931922913,0.8587929010391235,-0.005995406769216061
1765156332.6539466,cf2,-0.11091657727956772,1.1033928394317627,1.0064880847930908,-0.1507568061351776,0.8586060404777527,0.0033854409120976925
1765156332.6570878,cf1,-0.30731192231178284,1.7508493661880493,0.996649980545044,-0.7202563881874084,0.6668784618377686,-0.008244738914072514
1765156332.6574316,cf1,-0.30731192231178284,1.7508493661880493,0.996649980545044,-0.7324974536895752,0.6621224284172058,-0.003346274374052882
1765156332.672201,cf2,-0.11338849365711212,1.1206800937652588,1.0065350532531738,-0.1507568061351776,0.8586060404777527,0.0033854409120976925
1765156332.6742568,cf2,-0.11338849365711212,1.1206800937652588,1.0065350532531738,-0.1673090159893036,0.8578140139579773,0.012671638280153275
1765156332.6766896,cf1,-0.32253164052963257,1.765100121498108,0.9969269633293152,-0.7324974536895752,0.6621224284172058,-0.003346274374052882
1765156332.677181,cf1,-0.32253164052963257,1.765100121498108,0.9969269633293152,-0.7445327639579773,0.6450114846229553,0.006078431382775307
1765156332.6921153,cf2,-0.11703810095787048,1.1402244567871094,1.006662130355835,-0.1673090159893036,0.8578140139579773,0.012671638280153275
1765156332.694289,cf2,-0.11703810095787048,1.1402244567871094,1.006662130355835,-0.18348759412765503,0.8563005924224854,0.018589381128549576
1765156332.6971498,cf1,-0.33815449476242065,1.7790777683258057,0.9974517226219177,-0.7445327639579773,0.6450114846229553,0.006078431382775307
1765156332.6975007,cf1,-0.33815449476242065,1.7790777683258057,0.9974517226219177,-0.7563177347183228,0.6272967457771301,0.016911718994379044
1765156332.713141,cf2,-0.12020238488912582,1.1574872732162476,1.0069234371185303,-0.18348759412765503,0.8563005924224854,0.018589381128549576
1765156332.7149496,cf2,-0.12020238488912582,1.1574872732162476,1.0069234371185303,-0.19926851987838745,0.8509042859077454,0.018124904483556747
1765156332.7172377,cf1,-0.35208478569984436,1.79110586643219,0.9981229305267334,-0.7563177347183228,0.6272967457771301,0.016911718994379044
1765156332.7176049,cf1,-0.35208478569984436,1.79110586643219,0.9981229305267334,-0.7599230408668518,0.6024878025054932,0.027375852689146996
1765156332.7332082,cf2,-0.12454629689455032,1.1767642498016357,1.0071667432785034,-0.19926851987838745,0.8509042859077454,0.018124904483556747
1765156332.7351055,cf2,-0.12454629689455032,1.1767642498016357,1.0071667432785034,-0.21404705941677094,0.8469903469085693,0.013343589380383492
1765156332.7366195,cf1,-0.3680439293384552,1.8041794300079346,0.9989979267120361,-0.7599230408668518,0.6024878025054932,0.027375852689146996
1765156332.7369165,cf1,-0.3680439293384552,1.8041794300079346,0.9989979267120361,-0.7645487189292908,0.5777565240859985,0.03524318337440491
1765156332.7531352,cf2,-0.12825748324394226,1.1937416791915894,1.0073155164718628,-0.21404705941677094,0.8469903469085693,0.013343589380383492
1765156332.7549858,cf2,-0.12825748324394226,1.1937416791915894,1.0073155164718628,-0.22819742560386658,0.842032790184021,0.006071685813367367
1765156332.7571614,cf1,-0.38387805223464966,1.8165608644485474,0.9999259114265442,-0.7645487189292908,0.5777565240859985,0.03524318337440491
1765156332.757605,cf1,-0.38387805223464966,1.8165608644485474,0.9999259114265442,-0.7749649286270142,0.557442307472229,0.04046287387609482
1765156332.7719588,cf2,-0.1307830512523651,1.204463005065918,1.0073630809783936,-0.22819742560386658,0.842032790184021,0.006071685813367367
1765156332.7740092,cf2,-0.1307830512523651,1.204463005065918,1.0073630809783936,-0.24201259016990662,0.8336782455444336,-0.0020177632104605436
1765156332.7769425,cf1,-0.400407612323761,1.8288626670837402,1.0008492469787598,-0.7749649286270142,0.557442307472229,0.04046287387609482
1765156332.7771688,cf1,-0.400407612323761,1.8288626670837402,1.0008492469787598,-0.7869859933853149,0.5377761125564575,0.042236167937517166
1765156332.7922325,cf2,-0.1360800713300705,1.2245140075683594,1.0073866844177246,-0.24201259016990662,0.8336782455444336,-0.0020177632104605436
1765156332.7938638,cf2,-0.1360800713300705,1.2245140075683594,1.0073866844177246,-0.2589285373687744,0.8370400071144104,-0.00677373306825757
1765156332.7969103,cf1,-0.41719308495521545,1.8407608270645142,1.001643180847168,-0.7869859933853149,0.5377761125564575,0.042236167937517166
1765156332.797233,cf1,-0.41719308495521545,1.8407608270645142,1.001643180847168,-0.7991780042648315,0.5180209875106812,0.0407395102083683
1765156332.8131993,cf2,-0.1416853964328766,1.2447174787521362,1.0073797702789307,-0.2589285373687744,0.8370400071144104,-0.00677373306825757
1765156332.8148978,cf2,-0.1416853964328766,1.2447174787521362,1.0073797702789307,-0.2721751630306244,0.8274919390678406,-0.007795568089932203
1765156332.8171008,cf1,-0.43421030044555664,1.852252721786499,1.002211332321167,-0.7991780042648315,0.5180209875106812,0.0407395102083683
1765156332.8174539,cf1,-0.43421030044555664,1.852252721786499,1.002211332321167,-0.8116993308067322,0.4985274374485016,0.03549192473292351
1765156332.833244,cf2,-0.14689970016479492,1.2620656490325928,1.0074355602264404,-0.2721751630306244,0.8274919390678406,-0.007795568089932203
1765156332.83492,cf2,-0.14689970016479492,1.2620656490325928,1.0074355602264404,-0.28476831316947937,0.8188197612762451,-0.001989950891584158
1765156332.8370852,cf1,-0.4514639675617218,1.8633568286895752,1.0024826526641846,-0.8116993308067322,0.4985274374485016,0.03549192473292351
1765156332.8374004,cf1,-0.4514639675617218,1.8633568286895752,1.0024826526641846,-0.8246483206748962,0.4795808494091034,0.02589108981192112
1765156332.853256,cf2,-0.1520072966814041,1.2777842283248901,1.0075770616531372,-0.28476831316947937,0.8188197612762451,-0.001989950891584158
1765156332.8550723,cf2,-0.1520072966814041,1.2777842283248901,1.0075770616531372,-0.29773664474487305,0.810693621635437,0.005417054984718561
1765156332.8570347,cf1,-0.46895632147789,1.8740891218185425,1.0024224519729614,-0.8246483206748962,0.4795808494091034,0.02589108981192112
1765156332.8572686,cf1,-0.46895632147789,1.8740891218185425,1.0024224519729614,-0.8378071188926697,0.4612491726875305,0.013053339906036854
1765156332.873182,cf2,-0.15705306828022003,1.292946219444275,1.0078800916671753,-0.29773664474487305,0.810693621635437,0.005417054984718561
1765156332.8750165,cf2,-0.15705306828022003,1.292946219444275,1.0078800916671753,-0.3035970628261566,0.7849560379981995,0.01133172307163477
1765156332.8756058,cf1,-0.48668670654296875,1.8844579458236694,1.0020411014556885,-0.8378071188926697,0.4612491726875305,0.013053339906036854
1765156332.875988,cf1,-0.48668670654296875,1.8844579458236694,1.0020411014556885,-0.8508779406547546,0.4434548616409302,-0.0005209230585023761
1765156332.8932192,cf2,-0.16288018226623535,1.3093541860580444,1.00832200050354,-0.3035970628261566,0.7849560379981995,0.01133172307163477
1765156332.8951697,cf2,-0.16288018226623535,1.3093541860580444,1.00832200050354,-0.31635990738868713,0.7764521241188049,0.018169160932302475
1765156332.896584,cf1,-0.5072882771492004,1.8957809209823608,1.001276969909668,-0.8508779406547546,0.4434548616409302,-0.0005209230585023761
1765156332.897848,cf1,-0.5072882771492004,1.8957809209823608,1.001276969909668,-0.8636812567710876,0.4234120845794678,-0.014038114808499813
1765156332.9141352,cf2,-0.16920922696590424,1.3261746168136597,1.00885808467865,-0.31635990738868713,0.7764521241188049,0.018169160932302475
1765156332.9144676,cf2,-0.16920922696590424,1.3261746168136597,1.00885808467865,-0.32506459951400757,0.7788969874382019,0.02198810689151287
1765156332.9171176,cf1,-0.5257458090782166,1.9054921865463257,1.0004264116287231,-0.8636812567710876,0.4234120845794678,-0.014038114808499813
1765156332.9174645,cf1,-0.5257458090782166,1.9054921865463257,1.0004264116287231,-0.8760802745819092,0.4066591262817383,-0.021980365738272667
1765156332.9319158,cf2,-0.17694826424121857,1.3453532457351685,1.0095082521438599,-0.32506459951400757,0.7788969874382019,0.02198810689151287
1765156332.9339414,cf2,-0.17694826424121857,1.3453532457351685,1.0095082521438599,-0.34029269218444824,0.7719820141792297,0.029731454327702522
1765156332.9369888,cf1,-0.5442270040512085,1.9147309064865112,0.9996026158332825,-0.8760802745819092,0.4066591262817383,-0.021980365738272667
1765156332.9372625,cf1,-0.5442270040512085,1.9147309064865112,0.9996026158332825,-0.8870112895965576,0.3903212249279022,-0.023074882104992867
1765156332.9530792,cf2,-0.18413124978542328,1.362267255783081,1.0100555419921875,-0.34029269218444824,0.7719820141792297,0.029731454327702522
1765156332.9551404,cf2,-0.18413124978542328,1.362267255783081,1.0100555419921875,-0.35486477613449097,0.7623105645179749,0.034484826028347015
1765156332.9566512,cf1,-0.5629039406776428,1.9236061573028564,0.9989099502563477,-0.8870112895965576,0.3903212249279022,-0.023074882104992867
1765156332.9570463,cf1,-0.5629039406776428,1.9236061573028564,0.9989099502563477,-0.8968258500099182,0.37430518865585327,-0.01945861428976059
1765156332.97311,cf2,-0.19126957654953003,1.3782614469528198,1.0104669332504272,-0.35486477613449097,0.7623105645179749,0.034484826028347015
1765156332.9751916,cf2,-0.19126957654953003,1.3782614469528198,1.0104669332504272,-0.37009742856025696,0.7553186416625977,0.033213429152965546
1765156332.9770458,cf1,-0.5817750096321106,1.9321105480194092,0.9984577894210815,-0.8968258500099182,0.37430518865585327,-0.01945861428976059
1765156332.97739,cf1,-0.5817750096321106,1.9321105480194092,0.9984577894210815,-0.9055848121643066,0.35826408863067627,-0.010488352738320827
1765156332.9930995,cf2,-0.19889046251773834,1.3944625854492188,1.010719656944275,-0.37009742856025696,0.7553186416625977,0.033213429152965546
1765156332.9950407,cf2,-0.19889046251773834,1.3944625854492188,1.010719656944275,-0.38639840483665466,0.7491669654846191,0.02732209861278534
1765156332.996633,cf1,-0.6008185744285583,1.9402443170547485,0.9982991814613342,-0.9055848121643066,0.35826408863067627,-0.010488352738320827
1765156332.9973004,cf1,-0.6008185744285583,1.9402443170547485,0.9982991814613342,-0.9132614135742188,0.3421676456928253,0.0009963060729205608
1765156333.0131376,cf2,-0.20685869455337524,1.4105473756790161,1.0107429027557373,-0.38639840483665466,0.7491669654846191,0.02732209861278534
1765156333.0150902,cf2,-0.20685869455337524,1.4105473756790161,1.0107429027557373,-0.4034155309200287,0.7428473234176636,0.017276078462600708
1765156333.0170686,cf1,-0.6170991063117981,1.9469553232192993,0.9984481930732727,-0.9132614135742188,0.3421676456928253,0.0009963060729205608
1765156333.017527,cf1,-0.6170991063117981,1.9469553232192993,0.9984481930732727,-0.9086286425590515,0.3220691978931427,0.011902217753231525
1765156333.0330794,cf2,-0.2141106128692627,1.4246259927749634,1.0105489492416382,-0.4034155309200287,0.7428473234176636,0.017276078462600708
1765156333.035039,cf2,-0.2141106128692627,1.4246259927749634,1.0105489492416382,-0.41650646924972534,0.7286650538444519,0.00559217156842351
1765156333.0370688,cf1,-0.6362167596817017,1.954329013824463,0.9987866878509521,-0.9086286425590515,0.3220691978931427,0.011902217753231525
1765156333.0374026,cf1,-0.6362167596817017,1.954329013824463,0.9987866878509521,-0.9145067930221558,0.30564481019973755,0.022303268313407898
1765156333.0530512,cf2,-0.22375383973121643,1.4421334266662598,1.0101017951965332,-0.41650646924972534,0.7286650538444519,0.00559217156842351
1765156333.0549514,cf2,-0.22375383973121643,1.4421334266662598,1.0101017951965332,-0.4345081150531769,0.7213680148124695,-0.004058015998452902
1765156333.0565763,cf1,-0.6556110382080078,1.9613934755325317,0.999297559261322,-0.9145067930221558,0.30564481019973755,0.022303268313407898
1765156333.0568767,cf1,-0.6556110382080078,1.9613934755325317,0.999297559261322,-0.9200881123542786,0.2890744209289551,0.029098013415932655
1765156333.07303,cf2,-0.23142895102500916,1.455596923828125,1.0096535682678223,-0.4345081150531769,0.7213680148124695,-0.004058015998452902
1765156333.074931,cf2,-0.23142895102500916,1.455596923828125,1.0096535682678223,-0.44864192605018616,0.7089210152626038,-0.011069179512560368
1765156333.0769231,cf1,-0.6751011610031128,1.9680854082107544,0.9998894929885864,-0.9200881123542786,0.2890744209289551,0.029098013415932655
1765156333.0773854,cf1,-0.6751011610031128,1.9680854082107544,0.9998894929885864,-0.9249159693717957,0.27202221751213074,0.033215563744306564
1765156333.0930872,cf2,-0.24096544086933136,1.471366047859192,1.009110689163208,-0.44864192605018616,0.7089210152626038,-0.011069179512560368
1765156333.094949,cf2,-0.24096544086933136,1.471366047859192,1.009110689163208,-0.4627853333950043,0.6955890655517578,-0.011773038655519485
1765156333.0977454,cf1,-0.6946721076965332,1.9744060039520264,1.0004572868347168,-0.9249159693717957,0.27202221751213074,0.033215563744306564
1765156333.098113,cf1,-0.6946721076965332,1.9744060039520264,1.0004572868347168,-0.9294500946998596,0.2546060383319855,0.034309111535549164
1765156333.1130328,cf2,-0.25040146708488464,1.486223816871643,1.0087026357650757,-0.4627853333950043,0.6955890655517578,-0.011773038655519485
1765156333.1150694,cf2,-0.25040146708488464,1.486223816871643,1.0087026357650757,-0.4810536801815033,0.6896776556968689,-0.0057562896981835365
1765156333.1170573,cf1,-0.7143282294273376,1.9803606271743774,1.0008963346481323,-0.9294500946998596,0.2546060383319855,0.034309111535549164
1765156333.1174116,cf1,-0.7143282294273376,1.9803606271743774,1.0008963346481323,-0.9340742826461792,0.23694904148578644,0.029794277623295784
1765156333.1341667,cf2,-0.2607645094394684,1.501707673072815,1.008456826210022,-0.4810536801815033,0.6896776556968689,-0.0057562896981835365
1765156333.134502,cf2,-0.2607645094394684,1.501707673072815,1.008456826210022,-0.494524747133255,0.67633056640625,0.004768660292029381
1765156333.1370046,cf1,-0.7322325706481934,1.9853246212005615,1.0011333227157593,-0.9340742826461792,0.23694904148578644,0.029794277623295784
1765156333.1372182,cf1,-0.7322325706481934,1.9853246212005615,1.0011333227157593,-0.9387038350105286,0.21899671852588654,0.020953433588147163
1765156333.1522071,cf2,-0.2726359963417053,1.5181617736816406,1.0084091424942017,-0.494524747133255,0.67633056640625,0.004768660292029381
1765156333.1542037,cf2,-0.2726359963417053,1.5181617736816406,1.0084091424942017,-0.5118488073348999,0.6673150658607483,0.01979829929769039
1765156333.1566312,cf1,-0.7538870573043823,1.9911681413650513,1.0011394023895264,-0.9387038350105286,0.21899671852588654,0.020953433588147163
1765156333.1570745,cf1,-0.7538870573043823,1.9911681413650513,1.0011394023895264,-0.9433346390724182,0.20070050656795502,0.011909112334251404
1765156333.1722193,cf2,-0.2834659218788147,1.5330407619476318,1.0087486505508423,-0.5118488073348999,0.6673150658607483,0.01979829929769039
1765156333.1740284,cf2,-0.2834659218788147,1.5330407619476318,1.0087486505508423,-0.5293553471565247,0.6605362296104431,0.03338509425520897
1765156333.1772811,cf1,-0.7737985849380493,1.9960134029388428,1.000905990600586,-0.9433346390724182,0.20070050656795502,0.011909112334251404
1765156333.177646,cf1,-0.7737985849380493,1.9960134029388428,1.000905990600586,-0.9481307864189148,0.18215428292751312,0.00048380056978203356
1765156333.1922133,cf2,-0.292989581823349,1.5454751253128052,1.0091464519500732,-0.5293553471565247,0.6605362296104431,0.03338509425520897
1765156333.193938,cf2,-0.292989581823349,1.5454751253128052,1.0091464519500732,-0.5393295288085938,0.6452405452728271,0.04137485474348068
1765156333.1971374,cf1,-0.7937950491905212,2.0004756450653076,1.0004709959030151,-0.9481307864189148,0.18215428292751312,0.00048380056978203356
1765156333.197478,cf1,-0.7937950491905212,2.0004756450653076,1.0004709959030151,-0.9526410102844238,0.1633184403181076,-0.010134188458323479
1765156333.21212,cf2,-0.3068891167640686,1.5622622966766357,1.009705901145935,-0.5393295288085938,0.6452405452728271,0.04137485474348068
1765156333.213895,cf2,-0.3068891167640686,1.5622622966766357,1.009705901145935,-0.5579661726951599,0.6400349140167236,0.044210515916347504
1765156333.2170591,cf1,-0.8120082020759583,2.004072904586792,0.9999568462371826,-0.9526410102844238,0.1633184403181076,-0.010134188458323479
1765156333.2176328,cf1,-0.8120082020759583,2.004072904586792,0.9999568462371826,-0.9567219018936157,0.14415733516216278,-0.016967859119176865
1765156333.2330863,cf2,-0.31818249821662903,1.5759425163269043,1.0101022720336914,-0.5579661726951599,0.6400349140167236,0.044210515916347504
1765156333.2347624,cf2,-0.31818249821662903,1.5759425163269043,1.0101022720336914,-0.5726675391197205,0.629768431186676,0.038806937634944916
1765156333.2371113,cf1,-0.8321521282196045,2.007768392562866,0.9993652701377869,-0.9567219018936157,0.14415733516216278,-0.016967859119176865
1765156333.2374582,cf1,-0.8321521282196045,2.007768392562866,0.9993652701377869,-0.9602713584899902,0.1247163936495781,-0.019483190029859543
1765156333.253303,cf2,-0.3302692770957947,1.5897616147994995,1.0103137493133545,-0.5726675391197205,0.629768431186676,0.038806937634944916
1765156333.2548587,cf2,-0.3302692770957947,1.5897616147994995,1.0103137493133545,-0.5872885584831238,0.6210798621177673,0.0283763837069273
1765156333.2570567,cf1,-0.8523615002632141,2.0110373497009277,0.9988498687744141,-0.9602713584899902,0.1247163936495781,-0.019483190029859543
1765156333.2573912,cf1,-0.8523615002632141,2.0110373497009277,0.9988498687744141,-0.9632354974746704,0.1050429493188858,-0.016413740813732147
1765156333.273193,cf2,-0.34115248918533325,1.601887583732605,1.0102678537368774,-0.5872885584831238,0.6210798621177673,0.0283763837069273
1765156333.2751615,cf2,-0.34115248918533325,1.601887583732605,1.0102678537368774,-0.5951815247535706,0.6059421896934509,0.012512494809925556
1765156333.2767394,cf1,-0.8726263642311096,2.0138654708862305,0.9985169768333435,-0.9632354974746704,0.1050429493188858,-0.016413740813732147
1765156333.277039,cf1,-0.8726263642311096,2.0138654708862305,0.9985169768333435,-0.9617934823036194,0.08447010815143585,-0.007797783240675926
1765156333.293091,cf2,-0.3521721065044403,1.613546371459961,1.0100300312042236,-0.5951815247535706,0.6059421896934509,0.012512494809925556
1765156333.2948914,cf2,-0.3521721065044403,1.613546371459961,1.0100300312042236,-0.6072187423706055,0.5951932668685913,-0.004210866056382656
1765156333.2970889,cf1,-0.8929398655891418,2.0162460803985596,0.9984318614006042,-0.9617934823036194,0.08447010815143585,-0.007797783240675926
1765156333.2973185,cf1,-0.8929398655891418,2.0162460803985596,0.9984318614006042,-0.9675602316856384,0.06528275460004807,0.004936597775667906
1765156333.31313,cf2,-0.3677041530609131,1.6296168565750122,1.0094391107559204,-0.6072187423706055,0.5951932668685913,-0.004210866056382656
1765156333.315044,cf2,-0.3677041530609131,1.6296168565750122,1.0094391107559204,-0.6218779683113098,0.5867500901222229,-0.01765758916735649
1765156333.3166552,cf1,-0.9132916331291199,2.0181758403778076,0.9986105561256409,-0.9675602316856384,0.06528275460004807,0.004936597775667906
1765156333.3169582,cf1,-0.9132916331291199,2.0181758403778076,0.9986105561256409,-0.9651048183441162,0.0447012260556221,0.017530787736177444
1765156333.3333116,cf2,-0.37820175290107727,1.6399929523468018,1.0089491605758667,-0.6218779683113098,0.5867500901222229,-0.01765758916735649
1765156333.3350773,cf2,-0.37820175290107727,1.6399929523468018,1.0089491605758667,-0.6282322406768799,0.571188747882843,-0.024459002539515495
1765156333.3369503,cf1,-0.9336694478988647,2.0196588039398193,0.999023973941803,-0.9651048183441162,0.0447012260556221,0.017530787736177444
1765156333.3373444,cf1,-0.9336694478988647,2.0196588039398193,0.999023973941803,-0.9659859538078308,0.024739492684602737,0.029347779229283333
1765156333.353055,cf2,-0.3921035826206207,1.653307557106018,1.008347988128662,-0.6282322406768799,0.571188747882843,-0.024459002539515495
1765156333.3550518,cf2,-0.3921035826206207,1.653307557106018,1.008347988128662,-0.637115478515625,0.5577533841133118,-0.02235412411391735
1765156333.3569794,cf1,-0.9540616869926453,2.0207042694091797,0.9995872974395752,-0.9659859538078308,0.024739492684602737,0.029347779229283333
1765156333.3572457,cf1,-0.9540616869926453,2.0207042694091797,0.9995872974395752,-0.9663652181625366,0.004797682166099548,0.03710351511836052
1765156333.3743908,cf2,-0.4061313271522522,1.6664067506790161,1.0080065727233887,-0.637115478515625,0.5577533841133118,-0.02235412411391735
1765156333.3747792,cf2,-0.4061313271522522,1.6664067506790161,1.0080065727233887,-0.6474258899688721,0.545707106590271,-0.013908885419368744
1765156333.3767257,cf1,-0.9744566679000854,2.0213229656219482,1.000195026397705,-0.9663652181625366,0.004797682166099548,0.03710351511836052
1765156333.376982,cf1,-0.9744566679000854,2.0213229656219482,1.000195026397705,-0.9662325382232666,-0.015126761980354786,0.03942621499300003
1765156333.3920002,cf2,-0.42296284437179565,1.6808522939682007,1.0077881813049316,-0.6474258899688721,0.545707106590271,-0.013908885419368744
1765156333.3939447,cf2,-0.42296284437179565,1.6808522939682007,1.0077881813049316,-0.660373330116272,0.5341559052467346,0.0013846427900716662
1765156333.397031,cf1,-0.9948410987854004,2.021526336669922,1.0007323026657104,-0.9662325382232666,-0.015126761980354786,0.03942621499300003
1765156333.3974037,cf1,-0.9948410987854004,2.021526336669922,1.0007323026657104,-0.965551495552063,-0.03504535183310509,0.03633299469947815
1765156333.4121222,cf2,-0.4371629059314728,1.6927958726882935,1.0080621242523193,-0.660373330116272,0.5341559052467346,0.0013846427900716662
1765156333.4138508,cf2,-0.4371629059314728,1.6927958726882935,1.0080621242523193,-0.6716142296791077,0.5223820209503174,0.01840604655444622
1765156333.4168806,cf1,-1.0152063369750977,2.021327495574951,1.0010818243026733,-0.965551495552063,-0.03504535183310509,0.03633299469947815
1765156333.4173877,cf1,-1.0152063369750977,2.021327495574951,1.0010818243026733,-0.9644251465797424,-0.05493440851569176,0.027539769187569618
1765156333.4331586,cf2,-0.45083674788475037,1.704071283340454,1.0086339712142944,-0.6716142296791077,0.5223820209503174,0.01840604655444622
1765156333.4349842,cf2,-0.45083674788475037,1.704071283340454,1.0086339712142944,-0.6817392110824585,0.5084162354469299,0.0327058807015419
1765156333.4367034,cf1,-1.0355461835861206,2.020735263824463,1.0011637210845947,-0.9644251465797424,-0.05493440851569176,0.027539769187569618
1765156333.4371061,cf1,-1.0355461835861206,2.020735263824463,1.0011637210845947,-0.962907075881958,-0.07477379590272903,0.014404536224901676
1765156333.4531045,cf2,-0.465143620967865,1.7149463891983032,1.0092700719833374,-0.6817392110824585,0.5084162354469299,0.0327058807015419
1765156333.454933,cf2,-0.465143620967865,1.7149463891983032,1.0092700719833374,-0.68636155128479,0.49144724011421204,0.03887469321489334
1765156333.457099,cf1,-1.0558526515960693,2.0197536945343018,1.000950574874878,-0.962907075881958,-0.07477379590272903,0.014404536224901676
1765156333.4574308,cf1,-1.0558526515960693,2.0197536945343018,1.000950574874878,-0.960959792137146,-0.09456342458724976,-0.000452167761977762
1765156333.473116,cf2,-0.48071175813674927,1.7264961004257202,1.0099918842315674,-0.68636155128479,0.49144724011421204,0.03887469321489334
1765156333.4751086,cf2,-0.48071175813674927,1.7264961004257202,1.0099918842315674,-0.6979230642318726,0.4791882038116455,0.03857021406292915
1765156333.476578,cf1,-1.0761187076568604,2.0183777809143066,1.0004894733428955,-0.960959792137146,-0.09456342458724976,-0.000452167761977762
1765156333.4768016,cf1,-1.0761187076568604,2.0183777809143066,1.0004894733428955,-0.9586037397384644,-0.1142244040966034,-0.01315961591899395
1765156333.4930227,cf2,-0.49572524428367615,1.7372102737426758,1.0105433464050293,-0.6979230642318726,0.4791882038116455,0.03857021406292915
1765156333.4960022,cf2,-0.49572524428367615,1.7372102737426758,1.0105433464050293,-0.7081479430198669,0.46576735377311707,0.031111467629671097
1765156333.4968593,cf1,-1.096337914466858,2.0166027545928955,0.9999074935913086,-0.9586037397384644,-0.1142244040966034,-0.01315961591899395
1765156333.4975028,cf1,-1.096337914466858,2.0166027545928955,0.9999074935913086,-0.955877423286438,-0.13344047963619232,-0.019970199093222618
1765156333.5120835,cf2,-0.5110166072845459,1.7476774454116821,1.0108498334884644,-0.7081479430198669,0.46576735377311707,0.031111467629671097
1765156333.513858,cf2,-0.5110166072845459,1.7476774454116821,1.0108498334884644,-0.7201929688453674,0.4513777792453766,0.019632607698440552
1765156333.517022,cf1,-1.116503357887268,2.0144271850585938,0.9993215203285217,-0.955877423286438,-0.13344047963619232,-0.019970199093222618
1765156333.517527,cf1,-1.116503357887268,2.0144271850585938,0.9993215203285217,-0.9528091549873352,-0.15229129791259766,-0.02088133804500103
1765156333.5322225,cf2,-0.5261328220367432,1.7576324939727783,1.010881781578064,-0.7201929688453674,0.4513777792453766,0.019632607698440552
1765156333.5342023,cf2,-0.5261328220367432,1.7576324939727783,1.010881781578064,-0.7249258756637573,0.4350028336048126,0.005189421121031046
1765156333.535703,cf1,-1.1370689868927002,2.0117602348327637,0.9988799691200256,-0.9528091549873352,-0.15229129791259766,-0.02088133804500103
1765156333.5359924,cf1,-1.1370689868927002,2.0117602348327637,0.9988799691200256,-0.9469903707504272,-0.1712832748889923,-0.013466229662299156
1765156333.5530665,cf2,-0.5423060059547424,1.7677971124649048,1.0106756687164307,-0.7249258756637573,0.4350028336048126,0.005189421121031046
1765156333.5550692,cf2,-0.5423060059547424,1.7677971124649048,1.0106756687164307,-0.7322099804878235,0.41831016540527344,-0.00795828364789486
1765156333.5556648,cf1,-1.1566581726074219,2.008836269378662,0.9987058043479919,-0.9469903707504272,-0.1712832748889923,-0.013466229662299156
1765156333.5559616,cf1,-1.1566581726074219,2.008836269378662,0.9987058043479919,-0.9424777626991272,-0.18909400701522827,-0.0017746011726558208
1765156333.5720155,cf2,-0.5499327778816223,1.7728370428085327,1.010515570640564,-0.7322099804878235,0.41831016540527344,-0.00795828364789486
1765156333.5739849,cf2,-0.5499327778816223,1.7728370428085327,1.010515570640564,-0.7376571893692017,0.4005696177482605,-0.01580529473721981
1765156333.5755463,cf1,-1.1759679317474365,2.005556583404541,0.9987935423851013,-0.9424777626991272,-0.18909400701522827,-0.0017746011726558208
1765156333.5757198,cf1,-1.1759679317474365,2.005556583404541,0.9987935423851013,-0.9316030144691467,-0.20557525753974915,0.011738242581486702
1765156333.5951903,cf2,-0.5730193257331848,1.7859073877334595,1.0099953413009644,-0.7376571893692017,0.4005696177482605,-0.01580529473721981
1765156333.5954616,cf2,-0.5730193257331848,1.7859073877334595,1.0099953413009644,-0.7480899095535278,0.38430410623550415,-0.014923765324056149
1765156333.5956028,cf1,-1.1964104175567627,2.001633644104004,0.9990951418876648,-0.9316030144691467,-0.20557525753974915,0.011738242581486702
1765156333.5957284,cf1,-1.1964104175567627,2.001633644104004,0.9990951418876648,-0.9290142059326172,-0.22368662059307098,0.024768948554992676
1765156333.6130204,cf2,-0.581189751625061,1.7908105850219727,1.0099365711212158,-0.7480899095535278,0.38430410623550415,-0.014923765324056149
1765156333.614983,cf2,-0.581189751625061,1.7908105850219727,1.0099365711212158,-0.7519561052322388,0.36711713671684265,-0.007836787961423397
1765156333.615527,cf1,-1.2175414562225342,1.9969415664672852,0.9995331764221191,-0.9290142059326172,-0.22368662059307098,0.024768948554992676
1765156333.6157374,cf1,-1.2175414562225342,1.9969415664672852,0.9995331764221191,-0.9253088235855103,-0.24111688137054443,0.033472687005996704
1765156333.6331222,cf2,-0.597165584564209,1.79931640625,1.0098117589950562,-0.7519561052322388,0.36711713671684265,-0.007836787961423397
1765156333.6350405,cf2,-0.597165584564209,1.79931640625,1.0098117589950562,-0.7647178173065186,0.3524325489997864,0.004829464480280876
1765156333.6356077,cf1,-1.2359910011291504,1.9928617477416992,0.9999799728393555,-0.9253088235855103,-0.24111688137054443,0.033472687005996704
1765156333.6358821,cf1,-1.2359910011291504,1.9928617477416992,0.9999799728393555,-0.9215046763420105,-0.258303165435791,0.036935266107320786
1765156333.6531591,cf2,-0.6133357286453247,1.8074649572372437,1.0098752975463867,-0.7647178173065186,0.3524325489997864,0.004829464480280876
1765156333.6552982,cf2,-0.6133357286453247,1.8074649572372437,1.0098752975463867,-0.7737951278686523,0.33671024441719055,0.017176352441310883
1765156333.6556234,cf1,-1.251022219657898,1.989099144935608,1.0002425909042358,-0.9215046763420105,-0.258303165435791,0.036935266107320786
1765156333.655885,cf1,-1.251022219657898,1.989099144935608,1.0002425909042358,-0.906591534614563,-0.2719034254550934,0.03217886760830879
1765156333.6730258,cf2,-0.6296887993812561,1.8152542114257812,1.010115385055542,-0.7737951278686523,0.33671024441719055,0.017176352441310883
1765156333.6748617,cf2,-0.6296887993812561,1.8152542114257812,1.010115385055542,-0.7829160690307617,0.3209969699382782,0.028315484523773193
1765156333.675604,cf1,-1.2702642679214478,1.9840096235275269,1.0004042387008667,-0.906591534614563,-0.2719034254550934,0.03217886760830879
1765156333.6758971,cf1,-1.2702642679214478,1.9840096235275269,1.0004042387008667,-0.9030613303184509,-0.28894320130348206,0.023295095190405846
1765156333.69327,cf2,-0.6462258100509644,1.8226916790008545,1.0104539394378662,-0.7829160690307617,0.3209969699382782,0.028315484523773193
1765156333.6952133,cf2,-0.6462258100509644,1.8226916790008545,1.0104539394378662,-0.7922176122665405,0.30534839630126953,0.03344729542732239
1765156333.6956444,cf1,-1.2897711992263794,1.9784820079803467,1.0003212690353394,-0.9030613303184509,-0.28894320130348206,0.023295095190405846
1765156333.6959105,cf1,-1.2897711992263794,1.9784820079803467,1.0003212690353394,-0.8998636603355408,-0.3062693774700165,0.01162926759570837
1765156333.7131152,cf2,-0.662946879863739,1.8297878503799438,1.0107872486114502,-0.7922176122665405,0.30534839630126953,0.03344729542732239
1765156333.7151284,cf2,-0.662946879863739,1.8297878503799438,1.0107872486114502,-0.801310658454895,0.28979530930519104,0.03057187609374523
1765156333.7155979,cf1,-1.3092124462127686,1.9725968837738037,0.9999957084655762,-0.8998636603355408,-0.3062693774700165,0.01162926759570837
1765156333.7158701,cf1,-1.3092124462127686,1.9725968837738037,0.9999957084655762,-0.8965107798576355,-0.3238677382469177,0.0027911816723644733
1765156333.733199,cf2,-0.6798334121704102,1.8365522623062134,1.0110143423080444,-0.801310658454895,0.28979530930519104,0.03057187609374523
1765156333.734907,cf2,-0.6798334121704102,1.8365522623062134,1.0110143423080444,-0.8095889091491699,0.27423250675201416,0.021397357806563377
1765156333.7355196,cf1,-1.3285748958587646,1.9663439989089966,0.999488115310669,-0.8965107798576355,-0.3238677382469177,0.0027911816723644733
1765156333.7358208,cf1,-1.3285748958587646,1.9663439989089966,0.999488115310669,-0.8933891654014587,-0.3418251872062683,-0.0026333266869187355
1765156333.753202,cf2,-0.6968597173690796,1.8429899215698242,1.0110584497451782,-0.8095889091491699,0.27423250675201416,0.021397357806563377
1765156333.7553656,cf2,-0.6968597173690796,1.8429899215698242,1.0110584497451782,-0.816791832447052,0.2585223913192749,0.008484749123454094
1765156333.755714,cf1,-1.3478647470474243,1.9597059488296509,0.9988992214202881,-0.8933891654014587,-0.3418251872062683,-0.0026333266869187355
1765156333.755984,cf1,-1.3478647470474243,1.9597059488296509,0.9988992214202881,-0.8866590857505798,-0.35889896750450134,-0.004561439622193575
1765156333.7731442,cf2,-0.7140040397644043,1.8491008281707764,1.0108927488327026,-0.816791832447052,0.2585223913192749,0.008484749123454094
1765156333.7749052,cf2,-0.7140040397644043,1.8491008281707764,1.0108927488327026,-0.8228681683540344,0.24260012805461884,-0.004808203782886267
1765156333.7755353,cf1,-1.367932677268982,1.9523138999938965,0.9983013868331909,-0.8866590857505798,-0.35889896750450134,-0.004561439622193575
1765156333.7756915,cf1,-1.367932677268982,1.9523138999938965,0.9983013868331909,-0.8787717819213867,-0.377208411693573,-0.0021751795429736376
1765156333.7931259,cf2,-0.7312482595443726,1.8548790216445923,1.0105552673339844,-0.8228681683540344,0.24260012805461884,-0.004808203782886267
1765156333.7955976,cf1,-1.391855001449585,1.9427603483200073,0.9976783394813538,-0.8787717819213867,-0.377208411693573,-0.0021751795429736376
1765156333.7958,cf1,-1.391855001449585,1.9427603483200073,0.9976783394813538,-0.8856791257858276,-0.4007609784603119,0.004254050087183714
1765156333.795935,cf2,-0.7312482595443726,1.8548790216445923,1.0105552673339844,-0.8215942978858948,0.22452130913734436,-0.015829626470804214
1765156333.8120742,cf2,-0.7486193776130676,1.8603246212005615,1.0101327896118164,-0.8215942978858948,0.22452130913734436,-0.015829626470804214
1765156333.8139231,cf2,-0.7486193776130676,1.8603246212005615,1.0101327896118164,-0.8262167572975159,0.21751460433006287,-0.018689965829253197
1765156333.815667,cf1,-1.41117525100708,1.9346357583999634,0.9973865151405334,-0.8856791257858276,-0.4007609784603119,0.004254050087183714
1765156333.8158586,cf1,-1.41117525100708,1.9346357583999634,0.9973865151405334,-0.8825864195823669,-0.4199181795120239,0.011597992852330208
1765156333.831963,cf2,-0.764360785484314,1.8648368120193481,1.0097482204437256,-0.8262167572975159,0.21751460433006287,-0.018689965829253197
1765156333.834016,cf2,-0.764360785484314,1.8648368120193481,1.0097482204437256,-0.8296393752098083,0.20106525719165802,-0.019822707399725914
1765156333.835592,cf1,-1.4255826473236084,1.9284050464630127,0.9973304867744446,-0.8825864195823669,-0.4199181795120239,0.011597992852330208
1765156333.8359165,cf1,-1.4255826473236084,1.9284050464630127,0.9973304867744446,-0.8617566823959351,-0.43017277121543884,0.016425129026174545
1765156333.8521907,cf2,-0.7818028330802917,1.8695886135101318,1.0094637870788574,-0.8296393752098083,0.20106525719165802,-0.019822707399725914
1765156333.8539174,cf2,-0.7818028330802917,1.8695886135101318,1.0094637870788574,-0.8326258063316345,0.18438783288002014,-0.013261609710752964
1765156333.8558464,cf1,-1.4440819025039673,1.9198250770568848,0.9972813129425049,-0.8617566823959351,-0.43017277121543884,0.016425129026174545
1765156333.8561804,cf1,-1.4440819025039673,1.9198250770568848,0.9972813129425049,-0.8519083261489868,-0.44615742564201355,0.016798093914985657
1765156333.8720856,cf2,-0.7993085384368896,1.873968482017517,1.009368896484375,-0.8326258063316345,0.18438783288002014,-0.013261609710752964
1765156333.873966,cf2,-0.7993085384368896,1.873968482017517,1.009368896484375,-0.8354716300964355,0.16735514998435974,-0.0027207310777157545
1765156333.8756752,cf1,-1.4670767784118652,1.9083738327026367,0.9972681999206543,-0.8519083261489868,-0.44615742564201355,0.016798093914985657
1765156333.8759375,cf1,-1.4670767784118652,1.9083738327026367,0.9972681999206543,-0.8550821542739868,-0.4699174463748932,0.015817465260624886
1765156333.8920295,cf2,-0.8168769478797913,1.8779585361480713,1.0094826221466064,-0.8354716300964355,0.16735514998435974,-0.0027207310777157545
1765156333.8938332,cf2,-0.8168769478797913,1.8779585361480713,1.0094826221466064,-0.8382301330566406,0.1498139649629593,0.008642440661787987
1765156333.8968978,cf1,-1.4846875667572021,1.8992269039154053,0.9973267316818237,-0.8550821542739868,-0.4699174463748932,0.015817465260624886
1765156333.8972533,cf1,-1.4846875667572021,1.8992269039154053,0.9973267316818237,-0.8360365629196167,-0.4828466475009918,0.015844427049160004
1765156333.9120355,cf2,-0.8345028162002563,1.8815507888793945,1.0097713470458984,-0.8382301330566406,0.1498139649629593,0.008642440661787987
1765156333.913852,cf2,-0.8345028162002563,1.8815507888793945,1.0097713470458984,-0.8407815098762512,0.13188260793685913,0.01830560527741909
1765156333.9171727,cf1,-1.5027250051498413,1.889383316040039,0.9973868727684021,-0.8360365629196167,-0.4828466475009918,0.015844427049160004
1765156333.9176989,cf1,-1.5027250051498413,1.889383316040039,0.9973868727684021,-0.8230733871459961,-0.49843916296958923,0.017189688980579376
1765156333.9330506,cf2,-0.8521785736083984,1.884748101234436,1.0101662874221802,-0.8407815098762512,0.13188260793685913,0.01830560527741909
1765156333.9353364,cf2,-0.8521785736083984,1.884748101234436,1.0101662874221802,-0.8430907726287842,0.11369574069976807,0.02505381964147091
1765156333.9369361,cf1,-1.5207165479660034,1.879074215888977,0.9974513053894043,-0.8230733871459961,-0.49843916296958923,0.017189688980579376
1765156333.9374883,cf1,-1.5207165479660034,1.879074215888977,0.9974513053894043,-0.8104575872421265,-0.5143624544143677,0.014757709577679634
1765156333.9531145,cf2,-0.8699905872344971,1.887555718421936,1.01059091091156,-0.8430907726287842,0.11369574069976807,0.02505381964147091
1765156333.9550228,cf2,-0.8699905872344971,1.887555718421936,1.01059091091156,-0.8425872921943665,0.0940522849559784,0.026546230539679527
1765156333.956597,cf1,-1.5354652404785156,1.870385766029358,0.9975321888923645,-0.8104575872421265,-0.5143624544143677,0.014757709577679634
1765156333.9568455,cf1,-1.5354652404785156,1.870385766029358,0.9975321888923645,-0.7901009321212769,-0.5250946879386902,0.012652536854147911
1765156333.9731784,cf2,-0.8876519203186035,1.889957308769226,1.01094388961792,-0.8425872921943665,0.0940522849559784,0.026546230539679527
1765156333.9750051,cf2,-0.8876519203186035,1.889957308769226,1.01094388961792,-0.8441450595855713,0.07573271542787552,0.022378232330083847
1765156333.9770434,cf1,-1.5558637380599976,1.8574318885803223,0.9976429343223572,-0.7901009321212769,-0.5250946879386902,0.012652536854147911
1765156333.9773986,cf1,-1.5558637380599976,1.8574318885803223,0.9976429343223572,-0.7842535376548767,-0.5470888614654541,0.015324030071496964
1765156333.9932506,cf2,-0.9054248332977295,1.8919975757598877,1.0111480951309204,-0.8441450595855713,0.07573271542787552,0.022378232330083847
1765156333.995176,cf2,-0.9054248332977295,1.8919975757598877,1.0111480951309204,-0.8451660871505737,0.057535167783498764,0.01415648777037859
1765156333.9970312,cf1,-1.569411277770996,1.848677635192871,0.9977384209632874,-0.7842535376548767,-0.5470888614654541,0.015324030071496964
1765156333.9974248,cf1,-1.569411277770996,1.848677635192871,0.9977384209632874,-0.7627967596054077,-0.5577359199523926,0.015787450596690178
1765156334.0132263,cf2,-0.9232093095779419,1.8936711549758911,1.0111536979675293,-0.8451660871505737,0.057535167783498764,0.01415648777037859
1765156334.015096,cf2,-0.9232093095779419,1.8936711549758911,1.0111536979675293,-0.8455672860145569,0.03947127237915993,0.0037650037556886673
1765156334.0155609,cf1,-1.582523226737976,1.8399155139923096,0.9978436231613159,-0.7627967596054077,-0.5577359199523926,0.015787450596690178
1765156334.015879,cf1,-1.582523226737976,1.8399155139923096,0.9978436231613159,-0.7574513554573059,-0.5828090310096741,0.021522147580981255
1765156334.0329828,cf2,-0.9409903287887573,1.894982933998108,1.010964274406433,-0.8455672860145569,0.03947127237915993,0.0037650037556886673
1765156334.0357409,cf1,-1.6082144975662231,1.82096529006958,0.9980007410049438,-0.7574513554573059,-0.5828090310096741,0.021522147580981255
1765156334.0361083,cf1,-1.6082144975662231,1.82096529006958,0.9980007410049438,-0.748299777507782,-0.6033626794815063,0.025309855118393898
1765156334.0364153,cf2,-0.9409903287887573,1.894982933998108,1.010964274406433,-0.8454086184501648,0.0217270627617836,-0.0064896512776613235
1765156334.0520282,cf2,-0.9589301943778992,1.8959327936172485,1.0106207132339478,-0.8454086184501648,0.0217270627617836,-0.0064896512776613235
1765156334.0538208,cf2,-0.9589301943778992,1.8959327936172485,1.0106207132339478,-0.8390033841133118,0.002501842100173235,-0.014789821580052376
1765156334.0556242,cf1,-1.6237905025482178,1.809098482131958,0.9981248378753662,-0.748299777507782,-0.6033626794815063,0.025309855118393898
1765156334.055807,cf1,-1.6237905025482178,1.809098482131958,0.9981248378753662,-0.730376660823822,-0.6164987683296204,0.02721383422613144
1765156334.072148,cf2,-0.9765694737434387,1.8965187072753906,1.0102148056030273,-0.8390033841133118,0.002501842100173235,-0.014789821580052376
1765156334.0742047,cf2,-0.9765694737434387,1.8965187072753906,1.0102148056030273,-0.8353282809257507,-0.015415203757584095,-0.017372919246554375
1765156334.075576,cf1,-1.64102303981781,1.7953165769577026,0.9982095956802368,-0.730376660823822,-0.6164987683296204,0.02721383422613144
1765156334.0758374,cf1,-1.64102303981781,1.7953165769577026,0.9982095956802368,-0.7229129672050476,-0.6379544734954834,0.027905331924557686
1765156334.0921042,cf2,-0.994192361831665,1.8967519998550415,1.0098496675491333,-0.8353282809257507,-0.015415203757584095,-0.017372919246554375
1765156334.093945,cf2,-0.994192361831665,1.8967519998550415,1.0098496675491333,-0.8347070813179016,-0.0323815681040287,-0.01243634894490242
1765156334.0957344,cf1,-1.6525999307632446,1.78597891330719,0.9982120990753174,-0.7229129672050476,-0.6379544734954834,0.027905331924557686
1765156334.096033,cf1,-1.6525999307632446,1.78597891330719,0.9982120990753174,-0.6991285085678101,-0.6426817178726196,0.01954531855881214
1765156334.1130335,cf2,-1.016982078552246,1.8963507413864136,1.0095089673995972,-0.8347070813179016,-0.0323815681040287,-0.01243634894490242
1765156334.1149094,cf2,-1.016982078552246,1.8963507413864136,1.0095089673995972,-0.835641622543335,-0.050716105848550797,-0.001090467325411737
1765156334.1155949,cf1,-1.6689825057983398,1.7716338634490967,0.9980917572975159,-0.6991285085678101,-0.6426817178726196,0.01954531855881214
1765156334.1157823,cf1,-1.6689825057983398,1.7716338634490967,0.9980917572975159,-0.6894084811210632,-0.6592367887496948,0.011733109131455421
1765156334.1330805,cf2,-1.0298981666564941,1.896072506904602,1.0095404386520386,-0.835641622543335,-0.050716105848550797,-0.001090467325411737
1765156334.1349201,cf2,-1.0298981666564941,1.896072506904602,1.0095404386520386,-0.8267990350723267,-0.06710897386074066,0.010922555811703205
1765156334.1356208,cf1,-1.683963656425476,1.7586816549301147,0.9979039430618286,-0.6894084811210632,-0.6592367887496948,0.011733109131455421
1765156334.1359231,cf1,-1.683963656425476,1.7586816549301147,0.9979039430618286,-0.6797499060630798,-0.6751555800437927,0.004232659935951233
1765156334.1519718,cf2,-1.047751784324646,1.8951443433761597,1.0096262693405151,-0.8267990350723267,-0.06710897386074066,0.010922555811703205
1765156334.153967,cf2,-1.047751784324646,1.8951443433761597,1.0096262693405151,-0.8222721815109253,-0.08502325415611267,0.02088416926562786
1765156334.1556835,cf1,-1.6994259357452393,1.7444545030593872,0.9976391196250916,-0.6797499060630798,-0.6751555800437927,0.004232659935951233
1765156334.1560154,cf1,-1.6994259357452393,1.7444545030593872,0.9976391196250916,-0.6698027849197388,-0.6902385354042053,0.002623053267598152
1765156334.172287,cf2,-1.0703951120376587,1.8932992219924927,1.009819507598877,-0.8222721815109253,-0.08502325415611267,0.02088416926562786
