time,cf,px,py,pz,vx,vy,vz
1765156538.6040363,cf1,-0.00010222166747553274,0.9998907446861267,1.0071098804473877,5.6298125855391845e-05,0.0001354304258711636,-0.00698285223916173
1765156538.604289,cf2,0.0006054663681425154,-0.00043702669790945947,0.9985343217849731,0.0004253509978298098,0.0004009596013929695,0.0002803482348099351
1765156538.614075,cf1,-0.00010403931082691997,0.999891459941864,1.0062522888183594,5.6298125855391845e-05,0.0001354304258711636,-0.00698285223916173
1765156538.6148477,cf1,-0.00010403931082691997,0.999891459941864,1.0062522888183594,3.7164332752581686e-05,0.00013463593495544046,-0.044410884380340576
1765156538.6213007,cf2,0.0006247058045119047,-0.0004305826732888818,0.9985468983650208,0.0004253509978298098,0.0004009596013929695,0.0002803482348099351
1765156538.621754,cf2,0.0006247058045119047,-0.0004305826732888818,0.9985468983650208,0.00039990743971429765,0.0005079343682155013,0.000303777982480824
1765156538.6341753,cf1,-0.00010632118937792256,0.999891996383667,1.004828929901123,3.7164332752581686e-05,0.00013463593495544046,-0.044410884380340576
1765156538.6345234,cf1,-0.00010632118937792256,0.999891996383667,1.004828929901123,2.094387855322566e-05,0.00012949387019034475,-0.07450370490550995
1765156538.6413498,cf2,0.0006461353041231632,-0.0004239492118358612,0.9985615611076355,0.00039990743971429765,0.0005079343682155013,0.000303777982480824
1765156538.6417031,cf2,0.0006461353041231632,-0.0004239492118358612,0.9985615611076355,0.00038420522469095886,0.0006061304011382163,0.0003355697845108807
1765156538.6542485,cf1,-0.00010895324521698058,0.9998922348022461,1.0031367540359497,2.094387855322566e-05,0.00012949387019034475,-0.07450370490550995
1765156538.6546223,cf1,-0.00010895324521698058,0.9998922348022461,1.0031367540359497,9.920264346874319e-06,0.00012103594781365246,-0.0898224413394928
1765156538.6613762,cf2,0.0006671305163763463,-0.0004148655280005187,0.9985770583152771,0.00038420522469095886,0.0006061304011382163,0.0003355697845108807
1765156538.6617086,cf2,0.0006671305163763463,-0.0004148655280005187,0.9985770583152771,0.00036257231840863824,0.0007056034519337118,0.0003676172927953303
1765156538.67404,cf1,-0.00011183562310179695,0.9998921155929565,1.0015407800674438,9.920264346874319e-06,0.00012103594781365246,-0.0898224413394928
1765156538.6743917,cf1,-0.00011183562310179695,0.9998921155929565,1.0015407800674438,3.736964799827547e-06,0.00011018117220373824,-0.08631739020347595
1765156538.6813111,cf2,0.000687536085024476,-0.0004033625591546297,0.9985923171043396,0.00036257231840863824,0.0007056034519337118,0.0003676172927953303
1765156538.6816473,cf2,0.000687536085024476,-0.0004033625591546297,0.9985923171043396,0.00033480164711363614,0.0008033864432945848,0.00035805359948426485
1765156538.6934185,cf1,-0.00011484870628919452,0.9998915195465088,1.000366449356079,3.736964799827547e-06,0.00011018117220373824,-0.08631739020347595
1765156538.693877,cf1,-0.00011484870628919452,0.9998915195465088,1.000366449356079,2.2334070308716036e-06,9.636198228690773e-05,-0.06329013407230377
1765156538.7013166,cf2,0.0007070942083373666,-0.0003897121932823211,0.9986057877540588,0.00033480164711363614,0.0008033864432945848,0.00035805359948426485
1765156538.7017193,cf2,0.0007070942083373666,-0.0003897121932823211,0.9986057877540588,0.0002956507378257811,0.0008875083876773715,0.00028584414394572377
1765156538.7135127,cf1,-0.00011783571244450286,0.9998902678489685,0.9999035000801086,2.2334070308716036e-06,9.636198228690773e-05,-0.06329013407230377
1765156538.7139637,cf1,-0.00011783571244450286,0.9998902678489685,0.9999035000801086,4.970288955519209e-06,8.105939923552796e-05,-0.02870120108127594
1765156538.7213085,cf2,0.0007254790980368853,-0.0003745375433936715,0.9986177682876587,0.0002956507378257811,0.0008875083876773715,0.00028584414394572377
1765156538.7217205,cf2,0.0007254790980368853,-0.0003745375433936715,0.9986177682876587,0.00024568865774199367,0.0009533246047794819,0.00021641062630806118
1765156538.7332926,cf1,-0.00012060972221661359,0.9998884201049805,1.000188946723938,4.970288955519209e-06,8.105939923552796e-05,-0.02870120108127594
1765156538.7335355,cf1,-0.00012060972221661359,0.9998884201049805,1.000188946723938,1.2194331247883383e-05,6.515936547657475e-05,0.010974540375173092
1765156538.7413292,cf2,0.0007425045478157699,-0.00035819344338960946,0.9986281394958496,0.00024568865774199367,0.0009533246047794819,0.00021641062630806118
1765156538.7415924,cf2,0.0007425045478157699,-0.00035819344338960946,0.9986281394958496,0.00018644802912604064,0.0010048762196674943,0.0001468989794375375
1765156538.7533026,cf1,-0.00012297526700422168,0.9998860359191895,1.0011786222457886,1.2194331247883383e-05,6.515936547657475e-05,0.010974540375173092
1765156538.7536638,cf1,-0.00012297526700422168,0.9998860359191895,1.0011786222457886,2.3746706574456766e-05,4.909374183625914e-05,0.048240818083286285
1765156538.761377,cf2,0.0007579704979434609,-0.00034093737485818565,0.9986367225646973,0.00018644802912604064,0.0010048762196674943,0.0001468989794375375
1765156538.7616768,cf2,0.0007579704979434609,-0.00034093737485818565,0.9986367225646973,0.00011847431596834213,0.0010433956049382687,7.614605419803411e-05
1765156538.7740815,cf1,-0.00012477788550313562,0.9998831152915955,1.0026787519454956,2.3746706574456766e-05,4.909374183625914e-05,0.048240818083286285
1765156538.774407,cf1,-0.00012477788550313562,0.9998831152915955,1.0026787519454956,4.04508100473322e-05,3.186533285770565e-05,0.07646209001541138
1765156538.7812817,cf2,0.0007717481348663568,-0.0003230130532756448,0.9986433982849121,0.00011847431596834213,0.0010433956049382687,7.614605419803411e-05
1765156538.7815793,cf2,0.0007717481348663568,-0.0003230130532756448,0.9986433982849121,4.4045740651199594e-05,0.0010712288785725832,4.079363861819729e-06
1765156538.793326,cf1,-0.00012547720689326525,0.9998807311058044,1.0042816400527954,4.04508100473322e-05,3.186533285770565e-05,0.07646209001541138
1765156538.7937815,cf1,-0.00012547720689326525,0.9998807311058044,1.0042816400527954,6.149789987830445e-05,1.7190726794069633e-05,0.08856745064258575
1765156538.8022578,cf2,0.0007836332079023123,-0.00030356182833202183,0.9986481666564941,4.4045740651199594e-05,0.0010712288785725832,4.079363861819729e-06
1765156538.8026412,cf2,0.0007836332079023123,-0.00030356182833202183,0.9986481666564941,-4.347965295892209e-05,0.001089746947400272,-7.33888300601393e-05
1765156538.8133135,cf1,-0.00012620999768842012,0.9998772144317627,1.0058629512786865,6.149789987830445e-05,1.7190726794069633e-05,0.08856745064258575
1765156538.8135877,cf1,-0.00012620999768842012,0.9998772144317627,1.0058629512786865,8.249562233686447e-05,8.41860401123995e-06,0.08218787610530853
1765156538.8223157,cf2,0.0007935885805636644,-0.0002860598324332386,0.998651385307312,-4.347965295892209e-05,0.001089746947400272,-7.33888300601393e-05
1765156538.8227432,cf2,0.0007935885805636644,-0.0002860598324332386,0.998651385307312,-0.0001280722499359399,0.0010928991250693798,-0.00014455920609179884
1765156538.8334334,cf1,-0.00012635104940272868,0.9998735189437866,1.0070319175720215,8.249562233686447e-05,8.41860401123995e-06,0.08218787610530853
1765156538.8338048,cf1,-0.00012635104940272868,0.9998735189437866,1.0070319175720215,0.00010479763295734301,1.8127567500414443e-06,0.058544136583805084
1765156538.842324,cf2,0.0008015031344257295,-0.0002675202558748424,0.9986525774002075,-0.0001280722499359399,0.0010928991250693798,-0.00014455920609179884
1765156538.8426807,cf2,0.0008015031344257295,-0.0002675202558748424,0.9986525774002075,-0.00021891423966735601,0.001092444872483611,-0.00021859537810087204
1765156538.8534603,cf1,-0.0001259071723325178,0.9998698234558105,1.0074965953826904,0.00010479763295734301,1.8127567500414443e-06,0.058544136583805084
1765156538.853905,cf1,-0.0001259071723325178,0.9998698234558105,1.0074965953826904,0.00012818421237170696,6.616314180973859e-07,0.022126872092485428
1765156538.8623328,cf2,0.0008072579512372613,-0.00024901216966100037,0.998651921749115,-0.00021891423966735601,0.001092444872483611,-0.00021859537810087204
1765156538.862626,cf2,0.0008072579512372613,-0.00024901216966100037,0.998651921749115,-0.00031382718589156866,0.0010843494674190879,-0.00029345485381782055
1765156538.8740675,cf1,-0.00012465094914659858,0.9998661875724792,1.0071278810501099,0.00012818421237170696,6.616314180973859e-07,0.022126872092485428
1765156538.8744755,cf1,-0.00012465094914659858,0.9998661875724792,1.0071278810501099,0.00015236112812999636,6.339621450024424e-06,-0.022724494338035583
1765156538.882249,cf2,0.0008108208421617746,-0.0002308483381057158,0.9986493587493896,-0.00031382718589156866,0.0010843494674190879,-0.00029345485381782055
1765156538.8825035,cf2,0.0008108208421617746,-0.0002308483381057158,0.9986493587493896,-0.00041112821782007813,0.0010672016069293022,-0.0003690695157274604
1765156538.894189,cf1,-0.0001231548230862245,0.999862790107727,1.0059572458267212,0.00015236112812999636,6.339621450024424e-06,-0.022724494338035583
1765156538.8946483,cf1,-0.0001231548230862245,0.999862790107727,1.0059572458267212,0.00017511464830022305,1.6759186109993607e-05,-0.061964936554431915
1765156538.9023306,cf2,0.0008145620813593268,-0.00021917957928963006,0.9986473917961121,-0.00041112821782007813,0.0010672016069293022,-0.0003690695157274604
1765156538.9026814,cf2,0.0008145620813593268,-0.00021917957928963006,0.9986473917961121,-0.0004946568515151739,0.001017574337311089,-0.00042956374818459153
1765156538.9145215,cf1,-0.00012089989468222484,0.999859631061554,1.0042712688446045,0.00017511464830022305,1.6759186109993607e-05,-0.061964936554431915
1765156538.914916,cf1,-0.00012089989468222484,0.999859631061554,1.0042712688446045,0.00019391956448089331,3.1660209060646594e-05,-0.08787183463573456
1765156538.9222922,cf2,0.0008148481138050556,-0.0002031916956184432,0.9986421465873718,-0.0004946568515151739,0.001017574337311089,-0.00042956374818459153
1765156538.9226346,cf2,0.0008148481138050556,-0.0002031916956184432,0.9986421465873718,-0.0005917369853705168,0.00098523183260113,-0.0005027971346862614
1765156538.9344547,cf1,-0.00011814952449640259,0.9998568892478943,1.002455472946167,0.00019391956448089331,3.1660209060646594e-05,-0.08787183463573456
1765156538.9348366,cf1,-0.00011814952449640259,0.9998568892478943,1.002455472946167,0.0002075017400784418,4.960248770657927e-05,-0.09344121813774109
1765156538.9424448,cf2,0.0008121571154333651,-0.00018720013031270355,0.9986348152160645,-0.0005917369853705168,0.00098523183260113,-0.0005027971346862614
1765156538.9427433,cf2,0.0008121571154333651,-0.00018720013031270355,0.9986348152160645,-0.0006949508097022772,0.0009492936078459024,-0.0005791913135908544
1765156538.9544904,cf1,-0.00011503606219775975,0.9998546838760376,1.0009245872497559,0.0002075017400784418,4.960248770657927e-05,-0.09344121813774109
1765156538.9547486,cf1,-0.00011503606219775975,0.9998546838760376,1.0009245872497559,0.00021450212807394564,6.884511094540358e-05,-0.07817522436380386
1765156538.9624143,cf2,0.0008061469998210669,-0.0001706955663394183,0.9986249208450317,-0.0006949508097022772,0.0009492936078459024,-0.0005791913135908544
1765156538.9627247,cf2,0.0008061469998210669,-0.0001706955663394183,0.9986249208450317,-0.0007980260998010635,0.0009050454245880246,-0.000653011491522193
1765156538.9743707,cf1,-0.00011172449740115553,0.9998530745506287,1.0000096559524536,0.00021450212807394564,6.884511094540358e-05,-0.07817522436380386
1765156538.974796,cf1,-0.00011172449740115553,0.9998530745506287,1.0000096559524536,0.00021670084970537573,8.93752949195914e-05,-0.046335283666849136
1765156538.982516,cf2,0.0007983090472407639,-0.00015619695477653295,0.9986135959625244,-0.0007980260998010635,0.0009050454245880246,-0.000653011491522193
1765156538.9828727,cf2,0.0007983090472407639,-0.00015619695477653295,0.9986135959625244,-0.0008988439221866429,0.0008543948642909527,-0.0007258953992277384
1765156538.9944901,cf1,-0.0001084302639355883,0.9998522996902466,0.9998835921287537,0.00021670084970537573,8.93752949195914e-05,-0.046335283666849136
1765156538.9948602,cf1,-0.0001084302639355883,0.9998522996902466,0.9998835921287537,0.00021362405095715076,0.00011201395682292059,-0.006379353813827038
1765156539.002551,cf2,0.0007891806890256703,-0.00014416527119465172,0.9986024498939514,-0.0008988439221866429,0.0008543948642909527,-0.0007258953992277384
1765156539.0029085,cf2,0.0007891806890256703,-0.00014416527119465172,0.9986024498939514,-0.00099583447445184,0.0007982125971466303,-0.0007493995362892747
1765156539.014314,cf1,-0.00010522026423132047,0.9998522400856018,1.000537395477295,0.00021362405095715076,0.00011201395682292059,-0.006379353813827038
1765156539.0146475,cf1,-0.00010522026423132047,0.9998522400856018,1.000537395477295,0.00020663553732447326,0.00013370490341912955,0.03320802003145218
1765156539.022357,cf2,0.0007730312063358724,-0.00013023146311752498,0.9985887408256531,-0.00099583447445184,0.0007982125971466303,-0.0007493995362892747
1765156539.0226083,cf2,0.0007730312063358724,-0.00013023146311752498,0.9985887408256531,-0.0010800311574712396,0.0007398155867122114,-0.0007265756721608341
1765156539.034531,cf1,-0.0001022531432681717,0.9998529553413391,1.0018151998519897,0.00020663553732447326,0.00013370490341912955,0.03320802003145218
1765156539.0348928,cf1,-0.0001022531432681717,0.9998529553413391,1.0018151998519897,0.00019761413568630815,0.00015531195094808936,0.06503225862979889
1765156539.0422537,cf2,0.000763335672672838,-0.00012223643716424704,0.9985790252685547,-0.0010800311574712396,0.0007398155867122114,-0.0007265756721608341
1765156539.042608,cf2,0.000763335672672838,-0.00012223643716424704,0.9985790252685547,-0.0011470569297671318,0.0006766978185623884,-0.0007081151707097888
1765156539.0543537,cf1,-9.962743206415325e-05,0.9998541474342346,1.0034393072128296,0.00019761413568630815,0.00015531195094808936,0.06503225862979889
1765156539.0547523,cf1,-9.962743206415325e-05,0.9998541474342346,1.0034393072128296,0.00018415071826893836,0.00017374753952026367,0.08273656666278839
1765156539.0622864,cf2,0.0007441340712830424,-0.00011134850501548499,0.9985653758049011,-0.0011470569297671318,0.0006766978185623884,-0.0007081151707097888
1765156539.0626583,cf2,0.0007441340712830424,-0.00011134850501548499,0.9985653758049011,-0.0012007573386654258,0.0006085266941227019,-0.0006923298933543265
1765156539.0735078,cf1,-9.740910172695294e-05,0.9998558163642883,1.005103349685669,0.00018415071826893836,0.00017374753952026367,0.08273656666278839
1765156539.0739195,cf1,-9.740910172695294e-05,0.9998558163642883,1.005103349685669,0.00016491449787281454,0.0001884099474409595,0.08247487992048264
1765156539.0823028,cf2,0.0007323981844820082,-0.00010650526382960379,0.9985547065734863,-0.0012007573386654258,0.0006085266941227019,-0.0006923298933543265
1765156539.0826638,cf2,0.0007323981844820082,-0.00010650526382960379,0.9985547065734863,-0.001241485821083188,0.0005352156003937125,-0.0006790393963456154
1765156539.093334,cf1,-9.590893023414537e-05,0.999857485294342,1.0063419342041016,0.00016491449787281454,0.0001884099474409595,0.08247487992048264
1765156539.0938258,cf1,-9.590893023414537e-05,0.999857485294342,1.0063419342041016,0.0001410634140484035,0.0001981349050765857,0.06466133147478104
1765156539.1023214,cf2,0.0007156989304348826,-0.00010131326416740194,0.9985419511795044,-0.001241485821083188,0.0005352156003937125,-0.0006790393963456154
1765156539.1027515,cf2,0.0007156989304348826,-0.00010131326416740194,0.9985419511795044,-0.001271615969017148,0.00045690665137954056,-0.0006688461289741099
1765156539.1133318,cf1,-9.486664202995598e-05,0.9998594522476196,1.0069973468780518,0.0001410634140484035,0.0001981349050765857,0.06466133147478104
1765156539.1138897,cf1,-9.486664202995598e-05,0.9998594522476196,1.0069973468780518,0.00011685815115924925,0.00020340958144515753,0.03324927017092705
1765156539.1214554,cf2,0.0007067755213938653,-9.99266339931637e-05,0.9985342621803284,-0.001271615969017148,0.00045690665137954056,-0.0006688461289741099
1765156539.1218517,cf2,0.0007067755213938653,-9.99266339931637e-05,0.9985342621803284,-0.0012787887826561928,0.00040789289050735533,-0.0006646066321991384
1765156539.1334152,cf1,-9.433898230781779e-05,0.9998614192008972,1.006877064704895,0.00011685815115924925,0.00020340958144515753,0.03324927017092705
1765156539.1340463,cf1,-9.433898230781779e-05,0.9998614192008972,1.006877064704895,9.239999781129882e-05,0.00020504863641690463,-0.006113758776336908
1765156539.141261,cf2,0.0006897157290950418,-9.796379163162783e-05,0.9985212087631226,-0.0012787887826561928,0.00040789289050735533,-0.0006646066321991384
1765156539.141637,cf2,0.0006897157290950418,-9.796379163162783e-05,0.9985212087631226,-0.0012916023842990398,0.0003238950448576361,-0.0006567367818206549
1765156539.1543748,cf1,-9.43154955166392e-05,0.9998634457588196,1.0059646368026733,9.239999781129882e-05,0.00020504863641690463,-0.006113758776336908
1765156539.15479,cf1,-9.43154955166392e-05,0.9998634457588196,1.0059646368026733,6.702001701341942e-05,0.00020127765310462564,-0.04664646461606026
1765156539.1612818,cf2,0.0006722238031215966,-9.793230128707364e-05,0.9985077977180481,-0.0012916023842990398,0.0003238950448576361,-0.0006567367818206549
1765156539.1617544,cf2,0.0006722238031215966,-9.793230128707364e-05,0.9985077977180481,-0.0012965992791578174,0.00023699119628872722,-0.0006511761457659304
1765156539.173408,cf1,-9.515752753941342e-05,0.9998642802238464,1.0048635005950928,6.702001701341942e-05,0.00020127765310462564,-0.04664646461606026
1765156539.1741195,cf1,-9.515752753941342e-05,0.9998642802238464,1.0048635005950928,4.612714110407978e-05,0.00019659764075186104,-0.07590551674365997
1765156539.1813028,cf2,0.0006547861266881227,-9.99672629404813e-05,0.9984940886497498,-0.0012965992791578174,0.00023699119628872722,-0.0006511761457659304
1765156539.181655,cf2,0.0006547861266881227,-9.99672629404813e-05,0.9984940886497498,-0.0012925942428410053,0.00014842515520285815,-0.0006474328693002462
1765156539.193374,cf1,-9.534838318359107e-05,0.9998677372932434,1.002672553062439,4.612714110407978e-05,0.00019659764075186104,-0.07590551674365997
1765156539.1936731,cf1,-9.534838318359107e-05,0.9998677372932434,1.002672553062439,2.733546898525674e-05,0.00018086214549839497,-0.08465791493654251
1765156539.2012658,cf2,0.0006374798831529915,-0.00010408897651359439,0.9984800815582275,-0.0012925942428410053,0.00014842515520285815,-0.0006474328693002462
1765156539.2017517,cf2,0.0006374798831529915,-0.00010408897651359439,0.9984800815582275,-0.001271006534807384,4.9411577492719516e-05,-0.0006378936814144254
1765156539.2133813,cf1,-9.728588338475674e-05,0.9998680353164673,1.0013607740402222,2.733546898525674e-05,0.00018086214549839497,-0.08465791493654251
1765156539.213747,cf1,-9.728588338475674e-05,0.9998680353164673,1.0013607740402222,1.3853807104169391e-05,0.00016736381803639233,-0.07601432502269745
1765156539.2222514,cf2,0.0006172617431730032,-0.00011044660641346127,0.9984641671180725,-0.001271006534807384,4.9411577492719516e-05,-0.0006378936814144254
1765156539.2225513,cf2,0.0006172617431730032,-0.00011044660641346127,0.9984641671180725,-0.0012555097928270698,-4.4022312067681924e-05,-0.0006365078734233975
1765156539.2336602,cf1,-9.898549615172669e-05,0.9998689293861389,1.0003492832183838,1.3853807104169391e-05,0.00016736381803639233,-0.07601432502269745
1765156539.2340708,cf1,-9.898549615172669e-05,0.9998689293861389,1.0003492832183838,5.99916302235215e-06,0.00015184962830971926,-0.050614017993211746
1765156539.2422976,cf2,0.0006012473604641855,-0.00011924811406061053,0.9984497427940369,-0.0012555097928270698,-4.4022312067681924e-05,-0.0006365078734233975
1765156539.2426531,cf2,0.0006012473604641855,-0.00011924811406061053,0.9984497427940369,-0.0012268046848475933,-0.00013748988567385823,-0.0006350887124426663
1765156539.2532825,cf1,-0.00010028796532424167,0.9998701214790344,0.9998868703842163,5.99916302235215e-06,0.00015184962830971926,-0.050614017993211746
1765156539.2536924,cf1,-0.00010028796532424167,0.9998701214790344,0.9998868703842163,3.4396402952552307e-06,0.0001354486303171143,-0.015830514952540398
1765156539.2623773,cf2,0.0005855491617694497,-0.00013071074499748647,0.9984346032142639,-0.0012268046848475933,-0.00013748988567385823,-0.0006350887124426663
1765156539.2626305,cf2,0.0005855491617694497,-0.00013071074499748647,0.9984346032142639,-0.001194452284835279,-0.00023365442757494748,-0.0006377319805324078
1765156539.2731307,cf1,-0.000102494093880523,0.9998689889907837,1.0003976821899414,3.4396402952552307e-06,0.0001354486303171143,-0.015830514952540398
1765156539.273473,cf1,-0.000102494093880523,0.9998689889907837,1.0003976821899414,4.113850536668906e-06,0.00011788340634666383,0.019481204450130463
1765156539.2823265,cf2,0.0005713581922464073,-0.00014403481327462941,0.9984196424484253,-0.001194452284835279,-0.00023365442757494748,-0.0006377319805324078
1765156539.2826798,cf2,0.0005713581922464073,-0.00014403481327462941,0.9984196424484253,-0.0011548162437975407,-0.0003296315553598106,-0.0006391300121322274
1765156539.293465,cf1,-0.00010365747584728524,0.9998691082000732,1.001366376876831,4.113850536668906e-06,0.00011788340634666383,0.019481204450130463
1765156539.2937756,cf1,-0.00010365747584728524,0.9998691082000732,1.001366376876831,7.69642156228656e-06,9.935486741596833e-05,0.04876003414392471
1765156539.3012846,cf2,0.0005571225192397833,-0.00016073595907073468,0.9984042048454285,-0.0011548162437975407,-0.0003296315553598106,-0.0006391300121322274
1765156539.3017652,cf2,0.0005571225192397833,-0.00016073595907073468,0.9984042048454285,-0.0011064204154536128,-0.0004293691017664969,-0.0006390271591953933
1765156539.3134313,cf1,-0.00010503948578843847,0.9998676180839539,1.0027409791946411,7.69642156228656e-06,9.935486741596833e-05,0.04876003414392471
1765156539.3137183,cf1,-0.00010503948578843847,0.9998676180839539,1.0027409791946411,1.5903537132544443e-05,8.055986108956859e-05,0.06658473610877991
1765156539.3214283,cf2,0.0005454562488012016,-0.00017890252638608217,0.9983909130096436,-0.0011064204154536128,-0.0004293691017664969,-0.0006390271591953933
1765156539.321818,cf2,0.0005454562488012016,-0.00017890252638608217,0.9983909130096436,-0.0010534162865951657,-0.0005124409217387438,-0.0006133394199423492
1765156539.3332787,cf1,-0.0001060173599398695,0.9998655915260315,1.0041600465774536,1.5903537132544443e-05,8.055986108956859e-05,0.06658473610877991
1765156539.3336911,cf1,-0.0001060173599398695,0.9998655915260315,1.0041600465774536,2.904312714235857e-05,6.187843973748386e-05,0.06998217105865479
1765156539.3412583,cf2,0.0005346707766875625,-0.0001988027070183307,0.9983790516853333,-0.0010534162865951657,-0.0005124409217387438,-0.0006133394199423492
1765156539.3416593,cf2,0.0005346707766875625,-0.0001988027070183307,0.9983790516853333,-0.00099608872551471,-0.0005765309906564653,-0.00053074408788234
1765156539.353361,cf1,-0.00010647439194144681,0.9998632669448853,1.005311369895935,2.904312714235857e-05,6.187843973748386e-05,0.06998217105865479
1765156539.3537238,cf1,-0.00010647439194144681,0.9998632669448853,1.005311369895935,4.7649322368670255e-05,4.79584741697181e-05,0.05793435499072075
1765156539.3614402,cf2,0.0005253021372482181,-0.00021998283045832068,0.9983683228492737,-0.00099608872551471,-0.0005765309906564653,-0.00053074408788234
1765156539.361832,cf2,0.0005253021372482181,-0.00021998283045832068,0.9983683228492737,-0.0009340763790532947,-0.0006269506993703544,-0.0005242721526883543
1765156539.3735378,cf1,-0.00010636488877935335,0.9998607039451599,1.005924940109253,4.7649322368670255e-05,4.79584741697181e-05,0.05793435499072075
1765156539.3738978,cf1,-0.00010636488877935335,0.9998607039451599,1.005924940109253,7.063195516820997e-05,4.36342234024778e-05,0.03349561244249344
1765156539.3814325,cf2,0.0005174719262868166,-0.00024217809550464153,0.9983583092689514,-0.0009340763790532947,-0.0006269506993703544,-0.0005242721526883543
1765156539.3817236,cf2,0.0005174719262868166,-0.00024217809550464153,0.9983583092689514,-0.0008672848343849182,-0.0006649387069046497,-0.0005168869975022972
1765156539.394421,cf1,-0.00010568578727543354,0.9998580813407898,1.0058411359786987,7.063195516820997e-05,4.36342234024778e-05,0.03349561244249344
1765156539.3947358,cf1,-0.00010568578727543354,0.9998580813407898,1.0058411359786987,9.322178084403276e-05,3.614043816924095e-05,-0.0018770293099805713
1765156539.4013278,cf2,0.0005112908547744155,-0.0002651531540323049,0.9983493089675903,-0.0008672848343849182,-0.0006649387069046497,-0.0005168869975022972
1765156539.40169,cf2,0.0005112908547744155,-0.0002651531540323049,0.9983493089675903,-0.0007958206697367132,-0.000692434492520988,-0.0005054170032963157
1765156539.4132798,cf1,-0.00010554207256063819,0.9998551607131958,1.0053402185440063,9.322178084403276e-05,3.614043816924095e-05,-0.0018770293099805713
1765156539.4137626,cf1,-0.00010554207256063819,0.9998551607131958,1.0053402185440063,0.00010619306704029441,3.5026943805860355e-05,-0.02103428915143013
1765156539.4211955,cf2,0.0005086647579446435,-0.0002868208975996822,0.998342752456665,-0.0007958206697367132,-0.000692434492520988,-0.0005054170032963157
1765156539.421554,cf2,0.0005086647579446435,-0.0002868208975996822,0.998342752456665,-0.0007096686167642474,-0.0007051178254187107,-0.00048169566434808075
1765156539.4342217,cf1,-0.00010393782577011734,0.99985271692276,1.004327416419983,0.00010619306704029441,3.5026943805860355e-05,-0.02103428915143013
1765156539.4346662,cf1,-0.00010393782577011734,0.99985271692276,1.004327416419983,0.00013017833407502621,3.9933303924044594e-05,-0.05238984897732735
1765156539.4412808,cf2,0.0005042808479629457,-0.0003123049100395292,0.9983348846435547,-0.0007096686167642474,-0.0007051178254187107,-0.00048169566434808075
1765156539.441645,cf2,0.0005042808479629457,-0.0003123049100395292,0.9983348846435547,-0.0006394971860572696,-0.0007129251025617123,-0.00046875595580786467
1765156539.4542253,cf1,-0.00010159299563383684,0.9998505711555481,1.002928614616394,0.00013017833407502621,3.9933303924044594e-05,-0.05238984897732735
1765156539.454536,cf1,-0.00010159299563383684,0.9998505711555481,1.002928614616394,0.0001518502685939893,5.0708549679256976e-05,-0.0705445185303688
1765156539.4612703,cf2,0.0005047949962317944,-0.00033449812326580286,0.998330295085907,-0.0006394971860572696,-0.0007129251025617123,-0.00046875595580786467
1765156539.461739,cf2,0.0005047949962317944,-0.00033449812326580286,0.998330295085907,-0.0005496967933140695,-0.0007085605175234377,-0.00044044546666555107
1765156539.4741354,cf1,-9.842345025390387e-05,0.9998488426208496,1.0013271570205688,0.0001518502685939893,5.0708549679256976e-05,-0.0705445185303688
1765156539.474527,cf1,-9.842345025390387e-05,0.9998488426208496,1.0013271570205688,0.00016895747103262693,6.694265175610781e-05,-0.07365579158067703
1765156539.4814508,cf2,0.0005045944126322865,-0.00036003385321237147,0.9983246326446533,-0.0005496967933140695,-0.0007085605175234377,-0.00044044546666555107
1765156539.4818034,cf2,0.0005045944126322865,-0.00036003385321237147,0.9983246326446533,-0.0004731946683023125,-0.0006995159201323986,-0.0004228651523590088
1765156539.4943867,cf1,-9.53057169681415e-05,0.999847412109375,1.000173807144165,0.00016895747103262693,6.694265175610781e-05,-0.07365579158067703
1765156539.494766,cf1,-9.53057169681415e-05,0.999847412109375,1.000173807144165,0.00017995208327192813,8.259410969913006e-05,-0.06236230581998825
1765156539.5014186,cf2,0.0005079328548163176,-0.0003832813526969403,0.9983214735984802,-0.0004731946683023125,-0.0006995159201323986,-0.0004228651523590088
1765156539.5016968,cf2,0.0005079328548163176,-0.0003832813526969403,0.9983214735984802,-0.0003847938496619463,-0.000680714612826705,-0.00039391012978740036
1765156539.5143738,cf1,-9.180110646411777e-05,0.9998466372489929,0.9994683265686035,0.00017995208327192813,8.259410969913006e-05,-0.06236230581998825
1765156539.5146537,cf1,-9.180110646411777e-05,0.9998466372489929,0.9994683265686035,0.00018617650493979454,0.00010173911141464487,-0.0363927036523819
1765156539.5213504,cf2,0.0005136291729286313,-0.0004051959258504212,0.9983199238777161,-0.0003847938496619463,-0.000680714612826705,-0.00039391012978740036
1765156539.5216215,cf2,0.0005136291729286313,-0.0004051959258504212,0.9983199238777161,-0.0002928676549345255,-0.0006553516141138971,-0.000360707170329988
1765156539.534173,cf1,-8.830595470499247e-05,0.9998465776443481,0.9994212985038757,0.00018617650493979454,0.00010173911141464487,-0.0363927036523819
1765156539.5344548,cf1,-8.830595470499247e-05,0.9998465776443481,0.9994212985038757,0.00018725893460214138,0.00012185692321509123,-0.003033960936591029
1765156539.5415616,cf2,0.0005182289751246572,-0.0004239307017996907,0.9983181357383728,-0.0002928676549345255,-0.0006553516141138971,-0.000360707170329988
1765156539.5419226,cf2,0.0005182289751246572,-0.0004239307017996907,0.9983181357383728,-0.00020360475173220038,-0.0006276360363699496,-0.00033120415173470974
1765156539.554055,cf1,-8.498031093040481e-05,0.9998469948768616,1.000010371208191,0.00018725893460214138,0.00012185692321509123,-0.003033960936591029
1765156539.5542853,cf1,-8.498031093040481e-05,0.9998469948768616,1.000010371208191,0.00018433379591442645,0.00014069095777813345,0.028907805681228638
1765156539.561436,cf2,0.0005271646659821272,-0.00044597199303098023,0.9983180165290833,-0.00020360475173220038,-0.0006276360363699496,-0.00033120415173470974
1765156539.561757,cf2,0.0005271646659821272,-0.00044597199303098023,0.9983180165290833,-0.00011562001600395888,-0.0005938826943747699,-0.0003015015972778201
1765156539.574054,cf1,-8.186772902263328e-05,0.999847948551178,1.0010987520217896,0.00018433379591442645,0.00014069095777813345,0.028907805681228638
1765156539.5743237,cf1,-8.186772902263328e-05,0.999847948551178,1.0010987520217896,0.00017712230328470469,0.0001593930646777153,0.055200688540935516
1765156539.5813158,cf2,0.0005382213275879622,-0.0004672678478527814,0.9983189105987549,-0.00011562001600395888,-0.0005938826943747699,-0.0003015015972778201
1765156539.5815904,cf2,0.0005382213275879622,-0.0004672678478527814,0.9983189105987549,-3.744005152839236e-05,-0.0005471559707075357,-0.00027330173179507256
1765156539.5943298,cf1,-7.912045111879706e-05,0.9998493194580078,1.0024675130844116,0.00017712230328470469,0.0001593930646777153,0.055200688540935516
1765156539.5947523,cf1,-7.912045111879706e-05,0.9998493194580078,1.0024675130844116,0.00016547329141758382,0.0001751788513502106,0.07056634873151779
1765156539.6011992,cf2,0.0005515038501471281,-0.0004875848244410008,0.9983213543891907,-3.744005152839236e-05,-0.0005471559707075357,-0.00027330173179507256
1765156539.6015239,cf2,0.0005515038501471281,-0.0004875848244410008,0.9983213543891907,4.886512033408508e-05,-0.0005013385671190917,-0.00017423937970306724
1765156539.6139991,cf1,-7.683955482207239e-05,0.9998509287834167,1.0038267374038696,0.00016547329141758382,0.0001751788513502106,0.07056634873151779
1765156539.6144152,cf1,-7.683955482207239e-05,0.9998509287834167,1.0038267374038696,0.00014860856754239649,0.00018603021453600377,0.07140511274337769
1765156539.621318,cf2,0.0005666941870003939,-0.0005067413439974189,0.9983255863189697,4.886512033408508e-05,-0.0005013385671190917,-0.00017423937970306724
1765156539.62168,cf2,0.0005666941870003939,-0.0005067413439974189,0.9983255863189697,0.00012113544653402641,-0.0004487445403356105,-4.856127634411678e-05
1765156539.6333132,cf1,-7.503006781917065e-05,0.99985271692276,1.0048919916152954,0.00014860856754239649,0.00018603021453600377,0.07140511274337769
1765156539.6336534,cf1,-7.503006781917065e-05,0.99985271692276,1.0048919916152954,0.00012801650154870003,0.00019552954472601414,0.05686609074473381
1765156539.641307,cf2,0.0005832176539115608,-0.0005245741922408342,0.9983314275741577,0.00012113544653402641,-0.0004487445403356105,-4.856127634411678e-05
1765156539.6416512,cf2,0.0005832176539115608,-0.0005245741922408342,0.9983314275741577,0.0001860967167885974,-0.0003957118315156549,7.391568942693993e-05
1765156539.6532862,cf1,-7.374492997769266e-05,0.9998544454574585,1.0054078102111816,0.00012801650154870003,0.00019552954472601414,0.05686609074473381
1765156539.6535416,cf1,-7.374492997769266e-05,0.9998544454574585,1.0054078102111816,0.00010775341070257127,0.00019949182751588523,0.030378621071577072
1765156539.662494,cf2,0.0006007953197695315,-0.0005409583682194352,0.998338520526886,0.0001860967167885974,-0.0003957118315156549,7.391568942693993e-05
1765156539.6628451,cf2,0.0006007953197695315,-0.0005409583682194352,0.998338520526886,0.0002165672049159184,-0.00031775867682881653,0.00015896817785687745
1765156539.6734009,cf1,-7.300617289729416e-05,0.9998562335968018,1.005263090133667,0.00010775341070257127,0.00019949182751588523,0.030378621071577072
1765156539.6737657,cf1,-7.300617289729416e-05,0.9998562335968018,1.005263090133667,8.472298213746399e-05,0.00020021141972392797,-0.003215331118553877
1765156539.6824274,cf2,0.0006191066931933165,-0.0005556208197958767,0.9983466267585754,0.0002165672049159184,-0.00031775867682881653,0.00015896817785687745
1765156539.682786,cf2,0.0006191066931933165,-0.0005556208197958767,0.9983466267585754,0.00024584229686297476,-0.00024490183568559587,0.00020186640904285014
1765156539.6934123,cf1,-7.285083847818896e-05,0.9998578429222107,1.0044441223144531,8.472298213746399e-05,0.00020021141972392797,-0.003215331118553877
1765156539.693766,cf1,-7.285083847818896e-05,0.9998578429222107,1.0044441223144531,6.132799171609804e-05,0.00019648588204290718,-0.03787226602435112
1765156539.702401,cf2,0.0006379989790730178,-0.000568582967389375,0.99835604429245,0.00024584229686297476,-0.00024490183568559587,0.00020186640904285014
1765156539.7028704,cf2,0.0006379989790730178,-0.000568582967389375,0.99835604429245,0.000274913472821936,-0.0001730945223243907,0.00026418082416057587
1765156539.7134454,cf1,-7.307418127311394e-05,0.9998592734336853,1.0033758878707886,6.132799171609804e-05,0.00019648588204290718,-0.03787226602435112
1765156539.71381,cf1,-7.307418127311394e-05,0.9998592734336853,1.0033758878707886,3.746594666154124e-05,0.00018635725427884609,-0.06405032426118851
1765156539.7214396,cf2,0.0006571700214408338,-0.0005796966142952442,0.99836665391922,0.000274913472821936,-0.0001730945223243907,0.00026418082416057587
1765156539.7217271,cf2,0.0006571700214408338,-0.0005796966142952442,0.99836665391922,0.00027127761859446764,-8.502881973981857e-05,0.0002832166210282594
1765156539.7332206,cf1,-7.440867193508893e-05,0.9998599886894226,1.0017927885055542,3.746594666154124e-05,0.00018635725427884609,-0.06405032426118851
1765156539.7334836,cf1,-7.440867193508893e-05,0.9998599886894226,1.0017927885055542,1.8453109078109264e-05,0.0001746948983054608,-0.07579317688941956
1765156539.7413874,cf2,0.0006764375721104443,-0.0005888327141292393,0.9983783960342407,0.00027127761859446764,-8.502881973981857e-05,0.0002832166210282594
1765156539.7416427,cf2,0.0006764375721104443,-0.0005888327141292393,0.9983783960342407,0.0002678576565813273,6.3299030443886295e-06,0.000304671295452863
1765156539.7535655,cf1,-7.584190461784601e-05,0.9998607039451599,1.0004432201385498,1.8453109078109264e-05,0.0001746948983054608,-0.07579317688941956
1765156539.7540812,cf1,-7.584190461784601e-05,0.9998607039451599,1.0004432201385498,4.036781319882721e-06,0.0001605090219527483,-0.07189353555440903
1765156539.7613568,cf2,0.0006954712443985045,-0.0005959691479802132,0.9983911514282227,0.0002678576565813273,6.3299030443886295e-06,0.000304671295452863
1765156539.7617016,cf2,0.0006954712443985045,-0.0005959691479802132,0.9983911514282227,0.00025716848904266953,9.498377767158672e-05,0.00032979960087686777
1765156539.7732947,cf1,-7.716027175774798e-05,0.9998621940612793,0.9991533160209656,4.036781319882721e-06,0.0001605090219527483,-0.07189353555440903
1765156539.7737634,cf1,-7.716027175774798e-05,0.9998621940612793,0.9991533160209656,-5.108704044687329e-06,0.00014590124192181975,-0.05255778878927231
1765156539.7812803,cf2,0.0007139128283597529,-0.0006009453209117055,0.9984049797058105,0.00025716848904266953,9.498377767158672e-05,0.00032979960087686777
1765156539.7816217,cf2,0.0007139128283597529,-0.0006009453209117055,0.9984049797058105,0.00023759786563459784,0.0001878401672001928,0.00035735295386984944
1765156539.7933755,cf1,-7.915201422292739e-05,0.9998615384101868,0.9988999366760254,-5.108704044687329e-06,0.00014590124192181975,-0.05255778878927231
1765156539.79421,cf1,-7.915201422292739e-05,0.9998615384101868,0.9988999366760254,-1.1079810064984486e-05,0.00012612600403372198,-0.021144794300198555
1765156539.8011768,cf2,0.0007322573219425976,-0.0006038692663423717,0.9984204173088074,0.00023759786563459784,0.0001878401672001928,0.00035735295386984944
1765156539.8015163,cf2,0.0007322573219425976,-0.0006038692663423717,0.9984204173088074,0.00021176095469854772,0.00028213413315825164,0.00038825624505989254
1765156539.814228,cf1,-8.12789294286631e-05,0.9998612403869629,0.9991702437400818,-1.1079810064984486e-05,0.00012612600403372198,-0.021144794300198555
1765156539.8145623,cf1,-8.12789294286631e-05,0.9998612403869629,0.9991702437400818,-1.135884303948842e-05,0.0001075807012966834,0.014332137070596218
1765156539.8210971,cf2,0.0007491284050047398,-0.0006045115296728909,0.9984366297721863,0.00021176095469854772,0.00028213413315825164,0.00038825624505989254
1765156539.8213184,cf2,0.0007491284050047398,-0.0006045115296728909,0.9984366297721863,0.0001754270342644304,0.0003791528579313308,0.00047045235987752676
1765156539.8341115,cf1,-8.360825449926779e-05,0.9998582005500793,1.0001887083053589,-1.135884303948842e-05,0.0001075807012966834,0.014332137070596218
1765156539.8343654,cf1,-8.360825449926779e-05,0.9998582005500793,1.0001887083053589,-7.563415238109883e-06,8.62070155562833e-05,0.045228440314531326
1765156539.8412118,cf2,0.0007657741662114859,-0.0006029247306287289,0.9984548091888428,0.0001754270342644304,0.0003791528579313308,0.00047045235987752676
1765156539.8415878,cf2,0.0007657741662114859,-0.0006029247306287289,0.9984548091888428,0.00013573509932029992,0.0004771036619786173,0.0005275979056023061
1765156539.854138,cf1,-8.477782103000209e-05,0.9998570680618286,1.0016117095947266,-7.563415238109883e-06,8.62070155562833e-05,0.045228440314531326
1765156539.8545177,cf1,-8.477782103000209e-05,0.9998570680618286,1.0016117095947266,2.078983243336552e-06,6.904234760440886e-05,0.06701643764972687
1765156539.8613,cf2,0.0007812142721377313,-0.0005990484496578574,0.9984737038612366,0.00013573509932029992,0.0004771036619786173,0.0005275979056023061
1765156539.8616698,cf2,0.0007812142721377313,-0.0005990484496578574,0.9984737038612366,8.81363230291754e-05,0.0005755364545620978,0.0005532430950552225
1765156539.874037,cf1,-8.644576882943511e-05,0.9998530149459839,1.0028032064437866,2.078983243336552e-06,6.904234760440886e-05,0.06701643764972687
1765156539.8744164,cf1,-8.644576882943511e-05,0.9998530149459839,1.0028032064437866,1.2441095350368414e-05,5.352353036869317e-05,0.07382557541131973
1765156539.8813694,cf2,0.0007960525690577924,-0.0005925314035266638,0.9984936714172363,8.81363230291754e-05,0.0005755364545620978,0.0005532430950552225
1765156539.8817456,cf2,0.0007960525690577924,-0.0005925314035266638,0.9984936714172363,3.779405233217403e-05,0.000674162176437676,0.0005730504635721445
1765156539.8940375,cf1,-8.729761611903086e-05,0.9998500347137451,1.0040507316589355,1.2441095350368414e-05,5.352353036869317e-05,0.07382557541131973
1765156539.8943126,cf1,-8.729761611903086e-05,0.9998500347137451,1.0040507316589355,2.7018673790735193e-05,4.294535028748214e-05,0.06537169218063354
1765156539.9013147,cf2,0.0008091609925031662,-0.0005839384975843132,0.9985120296478271,3.779405233217403e-05,0.000674162176437676,0.0005730504635721445
1765156539.9015887,cf2,0.0008091609925031662,-0.0005839384975843132,0.9985120296478271,-1.9694687580340542e-05,0.0007628573221154511,0.0005081603303551674
1765156539.9141695,cf1,-8.758954209042713e-05,0.9998469948768616,1.0049604177474976,2.7018673790735193e-05,4.294535028748214e-05,0.06537169218063354
1765156539.9144301,cf1,-8.758954209042713e-05,0.9998469948768616,1.0049604177474976,4.6476390707539394e-05,3.778770042117685e-05,0.04353811964392662
1765156539.9213214,cf2,0.0008207710925489664,-0.000573656230699271,0.9985290169715881,-1.9694687580340542e-05,0.0007628573221154511,0.0005081603303551674
1765156539.9216888,cf2,0.0008207710925489664,-0.000573656230699271,0.9985290169715881,-8.386938134208322e-05,0.0008352065924555063,0.0004392705741338432
1765156539.9335213,cf1,-8.70520671014674e-05,0.9998449683189392,1.005271315574646,4.6476390707539394e-05,3.778770042117685e-05,0.04353811964392662
1765156539.9338634,cf1,-8.70520671014674e-05,0.9998449683189392,1.005271315574646,6.836684769950807e-05,4.2282081267330796e-05,0.010608194395899773
1765156539.941397,cf2,0.000830808246973902,-0.0005620082374662161,0.9985446929931641,-8.386938134208322e-05,0.0008352065924555063,0.0004392705741338432
1765156539.9417703,cf2,0.000830808246973902,-0.0005620082374662161,0.9985446929931641,-0.00015317606448661536,0.0008944651344791055,0.00037152881850488484
1765156539.9530754,cf1,-8.722126949578524e-05,0.9998413324356079,1.0047863721847534,6.836684769950807e-05,4.2282081267330796e-05,0.010608194395899773
1765156539.9535508,cf1,-8.722126949578524e-05,0.9998413324356079,1.0047863721847534,9.16021381272003e-05,4.635357254301198e-05,-0.028661422431468964
1765156539.961385,cf2,0.0008391363662667572,-0.0005491941701620817,0.9985588192939758,-0.00015317606448661536,0.0008944651344791055,0.00037152881850488484
1765156539.9617813,cf2,0.0008391363662667572,-0.0005491941701620817,0.9985588192939758,-0.0002278015745105222,0.0009438478737138212,0.0003036863636225462
1765156539.9733043,cf1,-8.514452201779932e-05,0.9998385906219482,1.0033258199691772,9.16021381272003e-05,4.635357254301198e-05,-0.028661422431468964
1765156539.9735994,cf1,-8.514452201779932e-05,0.9998385906219482,1.0033258199691772,0.00011383317178115249,5.244443309493363e-05,-0.059040144085884094
1765156539.9812062,cf2,0.0008455727365799248,-0.0005354807944968343,0.9985713958740234,-0.0002278015745105222,0.0009438478737138212,0.0003036863636225462
1765156539.9815197,cf2,0.0008455727365799248,-0.0005354807944968343,0.9985713958740234,-0.00030858995160087943,0.0009822043357416987,0.00023592689831275493
1765156539.9935873,cf1,-8.31834549899213e-05,0.999835729598999,1.0017651319503784,0.00011383317178115249,5.244443309493363e-05,-0.059040144085884094
1765156539.9939597,cf1,-8.31834549899213e-05,0.999835729598999,1.0017651319503784,0.0001371896214550361,6.21777871856466e-05,-0.07605300098657608
1765156540.0012603,cf2,0.0008500086842104793,-0.0005210728850215673,0.9985824823379517,-0.00030858995160087943,0.0009822043357416987,0.00023592689831275493
1765156540.001538,cf2,0.0008500086842104793,-0.0005210728850215673,0.9985824823379517,-0.00039391525206156075,0.0010116088669747114,0.00016853459237609059
1765156540.0134425,cf1,-8.044872083701193e-05,0.9998331665992737,1.0002816915512085,0.0001371896214550361,6.21777871856466e-05,-0.07605300098657608
1765156540.013747,cf1,-8.044872083701193e-05,0.9998331665992737,1.0002816915512085,0.0001579232484800741,7.47212179703638e-05,-0.07451870292425156
1765156540.021271,cf2,0.0008524057338945568,-0.0005061611882410944,0.9985920190811157,-0.00039391525206156075,0.0010116088669747114,0.00016853459237609059
1765156540.0216384,cf2,0.0008524057338945568,-0.0005061611882410944,0.9985920190811157,-0.000481591239804402,0.0010323269525542855,0.00010102567466674373
1765156540.0333319,cf1,-7.706354517722502e-05,0.9998309016227722,0.9992645382881165,0.0001579232484800741,7.47212179703638e-05,-0.07451870292425156
1765156540.0335987,cf1,-7.706354517722502e-05,0.9998309016227722,0.9992645382881165,0.00017451230087317526,8.916186925489455e-05,-0.0549321323633194
1765156540.0413048,cf2,0.0008482391713187099,-0.00048640358727425337,0.9985983967781067,-0.000481591239804402,0.0010323269525542855,0.00010102567466674373
1765156540.0416062,cf2,0.0008482391713187099,-0.00048640358727425337,0.9985983967781067,-0.000580234860535711,0.0010419620666652918,2.48304149863543e-05
1765156540.0535555,cf1,-7.31777836335823e-05,0.9998292922973633,0.9989336133003235,0.00017451230087317526,8.916186925489455e-05,-0.0549321323633194
1765156540.0538495,cf1,-7.31777836335823e-05,0.9998292922973633,0.9989336133003235,0.00018608402751851827,0.00010568240395514295,-0.02345726639032364
1765156540.0622919,cf2,0.0008533590007573366,-0.0004828991077374667,0.9986047744750977,-0.000580234860535711,0.0010419620666652918,2.48304149863543e-05
1765156540.0626326,cf2,0.0008533590007573366,-0.0004828991077374667,0.9986047744750977,-0.000675534422043711,0.0010427437955513597,-4.532934326562099e-05
1765156540.0736158,cf1,-6.902611494297162e-05,0.9998281598091125,0.9993187785148621,0.00018608402751851827,0.00010568240395514295,-0.02345726639032364
1765156540.0740252,cf1,-6.902611494297162e-05,0.9998281598091125,0.9993187785148621,0.00019232083286624402,0.00012257495836820453,0.01142798364162445
1765156540.0822861,cf2,0.0008426537970080972,-0.00045694707660004497,0.9986095428466797,-0.000675534422043711,0.0010427437955513597,-4.532934326562099e-05
1765156540.0825117,cf2,0.0008426537970080972,-0.00045694707660004497,0.9986095428466797,-0.0007711434154771268,0.0010423884959891438,-0.00011184185859747231
1765156540.0931933,cf1,-6.475286500062793e-05,0.9998276233673096,1.0003139972686768,0.00019232083286624402,0.00012257495836820453,0.01142798364162445
1765156540.0935667,cf1,-6.475286500062793e-05,0.9998276233673096,1.0003139972686768,0.00019464103388600051,0.00014006078708916903,0.04281757026910782
1765156540.1024454,cf2,0.0008362759836018085,-0.0004420589830260724,0.9986128807067871,-0.0007711434154771268,0.0010423884959891438,-0.00011184185859747231
1765156540.1027844,cf2,0.0008362759836018085,-0.0004420589830260724,0.9986128807067871,-0.0008702256018295884,0.0010345906484872103,-0.0001789242960512638
1765156540.11332,cf1,-6.055265475879423e-05,0.9998276233673096,1.001693606376648,0.00019464103388600051,0.00014006078708916903,0.04281757026910782
1765156540.1135542,cf1,-6.055265475879423e-05,0.9998276233673096,1.001693606376648,0.00019092950969934464,0.00015781483671162277,0.06398659944534302
1765156540.1223738,cf2,0.0008274333667941391,-0.00042723160004243255,0.9986147880554199,-0.0008702256018295884,0.0010345906484872103,-0.0001789242960512638
1765156540.1227105,cf2,0.0008274333667941391,-0.00042723160004243255,0.9986147880554199,-0.0009711608872748911,0.0010218939278274775,-0.000246134091867134
1765156540.1336265,cf1,-5.659041562466882e-05,0.9998281598091125,1.0031415224075317,0.00019092950969934464,0.00015781483671162277,0.06398659944534302
1765156540.1340795,cf1,-5.659041562466882e-05,0.9998281598091125,1.0031415224075317,0.00018219427147414535,0.00017549678159411997,0.07053391635417938
1765156540.1423264,cf2,0.000819866661913693,-0.0004154845082666725,0.9986171126365662,-0.0009711608872748911,0.0010218939278274775,-0.000246134091867134
1765156540.142701,cf2,0.000819866661913693,-0.0004154845082666725,0.9986171126365662,-0.001072644256055355,0.0010036480380222201,-0.0003137148160021752
1765156540.153419,cf1,-5.4612424719380215e-05,0.9998271465301514,1.0037071704864502,0.00018219427147414535,0.00017549678159411997,0.07053391635417938
1765156540.1537151,cf1,-5.4612424719380215e-05,0.9998271465301514,1.0037071704864502,0.00016853955457918346,0.00019322760635986924,0.061673086136579514
1765156540.16229,cf2,0.0008019168162718415,-0.00039834214840084314,0.9986140131950378,-0.001072644256055355,0.0010036480380222201,-0.0003137148160021752
1765156540.162626,cf2,0.0008019168162718415,-0.00039834214840084314,0.9986140131950378,-0.0011707900557667017,0.0009769469033926725,-0.0003803912259172648
1765156540.1734161,cf1,-5.062553827883676e-05,0.9998289942741394,1.0047452449798584,0.00016853955457918346,0.00019322760635986924,0.061673086136579514
1765156540.1737752,cf1,-5.062553827883676e-05,0.9998289942741394,1.0047452449798584,0.00014852553431410342,0.00019977640477009118,0.03733692318201065
1765156540.1813006,cf2,0.0007983354735188186,-0.0003948551893699914,0.9986162781715393,-0.0011707900557667017,0.0009769469033926725,-0.0003803912259172648
1765156540.1816633,cf2,0.0007983354735188186,-0.0003948551893699914,0.9986162781715393,-0.0012127455556765199,0.0009581497870385647,-0.00041041578515432775
1765156540.193543,cf1,-4.681822974816896e-05,0.9998315572738647,1.0050557851791382,0.00014852553431410342,0.00019977640477009118,0.03733692318201065
1765156540.1940062,cf1,-4.681822974816896e-05,0.9998315572738647,1.0050557851791382,0.0001307207130594179,0.00021331092284526676,0.007200290448963642
1765156540.2013366,cf2,0.0007814086857251823,-0.00038232526276260614,0.9986138343811035,-0.0012127455556765199,0.0009581497870385647,-0.00041041578515432775
1765156540.2017145,cf2,0.0007814086857251823,-0.00038232526276260614,0.9986138343811035,-0.001287077902816236,0.0009143342031165957,-0.00047505233669653535
1765156540.2132602,cf1,-4.432284913491458e-05,0.9998331069946289,1.0044106245040894,0.0001307207130594179,0.00021331092284526676,0.007200290448963642
1765156540.2136064,cf1,-4.432284913491458e-05,0.9998331069946289,1.0044106245040894,0.00010907377145485952,0.00021790755272377282,-0.026502449065446854
1765156540.221328,cf2,0.0007633099448867142,-0.00037099109613336623,0.9986104369163513,-0.001287077902816236,0.0009143342031165957,-0.00047505233669653535
1765156540.2216988,cf2,0.0007633099448867142,-0.00037099109613336623,0.9986104369163513,-0.0013443586649373174,0.000866695074364543,-0.0005369913415051997
1765156540.2336564,cf1,-4.300909859011881e-05,0.9998332262039185,1.0035241842269897,0.00010907377145485952,0.00021790755272377282,-0.026502449065446854
1765156540.234018,cf1,-4.300909859011881e-05,0.9998332262039185,1.0035241842269897,8.448348671663553e-05,0.00021091105008963495,-0.05233722925186157
1765156540.2413547,cf2,0.0007440726622007787,-0.0003608396218623966,0.9986059069633484,-0.0013443586649373174,0.000866695074364543,-0.0005369913415051997
1765156540.2417195,cf2,0.0007440726622007787,-0.0003608396218623966,0.9986059069633484,-0.001389523153193295,0.0008129931520670652,-0.0005980946589261293
1765156540.2535136,cf1,-4.10732209275011e-05,0.9998358488082886,1.001875877380371,8.448348671663553e-05,0.00021091105008963495,-0.05233722925186157
1765156540.2537384,cf1,-4.10732209275011e-05,0.9998358488082886,1.001875877380371,6.309821765171364e-05,0.00021090591326355934,-0.06642826646566391
1765156540.262325,cf2,0.0007239810656756163,-0.0003520944155752659,0.9986002445220947,-0.001389523153193295,0.0008129931520670652,-0.0005980946589261293
1765156540.2626028,cf2,0.0007239810656756163,-0.0003520944155752659,0.9986002445220947,-0.0014254472916945815,0.0007504858658649027,-0.0006589014665223658
1765156540.2733245,cf1,-4.0589977288618684e-05,0.9998360276222229,1.0009583234786987,6.309821765171364e-05,0.00021090591326355934,-0.06642826646566391
1765156540.2739,cf1,-4.0589977288618684e-05,0.9998360276222229,1.0009583234786987,3.989222022937611e-05,0.0001968616561498493,-0.061747707426548004
1765156540.2823298,cf2,0.000702263496350497,-0.00034437121939845383,0.9985930323600769,-0.0014254472916945815,0.0007504858658649027,-0.0006589014665223658
1765156540.282675,cf2,0.000702263496350497,-0.00034437121939845383,0.9985930323600769,-0.001440526801161468,0.0006758391973562539,-0.000713581102900207
1765156540.2936323,cf1,-4.040757266920991e-05,0.9998365640640259,1.0001537799835205,3.989222022937611e-05,0.0001968616561498493,-0.061747707426548004
1765156540.2940266,cf1,-4.040757266920991e-05,0.9998365640640259,1.0001537799835205,2.149836473108735e-05,0.0001840671757236123,-0.045305635780096054
1765156540.3012562,cf2,0.000681166653521359,-0.00033880144474096596,0.9985851645469666,-0.001440526801161468,0.0006758391973562539,-0.000713581102900207
1765156540.3016346,cf2,0.000681166653521359,-0.00033880144474096596,0.9985851645469666,-0.0014434921322390437,0.0006006457842886448,-0.0007647504680790007
1765156540.3135152,cf1,-4.055815588799305e-05,0.9998369812965393,0.9997619986534119,2.149836473108735e-05,0.0001840671757236123,-0.045305635780096054
1765156540.3138053,cf1,-4.055815588799305e-05,0.9998369812965393,0.9997619986534119,7.429327524732798e-06,0.0001709822245175019,-0.019344113767147064
1765156540.3212266,cf2,0.0006601409986615181,-0.0003350221668370068,0.998576283454895,-0.0014434921322390437,0.0006006457842886448,-0.0007647504680790007
1765156540.321565,cf2,0.0006601409986615181,-0.0003350221668370068,0.998576283454895,-0.0014427164569497108,0.0005243458435870707,-0.0008169047650881112
1765156540.333382,cf1,-4.088128844159655e-05,0.9998380541801453,0.9998686909675598,7.429327524732798e-06,0.0001709822245175019,-0.019344113767147064
1765156540.3338525,cf1,-4.088128844159655e-05,0.9998380541801453,0.9998686909675598,-2.8272029339859728e-06,0.00015669134154450148,0.009327635169029236
1765156540.341296,cf2,0.0006353010539896786,-0.00033178029116243124,0.998563826084137,-0.0014427164569497108,0.0005243458435870707,-0.0008169047650881112
1765156540.3416858,cf2,0.0006353010539896786,-0.00033178029116243124,0.998563826084137,-0.0014518023235723376,0.00045248985406942666,-0.0008844300755299628
1765156540.3531857,cf1,-4.164949859841727e-05,0.9998363852500916,1.000601053237915,-2.8272029339859728e-06,0.00015669134154450148,0.009327635169029236
1765156540.3534982,cf1,-4.164949859841727e-05,0.9998363852500916,1.000601053237915,-9.334991773357615e-06,0.00013957817282062024,0.034105416387319565
1765156540.3612008,cf2,0.0006176850292831659,-0.00033264848752878606,0.9985545873641968,-0.0014518023235723376,0.00045248985406942666,-0.0008844300755299628
1765156540.3614805,cf2,0.0006176850292831659,-0.00033264848752878606,0.9985545873641968,-0.0014265397330746055,0.0003656289482023567,-0.0009261053637601435
1765156540.373257,cf1,-4.225546581437811e-05,0.9998363256454468,1.001648187637329,-9.334991773357615e-06,0.00013957817282062024,0.034105416387319565
1765156540.37368,cf1,-4.225546581437811e-05,0.9998363256454468,1.001648187637329,-1.200079896079842e-05,0.000121495766506996,0.05057423561811447
1765156540.3811848,cf2,0.0005971969221718609,-0.0003344145661685616,0.998542308807373,-0.0014265397330746055,0.0003656289482023567,-0.0009261053637601435
1765156540.3814378,cf2,0.0005971969221718609,-0.0003344145661685616,0.998542308807373,-0.001406368799507618,0.00028222176479175687,-0.0009768843883648515
1765156540.3932176,cf1,-4.294683822081424e-05,0.9998345971107483,1.0027920007705688,-1.200079896079842e-05,0.000121495766506996,0.05057423561811447
1765156540.3935697,cf1,-4.294683822081424e-05,0.9998345971107483,1.0027920007705688,-9.945777492248453e-06,0.00010935827594948933,0.056652069091796875
1765156540.402451,cf2,0.0005775209283456206,-0.0003382147697266191,0.9985291361808777,-0.001406368799507618,0.00028222176479175687,-0.0009768843883648515
1765156540.402906,cf2,0.0005775209283456206,-0.0003382147697266191,0.9985291361808777,-0.0013811126118525863,0.00019409184460528195,-0.0010314127430319786
1765156540.4133556,cf1,-4.3555588490562513e-05,0.999832272529602,1.0037771463394165,-9.945777492248453e-06,0.00010935827594948933,0.056652069091796875
1765156540.4136336,cf1,-4.3555588490562513e-05,0.999832272529602,1.0037771463394165,-6.464747457357589e-06,9.118971502175555e-05,0.04988303408026695
1765156540.4223979,cf2,0.0005583454039879143,-0.0003439419961068779,0.9985147714614868,-0.0013811126118525863,0.00019409184460528195,-0.0010314127430319786
1765156540.422759,cf2,0.0005583454039879143,-0.0003439419961068779,0.9985147714614868,-0.0013549879658967257,0.00010924770322162658,-0.0010872500715777278
1765156540.4341338,cf1,-4.405971776577644e-05,0.9998283982276917,1.0042595863342285,-6.464747457357589e-06,9.118971502175555e-05,0.04988303408026695
1765156540.4345224,cf1,-4.405971776577644e-05,0.9998283982276917,1.0042595863342285,2.3542859253211645e-06,7.166511932155117e-05,0.02996755763888359
1765156540.4423437,cf2,0.0005390860605984926,-0.00035143649438396096,0.9984985589981079,-0.0013549879658967257,0.00010924770322162658,-0.0010872500715777278
1765156540.4426982,cf2,0.0005390860605984926,-0.00035143649438396096,0.9984985589981079,-0.0013192954938858747,2.440067328279838e-05,-0.001137882936745882
1765156540.4541948,cf1,-4.4223328586667776e-05,0.9998255968093872,1.0043357610702515,2.3542859253211645e-06,7.166511932155117e-05,0.02996755763888359
1765156540.4545772,cf1,-4.4223328586667776e-05,0.9998255968093872,1.0043357610702515,1.2424259693943895e-05,6.328172457870096e-05,0.004417750984430313
1765156540.462428,cf2,0.0005180278094485402,-0.0003613279841374606,0.9984785318374634,-0.0013192954938858747,2.440067328279838e-05,-0.001137882936745882
1765156540.4628012,cf2,0.0005180278094485402,-0.0003613279841374606,0.9984785318374634,-0.0012894303072243929,-5.818640784127638e-05,-0.0012042413000017405
1765156540.474148,cf1,-4.421987250680104e-05,0.9998231530189514,1.004089593887329,1.2424259693943895e-05,6.328172457870096e-05,0.004417750984430313
1765156540.4745553,cf1,-4.421987250680104e-05,0.9998231530189514,1.004089593887329,2.5032850317074917e-05,6.000315261189826e-05,-0.022743437439203262
1765156540.4824202,cf2,0.0005038283998146653,-0.00037353759398683906,0.9984625577926636,-0.0012894303072243929,-5.818640784127638e-05,-0.0012042413000017405
1765156540.483121,cf2,0.0005038283998146653,-0.00037353759398683906,0.9984625577926636,-0.0012323791161179543,-0.00014908015145920217,-0.001236896263435483
1765156540.4940407,cf1,-4.352055111667141e-05,0.9998207688331604,1.0029970407485962,2.5032850317074917e-05,6.000315261189826e-05,-0.022743437439203262
1765156540.4943862,cf1,-4.352055111667141e-05,0.9998207688331604,1.0029970407485962,3.932326944777742e-05,6.055035919416696e-05,-0.04396240785717964
1765156540.502306,cf2,0.0004889899864792824,-0.00038779337774030864,0.9984457492828369,-0.0012323791161179543,-0.00014908015145920217,-0.001236896263435483
1765156540.502905,cf2,0.0004889899864792824,-0.00038779337774030864,0.9984457492828369,-0.0011823723325505853,-0.00023493479238823056,-0.0011805202811956406
1765156540.5141869,cf1,-4.2594969272613525e-05,0.9998177886009216,1.0018633604049683,3.932326944777742e-05,6.055035919416696e-05,-0.04396240785717964
1765156540.5146086,cf1,-4.2594969272613525e-05,0.9998177886009216,1.0018633604049683,5.490478724823333e-05,6.607789691770449e-05,-0.05484503135085106
1765156540.522305,cf2,0.0004739639989566058,-0.0004039668710902333,0.9984297752380371,-0.0011823723325505853,-0.00023493479238823056,-0.0011805202811956406
1765156540.5226455,cf2,0.0004739639989566058,-0.0004039668710902333,0.9984297752380371,-0.0011253789998590946,-0.00030218224856071174,-0.001037612440995872
1765156540.534036,cf1,-4.112005262868479e-05,0.999815046787262,1.000781536102295,5.490478724823333e-05,6.607789691770449e-05,-0.05484503135085106
1765156540.5343661,cf1,-4.112005262868479e-05,0.999815046787262,1.000781536102295,7.075813482515514e-05,7.999776426004246e-05,-0.053811993449926376
1765156540.5413046,cf2,0.0004540282243397087,-0.0004200073017273098,0.9984109997749329,-0.0011253789998590946,-0.00030218224856071174,-0.001037612440995872
1765156540.5416133,cf2,0.0004540282243397087,-0.0004200073017273098,0.9984109997749329,-0.001068642595782876,-0.0003519007586874068,-0.0009031467488966882
1765156540.554142,cf1,-3.8978876546025276e-05,0.9998125433921814,1.0000144243240356,7.075813482515514e-05,7.999776426004246e-05,-0.053811993449926376
1765156540.5545077,cf1,-3.8978876546025276e-05,0.9998125433921814,1.0000144243240356,8.952461212174967e-05,8.702404738869518e-05,-0.03895677998661995
1765156540.5613253,cf2,0.00044970615999773145,-0.00043969202670268714,0.9984061121940613,-0.001068642595782876,-0.0003519007586874068,-0.0009031467488966882
1765156540.5615652,cf2,0.00044970615999773145,-0.00043969202670268714,0.9984061121940613,-0.0009890299988910556,-0.0003895270056091249,-0.0007575982599519193
1765156540.574102,cf1,-3.613253647927195e-05,0.9998104572296143,0.9997184872627258,8.952461212174967e-05,8.702404738869518e-05,-0.03895677998661995
1765156540.5743678,cf1,-3.613253647927195e-05,0.9998104572296143,0.9997184872627258,0.00010644736903486773,0.000101055258710403,-0.017001217231154442
1765156540.5812867,cf2,0.00043803072185255587,-0.00045970294740982354,0.9983960390090942,-0.0009890299988910556,-0.0003895270056091249,-0.0007575982599519193
1765156540.5816529,cf2,0.00043803072185255587,-0.00045970294740982354,0.9983960390090942,-0.0009261640952900052,-0.0004119083459954709,-0.0006387203466147184
1765156540.5941987,cf1,-3.274624759797007e-05,0.9998089075088501,0.9999133348464966,0.00010644736903486773,0.000101055258710403,-0.017001217231154442
1765156540.5945973,cf1,-3.274624759797007e-05,0.9998089075088501,0.9999133348464966,0.0001191575574921444,0.00012188174150651321,0.006417599506676197
1765156540.6011853,cf2,0.0004326195048633963,-0.00047813833225518465,0.9983910918235779,-0.0009261640952900052,-0.0004119083459954709,-0.0006387203466147184
1765156540.601541,cf2,0.0004326195048633963,-0.00047813833225518465,0.9983910918235779,-0.0008383210515603423,-0.0004241334681864828,-0.0005049454630352557
1765156540.614257,cf1,-2.8884642233606428e-05,0.9998078346252441,1.000522494316101,0.0001191575574921444,0.00012188174150651321,0.006417599506676197
1765156540.6146755,cf1,-2.8884642233606428e-05,0.9998078346252441,1.000522494316101,0.000131384062115103,0.00013871415285393596,0.027647346258163452
1765156540.6211095,cf2,0.00041929938015528023,-0.0004976103664375842,0.9983830451965332,-0.0008383210515603423,-0.0004241334681864828,-0.0005049454630352557
1765156540.6213179,cf2,0.00041929938015528023,-0.0004976103664375842,0.9983830451965332,-0.0007474065059795976,-0.00041654182132333517,-0.00036107515916228294
1765156540.6342309,cf1,-2.4709335775696672e-05,0.9998072385787964,1.00140380859375,0.000131384062115103,0.00013871415285393596,0.027647346258163452
1765156540.634493,cf1,-2.4709335775696672e-05,0.9998072385787964,1.00140380859375,0.0001400800101691857,0.0001556742936372757,0.04215990751981735
1765156540.6413047,cf2,0.0004176025395281613,-0.000516266212798655,0.9983824491500854,-0.0007474065059795976,-0.00041654182132333517,-0.00036107515916228294
1765156540.6415997,cf2,0.0004176025395281613,-0.000516266212798655,0.9983824491500854,-0.0006818248657509685,-0.0003976954030804336,-0.00025060336338356137
1765156540.6541436,cf1,-2.042872984020505e-05,0.9998071193695068,1.0023443698883057,0.0001400800101691857,0.0001556742936372757,0.04215990751981735
1765156540.6544259,cf1,-2.042872984020505e-05,0.9998071193695068,1.0023443698883057,0.00014280625327955931,0.00017268281953874975,0.046547435224056244
1765156540.661336,cf2,0.00041636292007751763,-0.0005354721215553582,0.998383104801178,-0.0006818248657509685,-0.0003976954030804336,-0.00025060336338356137
1765156540.661684,cf2,0.00041636292007751763,-0.0005354721215553582,0.998383104801178,-0.0005969214835204184,-0.00038043930544517934,-0.0001340411981800571
1765156540.674121,cf1,-1.6218740711337887e-05,0.9998074173927307,1.0031217336654663,0.00014280625327955931,0.00017268281953874975,0.046547435224056244
1765156540.6744819,cf1,-1.6218740711337887e-05,0.9998074173927307,1.0031217336654663,0.00014021706010680646,0.00018881147843785584,0.04017883539199829
1765156540.6812112,cf2,0.0004171532636974007,-0.0005542341968975961,0.9983859062194824,-0.0005969214835204184,-0.00038043930544517934,-0.0001340411981800571
1765156540.681418,cf2,0.0004171532636974007,-0.0005542341968975961,0.9983859062194824,-0.0005101059214212,-0.0003544290957506746,-1.9242128473706543e-05
1765156540.6939983,cf1,-1.2162980056018569e-05,0.9998078942298889,1.003555178642273,0.00014021706010680646,0.00018881147843785584,0.04017883539199829
1765156540.6943018,cf1,-1.2162980056018569e-05,0.9998078942298889,1.003555178642273,0.0001327334757661447,0.00020044670964125544,0.024546507745981216
1765156540.7012846,cf2,0.0004201581177767366,-0.0005721831694245338,0.998390793800354,-0.0005101059214212,-0.0003544290957506746,-1.9242128473706543e-05
1765156540.7016094,cf2,0.0004201581177767366,-0.0005721831694245338,0.998390793800354,-0.00040169627754949033,-0.0003318062226753682,9.814914665184915e-05
1765156540.7140212,cf1,-8.315714694617782e-06,0.9998085498809814,1.0035336017608643,0.0001327334757661447,0.00020044670964125544,0.024546507745981216
1765156540.714414,cf1,-8.315714694617782e-06,0.9998085498809814,1.0035336017608643,0.00012226209219079465,0.0002098897093674168,0.002925235778093338
1765156540.7222638,cf2,0.0004251363279763609,-0.0005898111849091947,0.9983971118927002,-0.00040169627754949033,-0.0003318062226753682,9.814914665184915e-05
1765156540.7226524,cf2,0.0004251363279763609,-0.0005898111849091947,0.9983971118927002,-0.00032946921419352293,-0.00027688354020938277,0.00014652505342382938
1765156540.7340925,cf1,-4.745806563732913e-06,0.9998092651367188,1.0030415058135986,0.00012226209219079465,0.0002098897093674168,0.002925235778093338
1765156540.734522,cf1,-4.745806563732913e-06,0.9998092651367188,1.0030415058135986,0.00010741739242803305,0.0002144292666343972,-0.020187225192785263
1765156540.74232,cf2,0.00043294273200444877,-0.0006057324353605509,0.9984033703804016,-0.00032946921419352293,-0.00027688354020938277,0.00014652505342382938
1765156540.7426782,cf2,0.00043294273200444877,-0.0006057324353605509,0.9984033703804016,-0.0002436651411699131,-0.0002285284863319248,0.00015754246851429343
1765156540.7540798,cf1,-1.598085873411037e-06,0.999809980392456,1.0021982192993164,0.00010741739242803305,0.0002144292666343972,-0.020187225192785263
1765156540.754423,cf1,-1.598085873411037e-06,0.999809980392456,1.0021982192993164,8.920911932364106e-05,0.00021560622553806752,-0.03829362988471985
1765156540.7623582,cf2,0.00044218706898391247,-0.0006207467522472143,0.9984106421470642,-0.0002436651411699131,-0.0002285284863319248,0.00015754246851429343
1765156540.7627099,cf2,0.00044218706898391247,-0.0006207467522472143,0.9984106421470642,-0.00015221297508105636,-0.00018455226381774992,0.00017707714869175106
1765156540.7741578,cf1,1.0898477285081754e-06,0.9998105764389038,1.0012248754501343,8.920911932364106e-05,0.00021560622553806752,-0.03829362988471985
1765156540.7745285,cf1,1.0898477285081754e-06,0.9998105764389038,1.0012248754501343,7.006162195466459e-05,0.00021231816208455712,-0.04665537551045418
1765156540.782376,cf2,0.0004529171565081924,-0.000634429045021534,0.9984186291694641,-0.00015221297508105636,-0.00018455226381774992,0.00017707714869175106
1765156540.7827427,cf2,0.0004529171565081924,-0.000634429045021534,0.9984186291694641,-0.0001049874845193699,-0.00011033400369342417,0.00018994761921931058
1765156540.7940614,cf1,3.234862560930196e-06,0.9998108744621277,1.0003595352172852,7.006162195466459e-05,0.00021231816208455712,-0.04665537551045418
1765156540.794414,cf1,3.234862560930196e-06,0.9998108744621277,1.0003595352172852,4.9815982492873445e-05,0.00020608733757399023,-0.04373979568481445
1765156540.801089,cf2,0.00046537979505956173,-0.0006458877469412982,0.9984250068664551,-0.0001049874845193699,-0.00011033400369342417,0.00018994761921931058
1765156540.8014643,cf2,0.00046537979505956173,-0.0006458877469412982,0.9984250068664551,-4.95193489769008e-05,-9.470303484704345e-05,0.00020645630138460547
1765156540.8140352,cf1,4.722579433291685e-06,0.9998108744621277,0.9997951984405518,4.9815982492873445e-05,0.00020608733757399023,-0.04373979568481445
1765156540.814386,cf1,4.722579433291685e-06,0.9998108744621277,0.9997951984405518,2.855058482964523e-05,0.00019629960297606885,-0.031175682321190834
1765156540.8211913,cf2,0.0004780784365721047,-0.0006572019774466753,0.9984340667724609,-4.95193489769008e-05,-9.470303484704345e-05,0.00020645630138460547
1765156540.8215487,cf2,0.0004780784365721047,-0.0006572019774466753,0.9984340667724609,6.9674133555963635e-06,-1.8969409211422317e-05,0.00022534026356879622
1765156540.8340018,cf1,5.449833679449512e-06,0.9998102784156799,0.9996746182441711,2.855058482964523e-05,0.00019629960297606885,-0.031175682321190834
1765156540.8343427,cf1,5.449833679449512e-06,0.9998102784156799,0.9996746182441711,6.7340515670366585e-06,0.00018229660054203123,-0.012013930827379227
1765156540.8411837,cf2,0.0004915623576380312,-0.0006665877299383283,0.9984435439109802,6.9674133555963635e-06,-1.8969409211422317e-05,0.00022534026356879622
1765156540.84154,cf2,0.0004915623576380312,-0.0006665877299383283,0.9984435439109802,5.223266634857282e-05,6.022496017976664e-05,0.0002432508481433615
1765156540.8542206,cf1,5.585443886957364e-06,0.9998086094856262,0.9998940229415894,6.7340515670366585e-06,0.00018229660054203123,-0.012013930827379227
1765156540.8546126,cf1,5.585443886957364e-06,0.9998086094856262,0.9998940229415894,-1.3623662198369857e-05,0.00016249115287791938,0.00836655218154192
1765156540.8611557,cf2,0.0005060089752078056,-0.0006742516416125,0.998453676700592,5.223266634857282e-05,6.022496017976664e-05,0.0002432508481433615
1765156540.8613794,cf2,0.0005060089752078056,-0.0006742516416125,0.998453676700592,9.360523108625785e-05,0.00014283844211604446,0.0002633010153658688
1765156540.8740196,cf1,5.1170723054383416e-06,0.9998078942298889,1.000472068786621,-1.3623662198369857e-05,0.00016249115287791938,0.00836655218154192
1765156540.8742774,cf1,5.1170723054383416e-06,0.9998078942298889,1.000472068786621,-3.031075539183803e-05,0.0001510533329565078,0.02534298598766327
1765156540.881316,cf2,0.0005212216638028622,-0.0006800231640227139,0.9984643459320068,9.360523108625785e-05,0.00014283844211604446,0.0002633010153658688
1765156540.8816364,cf2,0.0005212216638028622,-0.0006800231640227139,0.9984643459320068,0.00012836982205044478,0.0002296162856509909,0.00028458083397708833
1765156540.8941274,cf1,4.322640052123461e-06,0.9998061656951904,1.0012584924697876,-3.031075539183803e-05,0.0001510533329565078,0.02534298598766327
1765156540.8945293,cf1,4.322640052123461e-06,0.9998061656951904,1.0012584924697876,-4.246834578225389e-05,0.00013653050700668246,0.03602740168571472
1765156540.901227,cf2,0.0005376167828217149,-0.0006839449633844197,0.9984760880470276,0.00012836982205044478,0.0002296162856509909,0.00028458083397708833
1765156540.9015572,cf2,0.0005376167828217149,-0.0006839449633844197,0.9984760880470276,0.00015816549421288073,0.00031867195502854884,0.0003072704130318016
1765156540.913589,cf1,3.961378752137534e-06,0.9998034834861755,1.0015891790390015,-4.246834578225389e-05,0.00013653050700668246,0.03602740168571472
1765156540.9139266,cf1,3.961378752137534e-06,0.9998034834861755,1.0015891790390015,-4.616365549736656e-05,0.00011760894994949922,0.037913840264081955
1765156540.9223223,cf2,0.0005535747623071074,-0.0006856115069240332,0.9984877705574036,0.00015816549421288073,0.00031867195502854884,0.0003072704130318016
1765156540.9226685,cf2,0.0005535747623071074,-0.0006856115069240332,0.9984877705574036,0.00018034277309197932,0.0004124959814362228,0.0003279625379946083
1765156540.9332862,cf1,3.1723245683679124e-06,0.999800443649292,1.0021657943725586,-4.616365549736656e-05,0.00011760894994949922,0.037913840264081955
1765156540.933635,cf1,3.1723245683679124e-06,0.999800443649292,1.0021657943725586,-5.032730405218899e-05,9.979834430851042e-05,0.03428730368614197
1765156540.94238,cf2,0.0005700396723113954,-0.0006851549842394888,0.9985002279281616,0.00018034277309197932,0.0004124959814362228,0.0003279625379946083
1765156540.9428523,cf2,0.0005700396723113954,-0.0006851549842394888,0.9985002279281616,0.0001970510056708008,0.0005116966785863042,0.00035043072421103716
1765156540.953497,cf1,2.2062872631067876e-06,0.9997977018356323,1.0026741027832031,-5.032730405218899e-05,9.979834430851042e-05,0.03428730368614197
1765156540.9538462,cf1,2.2062872631067876e-06,0.9997977018356323,1.0026741027832031,-5.0149097660323605e-05,9.055172995431349e-05,0.023563016206026077
1765156540.962344,cf2,0.0005867311265319586,-0.0006825192249380052,0.9985134601593018,0.0001970510056708008,0.0005116966785863042,0.00035043072421103716
1765156540.9627187,cf2,0.0005867311265319586,-0.0006825192249380052,0.9985134601593018,0.00020917174697387964,0.0006109995301812887,0.00037437857827171683
1765156540.9733198,cf1,1.6134237057485734e-06,0.9997942447662354,1.0027421712875366,-5.0149097660323605e-05,9.055172995431349e-05,0.023563016206026077
1765156540.9736884,cf1,1.6134237057485734e-06,0.9997942447662354,1.0027421712875366,-4.4378168240655214e-05,7.993922190507874e-05,0.006809584330767393
1765156540.9812744,cf2,0.0006035084370523691,-0.0006774103967472911,0.9985272884368896,0.00020917174697387964,0.0006109995301812887,0.00037437857827171683
1765156540.9816287,cf2,0.0006035084370523691,-0.0006774103967472911,0.9985272884368896,0.00021481570729520172,0.0007154485792852938,0.00039793591713532805
1765156540.9935799,cf1,9.927313158186735e-07,0.9997910857200623,1.002487301826477,-4.4378168240655214e-05,7.993922190507874e-05,0.006809584330767393
1765156540.993914,cf1,9.927313158186735e-07,0.9997910857200623,1.002487301826477,-3.7568235711660236e-05,7.721473957644776e-05,-0.01201504934579134
1765156541.001178,cf2,0.0006200582138262689,-0.0006702497485093772,0.9985414147377014,0.00021481570729520172,0.0007154485792852938,0.00039793591713532805
1765156541.0014372,cf2,0.0006200582138262689,-0.0006702497485093772,0.9985414147377014,0.0002163411700166762,0.0008182173478417099,0.00042143071186728776
1765156541.0135732,cf1,7.502586072405393e-07,0.9997877478599548,1.0018681287765503,-3.7568235711660236e-05,7.721473957644776e-05,-0.01201504934579134
1765156541.013928,cf1,7.502586072405393e-07,0.9997877478599548,1.0018681287765503,-2.6920195523416623e-05,7.589034066768363e-05,-0.029686182737350464
1765156541.0211937,cf2,0.0006368069443851709,-0.0006602259236387908,0.9985564351081848,0.0002163411700166762,0.0008182173478417099,0.00042143071186728776
1765156541.021513,cf2,0.0006368069443851709,-0.0006602259236387908,0.9985564351081848,0.00021296025079209358,0.0009237563353963196,0.0004458234179764986
1765156541.0332417,cf1,8.694494795236096e-07,0.9997844099998474,1.0010217428207397,-2.6920195523416623e-05,7.589034066768363e-05,-0.029686182737350464
1765156541.0335367,cf1,8.694494795236096e-07,0.9997844099998474,1.0010217428207397,-1.4010562153998762e-05,7.852636917959899e-05,-0.04209347814321518
1765156541.0413036,cf2,0.0006529189413413405,-0.0006478055729530752,0.9985707998275757,0.00021296025079209358,0.0009237563353963196,0.0004458234179764986
1765156541.0416498,cf2,0.0006529189413413405,-0.0006478055729530752,0.9985707998275757,0.0002017736987909302,0.0010270330822095275,0.00043588379048742354
1765156541.0540779,cf1,1.4393364153875154e-06,0.99978107213974,1.0002456903457642,-1.4010562153998762e-05,7.852636917959899e-05,-0.04209347814321518
1765156541.0545282,cf1,1.4393364153875154e-06,0.99978107213974,1.0002456903457642,6.999812853791809e-07,8.360575884580612e-05,-0.044980425387620926
1765156541.061191,cf2,0.000668284366838634,-0.0006332825287245214,0.9985838532447815,0.0002017736987909302,0.0010270330822095275,0.00043588379048742354
1765156541.061522,cf2,0.000668284366838634,-0.0006332825287245214,0.9985838532447815,0.00017925293650478125,0.0011177579872310162,0.00035744940396398306
1765156541.0742643,cf1,2.468791308274376e-06,0.9997783899307251,0.9993774890899658,6.999812853791809e-07,8.360575884580612e-05,-0.044980425387620926
1765156541.074657,cf1,2.468791308274376e-06,0.9997783899307251,0.9993774890899658,1.6368763681384735e-05,9.591731941327453e-05,-0.03960409387946129
1765156541.0822892,cf2,0.000682759506162256,-0.0006168832187540829,0.9985955953598022,0.00017925293650478125,0.0011177579872310162,0.00035744940396398306
1765156541.0826986,cf2,0.000682759506162256,-0.0006168832187540829,0.9985955953598022,0.00014104614092502743,0.0011892546899616718,0.00027686572866514325
1765156541.0940027,cf1,4.042790806124685e-06,0.9997758865356445,0.9989100694656372,1.6368763681384735e-05,9.591731941327453e-05,-0.03960409387946129
1765156541.094372,cf1,4.042790806124685e-06,0.9997758865356445,0.9989100694656372,3.1985266105039045e-05,0.000109948254248593,-0.025684360414743423
1765156541.1023586,cf2,0.0006960270111449063,-0.0005997788393869996,0.9986054301261902,0.00014104614092502743,0.0011892546899616718,0.00027686572866514325
1765156541.1027102,cf2,0.0006960270111449063,-0.0005997788393869996,0.9986054301261902,9.602357749827206e-05,0.0012430109782144427,0.00020157374092377722
1765156541.1142435,cf1,6.137909622339066e-06,0.9997738599777222,0.9988284111022949,3.1985266105039045e-05,0.000109948254248593,-0.025684360414743423
1765156541.1145968,cf1,6.137909622339066e-06,0.9997738599777222,0.9988284111022949,4.718402124126442e-05,0.00012674261233769357,-0.006647361442446709
1765156541.122261,cf2,0.0007079315837472677,-0.0005814306205138564,0.9986135363578796,9.602357749827206e-05,0.0012430109782144427,0.00020157374092377722
1765156541.122485,cf2,0.0007079315837472677,-0.0005814306205138564,0.9986135363578796,3.9657865272602066e-05,0.001284974510781467,0.00012590023106895387
1765156541.1331162,cf1,8.719273864699062e-06,0.9997723698616028,0.9991347193717957,4.718402124126442e-05,0.00012674261233769357,-0.006647361442446709
1765156541.1338263,cf1,8.719273864699062e-06,0.9997723698616028,0.9991347193717957,5.8260138757759705e-05,0.00014636031119152904,0.013048856519162655
1765156541.1424694,cf2,0.0007183038396760821,-0.0005623109173029661,0.9986198544502258,3.9657865272602066e-05,0.001284974510781467,0.00012590023106895387
1765156541.1429293,cf2,0.0007183038396760821,-0.0005623109173029661,0.9986198544502258,-2.4070659492281266e-05,0.00131594471167773,4.96165084769018e-05
1765156541.1535802,cf1,1.1487240954011213e-05,0.9997714757919312,0.9997613430023193,5.8260138757759705e-05,0.00014636031119152904,0.013048856519162655
1765156541.1539402,cf1,1.1487240954011213e-05,0.9997714757919312,0.9997613430023193,6.63303435430862e-05,0.0001659935514908284,0.03095807507634163
1765156541.1612587,cf2,0.0007269769557751715,-0.0005426285788416862,0.9986243844032288,-2.4070659492281266e-05,0.00131594471167773,4.96165084769018e-05
1765156541.161602,cf2,0.0007269769557751715,-0.0005426285788416862,0.9986243844032288,-9.83416975941509e-05,0.001332682790234685,-3.0584458727389574e-05
1765156541.1732113,cf1,1.442437496734783e-05,0.9997713565826416,1.0006166696548462,6.63303435430862e-05,0.0001659935514908284,0.03095807507634163
1765156541.1735785,cf1,1.442437496734783e-05,0.9997713565826416,1.0006166696548462,7.009134424151853e-05,0.00018800121324602515,0.04266825690865517
1765156541.1812315,cf2,0.0007338224095292389,-0.0005228196387179196,0.9986271858215332,-9.83416975941509e-05,0.001332682790234685,-3.0584458727389574e-05
1765156541.1815748,cf2,0.0007338224095292389,-0.0005228196387179196,0.9986271858215332,-0.00017547864990774542,0.0013423013733699918,-0.00010703819862101227
1765156541.1932375,cf1,1.7309244867647067e-05,0.9997718334197998,1.0015136003494263,7.009134424151853e-05,0.00018800121324602515,0.04266825690865517
1765156541.1937137,cf1,1.7309244867647067e-05,0.9997718334197998,1.0015136003494263,6.964209023863077e-05,0.0002098486729664728,0.046425435692071915
1765156541.2012246,cf2,0.0007368946098722517,-0.0005034230998717248,0.9986274242401123,-0.00017547864990774542,0.0013423013733699918,-0.00010703819862101227
1765156541.2015722,cf2,0.0007368946098722517,-0.0005034230998717248,0.9986274242401123,-0.0002577969862613827,0.0013430273393169045,-0.00018454552628099918
1765156541.213801,cf1,2.003730696742423e-05,0.9997727870941162,1.0022523403167725,6.964209023863077e-05,0.0002098486729664728,0.046425435692071915
1765156541.214165,cf1,2.003730696742423e-05,0.9997727870941162,1.0022523403167725,6.422858859878033e-05,0.00022954634914640337,0.040742021054029465
1765156541.221196,cf2,0.0007399764144793153,-0.00048362102825194597,0.9986263513565063,-0.0002577969862613827,0.0013430273393169045,-0.00018454552628099918
1765156541.2215517,cf2,0.0007399764144793153,-0.00048362102825194597,0.9986263513565063,-0.00034911278635263443,0.0013358740834519267,-0.00026470411103218794
1765156541.2332869,cf1,2.268538264615927e-05,0.9997744560241699,1.0027559995651245,6.422858859878033e-05,0.00022954634914640337,0.040742021054029465
1765156541.2337172,cf1,2.268538264615927e-05,0.9997744560241699,1.0027559995651245,5.715086808777414e-05,0.00024979893350973725,0.026976002380251884
1765156541.2411795,cf2,0.0007409327663481236,-0.00046468208893202245,0.9986233115196228,-0.00034911278635263443,0.0013358740834519267,-0.00026470411103218794
1765156541.241511,cf2,0.0007409327663481236,-0.00046468208893202245,0.9986233115196228,-0.00043920939788222313,0.0013168653240427375,-0.00034386219340376556
1765156541.2530777,cf1,2.4909310013754293e-05,0.9997757077217102,1.0027943849563599,5.715086808777414e-05,0.00024979893350973725,0.026976002380251884
1765156541.2535183,cf1,2.4909310013754293e-05,0.9997757077217102,1.0027943849563599,4.5444270654115826e-05,0.000260849017649889,0.006483310833573341
1765156541.2610452,cf2,0.0007397083099931479,-0.0004453296714928001,0.9986181855201721,-0.00043920939788222313,0.0013168653240427375,-0.00034386219340376556
1765156541.2612877,cf2,0.0007397083099931479,-0.0004453296714928001,0.9986181855201721,-0.0005326764076016843,0.0012939623557031155,-0.000424437690526247
1765156541.2741647,cf1,2.695335933822207e-05,0.999777615070343,1.0024625062942505,4.5444270654115826e-05,0.000260849017649889,0.006483310833573341
1765156541.2745717,cf1,2.695335933822207e-05,0.999777615070343,1.0024625062942505,3.195440149283968e-05,0.0002698808675631881,-0.01712069846689701
1765156541.2812264,cf2,0.0007363561890088022,-0.00042767933337017894,0.9986114501953125,-0.0005326764076016843,0.0012939623557031155,-0.000424437690526247
1765156541.2815223,cf2,0.0007363561890088022,-0.00042767933337017894,0.9986114501953125,-0.0006279874942265451,0.0012599830515682697,-0.0005034166970290244
1765156541.294058,cf1,2.864585621864535e-05,0.9997798800468445,1.0017489194869995,3.195440149283968e-05,0.0002698808675631881,-0.01712069846689701
1765156541.2943997,cf1,2.864585621864535e-05,0.9997798800468445,1.0017489194869995,1.5943705875542946e-05,0.00027358371880836785,-0.03700726106762886
1765156541.3022757,cf2,0.0007308328640647233,-0.000409295957069844,0.9986017942428589,-0.0006279874942265451,0.0012599830515682697,-0.0005034166970290244
1765156541.3026335,cf2,0.0007308328640647233,-0.000409295957069844,0.9986017942428589,-0.0007284447783604264,0.0012179295299574733,-0.0005879098898731172
1765156541.314285,cf1,2.9888587960158475e-05,0.9997820854187012,1.000786304473877,1.5943705875542946e-05,0.00027358371880836785,-0.03700726106762886
1765156541.314643,cf1,2.9888587960158475e-05,0.9997820854187012,1.000786304473877,-8.765717325331934e-07,0.0002723317302297801,-0.04971255362033844
1765156541.3223019,cf2,0.000722470402251929,-0.00039387925062328577,0.9985923171043396,-0.0007284447783604264,0.0012179295299574733,-0.0005879098898731172
1765156541.3225873,cf2,0.000722470402251929,-0.00039387925062328577,0.9985923171043396,-0.0008269435493275523,0.001170416478998959,-0.0006661794614046812
1765156541.3342645,cf1,3.061298411921598e-05,0.9997842311859131,0.9997926950454712,-8.765717325331934e-07,0.0002723317302297801,-0.04971255362033844
1765156541.3346026,cf1,3.061298411921598e-05,0.9997842311859131,0.9997926950454712,-1.854878973972518e-05,0.00026686611818149686,-0.05114971101284027
1765156541.3423948,cf2,0.0007117044297046959,-0.00037831583176739514,0.9985796809196472,-0.0008269435493275523,0.001170416478998959,-0.0006661794614046812
1765156541.3426414,cf2,0.0007117044297046959,-0.00037831583176739514,0.9985796809196472,-0.0009280993836000562,0.0011200802400708199,-0.0007472884026356041
1765156541.3541079,cf1,3.073345578741282e-05,0.9997861981391907,0.9989879727363586,-1.854878973972518e-05,0.00026686611818149686,-0.05114971101284027
1765156541.3544655,cf1,3.073345578741282e-05,0.9997861981391907,0.9989879727363586,-3.67938591807615e-05,0.00025825301418080926,-0.04142196848988533
1765156541.3624122,cf2,0.0006989844841882586,-0.0003645848191808909,0.9985657334327698,-0.0009280993836000562,0.0011200802400708199,-0.0007472884026356041
1765156541.3627734,cf2,0.0006989844841882586,-0.0003645848191808909,0.9985657334327698,-0.0010284450836479664,0.0010664955480024219,-0.0008241026080213487
1765156541.3733714,cf1,3.0087894629104994e-05,0.9997885227203369,0.998486340045929,-3.67938591807615e-05,0.00025825301418080926,-0.04142196848988533
1765156541.3738756,cf1,3.0087894629104994e-05,0.9997885227203369,0.998486340045929,-5.59346481168177e-05,0.00024846356245689094,-0.02206936664879322
1765156541.3823423,cf2,0.0006831399514339864,-0.0003517684817779809,0.9985503554344177,-0.0010284450836479664,0.0010664955480024219,-0.0008241026080213487
1765156541.3825788,cf2,0.0006831399514339864,-0.0003517684817779809,0.9985503554344177,-0.0011278919409960508,0.0010006788652390242,-0.0008492874330841005
1765156541.3952723,cf1,2.8922982892254367e-05,0.9997900128364563,0.9985248446464539,-5.59346481168177e-05,0.00024846356245689094,-0.02206936664879322
1765156541.3955743,cf1,2.8922982892254367e-05,0.9997900128364563,0.9985248446464539,-7.250508497236297e-05,0.00023480434902012348,0.0014742464991286397
1765156541.402274,cf2,0.0006654998287558556,-0.0003408319898881018,0.9985358119010925,-0.0011278919409960508,0.0010006788652390242,-0.0008492874330841005
1765156541.4025059,cf2,0.0006654998287558556,-0.0003408319898881018,0.9985358119010925,-0.0012104790657758713,0.0009366972954012454,-0.0008262231713160872
1765156541.413304,cf1,2.724906698858831e-05,0.9997920989990234,0.9989944100379944,-7.250508497236297e-05,0.00023480434902012348,0.0014742464991286397
1765156541.4136422,cf1,2.724906698858831e-05,0.9997920989990234,0.9989944100379944,-8.584605529904366e-05,0.00021715623734053224,0.02423257566988468
1765156541.4224668,cf2,0.0006384653388522565,-0.0003261650854256004,0.9985165596008301,-0.0012104790657758713,0.0009366972954012454,-0.0008262231713160872
1765156541.4228187,cf2,0.0006384653388522565,-0.0003261650854256004,0.9985165596008301,-0.0012813794892281294,0.0008553143707104027,-0.0008092683856375515
1765156541.433596,cf1,2.5405002816114575e-05,0.9997924566268921,0.9998496770858765,-8.584605529904366e-05,0.00021715623734053224,0.02423257566988468
1765156541.433894,cf1,2.5405002816114575e-05,0.9997924566268921,0.9998496770858765,-9.66884836088866e-05,0.0002006204449571669,0.041112687438726425
1765156541.4422703,cf2,0.0006171756540425122,-0.0003188369737472385,0.9985023736953735,-0.0012813794892281294,0.0008553143707104027,-0.0008092683856375515
1765156541.4428194,cf2,0.0006171756540425122,-0.0003188369737472385,0.9985023736953735,-0.0013429289683699608,0.0007941817166283727,-0.0008027854491956532
1765156541.4534338,cf1,2.3373962903860956e-05,0.9997922778129578,1.0008509159088135,-9.66884836088866e-05,0.0002006204449571669,0.041112687438726425
1765156541.4538057,cf1,2.3373962903860956e-05,0.9997922778129578,1.0008509159088135,-0.00010298188863089308,0.0001840668701333925,0.04930463805794716
1765156541.4623218,cf2,0.000604362809099257,-0.00031867934740148485,0.9984938502311707,-0.0013429289683699608,0.0007941817166283727,-0.0008027854491956532
1765156541.462793,cf2,0.000604362809099257,-0.00031867934740148485,0.9984938502311707,-0.001340917544439435,0.000683523016050458,-0.0007585296989418566
1765156541.473119,cf1,2.1336258214432746e-05,0.9997917413711548,1.0017871856689453,-0.00010298188863089308,0.0001840668701333925,0.04930463805794716
1765156541.473467,cf1,2.1336258214432746e-05,0.9997917413711548,1.0017871856689453,-0.0001043807205860503,0.00016797496937215328,0.04735584184527397
1765156541.4823368,cf2,0.0005830576410517097,-0.00031573110027238727,0.9984804391860962,-0.001340917544439435,0.000683523016050458,-0.0007585296989418566
1765156541.482736,cf2,0.0005830576410517097,-0.00031573110027238727,0.9984804391860962,-0.0013610757887363434,0.0005946228629909456,-0.0007439306355081499
1765156541.4932837,cf1,1.9431759938015603e-05,0.9997908473014832,1.002451777458191,-0.0001043807205860503,0.00016797496937215328,0.04735584184527397
1765156541.4938378,cf1,1.9431759938015603e-05,0.9997908473014832,1.002451777458191,-0.00010063341323984787,0.00015278486534953117,0.03543373569846153
1765156541.5022614,cf2,0.0005609045620076358,-0.0003146649105474353,0.9984668493270874,-0.0013610757887363434,0.0005946228629909456,-0.0007439306355081499
1765156541.5028245,cf2,0.0005609045620076358,-0.0003146649105474353,0.9984668493270874,-0.0013727123150601983,0.0005046706646680832,-0.0007312956149689853
1765156541.5132327,cf1,1.778370642568916e-05,0.9997897744178772,1.00269615650177,-0.00010063341323984787,0.00015278486534953117,0.03543373569846153
1765156541.5135703,cf1,1.778370642568916e-05,0.9997897744178772,1.00269615650177,-9.319530363427475e-05,0.00014810622087679803,0.01649259775876999
1765156541.522315,cf2,0.000531562720425427,-0.00031356269028037786,0.9984496235847473,-0.0013727123150601983,0.0005046706646680832,-0.0007312956149689853
1765156541.5226693,cf2,0.000531562720425427,-0.00031356269028037786,0.9984496235847473,-0.0013912692666053772,0.00042354295146651566,-0.0007305285544134676
1765156541.5334153,cf1,1.649692239880096e-05,0.9997885227203369,1.0024532079696655,-9.319530363427475e-05,0.00014810622087679803,0.01649259775876999
1765156541.533665,cf1,1.649692239880096e-05,0.9997885227203369,1.0024532079696655,-7.764843758195639e-05,0.0001351824903395027,-0.007589980028569698
1765156541.5423274,cf2,0.0005160093423910439,-0.0003191498981323093,0.9984400272369385,-0.0013912692666053772,0.00042354295146651566,-0.0007305285544134676
1765156541.5426946,cf2,0.0005160093423910439,-0.0003191498981323093,0.9984400272369385,-0.001357732224278152,0.0003141823399346322,-0.0007009149994701147
1765156541.5535262,cf1,1.5620238627889194e-05,0.9997872710227966,1.0017648935317993,-7.764843758195639e-05,0.0001351824903395027,-0.007589980028569698
1765156541.5538,cf1,1.5620238627889194e-05,0.9997872710227966,1.0017648935317993,-6.279078661464155e-05,0.00013817880244459957,-0.029641032218933105
1765156541.562356,cf2,0.0004945080727338791,-0.0003250373702030629,0.998427152633667,-0.001357732224278152,0.0003141823399346322,-0.0007009149994701147
1765156541.5627098,cf2,0.0004945080727338791,-0.0003250373702030629,0.998427152633667,-0.0013403509510681033,0.00021717065828852355,-0.0006890828371979296
1765156541.573602,cf1,1.5246438124449924e-05,0.9997861385345459,1.0007891654968262,-6.279078661464155e-05,0.00013817880244459957,-0.029641032218933105
1765156541.5737774,cf1,1.5246438124449924e-05,0.9997861385345459,1.0007891654968262,-4.209072722005658e-05,0.00013468321412801743,-0.044806405901908875
1765156541.5824437,cf2,0.0004731107910629362,-0.00033322669332847,0.9984143376350403,-0.0013403509510681033,0.00021717065828852355,-0.0006890828371979296
1765156541.5826933,cf2,0.0004731107910629362,-0.00033322669332847,0.9984143376350403,-0.001315784058533609,0.00011791554425144568,-0.000678323965985328
1765156541.594335,cf1,1.5393670764751732e-05,0.9997853636741638,0.9997254610061646,-4.209072722005658e-05,0.00013468321412801743,-0.044806405901908875
1765156541.5945911,cf1,1.5393670764751732e-05,0.9997853636741638,0.9997254610061646,-2.1835778170498088e-05,0.00013983313692733645,-0.04870540276169777
1765156541.6022897,cf2,0.0004523100215010345,-0.00034385218168608844,0.9984018206596375,-0.001315784058533609,0.00011791554425144568,-0.000678323965985328
1765156541.6026442,cf2,0.0004523100215010345,-0.00034385218168608844,0.9984018206596375,-0.001285047153942287,1.7600397768546827e-05,-0.0006673245807178319
1765156541.6142178,cf1,1.6193038391065784e-05,0.999784529209137,0.9989444017410278,-2.1835778170498088e-05,0.00013983313692733645,-0.04870540276169777
1765156541.614588,cf1,1.6193038391065784e-05,0.999784529209137,0.9989444017410278,-2.1518287667277036e-06,0.00014701852342113853,-0.041577570140361786
1765156541.6223278,cf2,0.00043231251765973866,-0.0003569590044207871,0.998389720916748,-0.001285047153942287,1.7600397768546827e-05,-0.0006673245807178319
1765156541.6226797,cf2,0.00043231251765973866,-0.0003569590044207871,0.998389720916748,-0.0012467560591176152,-8.356088073924184e-05,-0.0006557019660249352
1765156541.634225,cf1,1.755935409164522e-05,0.9997842311859131,0.9984922409057617,-2.1518287667277036e-06,0.00014701852342113853,-0.041577570140361786
1765156541.6345062,cf1,1.755935409164522e-05,0.9997842311859131,0.9984922409057617,1.6234744180110283e-05,0.00015693838940933347,-0.024985086172819138
1765156541.641293,cf2,0.00040950250695459545,-0.00036957798874937,0.9983771443367004,-0.0012467560591176152,-8.356088073924184e-05,-0.0006557019660249352
1765156541.6416228,cf2,0.00040950250695459545,-0.00036957798874937,0.9983771443367004,-0.0011961268028244376,-0.00018552917754277587,-0.0005842858226969838
1765156541.6544023,cf1,1.939345929713454e-05,0.9997842907905579,0.9984927773475647,1.6234744180110283e-05,0.00015693838940933347,-0.024985086172819138
1765156541.654804,cf1,1.939345929713454e-05,0.9997842907905579,0.9984927773475647,3.110926627414301e-05,0.00016890151891857386,-0.0036404174752533436
1765156541.6613097,cf2,0.00039195152930915356,-0.0003874812391586602,0.9983687400817871,-0.0011961268028244376,-0.00018552917754277587,-0.0005842858226969838
1765156541.6616466,cf2,0.00039195152930915356,-0.0003874812391586602,0.9983687400817871,-0.0011427233694121242,-0.0002691493136808276,-0.00047247123438864946
1765156541.6740296,cf1,2.1556807041633874e-05,0.9997849464416504,0.9989237785339355,3.110926627414301e-05,0.00016890151891857386,-0.0036404174752533436
1765156541.674284,cf1,2.1556807041633874e-05,0.9997849464416504,0.9989237785339355,4.1755854908842593e-05,0.0001877892209449783,0.017333604395389557
1765156541.6811874,cf2,0.00037876356509514153,-0.00040992506546899676,0.9983630776405334,-0.0011427233694121242,-0.0002691493136808276,-0.00047247123438864946
1765156541.6814184,cf2,0.00037876356509514153,-0.00040992506546899676,0.9983630776405334,-0.001083805924281478,-0.00033550849184393883,-0.0003662428061943501
1765156541.6953647,cf1,2.424163176328875e-05,0.9997851848602295,0.9996607303619385,4.1755854908842593e-05,0.0001877892209449783,0.017333604395389557
1765156541.6956267,cf1,2.424163176328875e-05,0.9997851848602295,0.9996607303619385,5.198232247494161e-05,0.0001997798535740003,0.034298643469810486
1765156541.7011852,cf2,0.00036028874455951154,-0.00042783518438227475,0.9983569979667664,-0.001083805924281478,-0.00033550849184393883,-0.0003662428061943501
1765156541.7014077,cf2,0.00036028874455951154,-0.00042783518438227475,0.9983569979667664,-0.0010171928443014622,-0.0003880680014844984,-0.00026244137552566826
1765156541.7134192,cf1,2.6471161618246697e-05,0.9997879862785339,1.0005970001220703,5.198232247494161e-05,0.0001997798535740003,0.034298643469810486
1765156541.7139072,cf1,2.6471161618246697e-05,0.9997879862785339,1.0005970001220703,5.5174841691041365e-05,0.00022026184888090938,0.04374045878648758
1765156541.7213583,cf2,0.0003467775241006166,-0.000449673505499959,0.9983536601066589,-0.0010171928443014622,-0.0003880680014844984,-0.00026244137552566826
1765156541.7216275,cf2,0.0003467775241006166,-0.000449673505499959,0.9983536601066589,-0.0009454063256271183,-0.0004305650945752859,-0.00016130127187352628
1765156541.7332296,cf1,2.8901760742883198e-05,0.9997903108596802,1.0014492273330688,5.5174841691041365e-05,0.00022026184888090938,0.04374045878648758
1765156541.7335887,cf1,2.8901760742883198e-05,0.9997903108596802,1.0014492273330688,5.48279240319971e-05,0.00023721743491478264,0.043293070048093796
1765156541.7412333,cf2,0.00033501654979772866,-0.00047237041871994734,0.9983517527580261,-0.0009454063256271183,-0.0004305650945752859,-0.00016130127187352628
1765156541.7415066,cf2,0.00033501654979772866,-0.00047237041871994734,0.9983517527580261,-0.0008669354137964547,-0.0004638437821995467,-6.313755875453353e-05
1765156541.7534416,cf1,3.117844244115986e-05,0.9997931718826294,1.0020891427993774,5.48279240319971e-05,0.00023721743491478264,0.043293070048093796
1765156541.7537787,cf1,3.117844244115986e-05,0.9997931718826294,1.0020891427993774,4.963371975463815e-05,0.0002545270253904164,0.0338999442756176
1765156541.7612193,cf2,0.0003251481393817812,-0.000495647604111582,0.9983515739440918,-0.0008669354137964547,-0.0004638437821995467,-6.313755875453353e-05
1765156541.7614455,cf2,0.0003251481393817812,-0.000495647604111582,0.9983515739440918,-0.0007982250535860658,-0.0004725452745333314,3.363309588166885e-05
1765156541.7733476,cf1,3.3193296985700727e-05,0.9997965693473816,1.002363920211792,4.963371975463815e-05,0.0002545270253904164,0.0338999442756176
1765156541.7737203,cf1,3.3193296985700727e-05,0.9997965693473816,1.002363920211792,3.943777846870944e-05,0.00027007790049538016,0.016991067677736282
1765156541.7812274,cf2,0.0003172192955389619,-0.0005192827084101737,0.9983530044555664,-0.0007982250535860658,-0.0004725452745333314,3.363309588166885e-05
1765156541.7816396,cf2,0.0003172192955389619,-0.0005192827084101737,0.9983530044555664,-0.0007122867391444743,-0.0004865291411988437,0.00012881615839432925
1765156541.7935429,cf1,3.488732545520179e-05,0.9998002052307129,1.0022052526474,3.943777846870944e-05,0.00027007790049538016,0.016991067677736282
1765156541.793886,cf1,3.488732545520179e-05,0.9998002052307129,1.0022052526474,2.676719486771617e-05,0.0002806473057717085,-0.003875602502375841
1765156541.8011947,cf2,0.00031128906994126737,-0.0005431068129837513,0.9983559846878052,-0.0007122867391444743,-0.0004865291411988437,0.00012881615839432925
1765156541.8014293,cf2,0.00031128906994126737,-0.0005431068129837513,0.9983559846878052,-0.0006084349588491023,-0.000506406300701201,0.0002189332153648138
1765156541.8132842,cf1,3.6211735277902335e-05,0.9998040795326233,1.001643419265747,2.676719486771617e-05,0.0002806473057717085,-0.003875602502375841
1765156541.8136487,cf1,3.6211735277902335e-05,0.9998040795326233,1.001643419265747,1.1400100447644945e-05,0.0002863313420675695,-0.024015147238969803
1765156541.821278,cf2,0.000307458802126348,-0.0005669833044521511,0.9983605146408081,-0.0006084349588491023,-0.000506406300701201,0.0002189332153648138
1765156541.8216197,cf2,0.000307458802126348,-0.0005669833044521511,0.9983605146408081,-0.0005305123631842434,-0.0004917897749692202,0.0003129607648588717
1765156541.8334005,cf1,3.708465374074876e-05,0.9998051524162292,1.0011669397354126,1.1400100447644945e-05,0.0002863313420675695,-0.024015147238969803
1765156541.8337862,cf1,3.708465374074876e-05,0.9998051524162292,1.0011669397354126,2.6175487164437072e-06,0.00028273227508179843,-0.03271542489528656
1765156541.841247,cf2,0.00030575404525734484,-0.0005906862206757069,0.9983665347099304,-0.0005305123631842434,-0.0004917897749692202,0.0003129607648588717
1765156541.8414822,cf2,0.00030575404525734484,-0.0005906862206757069,0.9983665347099304,-0.00043612357694655657,-0.00048262494965456426,0.00040216013439930975
1765156541.853614,cf1,3.762153573916294e-05,0.9998090267181396,1.0003613233566284,2.6175487164437072e-06,0.00028273227508179843,-0.03271542489528656
1765156541.8539603,cf1,3.762153573916294e-05,0.9998090267181396,1.0003613233566284,-1.5894880561972968e-05,0.0002804529503919184,-0.04206448793411255
1765156541.8623016,cf2,0.00030623862403444946,-0.0006141782505437732,0.9983744025230408,-0.00043612357694655657,-0.00048262494965456426,0.00040216013439930975
1765156541.862654,cf2,0.00030623862403444946,-0.0006141782505437732,0.9983744025230408,-0.00032130233012139797,-0.0004781986935995519,0.00048602622700855136
1765156541.87307,cf1,3.756014848477207e-05,0.9998129606246948,0.9996055364608765,-1.5894880561972968e-05,0.0002804529503919184,-0.04206448793411255
1765156541.8734257,cf1,3.756014848477207e-05,0.9998129606246948,0.9996055364608765,-3.490722519927658e-05,0.00027544813929125667,-0.04085651412606239
1765156541.881238,cf2,0.0003115561848971993,-0.0006325282738544047,0.9983779788017273,-0.00032130233012139797,-0.0004781986935995519,0.00048602622700855136
1765156541.881592,cf2,0.0003115561848971993,-0.0006325282738544047,0.9983779788017273,-0.00026206724578514695,-0.00047663014265708625,0.000522833492141217
1765156541.893193,cf1,3.689986260724254e-05,0.9998166561126709,0.9990528225898743,-3.490722519927658e-05,0.00027544813929125667,-0.04085651412606239
1765156541.893557,cf1,3.689986260724254e-05,0.9998166561126709,0.9990528225898743,-5.359964779927395e-05,0.0002664257772266865,-0.031182924285531044
1765156541.9012673,cf2,0.00031574125750921667,-0.0006550251855514944,0.9983864426612854,-0.00026206724578514695,-0.00047663014265708625,0.000522833492141217
1765156541.9016335,cf2,0.00031574125750921667,-0.0006550251855514944,0.9983864426612854,-0.0001654838997637853,-0.00045082418364472687,0.000516966509167105
1765156541.9137192,cf1,3.573747744667344e-05,0.9998200535774231,0.9988129138946533,-5.359964779927395e-05,0.0002664257772266865,-0.031182924285531044
1765156541.9139497,cf1,3.573747744667344e-05,0.9998200535774231,0.9988129138946533,-7.039685442578048e-05,0.00025388007634319365,-0.015511030331254005
1765156541.9212525,cf2,0.0003220480284653604,-0.0006769113824702799,0.9983946084976196,-0.0001654838997637853,-0.00045082418364472687,0.000516966509167105
1765156541.9215946,cf2,0.0003220480284653604,-0.0006769113824702799,0.9983946084976196,-7.478879706468433e-05,-0.0004157947259955108,0.0004997343639843166
1765156541.9332116,cf1,3.431660297792405e-05,0.9998232126235962,0.9988718032836914,-7.039685442578048e-05,0.00025388007634319365,-0.015511030331254005
1765156541.9336886,cf1,3.431660297792405e-05,0.9998232126235962,0.9988718032836914,-8.447912114206702e-05,0.00023996121308300644,0.0032644157763570547
1765156541.9423254,cf2,0.00033007541787810624,-0.0006989961257204413,0.9984033107757568,-7.478879706468433e-05,-0.0004157947259955108,0.0004997343639843166
1765156541.9427462,cf2,0.00033007541787810624,-0.0006989961257204413,0.9984033107757568,7.341543550865026e-06,-0.0003722076944541186,0.0004079200734850019
1765156541.9533303,cf1,3.229679714422673e-05,0.9998257160186768,0.9993954300880432,-8.447912114206702e-05,0.00023996121308300644,0.0032644157763570547
1765156541.9537747,cf1,3.229679714422673e-05,0.9998257160186768,0.9993954300880432,-9.514947305433452e-05,0.00022393683320842683,0.021247396245598793
1765156541.9622464,cf2,0.0003396414977032691,-0.0007177851512096822,0.9984087347984314,7.341543550865026e-06,-0.0003722076944541186,0.0004079200734850019
1765156541.962607,cf2,0.0003396414977032691,-0.0007177851512096822,0.9984087347984314,6.770089385099709e-05,-0.00030709218117408454,0.00029890594305470586
1765156541.9734907,cf1,3.0307823180919513e-05,0.9998279213905334,1.0001153945922852,-9.514947305433452e-05,0.00022393683320842683,0.021247396245598793
1765156541.9738967,cf1,3.0307823180919513e-05,0.9998279213905334,1.0001153945922852,-0.00010140916856471449,0.00020772599964402616,0.03569347411394119
1765156541.9823167,cf2,0.0003503990301396698,-0.0007357991416938603,0.9984139800071716,6.770089385099709e-05,-0.00030709218117408454,0.00029890594305470586
1765156541.9826872,cf2,0.0003503990301396698,-0.0007357991416938603,0.9984139800071716,0.00012335481005720794,-0.0002448351006023586,0.0002024421701207757
1765156541.9933133,cf1,2.83239296550164e-05,0.9998296499252319,1.0009658336639404,-0.00010140916856471449,0.00020772599964402616,0.03569347411394119
1765156541.9936733,cf1,2.83239296550164e-05,0.9998296499252319,1.0009658336639404,-0.0001032728177960962,0.0001912779116537422,0.04385405406355858
1765156542.002489,cf2,0.0003621914656832814,-0.0007525379187427461,0.998418390750885,0.00012335481005720794,-0.0002448351006023586,0.0002024421701207757
1765156542.0028265,cf2,0.0003621914656832814,-0.0007525379187427461,0.998418390750885,0.0001688165357336402,-0.00017466634744778275,0.00011178175918757915
1765156542.0133333,cf1,2.6449390134075657e-05,0.999830961227417,1.00178062915802,-0.0001032728177960962,0.0001912779116537422,0.04385405406355858
1765156542.0138617,cf1,2.6449390134075657e-05,0.999830961227417,1.00178062915802,-0.00010050285345641896,0.0001747863570926711,0.043490469455718994
1765156542.0222282,cf2,0.0003747589362319559,-0.0007676026434637606,0.9984217882156372,0.0001688165357336402,-0.00017466634744778275,0.00011178175918757915
1765156542.023016,cf2,0.0003747589362319559,-0.0007676026434637606,0.9984217882156372,0.00020523987768683583,-9.805382433114573e-05,2.4931281586759724e-05
1765156542.034173,cf1,2.4724686227273196e-05,0.999832034111023,1.0024051666259766,-0.00010050285345641896,0.0001747863570926711,0.043490469455718994
1765156542.0345714,cf1,2.4724686227273196e-05,0.999832034111023,1.0024051666259766,-9.381851850776002e-05,0.00015795965737197548,0.03396984934806824
1765156542.042196,cf2,0.0003879228315781802,-0.0007808445952832699,0.9984240531921387,0.00020523987768683583,-9.805382433114573e-05,2.4931281586759724e-05
1765156542.0424943,cf2,0.0003879228315781802,-0.0007808445952832699,0.9984240531921387,0.00023340911138802767,-1.6231304471148178e-05,-5.869113010703586e-05
1765156542.0541751,cf1,2.3304533897317015e-05,0.9998326301574707,1.0026772022247314,-9.381851850776002e-05,0.00015795965737197548,0.03396984934806824
1765156542.0546124,cf1,2.3304533897317015e-05,0.9998326301574707,1.0026772022247314,-8.348804840352386e-05,0.00014243560144677758,0.017453737556934357
1765156542.0623667,cf2,0.0004012560239061713,-0.0007918245973996818,0.998425304889679,0.00023340911138802767,-1.6231304471148178e-05,-5.869113010703586e-05
1765156542.0627637,cf2,0.0004012560239061713,-0.0007918245973996818,0.998425304889679,0.00025451218243688345,7.735066901659593e-05,-0.00014234775153454393
1765156542.0741215,cf1,2.2171236196300015e-05,0.9998331069946289,1.0025492906570435,-8.348804840352386e-05,0.00014243560144677758,0.017453737556934357
1765156542.0744944,cf1,2.2171236196300015e-05,0.9998331069946289,1.0025492906570435,-7.154772902140394e-05,0.0001307258935412392,-0.003369041485711932
1765156542.0822845,cf2,0.00041560237878002226,-0.000801154354121536,0.9984255433082581,0.00025451218243688345,7.735066901659593e-05,-0.00014234775153454393
1765156542.0827456,cf2,0.00041560237878002226,-0.000801154354121536,0.9984255433082581,0.00026692546089179814,0.00017397232295479625,-0.00022093263396527618
1765156542.094103,cf1,2.1435906091937795e-05,0.9998334050178528,1.0020194053649902,-7.154772902140394e-05,0.0001307258935412392,-0.003369041485711932
1765156542.094342,cf1,2.1435906091937795e-05,0.9998334050178528,1.0020194053649902,-5.668278390658088e-05,0.00012332542974036187,-0.024742616340517998
1765156542.1025348,cf2,0.00042899747495539486,-0.0008080973639152944,0.9984250068664551,0.00026692546089179814,0.00017397232295479625,-0.00022093263396527618
1765156542.1028693,cf2,0.00042899747495539486,-0.0008080973639152944,0.9984250068664551,0.0002742940268944949,0.000267073861323297,-0.0002932192001026124
1765156542.1144183,cf1,2.1010155251133256e-05,0.9998340010643005,1.001288652420044,-5.668278390658088e-05,0.00012332542974036187,-0.024742616340517998
1765156542.1147752,cf1,2.1010155251133256e-05,0.9998340010643005,1.001288652420044,-4.095131953363307e-05,0.00012040176807204261,-0.04147077724337578
1765156542.12238,cf2,0.0004440618504304439,-0.0008122564177028835,0.9984224438667297,0.0002742940268944949,0.000267073861323297,-0.0002932192001026124
1765156542.1227086,cf2,0.0004440618504304439,-0.0008122564177028835,0.9984224438667297,0.0002737132890615612,0.0003707556170411408,-0.0003690464363899082
1765156542.1343796,cf1,2.1173351342440583e-05,0.9998341202735901,1.0004433393478394,-4.095131953363307e-05,0.00012040176807204261,-0.04147077724337578
1765156542.1347415,cf1,2.1173351342440583e-05,0.9998341202735901,1.0004433393478394,-2.4280743673443794e-05,0.00012092488032067195,-0.04913045093417168
1765156542.142269,cf2,0.00045759635395370424,-0.0008142159786075354,0.998419463634491,0.0002737132890615612,0.0003707556170411408,-0.0003690464363899082
1765156542.142612,cf2,0.00045759635395370424,-0.0008142159786075354,0.998419463634491,0.0002647287037689239,0.00047412433195859194,-0.0004389790410641581
1765156542.154456,cf1,2.168701212212909e-05,0.9998349547386169,0.9994284510612488,-2.4280743673443794e-05,0.00012092488032067195,-0.04913045093417168
1765156542.1546578,cf1,2.168701212212909e-05,0.9998349547386169,0.9994284510612488,-8.002451977517921e-06,0.00012777642405126244,-0.04739835858345032
1765156542.1613522,cf2,0.0004679370322264731,-0.0008140434511005878,0.9984163641929626,0.0002647287037689239,0.00047412433195859194,-0.0004389790410641581
1765156542.1616244,cf2,0.0004679370322264731,-0.0008140434511005878,0.9984163641929626,0.00025450275279581547,0.0005670453538186848,-0.0004950832226313651
1765156542.1742873,cf1,2.279984073538799e-05,0.9998359084129333,0.9987708330154419,-8.002451977517921e-06,0.00012777642405126244,-0.04739835858345032
1765156542.174699,cf1,2.279984073538799e-05,0.9998359084129333,0.9987708330154419,8.317297215398867e-06,0.0001368285302305594,-0.03583197295665741
1765156542.1812809,cf2,0.000484174961457029,-0.0008115553064271808,0.9984106421470642,0.00025450275279581547,0.0005670453538186848,-0.0004950832226313651
1765156542.1816287,cf2,0.000484174961457029,-0.0008115553064271808,0.9984106421470642,0.0002326374815311283,0.0006836952525191009,-0.0005690144607797265
1765156542.194466,cf1,2.440007847326342e-05,0.9998372197151184,0.9985122680664062,8.317297215398867e-06,0.0001368285302305594,-0.03583197295665741
1765156542.1947227,cf1,2.440007847326342e-05,0.9998372197151184,0.9985122680664062,2.298412800882943e-05,0.00014831799489911646,-0.016542628407478333
1765156542.2012467,cf2,0.0004940548678860068,-0.0008038895321078598,0.9984030723571777,0.0002326374815311283,0.0006836952525191009,-0.0005690144607797265
1765156542.2015426,cf2,0.0004940548678860068,-0.0008038895321078598,0.9984030723571777,0.00020582135766744614,0.0007844388019293547,-0.0006148639949969947
1765156542.21452,cf1,2.634473639773205e-05,0.9998389482498169,0.9986963272094727,2.298412800882943e-05,0.00014831799489911646,-0.016542628407478333
1765156542.214877,cf1,2.634473639773205e-05,0.9998389482498169,0.9986963272094727,3.432414087001234e-05,0.00016088286065496504,0.005860446952283382
1765156542.2214813,cf2,0.0005060378462076187,-0.0007951284642331302,0.9983967542648315,0.00020582135766744614,0.0007844388019293547,-0.0006148639949969947
1765156542.221841,cf2,0.0005060378462076187,-0.0007951284642331302,0.9983967542648315,0.00017431438027415425,0.0008926642476581037,-0.0005867181462235749
1765156542.2344146,cf1,2.8549806302180514e-05,0.9998412132263184,0.9992850422859192,3.432414087001234e-05,0.00016088286065496504,0.005860446952283382
1765156542.2347682,cf1,2.8549806302180514e-05,0.9998412132263184,0.9992850422859192,4.177743903710507e-05,0.00017553960788063705,0.026736171916127205
1765156542.2422974,cf2,0.0005179419531486928,-0.0007891040295362473,0.9983953833580017,0.00017431438027415425,0.0008926642476581037,-0.0005867181462235749
1765156542.2426898,cf2,0.0005179419531486928,-0.0007891040295362473,0.9983953833580017,0.00013038242468610406,0.0009825692977756262,-0.0005421711248345673
1765156542.253734,cf1,3.078260851907544e-05,0.999843955039978,1.0001498460769653,4.177743903710507e-05,0.00017553960788063705,0.026736171916127205
1765156542.2540996,cf1,3.078260851907544e-05,0.999843955039978,1.0001498460769653,4.542402530205436e-05,0.00018956260464619845,0.042616236954927444
1765156542.2621906,cf2,0.0005270234541967511,-0.0007774535333737731,0.9983919858932495,0.00013038242468610406,0.0009825692977756262,-0.0005421711248345673
1765156542.2624276,cf2,0.0005270234541967511,-0.0007774535333737731,0.9983919858932495,7.976070628501475e-05,0.001058330642990768,-0.0005073343054391444
1765156542.273239,cf1,3.2937441574176773e-05,0.9998475313186646,1.0011943578720093,4.542402530205436e-05,0.00018956260464619845,0.042616236954927444
1765156542.2735238,cf1,3.2937441574176773e-05,0.9998475313186646,1.0011943578720093,4.305975016904995e-05,0.000205344200367108,0.051030829548835754
1765156542.2812896,cf2,0.0005345528479665518,-0.0007647170568816364,0.9983895421028137,7.976070628501475e-05,0.001058330642990768,-0.0005073343054391444
1765156542.2815576,cf2,0.0005345528479665518,-0.0007647170568816364,0.9983895421028137,1.6658192180329934e-05,0.0011132064973935485,-0.0004643481515813619
1765156542.293243,cf1,3.485348861431703e-05,0.9998512864112854,1.0021495819091797,4.305975016904995e-05,0.000205344200367108,0.051030829548835754
1765156542.2936096,cf1,3.485348861431703e-05,0.9998512864112854,1.0021495819091797,3.654499596450478e-05,0.0002206356730312109,0.049423590302467346
1765156542.3023624,cf2,0.0005388431018218398,-0.0007460663910023868,0.9983850717544556,1.6658192180329934e-05,0.0011132064973935485,-0.0004643481515813619
1765156542.302721,cf2,0.0005388431018218398,-0.0007460663910023868,0.9983850717544556,-5.353423330234364e-05,0.0011635960545390844,-0.000426286191213876
1765156542.313581,cf1,3.6532230296870694e-05,0.9998553991317749,1.0028533935546875,3.654499596450478e-05,0.0002206356730312109,0.049423590302467346
1765156542.3140066,cf1,3.6532230296870694e-05,0.9998553991317749,1.0028533935546875,2.8600125006050803e-05,0.0002319368941243738,0.03772616758942604
1765156542.3223994,cf2,0.0005429803277365863,-0.0007313297246582806,0.9983844757080078,-5.353423330234364e-05,0.0011635960545390844,-0.000426286191213876
1765156542.3227563,cf2,0.0005429803277365863,-0.0007313297246582806,0.9983844757080078,-0.00012754977797158062,0.001201678067445755,-0.0003906679048668593
1765156542.3331175,cf1,3.7874746340094134e-05,0.9998596906661987,1.0031516551971436,2.8600125006050803e-05,0.0002319368941243738,0.03772616758942604
1765156542.3334677,cf1,3.7874746340094134e-05,0.9998596906661987,1.0031516551971436,1.5814677681191824e-05,0.00024012329231482,0.01801905781030655
1765156542.3422527,cf2,0.0005468852468766272,-0.0007200881955213845,0.998387336730957,-0.00012754977797158062,0.001201678067445755,-0.0003906679048668593
1765156542.3425374,cf2,0.0005468852468766272,-0.0007200881955213845,0.998387336730957,-0.00020751585543621331,0.0012307530269026756,-0.00035448139533400536
1765156542.3533819,cf1,3.884665056830272e-05,0.9998641610145569,1.0029631853103638,1.5814677681191824e-05,0.00024012329231482,0.01801905781030655
1765156542.3536294,cf1,3.884665056830272e-05,0.9998641610145569,1.0029631853103638,1.7766320752343745e-06,0.00024431388010270894,-0.006399344652891159
1765156542.3622665,cf2,0.0005471046315506101,-0.0007040544878691435,0.998388409614563,-0.00020751585543621331,0.0012307530269026756,-0.00035448139533400536
1765156542.3627236,cf2,0.0005471046315506101,-0.0007040544878691435,0.998388409614563,-0.00029242265736684203,0.0012510609813034534,-0.00031843787292018533
1765156542.373211,cf1,3.938763256883249e-05,0.999867856502533,1.0023784637451172,1.7766320752343745e-06,0.00024431388010270894,-0.006399344652891159
1765156542.3737838,cf1,3.938763256883249e-05,0.999867856502533,1.0023784637451172,-1.4555133930116426e-05,0.00024067453341558576,-0.030540859326720238
1765156542.382417,cf2,0.0005452135228551924,-0.0006876954576000571,0.998390257358551,-0.00029242265736684203,0.0012510609813034534,-0.00031843787292018533
1765156542.3827949,cf2,0.0005452135228551924,-0.0006876954576000571,0.998390257358551,-0.0003815351810771972,0.0012639809865504503,-0.00028227752773091197
1765156542.3934398,cf1,3.9457074308302253e-05,0.9998721480369568,1.0014610290527344,-1.4555133930116426e-05,0.00024067453341558576,-0.030540859326720238
1765156542.3937974,cf1,3.9457074308302253e-05,0.9998721480369568,1.0014610290527344,-3.192620715708472e-05,0.00023655033146496862,-0.04839026927947998
1765156542.4022655,cf2,0.0005394050385802984,-0.0006671692244708538,0.9983903169631958,-0.0003815351810771972,0.0012639809865504503,-0.00028227752773091197
1765156542.4026146,cf2,0.0005394050385802984,-0.0006671692244708538,0.9983903169631958,-0.0004730049695353955,0.0012684520334005356,-0.0002456833317410201
1765156542.4140966,cf1,3.897126225638203e-05,0.9998763799667358,1.0003923177719116,-3.192620715708472e-05,0.00023655033146496862,-0.04839026927947998
1765156542.4143577,cf1,3.897126225638203e-05,0.9998763799667358,1.0003923177719116,-4.985021223546937e-05,0.00022768089547753334,-0.0566779188811779
1765156542.4223008,cf2,0.0005329330451786518,-0.0006503155454993248,0.9983941316604614,-0.0004730049695353955,0.0012684520334005356,-0.0002456833317410201
1765156542.4226246,cf2,0.0005329330451786518,-0.0006503155454993248,0.9983941316604614,-0.0005754349404014647,0.0012861167779192328,-0.00022188524599187076
1765156542.4343174,cf1,3.784896762226708e-05,0.9998804330825806,0.99936443567276,-4.985021223546937e-05,0.00022768089547753334,-0.0566779188811779
1765156542.4347231,cf1,3.784896762226708e-05,0.9998804330825806,0.99936443567276,-6.778920942451805e-05,0.00021302707318682224,-0.0518886037170887
1765156542.4422226,cf2,0.0005245601059868932,-0.0006345608271658421,0.9983987212181091,-0.0005754349404014647,0.0012861167779192328,-0.00022188524599187076
1765156542.4425614,cf2,0.0005245601059868932,-0.0006345608271658421,0.9983987212181091,-0.0006649370188824832,0.0012571938568726182,-0.00017031450988724828
1765156542.4541898,cf1,3.6289089621277526e-05,0.9998837113380432,0.9987219572067261,-6.778920942451805e-05,0.00021302707318682224,-0.0518886037170887
1765156542.454605,cf1,3.6289089621277526e-05,0.9998837113380432,0.9987219572067261,-8.234855340560898e-05,0.00019632023759186268,-0.03618893772363663
1765156542.4612844,cf2,0.000512593484017998,-0.0006170259439386427,0.9984043836593628,-0.0006649370188824832,0.0012571938568726182,-0.00017031450988724828
1765156542.461651,cf2,0.000512593484017998,-0.0006170259439386427,0.9984043836593628,-0.0007776473648846149,0.0012639905326068401,-0.00014499746612273157
1765156542.4741378,cf1,3.428876880207099e-05,0.999886691570282,0.9984906911849976,-8.234855340560898e-05,0.00019632023759186268,-0.03618893772363663
1765156542.4745467,cf1,3.428876880207099e-05,0.999886691570282,0.9984906911849976,-9.392438369104639e-05,0.00017832597950473428,-0.01318121887743473
1765156542.4813507,cf2,0.0004999857046641409,-0.0006029618089087307,0.9984111785888672,-0.0007776473648846149,0.0012639905326068401,-0.00014499746612273157
1765156542.4817247,cf2,0.0004999857046641409,-0.0006029618089087307,0.9984111785888672,-0.0008748165564611554,0.0012359374668449163,-0.00010408170783193782
1765156542.4942403,cf1,3.1980514904716983e-05,0.9998890161514282,0.9987531900405884,-9.392438369104639e-05,0.00017832597950473428,-0.01318121887743473
1765156542.4946012,cf1,3.1980514904716983e-05,0.9998890161514282,0.9987531900405884,-0.00010240040865028277,0.00015875337703619152,0.012431675568223
1765156542.5013983,cf2,0.0004842790949624032,-0.0005883988924324512,0.9984188079833984,-0.0008748165564611554,0.0012359374668449163,-0.00010408170783193782
1765156542.501786,cf2,0.0004842790949624032,-0.0005883988924324512,0.9984188079833984,-0.0009756223298609257,0.001206678687594831,-6.538392335642129e-05
1765156542.5139873,cf1,2.9552995329140685e-05,0.9998907446861267,0.9994630813598633,-0.00010240040865028277,0.00015875337703619152,0.012431675568223
1765156542.5142634,cf1,2.9552995329140685e-05,0.9998907446861267,0.9994630813598633,-0.00010666807065717876,0.0001371623220620677,0.035852376371622086
1765156542.5214474,cf2,0.0004656074452213943,-0.0005742201465182006,0.9984275698661804,-0.0009756223298609257,0.001206678687594831,-6.538392335642129e-05
1765156542.5218458,cf2,0.0004656074452213943,-0.0005742201465182006,0.9984275698661804,-0.001077504362910986,0.0011742071947082877,-2.5117687982856296e-05
1765156542.5344267,cf1,2.7147938453708775e-05,0.9998917579650879,1.0004758834838867,-0.00010666807065717876,0.0001371623220620677,0.035852376371622086
1765156542.5347943,cf1,2.7147938453708775e-05,0.9998917579650879,1.0004758834838867,-0.00010674963414203376,0.00011572668154258281,0.051906753331422806
1765156542.541318,cf2,0.00044486045953817666,-0.0005611969390884042,0.9984369874000549,-0.001077504362910986,0.0011742071947082877,-2.5117687982856296e-05
1765156542.5416896,cf2,0.00044486045953817666,-0.0005611969390884042,0.9984369874000549,-0.0011638988507911563,0.001132432953454554,1.4238160474633332e-05
1765156542.5544484,cf1,2.4879589545889758e-05,0.9998922348022461,1.0015912055969238,-0.00010674963414203376,0.00011572668154258281,0.051906753331422806
1765156542.554839,cf1,2.4879589545889758e-05,0.9998922348022461,1.0015912055969238,-0.00010240459960186854,9.454663813812658e-05,0.05771288275718689
1765156542.5613189,cf2,0.00042256087181158364,-0.0005493889912031591,0.9984471797943115,-0.0011638988507911563,0.001132432953454554,1.4238160474633332e-05
1765156542.561668,cf2,0.00042256087181158364,-0.0005493889912031591,0.9984471797943115,-0.0012293404433876276,0.0010814962442964315,5.272314592730254e-05
1765156542.5740016,cf1,2.2810483642388135e-05,0.9998922944068909,1.002587080001831,-0.00010240459960186854,9.454663813812658e-05,0.05771288275718689
1765156542.5744407,cf1,2.2810483642388135e-05,0.9998922944068909,1.002587080001831,-9.435833635507151e-05,7.769914373056963e-05,0.052006132900714874
1765156542.5812829,cf2,0.00039911814383231103,-0.0005389380967244506,0.9984577298164368,-0.0012293404433876276,0.0010814962442964315,5.272314592730254e-05
1765156542.5816405,cf2,0.00039911814383231103,-0.0005389380967244506,0.9984577298164368,-0.0012790655018761754,0.0010239816037937999,8.949596667662263e-05
1765156542.5935612,cf1,2.1030649804743007e-05,0.99989253282547,1.003321886062622,-9.435833635507151e-05,7.769914373056963e-05,0.052006132900714874
1765156542.5938127,cf1,2.1030649804743007e-05,0.99989253282547,1.003321886062622,-8.206337952287868e-05,6.37285629636608e-05,0.034167833626270294
1765156542.6022716,cf2,0.000373428309103474,-0.0005290133412927389,0.9984686970710754,-0.0012790655018761754,0.0010239816037937999,8.949596667662263e-05
1765156542.6026733,cf2,0.000373428309103474,-0.0005290133412927389,0.9984686970710754,-0.0013186830328777432,0.000958719989284873,0.00012457896082196385
1765156542.6133304,cf1,1.9673458155011758e-05,0.999891996383667,1.0035057067871094,-8.206337952287868e-05,6.37285629636608e-05,0.034167833626270294
1765156542.6137009,cf1,1.9673458155011758e-05,0.999891996383667,1.0035057067871094,-6.614123412873596e-05,5.4484520660480484e-05,0.01004814077168703
1765156542.621303,cf2,0.00036259571788832545,-0.0005313285510055721,0.998478353023529,-0.0013186830328777432,0.000958719989284873,0.00012457896082196385
1765156542.6217654,cf2,0.00036259571788832545,-0.0005313285510055721,0.998478353023529,-0.0013202159898355603,0.0008885416318662465,0.0001596352958586067
1765156542.6334605,cf1,1.8575376088847406e-05,0.9998915195465088,1.003217339515686,-6.614123412873596e-05,5.4484520660480484e-05,0.01004814077168703
1765156542.6337323,cf1,1.8575376088847406e-05,0.9998915195465088,1.003217339515686,-5.011996108805761e-05,5.161761509953067e-05,-0.016975387930870056
1765156542.6412792,cf2,0.0003376116219442338,-0.0005252679693512619,0.9984894394874573,-0.0013202159898355603,0.0008885416318662465,0.0001596352958586067
1765156542.6415188,cf2,0.0003376116219442338,-0.0005252679693512619,0.9984894394874573,-0.0013389043742790818,0.0008143241866491735,0.00019167165737599134
1765156542.6532898,cf1,1.789551242836751e-05,0.9998910427093506,1.002453088760376,-5.011996108805761e-05,5.161761509953067e-05,-0.016975387930870056
1765156542.6536262,cf1,1.789551242836751e-05,0.9998910427093506,1.002453088760376,-3.186266258126125e-05,5.133405647939071e-05,-0.041079699993133545
1765156542.6613343,cf2,0.00031193552422337234,-0.0005207747453823686,0.9985008239746094,-0.0013389043742790818,0.0008143241866491735,0.00019167165737599134
1765156542.6617,cf2,0.00031193552422337234,-0.0005207747453823686,0.9985008239746094,-0.0013493249425664544,0.0007363716140389442,0.0002211777027696371
1765156542.6734664,cf1,1.7726937585393898e-05,0.9998906254768372,1.0013868808746338,-3.186266258126125e-05,5.133405647939071e-05,-0.041079699993133545
1765156542.6740253,cf1,1.7726937585393898e-05,0.9998906254768372,1.0013868808746338,-1.3101192052999977e-05,5.5911874369485304e-05,-0.05576590448617935
1765156542.6813273,cf2,0.0002860958920791745,-0.0005182166351005435,0.9985122680664062,-0.0013493249425664544,0.0007363716140389442,0.0002211777027696371
1765156542.681692,cf2,0.0002860958920791745,-0.0005182166351005435,0.9985122680664062,-0.0013511906145140529,0.0006536219152621925,0.0002483927528373897
1765156542.6933486,cf1,1.8177581296185963e-05,0.9998903870582581,1.00027596950531,-1.3101192052999977e-05,5.5911874369485304e-05,-0.05576590448617935
1765156542.6936107,cf1,1.8177581296185963e-05,0.9998903870582581,1.00027596950531,5.05223988511716e-06,6.436138937715441e-05,-0.05751965194940567
1765156542.701293,cf2,0.00026030876324512064,-0.0005176605773158371,0.9985237717628479,-0.0013511906145140529,0.0006536219152621925,0.0002483927528373897
1765156542.7017477,cf2,0.00026030876324512064,-0.0005176605773158371,0.9985237717628479,-0.0013445987133309245,0.0005675332504324615,0.00027325510745868087
1765156542.7134774,cf1,1.9319966668263078e-05,0.9998904466629028,0.9993574619293213,5.05223988511716e-06,6.436138937715441e-05,-0.05751965194940567
1765156542.7138684,cf1,1.9319966668263078e-05,0.9998904466629028,0.9993574619293213,2.4417820895905606e-05,7.492529402952641e-05,-0.04786142706871033
1765156542.7224588,cf2,0.00023473353940062225,-0.0005191924283280969,0.9985160827636719,-0.0013445987133309245,0.0005675332504324615,0.00027325510745868087
1765156542.7228262,cf2,0.00023473353940062225,-0.0005191924283280969,0.9985160827636719,-0.0013300003483891487,0.0004780394083354622,0.00024171627592295408
1765156542.7334955,cf1,2.058812060568016e-05,0.9998903870582581,0.9988380670547485,2.4417820895905606e-05,7.492529402952641e-05,-0.04786142706871033
1765156542.733842,cf1,2.058812060568016e-05,0.9998903870582581,0.9988380670547485,4.7298006393248215e-05,9.446694457437843e-05,-0.02769075706601143
1765156542.741322,cf2,0.00021061966253910214,-0.0005198673461563885,0.9977884888648987,-0.0013300003483891487,0.0004780394083354622,0.00024171627592295408
1765156542.7416756,cf2,0.00021061966253910214,-0.0005198673461563885,0.9977884888648987,-0.0012984218774363399,0.0003783436550293118,-0.04551303759217262
1765156542.7534685,cf1,1.7779579138732515e-05,0.9998859763145447,0.9988450407981873,4.7298006393248215e-05,9.446694457437843e-05,-0.02769075706601143
1765156542.753834,cf1,1.7779579138732515e-05,0.9998859763145447,0.9988450407981873,0.00027823392883874476,0.000335648306645453,-0.0009953953558579087
1765156542.7613616,cf2,0.00018423335859552026,-0.0005257328157313168,0.992884635925293,-0.0012984218774363399,0.0003783436550293118,-0.04551303759217262
1765156542.7617352,cf2,0.00018423335859552026,-0.0005257328157313168,0.992884635925293,-0.001262742793187499,0.00028700954862870276,-0.2107539176940918
1765156542.7734234,cf1,3.083170668105595e-05,0.9998982548713684,0.9993818402290344,0.00027823392883874476,0.000335648306645453,-0.0009953953558579087
1765156542.7737625,cf1,3.083170668105595e-05,0.9998982548713684,0.9993818402290344,0.0012734165647998452,0.0013884665677323937,0.025872407481074333
1765156542.781201,cf2,0.0001590929605299607,-0.0005292430287227035,0.9844862818717957,-0.001262742793187499,0.00028700954862870276,-0.2107539176940918
1765156542.781563,cf2,0.0001590929605299607,-0.0005292430287227035,0.9844862818717957,-0.001212446135468781,0.00019151104788761586,-0.4063597321510315
1765156542.7941058,cf1,9.35340576688759e-05,0.9999633431434631,1.0003511905670166,0.0012734165647998452,0.0013884665677323937,0.025872407481074333
1765156542.7944944,cf1,9.35340576688759e-05,0.9999633431434631,1.0003511905670166,0.003334964159876108,0.0035717743448913097,0.04762088134884834
1765156542.8012276,cf2,0.00013602188846562058,-0.0005310647538863122,0.9737196564674377,-0.001212446135468781,0.00019151104788761586,-0.4063597321510315
1765156542.8014758,cf2,0.00013602188846562058,-0.0005310647538863122,0.9737196564674377,-0.0011447453871369362,8.338548650499433e-05,-0.6054801940917969
1765156542.8142946,cf1,0.00021811651822645217,1.00009286403656,1.001502275466919,0.003334964159876108,0.0035717743448913097,0.04762088134884834
1765156542.8146966,cf1,0.00021811651822645217,1.00009286403656,1.001502275466919,0.006147574633359909,0.006510257720947266,0.05910592898726463
1765156542.8213367,cf2,0.00011088972678408027,-0.0005346762482076883,0.957806408405304,-0.0011447453871369362,8.338548650499433e-05,-0.6054801940917969
1765156542.8217492,cf2,0.00011088972678408027,-0.0005346762482076883,0.957806408405304,-0.0010463220532983541,-4.0869239455787465e-05,-0.8037000298500061
1765156542.8340414,cf1,0.00041850292473100126,1.0003008842468262,1.0026566982269287,0.006147574633359909,0.006510257720947266,0.05910592898726463
1765156542.8342803,cf1,0.00041850292473100126,1.0003008842468262,1.0026566982269287,0.009677900932729244,0.010186188854277134,0.058770209550857544
1765156542.8412845,cf2,8.554917440051213e-05,-0.0005394690087996423,0.9379992485046387,-0.0010463220532983541,-4.0869239455787465e-05,-0.8037000298500061
1765156542.8416524,cf2,8.554917440051213e-05,-0.0005394690087996423,0.9379992485046387,-0.0009039849392138422,-6.29099813522771e-05,-0.9996954798698425
1765156542.854229,cf1,0.0006996748852543533,1.0005943775177002,1.00357186794281,0.009677900932729244,0.010186188854277134,0.058770209550857544
1765156542.8547127,cf1,0.0006996748852543533,1.0005943775177002,1.00357186794281,0.013799130916595459,0.014535985887050629,0.046918366104364395
1765156542.861311,cf2,5.413565304479562e-05,-0.0005884672864340246,0.9150762557983398,-0.0009039849392138422,-6.29099813522771e-05,-0.9996954798698425
1765156542.861629,cf2,5.413565304479562e-05,-0.0005884672864340246,0.9150762557983398,0.002061620820313692,0.017610695213079453,-1.1521135568618774
1765156542.8740327,cf1,0.0010630921460688114,1.0009762048721313,1.0040487051010132,0.013799130916595459,0.014535985887050629,0.046918366104364395
1765156542.8744857,cf1,0.0010630921460688114,1.0009762048721313,1.0040487051010132,0.018309704959392548,0.01937595009803772,0.024967825040221214
1765156542.881204,cf2,3.1003834010334685e-05,-0.0006468936335295439,0.8915897011756897,0.002061620820313692,0.017610695213079453,-1.1521135568618774
1765156542.8815737,cf2,3.1003834010334685e-05,-0.0006468936335295439,0.8915897011756897,0.010759231634438038,0.10216818749904633,-1.1746985912322998
1765156542.8940246,cf1,0.001508028944954276,1.0014467239379883,1.0039763450622559,0.018309704959392548,0.01937595009803772,0.024967825040221214
1765156542.8943832,cf1,0.001508028944954276,1.0014467239379883,1.0039763450622559,0.022972609847784042,0.024445591494441032,-0.002563024405390024
1765156542.9010613,cf2,8.01051573944278e-05,-9.824275912251323e-05,0.8703127503395081,0.010759231634438038,0.10216818749904633,-1.1746985912322998
1765156542.9012616,cf2,8.01051573944278e-05,-9.824275912251323e-05,0.8703127503395081,0.013897865079343319,0.19563859701156616,-1.049196481704712
1765156542.9140828,cf1,0.0020332098938524723,1.0020055770874023,1.0033589601516724,0.022972609847784042,0.024445591494441032,-0.002563024405390024
1765156542.9143648,cf1,0.0020332098938524723,1.0020055770874023,1.0033589601516724,0.02755938284099102,0.02951127290725708,-0.030083943158388138
1765156542.9211926,cf2,0.00021756048954557627,0.0017552777426317334,0.8530322909355164,0.013897865079343319,0.19563859701156616,-1.049196481704712
1765156542.9215636,cf2,0.00021756048954557627,0.0017552777426317334,0.8530322909355164,0.0156923346221447,0.28103649616241455,-0.8323702216148376
1765156542.9343731,cf1,0.0026378280017524958,1.0026534795761108,1.0023384094238281,0.02755938284099102,0.02951127290725708,-0.030083943158388138
1765156542.934675,cf1,0.0026378280017524958,1.0026534795761108,1.0023384094238281,0.031877242028713226,0.034376729279756546,-0.05067569017410278
1765156542.943342,cf2,0.0004410417459439486,0.005489022005349398,0.8396180272102356,0.0156923346221447,0.28103649616241455,-0.8323702216148376
1765156542.9437017,cf2,0.0004410417459439486,0.005489022005349398,0.8396180272102356,0.015119122341275215,0.3627592921257019,-0.5753867626190186
1765156542.953127,cf1,0.0033796203788369894,1.0034552812576294,1.0010371208190918,0.031877242028713226,0.034376729279756546,-0.05067569017410278
1765156542.9534235,cf1,0.0033796203788369894,1.0034552812576294,1.0010371208190918,0.03586425632238388,0.038978975266218185,-0.05915118753910065
1765156542.9634767,cf2,0.000698858464602381,0.011189470067620277,0.8309444785118103,0.015119122341275215,0.3627592921257019,-0.5753867626190186
1765156542.9637077,cf2,0.000698858464602381,0.011189470067620277,0.8309444785118103,0.014264626428484917,0.4313690662384033,-0.32437655329704285
1765156542.973262,cf1,0.00410082284361124,1.0042407512664795,1.0000706911087036,0.03586425632238388,0.038978975266218185,-0.05915118753910065
1765156542.9736552,cf1,0.00410082284361124,1.0042407512664795,1.0000706911087036,0.03936520591378212,0.043134693056344986,-0.05289780721068382
1765156542.9834678,cf2,0.0009947831276804209,0.02028745412826538,0.8259035348892212,0.014264626428484917,0.4313690662384033,-0.32437655329704285
1765156542.9838302,cf2,0.0009947831276804209,0.02028745412826538,0.8259035348892212,0.013194717466831207,0.49661287665367126,-0.07370614260435104
1765156542.9936273,cf1,0.004902133718132973,1.0051206350326538,0.9993914365768433,0.03936520591378212,0.043134693056344986,-0.05289780721068382
1765156542.993971,cf1,0.004902133718132973,1.0051206350326538,0.9993914365768433,0.04214426875114441,0.04651724547147751,-0.035274773836135864
1765156543.003234,cf2,0.001197383040562272,0.030173245817422867,0.8246181607246399,0.013194717466831207,0.49661287665367126,-0.07370614260435104
1765156543.0035758,cf2,0.001197383040562272,0.030173245817422867,0.8246181607246399,0.012107670307159424,0.5566843748092651,0.17333701252937317
1765156543.0131354,cf1,0.005779464263468981,1.0060917139053345,0.9991632103919983,0.04214426875114441,0.04651724547147751,-0.035274773836135864
1765156543.01381,cf1,0.005779464263468981,1.0060917139053345,0.9991632103919983,0.04446740448474884,0.04943274334073067,-0.010773110203444958
1765156543.0233831,cf2,0.0013005327200517058,0.04386041685938835,0.8271163702011108,0.012107670307159424,0.5566843748092651,0.17333701252937317
1765156543.0237417,cf2,0.0013005327200517058,0.04386041685938835,0.8271163702011108,0.011489832773804665,0.6193671822547913,0.422451376914978
1765156543.0338647,cf1,0.0067015886306762695,1.0071203708648682,0.9994325637817383,0.04446740448474884,0.04943274334073067,-0.010773110203444958
1765156543.0342112,cf1,0.0067015886306762695,1.0071203708648682,0.9994325637817383,0.04631545767188072,0.05184328183531761,0.014237984083592892
1765156543.0433283,cf2,0.0011976172681897879,0.06058567762374878,0.8332650065422058,0.011489832773804665,0.6193671822547913,0.422451376914978
1765156543.0436587,cf2,0.0011976172681897879,0.06058567762374878,0.8332650065422058,0.011554556898772717,0.6771529912948608,0.662027895450592
1765156543.053388,cf1,0.007735388353466988,1.0082827806472778,1.0001163482666016,0.04631545767188072,0.05184328183531761,0.014237984083592892
1765156543.0537384,cf1,0.007735388353466988,1.0082827806472778,1.0001163482666016,0.04772704839706421,0.05377011001110077,0.03480786457657814
1765156543.0633533,cf2,0.0008035720675252378,0.08045423030853271,0.842900812625885,0.011554556898772717,0.6771529912948608,0.662027895450592
1765156543.063712,cf2,0.0008035720675252378,0.08045423030853271,0.842900812625885,0.010160828940570354,0.7397611141204834,0.903630793094635
1765156543.0732636,cf1,0.008223358541727066,1.008833646774292,1.0006576776504517,0.04772704839706421,0.05377011001110077,0.03480786457657814
1765156543.0737154,cf1,0.008223358541727066,1.008833646774292,1.0006576776504517,0.04876698553562164,0.05524732917547226,0.047226257622241974
1765156543.0836062,cf2,9.821428830036893e-05,0.10325099527835846,0.8552019596099854,0.010160828940570354,0.7397611141204834,0.903630793094635
1765156543.0839558,cf2,9.821428830036893e-05,0.10325099527835846,0.8552019596099854,0.007591811008751392,0.797711968421936,1.0906426906585693
1765156543.0933053,cf1,0.00970524176955223,1.0105152130126953,1.0021095275878906,0.04876698553562164,0.05524732917547226,0.047226257622241974
1765156543.093982,cf1,0.00970524176955223,1.0105152130126953,1.0021095275878906,0.04984733834862709,0.05671215429902077,0.04965461790561676
1765156543.1035664,cf2,-0.0008821957744657993,0.12837058305740356,0.8686196804046631,0.007591811008751392,0.797711968421936,1.0906426906585693
1765156543.1039908,cf2,-0.0008821957744657993,0.12837058305740356,0.8686196804046631,0.004693207331001759,0.8641125559806824,1.2059167623519897
1765156543.1134615,cf1,0.010706190019845963,1.0116541385650635,1.0029374361038208,0.04984733834862709,0.05671215429902077,0.04965461790561676
1765156543.1138148,cf1,0.010706190019845963,1.0116541385650635,1.0029374361038208,0.05004541948437691,0.05708729848265648,0.04099202901124954
1765156543.1241853,cf2,-0.0020526598673313856,0.15491162240505219,0.8811239004135132,0.004693207331001759,0.8641125559806824,1.2059167623519897
1765156543.124608,cf2,-0.0020526598673313856,0.15491162240505219,0.8811239004135132,-0.0005029152962379158,0.9314169883728027,1.1996480226516724
1765156543.1335146,cf1,0.011713876388967037,1.0128012895584106,1.0034027099609375,0.05004541948437691,0.05708729848265648,0.04099202901124954
1765156543.133813,cf1,0.011713876388967037,1.0128012895584106,1.0034027099609375,0.05078290402889252,0.05799511820077896,0.02451789751648903
1765156543.1422422,cf2,-0.003321117488667369,0.1822107434272766,0.8910077214241028,-0.0005029152962379158,0.9314169883728027,1.1996480226516724
1765156543.1424878,cf2,-0.003321117488667369,0.1822107434272766,0.8910077214241028,-0.008946609683334827,1.0205483436584473,1.0781534910202026
1765156543.1534493,cf1,0.012727795168757439,1.0139544010162354,1.003399133682251,0.05078290402889252,0.05799511820077896,0.02451789751648903
1765156543.1540043,cf1,0.012727795168757439,1.0139544010162354,1.003399133682251,0.0511455275118351,0.0583515465259552,0.0017385287210345268
1765156543.162371,cf2,-0.004586880560964346,0.20932604372501373,0.8971458673477173,-0.008946609683334827,1.0205483436584473,1.0781534910202026
1765156543.162753,cf2,-0.004586880560964346,0.20932604372501373,0.8971458673477173,-0.01586509682238102,1.1167199611663818,0.8943973779678345
1765156543.1731544,cf1,0.013748837634921074,1.015112280845642,1.002913236618042,0.0511455275118351,0.0583515465259552,0.0017385287210345268
1765156543.1735027,cf1,0.013748837634921074,1.015112280845642,1.002913236618042,0.051546063274145126,0.05861006677150726,-0.021876834332942963
1765156543.1824877,cf2,-0.005842522252351046,0.2365671843290329,0.8994084000587463,-0.01586509682238102,1.1167199611663818,0.8943973779678345
1765156543.1828327,cf2,-0.005842522252351046,0.2365671843290329,0.8994084000587463,-0.02143678069114685,1.2091591358184814,0.685369610786438
1765156543.1932292,cf1,0.014779150485992432,1.0162745714187622,1.002066731452942,0.051546063274145126,0.05861006677150726,-0.021876834332942963
1765156543.1937141,cf1,0.014779150485992432,1.0162745714187622,1.002066731452942,0.05171908810734749,0.058449637144804,-0.03986712917685509
1765156543.2023463,cf2,-0.007086120545864105,0.263808935880661,0.8977508544921875,-0.02143678069114685,1.2091591358184814,0.685369610786438
1765156543.20271,cf2,-0.007086120545864105,0.263808935880661,0.8977508544921875,-0.03037661872804165,1.2946527004241943,0.4716097116470337
1765156543.2139375,cf1,0.01582231931388378,1.017442226409912,1.001070499420166,0.05171908810734749,0.058449637144804,-0.03986712917685509
1765156543.214352,cf1,0.01582231931388378,1.017442226409912,1.001070499420166,0.05238225311040878,0.0587141178548336,-0.04767117276787758
1765156543.2224414,cf2,-0.008323661983013153,0.29105445742607117,0.8921861052513123,-0.03037661872804165,1.2946527004241943,0.4716097116470337
1765156543.2228038,cf2,-0.008323661983013153,0.29105445742607117,0.8921861052513123,-0.04567527770996094,1.372551441192627,0.25715112686157227
1765156543.2332735,cf1,0.01688293181359768,1.0186173915863037,1.000177264213562,0.05238225311040878,0.0587141178548336,-0.04767117276787758
1765156543.2336032,cf1,0.01688293181359768,1.0186173915863037,1.000177264213562,0.053570087999105453,0.05945359542965889,-0.044677019119262695
1765156543.2423098,cf2,-0.00955875776708126,0.318306028842926,0.8827158212661743,-0.04567527770996094,1.372551441192627,0.25715112686157227
1765156543.242644,cf2,-0.00955875776708126,0.318306028842926,0.8827158212661743,-0.06870990246534348,1.442724347114563,0.043097324669361115
1765156543.2531726,cf1,0.017966322600841522,1.0198031663894653,0.9995760321617126,0.053570087999105453,0.05945359542965889,-0.044677019119262695
1765156543.2536993,cf1,0.017966322600841522,1.0198031663894653,0.9995760321617126,0.05463368073105812,0.059937216341495514,-0.03149009123444557
1765156543.2624233,cf2,-0.010793352499604225,0.3455641269683838,0.8693392872810364,-0.06870990246534348,1.442724347114563,0.043097324669361115
1765156543.2627113,cf2,-0.010793352499604225,0.3455641269683838,0.8693392872810364,-0.1000262126326561,1.505169153213501,-0.17005811631679535
1765156543.2730887,cf1,0.019078947603702545,1.0210041999816895,0.9993900656700134,0.05463368073105812,0.059937216341495514,-0.03149009123444557
1765156543.2733479,cf1,0.019078947603702545,1.0210041999816895,0.9993900656700134,0.055932752788066864,0.06060293689370155,-0.01179796364158392
1765156543.282431,cf2,-0.012028409168124199,0.3728283643722534,0.8520552515983582,-0.1000262126326561,1.505169153213501,-0.17005811631679535
1765156543.2826936,cf2,-0.012028409168124199,0.3728283643722534,0.8520552515983582,-0.139786034822464,1.559922218322754,-0.38198789954185486
1765156543.2936962,cf1,0.020227201282978058,1.0222258567810059,0.9996368288993835,0.055932752788066864,0.06060293689370155,-0.01179796364158392
1765156543.2939193,cf1,0.020227201282978058,1.0222258567810059,0.9996368288993835,0.05745842307806015,0.061465080827474594,0.009554586373269558
1765156543.3021874,cf2,-0.013264434412121773,0.40009817481040955,0.8308625221252441,-0.139786034822464,1.559922218322754,-0.38198789954185486
1765156543.3023975,cf2,-0.013264434412121773,0.40009817481040955,0.8308625221252441,-0.18798580765724182,1.607031226158142,-0.5923923850059509
1765156543.314211,cf1,0.021429134532809258,1.0234867334365845,1.0002533197402954,0.05745842307806015,0.061465080827474594,0.009554586373269558
1765156543.314527,cf1,0.021429134532809258,1.0234867334365845,1.0002533197402954,0.05872633308172226,0.0619809590280056,0.028721045702695847
1765156543.322345,cf2,-0.014501738362014294,0.4273729622364044,0.8057599663734436,-0.18798580765724182,1.607031226158142,-0.5923923850059509
1765156543.322677,cf2,-0.014501738362014294,0.4273729622364044,0.8057599663734436,-0.24459227919578552,1.6465519666671753,-0.8009359836578369
1765156543.3342066,cf1,0.022646203637123108,1.0247477293014526,1.001058578491211,0.05872633308172226,0.0619809590280056,0.028721045702695847
1765156543.3345938,cf1,0.022646203637123108,1.0247477293014526,1.001058578491211,0.060999348759651184,0.06363198161125183,0.040180500596761703
1765156543.343641,cf2,-0.015780210494995117,0.4553152024745941,0.776097297668457,-0.24459227919578552,1.6465519666671753,-0.8009359836578369
1765156543.343989,cf2,-0.015780210494995117,0.4553152024745941,0.776097297668457,-0.31333252787590027,1.6757208108901978,-1.0135976076126099
1765156543.3541617,cf1,0.023919817060232162,1.0260541439056396,1.001888632774353,0.060999348759651184,0.06363198161125183,0.040180500596761703
1765156543.354508,cf1,0.023919817060232162,1.0260541439056396,1.001888632774353,0.06307481229305267,0.06510188430547714,0.042795442044734955
1765156543.3634849,cf2,-0.017219142988324165,0.4822129011154175,0.7446697354316711,-0.31333252787590027,1.6757208108901978,-1.0135976076126099
1765156543.3638291,cf2,-0.017219142988324165,0.4822129011154175,0.7446697354316711,-0.3895469009876251,1.6724765300750732,-1.2117313146591187
1765156543.3741484,cf1,0.025237787514925003,1.0273948907852173,1.0025497674942017,0.06307481229305267,0.06510188430547714,0.042795442044734955
1765156543.3744981,cf1,0.025237787514925003,1.0273948907852173,1.0025497674942017,0.06528789550065994,0.06677720695734024,0.03592020273208618
1765156543.3834875,cf2,-0.018909044563770294,0.5053655505180359,0.7168614268302917,-0.3895469009876251,1.6724765300750732,-1.2117313146591187
1765156543.3838482,cf2,-0.018909044563770294,0.5053655505180359,0.7168614268302917,-0.4535408020019531,1.5657161474227905,-1.4147093296051025
1765156543.394285,cf1,0.026598958298563957,1.0287710428237915,1.0028831958770752,0.06528789550065994,0.06677720695734024,0.03592020273208618
1765156543.3946655,cf1,0.026598958298563957,1.0287710428237915,1.0028831958770752,0.06759826838970184,0.0686446875333786,0.02113979123532772
1765156543.4034355,cf2,-0.022523855790495872,0.53742915391922,0.6785349249839783,-0.4535408020019531,1.5657161474227905,-1.4147093296051025
1765156543.4040568,cf2,-0.022523855790495872,0.53742915391922,0.6785349249839783,-0.45687806606292725,1.417337417602539,-1.6015132665634155
1765156543.4141142,cf1,0.028002742677927017,1.0301841497421265,1.0028012990951538,0.06759826838970184,0.0686446875333786,0.02113979123532772
1765156543.414459,cf1,0.028002742677927017,1.0301841497421265,1.0028012990951538,0.06996509432792664,0.07068648189306259,0.0014295820146799088
1765156543.4234982,cf2,-0.026424169540405273,0.5621485114097595,0.649991512298584,-0.45687806606292725,1.417337417602539,-1.6015132665634155
1765156543.4238415,cf2,-0.026424169540405273,0.5621485114097595,0.649991512298584,-0.3526589274406433,1.264602541923523,-1.662110686302185
1765156543.4343207,cf1,0.02944950759410858,1.0316368341445923,1.0023062229156494,0.06996509432792664,0.07068648189306259,0.0014295820146799088
1765156543.434658,cf1,0.02944950759410858,1.0316368341445923,1.0023062229156494,0.07235066592693329,0.07287367433309555,-0.018855519592761993
1765156543.4435074,cf2,-0.03139602392911911,0.5892363786697388,0.6207509636878967,-0.3526589274406433,1.264602541923523,-1.662110686302185
1765156543.4438388,cf2,-0.03139602392911911,0.5892363786697388,0.6207509636878967,-0.24284420907497406,1.120443344116211,-1.5985355377197266
1765156543.4541633,cf1,0.030940372496843338,1.0331320762634277,1.0015201568603516,0.07235066592693329,0.07287367433309555,-0.018855519592761993
1765156543.4544172,cf1,0.030940372496843338,1.0331320762634277,1.0015201568603516,0.0747067779302597,0.07514378428459167,-0.034050218760967255
1765156543.463424,cf2,-0.037226319313049316,0.6184883117675781,0.5913703441619873,-0.24284420907497406,1.120443344116211,-1.5985355377197266
1765156543.4637957,cf2,-0.037226319313049316,0.6184883117675781,0.5913703441619873,-0.1317155361175537,0.9903491735458374,-1.5026237964630127
1765156543.4753354,cf1,0.032450322061777115,1.0346462726593018,1.0006513595581055,0.0747067779302597,0.07514378428459167,-0.034050218760967255
1765156543.4757204,cf1,0.032450322061777115,1.0346462726593018,1.0006513595581055,0.07634288817644119,0.07678167521953583,-0.040328409522771835
1765156543.483584,cf2,-0.04159720614552498,0.6406522989273071,0.5712456703186035,-0.1317155361175537,0.9903491735458374,-1.5026237964630127
1765156543.4839392,cf2,-0.04159720614552498,0.6406522989273071,0.5712456703186035,-0.02322905883193016,0.8693587779998779,-1.3282618522644043
1765156543.493419,cf1,0.03327536955475807,1.0354734659194946,1.0002808570861816,0.07634288817644119,0.07678167521953583,-0.040328409522771835
1765156543.4936614,cf1,0.03327536955475807,1.0354734659194946,1.0002808570861816,0.0773419663310051,0.0778159573674202,-0.039308685809373856
1765156543.5033743,cf2,-0.04504965618252754,0.6603946685791016,0.5544914603233337,-0.02322905883193016,0.8693587779998779,-1.3282618522644043
1765156543.503888,cf2,-0.04504965618252754,0.6603946685791016,0.5544914603233337,0.05836097523570061,0.8042134046554565,-1.127255916595459
1765156543.513476,cf1,0.03488214313983917,1.03708815574646,0.9996951222419739,0.0773419663310051,0.0778159573674202,-0.039308685809373856
1765156543.5138211,cf1,0.03488214313983917,1.03708815574646,0.9996951222419739,0.0795087069272995,0.0800977423787117,-0.030970504507422447
1765156543.5223072,cf2,-0.04851817712187767,0.6870772242546082,0.5340386033058167,0.05836097523570061,0.8042134046554565,-1.127255916595459
1765156543.5226758,cf2,-0.04851817712187767,0.6870772242546082,0.5340386033058167,0.09472086280584335,0.783015251159668,-0.9054530262947083
1765156543.533022,cf1,0.0365324467420578,1.0387498140335083,0.9994186162948608,0.0795087069272995,0.0800977423787117,-0.030970504507422447
1765156543.5333133,cf1,0.0365324467420578,1.0387498140335083,0.9994186162948608,0.08157099783420563,0.08231842517852783,-0.01577579788863659
1765156543.5422366,cf2,-0.04966939613223076,0.7064205408096313,0.5223147869110107,0.09472086280584335,0.783015251159668,-0.9054530262947083
1765156543.5425184,cf2,-0.04966939613223076,0.7064205408096313,0.5223147869110107,0.0971083790063858,0.7799637317657471,-0.661948025226593
1765156543.5534637,cf1,0.03822550177574158,1.0404579639434814,0.9994933605194092,0.08157099783420563,0.08231842517852783,-0.01577579788863659
1765156543.5536377,cf1,0.03822550177574158,1.0404579639434814,0.9994933605194092,0.0835600420832634,0.08449335396289825,0.002412415575236082
1765156543.5623705,cf2,-0.04966220632195473,0.7196577787399292,0.5169146060943604,0.0971083790063858,0.7799637317657471,-0.661948025226593
1765156543.5627687,cf2,-0.04966220632195473,0.7196577787399292,0.5169146060943604,0.08631423860788345,0.7539360523223877,-0.4117373526096344
1765156543.573473,cf1,0.03980647772550583,1.0420565605163574,0.9998177289962769,0.0835600420832634,0.08449335396289825,0.002412415575236082
1765156543.5738118,cf1,0.03980647772550583,1.0420565605163574,0.9998177289962769,0.0855339840054512,0.08667320758104324,0.0200603436678648
1765156543.5824049,cf2,-0.04928511753678322,0.7403119206428528,0.5114041566848755,0.08631423860788345,0.7539360523223877,-0.4117373526096344
1765156543.5827699,cf2,-0.04928511753678322,0.7403119206428528,0.5114041566848755,0.07845880091190338,0.7461332082748413,-0.2186678946018219
1765156543.594088,cf1,0.04176218807697296,1.0440387725830078,1.000550627708435,0.0855339840054512,0.08667320758104324,0.0200603436678648
1765156543.5944269,cf1,0.04176218807697296,1.0440387725830078,1.000550627708435,0.08740565925836563,0.08877499401569366,0.03435378521680832
1765156543.6023014,cf2,-0.048702336847782135,0.7565842866897583,0.5106908082962036,0.07845880091190338,0.7461332082748413,-0.2186678946018219
1765156543.603185,cf2,-0.048702336847782135,0.7565842866897583,0.5106908082962036,0.0742299035191536,0.7251007556915283,-0.04487326741218567
1765156543.6140904,cf1,0.04340185597538948,1.0457046031951904,1.0012469291687012,0.08740565925836563,0.08877499401569366,0.03435378521680832
1765156543.6144104,cf1,0.04340185597538948,1.0457046031951904,1.0012469291687012,0.08934566378593445,0.09094016999006271,0.04202241078019142
1765156543.6222873,cf2,-0.048137374222278595,0.7708503603935242,0.5134400725364685,0.0742299035191536,0.7251007556915283,-0.04487326741218567
1765156543.6226358,cf2,-0.048137374222278595,0.7708503603935242,0.5134400725364685,0.07045122236013412,0.6938189268112183,0.12327368557453156
1765156543.6340432,cf1,0.04542314261198044,1.0477616786956787,1.0020499229431152,0.08934566378593445,0.09094016999006271,0.04202241078019142
1765156543.6342866,cf1,0.04542314261198044,1.0477616786956787,1.0020499229431152,0.09134922176599503,0.09316250681877136,0.04174891859292984
1765156543.6432812,cf2,-0.047501616179943085,0.785102903842926,0.5198380351066589,0.07045122236013412,0.6938189268112183,0.12327368557453156
1765156543.6436374,cf2,-0.047501616179943085,0.785102903842926,0.5198380351066589,0.06582475453615189,0.6641569137573242,0.29924464225769043
1765156543.6541264,cf1,0.04715380817651749,1.0495260953903198,1.002596378326416,0.09134922176599503,0.09316250681877136,0.04174891859292984
1765156543.6544626,cf1,0.04715380817651749,1.0495260953903198,1.002596378326416,0.09334937483072281,0.09536006301641464,0.03354008495807648
1765156543.6637068,cf2,-0.047006361186504364,0.7952183485031128,0.5273406505584717,0.06582475453615189,0.6641569137573242,0.29924464225769043
1765156543.6640408,cf2,-0.047006361186504364,0.7952183485031128,0.5273406505584717,0.05936791002750397,0.6317698955535889,0.47304147481918335
1765156543.674227,cf1,0.04925868660211563,1.0516732931137085,1.0028363466262817,0.09334937483072281,0.09536006301641464,0.03354008495807648
1765156543.674585,cf1,0.04925868660211563,1.0516732931137085,1.0028363466262817,0.09534098953008652,0.09751318395137787,0.018136193975806236
1765156543.6834419,cf2,-0.04574548825621605,0.8094596862792969,0.5442843437194824,0.05936791002750397,0.6317698955535889,0.47304147481918335
1765156543.6837702,cf2,-0.04574548825621605,0.8094596862792969,0.5442843437194824,0.054261814802885056,0.6147370338439941,0.6743062138557434
1765156543.6941717,cf1,0.0512300506234169,1.0536857843399048,1.0026795864105225,0.09534098953008652,0.09751318395137787,0.018136193975806236
1765156543.6945708,cf1,0.0512300506234169,1.0536857843399048,1.0026795864105225,0.09731276333332062,0.09959568083286285,-0.0018300822703167796
1765156543.7032554,cf2,-0.044233329594135284,0.8201391100883484,0.5640155673027039,0.054261814802885056,0.6147370338439941,0.6743062138557434
1765156543.7035306,cf2,-0.044233329594135284,0.8201391100883484,0.5640155673027039,0.04937497898936272,0.5911967754364014,0.8804391622543335
1765156543.714155,cf1,0.05325977876782417,1.0557581186294556,1.0021276473999023,0.09731276333332062,0.09959568083286285,-0.0018300822703167796
1765156543.714509,cf1,0.05325977876782417,1.0557581186294556,1.0021276473999023,0.09909016638994217,0.10142779350280762,-0.023400865495204926
1765156543.7223299,cf2,-0.04222080484032631,0.8286148309707642,0.5876361131668091,0.04937497898936272,0.5911967754364014,0.8804391622543335
1765156543.7226915,cf2,-0.04222080484032631,0.8286148309707642,0.5876361131668091,0.04482258856296539,0.5574689507484436,1.075238823890686
1765156543.7342308,cf1,0.055107854306697845,1.0576452016830444,1.0013830661773682,0.09909016638994217,0.10142779350280762,-0.023400865495204926
1765156543.7345648,cf1,0.055107854306697845,1.0576452016830444,1.0013830661773682,0.1006796658039093,0.10299517214298248,-0.04017636924982071
1765156543.742333,cf2,-0.03996466472744942,0.8350000977516174,0.6110544204711914,0.04482258856296539,0.5574689507484436,1.075238823890686
1765156543.742614,cf2,-0.03996466472744942,0.8350000977516174,0.6110544204711914,0.04273140802979469,0.5227063894271851,1.1812406778335571
1765156543.7542808,cf1,0.057166922837495804,1.0597448348999023,1.0004093647003174,0.1006796658039093,0.10299517214298248,-0.04017636924982071
1765156543.754654,cf1,0.057166922837495804,1.0597448348999023,1.0004093647003174,0.10252214223146439,0.10475164651870728,-0.04785118252038956
1765156543.762321,cf2,-0.03804660961031914,0.8398030400276184,0.6288020014762878,0.04273140802979469,0.5227063894271851,1.1812406778335571
1765156543.7626803,cf2,-0.03804660961031914,0.8398030400276184,0.6288020014762878,0.042457710951566696,0.479197233915329,1.159481406211853
1765156543.774279,cf1,0.05927629396319389,1.0618925094604492,0.9994948506355286,0.10252214223146439,0.10475164651870728,-0.04785118252038956
1765156543.7746408,cf1,0.05927629396319389,1.0618925094604492,0.9994948506355286,0.10432375222444534,0.10639725625514984,-0.045146893709897995
1765156543.7823205,cf2,-0.03448501229286194,0.8460302948951721,0.6571064591407776,0.042457710951566696,0.479197233915329,1.159481406211853
1765156543.7827723,cf2,-0.03448501229286194,0.8460302948951721,0.6571064591407776,0.04639542102813721,0.4445095360279083,1.0955647230148315
1765156543.7942047,cf1,0.06142386794090271,1.0640738010406494,0.9988385438919067,0.10432375222444534,0.10639725625514984,-0.045146893709897995
1765156543.79456,cf1,0.06142386794090271,1.0640738010406494,0.9988385438919067,0.10608047246932983,0.10793191194534302,-0.03242597356438637
1765156543.802291,cf2,-0.03154292330145836,0.8513110280036926,0.6761488318443298,0.04639542102813721,0.4445095360279083,1.0955647230148315
1765156543.8025591,cf2,-0.03154292330145836,0.8513110280036926,0.6761488318443298,0.052308205515146255,0.395116925239563,0.9379160404205322
1765156543.8141413,cf1,0.06360982358455658,1.066287636756897,0.9985758662223816,0.10608047246932983,0.10793191194534302,-0.03242597356438637
1765156543.8144886,cf1,0.06360982358455658,1.066287636756897,0.9985758662223816,0.10780852288007736,0.10938221961259842,-0.012671021744608879
1765156543.8224382,cf2,-0.028863847255706787,0.8562862873077393,0.6896249651908875,0.052308205515146255,0.395116925239563,0.9379160404205322
1765156543.8228188,cf2,-0.028863847255706787,0.8562862873077393,0.6896249651908875,0.06217220425605774,0.33707553148269653,0.7412522435188293
1765156543.8340871,cf1,0.06583406031131744,1.0685327053070068,0.9987454414367676,0.10780852288007736,0.10938221961259842,-0.012671021744608879
1765156543.8343878,cf1,0.06583406031131744,1.0685327053070068,0.9987454414367676,0.10912790149450302,0.11037489771842957,0.009073086082935333
1765156543.8423364,cf2,-0.026739612221717834,0.8605749607086182,0.6976523399353027,0.06217220425605774,0.33707553148269653,0.7412522435188293
1765156543.842647,cf2,-0.026739612221717834,0.8605749607086182,0.6976523399353027,0.07841267436742783,0.280740350484848,0.543677031993866
1765156543.8540905,cf1,0.06809621304273605,1.0708075761795044,0.9993024468421936,0.10912790149450302,0.11037489771842957,0.009073086082935333
1765156543.8543131,cf1,0.06809621304273605,1.0708075761795044,0.9993024468421936,0.11082426458597183,0.11170285940170288,0.02919003739953041
1765156543.8632777,cf2,-0.023723945021629333,0.8654453158378601,0.706587016582489,0.07841267436742783,0.280740350484848,0.543677031993866
1765156543.8636584,cf2,-0.023723945021629333,0.8654453158378601,0.706587016582489,0.10217351466417313,0.2294311225414276,0.3770025074481964
1765156543.874224,cf1,0.07039523124694824,1.0731106996536255,1.000134825706482,0.11082426458597183,0.11170285940170288,0.02919003739953041
1765156543.874576,cf1,0.07039523124694824,1.0731106996536255,1.000134825706482,0.11251692473888397,0.11299913376569748,0.04387111961841583
1765156543.8833027,cf2,-0.0202751737087965,0.8701758980751038,0.7137875556945801,0.10217351466417313,0.2294311225414276,0.3770025074481964
1765156543.8836439,cf2,-0.0202751737087965,0.8701758980751038,0.7137875556945801,0.12806561589241028,0.18467912077903748,0.2719291150569916
1765156543.8940084,cf1,0.07272946089506149,1.0754404067993164,1.0010830163955688,0.11251692473888397,0.11299913376569748,0.04387111961841583
1765156543.8943267,cf1,0.07272946089506149,1.0754404067993164,1.0010830163955688,0.11420806497335434,0.1142825186252594,0.05071120336651802
1765156543.9033813,cf2,-0.015679534524679184,0.8748767375946045,0.7206204533576965,0.12806561589241028,0.18467912077903748,0.2719291150569916
1765156543.90368,cf2,-0.015679534524679184,0.8748767375946045,0.7206204533576965,0.1566326916217804,0.1483171135187149,0.2335190773010254
1765156543.9141107,cf1,0.07509764283895493,1.0777959823608398,1.0019463300704956,0.11420806497335434,0.1142825186252594,0.05071120336651802
1765156543.914367,cf1,0.07509764283895493,1.0777959823608398,1.0019463300704956,0.1159290000796318,0.11559196561574936,0.04736417159438133
1765156543.9234304,cf2,-0.011631760746240616,0.8782978057861328,0.7260430455207825,0.1566326916217804,0.1483171135187149,0.2335190773010254
1765156543.9237745,cf2,-0.011631760746240616,0.8782978057861328,0.7260430455207825,0.18120907247066498,0.11938859522342682,0.24414049088954926
1765156543.934214,cf1,0.07749893516302109,1.0801770687103271,1.0025379657745361,0.1159290000796318,0.11559196561574936,0.04736417159438133
1765156543.9345958,cf1,0.07749893516302109,1.0801770687103271,1.0025379657745361,0.11769743263721466,0.11695922166109085,0.03455813601613045
1765156543.9432495,cf2,-0.006659942679107189,0.8817970752716064,0.7333027124404907,0.18120907247066498,0.11938859522342682,0.24414049088954926
1765156543.9436057,cf2,-0.006659942679107189,0.8817970752716064,0.7333027124404907,0.20566360652446747,0.1014767438173294,0.3006231486797333
1765156543.9542058,cf1,0.07993271946907043,1.082584023475647,1.0027228593826294,0.11769743263721466,0.11695922166109085,0.03455813601613045
1765156543.954419,cf1,0.07993271946907043,1.082584023475647,1.0027228593826294,0.11951009184122086,0.1183922290802002,0.014696349389851093
1765156543.962368,cf2,-0.005061345174908638,0.8834925889968872,0.7366587519645691,0.20566360652446747,0.1014767438173294,0.3006231486797333
1765156543.96275,cf2,-0.005061345174908638,0.8834925889968872,0.7366587519645691,0.21322783827781677,0.09662269800901413,0.3328227996826172
1765156543.9743004,cf1,0.08239871263504028,1.0850168466567993,1.0024356842041016,0.11951009184122086,0.1183922290802002,0.014696349389851093
1765156543.9746842,cf1,0.08239871263504028,1.0850168466567993,1.0024356842041016,0.12135431170463562,0.11988585442304611,-0.009018151089549065
1765156543.982346,cf2,-0.00012491110828705132,0.8871054649353027,0.7454921007156372,0.21322783827781677,0.09662269800901413,0.3328227996826172
1765156543.9827037,cf2,-0.00012491110828705132,0.8871054649353027,0.7454921007156372,0.23213964700698853,0.09172762185335159,0.40953218936920166
1765156543.9940698,cf1,0.08458709716796875,1.0871706008911133,1.0017873048782349,0.12135431170463562,0.11988585442304611,-0.009018151089549065
1765156543.9943054,cf1,0.08458709716796875,1.0871706008911133,1.0017873048782349,0.12191706895828247,0.12015119194984436,-0.03138771280646324
1765156544.0023055,cf2,0.005719637963920832,0.8915843963623047,0.7569529414176941,0.23213964700698853,0.09172762185335159,0.40953218936920166
1765156544.0026658,cf2,0.005719637963920832,0.8915843963623047,0.7569529414176941,0.24805420637130737,0.09643809497356415,0.48050639033317566
1765156544.0143616,cf1,0.08709514141082764,1.0896353721618652,1.000836968421936,0.12191706895828247,0.12015119194984436,-0.03138771280646324
1765156544.0145957,cf1,0.08709514141082764,1.0896353721618652,1.000836968421936,0.12317654490470886,0.1211388036608696,-0.046163108199834824
1765156544.0222569,cf2,0.010979510843753815,0.8964348435401917,0.7685691714286804,0.24805420637130737,0.09643809497356415,0.48050639033317566
1765156544.0226033,cf2,0.010979510843753815,0.8964348435401917,0.7685691714286804,0.25708991289138794,0.1098531037569046,0.5341401696205139
1765156544.034026,cf1,0.09004741162061691,1.0925321578979492,0.9996362924575806,0.12317654490470886,0.1211388036608696,-0.046163108199834824
1765156544.0343857,cf1,0.09004741162061691,1.0925321578979492,0.9996362924575806,0.1251806914806366,0.1228647381067276,-0.05062923580408096
1765156544.0423462,cf2,0.01608990505337715,0.9019402861595154,0.7807260751724243,0.25708991289138794,0.1098531037569046,0.5341401696205139
1765156544.0426471,cf2,0.01608990505337715,0.9019402861595154,0.7807260751724243,0.2618468403816223,0.13157500326633453,0.5708963871002197
1765156544.0540226,cf1,0.09260467439889908,1.0950356721878052,0.9987711906433105,0.1251806914806366,0.1228647381067276,-0.05062923580408096
1765156544.0542758,cf1,0.09260467439889908,1.0950356721878052,0.9987711906433105,0.1270313709974289,0.12448000907897949,-0.04324576258659363
1765156544.0624356,cf2,0.021190211176872253,0.9082308411598206,0.7932356595993042,0.2618468403816223,0.13157500326633453,0.5708963871002197
1765156544.0628886,cf2,0.021190211176872253,0.9082308411598206,0.7932356595993042,0.26314136385917664,0.15977150201797485,0.5778784155845642
1765156544.0740278,cf1,0.09525569528341293,1.0976271629333496,0.9982300400733948,0.1270313709974289,0.12448000907897949,-0.04324576258659363
1765156544.074393,cf1,0.09525569528341293,1.0976271629333496,0.9982300400733948,0.1290556937456131,0.1262827217578888,-0.02639942429959774
1765156544.0834324,cf2,0.025938251987099648,0.9149708151817322,0.804750919342041,0.26314136385917664,0.15977150201797485,0.5778784155845642
1765156544.0837932,cf2,0.025938251987099648,0.9149708151817322,0.804750919342041,0.2597908675670624,0.1936642825603485,0.5505772829055786
1765156544.0939612,cf1,0.09795677661895752,1.1002638339996338,0.9981423616409302,0.1290556937456131,0.1262827217578888,-0.02639942429959774
1765156544.0943363,cf1,0.09795677661895752,1.1002638339996338,0.9981423616409302,0.13113155961036682,0.12814918160438538,-0.0036281610373407602
1765156544.103488,cf2,0.029927637428045273,0.9214380979537964,0.8137909173965454,0.2597908675670624,0.1936642825603485,0.5505772829055786
1765156544.103854,cf2,0.029927637428045273,0.9214380979537964,0.8137909173965454,0.24730174243450165,0.23027628660202026,0.4788112938404083
1765156544.1142035,cf1,0.10070502758026123,1.1029430627822876,0.9985106587409973,0.13113155961036682,0.12814918160438538,-0.0036281610373407602
1765156544.1143339,cf1,0.10070502758026123,1.1029430627822876,0.9985106587409973,0.13321922719478607,0.13003548979759216,0.0197353083640337
1765156544.1234102,cf2,0.034201107919216156,0.9288402795791626,0.8223881721496582,0.24730174243450165,0.23027628660202026,0.4788112938404083
1765156544.1236308,cf2,0.034201107919216156,0.9288402795791626,0.8223881721496582,0.2329840511083603,0.2667994201183319,0.39463141560554504
1765156544.1339715,cf1,0.103499636054039,1.1056643724441528,0.9992404580116272,0.13321922719478607,0.13003548979759216,0.0197353083640337
1765156544.1342494,cf1,0.103499636054039,1.1056643724441528,0.9992404580116272,0.13532035052776337,0.1319427192211151,0.03884533420205116
1765156544.143489,cf2,0.03881154954433441,0.9374610781669617,0.8300726413726807,0.2329840511083603,0.2667994201183319,0.39463141560554504
1765156544.1437588,cf2,0.03881154954433441,0.9374610781669617,0.8300726413726807,0.21681180596351624,0.30391669273376465,0.30178532004356384
1765156544.1542501,cf1,0.10647156834602356,1.108555555343628,1.000218391418457,0.13532035052776337,0.1319427192211151,0.03884533420205116
1765156544.154647,cf1,0.10647156834602356,1.108555555343628,1.000218391418457,0.13694140315055847,0.13338878750801086,0.05071910098195076
1765156544.163592,cf2,0.042217548936605453,0.9447405934333801,0.8345788717269897,0.21681180596351624,0.30391669273376465,0.30178532004356384
1765156544.163905,cf2,0.042217548936605453,0.9447405934333801,0.8345788717269897,0.19430312514305115,0.333294153213501,0.20757882297039032
1765156544.174255,cf1,0.10922300070524216,1.111229658126831,1.0011157989501953,0.13694140315055847,0.13338878750801086,0.05071910098195076
1765156544.1746216,cf1,0.10922300070524216,1.111229658126831,1.0011157989501953,0.13873586058616638,0.135023295879364,0.05144214630126953
1765156544.1822686,cf2,0.04618318751454353,0.953970730304718,0.8388887047767639,0.19430312514305115,0.333294153213501,0.20757882297039032
1765156544.1826217,cf2,0.04618318751454353,0.953970730304718,0.8388887047767639,0.17011524736881256,0.35874080657958984,0.13318604230880737
1765156544.1940784,cf1,0.1121339425444603,1.1140570640563965,1.001850962638855,0.13873586058616638,0.135023295879364,0.05144214630126953
1765156544.194443,cf1,0.1121339425444603,1.1140570640563965,1.001850962638855,0.14078983664512634,0.13691850006580353,0.041936881840229034
1765156544.202301,cf2,0.04921070486307144,0.962295651435852,0.8420405387878418,0.17011524736881256,0.35874080657958984,0.13318604230880737
1765156544.2036226,cf2,0.04921070486307144,0.962295651435852,0.8420405387878418,0.14580193161964417,0.37323445081710815,0.08948231488466263
1765156544.2144046,cf1,0.11508770287036896,1.1169241666793823,1.002230167388916,0.14078983664512634,0.13691850006580353,0.041936881840229034
1765156544.2146342,cf1,0.11508770287036896,1.1169241666793823,1.002230167388916,0.1428106278181076,0.13877999782562256,0.024084782227873802
1765156544.222327,cf2,0.051655739545822144,0.9701719284057617,0.8451948761940002,0.14580193161964417,0.37323445081710815,0.08948231488466263
1765156544.2226944,cf2,0.051655739545822144,0.9701719284057617,0.8451948761940002,0.12222760170698166,0.37822821736335754,0.07979564368724823
1765156544.2342896,cf1,0.11807523667812347,1.1198220252990723,1.0021538734436035,0.1428106278181076,0.13877999782562256,0.024084782227873802
1765156544.234693,cf1,0.11807523667812347,1.1198220252990723,1.0021538734436035,0.14478738605976105,0.14059333503246307,0.0010928412666544318
1765156544.2423167,cf2,0.05407969653606415,0.9793118238449097,0.849482536315918,0.12222760170698166,0.37822821736335754,0.07979564368724823
1765156544.2426503,cf2,0.05407969653606415,0.9793118238449097,0.849482536315918,0.10154888778924942,0.3782917857170105,0.1055363267660141
1765156544.2540908,cf1,0.12131980806589127,1.1229689121246338,1.0016506910324097,0.14478738605976105,0.14059333503246307,0.0010928412666544318
1765156544.2543416,cf1,0.12131980806589127,1.1229689121246338,1.0016506910324097,0.14672623574733734,0.14235535264015198,-0.021966813132166862
1765156544.262171,cf2,0.0559125617146492,0.9876900315284729,0.855003833770752,0.10154888778924942,0.3782917857170105,0.1055363267660141
1765156544.2629974,cf2,0.0559125617146492,0.9876900315284729,0.855003833770752,0.08306148648262024,0.3711279034614563,0.16156098246574402
1765156544.2741392,cf1,0.12437667697668076,1.125929355621338,1.0007365942001343,0.14672623574733734,0.14235535264015198,-0.021966813132166862
1765156544.2745144,cf1,0.12437667697668076,1.125929355621338,1.0007365942001343,0.14861315488815308,0.144039586186409,-0.03924933820962906
1765156544.2823198,cf2,0.05710233375430107,0.9941433668136597,0.8611811399459839,0.08306148648262024,0.3711279034614563,0.16156098246574402
1765156544.2825844,cf2,0.05710233375430107,0.9941433668136597,0.8611811399459839,0.06575097143650055,0.35360395908355713,0.2322332113981247
1765156544.2941177,cf1,0.12746870517730713,1.1289204359054565,0.9997125267982483,0.14861315488815308,0.144039586186409,-0.03924933820962906
1765156544.2944643,cf1,0.12746870517730713,1.1289204359054565,0.9997125267982483,0.1504354029893875,0.145628422498703,-0.0463433563709259
1765156544.3025243,cf2,0.058287110179662704,1.0009450912475586,0.8693221211433411,0.06575097143650055,0.35360395908355713,0.2322332113981247
1765156544.3028865,cf2,0.058287110179662704,1.0009450912475586,0.8693221211433411,0.0518629364669323,0.3349916636943817,0.3071357309818268
1765156544.3140597,cf1,0.13059739768505096,1.1319427490234375,0.9988291263580322,0.1504354029893875,0.145628422498703,-0.0463433563709259
1765156544.314386,cf1,0.13059739768505096,1.1319427490234375,0.9988291263580322,0.1521754413843155,0.14709819853305817,-0.04166758805513382
1765156544.322386,cf2,0.05935997888445854,1.007039189338684,0.8786513209342957,0.0518629364669323,0.3349916636943817,0.3071357309818268
1765156544.322736,cf2,0.05935997888445854,1.007039189338684,0.8786513209342957,0.04101504012942314,0.31199774146080017,0.3710016906261444
1765156544.3341792,cf1,0.13376276195049286,1.1349949836730957,0.9982854127883911,0.1521754413843155,0.14709819853305817,-0.04166758805513382
1765156544.334412,cf1,0.13376276195049286,1.1349949836730957,0.9982854127883911,0.15473833680152893,0.14932622015476227,-0.02762094885110855
1765156544.3423698,cf2,0.06041084975004196,1.0123825073242188,0.8886086940765381,0.04101504012942314,0.31199774146080017,0.3710016906261444
1765156544.3426673,cf2,0.06041084975004196,1.0123825073242188,0.8886086940765381,0.03355681523680687,0.2846371531486511,0.4104367792606354
1765156544.3531935,cf1,0.1369982361793518,1.1381081342697144,0.9981922507286072,0.15473833680152893,0.14932622015476227,-0.02762094885110855
1765156544.3538356,cf1,0.1369982361793518,1.1381081342697144,0.9981922507286072,0.1560012400150299,0.1502322256565094,-0.0058960942551493645
1765156544.3635905,cf2,0.061619263142347336,1.0175367593765259,0.8996797204017639,0.03355681523680687,0.2846371531486511,0.4104367792606354
1765156544.3639252,cf2,0.061619263142347336,1.0175367593765259,0.8996797204017639,0.02958644926548004,0.25221481919288635,0.4167324900627136
1765156544.3733118,cf1,0.14019620418548584,1.1411774158477783,0.9985371232032776,0.1560012400150299,0.1502322256565094,-0.0058960942551493645
1765156544.3738267,cf1,0.14019620418548584,1.1411774158477783,0.9985371232032776,0.1574077010154724,0.15124791860580444,0.015611255541443825
1765156544.3822687,cf2,0.06285163760185242,1.0216954946517944,0.9089298844337463,0.02958644926548004,0.25221481919288635,0.4167324900627136
1765156544.382541,cf2,0.06285163760185242,1.0216954946517944,0.9089298844337463,0.029910044744610786,0.21604850888252258,0.377683162689209
1765156544.3932357,cf1,0.14346185326576233,1.144303560256958,0.9992246627807617,0.1574077010154724,0.15124791860580444,0.015611255541443825
1765156544.3937402,cf1,0.14346185326576233,1.144303560256958,0.9992246627807617,0.1588849574327469,0.1522957682609558,0.033732958137989044
1765156544.4023108,cf2,0.0641874372959137,1.0253976583480835,0.9170940518379211,0.029910044744610786,0.21604850888252258,0.377683162689209
1765156544.4025939,cf2,0.0641874372959137,1.0253976583480835,0.9170940518379211,0.03454773128032684,0.18310348689556122,0.30999496579170227
1765156544.4132657,cf1,0.14675934612751007,1.1474515199661255,1.0001012086868286,0.1588849574327469,0.1522957682609558,0.033732958137989044
1765156544.4135993,cf1,0.14675934612751007,1.1474515199661255,1.0001012086868286,0.16030752658843994,0.15325821936130524,0.0445718951523304
1765156544.4234898,cf2,0.06567869335412979,1.0288385152816772,0.9221392869949341,0.03454773128032684,0.18310348689556122,0.30999496579170227
1765156544.423835,cf2,0.06567869335412979,1.0288385152816772,0.9221392869949341,0.04387230426073074,0.14739511907100677,0.208711177110672
1765156544.4333036,cf1,0.15008336305618286,1.150615930557251,1.000977635383606,0.16030752658843994,0.15325821936130524,0.0445718951523304
1765156544.433572,cf1,0.15008336305618286,1.150615930557251,1.000977635383606,0.1616763025522232,0.15413551032543182,0.04629090428352356
1765156544.4435232,cf2,0.06720737367868423,1.0318008661270142,0.9252434372901917,0.04387230426073074,0.14739511907100677,0.208711177110672
1765156544.443845,cf2,0.06720737367868423,1.0318008661270142,0.9252434372901917,0.05696656182408333,0.11708927154541016,0.10550522804260254
1765156544.4536343,cf1,0.15343192219734192,1.153794765472412,1.0016522407531738,0.1616763025522232,0.15413551032543182,0.04629090428352356
1765156544.4539077,cf1,0.15343192219734192,1.153794765472412,1.0016522407531738,0.16303184628486633,0.1549721658229828,0.03812827169895172
1765156544.4636824,cf2,0.06894779950380325,1.0345864295959473,0.9268106818199158,0.05696656182408333,0.11708927154541016,0.10550522804260254
1765156544.4639375,cf2,0.06894779950380325,1.0345864295959473,0.9268106818199158,0.07261849194765091,0.09419023245573044,0.023572072386741638
1765156544.4731407,cf1,0.15680427849292755,1.1569875478744507,1.00197434425354,0.16303184628486633,0.1549721658229828,0.03812827169895172
1765156544.4735863,cf1,0.15680427849292755,1.1569875478744507,1.00197434425354,0.16440260410308838,0.15580113232135773,0.02226940728724003
1765156544.483464,cf2,0.07094931602478027,1.0371124744415283,0.9273507595062256,0.07261849194765091,0.09419023245573044,0.023572072386741638
1765156544.4837892,cf2,0.07094931602478027,1.0371124744415283,0.9273507595062256,0.08980686962604523,0.0779137834906578,-0.023026444017887115
1765156544.4934402,cf1,0.16020072996616364,1.1601942777633667,1.0018600225448608,0.16440260410308838,0.15580113232135773,0.02226940728724003
1765156544.4938521,cf1,0.16020072996616364,1.1601942777633667,1.0018600225448608,0.16581550240516663,0.15664945542812347,0.0015050126239657402
1765156544.5045228,cf2,0.07328256219625473,1.0394008159637451,0.9276893138885498,0.08980686962604523,0.0779137834906578,-0.023026444017887115
1765156544.504923,cf2,0.07328256219625473,1.0394008159637451,0.9276893138885498,0.10707727074623108,0.06882733106613159,-0.028146741911768913
1765156544.5133157,cf1,0.16362231969833374,1.163415789604187,1.0013165473937988,0.16581550240516663,0.15664945542812347,0.0015050126239657402
1765156544.5136626,cf1,0.16362231969833374,1.163415789604187,1.0013165473937988,0.16727282106876373,0.15752694010734558,-0.019735664129257202
1765156544.522353,cf2,0.07612252980470657,1.0414795875549316,0.9281846284866333,0.10707727074623108,0.06882733106613159,-0.028146741911768913
1765156544.5227072,cf2,0.07612252980470657,1.0414795875549316,0.9281846284866333,0.12392064929008484,0.06582149863243103,0.005154381040483713
1765156544.5332482,cf1,0.16707096993923187,1.1666533946990967,1.0004754066467285,0.16727282106876373,0.15752694010734558,-0.019735664129257202
1765156544.5336926,cf1,0.16707096993923187,1.1666533946990967,1.0004754066467285,0.16877692937850952,0.15843482315540314,-0.03550108149647713
1765156544.542325,cf2,0.07922545075416565,1.0436668395996094,0.9301961660385132,0.12392064929008484,0.06582149863243103,0.005154381040483713
1765156544.5427027,cf2,0.07922545075416565,1.0436668395996094,0.9301961660385132,0.13951325416564941,0.06804805994033813,0.0602998360991478
1765156544.553521,cf1,0.16947109997272491,1.1688976287841797,0.9998363256454468,0.16877692937850952,0.15843482315540314,-0.03550108149647713
1765156544.5539334,cf1,0.16947109997272491,1.1688976287841797,0.9998363256454468,0.16662709414958954,0.15590664744377136,-0.04056740924715996
1765156544.5624154,cf2,0.08268247544765472,1.0460790395736694,0.9334903955459595,0.13951325416564941,0.06804805994033813,0.0602998360991478
1765156544.56279,cf2,0.08268247544765472,1.0460790395736694,0.9334903955459595,0.15238404273986816,0.07526081800460815,0.12728382647037506
1765156544.5733438,cf1,0.1739778071641922,1.1731067895889282,0.9988038539886475,0.16662709414958954,0.15590664744377136,-0.04056740924715996
1765156544.5740705,cf1,0.1739778071641922,1.1731067895889282,0.9988038539886475,0.17040517926216125,0.1589377075433731,-0.03671947121620178
1765156544.582434,cf2,0.08639039099216461,1.0488063097000122,0.9379032254219055,0.15238404273986816,0.07526081800460815,0.12728382647037506
1765156544.5827706,cf2,0.08639039099216461,1.0488063097000122,0.9379032254219055,0.16504250466823578,0.08526194840669632,0.1850784718990326
1765156544.5950944,cf1,0.17779965698719025,1.1766602993011475,0.9983192086219788,0.17040517926216125,0.1589377075433731,-0.03671947121620178
1765156544.5954826,cf1,0.17779965698719025,1.1766602993011475,0.9983192086219788,0.17201370000839233,0.15987840294837952,-0.021044664084911346
1765156544.6023257,cf2,0.09025938808917999,1.0518931150436401,0.943021297454834,0.16504250466823578,0.08526194840669632,0.1850784718990326
1765156544.6026664,cf2,0.09025938808917999,1.0518931150436401,0.943021297454834,0.17403504252433777,0.09935452044010162,0.2241145670413971
1765156544.613362,cf1,0.1794571429491043,1.1781929731369019,0.998421847820282,0.17201370000839233,0.15987840294837952,-0.021044664084911346
1765156544.6137497,cf1,0.1794571429491043,1.1781929731369019,0.998421847820282,0.1718364804983139,0.15944808721542358,-0.011019443161785603
1765156544.6233873,cf2,0.09235135465860367,1.054036021232605,0.9460556507110596,0.17403504252433777,0.09935452044010162,0.2241145670413971
1765156544.623612,cf2,0.09235135465860367,1.054036021232605,0.9460556507110596,0.18279798328876495,0.11625799536705017,0.23599116504192352
1765156544.6337225,cf1,0.18305286765098572,1.1815184354782104,0.9985771775245667,0.1718364804983139,0.15944808721542358,-0.011019443161785603
1765156544.6339827,cf1,0.18305286765098572,1.1815184354782104,0.9985771775245667,0.1736603081226349,0.1606312394142151,0.00869114138185978
1765156544.6423206,cf2,0.09635411947965622,1.0576406717300415,0.9510098099708557,0.18279798328876495,0.11625799536705017,0.23599116504192352
1765156544.642671,cf2,0.09635411947965622,1.0576406717300415,0.9510098099708557,0.18427003920078278,0.12626789510250092,0.22644057869911194
1765156544.6535418,cf1,0.18670454621315002,1.1848855018615723,0.9990535974502563,0.1736603081226349,0.1606312394142151,0.00869114138185978
1765156544.6539059,cf1,0.18670454621315002,1.1848855018615723,0.9990535974502563,0.17565228044986725,0.16198164224624634,0.026351839303970337
1765156544.6624207,cf2,0.10025445371866226,1.0614275932312012,0.9551176428794861,0.18427003920078278,0.12626789510250092,0.22644057869911194
1765156544.662928,cf2,0.10025445371866226,1.0614275932312012,0.9551176428794861,0.1872350573539734,0.14406666159629822,0.19101788103580475
1765156544.6732404,cf1,0.19039826095104218,1.188281774520874,0.9997516870498657,0.17565228044986725,0.16198164224624634,0.026351839303970337
1765156544.6734805,cf1,0.19039826095104218,1.188281774520874,0.9997516870498657,0.17766274511814117,0.16335731744766235,0.03910647705197334
1765156544.6823292,cf2,0.10418013483285904,1.0654730796813965,0.9581937193870544,0.1872350573539734,0.14406666159629822,0.19101788103580475
1765156544.6826754,cf2,0.10418013483285904,1.0654730796813965,0.9581937193870544,0.18756504356861115,0.16164252161979675,0.1354609727859497
1765156544.6941376,cf1,0.1941344290971756,1.1917070150375366,1.0005364418029785,0.17766274511814117,0.16335731744766235,0.03910647705197334
1765156544.6944308,cf1,0.1941344290971756,1.1917070150375366,1.0005364418029785,0.1797473281621933,0.1647956818342209,0.045333825051784515
1765156544.702303,cf2,0.10805396735668182,1.0697088241577148,0.9599981307983398,0.18756504356861115,0.16164252161979675,0.1354609727859497
1765156544.7026024,cf2,0.10805396735668182,1.0697088241577148,0.9599981307983398,0.18499897420406342,0.17773564159870148,0.06924432516098022
1765156544.7141993,cf1,0.19758965075016022,1.1948670148849487,1.001220941543579,0.1797473281621933,0.1647956818342209,0.045333825051784515
1765156544.7145648,cf1,0.19758965075016022,1.1948670148849487,1.001220941543579,0.181559756398201,0.16596731543540955,0.04315529018640518
1765156544.7234793,cf2,0.11184591799974442,1.0741100311279297,0.9605924487113953,0.18499897420406342,0.17773564159870148,0.06924432516098022
1765156544.7238228,cf2,0.11184591799974442,1.0741100311279297,0.9605924487113953,0.1798660308122635,0.19139085710048676,0.005304429214447737
1765156544.7342725,cf1,0.2017449140548706,1.1986570358276367,1.0017424821853638,0.181559756398201,0.16596731543540955,0.04315529018640518
1765156544.7346337,cf1,0.2017449140548706,1.1986570358276367,1.0017424821853638,0.18400569260120392,0.1677655130624771,0.03304794058203697
1765156544.74365,cf2,0.1155334934592247,1.0786738395690918,0.960316002368927,0.1798660308122635,0.19139085710048676,0.005304429214447737
1765156544.744013,cf2,0.1155334934592247,1.0786738395690918,0.960316002368927,0.1724909394979477,0.20260415971279144,-0.043544016778469086
1765156544.754274,cf1,0.20561961829662323,1.202183723449707,1.0018961429595947,0.18400569260120392,0.1677655130624771,0.03304794058203697
1765156544.7546568,cf1,0.20561961829662323,1.202183723449707,1.0018961429595947,0.1865679919719696,0.16968238353729248,0.016494352370500565
1765156544.7637491,cf2,0.11915617436170578,1.083465576171875,0.9596996903419495,0.1724909394979477,0.20260415971279144,-0.043544016778469086
1765156544.7640793,cf2,0.11915617436170578,1.083465576171875,0.9596996903419495,0.16285020112991333,0.20776572823524475,-0.06171119958162308
1765156544.77421,cf1,0.2091808170080185,1.2054187059402466,1.00173020362854,0.1865679919719696,0.16968238353729248,0.016494352370500565
1765156544.774568,cf1,0.2091808170080185,1.2054187059402466,1.00173020362854,0.189156174659729,0.17162324488162994,-0.00393556896597147
1765156544.7837307,cf2,0.12239016592502594,1.0881046056747437,0.9594095945358276,0.16285020112991333,0.20776572823524475,-0.06171119958162308
1765156544.7840812,cf2,0.12239016592502594,1.0881046056747437,0.9594095945358276,0.15366435050964355,0.2109270542860031,-0.0507555715739727
1765156544.7941036,cf1,0.2135065197944641,1.2093392610549927,1.0010286569595337,0.189156174659729,0.17162324488162994,-0.00393556896597147
1765156544.794503,cf1,0.2135065197944641,1.2093392610549927,1.0010286569595337,0.191714346408844,0.17354126274585724,-0.024179914966225624
1765156544.8036463,cf2,0.12550456821918488,1.0928680896759033,0.9598597884178162,0.15366435050964355,0.2109270542860031,-0.0507555715739727
1765156544.804032,cf2,0.12550456821918488,1.0928680896759033,0.9598597884178162,0.14477963745594025,0.2114877700805664,-0.013508893549442291
1765156544.814103,cf1,0.21715062856674194,1.2126357555389404,1.0002429485321045,0.191714346408844,0.17354126274585724,-0.024179914966225624
1765156544.814557,cf1,0.21715062856674194,1.2126357555389404,1.0002429485321045,0.19417054951190948,0.1753549873828888,-0.03918757662177086
1765156544.8224452,cf2,0.12840396165847778,1.0975725650787354,0.9614101648330688,0.14477963745594025,0.2114877700805664,-0.013508893549442291
1765156544.8227396,cf2,0.12840396165847778,1.0975725650787354,0.9614101648330688,0.13626638054847717,0.20963838696479797,0.042304523289203644
1765156544.834015,cf1,0.22120317816734314,1.2162929773330688,0.9992533922195435,0.19417054951190948,0.1753549873828888,-0.03918757662177086
1765156544.8342712,cf1,0.22120317816734314,1.2162929773330688,0.9992533922195435,0.1964758187532425,0.17700707912445068,-0.04585932940244675
1765156544.8444662,cf2,0.13143512606620789,1.102669596672058,0.9644010066986084,0.13626638054847717,0.20963838696479797,0.042304523289203644
1765156544.844907,cf2,0.13143512606620789,1.102669596672058,0.9644010066986084,0.12721407413482666,0.2046523094177246,0.10717565566301346
1765156544.8541915,cf1,0.22530022263526917,1.2199809551239014,0.998348593711853,0.1964758187532425,0.17700707912445068,-0.04585932940244675
1765156544.854462,cf1,0.22530022263526917,1.2199809551239014,0.998348593711853,0.19861452281475067,0.17847755551338196,-0.04309992119669914
1765156544.862379,cf2,0.13404546678066254,1.1071810722351074,0.9683271646499634,0.12721407413482666,0.2046523094177246,0.10717565566301346
1765156544.8626206,cf2,0.13404546678066254,1.1071810722351074,0.9683271646499634,0.11948621273040771,0.19788986444473267,0.15983572602272034
1765156544.8741791,cf1,0.22893626987934113,1.2232446670532227,0.9978193044662476,0.19861452281475067,0.17847755551338196,-0.04309992119669914
1765156544.874421,cf1,0.22893626987934113,1.2232446670532227,0.9978193044662476,0.19851025938987732,0.17790092527866364,-0.029928024858236313
1765156544.8823876,cf2,0.13644030690193176,1.1113113164901733,0.9726893305778503,0.11948621273040771,0.19788986444473267,0.15983572602272034
1765156544.8828568,cf2,0.13644030690193176,1.1113113164901733,0.9726893305778503,0.11347702890634537,0.1901959627866745,0.190176323056221
1765156544.894142,cf1,0.2335822880268097,1.227403163909912,0.9975084066390991,0.19851025938987732,0.17790092527866364,-0.029928024858236313
1765156544.8944666,cf1,0.2335822880268097,1.227403163909912,0.9975084066390991,0.20106163620948792,0.17965854704380035,-0.010638775303959846
1765156544.902383,cf2,0.13878272473812103,1.115256667137146,0.977040708065033,0.11347702890634537,0.1901959627866745,0.190176323056221
1765156544.9027486,cf2,0.13878272473812103,1.115256667137146,0.977040708065033,0.10892325639724731,0.18133795261383057,0.19358177483081818
1765156544.9140296,cf1,0.23782801628112793,1.2311890125274658,0.9977221488952637,0.20106163620948792,0.17965854704380035,-0.010638775303959846
1765156544.9143777,cf1,0.23782801628112793,1.2311890125274658,0.9977221488952637,0.20193560421466827,0.17986933887004852,0.011116627603769302
1765156544.9223535,cf2,0.14110051095485687,1.1190282106399536,0.9807698726654053,0.10892325639724731,0.18133795261383057,0.19358177483081818
1765156544.9226825,cf2,0.14110051095485687,1.1190282106399536,0.9807698726654053,0.10607421398162842,0.1717449128627777,0.1669626384973526
1765156544.9341342,cf1,0.24143292009830475,1.2343913316726685,0.9982672333717346,0.20193560421466827,0.17986933887004852,0.011116627603769302
1765156544.934524,cf1,0.24143292009830475,1.2343913316726685,0.9982672333717346,0.2008763551712036,0.1783108115196228,0.03121018409729004
1765156544.9424253,cf2,0.14307934045791626,1.1221483945846558,0.9829388856887817,0.10607421398162842,0.1717449128627777,0.1669626384973526
1765156544.9427762,cf2,0.14307934045791626,1.1221483945846558,0.9829388856887817,0.10377269983291626,0.15994837880134583,0.11318142712116241
1765156544.9540787,cf1,0.2456631064414978,1.2381360530853271,0.9991018772125244,0.2008763551712036,0.1783108115196228,0.03121018409729004
1765156544.9544113,cf1,0.2456631064414978,1.2381360530853271,0.9991018772125244,0.2022053599357605,0.17882001399993896,0.04640044644474983
1765156544.9623294,cf2,0.14572656154632568,1.1261019706726074,0.9846101403236389,0.10377269983291626,0.15994837880134583,0.11318142712116241
1765156544.9628775,cf2,0.14572656154632568,1.1261019706726074,0.9846101403236389,0.10516800731420517,0.1511155515909195,0.04878673702478409
1765156544.9742396,cf1,0.24995730817317963,1.2419219017028809,1.000071406364441,0.2022053599357605,0.17882001399993896,0.04640044644474983
1765156544.9745846,cf1,0.24995730817317963,1.2419219017028809,1.000071406364441,0.20362022519111633,0.17934726178646088,0.053570687770843506
1765156544.982329,cf2,0.14811788499355316,1.1295017004013062,0.9845399260520935,0.10516800731420517,0.1511155515909195,0.04878673702478409
1765156544.9826968,cf2,0.14811788499355316,1.1295017004013062,0.9845399260520935,0.10809344053268433,0.14269419014453888,-0.01811271347105503
1765156544.9940257,cf1,0.2542772889137268,1.245714783668518,1.0009901523590088,0.20362022519111633,0.17934726178646088,0.053570687770843506
1765156544.9942517,cf1,0.2542772889137268,1.245714783668518,1.0009901523590088,0.2049863636493683,0.17977513372898102,0.05126091092824936
1765156545.0023649,cf2,0.15047821402549744,1.1326602697372437,0.9834709167480469,0.10809344053268433,0.14269419014453888,-0.01811271347105503
1765156545.002785,cf2,0.15047821402549744,1.1326602697372437,0.9834709167480469,0.11182665079832077,0.13475719094276428,-0.06856164336204529
1765156545.014171,cf1,0.2586199641227722,1.2495110034942627,1.0016728639602661,0.2049863636493683,0.17977513372898102,0.05126091092824936
1765156545.0145054,cf1,0.2586199641227722,1.2495110034942627,1.0016728639602661,0.20636844635009766,0.1801488995552063,0.03956145420670509
1765156545.0224638,cf2,0.15319110453128815,1.1359931230545044,0.9817366003990173,0.11182665079832077,0.13475719094276428,-0.06856164336204529
1765156545.0228167,cf2,0.15319110453128815,1.1359931230545044,0.9817366003990173,0.11779468506574631,0.12998659908771515,-0.09103892743587494
1765156545.0332787,cf1,0.2636145353317261,1.2538566589355469,1.002036213874817,0.20636844635009766,0.1801488995552063,0.03956145420670509
1765156545.0337882,cf1,0.2636145353317261,1.2538566589355469,1.002036213874817,0.20824883878231049,0.18083734810352325,0.01930977962911129
1765156545.0424385,cf2,0.1553490310907364,1.1385258436203003,0.9810009598731995,0.11779468506574631,0.12998659908771515,-0.09103892743587494
1765156545.0427465,cf2,0.1553490310907364,1.1385258436203003,0.9810009598731995,0.12294483184814453,0.1255563646554947,-0.07867487519979477
1765156545.0532317,cf1,0.2674161195755005,1.2571487426757812,1.0018106698989868,0.20824883878231049,0.18083734810352325,0.01930977962911129
1765156545.053598,cf1,0.2674161195755005,1.2571487426757812,1.0018106698989868,0.2076263576745987,0.17934730648994446,-0.004927618429064751
1765156545.0636454,cf2,0.15811891853809357,1.141502857208252,0.9805063009262085,0.12294483184814453,0.1255563646554947,-0.07867487519979477
1765156545.0639358,cf2,0.15811891853809357,1.141502857208252,0.9805063009262085,0.12981319427490234,0.12436847388744354,-0.04014585167169571
1765156545.0735524,cf1,0.2718041241168976,1.2609326839447021,1.0011931657791138,0.2076263576745987,0.17934730648994446,-0.004927618429064751
1765156545.0739338,cf1,0.2718041241168976,1.2609326839447021,1.0011931657791138,0.20936915278434753,0.17986159026622772,-0.028322508558630943
1765156545.082381,cf2,0.1618063747882843,1.1450964212417603,0.9807827472686768,0.12981319427490234,0.12436847388744354,-0.04014585167169571
1765156545.0827527,cf2,0.1618063747882843,1.1450964212417603,0.9807827472686768,0.1382913440465927,0.12510216236114502,0.020017249509692192
1765156545.0937366,cf1,0.27625811100006104,1.264754295349121,1.0002468824386597,0.20936915278434753,0.17986159026622772,-0.028322508558630943
1765156545.0940797,cf1,0.27625811100006104,1.264754295349121,1.0002468824386597,0.21126438677310944,0.180447056889534,-0.04585416987538338
1765156545.102541,cf2,0.16487793624401093,1.1480292081832886,0.9827239513397217,0.1382913440465927,0.12510216236114502,0.020017249509692192
1765156545.103295,cf2,0.16487793624401093,1.1480292081832886,0.9827239513397217,0.14421895146369934,0.1263992190361023,0.07928048819303513
1765156545.1131032,cf1,0.28074726462364197,1.2685848474502563,0.9991801381111145,0.21126438677310944,0.180447056889534,-0.04585416987538338
1765156545.1134202,cf1,0.28074726462364197,1.2685848474502563,0.9991801381111145,0.21316057443618774,0.18098554015159607,-0.052645985037088394
1765156545.122375,cf2,0.1682094782590866,1.1511430740356445,0.9855303764343262,0.14421895146369934,0.1263992190361023,0.07928048819303513
1765156545.1227915,cf2,0.1682094782590866,1.1511430740356445,0.9855303764343262,0.15103672444820404,0.1295383721590042,0.12602216005325317
1765156545.1340492,cf1,0.28527316451072693,1.272423505783081,0.998235285282135,0.21316057443618774,0.18098554015159607,-0.052645985037088394
1765156545.134427,cf1,0.28527316451072693,1.272423505783081,0.998235285282135,0.2150668501853943,0.18149861693382263,-0.04674409702420235
1765156545.1424594,cf2,0.17167571187019348,1.154366374015808,0.9887487292289734,0.15103672444820404,0.1295383721590042,0.12602216005325317
1765156545.142815,cf2,0.17167571187019348,1.154366374015808,0.9887487292289734,0.15756939351558685,0.13385950028896332,0.15080831944942474
1765156545.154197,cf1,0.29067230224609375,1.2769711017608643,0.9974690079689026,0.2150668501853943,0.18149861693382263,-0.04674409702420235
1765156545.1545405,cf1,0.29067230224609375,1.2769711017608643,0.9974690079689026,0.21641747653484344,0.18133662641048431,-0.027810048311948776
1765156545.1622627,cf2,0.1752336621284485,1.1576883792877197,0.9917948842048645,0.15756939351558685,0.13385950028896332,0.15080831944942474
1765156545.1625364,cf2,0.1752336621284485,1.1576883792877197,0.9917948842048645,0.16340531408786774,0.13898582756519318,0.147350013256073
1765156545.1740394,cf1,0.2951749265193939,1.2807351350784302,0.9973924160003662,0.21641747653484344,0.18133662641048431,-0.027810048311948776
1765156545.1743736,cf1,0.2951749265193939,1.2807351350784302,0.9973924160003662,0.2179906815290451,0.1815108060836792,-0.00396600691601634
1765156545.18342,cf2,0.1788901835680008,1.161128044128418,0.9941127300262451,0.16340531408786774,0.13898582756519318,0.147350013256073
1765156545.1837335,cf2,0.1788901835680008,1.161128044128418,0.9941127300262451,0.16804341971874237,0.14437426626682281,0.11382494866847992
1765156545.1941636,cf1,0.2998209297657013,1.284593105316162,0.9977864027023315,0.2179906815290451,0.1815108060836792,-0.00396600691601634
1765156545.1945097,cf1,0.2998209297657013,1.284593105316162,0.9977864027023315,0.2197297364473343,0.18181076645851135,0.020907912403345108
1765156545.2023623,cf2,0.18254567682743073,1.1646058559417725,0.9952648878097534,0.16804341971874237,0.14437426626682281,0.11382494866847992
1765156545.2027767,cf2,0.18254567682743073,1.1646058559417725,0.9952648878097534,0.17253851890563965,0.1503189653158188,0.0608225017786026
1765156545.2141044,cf1,0.30451029539108276,1.2884612083435059,0.9985833764076233,0.2197297364473343,0.18181076645851135,0.020907912403345108
1765156545.2144842,cf1,0.30451029539108276,1.2884612083435059,0.9985833764076233,0.22140343487262726,0.18204312026500702,0.04186335578560829
1765156545.2223222,cf2,0.18618643283843994,1.1681097745895386,0.99517822265625,0.17253851890563965,0.1503189653158188,0.0608225017786026
1765156545.222699,cf2,0.18618643283843994,1.1681097745895386,0.99517822265625,0.17516005039215088,0.15564540028572083,-0.0001495741307735443
1765156545.23412,cf1,0.30923256278038025,1.292331337928772,0.9996199607849121,0.22140343487262726,0.18204312026500702,0.04186335578560829
1765156545.2345183,cf1,0.30923256278038025,1.292331337928772,0.9996199607849121,0.22296656668186188,0.18217116594314575,0.05474616587162018
1765156545.242428,cf2,0.189886674284935,1.1717108488082886,0.9940376281738281,0.17516005039215088,0.15564540028572083,-0.0001495741307735443
1765156545.2427807,cf2,0.189886674284935,1.1717108488082886,0.9940376281738281,0.1768050491809845,0.16048696637153625,-0.054218828678131104
1765156545.253938,cf1,0.31398212909698486,1.296199917793274,1.0006800889968872,0.22296656668186188,0.18217116594314575,0.05474616587162018
1765156545.254202,cf1,0.31398212909698486,1.296199917793274,1.0006800889968872,0.2243790477514267,0.1821613907814026,0.05680596083402634
1765156545.262423,cf2,0.19359874725341797,1.175376296043396,0.9923191070556641,0.1768050491809845,0.16048696637153625,-0.054218828678131104
1765156545.2627766,cf2,0.19359874725341797,1.175376296043396,0.9923191070556641,0.17744837701320648,0.16452375054359436,-0.08624213933944702
1765156545.2740288,cf1,0.3187546730041504,1.3000640869140625,1.0015456676483154,0.2243790477514267,0.1821613907814026,0.05680596083402634
1765156545.274352,cf1,0.3187546730041504,1.3000640869140625,1.0015456676483154,0.22564716637134552,0.18201029300689697,0.047937050461769104
1765156545.2822425,cf2,0.19730889797210693,1.1791026592254639,0.9906438589096069,0.17744837701320648,0.16452375054359436,-0.08624213933944702
1765156545.282602,cf2,0.19730889797210693,1.1791026592254639,0.9906438589096069,0.17729708552360535,0.1676894873380661,-0.0892447680234909
1765156545.2941482,cf1,0.32282790541648865,1.3033452033996582,1.0019302368164062,0.22564716637134552,0.18201029300689697,0.047937050461769104
1765156545.294424,cf1,0.32282790541648865,1.3033452033996582,1.0019302368164062,0.22404418885707855,0.17952758073806763,0.029032273218035698
1765156545.3022807,cf2,0.20100365579128265,1.1828815937042236,0.9895970225334167,0.17729708552360535,0.1676894873380661,-0.0892447680234909
1765156545.3027012,cf2,0.20100365579128265,1.1828815937042236,0.9895970225334167,0.17660468816757202,0.17002566158771515,-0.06321357935667038
1765156545.3140845,cf1,0.3283018469810486,1.307727575302124,1.002039909362793,0.22404418885707855,0.17952758073806763,0.029032273218035698
1765156545.3143227,cf1,0.3283018469810486,1.307727575302124,1.002039909362793,0.2261606901884079,0.17998617887496948,0.005220955703407526
1765156545.3222957,cf2,0.20467127859592438,1.1866965293884277,0.9895546436309814,0.17660468816757202,0.17002566158771515,-0.06321357935667038
1765156545.3228884,cf2,0.20467127859592438,1.1866965293884277,0.9895546436309814,0.17555880546569824,0.1716143935918808,-0.01833730936050415
1765156545.3342164,cf1,0.3331702649593353,1.3116017580032349,1.0015580654144287,0.2261606901884079,0.17998617887496948,0.005220955703407526
1765156545.3346124,cf1,0.3331702649593353,1.3116017580032349,1.0015580654144287,0.22731755673885345,0.1796342134475708,-0.02037219889461994
1765156545.342285,cf2,0.20830373466014862,1.1905264854431152,0.990569531917572,0.17555880546569824,0.1716143935918808,-0.01833730936050415
1765156545.34252,cf2,0.20830373466014862,1.1905264854431152,0.990569531917572,0.17430630326271057,0.1725735366344452,0.03263793885707855
1765156545.3540204,cf1,0.3368745744228363,1.3145315647125244,1.0009043216705322,0.22731755673885345,0.1796342134475708,-0.02037219889461994
1765156545.3542726,cf1,0.3368745744228363,1.3145315647125244,1.0009043216705322,0.22560861706733704,0.17698581516742706,-0.03999153897166252
1765156545.3623142,cf2,0.21190036833286285,1.1943532228469849,0.9924702048301697,0.17430630326271057,0.1725735366344452,0.03263793885707855
1765156545.362615,cf2,0.21190036833286285,1.1943532228469849,0.9924702048301697,0.17294752597808838,0.1729642152786255,0.07779957354068756
1765156545.3732872,cf1,0.34281080961227417,1.319193959236145,0.9996609687805176,0.22560861706733704,0.17698581516742706,-0.03999153897166252
1765156545.373718,cf1,0.34281080961227417,1.319193959236145,0.9996609687805176,0.227214053273201,0.1768116056919098,-0.05074579641222954
1765156545.3823802,cf2,0.21546527743339539,1.1981629133224487,0.9948986172676086,0.17294752597808838,0.1729642152786255,0.07779957354068756
1765156545.382709,cf2,0.21546527743339539,1.1981629133224487,0.9948986172676086,0.17158137261867523,0.1728111058473587,0.10746762156486511
1765156545.3936152,cf1,0.34686124324798584,1.322356104850769,0.9988632202148438,0.227214053273201,0.1768116056919098,-0.05074579641222954
1765156545.3938599,cf1,0.34686124324798584,1.322356104850769,0.9988632202148438,0.22537504136562347,0.17402230203151703,-0.048521287739276886
1765156545.402281,cf2,0.2190065234899521,1.2019474506378174,0.9973788857460022,0.17158137261867523,0.1728111058473587,0.10746762156486511
1765156545.402712,cf2,0.2190065234899521,1.2019474506378174,0.9973788857460022,0.17036518454551697,0.17216481268405914,0.11455300450325012
1765156545.413467,cf1,0.35287073254585266,1.3270025253295898,0.9979291558265686,0.22537504136562347,0.17402230203151703,-0.048521287739276886
1765156545.413914,cf1,0.35287073254585266,1.3270025253295898,0.9979291558265686,0.22922037541866302,0.17555680871009827,-0.03593336045742035
1765156545.4224362,cf2,0.22166301310062408,1.2048301696777344,0.9988788962364197,0.17036518454551697,0.17216481268405914,0.11455300450325012
1765156545.4228153,cf2,0.22166301310062408,1.2048301696777344,0.9988788962364197,0.16619040071964264,0.16796602308750153,0.09558940678834915
1765156545.4331894,cf1,0.3575695753097534,1.3306026458740234,0.9977567791938782,0.22922037541866302,0.17555680871009827,-0.03593336045742035
1765156545.433517,cf1,0.3575695753097534,1.3306026458740234,0.9977567791938782,0.2286567986011505,0.17368139326572418,-0.013643676415085793
1765156545.4423287,cf2,0.22575879096984863,1.20913565158844,1.0005080699920654,0.16619040071964264,0.16796602308750153,0.09558940678834915
1765156545.442595,cf2,0.22575879096984863,1.20913565158844,1.0005080699920654,0.1666315495967865,0.16746944189071655,0.06210803985595703
1765156545.4531605,cf1,0.36164435744285583,1.3337037563323975,0.9980149269104004,0.2286567986011505,0.17368139326572418,-0.013643676415085793
1765156545.4532888,cf1,0.36164435744285583,1.3337037563323975,0.9980149269104004,0.22706447541713715,0.17103484272956848,0.01123707927763462
1765156545.4624677,cf2,0.2284589260816574,1.212019920349121,1.0006753206253052,0.1666315495967865,0.16746944189071655,0.06210803985595703
1765156545.4627573,cf2,0.2284589260816574,1.212019920349121,1.0006753206253052,0.16402937471866608,0.16342510282993317,0.014553667977452278
1765156545.474086,cf1,0.36768975853919983,1.3382534980773926,0.9987857341766357,0.22706447541713715,0.17103484272956848,0.01123707927763462
1765156545.4743273,cf1,0.36768975853919983,1.3382534980773926,0.9987857341766357,0.23029625415802002,0.17187607288360596,0.034630779176950455
1765156545.4826384,cf2,0.23192228376865387,1.2156327962875366,1.0002527236938477,0.16402937471866608,0.16342510282993317,0.014553667977452278
1765156545.4829974,cf2,0.23192228376865387,1.2156327962875366,1.0002527236938477,0.1644693911075592,0.16164244711399078,-0.030901413410902023
1765156545.4944072,cf1,0.3728632926940918,1.3421128988265991,0.999823808670044,0.23029625415802002,0.17187607288360596,0.034630779176950455
1765156545.4947586,cf1,0.3728632926940918,1.3421128988265991,0.999823808670044,0.23261140286922455,0.1720798909664154,0.05057404562830925
1765156545.5034792,cf2,0.23653677105903625,1.2203242778778076,0.9987943768501282,0.1644693911075592,0.16164244711399078,-0.030901413410902023
1765156545.503725,cf2,0.23653677105903625,1.2203242778778076,0.9987943768501282,0.1675197035074234,0.16154062747955322,-0.06479000300168991
1765156545.514041,cf1,0.376455157995224,1.3447781801223755,1.000593900680542,0.23261140286922455,0.1720798909664154,0.05057404562830925
1765156545.5143876,cf1,0.376455157995224,1.3447781801223755,1.000593900680542,0.22970807552337646,0.16843917965888977,0.05492103472352028
1765156545.5238976,cf2,0.23905158042907715,1.2229090929031372,0.9977837800979614,0.1675197035074234,0.16154062747955322,-0.06479000300168991
1765156545.5243018,cf2,0.23905158042907715,1.2229090929031372,0.9977837800979614,0.1660248339176178,0.1572016328573227,-0.07350831478834152
1765156545.5345025,cf1,0.3826412856578827,1.3493163585662842,1.0017821788787842,0.22970807552337646,0.16843917965888977,0.05492103472352028
1765156545.53511,cf1,0.3826412856578827,1.3493163585662842,1.0017821788787842,0.23361259698867798,0.16972215473651886,0.050427041947841644
1765156545.5445237,cf2,0.24258141219615936,1.2264161109924316,0.9966281056404114,0.1660248339176178,0.1572016328573227,-0.07350831478834152
1765156545.5448813,cf2,0.24258141219615936,1.2264161109924316,0.9966281056404114,0.16855734586715698,0.15649493038654327,-0.06174182891845703
1765156545.5541856,cf1,0.38815614581108093,1.3533300161361694,1.0024380683898926,0.23361259698867798,0.16972215473651886,0.050427041947841644
1765156545.5544322,cf1,0.38815614581108093,1.3533300161361694,1.0024380683898926,0.2368675321340561,0.1704932302236557,0.03463957831263542
1765156545.5640168,cf2,0.24731998145580292,1.2309681177139282,0.9956960678100586,0.16855734586715698,0.15649493038654327,-0.06174182891845703
1765156545.5643294,cf2,0.24731998145580292,1.2309681177139282,0.9956960678100586,0.17371819913387299,0.15806791186332703,-0.03383857384324074
1765156545.5743864,cf1,0.3921296000480652,1.356208324432373,1.0024399757385254,0.2368675321340561,0.1704932302236557,0.03463957831263542
1765156545.574629,cf1,0.3921296000480652,1.356208324432373,1.0024399757385254,0.23474709689617157,0.16739441454410553,0.010688838548958302
1765156545.5838172,cf2,0.25002190470695496,1.2335714101791382,0.9960588216781616,0.17371819913387299,0.15806791186332703,-0.03383857384324074
1765156545.5840607,cf2,0.25002190470695496,1.2335714101791382,0.9960588216781616,0.17371635138988495,0.15531855821609497,0.0051145292818546295
1765156545.5941806,cf1,0.39694276452064514,1.3596646785736084,1.0021238327026367,0.23474709689617157,0.16739441454410553,0.010688838548958302
1765156545.5944114,cf1,0.39694276452064514,1.3596646785736084,1.0021238327026367,0.23609691858291626,0.16672275960445404,-0.014185700565576553
1765156545.6039176,cf2,0.2540053427219391,1.2372303009033203,0.9967977404594421,0.17371635138988495,0.15531855821609497,0.0051145292818546295
1765156545.6044207,cf2,0.2540053427219391,1.2372303009033203,0.9967977404594421,0.1773664802312851,0.15590901672840118,0.04085545241832733
1765156545.6145468,cf1,0.4021350145339966,1.3633617162704468,1.0014227628707886,0.23609691858291626,0.16672275960445404,-0.014185700565576553
1765156545.6149166,cf1,0.4021350145339966,1.3633617162704468,1.0014227628707886,0.2381698191165924,0.16650494933128357,-0.03571409732103348
1765156545.623716,cf2,0.2579076886177063,1.2408058643341064,0.9981775879859924,0.1773664802312851,0.15590901672840118,0.04085545241832733
1765156545.6240249,cf2,0.2579076886177063,1.2408058643341064,0.9981775879859924,0.18136192858219147,0.15700924396514893,0.06804291158914566
1765156545.6331513,cf1,0.4074897766113281,1.3671391010284424,1.0004582405090332,0.2381698191165924,0.16650494933128357,-0.03571409732103348
1765156545.6333842,cf1,0.4074897766113281,1.3671391010284424,1.0004582405090332,0.23960798978805542,0.16569370031356812,-0.047675710171461105
1765156545.6438212,cf2,0.261898010969162,1.2444134950637817,0.9998070597648621,0.18136192858219147,0.15700924396514893,0.06804291158914566
1765156545.6441374,cf2,0.261898010969162,1.2444134950637817,0.9998070597648621,0.18531867861747742,0.1583300083875656,0.0809280201792717
1765156545.6537318,cf1,0.41417962312698364,1.3717975616455078,0.9992261528968811,0.23960798978805542,0.16569370031356812,-0.047675710171461105
1765156545.6542246,cf1,0.41417962312698364,1.3717975616455078,0.9992261528968811,0.24425308406352997,0.16708604991436005,-0.047383084893226624
1765156545.6632938,cf2,0.2656990885734558,1.2478796243667603,1.0011775493621826,0.18531867861747742,0.1583300083875656,0.0809280201792717
1765156545.6635249,cf2,0.2656990885734558,1.2478796243667603,1.0011775493621826,0.18918319046497345,0.15981531143188477,0.07687760889530182
1765156545.6742883,cf1,0.41843506693840027,1.3747384548187256,0.9987623691558838,0.24425308406352997,0.16708604991436005,-0.047383084893226624
1765156545.6745918,cf1,0.41843506693840027,1.3747384548187256,0.9987623691558838,0.2410878688097,0.16306021809577942,-0.032801903784275055
1765156545.6839397,cf2,0.27007707953453064,1.2517017126083374,1.002428650856018,0.18918319046497345,0.15981531143188477,0.07687760889530182
1765156545.6842859,cf2,0.27007707953453064,1.2517017126083374,1.002428650856018,0.19293925166130066,0.16146643459796906,0.05715997517108917
1765156545.6943371,cf1,0.4235634505748749,1.3782391548156738,0.9985093474388123,0.2410878688097,0.16306021809577942,-0.032801903784275055
1765156545.6946862,cf1,0.4235634505748749,1.3782391548156738,0.9985093474388123,0.24121974408626556,0.16132403910160065,-0.012845356948673725
1765156545.7037005,cf2,0.2742502689361572,1.2553818225860596,1.0028789043426514,0.19293925166130066,0.16146643459796906,0.05715997517108917
1765156545.7039278,cf2,0.2742502689361572,1.2553818225860596,1.0028789043426514,0.19647492468357086,0.16319243609905243,0.026179706677794456
1765156545.714366,cf1,0.42889025807380676,1.3818325996398926,0.9986774921417236,0.24121974408626556,0.16132403910160065,-0.012845356948673725
1765156545.7147598,cf1,0.42889025807380676,1.3818325996398926,0.9986774921417236,0.241449236869812,0.15961311757564545,0.009254204109311104
1765156545.7238495,cf2,0.2784697413444519,1.2590833902359009,1.0025933980941772,0.19647492468357086,0.16319243609905243,0.026179706677794456
1765156545.7242112,cf2,0.2784697413444519,1.2590833902359009,1.0025933980941772,0.19966651499271393,0.164869487285614,-0.00945628248155117
1765156545.7340543,cf1,0.4330404996871948,1.3846126794815063,0.9991247057914734,0.241449236869812,0.15961311757564545,0.009254204109311104
1765156545.7343764,cf1,0.4330404996871948,1.3846126794815063,0.9991247057914734,0.24530334770679474,0.1601707935333252,0.029055476188659668
1765156545.7439175,cf2,0.28273215889930725,1.2628058195114136,1.0016734600067139,0.19966651499271393,0.164869487285614,-0.00945628248155117
1765156545.7442014,cf2,0.28273215889930725,1.2628058195114136,1.0016734600067139,0.20245639979839325,0.16640153527259827,-0.040501669049263
1765156545.7541802,cf1,0.43848124146461487,1.3882031440734863,0.9998869299888611,0.24530334770679474,0.1601707935333252,0.029055476188659668
1765156545.7544172,cf1,0.43848124146461487,1.3882031440734863,0.9998869299888611,0.24660217761993408,0.1589793711900711,0.04231732711195946
1765156545.7639024,cf2,0.28703463077545166,1.266547679901123,1.0004085302352905,0.20245639979839325,0.16640153527259827,-0.040501669049263
1765156545.7642875,cf2,0.28703463077545166,1.266547679901123,1.0004085302352905,0.2058866173028946,0.16835422813892365,-0.05920551344752312
1765156545.774371,cf1,0.44354718923568726,1.3915075063705444,1.0007132291793823,0.24660217761993408,0.1589793711900711,0.04231732711195946
1765156545.774718,cf1,0.44354718923568726,1.3915075063705444,1.0007132291793823,0.24518440663814545,0.1559806913137436,0.04580320417881012
1765156545.7841206,cf2,0.29137495160102844,1.2703068256378174,0.9991558790206909,0.2058866173028946,0.16835422813892365,-0.05920551344752312
1765156545.7845256,cf2,0.29137495160102844,1.2703068256378174,0.9991558790206909,0.20780116319656372,0.16938845813274384,-0.060662440955638885
1765156545.7943957,cf1,0.44922083616256714,1.3951574563980103,1.0015833377838135,0.24518440663814545,0.1559806913137436,0.04580320417881012
1765156545.7946353,cf1,0.44922083616256714,1.3951574563980103,1.0015833377838135,0.24724984169006348,0.15512070059776306,0.04048444330692291
1765156545.8037233,cf2,0.2957479953765869,1.274079442024231,0.998268187046051,0.20780116319656372,0.16938845813274384,-0.060662440955638885
1765156545.8039813,cf2,0.2957479953765869,1.274079442024231,0.998268187046051,0.20926682651042938,0.17010143399238586,-0.04545355215668678
1765156545.8143048,cf1,0.45553523302078247,1.3991541862487793,1.0022648572921753,0.24724984169006348,0.15512070059776306,0.04048444330692291
1765156545.8145223,cf1,0.45553523302078247,1.3991541862487793,1.0022648572921753,0.2433813214302063,0.1505187600851059,0.024901947006583214
1765156545.8238657,cf2,0.3001454174518585,1.2778587341308594,0.9979525208473206,0.20926682651042938,0.17010143399238586,-0.04545355215668678
1765156545.8242073,cf2,0.3001454174518585,1.2778587341308594,0.9979525208473206,0.2103411704301834,0.17050530016422272,-0.01960287243127823
1765156545.8342693,cf1,0.4608456492424011,1.4024780988693237,1.0024092197418213,0.2433813214302063,0.1505187600851059,0.024901947006583214
1765156545.834502,cf1,0.4608456492424011,1.4024780988693237,1.0024092197418213,0.244367778301239,0.14881020784378052,0.005744649562984705
1765156545.843967,cf2,0.30455803871154785,1.2816373109817505,0.9982572793960571,0.2103411704301834,0.17050530016422272,-0.01960287243127823
1765156545.8443284,cf2,0.30455803871154785,1.2816373109817505,0.9982572793960571,0.2110491394996643,0.17059919238090515,0.009996180422604084
1765156545.8540375,cf1,0.46408316493034363,1.4044924974441528,1.0022832155227661,0.244367778301239,0.14881020784378052,0.005744649562984705
1765156545.8543627,cf1,0.46408316493034363,1.4044924974441528,1.0022832155227661,0.24547044932842255,0.1470562070608139,-0.014498388394713402
1765156545.8639448,cf2,0.3089776933193207,1.2854071855545044,0.9990933537483215,0.2110491394996643,0.17059919238090515,0.009996180422604084
1765156545.864318,cf2,0.3089776933193207,1.2854071855545044,0.9990933537483215,0.21148273348808289,0.170412078499794,0.0366438664495945
1765156545.8744423,cf1,0.4719666838645935,1.4092717170715332,1.0015811920166016,0.24547044932842255,0.1470562070608139,-0.014498388394713402
1765156545.874756,cf1,0.4719666838645935,1.4092717170715332,1.0015811920166016,0.2465386539697647,0.14518797397613525,-0.030501630157232285
1765156545.88415,cf2,0.31340184807777405,1.289163589477539,1.0002681016921997,0.21148273348808289,0.170412078499794,0.0366438664495945
1765156545.8844373,cf2,0.31340184807777405,1.289163589477539,1.0002681016921997,0.21176227927207947,0.16999565064907074,0.05462081730365753
1765156545.8943508,cf1,0.4773951470851898,1.4125206470489502,1.0008080005645752,0.2465386539697647,0.14518797397613525,-0.030501630157232285
1765156545.8946702,cf1,0.4773951470851898,1.4125206470489502,1.0008080005645752,0.24763308465480804,0.14325854182243347,-0.03877045586705208
1765156545.902265,cf2,0.31571170687675476,1.2912098169326782,1.000918984413147,0.21176227927207947,0.16999565064907074,0.05462081730365753
1765156545.9024906,cf2,0.31571170687675476,1.2912098169326782,1.000918984413147,0.211538627743721,0.16980157792568207,0.05881665274500847
1765156545.9142709,cf1,0.48283201456069946,1.4157187938690186,1.0000859498977661,0.24763308465480804,0.14325854182243347,-0.03877045586705208
1765156545.9146125,cf1,0.48283201456069946,1.4157187938690186,1.0000859498977661,0.2498873770236969,0.14185737073421478,-0.03758984059095383
1765156545.9223442,cf2,0.32015302777290344,1.294948935508728,1.002011775970459,0.211538627743721,0.16980157792568207,0.05881665274500847
1765156545.9227014,cf2,0.32015302777290344,1.294948935508728,1.002011775970459,0.2110641747713089,0.16850057244300842,0.056765999644994736
1765156545.934562,cf1,0.48828041553497314,1.4188646078109741,0.9995848536491394,0.2498873770236969,0.14185737073421478,-0.03758984059095383
1765156545.934794,cf1,0.48828041553497314,1.4188646078109741,0.9995848536491394,0.24986818432807922,0.13927334547042847,-0.02706012688577175
1765156545.9423952,cf2,0.3245723247528076,1.2986477613449097,1.0028009414672852,0.2110641747713089,0.16850057244300842,0.056765999644994736
1765156545.94281,cf2,0.3245723247528076,1.2986477613449097,1.0028009414672852,0.21117129921913147,0.167535200715065,0.04279552772641182
1765156545.954169,cf1,0.4912237823009491,1.4205704927444458,0.9995842576026917,0.24986818432807922,0.13927334547042847,-0.02706012688577175
1765156545.9544883,cf1,0.4912237823009491,1.4205704927444458,0.9995842576026917,0.25202858448028564,0.13771016895771027,-0.011450718156993389
1765156545.9638126,cf2,0.3290172517299652,1.3023412227630615,1.003135085105896,0.21117129921913147,0.167535200715065,0.04279552772641182
1765156545.9641678,cf2,0.3290172517299652,1.3023412227630615,1.003135085105896,0.21074818074703217,0.16583210229873657,0.019003571942448616
1765156545.9744139,cf1,0.49920451641082764,1.4249863624572754,0.9996470212936401,0.25202858448028564,0.13771016895771027,-0.011450718156993389
1765156545.9746556,cf1,0.49920451641082764,1.4249863624572754,0.9996470212936401,0.2528006136417389,0.135413259267807,0.006251415703445673
1765156545.9837544,cf2,0.3334483802318573,1.3059937953948975,1.0029382705688477,0.21074818074703217,0.16583210229873657,0.019003571942448616
1765156545.9842122,cf2,0.3334483802318573,1.3059937953948975,1.0029382705688477,0.2112819403409958,0.16467629373073578,-0.007908242754638195
1765156545.9943206,cf1,0.5021970868110657,1.426653265953064,0.9999868869781494,0.2528006136417389,0.135413259267807,0.006251415703445673
1765156545.9945405,cf1,0.5021970868110657,1.426653265953064,0.9999868869781494,0.25228580832481384,0.1337546557188034,0.015544000081717968
1765156546.0034885,cf2,0.33790770173072815,1.3096343278884888,1.002253770828247,0.2112819403409958,0.16467629373073578,-0.007908242754638195
1765156546.004048,cf2,0.33790770173072815,1.3096343278884888,1.002253770828247,0.21224993467330933,0.16359305381774902,-0.03344042971730232
1765156546.0144136,cf1,0.5076033473014832,1.4295581579208374,1.0005899667739868,0.25228580832481384,0.1337546557188034,0.015544000081717968
1765156546.0147457,cf1,0.5076033473014832,1.4295581579208374,1.0005899667739868,0.25167492032051086,0.130529522895813,0.028554676100611687
1765156546.0224757,cf2,0.3420744240283966,1.3129702806472778,1.001330852508545,0.21224993467330933,0.16359305381774902,-0.03344042971730232
1765156546.022755,cf2,0.3420744240283966,1.3129702806472778,1.001330852508545,0.2130582630634308,0.16207319498062134,-0.05115070566534996
1765156546.0345135,cf1,0.5130302906036377,1.432413101196289,1.001307487487793,0.25167492032051086,0.130529522895813,0.028554676100611687
1765156546.0348637,cf1,0.5130302906036377,1.432413101196289,1.001307487487793,0.25185635685920715,0.1277984082698822,0.0348539762198925
1765156546.0423605,cf2,0.34690481424331665,1.3168531656265259,1.0001683235168457,0.2130582630634308,0.16207319498062134,-0.05115070566534996
1765156546.0436904,cf2,0.34690481424331665,1.3168531656265259,1.0001683235168457,0.21454213559627533,0.1610373854637146,-0.05580836161971092
1765156546.053833,cf1,0.5192249417304993,1.435588002204895,1.0021169185638428,0.25185635685920715,0.1277984082698822,0.0348539762198925
1765156546.054449,cf1,0.5192249417304993,1.435588002204895,1.0021169185638428,0.2522106468677521,0.1248830035328865,0.03397348150610924
1765156546.0625308,cf2,0.3514552712440491,1.320430874824524,0.9992644786834717,0.21454213559627533,0.1610373854637146,-0.05580836161971092
1765156546.0630922,cf2,0.3514552712440491,1.320430874824524,0.9992644786834717,0.21642327308654785,0.16021941602230072,-0.04761859029531479
1765156546.0743825,cf1,0.5240867733955383,1.4380388259887695,1.0025908946990967,0.2522106468677521,0.1248830035328865,0.03397348150610924
1765156546.0746973,cf1,0.5240867733955383,1.4380388259887695,1.0025908946990967,0.24969342350959778,0.12064472585916519,0.025941750034689903
1765156546.082297,cf2,0.35562020540237427,1.3236337900161743,0.998727560043335,0.21642327308654785,0.16021941602230072,-0.04761859029531479
1765156546.0826466,cf2,0.35562020540237427,1.3236337900161743,0.998727560043335,0.21845643222332,0.1594933718442917,-0.02764984220266342
1765156546.0943925,cf1,0.5300556421279907,1.4409602880477905,1.0029209852218628,0.24969342350959778,0.12064472585916519,0.025941750034689903
1765156546.0947104,cf1,0.5300556421279907,1.4409602880477905,1.0029209852218628,0.24943967163562775,0.11715789139270782,0.012533031404018402
1765156546.1039875,cf2,0.3607558310031891,1.3275777101516724,0.9987576603889465,0.21845643222332,0.1594933718442917,-0.02764984220266342
1765156546.104574,cf2,0.3607558310031891,1.3275777101516724,0.9987576603889465,0.22015459835529327,0.15840668976306915,6.240483344299719e-05
1765156546.1135454,cf1,0.5356460809707642,1.443631649017334,1.002858281135559,0.24943967163562775,0.11715789139270782,0.012533031404018402
1765156546.114049,cf1,0.5356460809707642,1.443631649017334,1.002858281135559,0.249052956700325,0.1134735494852066,-0.004995435010641813
1765156546.1231983,cf2,0.36540520191192627,1.3310738801956177,0.9992746710777283,0.22015459835529327,0.15840668976306915,6.240483344299719e-05
1765156546.1236224,cf2,0.36540520191192627,1.3310738801956177,0.9992746710777283,0.222206711769104,0.15775536000728607,0.026731036603450775
1765156546.1337564,cf1,0.5409265160560608,1.4460926055908203,1.0024579763412476,0.249052956700325,0.1134735494852066,-0.004995435010641813
1765156546.1340778,cf1,0.5409265160560608,1.4460926055908203,1.0024579763412476,0.24896320700645447,0.11000662297010422,-0.02160564623773098
1765156546.1422946,cf2,0.3697293996810913,1.3342516422271729,1.0000863075256348,0.222206711769104,0.15775536000728607,0.026731036603450775
1765156546.142858,cf2,0.3697293996810913,1.3342516422271729,1.0000863075256348,0.22383630275726318,0.15673023462295532,0.04921697825193405
1765156546.1535957,cf1,0.5463072657585144,1.448530912399292,1.0018223524093628,0.24896320700645447,0.11000662297010422,-0.02160564623773098
1765156546.154205,cf1,0.5463072657585144,1.448530912399292,1.0018223524093628,0.24917201697826385,0.10660675168037415,-0.033933885395526886
1765156546.1622598,cf2,0.37449952960014343,1.3377454280853271,1.0012412071228027,0.22383630275726318,0.15673023462295532,0.04921697825193405
1765156546.1630418,cf2,0.37449952960014343,1.3377454280853271,1.0012412071228027,0.2251279205083847,0.15551748871803284,0.061137065291404724
1765156546.1737146,cf1,0.5516904592514038,1.4508978128433228,1.0011013746261597,0.24917201697826385,0.10660675168037415,-0.033933885395526886
1765156546.1743531,cf1,0.5516904592514038,1.4508978128433228,1.0011013746261597,0.24945317208766937,0.103214330971241,-0.038828086107969284
1765156546.1823616,cf2,0.3793395161628723,1.341247320175171,1.002420425415039,0.2251279205083847,0.15551748871803284,0.061137065291404724
1765156546.1826742,cf2,0.3793395161628723,1.341247320175171,1.002420425415039,0.22737742960453033,0.1551576554775238,0.061711762100458145
1765156546.194474,cf1,0.5570716857910156,1.4531880617141724,1.0004781484603882,0.24945317208766937,0.103214330971241,-0.038828086107969284
1765156546.194838,cf1,0.5570716857910156,1.4531880617141724,1.0004781484603882,0.24976548552513123,0.0998423844575882,-0.03456433489918709
1765156546.2023401,cf2,0.38422077894210815,1.3447399139404297,1.00337815284729,0.22737742960453033,0.1551576554775238,0.061711762100458145
1765156546.2026658,cf2,0.38422077894210815,1.3447399139404297,1.00337815284729,0.22956278920173645,0.15478503704071045,0.04987215995788574
1765156546.214542,cf1,0.562477707862854,1.4554095268249512,1.0000901222229004,0.24976548552513123,0.0998423844575882,-0.03456433489918709
1765156546.2149107,cf1,0.562477707862854,1.4554095268249512,1.0000901222229004,0.24930524826049805,0.0960252657532692,-0.022418633103370667
1765156546.2239258,cf2,0.38924840092658997,1.34829580783844,1.0039252042770386,0.22956278920173645,0.15478503704071045,0.04987215995788574
1765156546.2243235,cf2,0.38924840092658997,1.34829580783844,1.0039252042770386,0.23205392062664032,0.15465646982192993,0.0266078170388937
1765156546.2345004,cf1,0.5678280591964722,1.457531213760376,1.0000264644622803,0.24930524826049805,0.0960252657532692,-0.022418633103370667
1765156546.2348542,cf1,0.5678280591964722,1.457531213760376,1.0000264644622803,0.24959240853786469,0.09272197633981705,-0.00637793866917491
1765156546.2424784,cf2,0.394424170255661,1.351915717124939,1.0039186477661133,0.23205392062664032,0.15465646982192993,0.0266078170388937
1765156546.2429655,cf2,0.394424170255661,1.351915717124939,1.0039186477661133,0.23131446540355682,0.152103990316391,-0.0026384801603853703
1765156546.2545981,cf1,0.5732049345970154,1.459586262702942,1.0002875328063965,0.24959240853786469,0.09272197633981705,-0.00637793866917491
1765156546.2549367,cf1,0.5732049345970154,1.459586262702942,1.0002875328063965,0.2498825192451477,0.08946102112531662,0.010392582975327969
1765156546.262549,cf2,0.39934760332107544,1.3553344011306763,1.0033345222473145,0.23131446540355682,0.152103990316391,-0.0026384801603853703
1765156546.262906,cf2,0.39934760332107544,1.3553344011306763,1.0033345222473145,0.2317727506160736,0.15063971281051636,-0.029843535274267197
1765156546.27445,cf1,0.5785810947418213,1.4615654945373535,1.0008174180984497,0.2498825192451477,0.08946102112531662,0.010392582975327969
1765156546.2747912,cf1,0.5785810947418213,1.4615654945373535,1.0008174180984497,0.2501257061958313,0.08620686829090118,0.02457430027425289
1765156546.2823951,cf2,0.40433767437934875,1.3587630987167358,1.002360463142395,0.2317727506160736,0.15063971281051636,-0.029843535274267197
1765156546.2826982,cf2,0.40433767437934875,1.3587630987167358,1.002360463142395,0.23208892345428467,0.1490674465894699,-0.049134623259305954
1765156546.2933826,cf1,0.5843480825424194,1.4635735750198364,1.0015568733215332,0.2501257061958313,0.08620686829090118,0.02457430027425289
1765156546.2938318,cf1,0.5843480825424194,1.4635735750198364,1.0015568733215332,0.2509601414203644,0.082874596118927,0.0338713601231575
1765156546.3022418,cf2,0.40935346484184265,1.3621715307235718,1.001260757446289,0.23208892345428467,0.1490674465894699,-0.049134623259305954
1765156546.3025084,cf2,0.40935346484184265,1.3621715307235718,1.001260757446289,0.2322566956281662,0.14738869667053223,-0.05460447445511818
1765156546.313958,cf1,0.5896592140197754,1.465380072593689,1.0022811889648438,0.2509601414203644,0.082874596118927,0.0338713601231575
1765156546.314406,cf1,0.5896592140197754,1.465380072593689,1.0022811889648438,0.24968373775482178,0.07923290878534317,0.03506428003311157
1765156546.322486,cf2,0.41410428285598755,1.3653711080551147,1.0004016160964966,0.2322566956281662,0.14738869667053223,-0.05460447445511818
1765156546.3228562,cf2,0.41410428285598755,1.3653711080551147,1.0004016160964966,0.23295453190803528,0.14606164395809174,-0.046235132962465286
1765156546.3334394,cf1,0.5950228571891785,1.467136025428772,1.0028657913208008,0.24968373775482178,0.07923290878534317,0.03506428003311157
1765156546.3341777,cf1,0.5950228571891785,1.467136025428772,1.0028657913208008,0.24981853365898132,0.07591813057661057,0.029059238731861115
1765156546.3422203,cf2,0.4191567301750183,1.3687222003936768,0.9998503923416138,0.23295453190803528,0.14606164395809174,-0.046235132962465286
1765156546.3425612,cf2,0.4191567301750183,1.3687222003936768,0.9998503923416138,0.23429273068904877,0.14507310092449188,-0.027160635218024254
1765156546.3545153,cf1,0.6006349921226501,1.468895673751831,1.0031864643096924,0.24981853365898132,0.07591813057661057,0.029059238731861115
1765156546.3548458,cf1,0.6006349921226501,1.468895673751831,1.0031864643096924,0.24927693605422974,0.07216361165046692,0.015412867069244385
1765156546.3623593,cf2,0.4242529571056366,1.3720561265945435,0.9997879862785339,0.23429273068904877,0.14507310092449188,-0.027160635218024254
1765156546.3626945,cf2,0.4242529571056366,1.3720561265945435,0.9997879862785339,0.23570288717746735,0.14408285915851593,-0.0022575994953513145
1765156546.374636,cf1,0.6057412624359131,1.4704395532608032,1.0031100511550903,0.24927693605422974,0.07216361165046692,0.015412867069244385
1765156546.3749652,cf1,0.6057412624359131,1.4704395532608032,1.0031100511550903,0.24898846447467804,0.06860288977622986,-0.0014391997829079628
1765156546.3824189,cf2,0.42937779426574707,1.3753618001937866,1.0002117156982422,0.23570288717746735,0.14408285915851593,-0.0022575994953513145
1765156546.3827624,cf2,0.42937779426574707,1.3753618001937866,1.0002117156982422,0.2371683418750763,0.14306655526161194,0.022383568808436394
1765156546.3945115,cf1,0.6110685467720032,1.4719797372817993,1.0027042627334595,0.24898846447467804,0.06860288977622986,-0.0014391997829079628
1765156546.394875,cf1,0.6110685467720032,1.4719797372817993,1.0027042627334595,0.24884933233261108,0.06499689817428589,-0.0187987107783556
1765156546.4034004,cf2,0.43598824739456177,1.3795026540756226,1.001246690750122,0.2371683418750763,0.14306655526161194,0.022383568808436394
1765156546.4040473,cf2,0.43598824739456177,1.3795026540756226,1.001246690750122,0.24087798595428467,0.14302241802215576,0.04277271032333374
1765156546.4146616,cf1,0.6163992285728455,1.4734485149383545,1.0020335912704468,0.24884933233261108,0.06499689817428589,-0.0187987107783556
1765156546.4150012,cf1,0.6163992285728455,1.4734485149383545,1.0020335912704468,0.24864503741264343,0.06129131466150284,-0.03225032612681389
1765156546.4223,cf2,0.4413890540599823,1.38286292552948,1.0023714303970337,0.24087798595428467,0.14302241802215576,0.04277271032333374
1765156546.4225576,cf2,0.4413890540599823,1.38286292552948,1.0023714303970337,0.24232815206050873,0.1416531503200531,0.05268258973956108
1765156546.4345324,cf1,0.6217190027236938,1.474837064743042,1.0012725591659546,0.24864503741264343,0.06129131466150284,-0.03225032612681389
1765156546.434767,cf1,0.6217190027236938,1.474837064743042,1.0012725591659546,0.24837523698806763,0.05749620497226715,-0.037940721958875656
1765156546.4426482,cf2,0.44655582308769226,1.3860372304916382,1.0033800601959229,0.24232815206050873,0.1416531503200531,0.05268258973956108
1765156546.4430366,cf2,0.44655582308769226,1.3860372304916382,1.0033800601959229,0.24360068142414093,0.14020422101020813,0.05107346549630165
1765156546.4545858,cf1,0.6270266175270081,1.4761402606964111,1.0006053447723389,0.24837523698806763,0.05749620497226715,-0.037940721958875656
1765156546.4549193,cf1,0.6270266175270081,1.4761402606964111,1.0006053447723389,0.24804812669754028,0.053631220012903214,-0.03482837975025177
1765156546.4624126,cf2,0.4514522850513458,1.389012098312378,1.0040338039398193,0.24360068142414093,0.14020422101020813,0.05107346549630165
1765156546.4627645,cf2,0.4514522850513458,1.389012098312378,1.0040338039398193,0.24232472479343414,0.13719074428081512,0.03744986653327942
1765156546.4745417,cf1,0.6323214769363403,1.477353811264038,1.0001914501190186,0.24804812669754028,0.053631220012903214,-0.03482837975025177
1765156546.4748802,cf1,0.6323214769363403,1.477353811264038,1.0001914501190186,0.24895726144313812,0.04985618218779564,-0.024342458695173264
1765156546.4824326,cf2,0.45666003227233887,1.3921207189559937,1.0043091773986816,0.24232472479343414,0.13719074428081512,0.03744986653327942
1765156546.482908,cf2,0.45666003227233887,1.3921207189559937,1.0043091773986816,0.24199533462524414,0.134562686085701,0.01574585773050785
1765156546.4950912,cf1,0.6376025676727295,1.478474736213684,1.0001144409179688,0.24895726144313812,0.04985618218779564,-0.024342458695173264
1765156546.4953282,cf1,0.6376025676727295,1.478474736213684,1.0001144409179688,0.2472268044948578,0.04571344703435898,-0.008207578212022781
1765156546.502416,cf2,0.4609718322753906,1.3946932554244995,1.0041077136993408,0.24199533462524414,0.134562686085701,0.01574585773050785
1765156546.50288,cf2,0.4609718322753906,1.3946932554244995,1.0041077136993408,0.23920376598834991,0.13056206703186035,-0.009481189772486687
1765156546.5131102,cf1,0.6429217457771301,1.4795089960098267,1.0003801584243774,0.2472268044948578,0.04571344703435898,-0.008207578212022781
1765156546.5134385,cf1,0.6429217457771301,1.4795089960098267,1.0003801584243774,0.2473488450050354,0.04144376516342163,0.008708464913070202
1765156546.5224864,cf2,0.46376582980155945,1.396358609199524,1.003799319267273,0.23920376598834991,0.13056206703186035,-0.009481189772486687
1765156546.5228264,cf2,0.46376582980155945,1.396358609199524,1.003799319267273,0.23875603079795837,0.12768994271755219,-0.031203391030430794
1765156546.53333,cf1,0.6481130123138428,1.4804307222366333,1.0009050369262695,0.2473488450050354,0.04144376516342163,0.008708464913070202
1765156546.5338395,cf1,0.6481130123138428,1.4804307222366333,1.0009050369262695,0.24664290249347687,0.037271611392498016,0.022638527676463127
1765156546.543582,cf2,0.47229039669036865,1.4011507034301758,1.0025455951690674,0.23875603079795837,0.12768994271755219,-0.031203391030430794
1765156546.54396,cf2,0.47229039669036865,1.4011507034301758,1.0025455951690674,0.24040919542312622,0.1255071610212326,-0.04522465914487839
1765156546.553503,cf1,0.6533446907997131,1.4812695980072021,1.0015844106674194,0.24664290249347687,0.037271611392498016,0.022638527676463127
1765156546.5541544,cf1,0.6533446907997131,1.4812695980072021,1.0015844106674194,0.24605777859687805,0.03304564952850342,0.031467847526073456
1765156546.5635545,cf2,0.4775482714176178,1.4040722846984863,1.0016721487045288,0.24040919542312622,0.1255071610212326,-0.04522465914487839
1765156546.564092,cf2,0.4775482714176178,1.4040722846984863,1.0016721487045288,0.23967821896076202,0.12225077301263809,-0.0461699552834034
1765156546.5734572,cf1,0.6561079621315002,1.481726050376892,1.0019274950027466,0.24605777859687805,0.03304564952850342,0.031467847526073456
1765156546.5739124,cf1,0.6561079621315002,1.481726050376892,1.0019274950027466,0.24543942511081696,0.028718039393424988,0.032959602773189545
1765156546.582526,cf2,0.48026642203330994,1.4056017398834229,1.0013614892959595,0.23967821896076202,0.12225077301263809,-0.0461699552834034
1765156546.5828073,cf2,0.48026642203330994,1.4056017398834229,1.0013614892959595,0.2402326762676239,0.1212267279624939,-0.04125551879405975
1765156546.593462,cf1,0.6622009873390198,1.4825135469436646,1.0025973320007324,0.24543942511081696,0.028718039393424988,0.032959602773189545
1765156546.5939512,cf1,0.6622009873390198,1.4825135469436646,1.0025973320007324,0.23956996202468872,0.023840604349970818,0.025851864367723465
1765156546.6023428,cf2,0.4859291911125183,1.4086651802062988,1.0009970664978027,0.2402326762676239,0.1212267279624939,-0.04125551879405975
1765156546.602701,cf2,0.4859291911125183,1.4086651802062988,1.0009970664978027,0.24078018963336945,0.1185976192355156,-0.025016019120812416
1765156546.6132596,cf1,0.6688249707221985,1.4832289218902588,1.0030328035354614,0.23956996202468872,0.023840604349970818,0.025851864367723465
1765156546.614192,cf1,0.6688249707221985,1.4832289218902588,1.0030328035354614,0.2420077621936798,0.019547192379832268,0.014668123796582222
1765156546.6226265,cf2,0.49116477370262146,1.4113996028900146,1.001046061515808,0.24078018963336945,0.1185976192355156,-0.025016019120812416
1765156546.6230922,cf2,0.49116477370262146,1.4113996028900146,1.001046061515808,0.24150186777114868,0.11605548113584518,-0.0038010193966329098
1765156546.6334562,cf1,0.674085795879364,1.4837167263031006,1.0029702186584473,0.2420077621936798,0.019547192379832268,0.014668123796582222
1765156546.634373,cf1,0.674085795879364,1.4837167263031006,1.0029702186584473,0.24178317189216614,0.014950338751077652,-0.0007338873110711575
1765156546.6423607,cf2,0.495288610458374,1.4134981632232666,1.0013701915740967,0.24150186777114868,0.11605548113584518,-0.0038010193966329098
1765156546.6427016,cf2,0.495288610458374,1.4134981632232666,1.0013701915740967,0.23982472717761993,0.11241818964481354,0.01782265678048134
1765156546.6533115,cf1,0.6792449355125427,1.4841041564941406,1.0025767087936401,0.24178317189216614,0.014950338751077652,-0.0007338873110711575
1765156546.6537733,cf1,0.6792449355125427,1.4841041564941406,1.0025767087936401,0.24145174026489258,0.010235247202217579,-0.016237914562225342
1765156546.6624668,cf2,0.5004991888999939,1.4161007404327393,1.0021028518676758,0.23982472717761993,0.11241818964481354,0.01782265678048134
1765156546.6627867,cf2,0.5004991888999939,1.4161007404327393,1.0021028518676758,0.2394309937953949,0.10935355722904205,0.036340512335300446
1765156546.673568,cf1,0.6843914985656738,1.48439621925354,1.0019618272781372,0.24145174026489258,0.010235247202217579,-0.016237914562225342
1765156546.674024,cf1,0.6843914985656738,1.48439621925354,1.0019618272781372,0.24133402109146118,0.0054730381816625595,-0.027806155383586884
1765156546.6823485,cf2,0.5057552456855774,1.41865873336792,1.0030616521835327,0.2394309937953949,0.10935355722904205,0.036340512335300446
1765156546.6826832,cf2,0.5057552456855774,1.41865873336792,1.0030616521835327,0.23920080065727234,0.10631214082241058,0.04801694676280022
1765156546.6944635,cf1,0.6894419193267822,1.484583854675293,1.001293420791626,0.24133402109146118,0.0054730381816625595,-0.027806155383586884
1765156546.6948135,cf1,0.6894419193267822,1.484583854675293,1.001293420791626,0.2387678027153015,0.00040781963616609573,-0.032501764595508575
1765156546.7023501,cf2,0.5116322040557861,1.42141854763031,1.0041958093643188,0.23920080065727234,0.10631214082241058,0.04801694676280022
1765156546.7026699,cf2,0.5116322040557861,1.42141854763031,1.0041958093643188,0.24114812910556793,0.1040998101234436,0.05099475011229515
1765156546.7144098,cf1,0.6946334838867188,1.4846765995025635,1.0006972551345825,0.2387678027153015,0.00040781963616609573,-0.032501764595508575
1765156546.7146573,cf1,0.6946334838867188,1.4846765995025635,1.0006972551345825,0.23891228437423706,-0.004379331599920988,-0.029922235757112503
1765156546.722577,cf2,0.5169562101364136,1.4238680601119995,1.005043625831604,0.24114812910556793,0.1040998101234436,0.05099475011229515
1765156546.7228193,cf2,0.5169562101364136,1.4238680601119995,1.005043625831604,0.24234184622764587,0.10148551315069199,0.043537262827157974
1765156546.7343667,cf1,0.6997616291046143,1.48466157913208,1.0003293752670288,0.23891228437423706,-0.004379331599920988,-0.029922235757112503
1765156546.7347546,cf1,0.6997616291046143,1.48466157913208,1.0003293752670288,0.23876641690731049,-0.009174119681119919,-0.020611846819519997
1765156546.7434223,cf2,0.5223764777183533,1.4262926578521729,1.005538821220398,0.24234184622764587,0.10148551315069199,0.043537262827157974
1765156546.7437057,cf2,0.5223764777183533,1.4262926578521729,1.005538821220398,0.24310529232025146,0.09844136238098145,0.025611022487282753
1765156546.7542925,cf1,0.704547107219696,1.484552264213562,1.0002708435058594,0.23876641690731049,-0.009174119681119919,-0.020611846819519997
1765156546.7545629,cf1,0.704547107219696,1.484552264213562,1.0002708435058594,0.23608385026454926,-0.013841673731803894,-0.0071309651248157024
1765156546.7633963,cf2,0.527579128742218,1.4285674095153809,1.0055338144302368,0.24310529232025146,0.09844136238098145,0.025611022487282753
1765156546.7637436,cf2,0.527579128742218,1.4285674095153809,1.0055338144302368,0.24336397647857666,0.09521239250898361,0.0025539379566907883
1765156546.7746181,cf1,0.7087218761444092,1.4844001531600952,1.0004338026046753,0.23608385026454926,-0.013841673731803894,-0.0071309651248157024
1765156546.7749054,cf1,0.7087218761444092,1.4844001531600952,1.0004338026046753,0.23254717886447906,-0.01829819194972515,0.0067105065099895
1765156546.7833934,cf2,0.5327431559562683,1.4307689666748047,1.0050512552261353,0.24336397647857666,0.09521239250898361,0.0025539379566907883
1765156546.7839236,cf2,0.5327431559562683,1.4307689666748047,1.0050512552261353,0.2441379576921463,0.09240584820508957,-0.023092513903975487
1765156546.7943153,cf1,0.7149409651756287,1.483980655670166,1.0008598566055298,0.23254717886447906,-0.01829819194972515,0.0067105065099895
1765156546.7946303,cf1,0.7149409651756287,1.483980655670166,1.0008598566055298,0.2349051833152771,-0.023387286812067032,0.018167385831475258
1765156546.8035831,cf2,0.5376136302947998,1.4328038692474365,1.0042606592178345,0.2441379576921463,0.09240584820508957,-0.023092513903975487
1765156546.8039203,cf2,0.5376136302947998,1.4328038692474365,1.0042606592178345,0.24336403608322144,0.08889582753181458,-0.04412219673395157
1765156546.8144088,cf1,0.7185859084129333,1.4837087392807007,1.0012421607971191,0.2349051833152771,-0.023387286812067032,0.018167385831475258
1765156546.8146493,cf1,0.7185859084129333,1.4837087392807007,1.0012421607971191,0.23008355498313904,-0.027583017945289612,0.02441628836095333
1765156546.8223708,cf2,0.5435794591903687,1.4351763725280762,1.0030754804611206,0.24336403608322144,0.08889582753181458,-0.04412219673395157
1765156546.8227146,cf2,0.5435794591903687,1.4351763725280762,1.0030754804611206,0.24376468360424042,0.08547244220972061,-0.056031227111816406
1765156546.8338568,cf1,0.7215319871902466,1.4834481477737427,1.001526117324829,0.23008355498313904,-0.027583017945289612,0.02441628836095333
1765156546.8342786,cf1,0.7215319871902466,1.4834481477737427,1.001526117324829,0.2317778617143631,-0.030075976625084877,0.02600025199353695
1765156546.843568,cf2,0.5490707159042358,1.4372992515563965,1.0020111799240112,0.24376468360424042,0.08547244220972061,-0.056031227111816406
1765156546.8440516,cf2,0.5490707159042358,1.4372992515563965,1.0020111799240112,0.24419087171554565,0.08224515616893768,-0.05481422692537308
1765156546.8533037,cf1,0.7273238301277161,1.482771396636963,1.0020439624786377,0.2317778617143631,-0.030075976625084877,0.02600025199353695
1765156546.8537645,cf1,0.7273238301277161,1.482771396636963,1.0020439624786377,0.23114392161369324,-0.03524903580546379,0.024162931367754936
1765156546.863574,cf2,0.5543251633644104,1.4392657279968262,1.0012882947921753,0.24419087171554565,0.08224515616893768,-0.05481422692537308
1765156546.8643029,cf2,0.5543251633644104,1.4392657279968262,1.0012882947921753,0.24476821720600128,0.07928793877363205,-0.041320767253637314
1765156546.8733265,cf1,0.7316477298736572,1.4822096824645996,1.0022618770599365,0.23114392161369324,-0.03524903580546379,0.024162931367754936
1765156546.8737717,cf1,0.7316477298736572,1.4822096824645996,1.0022618770599365,0.22947758436203003,-0.03984272480010986,0.0163134578615427
1765156546.88385,cf2,0.5596917867660522,1.441195011138916,1.0009952783584595,0.24476821720600128,0.07928793877363205,-0.041320767253637314
1765156546.8842397,cf2,0.5596917867660522,1.441195011138916,1.0009952783584595,0.2454025149345398,0.0763811469078064,-0.019150622189044952
1765156546.8935611,cf1,0.7367764711380005,1.481425166130066,1.0023363828659058,0.22947758436203003,-0.03984272480010986,0.0163134578615427
1765156546.893883,cf1,0.7367764711380005,1.481425166130066,1.0023363828659058,0.22779035568237305,-0.044627949595451355,0.005134193226695061
1765156546.9035087,cf2,0.5648987293243408,1.4429998397827148,1.0012152194976807,0.2454025149345398,0.0763811469078064,-0.019150622189044952
1765156546.903948,cf2,0.5648987293243408,1.4429998397827148,1.0012152194976807,0.2440151423215866,0.07293888926506042,0.0062791332602500916
1765156546.9132428,cf1,0.7416656613349915,1.4805827140808105,1.00214684009552,0.22779035568237305,-0.044627949595451355,0.005134193226695061
1765156546.913739,cf1,0.7416656613349915,1.4805827140808105,1.00214684009552,0.22781822085380554,-0.04978301003575325,-0.0075437449850142
1765156546.923606,cf2,0.5704050064086914,1.4448250532150269,1.0018702745437622,0.2440151423215866,0.07293888926506042,0.0062791332602500916
1765156546.9240787,cf2,0.5704050064086914,1.4448250532150269,1.0018702745437622,0.2444995641708374,0.070081427693367,0.029557518661022186
1765156546.933302,cf1,0.7466843128204346,1.479610562324524,1.001724362373352,0.22781822085380554,-0.04978301003575325,-0.0075437449850142
1765156546.9338472,cf1,0.7466843128204346,1.479610562324524,1.001724362373352,0.22842317819595337,-0.055246319621801376,-0.0196773000061512
1765156546.9435017,cf2,0.5756004452705383,1.4464881420135498,1.0028187036514282,0.2444995641708374,0.070081427693367,0.029557518661022186
1765156546.9438744,cf2,0.5756004452705383,1.4464881420135498,1.0028187036514282,0.24278545379638672,0.06663403660058975,0.04601186513900757
1765156546.9530416,cf1,0.751711368560791,1.478525161743164,1.0011334419250488,0.22842317819595337,-0.055246319621801376,-0.0196773000061512
1765156546.9536386,cf1,0.751711368560791,1.478525161743164,1.0011334419250488,0.22912965714931488,-0.060911886394023895,-0.02822423353791237
1765156546.9633431,cf2,0.581076443195343,1.44816255569458,1.003930687904358,0.24278545379638672,0.06663403660058975,0.04601186513900757
1765156546.9641156,cf2,0.581076443195343,1.44816255569458,1.003930687904358,0.24289891123771667,0.06365621834993362,0.053456682711839676
1765156546.9736328,cf1,0.7567415237426758,1.4773211479187012,1.0004866123199463,0.22912965714931488,-0.060911886394023895,-0.02822423353791237
1765156546.9740276,cf1,0.7567415237426758,1.4773211479187012,1.0004866123199463,0.2298935204744339,-0.06675595790147781,-0.031080173328518867
1765156546.9836524,cf2,0.5856263041496277,1.4495346546173096,1.0047426223754883,0.24289891123771667,0.06365621834993362,0.053456682711839676
1765156546.983994,cf2,0.5856263041496277,1.4495346546173096,1.0047426223754883,0.23973146080970764,0.059896327555179596,0.04866510257124901
1765156546.9940774,cf1,0.7617754340171814,1.4759913682937622,0.9999131560325623,0.2298935204744339,-0.06675595790147781,-0.031080173328518867
1765156546.9943826,cf1,0.7617754340171814,1.4759913682937622,0.9999131560325623,0.23062723875045776,-0.07273051887750626,-0.02738805301487446
1765156547.003424,cf2,0.5908684730529785,1.4510259628295898,1.0054279565811157,0.23973146080970764,0.059896327555179596,0.04866510257124901
1765156547.0036895,cf2,0.5908684730529785,1.4510259628295898,1.0054279565811157,0.2392624318599701,0.05668247491121292,0.03444550931453705
1765156547.0144067,cf1,0.7668228149414062,1.4745267629623413,0.9995177388191223,0.23062723875045776,-0.07273051887750626,-0.02738805301487446
1765156547.0148573,cf1,0.7668228149414062,1.4745267629623413,0.9995177388191223,0.2304847240447998,-0.0788251981139183,-0.01792898029088974
1765156547.023682,cf2,0.5961320996284485,1.4524602890014648,1.0056825876235962,0.2392624318599701,0.05668247491121292,0.03444550931453705
1765156547.0240538,cf2,0.5961320996284485,1.4524602890014648,1.0056825876235962,0.23885145783424377,0.05335608124732971,0.012004276737570763
1765156547.0341244,cf1,0.7718412280082703,1.4729375839233398,0.9993720650672913,0.2304847240447998,-0.0788251981139183,-0.01792898029088974
1765156547.0345902,cf1,0.7718412280082703,1.4729375839233398,0.9993720650672913,0.23076747357845306,-0.08486481755971909,-0.00530820619314909
1765156547.0435412,cf2,0.6013751029968262,1.45382559299469,1.0054296255111694,0.23885145783424377,0.05335608124732971,0.012004276737570763
1765156547.0438452,cf2,0.6013751029968262,1.45382559299469,1.0054296255111694,0.2384343147277832,0.049887046217918396,-0.014073455706238747
1765156547.0543122,cf1,0.7768617868423462,1.4712114334106445,0.9994896054267883,0.23076747357845306,-0.08486481755971909,-0.00530820619314909
1765156547.05469,cf1,0.7768617868423462,1.4712114334106445,0.9994896054267883,0.23075369000434875,-0.09090182185173035,0.008239190094172955
1765156547.0637088,cf2,0.6065972447395325,1.4551186561584473,1.0047147274017334,0.2384343147277832,0.049887046217918396,-0.014073455706238747
1765156547.0640607,cf2,0.6065972447395325,1.4551186561584473,1.0047147274017334,0.23811884224414825,0.04629572480916977,-0.038014091551303864
1765156547.0744212,cf1,0.7818643450737,1.4693535566329956,0.9998358488082886,0.23075369000434875,-0.09090182185173035,0.008239190094172955
1765156547.0747938,cf1,0.7818643450737,1.4693535566329956,0.9998358488082886,0.2303692251443863,-0.09691318869590759,0.02001500502228737
1765156547.0834157,cf2,0.611801266670227,1.4563349485397339,1.0036996603012085,0.23811884224414825,0.04629572480916977,-0.038014091551303864
1765156547.0837374,cf2,0.611801266670227,1.4563349485397339,1.0036996603012085,0.23793746531009674,0.04260287433862686,-0.05374392494559288
1765156547.0932846,cf1,0.7868407964706421,1.4673675298690796,1.0003348588943481,0.2303692251443863,-0.09691318869590759,0.02001500502228737
1765156547.0935059,cf1,0.7868407964706421,1.4673675298690796,1.0003348588943481,0.2296086549758911,-0.10289659351110458,0.027921514585614204
1765156547.1035488,cf2,0.6169889569282532,1.4574683904647827,1.0026133060455322,0.23793746531009674,0.04260287433862686,-0.05374392494559288
1765156547.1038802,cf2,0.6169889569282532,1.4574683904647827,1.0026133060455322,0.23787464201450348,0.038815874606370926,-0.05803632736206055
1765156547.113646,cf1,0.7917960286140442,1.465251088142395,1.0008845329284668,0.2296086549758911,-0.10289659351110458,0.027921514585614204
1765156547.1140952,cf1,0.7917960286140442,1.465251088142395,1.0008845329284668,0.227678582072258,-0.10879669338464737,0.030505849048495293
1765156547.1239707,cf2,0.6221633553504944,1.4585120677947998,1.0017132759094238,0.23787464201450348,0.038815874606370926,-0.05803632736206055
1765156547.1243517,cf2,0.6221633553504944,1.4585120677947998,1.0017132759094238,0.23790927231311798,0.034946609288454056,-0.04922430217266083
1765156547.1334336,cf1,0.7966867089271545,1.4630279541015625,1.0013668537139893,0.227678582072258,-0.10879669338464737,0.030505849048495293
1765156547.1337142,cf1,0.7966867089271545,1.4630279541015625,1.0013668537139893,0.22611604630947113,-0.1146661788225174,0.02722759358584881
1765156547.1434133,cf2,0.6268247961997986,1.4593409299850464,1.0011723041534424,0.23790927231311798,0.034946609288454056,-0.04922430217266083
1765156547.143656,cf2,0.6268247961997986,1.4593409299850464,1.0011723041534424,0.23797208070755005,0.031001832336187363,-0.030020665377378464
1765156547.1531599,cf1,0.8015451431274414,1.4606837034225464,1.0016812086105347,0.22611604630947113,-0.1146661788225174,0.02722759358584881
1765156547.1536117,cf1,0.8015451431274414,1.4606837034225464,1.0016812086105347,0.22422905266284943,-0.12053396552801132,0.018550854176282883
1765156547.1633801,cf2,0.6319795846939087,1.4601999521255493,1.0010871887207031,0.23797208070755005,0.031001832336187363,-0.030020665377378464
1765156547.163627,cf2,0.6319795846939087,1.4601999521255493,1.0010871887207031,0.23803241550922394,0.026979414746165276,-0.005347311496734619
1765156547.174284,cf1,0.8070816993713379,1.4578182697296143,1.0017727613449097,0.22422905266284943,-0.12053396552801132,0.018550854176282883
1765156547.174578,cf1,0.8070816993713379,1.4578182697296143,1.0017727613449097,0.22217874228954315,-0.1269858330488205,0.00517903221771121
1765156547.1823165,cf2,0.6371483206748962,1.460960030555725,1.0014904737472534,0.23803241550922394,0.026979414746165276,-0.005347311496734619
1765156547.1832447,cf2,0.6371483206748962,1.460960030555725,1.0014904737472534,0.23730695247650146,0.022602682933211327,0.020370177924633026
1765156547.1943777,cf1,0.8111475110054016,1.4556353092193604,1.001537799835205,0.22217874228954315,-0.1269858330488205,0.00517903221771121
1765156547.1947763,cf1,0.8111475110054016,1.4556353092193604,1.001537799835205,0.21700188517570496,-0.13121840357780457,-0.009463684633374214
1765156547.202313,cf2,0.642253577709198,1.4616153240203857,1.0022791624069214,0.23730695247650146,0.022602682933211327,0.020370177924633026
1765156547.202536,cf2,0.642253577709198,1.4616153240203857,1.0022791624069214,0.2372894585132599,0.018460705876350403,0.04037458822131157
1765156547.2142782,cf1,0.8158038854598999,1.4529775381088257,1.0010817050933838,0.21700188517570496,-0.13121840357780457,-0.009463684633374214
1765156547.2146673,cf1,0.8158038854598999,1.4529775381088257,1.0010817050933838,0.21427913010120392,-0.13699834048748016,-0.022204559296369553
1765156547.2225158,cf2,0.6473745703697205,1.462175965309143,1.0032871961593628,0.2372894585132599,0.018460705876350403,0.04037458822131157
1765156547.2228444,cf2,0.6473745703697205,1.462175965309143,1.0032871961593628,0.23631832003593445,0.014045467600226402,0.0513562336564064
1765156547.234096,cf1,0.8204399943351746,1.4501829147338867,1.0004783868789673,0.21427913010120392,-0.13699834048748016,-0.022204559296369553
1765156547.23453,cf1,0.8204399943351746,1.4501829147338867,1.0004783868789673,0.21152828633785248,-0.1428082138299942,-0.03006776049733162
1765156547.2423697,cf2,0.65248703956604,1.4626420736312866,1.0042895078659058,0.23631832003593445,0.014045467600226402,0.0513562336564064
1765156547.242717,cf2,0.65248703956604,1.4626420736312866,1.0042895078659058,0.2363482564687729,0.009749025106430054,0.051280733197927475
1765156547.2543736,cf1,0.8250133991241455,1.4472697973251343,0.9998626112937927,0.21152828633785248,-0.1428082138299942,-0.03006776049733162
1765156547.2547026,cf1,0.8250133991241455,1.4472697973251343,0.9998626112937927,0.2086954414844513,-0.1485641896724701,-0.030877165496349335
1765156547.2622447,cf2,0.6575895547866821,1.463017225265503,1.0050721168518066,0.2363482564687729,0.009749025106430054,0.051280733197927475
1765156547.2626178,cf2,0.6575895547866821,1.463017225265503,1.0050721168518066,0.23635579645633698,0.005360994953662157,0.04028087481856346
1765156547.2744348,cf1,0.8295713067054749,1.4441989660263062,0.9993628263473511,0.2086954414844513,-0.1485641896724701,-0.030877165496349335
1765156547.2747996,cf1,0.8295713067054749,1.4441989660263062,0.9993628263473511,0.20522695779800415,-0.15420061349868774,-0.02412055991590023
1765156547.2823296,cf2,0.6626814007759094,1.4633042812347412,1.0054564476013184,0.23635579645633698,0.005360994953662157,0.04028087481856346
1765156547.2826734,cf2,0.6626814007759094,1.4633042812347412,1.0054564476013184,0.23628441989421844,0.0008855345658957958,0.02016247808933258
1765156547.2944927,cf1,0.8346327543258667,1.4405605792999268,0.9990441799163818,0.20522695779800415,-0.15420061349868774,-0.02412055991590023
1765156547.2948327,cf1,0.8346327543258667,1.4405605792999268,0.9990441799163818,0.20263825356960297,-0.16052281856536865,-0.011558216996490955
1765156547.3023634,cf2,0.6677613854408264,1.4635051488876343,1.0053417682647705,0.23628441989421844,0.0008855345658957958,0.02016247808933258
1765156547.3026626,cf2,0.6677613854408264,1.4635051488876343,1.0053417682647705,0.23610073328018188,-0.00365069811232388,-0.00509008951485157
1765156547.3142235,cf1,0.8385106921195984,1.4376623630523682,0.9991056323051453,0.20263825356960297,-0.16052281856536865,-0.011558216996490955
1765156547.314661,cf1,0.8385106921195984,1.4376623630523682,0.9991056323051453,0.19802099466323853,-0.16452349722385406,0.0033834436908364296
1765156547.3223658,cf2,0.6728283166885376,1.4636192321777344,1.0047390460968018,0.23610073328018188,-0.00365069811232388,-0.00509008951485157
1765156547.3226972,cf2,0.6728283166885376,1.4636192321777344,1.0047390460968018,0.23578277230262756,-0.008218780159950256,-0.029903965070843697
1765156547.3341503,cf1,0.842801570892334,1.4342728853225708,0.9993919730186462,0.19802099466323853,-0.16452349722385406,0.0033834436908364296
1765156547.3345542,cf1,0.842801570892334,1.4342728853225708,0.9993919730186462,0.19462449848651886,-0.1694241166114807,0.01745704747736454
1765156547.3423443,cf2,0.6778803467750549,1.463642954826355,1.0037866830825806,0.23578277230262756,-0.008218780159950256,-0.029903965070843697
1765156547.342654,cf2,0.6778803467750549,1.463642954826355,1.0037866830825806,0.23533987998962402,-0.01280545350164175,-0.04802059382200241
1765156547.3540666,cf1,0.8470703959465027,1.430734634399414,0.9998747110366821,0.19462449848651886,-0.1694241166114807,0.01745704747736454
1765156547.3543339,cf1,0.8470703959465027,1.430734634399414,0.9998747110366821,0.19148534536361694,-0.17439663410186768,0.028077831491827965
1765156547.3624134,cf2,0.6829158663749695,1.4635710716247559,1.0026977062225342,0.23533987998962402,-0.01280545350164175,-0.04802059382200241
1765156547.3627598,cf2,0.6829158663749695,1.4635710716247559,1.0026977062225342,0.2348203808069229,-0.017420129850506783,-0.05546217039227486
1765156547.3737369,cf1,0.8521605730056763,1.426178216934204,1.000590205192566,0.19148534536361694,-0.17439663410186768,0.028077831491827965
1765156547.374028,cf1,0.8521605730056763,1.426178216934204,1.000590205192566,0.18962454795837402,-0.180928036570549,0.03353981301188469
1765156547.382309,cf2,0.687934398651123,1.4633967876434326,1.0017250776290894,0.2348203808069229,-0.017420129850506783,-0.05546217039227486
1765156547.3826644,cf2,0.687934398651123,1.4633967876434326,1.0017250776290894,0.23421616852283478,-0.02204381301999092,-0.05022796615958214
1765156547.3940623,cf1,0.8564013242721558,1.4222959280014038,1.001154899597168,0.18962454795837402,-0.180928036570549,0.03353981301188469
1765156547.3944423,cf1,0.8564013242721558,1.4222959280014038,1.001154899597168,0.1871374547481537,-0.1866365671157837,0.03182261437177658
1765156547.4022772,cf2,0.6929343342781067,1.4631152153015137,1.0010795593261719,0.23421616852283478,-0.02204381301999092,-0.05022796615958214
1765156547.4030676,cf2,0.6929343342781067,1.4631152153015137,1.0010795593261719,0.23352931439876556,-0.02665853500366211,-0.03434985503554344
1765156547.4140308,cf1,0.8603496551513672,1.4185550212860107,1.001494288444519,0.1871374547481537,-0.1866365671157837,0.03182261437177658
1765156547.4142845,cf1,0.8603496551513672,1.4185550212860107,1.001494288444519,0.1854042112827301,-0.19254878163337708,0.02424813061952591
1765156547.4223588,cf2,0.6979142427444458,1.4627236127853394,1.0008877515792847,0.23352931439876556,-0.02665853500366211,-0.03434985503554344
1765156547.4226422,cf2,0.6979142427444458,1.4627236127853394,1.0008877515792847,0.23278072476387024,-0.03127327561378479,-0.011524051427841187
1765156547.4340925,cf1,0.8644503951072693,1.4145176410675049,1.0015822649002075,0.1854042112827301,-0.19254878163337708,0.02424813061952591
1765156547.4344907,cf1,0.8644503951072693,1.4145176410675049,1.0015822649002075,0.18406301736831665,-0.19880996644496918,0.01168806478381157
1765156547.4422617,cf2,0.7028740644454956,1.4622210264205933,1.00116765499115,0.23278072476387024,-0.03127327561378479,-0.011524051427841187
1765156547.443057,cf2,0.7028740644454956,1.4622210264205933,1.00116765499115,0.2319943755865097,-0.03591134026646614,0.012622124515473843
1765156547.454179,cf1,0.8685355186462402,1.4103493690490723,1.0013519525527954,0.18406301736831665,-0.19880996644496918,0.01168806478381157
1765156547.4545722,cf1,0.8685355186462402,1.4103493690490723,1.0013519525527954,0.18359170854091644,-0.20634447038173676,-0.0030542025342583656
1765156547.4623642,cf2,0.7078142166137695,1.461607813835144,1.001842975616455,0.2319943755865097,-0.03591134026646614,0.012622124515473843
1765156547.4626899,cf2,0.7078142166137695,1.461607813835144,1.001842975616455,0.23119483888149261,-0.04059617221355438,0.03345368430018425
1765156547.4753006,cf1,0.8725936412811279,1.406059741973877,1.0008403062820435,0.18359170854091644,-0.20634447038173676,-0.0030542025342583656
1765156547.4756656,cf1,0.8725936412811279,1.406059741973877,1.0008403062820435,0.18160969018936157,-0.21145886182785034,-0.01706397719681263
1765156547.4822702,cf2,0.7127355337142944,1.4608864784240723,1.0027586221694946,0.23119483888149261,-0.04059617221355438,0.03345368430018425
1765156547.4826305,cf2,0.7127355337142944,1.4608864784240723,1.0027586221694946,0.23037901520729065,-0.045335572212934494,0.04679775610566139
1765156547.4941015,cf1,0.8768423199653625,1.401380181312561,1.0001121759414673,0.18160969018936157,-0.21145886182785034,-0.01706397719681263
1765156547.4945164,cf1,0.8768423199653625,1.401380181312561,1.0001121759414673,0.17916180193424225,-0.21712738275527954,-0.02682570181787014
1765156547.502436,cf2,0.7176376581192017,1.4600616693496704,1.0037128925323486,0.23037901520729065,-0.045335572212934494,0.04679775610566139
1765156547.5027943,cf2,0.7176376581192017,1.4600616693496704,1.0037128925323486,0.2295386642217636,-0.05013357847929001,0.05012868344783783
1765156547.5141582,cf1,0.8806177973747253,1.397100806236267,0.9994364380836487,0.17916180193424225,-0.21712738275527954,-0.02682570181787014
1765156547.514442,cf1,0.8806177973747253,1.397100806236267,0.9994364380836487,0.1783408224582672,-0.22432799637317657,-0.029280580580234528
1765156547.524521,cf2,0.7225200533866882,1.459138035774231,1.0044894218444824,0.2295386642217636,-0.05013357847929001,0.05012868344783783
1765156547.5249686,cf2,0.7225200533866882,1.459138035774231,1.0044894218444824,0.22865256667137146,-0.054999902844429016,0.042354680597782135
1765156547.5342543,cf1,0.8845670223236084,1.3924463987350464,0.9988537430763245,0.1783408224582672,-0.22432799637317657,-0.029280580580234528
1765156547.5346682,cf1,0.8845670223236084,1.3924463987350464,0.9988537430763245,0.17678019404411316,-0.23032638430595398,-0.0242669265717268
1765156547.5435603,cf2,0.7274923920631409,1.4580899477005005,1.0049138069152832,0.22865256667137146,-0.054999902844429016,0.042354680597782135
1765156547.543838,cf2,0.7274923920631409,1.4580899477005005,1.0049138069152832,0.2271251082420349,-0.060080282390117645,0.02405555546283722
1765156547.554197,cf1,0.8884888887405396,1.387646198272705,0.998501718044281,0.17678019404411316,-0.23032638430595398,-0.0242669265717268
1765156547.5545893,cf1,0.8884888887405396,1.387646198272705,0.998501718044281,0.17509713768959045,-0.23625417053699493,-0.013547014445066452
1765156547.563349,cf2,0.7322258949279785,1.4570051431655884,1.0048410892486572,0.2271251082420349,-0.060080282390117645,0.02405555546283722
1765156547.563662,cf2,0.7322258949279785,1.4570051431655884,1.0048410892486572,0.22591659426689148,-0.06502041965723038,0.0006760589894838631
1765156547.5740786,cf1,0.8923684358596802,1.3827142715454102,0.9984399676322937,0.17509713768959045,-0.23625417053699493,-0.013547014445066452
1765156547.5744383,cf1,0.8923684358596802,1.3827142715454102,0.9984399676322937,0.17324423789978027,-0.24203136563301086,0.000251248013228178
1765156547.583587,cf2,0.7370398044586182,1.4558008909225464,1.004300832748413,0.22591659426689148,-0.06502041965723038,0.0006760589894838631
1765156547.5838313,cf2,0.7370398044586182,1.4558008909225464,1.004300832748413,0.22487953305244446,-0.07008691132068634,-0.023900868371129036
1765156547.5943108,cf1,0.8962006568908691,1.3776559829711914,0.9986498951911926,0.17324423789978027,-0.24203136563301086,0.000251248013228178
1765156547.5947592,cf1,0.8962006568908691,1.3776559829711914,0.9986498951911926,0.17119929194450378,-0.24765431880950928,0.013731211423873901
1765156547.6034412,cf2,0.7418369650840759,1.4544981718063354,1.003396987915039,0.22487953305244446,-0.07008691132068634,-0.023900868371129036
1765156547.603732,cf2,0.7418369650840759,1.4544981718063354,1.003396987915039,0.22378689050674438,-0.0751575380563736,-0.04293196275830269
1765156547.6140065,cf1,0.8999824523925781,1.3724757432937622,0.9990567564964294,0.17119929194450378,-0.24765431880950928,0.013731211423873901
1765156547.6142645,cf1,0.8999824523925781,1.3724757432937622,0.9990567564964294,0.1689758151769638,-0.25317367911338806,0.02411649189889431
1765156547.6235247,cf2,0.7469181418418884,1.4529309272766113,1.0022594928741455,0.22378689050674438,-0.0751575380563736,-0.04293196275830269
1765156547.6238525,cf2,0.7469181418418884,1.4529309272766113,1.0022594928741455,0.22265107929706573,-0.0802064836025238,-0.051394131034612656
1765156547.634044,cf1,0.9037117958068848,1.3671776056289673,0.9995535016059875,0.1689758151769638,-0.25317367911338806,0.02411649189889431
1765156547.634442,cf1,0.9037117958068848,1.3671776056289673,0.9995535016059875,0.16659486293792725,-0.25863027572631836,0.029610643163323402
1765156547.643702,cf2,0.7505224943161011,1.4518358707427979,1.001538872718811,0.22265107929706573,-0.0802064836025238,-0.051394131034612656
1765156547.6440475,cf2,0.7505224943161011,1.4518358707427979,1.001538872718811,0.21921251714229584,-0.08427068591117859,-0.04707598313689232
1765156547.6541166,cf1,0.9073865413665771,1.3617668151855469,1.0000163316726685,0.16659486293792725,-0.25863027572631836,0.029610643163323402
1765156547.6545196,cf1,0.9073865413665771,1.3617668151855469,1.0000163316726685,0.16404715180397034,-0.2640373110771179,0.029111968353390694
1765156547.6634643,cf2,0.7548986673355103,1.4503629207611084,1.000895619392395,0.21921251714229584,-0.08427068591117859,-0.04707598313689232
1765156547.663812,cf2,0.7548986673355103,1.4503629207611084,1.000895619392395,0.21763412654399872,-0.08901430666446686,-0.03314637392759323
1765156547.6745274,cf1,0.911004900932312,1.3562475442886353,1.0003273487091064,0.16404715180397034,-0.2640373110771179,0.029111968353390694
1765156547.6748712,cf1,0.911004900932312,1.3562475442886353,1.0003273487091064,0.16133137047290802,-0.26941579580307007,0.022738507017493248
1765156547.683656,cf2,0.7606794238090515,1.4481897354125977,1.0004651546478271,0.21763412654399872,-0.08901430666446686,-0.03314637392759323
1765156547.6838777,cf2,0.7606794238090515,1.4481897354125977,1.0004651546478271,0.2172607183456421,-0.09432876855134964,-0.012852485291659832
1765156547.6940343,cf1,0.9145647883415222,1.3506230115890503,1.0004005432128906,0.16133137047290802,-0.26941579580307007,0.022738507017493248
1765156547.6943326,cf1,0.9145647883415222,1.3506230115890503,1.0004005432128906,0.1584469974040985,-0.27478086948394775,0.011862303130328655
1765156547.7032921,cf2,0.7652769088745117,1.4464287757873535,1.0007266998291016,0.2172607183456421,-0.09432876855134964,-0.012852485291659832
1765156547.7037396,cf2,0.7652769088745117,1.4464287757873535,1.0007266998291016,0.21525776386260986,-0.09885821491479874,0.00929463654756546
1765156547.7133205,cf1,0.9165364503860474,1.3476109504699707,1.0002473592758179,0.1584469974040985,-0.27478086948394775,0.011862303130328655
1765156547.7135675,cf1,0.9165364503860474,1.3476109504699707,1.0002473592758179,0.15648514032363892,-0.27648767828941345,0.004370248876512051
1765156547.7236536,cf2,0.7692307829856873,1.4447401762008667,1.0011482238769531,0.21525776386260986,-0.09885821491479874,0.00929463654756546
1765156547.7241232,cf2,0.7692307829856873,1.4447401762008667,1.0011482238769531,0.21253250539302826,-0.10292790830135345,0.027902422472834587
1765156547.7332544,cf1,0.9199630618095398,1.3418910503387451,0.9999346733093262,0.15648514032363892,-0.27648767828941345,0.004370248876512051
1765156547.733709,cf1,0.9199630618095398,1.3418910503387451,0.9999346733093262,0.15326350927352905,-0.28163525462150574,-0.008324974216520786
1765156547.742283,cf2,0.7751078009605408,1.4420394897460938,1.0020898580551147,0.21253250539302826,-0.10292790830135345,0.027902422472834587
1765156547.7426453,cf2,0.7751078009605408,1.4420394897460938,1.0020898580551147,0.21348708868026733,-0.10950642079114914,0.0405876487493515
1765156547.75341,cf1,0.923358678817749,1.3360036611557007,0.9994432926177979,0.15326350927352905,-0.28163525462150574,-0.008324974216520786
1765156547.7537048,cf1,0.923358678817749,1.3360036611557007,0.9994432926177979,0.15001614391803741,-0.28698763251304626,-0.018320858478546143
1765156547.762379,cf2,0.7795791625976562,1.4399127960205078,1.0028749704360962,0.21348708868026733,-0.10950642079114914,0.0405876487493515
1765156547.7627246,cf2,0.7795791625976562,1.4399127960205078,1.0028749704360962,0.212435781955719,-0.11443991214036942,0.04305277764797211
1765156547.7732673,cf1,0.9266860485076904,1.3300044536590576,0.998865008354187,0.15001614391803741,-0.28698763251304626,-0.018320858478546143
1765156547.773681,cf1,0.9266860485076904,1.3300044536590576,0.998865008354187,0.14665690064430237,-0.2923646569252014,-0.023549487814307213
1765156547.782661,cf2,0.783084511756897,1.4382266998291016,1.0033096075057983,0.212435781955719,-0.11443991214036942,0.04305277764797211
1765156547.7829537,cf2,0.783084511756897,1.4382266998291016,1.0033096075057983,0.20797356963157654,-0.11730736494064331,0.034657660871744156
1765156547.7932298,cf1,0.9299401640892029,1.3238894939422607,0.9983112215995789,0.14665690064430237,-0.2923646569252014,-0.023549487814307213
1765156547.7934673,cf1,0.9299401640892029,1.3238894939422607,0.9983112215995789,0.1432282030582428,-0.29788821935653687,-0.0227455236017704
1765156547.802343,cf2,0.7873360514640808,1.4360425472259521,1.0036054849624634,0.20797356963157654,-0.11730736494064331,0.034657660871744156
1765156547.8027704,cf2,0.7873360514640808,1.4360425472259521,1.0036054849624634,0.20674119889736176,-0.121977798640728,0.01936342753469944
1765156547.81326,cf1,0.9327985644340515,1.3182225227355957,0.9978930354118347,0.1432282030582428,-0.29788821935653687,-0.0227455236017704
1765156547.8136065,cf1,0.9327985644340515,1.3182225227355957,0.9978930354118347,0.13976258039474487,-0.3036089539527893,-0.016306277364492416
1765156547.823564,cf2,0.7931416630744934,1.4328259229660034,1.00357186794281,0.20674119889736176,-0.121977798640728,0.01936342753469944
1765156547.8239067,cf2,0.7931416630744934,1.4328259229660034,1.00357186794281,0.2077692598104477,-0.12853886187076569,-0.0014583952724933624
1765156547.834009,cf1,0.9359198212623596,1.3118318319320679,0.9976592063903809,0.13976258039474487,-0.3036089539527893,-0.016306277364492416
1765156547.8342853,cf1,0.9359198212623596,1.3118318319320679,0.9976592063903809,0.13565729558467865,-0.30879446864128113,-0.004817268345504999
1765156547.8433206,cf2,0.797816276550293,1.4301694631576538,1.0030075311660767,0.2077692598104477,-0.12853886187076569,-0.0014583952724933624
1765156547.8436759,cf2,0.797816276550293,1.4301694631576538,1.0030075311660767,0.20735348761081696,-0.1337958723306656,-0.021658658981323242
1765156547.8541973,cf1,0.9392387866973877,1.304776906967163,0.9977244138717651,0.13565729558467865,-0.30879446864128113,-0.004817268345504999
1765156547.854531,cf1,0.9392387866973877,1.304776906967163,0.9977244138717651,0.13217680156230927,-0.31477344036102295,0.008560740388929844
1765156547.8644843,cf2,0.8023409843444824,1.4274935722351074,1.002151370048523,0.20735348761081696,-0.1337958723306656,-0.021658658981323242
1765156547.8648324,cf2,0.8023409843444824,1.4274935722351074,1.002151370048523,0.20559385418891907,-0.1378767490386963,-0.036196138709783554
1765156547.8741398,cf1,0.9421817064285278,1.298136591911316,0.9979974031448364,0.13217680156230927,-0.31477344036102295,0.008560740388929844
1765156547.8744144,cf1,0.9421817064285278,1.298136591911316,0.9979974031448364,0.12873585522174835,-0.3209143579006195,0.021265443414449692
1765156547.8822134,cf2,0.8068793416023254,1.4246896505355835,1.0012062788009644,0.20559385418891907,-0.1378767490386963,-0.036196138709783554
1765156547.8825881,cf2,0.8068793416023254,1.4246896505355835,1.0012062788009644,0.20498137176036835,-0.14364808797836304,-0.04195353388786316
1765156547.8942943,cf1,0.9450482130050659,1.291360855102539,0.9984442591667175,0.12873585522174835,-0.3209143579006195,0.021265443414449692
1765156547.8947525,cf1,0.9450482130050659,1.291360855102539,0.9984442591667175,0.1253177523612976,-0.32707613706588745,0.03144322708249092
1765156547.902281,cf2,0.8112958669662476,1.4218477010726929,1.0004180669784546,0.20498137176036835,-0.14364808797836304,-0.04195353388786316
1765156547.9026217,cf2,0.8112958669662476,1.4218477010726929,1.0004180669784546,0.2036835104227066,-0.1483999639749527,-0.03737545758485794
1765156547.9141626,cf1,0.947840690612793,1.284454345703125,0.9989668726921082,0.1253177523612976,-0.32707613706588745,0.03144322708249092
1765156547.9144835,cf1,0.947840690612793,1.284454345703125,0.9989668726921082,0.12194380164146423,-0.333235502243042,0.03661993518471718
1765156547.922331,cf2,0.8157256245613098,1.4188690185546875,0.9999139308929443,0.2036835104227066,-0.1483999639749527,-0.03737545758485794
1765156547.9225569,cf2,0.8157256245613098,1.4188690185546875,0.9999139308929443,0.20233136415481567,-0.15320801734924316,-0.02463679388165474
1765156547.9340076,cf1,0.9502826929092407,1.278067946434021,0.9994255900382996,0.12194380164146423,-0.333235502243042,0.03661993518471718
1765156547.9344277,cf1,0.9502826929092407,1.278067946434021,0.9994255900382996,0.11862386018037796,-0.3393287658691406,0.03582679480314255
1765156547.9423022,cf2,0.8201197981834412,1.4157811403274536,0.9997773766517639,0.20233136415481567,-0.15320801734924316,-0.02463679388165474
1765156547.9430325,cf2,0.8201197981834412,1.4157811403274536,0.9997773766517639,0.20080114901065826,-0.15800383687019348,-0.007363238371908665
1765156547.954033,cf1,0.9529975056648254,1.2707618474960327,0.9997909665107727,0.11862386018037796,-0.3393287658691406,0.03582679480314255
1765156547.9544947,cf1,0.9529975056648254,1.2707618474960327,0.9997909665107727,0.1142822653055191,-0.3434016704559326,0.028206778690218925
1765156547.9623349,cf2,0.8224758505821228,1.4141987562179565,0.9999620318412781,0.20080114901065826,-0.15800383687019348,-0.007363238371908665
1765156547.9626973,cf2,0.8224758505821228,1.4141987562179565,0.9999620318412781,0.1990928202867508,-0.16282162070274353,0.009989148937165737
1765156547.9740672,cf1,0.9555455446243286,1.2636367082595825,0.9998878836631775,0.1142822653055191,-0.3434016704559326,0.028206778690218925
1765156547.9744694,cf1,0.9555455446243286,1.2636367082595825,0.9998878836631775,0.11095225065946579,-0.34926432371139526,0.015053986571729183
1765156547.98231,cf2,0.8268025517463684,1.41094970703125,1.0002872943878174,0.1990928202867508,-0.16282162070274353,0.009989148937165737
1765156547.9827385,cf2,0.8268025517463684,1.41094970703125,1.0002872943878174,0.1971997618675232,-0.1676584780216217,0.02394954487681389
1765156547.9943528,cf1,0.9580543041229248,1.2563343048095703,0.9996957778930664,0.11095225065946579,-0.34926432371139526,0.015053986571729183
1765156547.9947445,cf1,0.9580543041229248,1.2563343048095703,0.9996957778930664,0.10766851902008057,-0.3546832501888275,-0.00029150579939596355
1765156548.002331,cf2,0.8320377469062805,1.4067583084106445,1.0009253025054932,0.1971997618675232,-0.1676584780216217,0.02394954487681389
1765156548.0027084,cf2,0.8320377469062805,1.4067583084106445,1.0009253025054932,0.19157154858112335,-0.16918537020683289,0.030883725732564926
1765156548.0141125,cf1,0.9605115056037903,1.2488864660263062,0.9992191195487976,0.10766851902008057,-0.3546832501888275,-0.00029150579939596355
1765156548.0145357,cf1,0.9605115056037903,1.2488864660263062,0.9992191195487976,0.10438897460699081,-0.3598810136318207,-0.015156257897615433
1765156548.0224366,cf2,0.8369172215461731,1.4026660919189453,1.0015859603881836,0.19157154858112335,-0.16918537020683289,0.030883725732564926
1765156548.0227935,cf2,0.8369172215461731,1.4026660919189453,1.0015859603881836,0.19050636887550354,-0.17524383962154388,0.03178136795759201
1765156548.0354228,cf1,0.9629008173942566,1.241340160369873,0.9985455870628357,0.10438897460699081,-0.3598810136318207,-0.015156257897615433
1765156548.035745,cf1,0.9629008173942566,1.241340160369873,0.9985455870628357,0.10110443830490112,-0.3647882044315338,-0.02573496475815773
1765156548.0425673,cf2,0.8401646018028259,1.399943232536316,1.0018727779388428,0.19050636887550354,-0.17524383962154388,0.03178136795759201
1765156548.042942,cf2,0.8401646018028259,1.399943232536316,1.0018727779388428,0.18563050031661987,-0.17758744955062866,0.024692092090845108
1765156548.053247,cf1,0.9652284979820251,1.2336599826812744,0.9978077411651611,0.10110443830490112,-0.3647882044315338,-0.02573496475815773
1765156548.053589,cf1,0.9652284979820251,1.2336599826812744,0.9978077411651611,0.09681013971567154,-0.36704009771347046,-0.02943236194550991
1765156548.0624535,cf2,0.8444666862487793,1.3960981369018555,1.0020849704742432,0.18563050031661987,-0.17758744955062866,0.024692092090845108
1765156548.0629091,cf2,0.8444666862487793,1.3960981369018555,1.0020849704742432,0.1827775239944458,-0.18224261701107025,0.013067299500107765
1765156548.0732205,cf1,0.9674603343009949,1.2259676456451416,0.9971665740013123,0.09681013971567154,-0.36704009771347046,-0.02943236194550991
1765156548.0735176,cf1,0.9674603343009949,1.2259676456451416,0.9971665740013123,0.0935085192322731,-0.3713127076625824,-0.02572251483798027
1765156548.0824199,cf2,0.848540186882019,1.3922224044799805,1.0020021200180054,0.1827775239944458,-0.18224261701107025,0.013067299500107765
1765156548.0827725,cf2,0.848540186882019,1.3922224044799805,1.0020021200180054,0.18033252656459808,-0.18735520541667938,-0.001446773181669414
1765156548.0937452,cf1,0.9696260094642639,1.2181437015533447,0.996745228767395,0.0935085192322731,-0.3713127076625824,-0.02572251483798027
1765156548.0941844,cf1,0.9696260094642639,1.2181437015533447,0.996745228767395,0.09018277376890182,-0.37536925077438354,-0.015084244310855865
1765156548.1024773,cf2,0.8523585796356201,1.3886572122573853,1.001591444015503,0.18033252656459808,-0.18735520541667938,-0.001446773181669414
1765156548.1027112,cf2,0.8523585796356201,1.3886572122573853,1.001591444015503,0.17841824889183044,-0.1931772083044052,-0.015011277981102467
1765156548.1136532,cf1,0.9717119932174683,1.2102311849594116,0.9966251850128174,0.09018277376890182,-0.37536925077438354,-0.015084244310855865
1765156548.1139402,cf1,0.9717119932174683,1.2102311849594116,0.9966251850128174,0.08680667728185654,-0.37916478514671326,-0.00019775763212237507
1765156548.1223922,cf2,0.8565544486045837,1.3843389749526978,1.0009784698486328,0.17841824889183044,-0.1931772083044052,-0.015011277981102467
1765156548.1226642,cf2,0.8565544486045837,1.3843389749526978,1.0009784698486328,0.17669105529785156,-0.19927914440631866,-0.024380888789892197
1765156548.1341336,cf1,0.9737569093704224,1.2020506858825684,0.9968245625495911,0.08680667728185654,-0.37916478514671326,-0.00019775763212237507
1765156548.1344783,cf1,0.9737569093704224,1.2020506858825684,0.9968245625495911,0.08299805968999863,-0.3820381164550781,0.016405407339334488
1765156548.143426,cf2,0.8604112267494202,1.380420207977295,1.0003412961959839,0.17669105529785156,-0.19927914440631866,-0.024380888789892197
1765156548.1437972,cf2,0.8604112267494202,1.380420207977295,1.0003412961959839,0.17457431554794312,-0.20540501177310944,-0.027483763173222542
1765156548.1539993,cf1,0.975639283657074,1.1941564083099365,0.9972914457321167,0.08299805968999863,-0.3820381164550781,0.016405407339334488
1765156548.1542473,cf1,0.975639283657074,1.1941564083099365,0.9972914457321167,0.07948066294193268,-0.38514944911003113,0.03015347756445408
1765156548.1634755,cf2,0.8648982048034668,1.3753852844238281,0.9995980262756348,0.17457431554794312,-0.20540501177310944,-0.027483763173222542
1765156548.1638033,cf2,0.8648982048034668,1.3753852844238281,0.9995980262756348,0.17231419682502747,-0.21096853911876678,-0.023754853755235672
1765156548.174227,cf1,0.9774782657623291,1.1860182285308838,0.9979303479194641,0.07948066294193268,-0.38514944911003113,0.03015347756445408
1765156548.1745803,cf1,0.9774782657623291,1.1860182285308838,0.9979303479194641,0.07596461474895477,-0.38854020833969116,0.03916037455201149
1765156548.1835003,cf2,0.8681524395942688,1.3718410730361938,0.999316930770874,0.17231419682502747,-0.21096853911876678,-0.023754853755235672
1765156548.1838,cf2,0.8681524395942688,1.3718410730361938,0.999316930770874,0.17045961320400238,-0.21691206097602844,-0.015058867633342743
1765156548.1941228,cf1,0.9792386889457703,1.1777998208999634,0.9986119866371155,0.07596461474895477,-0.38854020833969116,0.03916037455201149
1765156548.1944587,cf1,0.9792386889457703,1.1777998208999634,0.9986119866371155,0.07235842943191528,-0.391862154006958,0.041695330291986465
1765156548.2035663,cf2,0.8719977140426636,1.3673080205917358,0.9990963935852051,0.17045961320400238,-0.21691206097602844,-0.015058867633342743
1765156548.2038915,cf2,0.8719977140426636,1.3673080205917358,0.9990963935852051,0.16903938353061676,-0.2234538495540619,-0.0038033146411180496
1765156548.2152278,cf1,0.9809193015098572,1.1695150136947632,0.9991884231567383,0.07235842943191528,-0.391862154006958,0.041695330291986465
1765156548.2156124,cf1,0.9809193015098572,1.1695150136947632,0.9991884231567383,0.06864922493696213,-0.39514535665512085,0.03679106757044792
1765156548.2234347,cf2,0.8759954571723938,1.3622651100158691,0.9990687370300293,0.16903938353061676,-0.2234538495540619,-0.0038033146411180496
1765156548.2238536,cf2,0.8759954571723938,1.3622651100158691,0.9990687370300293,0.16761048138141632,-0.22996315360069275,0.007689937483519316
1765156548.2331274,cf1,0.9825266003608704,1.1611251831054688,0.9995337128639221,0.06864922493696213,-0.39514535665512085,0.03679106757044792
1765156548.2333636,cf1,0.9825266003608704,1.1611251831054688,0.9995337128639221,0.06442642956972122,-0.3972998261451721,0.024652769789099693
1765156548.2424219,cf2,0.8781479597091675,1.359728217124939,0.9991992115974426,0.16761048138141632,-0.22996315360069275,0.007689937483519316
1765156548.2427692,cf2,0.8781479597091675,1.359728217124939,0.9991992115974426,0.16790983080863953,-0.23464150726795197,0.01337895356118679
1765156548.2532372,cf1,0.9840776324272156,1.152178406715393,0.9996179938316345,0.06442642956972122,-0.3972998261451721,0.024652769789099693
1765156548.2535253,cf1,0.9840776324272156,1.152178406715393,0.9996179938316345,0.060504037886857986,-0.40048685669898987,0.009023657999932766
1765156548.2623687,cf2,0.8823981881141663,1.3541179895401,0.9994701147079468,0.16790983080863953,-0.23464150726795197,0.01337895356118679
1765156548.2627065,cf2,0.8823981881141663,1.3541179895401,0.9994701147079468,0.1661900132894516,-0.24121765792369843,0.0202393289655447
1765156548.2732027,cf1,0.9855135083198547,1.1437116861343384,0.9992919564247131,0.060504037886857986,-0.40048685669898987,0.009023657999932766
1765156548.2739155,cf1,0.9855135083198547,1.1437116861343384,0.9992919564247131,0.05647941306233406,-0.40367764234542847,-0.007680514361709356
1765156548.283896,cf2,0.885664701461792,1.3497302532196045,0.9997183680534363,0.1661900132894516,-0.24121765792369843,0.0202393289655447
1765156548.2841861,cf2,0.885664701461792,1.3497302532196045,0.9997183680534363,0.16214482486248016,-0.2442799210548401,0.02190299704670906
1765156548.293154,cf1,0.9868659377098083,1.1351819038391113,0.9986952543258667,0.05647941306233406,-0.40367764234542847,-0.007680514361709356
1765156548.2936854,cf1,0.9868659377098083,1.1351819038391113,0.9986952543258667,0.0523519366979599,-0.4067540168762207,-0.0211764145642519
1765156548.3033328,cf2,0.8892825245857239,1.3446613550186157,0.9999583959579468,0.16214482486248016,-0.2442799210548401,0.02190299704670906
1765156548.3037517,cf2,0.8892825245857239,1.3446613550186157,0.9999583959579468,0.16026438772678375,-0.2502005696296692,0.020228048786520958
1765156548.3132176,cf1,0.9881046414375305,1.1271870136260986,0.9980381727218628,0.0523519366979599,-0.4067540168762207,-0.0211764145642519
1765156548.313723,cf1,0.9881046414375305,1.1271870136260986,0.9980381727218628,0.048148851841688156,-0.4096972346305847,-0.028053393587470055
1765156548.3235502,cf2,0.8933257460594177,1.3387306928634644,1.0001286268234253,0.16026438772678375,-0.2502005696296692,0.020228048786520958
1765156548.323885,cf2,0.8933257460594177,1.3387306928634644,1.0001286268234253,0.15964101254940033,-0.2582622766494751,0.015349989756941795
1765156548.3336952,cf1,0.9892991185188293,1.1179449558258057,0.997308075428009,0.048148851841688156,-0.4096972346305847,-0.028053393587470055
1765156548.3340437,cf1,0.9892991185188293,1.1179449558258057,0.997308075428009,0.043887265026569366,-0.4124726355075836,-0.02697034738957882
1765156548.3423393,cf2,0.8971221446990967,1.3329718112945557,1.0001089572906494,0.15964101254940033,-0.2582622766494751,0.015349989756941795
1765156548.342683,cf2,0.8971221446990967,1.3329718112945557,1.0001089572906494,0.15643593668937683,-0.263446182012558,0.0070883287116885185
1765156548.3532593,cf1,0.990370512008667,1.1092381477355957,0.996844470500946,0.043887265026569366,-0.4124726355075836,-0.02697034738957882
1765156548.3535945,cf1,0.990370512008667,1.1092381477355957,0.996844470500946,0.03958093747496605,-0.4150696396827698,-0.018381061032414436
1765156548.363792,cf2,0.9006156921386719,1.3274990320205688,0.9998955726623535,0.15643593668937683,-0.263446182012558,0.0070883287116885185
1765156548.3642073,cf2,0.9006156921386719,1.3274990320205688,0.9998955726623535,0.15420983731746674,-0.2698720395565033,-0.0023780055344104767
1765156548.3736086,cf1,0.9913408756256104,1.100475788116455,0.9966833591461182,0.03958093747496605,-0.4150696396827698,-0.018381061032414436
1765156548.373931,cf1,0.9913408756256104,1.100475788116455,0.9966833591461182,0.03525221347808838,-0.41747531294822693,-0.004651885945349932
1765156548.382296,cf2,0.9041613936424255,1.3217270374298096,0.999518871307373,0.15420983731746674,-0.2698720395565033,-0.0023780055344104767
1765156548.382609,cf2,0.9041613936424255,1.3217270374298096,0.999518871307373,0.15054155886173248,-0.27458587288856506,-0.01106759812682867
1765156548.3932037,cf1,0.9922091364860535,1.0916603803634644,0.9968536496162415,0.03525221347808838,-0.41747531294822693,-0.004651885945349932
1765156548.393518,cf1,0.9922091364860535,1.0916603803634644,0.9968536496162415,0.030886203050613403,-0.42203468084335327,0.010988553054630756
1765156548.4024196,cf2,0.9075273871421814,1.3160606622695923,0.999049961566925,0.15054155886173248,-0.27458587288856506,-0.01106759812682867
1765156548.4027927,cf2,0.9075273871421814,1.3160606622695923,0.999049961566925,0.14785192906856537,-0.2802467942237854,-0.016945336014032364
1765156548.4133122,cf1,0.9929758906364441,1.0827964544296265,0.9973159432411194,0.030886203050613403,-0.42203468084335327,0.010988553054630756
1765156548.413587,cf1,0.9929758906364441,1.0827964544296265,0.9973159432411194,0.026494376361370087,-0.42412739992141724,0.025583790615200996
1765156548.4224653,cf2,0.9109021425247192,1.3101553916931152,0.9985480308532715,0.14785192906856537,-0.2802467942237854,-0.016945336014032364
1765156548.422831,cf2,0.9109021425247192,1.3101553916931152,0.9985480308532715,0.14510102570056915,-0.285910427570343,-0.01885365881025791
1765156548.4331563,cf1,0.9935285449028015,1.07607102394104,0.9978293776512146,0.026494376361370087,-0.42412739992141724,0.025583790615200996
1765156548.4334285,cf1,0.9935285449028015,1.07607102394104,0.9978293776512146,0.021972976624965668,-0.4192689061164856,0.03514842689037323
1765156548.442378,cf2,0.9142155647277832,1.3041300773620605,0.9981045126914978,0.14510102570056915,-0.285910427570343,-0.01885365881025791
1765156548.44278,cf2,0.9142155647277832,1.3041300773620605,0.9981045126914978,0.1421821117401123,-0.291290283203125,-0.016342569142580032
1765156548.4540904,cf1,0.9942062497138977,1.0650227069854736,0.9986895322799683,0.021972976624965668,-0.4192689061164856,0.03514842689037323
1765156548.4543667,cf1,0.9942062497138977,1.0650227069854736,0.9986895322799683,0.01733379065990448,-0.4217306077480316,0.03960641473531723
1765156548.4624696,cf2,0.9174596667289734,1.2979943752288818,0.9977947473526001,0.1421821117401123,-0.291290283203125,-0.016342569142580032
1765156548.4628112,cf2,0.9174596667289734,1.2979943752288818,0.9977947473526001,0.13912290334701538,-0.2964317202568054,-0.010009377263486385
1765156548.4741092,cf1,0.9946849346160889,1.0560181140899658,0.9993239641189575,0.01733379065990448,-0.4217306077480316,0.03960641473531723
1765156548.4744449,cf1,0.9946849346160889,1.0560181140899658,0.9993239641189575,0.012816236354410648,-0.4257262647151947,0.03674793988466263
1765156548.4824624,cf2,0.9206312894821167,1.2917512655258179,0.9976645708084106,0.13912290334701538,-0.2964317202568054,-0.010009377263486385
1765156548.4828422,cf2,0.9206312894821167,1.2917512655258179,0.9976645708084106,0.13594244420528412,-0.3013175427913666,-0.0013649379834532738
1765156548.4940681,cf1,0.9950711727142334,1.047014832496643,0.9997393488883972,0.012816236354410648,-0.4257262647151947,0.03674793988466263
1765156548.4943447,cf1,0.9950711727142334,1.047014832496643,0.9997393488883972,0.008500656113028526,-0.42495906352996826,0.026775773614645004
1765156548.5024137,cf2,0.9237269163131714,1.2854076623916626,0.9977263808250427,0.13594244420528412,-0.3013175427913666,-0.0013649379834532738
1765156548.5028255,cf2,0.9237269163131714,1.2854076623916626,0.9977263808250427,0.13262532651424408,-0.30590829253196716,0.00809759646654129
1765156548.514229,cf1,0.995368480682373,1.0379904508590698,0.9998534917831421,0.008500656113028526,-0.42495906352996826,0.026775773614645004
1765156548.5145843,cf1,0.995368480682373,1.0379904508590698,0.9998534917831421,0.004073828458786011,-0.42647677659988403,0.013101431541144848
1765156548.5234637,cf2,0.926806628704071,1.278820514678955,0.9979605078697205,0.13262532651424408,-0.30590829253196716,0.00809759646654129
1765156548.5237954,cf2,0.926806628704071,1.278820514678955,0.9979605078697205,0.12866798043251038,-0.3097345232963562,0.01689707487821579
1765156548.533159,cf1,0.995577871799469,1.0285061597824097,0.9996355772018433,0.004073828458786011,-0.42647677659988403,0.013101431541144848
1765156548.533591,cf1,0.995577871799469,1.0285061597824097,0.9996355772018433,-0.0007660614792257547,-0.4305146038532257,-0.0029564392752945423
1765156548.5424063,cf2,0.9296939969062805,1.2724052667617798,0.9982935190200806,0.12866798043251038,-0.3097345232963562,0.01689707487821579
1765156548.542771,cf2,0.9296939969062805,1.2724052667617798,0.9982935190200806,0.12440244108438492,-0.3128381371498108,0.022353647276759148
1765156548.5536551,cf1,0.9956973195075989,1.019844889640808,0.9991557002067566,-0.0007660614792257547,-0.4305146038532257,-0.0029564392752945423
1765156548.5539844,cf1,0.9956973195075989,1.019844889640808,0.9991557002067566,-0.005157726816833019,-0.43059471249580383,-0.016849467530846596
1765156548.5623627,cf2,0.9325316548347473,1.265836477279663,0.9986493587493896,0.12440244108438492,-0.3128381371498108,0.022353647276759148
1765156548.5627937,cf2,0.9325316548347473,1.265836477279663,0.9986493587493896,0.12072567641735077,-0.3168942630290985,0.023467298597097397
1765156548.5737176,cf1,0.9957275986671448,1.0107626914978027,0.9985284805297852,-0.005157726816833019,-0.43059471249580383,-0.016849467530846596
1765156548.574125,cf1,0.9957275986671448,1.0107626914978027,0.9985284805297852,-0.009543170221149921,-0.4319581985473633,-0.02539784088730812
1765156548.5832822,cf2,0.9353615641593933,1.2589894533157349,0.9989554286003113,0.12072567641735077,-0.3168942630290985,0.023467298597097397
1765156548.5836344,cf2,0.9353615641593933,1.2589894533157349,0.9989554286003113,0.11645472049713135,-0.3202808201313019,0.02014758437871933
1765156548.5938547,cf1,0.9956637024879456,1.0016306638717651,0.9979074001312256,-0.009543170221149921,-0.4319581985473633,-0.02539784088730812
1765156548.5943227,cf1,0.9956637024879456,1.0016306638717651,0.9979074001312256,-0.013904349878430367,-0.43319249153137207,-0.02691219188272953
1765156548.603549,cf2,0.9379965662956238,1.2523707151412964,0.9991187453269958,0.11645472049713135,-0.3202808201313019,0.02014758437871933
1765156548.6038318,cf2,0.9379965662956238,1.2523707151412964,0.9991187453269958,0.11250870674848557,-0.32382500171661377,0.013616650365293026
1765156548.614163,cf1,0.9954963326454163,0.9923840165138245,0.9974430203437805,-0.013904349878430367,-0.43319249153137207,-0.02691219188272953
1765156548.614638,cf1,0.9954963326454163,0.9923840165138245,0.9974430203437805,-0.018427865579724312,-0.4330461025238037,-0.020538991317152977
1765156548.6234546,cf2,0.9406024217605591,1.2455356121063232,0.9991195797920227,0.11250870674848557,-0.32382500171661377,0.013616650365293026
1765156548.6237168,cf2,0.9406024217605591,1.2455356121063232,0.9991195797920227,0.10861840844154358,-0.3276362717151642,0.005036951042711735
1765156548.6343627,cf1,0.9952384829521179,0.9833212494850159,0.9972603917121887,-0.018427865579724312,-0.4330461025238037,-0.020538991317152977
1765156548.6347394,cf1,0.9952384829521179,0.9833212494850159,0.9972603917121887,-0.022710423916578293,-0.4334491789340973,-0.00852297618985176
1765156548.643414,cf2,0.9431284666061401,1.2386178970336914,0.9989491105079651,0.10861840844154358,-0.3276362717151642,0.005036951042711735
1765156548.6436365,cf2,0.9431284666061401,1.2386178970336914,0.9989491105079651,0.10470332205295563,-0.33137455582618713,-0.003690960817039013
1765156548.6541295,cf1,0.994877815246582,0.9741488695144653,0.9973807334899902,-0.022710423916578293,-0.4334491789340973,-0.00852297618985176
1765156548.6545918,cf1,0.994877815246582,0.9741488695144653,0.9973807334899902,-0.026994407176971436,-0.4339364171028137,0.00596552062779665
1765156548.6635349,cf2,0.9455705881118774,1.2316288948059082,0.9986450672149658,0.10470332205295563,-0.33137455582618713,-0.003690960817039013
1765156548.6639645,cf2,0.9455705881118774,1.2316288948059082,0.9986450672149658,0.10076653957366943,-0.33498823642730713,-0.010411461815237999
1765156548.6742742,cf1,0.994724690914154,0.9693062901496887,0.9976463317871094,-0.026994407176971436,-0.4339364171028137,0.00596552062779665
1765156548.674655,cf1,0.994724690914154,0.9693062901496887,0.9976463317871094,-0.03127371519804001,-0.4341977834701538,0.019528459757566452
1765156548.683454,cf2,0.9479272365570068,1.2245683670043945,0.9982747435569763,0.10076653957366943,-0.33498823642730713,-0.010411461815237999
1765156548.6839242,cf2,0.9479272365570068,1.2245683670043945,0.9982747435569763,0.09682679921388626,-0.3385479152202606,-0.013730673119425774
1765156548.6945012,cf1,0.9938612580299377,0.9557848572731018,0.9983617067337036,-0.03127371519804001,-0.4341977834701538,0.019528459757566452
1765156548.6948838,cf1,0.9938612580299377,0.9557848572731018,0.9983617067337036,-0.03555670753121376,-0.43425872921943665,0.02932419441640377
1765156548.7046936,cf2,0.9501966238021851,1.2174348831176758,0.9979210495948792,0.09682679921388626,-0.3385479152202606,-0.013730673119425774
1765156548.7050636,cf2,0.9501966238021851,1.2174348831176758,0.9979210495948792,0.09287819266319275,-0.34201598167419434,-0.012989059090614319
1765156548.7143676,cf1,0.9932104349136353,0.9466078877449036,0.9990087747573853,-0.03555670753121376,-0.43425872921943665,0.02932419441640377
1765156548.714726,cf1,0.9932104349136353,0.9466078877449036,0.9990087747573853,-0.039847392588853836,-0.43411415815353394,0.03334107995033264
1765156548.7224176,cf2,0.9524631500244141,1.2096461057662964,0.9976032972335815,0.09287819266319275,-0.34201598167419434,-0.012989059090614319
1765156548.7227926,cf2,0.9524631500244141,1.2096461057662964,0.9976032972335815,0.08843249082565308,-0.3444516360759735,-0.008736686781048775
1765156548.73446,cf1,0.9924678802490234,0.9374414086341858,0.9995918869972229,-0.039847392588853836,-0.43411415815353394,0.03334107995033264
1765156548.7347004,cf1,0.9924678802490234,0.9374414086341858,0.9995918869972229,-0.04418468102812767,-0.43377768993377686,0.03140230104327202
1765156548.7422497,cf2,0.9545259475708008,1.202447533607483,0.9974846243858337,0.08843249082565308,-0.3444516360759735,-0.008736686781048775
1765156548.742554,cf2,0.9545259475708008,1.202447533607483,0.9974846243858337,0.08448341488838196,-0.34758779406547546,-0.001782856765203178
1765156548.7544374,cf1,0.9916350841522217,0.9282850027084351,0.9999925494194031,-0.04418468102812767,-0.43377768993377686,0.03140230104327202
1765156548.7548137,cf1,0.9916350841522217,0.9282850027084351,0.9999925494194031,-0.04858410730957985,-0.4333987832069397,0.023389089852571487
1765156548.7624009,cf2,0.9565193057060242,1.1951051950454712,0.9975336194038391,0.08448341488838196,-0.34758779406547546,-0.001782856765203178
1765156548.7627802,cf2,0.9565193057060242,1.1951051950454712,0.9975336194038391,0.08054310828447342,-0.35068845748901367,0.006553972605615854
1765156548.7743354,cf1,0.9907122850418091,0.9191388487815857,1.0001322031021118,-0.04858410730957985,-0.4333987832069397,0.023389089852571487
1765156548.7746687,cf1,0.9907122850418091,0.9191388487815857,1.0001322031021118,-0.05306573957204819,-0.43289217352867126,0.010815770365297794
1765156548.7825813,cf2,0.9584233164787292,1.187691569328308,0.9977338314056396,0.08054310828447342,-0.35068845748901367,0.006553972605615854
1765156548.7829916,cf2,0.9584233164787292,1.187691569328308,0.9977338314056396,0.07658969610929489,-0.3537769317626953,0.0140854986384511
1765156548.794489,cf1,0.9896984100341797,0.9100092053413391,0.9999904632568359,-0.05306573957204819,-0.43289217352867126,0.010815770365297794
1765156548.7948372,cf1,0.9896984100341797,0.9100092053413391,0.9999904632568359,-0.05763571336865425,-0.4321039617061615,-0.0034095249138772488
1765156548.802264,cf2,0.9602373838424683,1.1802124977111816,0.9980345368385315,0.07658969610929489,-0.3537769317626953,0.0140854986384511
1765156548.8025286,cf2,0.9602373838424683,1.1802124977111816,0.9980345368385315,0.07275613397359848,-0.3587742745876312,0.019561512395739555
1765156548.814076,cf1,0.9886713624000549,0.9014922380447388,0.9996282458305359,-0.05763571336865425,-0.4321039617061615,-0.0034095249138772488
1765156548.814541,cf1,0.9886713624000549,0.9014922380447388,0.9996282458305359,-0.06164325028657913,-0.4265386462211609,-0.015934981405735016
1765156548.823364,cf2,0.9619754552841187,1.172593116760254,0.9983766078948975,0.07275613397359848,-0.3587742745876312,0.019561512395739555
1765156548.823706,cf2,0.9619754552841187,1.172593116760254,0.9983766078948975,0.06834892928600311,-0.36096662282943726,0.021884912624955177
1765156548.8342505,cf1,0.9874805212020874,0.8924708962440491,0.9991549253463745,-0.06164325028657913,-0.4265386462211609,-0.015934981405735016
1765156548.834662,cf1,0.9874805212020874,0.8924708962440491,0.9991549253463745,-0.06600084155797958,-0.4230633080005646,-0.023149602115154266
1765156548.8436298,cf2,0.9635952115058899,1.1650787591934204,0.9986705183982849,0.06834892928600311,-0.36096662282943726,0.021884912624955177
1765156548.8441288,cf2,0.9635952115058899,1.1650787591934204,0.9986705183982849,0.0642053484916687,-0.36170491576194763,0.0200140830129385
1765156548.8542528,cf1,0.9860939979553223,0.8828768134117126,0.9986775517463684,-0.06600084155797958,-0.4230633080005646,-0.023149602115154266
1765156548.8546932,cf1,0.9860939979553223,0.8828768134117126,0.9986775517463684,-0.07102741301059723,-0.42333337664604187,-0.023441944271326065
1765156548.863947,cf2,0.9651450514793396,1.1574230194091797,0.9988613724708557,0.0642053484916687,-0.36170491576194763,0.0200140830129385
1765156548.864662,cf2,0.9651450514793396,1.1574230194091797,0.9988613724708557,0.06027350574731827,-0.36661162972450256,0.015130506828427315
1765156548.8740208,cf1,0.9850595593452454,0.8759970664978027,0.9984899759292603,-0.07102741301059723,-0.42333337664604187,-0.023441944271326065
1765156548.8742378,cf1,0.9850595593452454,0.8759970664978027,0.9984899759292603,-0.07433274388313293,-0.4141156077384949,-0.016373779624700546
1765156548.8834352,cf2,0.9666094779968262,1.149708867073059,0.9988985657691956,0.06027350574731827,-0.36661162972450256,0.015130506828427315
1765156548.883819,cf2,0.9666094779968262,1.149708867073059,0.9988985657691956,0.05622104927897453,-0.369322270154953,0.007500861771404743
1765156548.894328,cf1,0.9836864471435547,0.8676826357841492,0.9984256029129028,-0.07433274388313293,-0.4141156077384949,-0.016373779624700546
1765156548.894726,cf1,0.9836864471435547,0.8676826357841492,0.9984256029129028,-0.07880289107561111,-0.4113632142543793,-0.005100081209093332
1765156548.9033475,cf2,0.9679871797561646,1.1419481039047241,0.9987792372703552,0.05622104927897453,-0.369322270154953,0.007500861771404743
1765156548.9035914,cf2,0.9679871797561646,1.1419481039047241,0.9987792372703552,0.05214981734752655,-0.3717903196811676,-0.0002455988433212042
1765156548.9140801,cf1,0.981947124004364,0.8582549691200256,0.9985504746437073,-0.07880289107561111,-0.4113632142543793,-0.005100081209093332
1765156548.9144711,cf1,0.981947124004364,0.8582549691200256,0.9985504746437073,-0.08360296487808228,-0.4101329445838928,0.007670880760997534
1765156548.9235842,cf2,0.9692774415016174,1.1341418027877808,0.9985369443893433,0.05214981734752655,-0.3717903196811676,-0.0002455988433212042
1765156548.9239287,cf2,0.9692774415016174,1.1341418027877808,0.9985369443893433,0.04806907847523689,-0.3740910589694977,-0.006893758662045002
1765156548.9343653,cf1,0.9803994297981262,0.8498760461807251,0.9989513754844666,-0.08360296487808228,-0.4101329445838928,0.007670880760997534
1765156548.9348142,cf1,0.9803994297981262,0.8498760461807251,0.9989513754844666,-0.08845114707946777,-0.4090057611465454,0.019551744684576988
1765156548.9438174,cf2,0.9704787731170654,1.1262924671173096,0.9982338547706604,0.04806907847523689,-0.3740910589694977,-0.006893758662045002
1765156548.944299,cf2,0.9704787731170654,1.1262924671173096,0.9982338547706604,0.04398268461227417,-0.3760857582092285,-0.01080419309437275
1765156548.9540234,cf1,0.979360044002533,0.8445764183998108,0.9992573261260986,-0.08845114707946777,-0.4090057611465454,0.019551744684576988
1765156548.9544213,cf1,0.979360044002533,0.8445764183998108,0.9992573261260986,-0.09336431324481964,-0.40816301107406616,0.02802988328039646
1765156548.962349,cf2,0.9711833596229553,1.1220868825912476,0.9981006383895874,0.04398268461227417,-0.3760857582092285,-0.01080419309437275
1765156548.9626985,cf2,0.9711833596229553,1.1220868825912476,0.9981006383895874,0.04191125929355621,-0.3754606544971466,-0.011203126981854439
1765156548.9740334,cf1,0.9764989018440247,0.8316172957420349,1.000087857246399,-0.09336431324481964,-0.40816301107406616,0.02802988328039646
1765156548.974306,cf1,0.9764989018440247,0.8316172957420349,1.000087857246399,-0.09904097020626068,-0.4096553325653076,0.03142182528972626
1765156548.9826324,cf2,0.9722337126731873,1.114277720451355,0.9978852272033691,0.04191125929355621,-0.3754606544971466,-0.011203126981854439
1765156548.9829621,cf2,0.9722337126731873,1.114277720451355,0.9978852272033691,0.03782375901937485,-0.37666672468185425,-0.009103824384510517
1765156548.9941168,cf1,0.9744690656661987,0.8227700591087341,1.000597357749939,-0.09904097020626068,-0.4096553325653076,0.03142182528972626
1765156548.9945297,cf1,0.9744690656661987,0.8227700591087341,1.000597357749939,-0.10348813980817795,-0.40749797224998474,0.027873532846570015
1765156549.0035322,cf2,0.9732036590576172,1.1063379049301147,0.9977776408195496,0.03782375901937485,-0.37666672468185425,-0.009103824384510517
1765156549.0039885,cf2,0.9732036590576172,1.1063379049301147,0.9977776408195496,0.0334506593644619,-0.3767516314983368,-0.0038744118064641953
1765156549.0142379,cf1,0.9723346829414368,0.8139368295669556,1.0009241104125977,-0.10348813980817795,-0.40749797224998474,0.027873532846570015
1765156549.0146387,cf1,0.9723346829414368,0.8139368295669556,1.0009241104125977,-0.10866145044565201,-0.4072552025318146,0.01948113553225994
1765156549.0235198,cf2,0.9740784168243408,1.098415493965149,0.9978159070014954,0.0334506593644619,-0.3767516314983368,-0.0038744118064641953
1765156549.0238595,cf2,0.9740784168243408,1.098415493965149,0.9978159070014954,0.029408439993858337,-0.3777143657207489,0.003352397121489048
1765156549.0340698,cf1,0.970097005367279,0.8051189184188843,1.000999927520752,-0.10866145044565201,-0.4072552025318146,0.01948113553225994
1765156549.0343509,cf1,0.970097005367279,0.8051189184188843,1.000999927520752,-0.11388746649026871,-0.40693360567092896,0.0070808324962854385
1765156549.043521,cf2,0.974862277507782,1.0904523134231567,0.9980136156082153,0.029408439993858337,-0.3777143657207489,0.003352397121489048
1765156549.0437443,cf2,0.974862277507782,1.0904523134231567,0.9980136156082153,0.025334829464554787,-0.37875300645828247,0.012336657382547855
1765156549.0541203,cf1,0.9677565693855286,0.7963206171989441,1.0008068084716797,-0.11388746649026871,-0.40693360567092896,0.0070808324962854385
1765156549.0546038,cf1,0.9677565693855286,0.7963206171989441,1.0008068084716797,-0.1191001683473587,-0.40623679757118225,-0.006810671184211969
1765156549.062436,cf2,0.9755522608757019,1.0824387073516846,0.9983475208282471,0.025334829464554787,-0.37875300645828247,0.012336657382547855
1765156549.0627203,cf2,0.9755522608757019,1.0824387073516846,0.9983475208282471,0.02089051529765129,-0.37893250584602356,0.020488454028964043
1765156549.0730786,cf1,0.9665490984916687,0.791625440120697,1.0005724430084229,-0.1191001683473587,-0.40623679757118225,-0.006810671184211969
1765156549.0733554,cf1,0.9665490984916687,0.791625440120697,1.0005724430084229,-0.12209559231996536,-0.4073731303215027,-0.01320221833884716
1765156549.0823808,cf2,0.9761441946029663,1.0744311809539795,0.9987593293190002,0.02089051529765129,-0.37893250584602356,0.020488454028964043
1765156549.0828454,cf2,0.9761441946029663,1.0744311809539795,0.9987593293190002,0.01664223149418831,-0.38058024644851685,0.025504324585199356
1765156549.0933204,cf1,0.9636574983596802,0.7816292643547058,1.0000524520874023,-0.12209559231996536,-0.4073731303215027,-0.01320221833884716
1765156549.0936637,cf1,0.9636574983596802,0.7816292643547058,1.0000524520874023,-0.12748995423316956,-0.40352416038513184,-0.024103837087750435
1765156549.1024272,cf2,0.9766414761543274,1.0663613080978394,0.9991793036460876,0.01664223149418831,-0.38058024644851685,0.025504324585199356
1765156549.1026766,cf2,0.9766414761543274,1.0663613080978394,0.9991793036460876,0.012306996621191502,-0.3825947046279907,0.026638448238372803
1765156549.1132553,cf1,0.961014986038208,0.772873044013977,0.9995455741882324,-0.12748995423316956,-0.40352416038513184,-0.024103837087750435
1765156549.113495,cf1,0.961014986038208,0.772873044013977,0.9995455741882324,-0.1325497329235077,-0.40118497610092163,-0.02760542929172516
1765156549.1223845,cf2,0.9770429134368896,1.0582454204559326,0.999529242515564,0.012306996621191502,-0.3825947046279907,0.026638448238372803
1765156549.122743,cf2,0.9770429134368896,1.0582454204559326,0.999529242515564,0.00789428036659956,-0.38482198119163513,0.023767098784446716
1765156549.1332335,cf1,0.9587196111679077,0.7655305862426758,0.9992043972015381,-0.1325497329235077,-0.40118497610092163,-0.02760542929172516
1765156549.1335745,cf1,0.9587196111679077,0.7655305862426758,0.9992043972015381,-0.1357700526714325,-0.39323243498802185,-0.02502068318426609
1765156549.14238,cf2,0.977294921875,1.0508462190628052,0.9997407793998718,0.00789428036659956,-0.38482198119163513,0.023767098784446716
1765156549.1426473,cf2,0.977294921875,1.0508462190628052,0.9997407793998718,0.003433779114857316,-0.38714686036109924,0.01673090271651745
1765156549.1532817,cf1,0.9558464288711548,0.7568362355232239,0.9989376664161682,-0.1357700526714325,-0.39323243498802185,-0.02502068318426609
1765156549.1536217,cf1,0.9558464288711548,0.7568362355232239,0.9989376664161682,-0.14012302458286285,-0.3879488408565521,-0.01726542040705681
1765156549.162465,cf2,0.9775629639625549,1.0418822765350342,0.9997624754905701,0.003433779114857316,-0.38714686036109924,0.01673090271651745
1765156549.1630323,cf2,0.9775629639625549,1.0418822765350342,0.9997624754905701,-0.0010219053365290165,-0.38935139775276184,0.007184591609984636
1765156549.1733394,cf1,0.9528669118881226,0.7482672929763794,0.9989231824874878,-0.14012302458286285,-0.3879488408565521,-0.01726542040705681
1765156549.173633,cf1,0.9528669118881226,0.7482672929763794,0.9989231824874878,-0.14385434985160828,-0.3787664473056793,-0.0045203231275081635
1765156549.1823583,cf2,0.9776840209960938,1.0336430072784424,0.9995917081832886,-0.0010219053365290165,-0.38935139775276184,0.007184591609984636
1765156549.1827178,cf2,0.9776840209960938,1.0336430072784424,0.9995917081832886,-0.00546818133443594,-0.39138394594192505,-0.0031643828842788935
1765156549.1930933,cf1,0.9495030045509338,0.7391302585601807,0.999198853969574,-0.14385434985160828,-0.3787664473056793,-0.0045203231275081635
1765156549.1934366,cf1,0.9495030045509338,0.7391302585601807,0.999198853969574,-0.1494956612586975,-0.3757234811782837,0.00857581477612257
1765156549.2023382,cf2,0.9777125120162964,1.0253700017929077,0.9992602467536926,-0.00546818133443594,-0.39138394594192505,-0.0031643828842788935
1765156549.2026877,cf2,0.9777125120162964,1.0253700017929077,0.9992602467536926,-0.009887940250337124,-0.3931735157966614,-0.012134536169469357
1765156549.2137427,cf1,0.9463176131248474,0.7308783531188965,0.9997156262397766,-0.1494956612586975,-0.3757234811782837,0.00857581477612257
1765156549.2141507,cf1,0.9463176131248474,0.7308783531188965,0.9997156262397766,-0.15473739802837372,-0.37128889560699463,0.02095411904156208
1765156549.222402,cf2,0.9776301980018616,1.0178402662277222,0.9988769888877869,-0.009887940250337124,-0.3931735157966614,-0.012134536169469357
1765156549.2228508,cf2,0.9776301980018616,1.0178402662277222,0.9988769888877869,-0.014249700121581554,-0.39464837312698364,-0.017616072669625282
1765156549.2333198,cf1,0.9430368542671204,0.7227859497070312,1.000390648841858,-0.15473739802837372,-0.37128889560699463,0.02095411904156208
1765156549.2336528,cf1,0.9430368542671204,0.7227859497070312,1.000390648841858,-0.16006244719028473,-0.36669594049453735,0.02981041744351387
1765156549.2424443,cf2,0.9774811267852783,1.0095163583755493,0.998454749584198,-0.014249700121581554,-0.39464837312698364,-0.017616072669625282
1765156549.242791,cf2,0.9774811267852783,1.0095163583755493,0.998454749584198,-0.01856216974556446,-0.39578697085380554,-0.01830391399562359
1765156549.2531846,cf1,0.9396436810493469,0.7148024439811707,1.0011065006256104,-0.16006244719028473,-0.36669594049453735,0.02981041744351387
1765156549.2534127,cf1,0.9396436810493469,0.7148024439811707,1.0011065006256104,-0.165522500872612,-0.3621211051940918,0.032858721911907196
1765156549.262582,cf2,0.9772369861602783,1.0011756420135498,0.9981324672698975,-0.01856216974556446,-0.39578697085380554,-0.01830391399562359
1765156549.2629678,cf2,0.9772369861602783,1.0011756420135498,0.9981324672698975,-0.02282535284757614,-0.39656946063041687,-0.013904799707233906
1765156549.2735744,cf1,0.9361381530761719,0.7069206833839417,1.0017445087432861,-0.165522500872612,-0.3621211051940918,0.032858721911907196
1765156549.2740319,cf1,0.9361381530761719,0.7069206833839417,1.0017445087432861,-0.17109031975269318,-0.3575510084629059,0.0298495851457119
1765156549.2834413,cf2,0.9768933057785034,0.9927820563316345,0.9979888796806335,-0.02282535284757614,-0.39656946063041687,-0.013904799707233906
1765156549.2836542,cf2,0.9768933057785034,0.9927820563316345,0.9979888796806335,-0.02719760127365589,-0.3942561149597168,-0.005120545160025358
1765156549.2933948,cf1,0.9325224161148071,0.6991404294967651,1.0021896362304688,-0.17109031975269318,-0.3575510084629059,0.0298495851457119
1765156549.293685,cf1,0.9325224161148071,0.6991404294967651,1.0021896362304688,-0.17671792209148407,-0.35285821557044983,0.02061515301465988
1765156549.303576,cf2,0.976458728313446,0.9844689965248108,0.9980698227882385,-0.02719760127365589,-0.3942561149597168,-0.005120545160025358
1765156549.3037984,cf2,0.976458728313446,0.9844689965248108,0.9980698227882385,-0.03142490237951279,-0.3960782289505005,0.005991562269628048
1765156549.3133352,cf1,0.9296778440475464,0.6932711601257324,1.0023339986801147,-0.17671792209148407,-0.35285821557044983,0.02061515301465988
1765156549.3136656,cf1,0.9296778440475464,0.6932711601257324,1.0023339986801147,-0.18010278046131134,-0.34378379583358765,0.006479705683887005
1765156549.3234558,cf2,0.9759244322776794,0.9761094450950623,0.9983715415000916,-0.03142490237951279,-0.3960782289505005,0.005991562269628048
1765156549.3237276,cf2,0.9759244322776794,0.9761094450950623,0.9983715415000916,-0.03567472845315933,-0.3962186276912689,0.017230993136763573
1765156549.3335564,cf1,0.9257210493087769,0.6853941679000854,1.0022748708724976,-0.18010278046131134,-0.34378379583358765,0.006479705683887005
1765156549.3338838,cf1,0.9257210493087769,0.6853941679000854,1.0022748708724976,-0.18438328802585602,-0.33591437339782715,-0.008767393417656422
1765156549.343504,cf2,0.9752925038337708,0.9677456617355347,0.9988427758216858,-0.03567472845315933,-0.3962186276912689,0.017230993136763573
1765156549.3438337,cf2,0.9752925038337708,0.9677456617355347,0.9988427758216858,-0.03990568593144417,-0.3946548104286194,0.02566364035010338
1765156549.3532767,cf1,0.9220349788665771,0.6783294677734375,1.0019418001174927,-0.18438328802585602,-0.33591437339782715,-0.008767393417656422
1765156549.3536263,cf1,0.9220349788665771,0.6783294677734375,1.0019418001174927,-0.19020035862922668,-0.3314014971256256,-0.02270832099020481
1765156549.3637576,cf2,0.9745641350746155,0.9593824744224548,0.9994034171104431,-0.03990568593144417,-0.3946548104286194,0.02566364035010338
1765156549.3641565,cf2,0.9745641350746155,0.9593824744224548,0.9994034171104431,-0.04429449513554573,-0.39617985486984253,0.03045903891324997
1765156549.3741946,cf1,0.9170324206352234,0.6691895723342896,1.0013072490692139,-0.19020035862922668,-0.3314014971256256,-0.02270832099020481
1765156549.3744638,cf1,0.9170324206352234,0.6691895723342896,1.0013072490692139,-0.19635224342346191,-0.3259584903717041,-0.0317024365067482
1765156549.3833828,cf2,0.9737410545349121,0.9510238170623779,0.9999540448188782,-0.04429449513554573,-0.39617985486984253,0.03045903891324997
1765156549.383949,cf2,0.9737410545349121,0.9510238170623779,0.9999540448188782,-0.04855060949921608,-0.3943304419517517,0.029754623770713806
1765156549.3941274,cf1,0.9128413200378418,0.6620433926582336,1.0007352828979492,-0.19635224342346191,-0.3259584903717041,-0.0317024365067482
1765156549.3944411,cf1,0.9128413200378418,0.6620433926582336,1.0007352828979492,-0.20043891668319702,-0.31802883744239807,-0.03244461864233017
1765156549.4035466,cf2,0.9728253483772278,0.9426764249801636,1.0003983974456787,-0.04855060949921608,-0.3943304419517517,0.029754623770713806
1765156549.4037964,cf2,0.9728253483772278,0.9426764249801636,1.0003983974456787,-0.05291099101305008,-0.3938221037387848,0.024409348145127296
1765156549.4140356,cf1,0.9086236357688904,0.6549367308616638,1.000364065170288,-0.20043891668319702,-0.31802883744239807,-0.03244461864233017
1765156549.4143393,cf1,0.9086236357688904,0.6549367308616638,1.000364065170288,-0.206190824508667,-0.3127552270889282,-0.02631249837577343
1765156549.4234812,cf2,0.9718185663223267,0.934345006942749,1.000659465789795,-0.05291099101305008,-0.3938221037387848,0.024409348145127296
1765156549.4237192,cf2,0.9718185663223267,0.934345006942749,1.000659465789795,-0.057300761342048645,-0.39308372139930725,0.015146458521485329
1765156549.4341679,cf1,0.9039265513420105,0.6476527452468872,1.000126600265503,-0.206190824508667,-0.3127552270889282,-0.02631249837577343
1765156549.434552,cf1,0.9039265513420105,0.6476527452468872,1.000126600265503,-0.21166197955608368,-0.3070639967918396,-0.014348484575748444
1765156549.4433043,cf2,0.9707208871841431,0.926032543182373,1.0006922483444214,-0.057300761342048645,-0.39308372139930725,0.015146458521485329
1765156549.4437544,cf2,0.9707208871841431,0.926032543182373,1.0006922483444214,-0.0617557130753994,-0.3921665549278259,0.003512481227517128
1765156549.454348,cf1,0.9008035659790039,0.6428186893463135,1.0003046989440918,-0.21166197955608368,-0.3070639967918396,-0.014348484575748444
1765156549.454745,cf1,0.9008035659790039,0.6428186893463135,1.0003046989440918,-0.21435321867465973,-0.29764336347579956,0.0003982681082561612
1765156549.4635372,cf2,0.9695692658424377,0.9179879426956177,1.0005016326904297,-0.0617557130753994,-0.3921665549278259,0.003512481227517128
1765156549.463752,cf2,0.9695692658424377,0.9179879426956177,1.0005016326904297,-0.06580188125371933,-0.38663557171821594,-0.0086926044896245
1765156549.4741344,cf1,0.896310031414032,0.6362727880477905,1.0006648302078247,-0.21435321867465973,-0.29764336347579956,0.0003982681082561612
1765156549.474532,cf1,0.896310031414032,0.6362727880477905,1.0006648302078247,-0.21867431700229645,-0.2902606427669525,0.01450673583894968
1765156549.4823172,cf2,0.9682072401046753,0.9092863202095032,1.0001435279846191,-0.06580188125371933,-0.38663557171821594,-0.0086926044896245
1765156549.4826617,cf2,0.9682072401046753,0.9092863202095032,1.0001435279846191,-0.07066075503826141,-0.383849561214447,-0.017533639445900917
1765156549.4941614,cf1,0.8916307687759399,0.6297605037689209,1.0012402534484863,-0.21867431700229645,-0.2902606427669525,0.01450673583894968
1765156549.4945283,cf1,0.8916307687759399,0.6297605037689209,1.0012402534484863,-0.22470812499523163,-0.2855977714061737,0.025532258674502373
1765156549.5023606,cf2,0.9668579697608948,0.9012569189071655,0.9997528791427612,-0.07066075503826141,-0.383849561214447,-0.017533639445900917
1765156549.5026572,cf2,0.9668579697608948,0.9012569189071655,0.9997528791427612,-0.07531075179576874,-0.3823930025100708,-0.020644480362534523
1765156549.514117,cf1,0.8868446350097656,0.6233944892883301,1.001936912536621,-0.22470812499523163,-0.2855977714061737,0.025532258674502373
1765156549.514371,cf1,0.8868446350097656,0.6233944892883301,1.001936912536621,-0.22977107763290405,-0.27921801805496216,0.03135090693831444
1765156549.5223668,cf2,0.9653700590133667,0.8930553793907166,0.9994110465049744,-0.07531075179576874,-0.3823930025100708,-0.020644480362534523
1765156549.523088,cf2,0.9653700590133667,0.8930553793907166,0.9994110465049744,-0.08005934953689575,-0.3812348544597626,-0.017744315788149834
1765156549.5343893,cf1,0.8819620609283447,0.6171836853027344,1.002622365951538,-0.22977107763290405,-0.27921801805496216,0.03135090693831444
1765156549.5347881,cf1,0.8819620609283447,0.6171836853027344,1.002622365951538,-0.23476451635360718,-0.2725585103034973,0.030763188377022743
1765156549.5423887,cf2,0.963774561882019,0.8848716020584106,0.9992309212684631,-0.08005934953689575,-0.3812348544597626,-0.017744315788149834
1765156549.5427399,cf2,0.963774561882019,0.8848716020584106,0.9992309212684631,-0.08481331169605255,-0.3800986707210541,-0.009357956238090992
1765156549.5540462,cf1,0.8769842982292175,0.6111234426498413,1.0031670331954956,-0.23476451635360718,-0.2725585103034973,0.030763188377022743
1765156549.554453,cf1,0.8769842982292175,0.6111234426498413,1.0031670331954956,-0.23890407383441925,-0.2645031213760376,0.02381695806980133
1765156549.562336,cf2,0.9620711207389832,0.8767153024673462,0.9992769360542297,-0.08481331169605255,-0.3800986707210541,-0.009357956238090992
1765156549.5626552,cf2,0.9620711207389832,0.8767153024673462,0.9992769360542297,-0.08957792818546295,-0.37898287177085876,0.0022036288864910603
1765156549.5739489,cf1,0.871910810470581,0.6052114367485046,1.00346839427948,-0.23890407383441925,-0.2645031213760376,0.02381695806980133
1765156549.5741951,cf1,0.871910810470581,0.6052114367485046,1.00346839427948,-0.24404621124267578,-0.2575676143169403,0.011595414020121098
1765156549.5834157,cf2,0.9602140784263611,0.8684043884277344,0.9995622634887695,-0.08957792818546295,-0.37898287177085876,0.0022036288864910603
1765156549.5838623,cf2,0.9602140784263611,0.8684043884277344,0.9995622634887695,-0.09437213838100433,-0.3768892288208008,0.014618534594774246
1765156549.5939884,cf1,0.8667425513267517,0.5994513034820557,1.0034669637680054,-0.24404621124267578,-0.2575676143169403,0.011595414020121098
1765156549.5943594,cf1,0.8667425513267517,0.5994513034820557,1.0034669637680054,-0.24921053647994995,-0.25029316544532776,-0.0037441584281623363
1765156549.6033196,cf2,0.958339273929596,0.8604825735092163,1.0000295639038086,-0.09437213838100433,-0.3768892288208008,0.014618534594774246
1765156549.6037939,cf2,0.958339273929596,0.8604825735092163,1.0000295639038086,-0.09904405474662781,-0.37541064620018005,0.02426176704466343
1765156549.6141577,cf1,0.8614803552627563,0.5938504338264465,1.0031687021255493,-0.24921053647994995,-0.25029316544532776,-0.0037441584281623363
1765156549.614516,cf1,0.8614803552627563,0.5938504338264465,1.0031687021255493,-0.254329651594162,-0.24263063073158264,-0.018752841278910637
1765156549.623708,cf2,0.9563192129135132,0.8524229526519775,1.0006134510040283,-0.09904405474662781,-0.37541064620018005,0.02426176704466343
1765156549.623854,cf2,0.9563192129135132,0.8524229526519775,1.0006134510040283,-0.10381187498569489,-0.37416690587997437,0.029852204024791718
1765156549.6336558,cf1,0.8559977412223816,0.5883042216300964,1.002639651298523,-0.254329651594162,-0.24263063073158264,-0.018752841278910637
1765156549.6339169,cf1,0.8559977412223816,0.5883042216300964,1.002639651298523,-0.25902655720710754,-0.233602836728096,-0.030150098726153374
1765156549.6432436,cf2,0.9541944265365601,0.8443870544433594,1.0012023448944092,-0.10381187498569489,-0.37416690587997437,0.029852204024791718
1765156549.6435382,cf2,0.9541944265365601,0.8443870544433594,1.0012023448944092,-0.10859238356351852,-0.37275582551956177,0.02996147982776165
1765156549.6535711,cf1,0.8506637215614319,0.5831655859947205,1.002045750617981,-0.25902655720710754,-0.233602836728096,-0.030150098726153374
1765156549.6539388,cf1,0.8506637215614319,0.5831655859947205,1.002045750617981,-0.26374271512031555,-0.2250448316335678,-0.034587930887937546
1765156549.6624336,cf2,0.9516552686691284,0.8355191349983215,1.001781940460205,-0.10859238356351852,-0.37275582551956177,0.02996147982776165
1765156549.6627097,cf2,0.9516552686691284,0.8355191349983215,1.001781940460205,-0.11334390193223953,-0.370120108127594,0.024597547948360443
1765156549.673523,cf1,0.8451163172721863,0.5781116485595703,1.0014981031417847,-0.26374271512031555,-0.2250448316335678,-0.034587930887937546
1765156549.6738873,cf1,0.8451163172721863,0.5781116485595703,1.0014981031417847,-0.26860493421554565,-0.21638455986976624,-0.031734079122543335
1765156549.6823575,cf2,0.9494380354881287,0.8279319405555725,1.0020619630813599,-0.11334390193223953,-0.370120108127594,0.024597547948360443
1765156549.682813,cf2,0.9494380354881287,0.8279319405555725,1.0020619630813599,-0.1188047006726265,-0.3697786033153534,0.015577207319438457
1765156549.6936834,cf1,0.8394601941108704,0.5732548832893372,1.0011366605758667,-0.26860493421554565,-0.21638455986976624,-0.031734079122543335
1765156549.694072,cf1,0.8394601941108704,0.5732548832893372,1.0011366605758667,-0.27336037158966064,-0.20746055245399475,-0.022160710766911507
1765156549.7023475,cf2,0.947020947933197,0.8200469017028809,1.0021275281906128,-0.1188047006726265,-0.3697786033153534,0.015577207319438457
1765156549.7026916,cf2,0.947020947933197,0.8200469017028809,1.0021275281906128,-0.12281651794910431,-0.3657841682434082,0.0032452235464006662
1765156549.7132404,cf1,0.8337031006813049,0.5686097741127014,1.0010489225387573,-0.27336037158966064,-0.20746055245399475,-0.022160710766911507
1765156549.7135873,cf1,0.8337031006813049,0.5686097741127014,1.0010489225387573,-0.27797383069992065,-0.1983252614736557,-0.008102037012577057
1765156549.722344,cf2,0.9445011019706726,0.8121933341026306,1.0019633769989014,-0.12281651794910431,-0.3657841682434082,0.0032452235464006662
1765156549.7225974,cf2,0.9445011019706726,0.8121933341026306,1.0019633769989014,-0.12760934233665466,-0.36330974102020264,-0.008604942820966244
1765156549.7333968,cf1,0.8278473019599915,0.5641809701919556,1.0012521743774414,-0.27797383069992065,-0.1983252614736557,-0.008102037012577057
1765156549.7338078,cf1,0.8278473019599915,0.5641809701919556,1.0012521743774414,-0.2824861705303192,-0.18900971114635468,0.006996770389378071
1765156549.742272,cf2,0.9418845772743225,0.8044001460075378,1.001634955406189,-0.12760934233665466,-0.36330974102020264,-0.008604942820966244
1765156549.7426484,cf2,0.9418845772743225,0.8044001460075378,1.001634955406189,-0.13233239948749542,-0.36039867997169495,-0.01744365505874157
1765156549.7535808,cf1,0.8218952417373657,0.5599697828292847,1.0016993284225464,-0.2824861705303192,-0.18900971114635468,0.006996770389378071
1765156549.7538004,cf1,0.8218952417373657,0.5599697828292847,1.0016993284225464,-0.28691333532333374,-0.1795332282781601,0.019883068278431892
1765156549.7624176,cf2,0.9391709566116333,0.7966788411140442,1.0012519359588623,-0.13233239948749542,-0.36039867997169495,-0.01744365505874157
1765156549.7626743,cf2,0.9391709566116333,0.7966788411140442,1.0012519359588623,-0.13785846531391144,-0.3588615953922272,-0.021157629787921906
1765156549.7737322,cf1,0.8154102563858032,0.5558155179023743,1.002334713935852,-0.28691333532333374,-0.1795332282781601,0.019883068278431892
1765156549.7740965,cf1,0.8154102563858032,0.5558155179023743,1.002334713935852,-0.29126885533332825,-0.1699049025774002,0.028544669970870018
1765156549.7845788,cf2,0.9365102052688599,0.7893075346946716,1.0009819269180298,-0.13785846531391144,-0.3588615953922272,-0.021157629787921906
1765156549.7849703,cf2,0.9365102052688599,0.7893075346946716,1.0009819269180298,-0.14125826954841614,-0.3510289490222931,-0.01805970072746277
1765156549.7934875,cf1,0.8092691898345947,0.5520473718643188,1.0030033588409424,-0.29126885533332825,-0.1699049025774002,0.028544669970870018
1765156549.793831,cf1,0.8092691898345947,0.5520473718643188,1.0030033588409424,-0.2955898940563202,-0.16012059152126312,0.031314667314291
1765156549.8022814,cf2,0.9348934888839722,0.7849860787391663,1.0009044408798218,-0.14125826954841614,-0.3510289490222931,-0.01805970072746277
1765156549.802626,cf2,0.9348934888839722,0.7849860787391663,1.0009044408798218,-0.1438792198896408,-0.3502272069454193,-0.01465549599379301
1765156549.8137023,cf1,0.8034985661506653,0.5486193299293518,1.003496766090393,-0.2955898940563202,-0.16012059152126312,0.031314667314291
1765156549.8139243,cf1,0.8034985661506653,0.5486193299293518,1.003496766090393,-0.2999033033847809,-0.15016792714595795,0.027485499158501625
1765156549.8224502,cf2,0.9319365620613098,0.777509868144989,1.000886082649231,-0.1438792198896408,-0.3502272069454193,-0.01465549599379301
1765156549.8227801,cf2,0.9319365620613098,0.777509868144989,1.000886082649231,-0.14840668439865112,-0.3460947573184967,-0.005329655949026346
1765156549.8332915,cf1,0.7971965670585632,0.5452521443367004,1.0038379430770874,-0.2999033033847809,-0.15016792714595795,0.027485499158501625
1765156549.8336244,cf1,0.7971965670585632,0.5452521443367004,1.0038379430770874,-0.30422553420066833,-0.140050008893013,0.017741918563842773
1765156549.842443,cf2,0.9288691878318787,0.7701078653335571,1.001076102256775,-0.14840668439865112,-0.3460947573184967,-0.005329655949026346
1765156549.8427925,cf2,0.9288691878318787,0.7701078653335571,1.001076102256775,-0.152962788939476,-0.34176623821258545,0.005358331836760044
1765156549.8536131,cf1,0.7908130884170532,0.5420891642570496,1.003890037536621,-0.30422553420066833,-0.140050008893013,0.017741918563842773
1765156549.8538527,cf1,0.7908130884170532,0.5420891642570496,1.003890037536621,-0.3085635304450989,-0.1297706514596939,0.003849243512377143
1765156549.8622947,cf2,0.9256998300552368,0.7628058195114136,1.0014675855636597,-0.152962788939476,-0.34176623821258545,0.005358331836760044
1765156549.862694,cf2,0.9256998300552368,0.7628058195114136,1.0014675855636597,-0.15757739543914795,-0.33729830384254456,0.0161160659044981
1765156549.8733888,cf1,0.7838742733001709,0.5390386581420898,1.0036541223526,-0.3085635304450989,-0.1297706514596939,0.003849243512377143
1765156549.8736758,cf1,0.7838742733001709,0.5390386581420898,1.0036541223526,-0.31470629572868347,-0.11967894434928894,-0.011017270386219025
1765156549.8822992,cf2,0.9224255681037903,0.7556036114692688,1.0020194053649902,-0.15757739543914795,-0.33729830384254456,0.0161160659044981
1765156549.8826294,cf2,0.9224255681037903,0.7556036114692688,1.0020194053649902,-0.16236305236816406,-0.33278703689575195,0.02483348920941353
1765156549.893984,cf1,0.7777666449546814,0.5363743305206299,1.0031123161315918,-0.31470629572868347,-0.11967894434928894,-0.011017270386219025
1765156549.8942642,cf1,0.7777666449546814,0.5363743305206299,1.0031123161315918,-0.31645524501800537,-0.10797946900129318,-0.024504002183675766
1765156549.9044483,cf2,0.9190019965171814,0.7484225034713745,1.0026624202728271,-0.16236305236816406,-0.33278703689575195,0.02483348920941353
1765156549.9047935,cf2,0.9190019965171814,0.7484225034713745,1.0026624202728271,-0.16781757771968842,-0.3284243643283844,0.02983183041214943
1765156549.9140882,cf1,0.7711710929870605,0.5338557362556458,1.0024482011795044,-0.31645524501800537,-0.10797946900129318,-0.024504002183675766
1765156549.914461,cf1,0.7711710929870605,0.5338557362556458,1.0024482011795044,-0.3206908404827118,-0.09749482572078705,-0.031764157116413116
1765156549.9223557,cf2,0.9149840474128723,0.7404423356056213,1.003381371498108,-0.16781757771968842,-0.3284243643283844,0.02983183041214943
1765156549.9226298,cf2,0.9149840474128723,0.7404423356056213,1.003381371498108,-0.17304888367652893,-0.3226045072078705,0.029185494408011436
1765156549.9342172,cf1,0.7644529342651367,0.5315464735031128,1.0017790794372559,-0.3206908404827118,-0.09749482572078705,-0.031764157116413116
1765156549.934468,cf1,0.7644529342651367,0.5315464735031128,1.0017790794372559,-0.3249139189720154,-0.08704458177089691,-0.031799815595149994
1765156549.9423246,cf2,0.9114691019058228,0.7337483763694763,1.0038597583770752,-0.17304888367652893,-0.3226045072078705,0.029185494408011436
1765156549.942716,cf2,0.9114691019058228,0.7337483763694763,1.0038597583770752,-0.1771896332502365,-0.31540632247924805,0.02295558899641037
1765156549.9543312,cf1,0.7576447129249573,0.5294669270515442,1.0012478828430176,-0.3249139189720154,-0.08704458177089691,-0.031799815595149994
1765156549.9545522,cf1,0.7576447129249573,0.5294669270515442,1.0012478828430176,-0.3290226459503174,-0.07665375620126724,-0.024484140798449516
1765156549.9623606,cf2,0.9082098603248596,0.7277612686157227,1.0041035413742065,-0.1771896332502365,-0.31540632247924805,0.02295558899641037
1765156549.962866,cf2,0.9082098603248596,0.7277612686157227,1.0041035413742065,-0.18099109828472137,-0.30753621459007263,0.01228848472237587
1765156549.974022,cf1,0.7502482533454895,0.5275994539260864,1.000874638557434,-0.3290226459503174,-0.07665375620126724,-0.024484140798449516
1765156549.9742484,cf1,0.7502482533454895,0.5275994539260864,1.000874638557434,-0.33307310938835144,-0.06638877838850021,-0.011772241443395615
1765156549.9822843,cf2,0.9038293361663818,0.7201537489891052,1.0041791200637817,-0.18099109828472137,-0.30753621459007263,0.01228848472237587
1765156549.982573,cf2,0.9038293361663818,0.7201537489891052,1.0041791200637817,-0.18749617040157318,-0.3037422001361847,-0.0006590124103240669
1765156549.9941475,cf1,0.7432537078857422,0.5259995460510254,1.0008862018585205,-0.33307310938835144,-0.06638877838850021,-0.011772241443395615
1765156549.9944117,cf1,0.7432537078857422,0.5259995460510254,1.0008862018585205,-0.339021772146225,-0.05619417876005173,0.002823765855282545
1765156550.0024095,cf2,0.8998479843139648,0.7135242819786072,1.003948450088501,-0.18749617040157318,-0.3037422001361847,-0.0006590124103240669
1765156550.00283,cf2,0.8998479843139648,0.7135242819786072,1.003948450088501,-0.1931699514389038,-0.298536092042923,-0.01378371100872755
1765156550.0142026,cf1,0.7361688613891602,0.524628221988678,1.0011587142944336,-0.339021772146225,-0.05619417876005173,0.002823765855282545
1765156550.0145123,cf1,0.7361688613891602,0.524628221988678,1.0011587142944336,-0.3411528170108795,-0.046143919229507446,0.016899127513170242
1765156550.0236454,cf2,0.8957709074020386,0.7070348262786865,1.0035295486450195,-0.1931699514389038,-0.298536092042923,-0.01378371100872755
1765156550.023981,cf2,0.8957709074020386,0.7070348262786865,1.0035295486450195,-0.1983071118593216,-0.29186296463012695,-0.023850763216614723
1765156550.0342188,cf1,0.7289937138557434,0.5234789252281189,1.0016030073165894,-0.3411528170108795,-0.046143919229507446,0.016899127513170242
1765156550.0345535,cf1,0.7289937138557434,0.5234789252281189,1.0016030073165894,-0.3452453911304474,-0.0361369289457798,0.026841988787055016
1765156550.0436978,cf2,0.8916325569152832,0.7007299661636353,1.0030498504638672,-0.1983071118593216,-0.29186296463012695,-0.023850763216614723
1765156550.0441475,cf2,0.8916325569152832,0.7007299661636353,1.0030498504638672,-0.2036379724740982,-0.2863216698169708,-0.027975978329777718
1765156550.0540779,cf1,0.7217311263084412,0.522543728351593,1.002097487449646,-0.3452453911304474,-0.0361369289457798,0.026841988787055016
1765156550.0544167,cf1,0.7217311263084412,0.522543728351593,1.002097487449646,-0.34934112429618835,-0.02616136707365513,0.030958721414208412
1765156550.0637057,cf2,0.8873637318611145,0.6945142149925232,1.0026192665100098,-0.2036379724740982,-0.2863216698169708,-0.027975978329777718
1765156550.0642905,cf2,0.8873637318611145,0.6945142149925232,1.0026192665100098,-0.20888255536556244,-0.28070950508117676,-0.026267683133482933
1765156550.0741527,cf1,0.7143860459327698,0.5218164920806885,1.0025031566619873,-0.34934112429618835,-0.02616136707365513,0.030958721414208412
1765156550.074509,cf1,0.7143860459327698,0.5218164920806885,1.0025031566619873,-0.35340237617492676,-0.016143834218382835,0.028380686417222023
1765156550.083512,cf2,0.8836566209793091,0.6893050074577332,1.0024198293685913,-0.20888255536556244,-0.28070950508117676,-0.026267683133482933
1765156550.083835,cf2,0.8836566209793091,0.6893050074577332,1.0024198293685913,-0.2113351821899414,-0.2716710567474365,-0.018068645149469376
1765156550.0943758,cf1,0.7088004350662231,0.5213287472724915,1.002629280090332,-0.35340237617492676,-0.016143834218382835,0.028380686417222023
1765156550.0947094,cf1,0.7088004350662231,0.5213287472724915,1.002629280090332,-0.35267648100852966,-0.005830683745443821,0.019390055909752846
1765156550.1037066,cf2,0.8785489201545715,0.6825370788574219,1.0023436546325684,-0.2113351821899414,-0.2716710567474365,-0.018068645149469376
1765156550.104077,cf2,0.8785489201545715,0.6825370788574219,1.0023436546325684,-0.21728754043579102,-0.26700180768966675,-0.006384061649441719
1765156550.1140444,cf1,0.6996065378189087,0.5209729075431824,1.0026006698608398,-0.35267648100852966,-0.005830683745443821,0.019390055909752846
1765156550.1143801,cf1,0.6996065378189087,0.5209729075431824,1.0026006698608398,-0.3609984219074249,0.0045485650189220905,0.00731251435354352
1765156550.1236699,cf2,0.8739175200462341,0.6766664981842041,1.002581000328064,-0.21728754043579102,-0.26700180768966675,-0.006384061649441719
1765156550.124032,cf2,0.8739175200462341,0.6766664981842041,1.002581000328064,-0.22223304212093353,-0.26118412613868713,0.006828309036791325
1765156550.1335542,cf1,0.6918375492095947,0.5208560228347778,1.0021896362304688,-0.3609984219074249,0.0045485650189220905,0.00731251435354352
1765156550.133882,cf1,0.6918375492095947,0.5208560228347778,1.0021896362304688,-0.36488085985183716,0.015407788567245007,-0.007881897501647472
1765156550.1423752,cf2,0.8691120743751526,0.6708610653877258,1.0030497312545776,-0.22223304212093353,-0.26118412613868713,0.006828309036791325
1765156550.142645,cf2,0.8691120743751526,0.6708610653877258,1.0030497312545776,-0.22666680812835693,-0.25417208671569824,0.018982071429491043
1765156550.1536555,cf1,0.6842594146728516,0.5209386944770813,1.0015262365341187,-0.36488085985183716,0.015407788567245007,-0.007881897501647472
1765156550.153912,cf1,0.6842594146728516,0.5209386944770813,1.0015262365341187,-0.36895817518234253,0.02578900009393692,-0.019914764910936356
1765156550.16231,cf2,0.8652610778808594,0.6664190888404846,1.0035266876220703,-0.22666680812835693,-0.25417208671569824,0.018982071429491043
1765156550.1636558,cf2,0.8652610778808594,0.6664190888404846,1.0035266876220703,-0.2286357581615448,-0.24524904787540436,0.026223840191960335
1765156550.1732788,cf1,0.6765172481536865,0.5212362408638,1.000732660293579,-0.36895817518234253,0.02578900009393692,-0.019914764910936356
1765156550.1736076,cf1,0.6765172481536865,0.5212362408638,1.000732660293579,-0.3734695613384247,0.0362444743514061,-0.02640330046415329
1765156550.182417,cf2,0.8595958352088928,0.6600928902626038,1.0042505264282227,-0.2286357581615448,-0.24524904787540436,0.026223840191960335
1765156550.182769,cf2,0.8595958352088928,0.6600928902626038,1.0042505264282227,-0.23418369889259338,-0.23993268609046936,0.028591090813279152
1765156550.1932344,cf1,0.6686758995056152,0.5217575430870056,0.9999704957008362,-0.3734695613384247,0.0362444743514061,-0.02640330046415329
1765156550.1936066,cf1,0.6686758995056152,0.5217575430870056,0.9999704957008362,-0.37795019149780273,0.04670805484056473,-0.02575056068599224
1765156550.2023797,cf2,0.8542352318763733,0.6545290350914001,1.004843831062317,-0.23418369889259338,-0.23993268609046936,0.028591090813279152
1765156550.2027044,cf2,0.8542352318763733,0.6545290350914001,1.004843831062317,-0.2388516217470169,-0.2336067259311676,0.02449210174381733
1765156550.2143288,cf1,0.6603594422340393,0.5225645303726196,0.9993366599082947,-0.37795019149780273,0.04670805484056473,-0.02575056068599224
1765156550.214566,cf1,0.6603594422340393,0.5225645303726196,0.9993366599082947,-0.38259831070899963,0.05771943926811218,-0.0181703083217144
1765156550.222421,cf2,0.8491663932800293,0.6494042277336121,1.0051569938659668,-0.2388516217470169,-0.2336067259311676,0.02449210174381733
1765156550.2228782,cf2,0.8491663932800293,0.6494042277336121,1.0051569938659668,-0.24340219795703888,-0.22697444260120392,0.014914495870471
1765156550.2341263,cf1,0.6527034640312195,0.5235013961791992,0.9990236163139343,-0.38259831070899963,0.05771943926811218,-0.0181703083217144
1765156550.2343519,cf1,0.6527034640312195,0.5235013961791992,0.9990236163139343,-0.3855050504207611,0.06785452365875244,-0.006139123346656561
1765156550.2435894,cf2,0.8442707657814026,0.6445637941360474,1.0051236152648926,-0.24340219795703888,-0.22697444260120392,0.014914495870471
1765156550.2439258,cf2,0.8442707657814026,0.6445637941360474,1.0051236152648926,-0.24762095510959625,-0.2193083018064499,0.0007808730588294566
1765156550.2543368,cf1,0.6446099877357483,0.5247161388397217,0.9989469051361084,-0.3855050504207611,0.06785452365875244,-0.006139123346656561
1765156550.2546654,cf1,0.6446099877357483,0.5247161388397217,0.9989469051361084,-0.38951724767684937,0.07814348489046097,0.007417516782879829
1765156550.263386,cf2,0.8387791514396667,0.6395793557167053,1.0048835277557373,-0.24762095510959625,-0.2193083018064499,0.0007808730588294566
1765156550.2637556,cf2,0.8387791514396667,0.6395793557167053,1.0048835277557373,-0.2519655227661133,-0.21218624711036682,-0.013915447518229485
1765156550.274276,cf1,0.6364107728004456,0.5261633992195129,0.9990940093994141,-0.38951724767684937,0.07814348489046097,0.007417516782879829
1765156550.274647,cf1,0.6364107728004456,0.5261633992195129,0.9990940093994141,-0.3934316337108612,0.08839913457632065,0.019444664940238
1765156550.2835503,cf2,0.8346665501594543,0.6357828974723816,1.0044384002685547,-0.2519655227661133,-0.21218624711036682,-0.013915447518229485
1765156550.2838907,cf2,0.8346665501594543,0.6357828974723816,1.0044384002685547,-0.25331977009773254,-0.20259025692939758,-0.026226535439491272
1765156550.2941139,cf1,0.628132164478302,0.5278347134590149,0.9993789196014404,-0.3934316337108612,0.08839913457632065,0.019444664940238
1765156550.2944589,cf1,0.628132164478302,0.5278347134590149,0.9993789196014404,-0.3971996605396271,0.09862912446260452,0.027742570266127586
1765156550.3036542,cf2,0.8291784524917603,0.6311301589012146,1.0038405656814575,-0.25331977009773254,-0.20259025692939758,-0.026226535439491272
1765156550.3039913,cf2,0.8291784524917603,0.6311301589012146,1.0038405656814575,-0.256693035364151,-0.19441786408424377,-0.0328766368329525
1765156550.3140385,cf1,0.6237817406654358,0.528653085231781,0.9995460510253906,-0.3971996605396271,0.09862912446260452,0.027742570266127586
1765156550.3142684,cf1,0.6237817406654358,0.528653085231781,0.9995460510253906,-0.4008970260620117,0.10887698829174042,0.03058442287147045
1765156550.3232107,cf2,0.8230462670326233,0.6262421607971191,1.003180980682373,-0.256693035364151,-0.19441786408424377,-0.0328766368329525
1765156550.3237126,cf2,0.8230462670326233,0.6262421607971191,1.003180980682373,-0.26215213537216187,-0.18755583465099335,-0.032404955476522446
1765156550.3340724,cf1,0.6134232878684998,0.5312219858169556,0.9998296499252319,-0.4008970260620117,0.10887698829174042,0.03058442287147045
1765156550.3343325,cf1,0.6134232878684998,0.5312219858169556,0.9998296499252319,-0.39693766832351685,0.11675089597702026,0.02661689929664135
1765156550.342328,cf2,0.8169950246810913,0.6217827200889587,1.002660870552063,-0.26215213537216187,-0.18755583465099335,-0.032404955476522446
1765156550.3427038,cf2,0.8169950246810913,0.6217827200889587,1.002660870552063,-0.26611244678497314,-0.1790032982826233,-0.02397679165005684
1765156550.3542016,cf1,0.6030221581459045,0.5340856313705444,0.9998977780342102,-0.39693766832351685,0.11675089597702026,0.02661689929664135
1765156550.3545566,cf1,0.6030221581459045,0.5340856313705444,0.9998977780342102,-0.4052763879299164,0.12868930399417877,0.01953957788646221
1765156550.362372,cf2,0.811377227306366,0.6178025007247925,1.0025055408477783,-0.26611244678497314,-0.1790032982826233,-0.02397679165005684
1765156550.3627264,cf2,0.811377227306366,0.6178025007247925,1.0025055408477783,-0.27063828706741333,-0.1713578999042511,-0.01129226852208376
1765156550.37411,cf1,0.5943364500999451,0.5366359949111938,0.9996662139892578,-0.4052763879299164,0.12868930399417877,0.01953957788646221
1765156550.3744102,cf1,0.5943364500999451,0.5366359949111938,0.9996662139892578,-0.40946030616760254,0.1393221616744995,0.009092193096876144
1765156550.3823764,cf2,0.805606484413147,0.6139589548110962,1.0026344060897827,-0.27063828706741333,-0.1713578999042511,-0.01129226852208376
1765156550.3828332,cf2,0.805606484413147,0.6139589548110962,1.0026344060897827,-0.2766263484954834,-0.1642996370792389,0.002909956034272909
1765156550.394123,cf1,0.5862553715705872,0.5391688346862793,0.9992096424102783,-0.40946030616760254,0.1393221616744995,0.009092193096876144
1765156550.394479,cf1,0.5862553715705872,0.5391688346862793,0.9992096424102783,-0.4092223346233368,0.14842283725738525,-0.0014998572878539562
1765156550.402251,cf2,0.8011766076087952,0.6110944151878357,1.0029515027999878,-0.2766263484954834,-0.1642996370792389,0.002909956034272909
1765156550.402719,cf2,0.8011766076087952,0.6110944151878357,1.0029515027999878,-0.27584901452064514,-0.15389925241470337,0.0157023835927248
1765156550.4141142,cf1,0.5796733498573303,0.5412957072257996,0.9987292885780334,-0.4092223346233368,0.14842283725738525,-0.0014998572878539562
1765156550.4143698,cf1,0.5796733498573303,0.5412957072257996,0.9987292885780334,-0.4070723354816437,0.1564580798149109,-0.009632926434278488
1765156550.422285,cf2,0.7953435778617859,0.6076114177703857,1.0034198760986328,-0.27584901452064514,-0.15389925241470337,0.0157023835927248
1765156550.4227402,cf2,0.7953435778617859,0.6076114177703857,1.0034198760986328,-0.27880263328552246,-0.14544802904129028,0.02395772933959961
1765156550.4340947,cf1,0.5705229640007019,0.544536292552948,0.9980283379554749,-0.4070723354816437,0.1564580798149109,-0.009632926434278488
1765156550.4344294,cf1,0.5705229640007019,0.544536292552948,0.9980283379554749,-0.40998515486717224,0.16654188930988312,-0.013416598550975323
1765156550.4423099,cf2,0.7893387675285339,0.6042507886886597,1.003926396369934,-0.27880263328552246,-0.14544802904129028,0.02395772933959961
1765156550.4426663,cf2,0.7893387675285339,0.6042507886886597,1.003926396369934,-0.28198927640914917,-0.13697487115859985,0.025928396731615067
1765156550.4533412,cf1,0.5636948347091675,0.5470166206359863,0.9975343942642212,-0.40998515486717224,0.16654188930988312,-0.013416598550975323
1765156550.4536867,cf1,0.5636948347091675,0.5470166206359863,0.9975343942642212,-0.41661059856414795,0.17343740165233612,-0.013106053695082664
1765156550.4624555,cf2,0.7835946083068848,0.601224422454834,1.0043100118637085,-0.28198927640914917,-0.13697487115859985,0.025928396731615067
1765156550.462806,cf2,0.7835946083068848,0.601224422454834,1.0043100118637085,-0.2859438955783844,-0.12879513204097748,0.02151847817003727
1765156550.473519,cf1,0.5554461479187012,0.5502951145172119,0.9969732761383057,-0.41661059856414795,0.17343740165233612,-0.013106053695082664
1765156550.4739325,cf1,0.5554461479187012,0.5502951145172119,0.9969732761383057,-0.4188806712627411,0.18383783102035522,-0.00797960627824068
1765156550.4823856,cf2,0.7774300575256348,0.59819495677948,1.0045208930969238,-0.2859438955783844,-0.12879513204097748,0.02151847817003727
1765156550.4826572,cf2,0.7774300575256348,0.59819495677948,1.0045208930969238,-0.2907409965991974,-0.12089493125677109,0.011841935105621815
1765156550.4933739,cf1,0.5467432141304016,0.5538802146911621,0.9965660572052002,-0.4188806712627411,0.18383783102035522,-0.00797960627824068
1765156550.4937518,cf1,0.5467432141304016,0.5538802146911621,0.9965660572052002,-0.42241454124450684,0.19386693835258484,0.0016464418731629848
1765156550.50238,cf2,0.771159291267395,0.5953179001808167,1.0044639110565186,-0.2907409965991974,-0.12089493125677109,0.011841935105621815
1765156550.5026202,cf2,0.771159291267395,0.5953179001808167,1.0044639110565186,-0.29570281505584717,-0.11305578798055649,-0.001085943658836186
1765156550.5135012,cf1,0.5373769998550415,0.5579473376274109,0.9963178634643555,-0.42241454124450684,0.19386693835258484,0.0016464418731629848
1765156550.5140421,cf1,0.5373769998550415,0.5579473376274109,0.9963178634643555,-0.4282115697860718,0.2050488293170929,0.013304686173796654
1765156550.5227907,cf2,0.7647981643676758,0.5926007628440857,1.0041252374649048,-0.29570281505584717,-0.11305578798055649,-0.001085943658836186
1765156550.5231507,cf2,0.7647981643676758,0.5926007628440857,1.0041252374649048,-0.3007638156414032,-0.10527407377958298,-0.014658546075224876
1765156550.5334406,cf1,0.5292242765426636,0.5616159439086914,0.996290922164917,-0.4282115697860718,0.2050488293170929,0.013304686173796654
1765156550.5337803,cf1,0.5292242765426636,0.5616159439086914,0.996290922164917,-0.429515540599823,0.2139749825000763,0.024535348638892174
1765156550.542376,cf2,0.7583464980125427,0.5900449752807617,1.0035566091537476,-0.3007638156414032,-0.10527407377958298,-0.014658546075224876
1765156550.5427034,cf2,0.7583464980125427,0.5900449752807617,1.0035566091537476,-0.3057716190814972,-0.09752273559570312,-0.02568257600069046
1765156550.5536418,cf1,0.518866240978241,0.5665588974952698,0.9963749051094055,-0.429515540599823,0.2139749825000763,0.024535348638892174
1765156550.5539513,cf1,0.518866240978241,0.5665588974952698,0.9963749051094055,-0.43524861335754395,0.2254287302494049,0.03359366953372955
1765156550.5623116,cf2,0.7518041133880615,0.5876553058624268,1.0028644800186157,-0.3057716190814972,-0.09752273559570312,-0.02568257600069046
1765156550.5626674,cf2,0.7518041133880615,0.5876553058624268,1.0028644800186157,-0.3106180727481842,-0.08974780887365341,-0.03144337236881256
1765156550.5743592,cf1,0.5106306076049805,0.5705942511558533,0.9965152740478516,-0.43524861335754395,0.2254287302494049,0.03359366953372955
1765156550.5747619,cf1,0.5106306076049805,0.5705942511558533,0.9965152740478516,-0.43730536103248596,0.2349427044391632,0.03863184154033661
1765156550.582295,cf2,0.7451716065406799,0.5854378342628479,1.0021759271621704,-0.3106180727481842,-0.08974780887365341,-0.03144337236881256
1765156550.5827146,cf2,0.7451716065406799,0.5854378342628479,1.0021759271621704,-0.3152330815792084,-0.08190559595823288,-0.03090548887848854
1765156550.5941384,cf1,0.49986088275909424,0.5761525630950928,0.9966620802879333,-0.43730536103248596,0.2349427044391632,0.03863184154033661
1765156550.59451,cf1,0.49986088275909424,0.5761525630950928,0.9966620802879333,-0.4456250071525574,0.24771514534950256,0.039352234452962875
1765156550.6023815,cf2,0.7384506464004517,0.58339923620224,1.0016114711761475,-0.3152330815792084,-0.08190559595823288,-0.03090548887848854
1765156550.6027668,cf2,0.7384506464004517,0.58339923620224,1.0016114711761475,-0.31957903504371643,-0.07396329939365387,-0.024410821497440338
1765156550.6148593,cf1,0.49009206891059875,0.5813526511192322,0.9966654181480408,-0.4456250071525574,0.24771514534950256,0.039352234452962875
1765156550.614993,cf1,0.49009206891059875,0.5813526511192322,0.9966654181480408,-0.45227545499801636,0.2596108317375183,0.03481315076351166
1765156550.622288,cf2,0.7316457629203796,0.5815456509590149,1.0012564659118652,-0.31957903504371643,-0.07396329939365387,-0.024410821497440338
1765156550.6227572,cf2,0.7316457629203796,0.5815456509590149,1.0012564659118652,-0.32365354895591736,-0.06587265431880951,-0.013730954378843307
1765156550.6341207,cf1,0.48028287291526794,0.5867441892623901,0.9964611530303955,-0.45227545499801636,0.2596108317375183,0.03481315076351166
1765156550.63435,cf1,0.48028287291526794,0.5867441892623901,0.9964611530303955,-0.4587748944759369,0.27145102620124817,0.025644494220614433
1765156550.6424499,cf2,0.7247605919837952,0.579882800579071,1.0011426210403442,-0.32365354895591736,-0.06587265431880951,-0.013730954378843307
1765156550.6428888,cf2,0.7247605919837952,0.579882800579071,1.0011426210403442,-0.3275260925292969,-0.057584840804338455,-0.0012899568537250161
1765156550.6543741,cf1,0.4715435206890106,0.5916516184806824,0.996053159236908,-0.4587748944759369,0.27145102620124817,0.025644494220614433
1765156550.6547656,cf1,0.4715435206890106,0.5916516184806824,0.996053159236908,-0.45857134461402893,0.2792702913284302,0.01289572287350893
1765156550.6636696,cf2,0.7177630066871643,0.5784114599227905,1.001244068145752,-0.3275260925292969,-0.057584840804338455,-0.0012899568537250161
1765156550.6639948,cf2,0.7177630066871643,0.5784114599227905,1.001244068145752,-0.3303850591182709,-0.04846309497952461,0.010188578628003597
1765156550.6741474,cf1,0.4619082510471344,0.5972359776496887,0.9953978657722473,-0.45857134461402893,0.2792702913284302,0.01289572287350893
1765156550.6745183,cf1,0.4619082510471344,0.5972359776496887,0.9953978657722473,-0.4637039303779602,0.2900790572166443,-0.00042147180647589266
1765156550.683308,cf2,0.7107660174369812,0.5771471858024597,1.0014798641204834,-0.3303850591182709,-0.04846309497952461,0.010188578628003597
1765156550.6837568,cf2,0.7107660174369812,0.5771471858024597,1.0014798641204834,-0.333951473236084,-0.03968368470668793,0.01741395704448223
1765156550.6941814,cf1,0.4518370032310486,0.6032384037971497,0.9945310354232788,-0.4637039303779602,0.2900790572166443,-0.00042147180647589266
1765156550.6945448,cf1,0.4518370032310486,0.6032384037971497,0.9945310354232788,-0.4694470465183258,0.3012247681617737,-0.0121066365391016
1765156550.7024512,cf2,0.7028384208679199,0.5760890245437622,1.0017937421798706,-0.333951473236084,-0.03968368470668793,0.01741395704448223
1765156550.7027607,cf2,0.7028384208679199,0.5760890245437622,1.0017937421798706,-0.33689430356025696,-0.030043143779039383,0.019806867465376854
1765156550.7142265,cf1,0.44166138768196106,0.6094648838043213,0.9935533404350281,-0.4694470465183258,0.3012247681617737,-0.0121066365391016
1765156550.7145784,cf1,0.44166138768196106,0.6094648838043213,0.9935533404350281,-0.47454994916915894,0.3119150698184967,-0.019091589376330376
1765156550.722332,cf2,0.6964856386184692,0.5752035975456238,1.0019556283950806,-0.33689430356025696,-0.030043143779039383,0.019806867465376854
1765156550.7229111,cf2,0.6964856386184692,0.5752035975456238,1.0019556283950806,-0.34010806679725647,-0.020671920850872993,0.016594761982560158
1765156550.734224,cf1,0.43140706419944763,0.6159040927886963,0.9925983548164368,-0.47454994916915894,0.3119150698184967,-0.019091589376330376
1765156550.734602,cf1,0.43140706419944763,0.6159040927886963,0.9925983548164368,-0.4791053533554077,0.32220202684402466,-0.01875890977680683
1765156550.7424595,cf2,0.6887660026550293,0.5745998024940491,1.0020253658294678,-0.34010806679725647,-0.020671920850872993,0.016594761982560158
1765156550.7428157,cf2,0.6887660026550293,0.5745998024940491,1.0020253658294678,-0.3436325788497925,-0.011087077669799328,0.008808908984065056
1765156550.7539704,cf1,0.42107799649238586,0.6225565671920776,0.991797924041748,-0.4791053533554077,0.32220202684402466,-0.01875890977680683
1765156550.754214,cf1,0.42107799649238586,0.6225565671920776,0.991797924041748,-0.4831946790218353,0.33212170004844666,-0.012022140435874462
1765156550.762393,cf2,0.6819568872451782,0.5740509033203125,1.0018069744110107,-0.3436325788497925,-0.011087077669799328,0.008808908984065056
1765156550.7626553,cf2,0.6819568872451782,0.5740509033203125,1.0018069744110107,-0.3471803069114685,-0.0013305491302162409,-0.0018966265488415956
1765156550.7741532,cf1,0.4106818437576294,0.6294194459915161,0.9912605881690979,-0.4831946790218353,0.33212170004844666,-0.012022140435874462
1765156550.7745106,cf1,0.4106818437576294,0.6294194459915161,0.9912605881690979,-0.4867781698703766,0.34162893891334534,9.46340078371577e-05
1765156550.7823038,cf2,0.6740879416465759,0.5738659501075745,1.0013805627822876,-0.3471803069114685,-0.0013305491302162409,-0.0018966265488415956
1765156550.7826545,cf2,0.6740879416465759,0.5738659501075745,1.0013805627822876,-0.35075634717941284,0.008539176546037197,-0.012934597209095955
1765156550.7942212,cf1,0.4002278447151184,0.6364865899085999,0.9910421371459961,-0.4867781698703766,0.34162893891334534,9.46340078371577e-05
1765156550.7946124,cf1,0.4002278447151184,0.6364865899085999,0.9910421371459961,-0.4898584187030792,0.35070449113845825,0.015069425106048584
1765156550.8023915,cf2,0.6701099276542664,0.5736555457115173,1.0010285377502441,-0.35075634717941284,0.008539176546037197,-0.012934597209095955
1765156550.8027728,cf2,0.6701099276542664,0.5736555457115173,1.0010285377502441,-0.3545834720134735,0.013801545836031437,-0.018379058688879013
1765156550.8140924,cf1,0.38972777128219604,0.6437476873397827,0.9911403059959412,-0.4898584187030792,0.35070449113845825,0.015069425106048584
1765156550.8144724,cf1,0.38972777128219604,0.6437476873397827,0.9911403059959412,-0.49241903424263,0.3593442738056183,0.030239153653383255
1765156550.82236,cf2,0.6615591645240784,0.5737649202346802,1.000256061553955,-0.3545834720134735,0.013801545836031437,-0.018379058688879013
1765156550.8231938,cf2,0.6615591645240784,0.5737649202346802,1.000256061553955,-0.3576067090034485,0.02454323135316372,-0.025055527687072754
1765156550.8340552,cf1,0.3791922330856323,0.6511920094490051,0.9914942383766174,-0.49241903424263,0.3593442738056183,0.030239153653383255
1765156550.8343935,cf1,0.3791922330856323,0.6511920094490051,0.9914942383766174,-0.49449002742767334,0.36760199069976807,0.04258253797888756
1765156550.8423734,cf2,0.6551202535629272,0.57396399974823,0.9996466040611267,-0.3576067090034485,0.02454323135316372,-0.025055527687072754
1765156550.8426387,cf2,0.6551202535629272,0.57396399974823,0.9996466040611267,-0.3569290041923523,0.034088391810655594,-0.02601621113717556
1765156550.8542356,cf1,0.36863186955451965,0.6588070392608643,0.9920006990432739,-0.49449002742767334,0.36760199069976807,0.04258253797888756
1765156550.8544955,cf1,0.36863186955451965,0.6588070392608643,0.9920006990432739,-0.4960935413837433,0.37551674246788025,0.04963856562972069
1765156550.8624725,cf2,0.6466634273529053,0.5745333433151245,0.9988955855369568,-0.3569290041923523,0.034088391810655594,-0.02601621113717556
1765156550.862861,cf2,0.6466634273529053,0.5745333433151245,0.9988955855369568,-0.36345887184143066,0.04440080747008324,-0.02288815751671791
1765156550.8741326,cf1,0.35805732011795044,0.6665797829627991,0.9925339818000793,-0.4960935413837433,0.37551674246788025,0.04963856562972069
1765156550.8744848,cf1,0.35805732011795044,0.6665797829627991,0.9925339818000793,-0.49721983075141907,0.38309183716773987,0.050586290657520294
1765156550.8836882,cf2,0.638494074344635,0.5753152966499329,0.9983228445053101,-0.36345887184143066,0.04440080747008324,-0.02288815751671791
1765156550.8839064,cf2,0.638494074344635,0.5753152966499329,0.9983228445053101,-0.36736732721328735,0.05515651777386665,-0.01461203582584858
1765156550.8941183,cf1,0.3473558723926544,0.6745938062667847,0.9929697513580322,-0.49721983075141907,0.38309183716773987,0.050586290657520294
1765156550.8943489,cf1,0.3473558723926544,0.6745938062667847,0.9929697513580322,-0.4966782331466675,0.3897579312324524,0.044574074447155
1765156550.903594,cf2,0.6308448910713196,0.5762557983398438,0.9979943037033081,-0.36736732721328735,0.05515651777386665,-0.01461203582584858
1765156550.9038558,cf2,0.6308448910713196,0.5762557983398438,0.9979943037033081,-0.37160640954971313,0.06552761048078537,-0.0036528261844068766
1765156550.9140267,cf1,0.33686497807502747,0.682582437992096,0.9931801557540894,-0.4966782331466675,0.3897579312324524,0.044574074447155
1765156550.9142447,cf1,0.33686497807502747,0.682582437992096,0.9931801557540894,-0.4951469898223877,0.39562147855758667,0.03225402906537056
1765156550.9223268,cf2,0.6227684020996094,0.5774859189987183,0.9978542327880859,-0.37160640954971313,0.06552761048078537,-0.0036528261844068766
1765156550.9227395,cf2,0.6227684020996094,0.5774859189987183,0.9978542327880859,-0.37426912784576416,0.076263427734375,0.008684175089001656
1765156550.9342344,cf1,0.3263213634490967,0.6907449960708618,0.9931168556213379,-0.4951469898223877,0.39562147855758667,0.03225402906537056
1765156550.9346728,cf1,0.3263213634490967,0.6907449960708618,0.9931168556213379,-0.4953521490097046,0.40249869227409363,0.017566587775945663
1765156550.942407,cf2,0.6149328947067261,0.5788812041282654,0.997894287109375,-0.37426912784576416,0.076263427734375,0.008684175089001656
1765156550.9427357,cf2,0.6149328947067261,0.5788812041282654,0.997894287109375,-0.37903082370758057,0.08666268736124039,0.018607905134558678
1765156550.9540935,cf1,0.3157479465007782,0.6990641951560974,0.9927723407745361,-0.4953521490097046,0.40249869227409363,0.017566587775945663
1765156550.954413,cf1,0.3157479465007782,0.6990641951560974,0.9927723407745361,-0.4955608546733856,0.40931007266044617,0.0028424221090972424
1765156550.9623237,cf2,0.6068262457847595,0.5805355310440063,0.9980301260948181,-0.37903082370758057,0.08666268736124039,0.018607905134558678
1765156550.9626772,cf2,0.6068262457847595,0.5805355310440063,0.9980301260948181,-0.3842454254627228,0.09712407737970352,0.02514040842652321
1765156550.9740973,cf1,0.3051760792732239,0.7075161933898926,0.9922167658805847,-0.4955608546733856,0.40931007266044617,0.0028424221090972424
1765156550.9743373,cf1,0.3051760792732239,0.7075161933898926,0.9922167658805847,-0.49579548835754395,0.41600853204727173,-0.00800846517086029
1765156550.9823399,cf2,0.598606526851654,0.582412838935852,0.9981715083122253,-0.3842454254627228,0.09712407737970352,0.02514040842652321
1765156550.9827118,cf2,0.598606526851654,0.582412838935852,0.9981715083122253,-0.3895201086997986,0.1075190007686615,0.02674444206058979
1765156550.9933822,cf1,0.29559946060180664,0.7153317928314209,0.9916239380836487,-0.49579548835754395,0.41600853204727173,-0.00800846517086029
1765156550.993904,cf1,0.29559946060180664,0.7153317928314209,0.9916239380836487,-0.4941311180591583,0.42103663086891174,-0.012597328051924706
1765156551.0036173,cf2,0.5902436375617981,0.5845168232917786,0.9982166886329651,-0.3895201086997986,0.1075190007686615,0.02674444206058979
1765156551.0039527,cf2,0.5902436375617981,0.5845168232917786,0.9982166886329651,-0.3953886032104492,0.11824040114879608,0.02268281951546669
1765156551.0136065,cf1,0.28496965765953064,0.7240895628929138,0.991008996963501,-0.4941311180591583,0.42103663086891174,-0.012597328051924706
1765156551.0139256,cf1,0.28496965765953064,0.7240895628929138,0.991008996963501,-0.49515217542648315,0.4280359745025635,-0.009603245183825493
1765156551.0236824,cf2,0.5818716287612915,0.5867971181869507,0.9980786442756653,-0.3953886032104492,0.11824040114879608,0.02268281951546669
1765156551.0240297,cf2,0.5818716287612915,0.5867971181869507,0.9980786442756653,-0.39896324276924133,0.1279982179403305,0.01394443679600954
1765156551.033277,cf1,0.27443960309028625,0.732893705368042,0.9905737042427063,-0.49515217542648315,0.4280359745025635,-0.009603245183825493
1765156551.0336416,cf1,0.27443960309028625,0.732893705368042,0.9905737042427063,-0.4959005117416382,0.43435564637184143,5.229627277003601e-05
1765156551.0436833,cf2,0.5733636021614075,0.5892859101295471,0.9977096319198608,-0.39896324276924133,0.1279982179403305,0.01394443679600954
1765156551.0440333,cf2,0.5733636021614075,0.5892859101295471,0.9977096319198608,-0.4040275514125824,0.13785691559314728,0.0024287947453558445
1765156551.0531752,cf1,0.2638373076915741,0.7418875098228455,0.9903974533081055,-0.4959005117416382,0.43435564637184143,5.229627277003601e-05
1765156551.0535316,cf1,0.2638373076915741,0.7418875098228455,0.9903974533081055,-0.4969973862171173,0.4406552314758301,0.014338355511426926
1765156551.0635536,cf2,0.5647653937339783,0.591966986656189,0.9971014261245728,-0.4040275514125824,0.13785691559314728,0.0024287947453558445
1765156551.0638075,cf2,0.5647653937339783,0.591966986656189,0.9971014261245728,-0.4087858200073242,0.1474265307188034,-0.010080660693347454
1765156551.0732107,cf1,0.2532074451446533,0.7510263919830322,0.9905140399932861,-0.4969973862171173,0.4406552314758301,0.014338355511426926
1765156551.0735056,cf1,0.2532074451446533,0.7510263919830322,0.9905140399932861,-0.49838846921920776,0.44685378670692444,0.030240360647439957
1765156551.0835192,cf2,0.5560876131057739,0.5948346853256226,0.9963036179542542,-0.4087858200073242,0.1474265307188034,-0.010080660693347454
1765156551.083782,cf2,0.5560876131057739,0.5948346853256226,0.9963036179542542,-0.4131157100200653,0.15666459500789642,-0.020262284204363823
1765156551.093409,cf1,0.24254494905471802,0.7603058815002441,0.9908860921859741,-0.49838846921920776,0.44685378670692444,0.030240360647439957
1765156551.093668,cf1,0.24254494905471802,0.7603058815002441,0.9908860921859741,-0.49804508686065674,0.45127737522125244,0.04350432753562927
1765156551.1032283,cf2,0.5473338961601257,0.5978899598121643,0.995415210723877,-0.4131157100200653,0.15666459500789642,-0.020262284204363823
1765156551.103463,cf2,0.5473338961601257,0.5978899598121643,0.995415210723877,-0.4170483350753784,0.16561956703662872,-0.02579766884446144
1765156551.114093,cf1,0.23179268836975098,0.7697698473930359,0.991438627243042,-0.49804508686065674,0.45127737522125244,0.04350432753562927
1765156551.1143153,cf1,0.23179268836975098,0.7697698473930359,0.991438627243042,-0.5005800127983093,0.45786216855049133,0.05369136482477188
1765156551.123815,cf2,0.5383068323135376,0.6012157201766968,0.9945354461669922,-0.4170483350753784,0.16561956703662872,-0.02579766884446144
1765156551.1240325,cf2,0.5383068323135376,0.6012157201766968,0.9945354461669922,-0.419695645570755,0.17433632910251617,-0.0252443365752697
1765156551.1341846,cf1,0.22111214697360992,0.7792607545852661,0.9920384883880615,-0.5005800127983093,0.45786216855049133,0.05369136482477188
1765156551.1345358,cf1,0.22111214697360992,0.7792607545852661,0.9920384883880615,-0.5027509927749634,0.46377086639404297,0.05655479058623314
1765156551.1435974,cf2,0.5295710563659668,0.6045883297920227,0.9938483238220215,-0.419695645570755,0.17433632910251617,-0.0252443365752697
1765156551.144002,cf2,0.5295710563659668,0.6045883297920227,0.9938483238220215,-0.4211351275444031,0.18241062760353088,-0.018000051379203796
1765156551.154191,cf1,0.21033549308776855,0.7889231443405151,0.9925619959831238,-0.5027509927749634,0.46377086639404297,0.05655479058623314
1765156551.154505,cf1,0.21033549308776855,0.7889231443405151,0.9925619959831238,-0.5051502585411072,0.46966084837913513,0.052553821355104446
1765156551.1634514,cf2,0.5206850171089172,0.6081815958023071,0.9933853149414062,-0.4211351275444031,0.18241062760353088,-0.018000051379203796
1765156551.1636744,cf2,0.5206850171089172,0.6081815958023071,0.9933853149414062,-0.4237481653690338,0.19055244326591492,-0.006875312887132168
1765156551.1742053,cf1,0.1995154619216919,0.7987028360366821,0.9928795695304871,-0.5051502585411072,0.46966084837913513,0.052553821355104446
1765156551.1744976,cf1,0.1995154619216919,0.7987028360366821,0.9928795695304871,-0.5076419711112976,0.47543859481811523,0.041918713599443436
1765156551.1837497,cf2,0.5116918087005615,0.611981987953186,0.9931862354278564,-0.4237481653690338,0.19055244326591492,-0.006875312887132168
1765156551.1840153,cf2,0.5116918087005615,0.611981987953186,0.9931862354278564,-0.42613229155540466,0.19857357442378998,0.006658332422375679
1765156551.1940925,cf1,0.18865516781806946,0.808591365814209,0.9928974509239197,-0.5076419711112976,0.47543859481811523,0.041918713599443436
1765156551.1943376,cf1,0.18865516781806946,0.808591365814209,0.9928974509239197,-0.508091926574707,0.47924306988716125,0.026110680773854256
1765156551.2034206,cf2,0.5026493668556213,0.6159658432006836,0.993233323097229,-0.42613229155540466,0.19857357442378998,0.006658332422375679
1765156551.2037218,cf2,0.5026493668556213,0.6159658432006836,0.993233323097229,-0.42832985520362854,0.2065216451883316,0.019338805228471756
1765156551.2142417,cf1,0.17775563895702362,0.8185837268829346,0.9925879240036011,-0.508091926574707,0.47924306988716125,0.026110680773854256
1765156551.2146063,cf1,0.17775563895702362,0.8185837268829346,0.9925879240036011,-0.5106000304222107,0.48462456464767456,0.008870801888406277
1765156551.2223864,cf2,0.49335625767707825,0.620231032371521,0.9934629201889038,-0.42832985520362854,0.2065216451883316,0.019338805228471756
1765156551.2227545,cf2,0.49335625767707825,0.620231032371521,0.9934629201889038,-0.42945346236228943,0.21432575583457947,0.02913506142795086
1765156551.2341738,cf1,0.1668182760477066,0.8286762237548828,0.9919962882995605,-0.5106000304222107,0.48462456464767456,0.008870801888406277
1765156551.2345262,cf1,0.1668182760477066,0.8286762237548828,0.9919962882995605,-0.5129718780517578,0.4896644055843353,-0.006566651165485382
1765156551.2423587,cf2,0.48380669951438904,0.6248636841773987,0.9937874674797058,-0.42945346236228943,0.21432575583457947,0.02913506142795086
1765156551.2426956,cf2,0.48380669951438904,0.6248636841773987,0.9937874674797058,-0.4310449957847595,0.22201544046401978,0.03349440172314644
1765156551.254302,cf1,0.1558464765548706,0.8388642072677612,0.9912348389625549,-0.5129718780517578,0.4896644055843353,-0.006566651165485382
1765156551.254561,cf1,0.1558464765548706,0.8388642072677612,0.9912348389625549,-0.5151119232177734,0.49429938197135925,-0.016235962510108948
1765156551.2624204,cf2,0.47528284788131714,0.6289629340171814,0.9940105080604553,-0.4310449957847595,0.22201544046401978,0.03349440172314644
1765156551.2628162,cf2,0.47528284788131714,0.6289629340171814,0.9940105080604553,-0.43303123116493225,0.23000676929950714,0.0319971889257431
1765156551.2740202,cf1,0.14484065771102905,0.8491470813751221,0.9904745817184448,-0.5151119232177734,0.49429938197135925,-0.016235962510108948
1765156551.2742536,cf1,0.14484065771102905,0.8491470813751221,0.9904745817184448,-0.5170300602912903,0.49855682253837585,-0.017647696658968925
1765156551.2823057,cf2,0.4660831391811371,0.6336306929588318,0.9941176176071167,-0.43303123116493225,0.23000676929950714,0.0319971889257431
1765156551.2827513,cf2,0.4660831391811371,0.6336306929588318,0.9941176176071167,-0.43500131368637085,0.2380833476781845,0.025296352803707123
1765156551.2945385,cf1,0.133803591132164,0.8595207929611206,0.9898831844329834,-0.5170300602912903,0.49855682253837585,-0.017647696658968925
1765156551.294711,cf1,0.133803591132164,0.8595207929611206,0.9898831844329834,-0.518678605556488,0.50237637758255,-0.010782544501125813
1765156551.3023777,cf2,0.45684680342674255,0.6384617686271667,0.9940011501312256,-0.43500131368637085,0.2380833476781845,0.025296352803707123
1765156551.3027241,cf2,0.45684680342674255,0.6384617686271667,0.9940011501312256,-0.43698960542678833,0.2462334781885147,0.01463458314538002
1765156551.3140476,cf1,0.12273911386728287,0.8699795007705688,0.9895879030227661,-0.518678605556488,0.50237637758255,-0.010782544501125813
1765156551.314405,cf1,0.12273911386728287,0.8699795007705688,0.9895879030227661,-0.5200810432434082,0.5057762861251831,0.0025549859274178743
1765156551.322404,cf2,0.4469452500343323,0.6438868045806885,0.9936474561691284,-0.43698960542678833,0.2462334781885147,0.01463458314538002
1765156551.322702,cf2,0.4469452500343323,0.6438868045806885,0.9936474561691284,-0.4390239715576172,0.25441381335258484,0.002514776773750782
1765156551.33409,cf1,0.11165153235197067,0.8805160522460938,0.9896512031555176,-0.5200810432434082,0.5057762861251831,0.0025549859274178743
1765156551.3343213,cf1,0.11165153235197067,0.8805160522460938,0.9896512031555176,-0.5212455987930298,0.5087597966194153,0.01893521472811699
1765156551.3425455,cf2,0.4376310110092163,0.6490532159805298,0.9930309653282166,-0.4390239715576172,0.25441381335258484,0.002514776773750782
1765156551.342909,cf2,0.4376310110092163,0.6490532159805298,0.9930309653282166,-0.4411373436450958,0.2626097500324249,-0.008168638683855534
1765156551.3542497,cf1,0.10054722428321838,0.8911206126213074,0.9900643825531006,-0.5212455987930298,0.5087597966194153,0.01893521472811699
1765156551.354622,cf1,0.10054722428321838,0.8911206126213074,0.9900643825531006,-0.5221625566482544,0.5113438963890076,0.03535497188568115
1765156551.362379,cf2,0.4282747805118561,0.6543888449668884,0.9922822117805481,-0.4411373436450958,0.2626097500324249,-0.008168638683855534
1765156551.362787,cf2,0.4282747805118561,0.6543888449668884,0.9922822117805481,-0.4456976056098938,0.2725103199481964,-0.014987854287028313
1765156551.3742793,cf1,0.08943091332912445,0.9017845392227173,0.990746021270752,-0.5221625566482544,0.5113438963890076,0.03535497188568115
1765156551.374529,cf1,0.08943091332912445,0.9017845392227173,0.990746021270752,-0.5228704214096069,0.5136070847511292,0.04777395725250244
1765156551.3823922,cf2,0.4188750684261322,0.6598970890045166,0.991518497467041,-0.4456976056098938,0.2725103199481964,-0.014987854287028313
1765156551.3826907,cf2,0.4188750684261322,0.6598970890045166,0.991518497467041,-0.4478873312473297,0.280626505613327,-0.016528934240341187
1765156551.3941596,cf1,0.07830865681171417,0.9124982357025146,0.9915737509727478,-0.5228704214096069,0.5136070847511292,0.04777395725250244
1765156551.3945234,cf1,0.07830865681171417,0.9124982357025146,0.9915737509727478,-0.5233360528945923,0.5155467987060547,0.054107099771499634
1765156551.4023547,cf2,0.4094301164150238,0.6655809283256531,0.9908653497695923,-0.4478873312473297,0.280626505613327,-0.016528934240341187
1765156551.4028223,cf2,0.4094301164150238,0.6655809283256531,0.9908653497695923,-0.44764313101768494,0.2867952287197113,-0.011818207800388336
1765156551.4140348,cf1,0.06718652695417404,0.9232521057128906,0.9924015998840332,-0.5233360528945923,0.5155467987060547,0.054107099771499634
1765156551.4143107,cf1,0.06718652695417404,0.9232521057128906,0.9924015998840332,-0.5235528349876404,0.5171880125999451,0.05338696390390396
1765156551.4234586,cf2,0.4005376696586609,0.6709915399551392,0.9905040860176086,-0.44764313101768494,0.2867952287197113,-0.011818207800388336
1765156551.4238331,cf2,0.4005376696586609,0.6709915399551392,0.9905040860176086,-0.44843119382858276,0.2940358817577362,-0.0020974758081138134
1765156551.4341507,cf1,0.05606846138834953,0.9340391159057617,0.9930881261825562,-0.5235528349876404,0.5171880125999451,0.05338696390390396
1765156551.4345458,cf1,0.05606846138834953,0.9340391159057617,0.9930881261825562,-0.5235746502876282,0.5185845494270325,0.04579642415046692
1765156551.442464,cf2,0.3899594843387604,0.6777769327163696,0.9902209043502808,-0.44843119382858276,0.2940358817577362,-0.0020974758081138134
1765156551.442827,cf2,0.3899594843387604,0.6777769327163696,0.9902209043502808,-0.45299139618873596,0.30390456318855286,0.01003221981227398
1765156551.4542751,cf1,0.04495706781744957,0.9448537230491638,0.9935237765312195,-0.5235746502876282,0.5185845494270325,0.04579642415046692
1765156551.4546196,cf1,0.04495706781744957,0.9448537230491638,0.9935237765312195,-0.5234417915344238,0.5197728872299194,0.032600220292806625
1765156551.4623778,cf2,0.38083115220069885,0.6836832761764526,0.9902839660644531,-0.45299139618873596,0.30390456318855286,0.01003221981227398
1765156551.462801,cf2,0.38083115220069885,0.6836832761764526,0.9902839660644531,-0.453451931476593,0.31022363901138306,0.022186366841197014
1765156551.474332,cf1,0.03385431319475174,0.9556917548179626,0.9936482310295105,-0.5234417915344238,0.5197728872299194,0.032600220292806625
1765156551.4746773,cf1,0.03385431319475174,0.9556917548179626,0.9936482310295105,-0.523185670375824,0.5207526087760925,0.015993939712643623
1765156551.482398,cf2,0.37123823165893555,0.6900303959846497,0.9905145168304443,-0.453451931476593,0.31022363901138306,0.022186366841197014
1765156551.4828413,cf2,0.37123823165893555,0.6900303959846497,0.9905145168304443,-0.4555102586746216,0.3174944519996643,0.032368242740631104
1765156551.4940317,cf1,0.022762194275856018,0.9665489792823792,0.9934751391410828,-0.523185670375824,0.5207526087760925,0.015993939712643623
1765156551.4943678,cf1,0.022762194275856018,0.9665489792823792,0.9934751391410828,-0.5228236317634583,0.5214836001396179,-0.0002460526884533465
1765156551.5024295,cf2,0.3615722954273224,0.69655442237854,0.9908372163772583,-0.4555102586746216,0.3174944519996643,0.032368242740631104
1765156551.502723,cf2,0.3615722954273224,0.69655442237854,0.9908372163772583,-0.45778292417526245,0.32475319504737854,0.03769254684448242
1765156551.5140584,cf1,0.011681752279400826,0.9774218797683716,0.9930956959724426,-0.5228236317634583,0.5214836001396179,-0.0002460526884533465
1765156551.5143511,cf1,0.011681752279400826,0.9774218797683716,0.9930956959724426,-0.5223893523216248,0.521947979927063,-0.012176267802715302
1765156551.5223253,cf2,0.35186049342155457,0.7032291293144226,0.9911434054374695,-0.45778292417526245,0.32475319504737854,0.03769254684448242
1765156551.5226588,cf2,0.35186049342155457,0.7032291293144226,0.9911434054374695,-0.4600350558757782,0.3318139612674713,0.03764548897743225
1765156551.5342054,cf1,0.0019406448118388653,0.9869838356971741,0.9927099943161011,-0.5223893523216248,0.521947979927063,-0.012176267802715302
1765156551.534558,cf1,0.0019406448118388653,0.9869838356971741,0.9927099943161011,-0.5164899826049805,0.5166753530502319,-0.017627939581871033
1765156551.5423281,cf2,0.34662267565727234,0.7067592144012451,0.9912170767784119,-0.4600350558757782,0.3318139612674713,0.03764548897743225
1765156551.5425928,cf2,0.34662267565727234,0.7067592144012451,0.9912170767784119,-0.45946067571640015,0.33392706513404846,0.03493833541870117
1765156551.5541084,cf1,-0.010340693406760693,0.9990978837013245,0.9922897815704346,-0.5164899826049805,0.5166753530502319,-0.017627939581871033
1765156551.5544648,cf1,-0.010340693406760693,0.9990978837013245,0.9922897815704346,-0.5181561708450317,0.5188131332397461,-0.015185733325779438
1765156551.5624464,cf2,0.3369359076023102,0.713586688041687,0.9912813305854797,-0.45946067571640015,0.33392706513404846,0.03493833541870117
1765156551.5629365,cf2,0.3369359076023102,0.713586688041687,0.9912813305854797,-0.4599452018737793,0.3397356867790222,0.02627752162516117
1765156551.57412,cf1,-0.021465441212058067,1.0100734233856201,0.9921488761901855,-0.5181561708450317,0.5188131332397461,-0.015185733325779438
1765156551.5744548,cf1,-0.021465441212058067,1.0100734233856201,0.9921488761901855,-0.5180454850196838,0.5188495516777039,-0.005321909207850695
1765156551.5823555,cf2,0.32716014981269836,0.7205815315246582,0.9911431670188904,-0.4599452018737793,0.3397356867790222,0.02627752162516117
1765156551.5826395,cf2,0.32716014981269836,0.7205815315246582,0.9911431670188904,-0.4620920419692993,0.3463302552700043,0.015455711632966995
1765156551.5941832,cf1,-0.029909495264291763,1.0184112787246704,0.992267906665802,-0.5180454850196838,0.5188495516777039,-0.005321909207850695
1765156551.5944571,cf1,-0.029909495264291763,1.0184112787246704,0.992267906665802,-0.5115971565246582,0.5121909976005554,0.010003553703427315
1765156551.6023157,cf2,0.3173183798789978,0.7277252674102783,0.9907954335212708,-0.4620920419692993,0.3463302552700043,0.015455711632966995
1765156551.6025696,cf2,0.3173183798789978,0.7277252674102783,0.9907954335212708,-0.4642510712146759,0.35278749465942383,0.004657088778913021
1765156551.6153316,cf1,-0.042115744203329086,1.0304447412490845,0.9927857518196106,-0.5115971565246582,0.5121909976005554,0.010003553703427315
1765156551.6155944,cf1,-0.042115744203329086,1.0304447412490845,0.9927857518196106,-0.5097436308860779,0.5098432898521423,0.026822850108146667
1765156551.6223593,cf2,0.30743691325187683,0.7349990010261536,0.9902898669242859,-0.4642510712146759,0.35278749465942383,0.004657088778913021
1765156551.6228194,cf2,0.30743691325187683,0.7349990010261536,0.9902898669242859,-0.46653181314468384,0.35922613739967346,-0.002759025665000081
1765156551.6336257,cf1,-0.05516945570707321,1.043379783630371,0.9936223030090332,-0.5097436308860779,0.5098432898521423,0.026822850108146667
1765156551.6339555,cf1,-0.05516945570707321,1.043379783630371,0.9936223030090332,-0.5134590864181519,0.5128710865974426,0.042131636291742325
1765156551.6423962,cf2,0.2972833216190338,0.7425841689109802,0.9896962642669678,-0.46653181314468384,0.35922613739967346,-0.002759025665000081
1765156551.6427195,cf2,0.2972833216190338,0.7425841689109802,0.9896962642669678,-0.4667186737060547,0.36443498730659485,-0.006184921134263277
1765156551.6534426,cf1,-0.06556518375873566,1.0536161661148071,0.9945590496063232,-0.5134590864181519,0.5128710865974426,0.042131636291742325
1765156551.6537938,cf1,-0.06556518375873566,1.0536161661148071,0.9945590496063232,-0.5092809796333313,0.5075693130493164,0.05173320323228836
1765156551.6634865,cf2,0.28598591685295105,0.7511705160140991,0.9890705943107605,-0.4667186737060547,0.36443498730659485,-0.006184921134263277
1765156551.6638625,cf2,0.28598591685295105,0.7511705160140991,0.9890705943107605,-0.4702577590942383,0.3719976246356964,-0.003857244271785021
1765156551.6732855,cf1,-0.07725334912538528,1.065122365951538,0.9956174492835999,-0.5092809796333313,0.5075693130493164,0.05173320323228836
1765156551.6736007,cf1,-0.07725334912538528,1.065122365951538,0.9956174492835999,-0.512525737285614,0.5094624757766724,0.056821610778570175
1765156551.6839201,cf2,0.2762289345264435,0.7586629390716553,0.9886992573738098,-0.4702577590942383,0.3719976246356964,-0.003857244271785021
1765156551.6842039,cf2,0.2762289345264435,0.7586629390716553,0.9886992573738098,-0.4697040021419525,0.3758605718612671,0.003600841388106346
1765156551.6934335,cf1,-0.08838438987731934,1.0760499238967896,0.9964821338653564,-0.512525737285614,0.5094624757766724,0.056821610778570175
1765156551.6938243,cf1,-0.08838438987731934,1.0760499238967896,0.9964821338653564,-0.5145052075386047,0.50983065366745,0.05185394734144211
1765156551.7035363,cf2,0.26615220308303833,0.7665055394172668,0.9885280132293701,-0.4697040021419525,0.3758605718612671,0.003600841388106346
1765156551.7040868,cf2,0.26615220308303833,0.7665055394172668,0.9885280132293701,-0.4704630374908447,0.38063475489616394,0.014683617278933525
1765156551.713613,cf1,-0.09621337056159973,1.0836869478225708,0.9968351125717163,-0.5145052075386047,0.50983065366745,0.05185394734144211
1765156551.7140362,cf1,-0.09621337056159973,1.0836869478225708,0.9968351125717163,-0.5058080554008484,0.49934327602386475,0.03610542416572571
1765156551.7234588,cf2,0.25568294525146484,0.7747611999511719,0.9885928630828857,-0.4704630374908447,0.38063475489616394,0.014683617278933525
1765156551.7237895,cf2,0.25568294525146484,0.7747611999511719,0.9885928630828857,-0.4743582308292389,0.3878047466278076,0.02728395164012909
1765156551.7334847,cf1,-0.10776633769273758,1.0949848890304565,0.9971473217010498,-0.5058080554008484,0.49934327602386475,0.03610542416572571
1765156551.7337182,cf1,-0.10776633769273758,1.0949848890304565,0.9971473217010498,-0.5059626698493958,0.49755457043647766,0.01735527068376541
1765156551.743253,cf2,0.24574583768844604,0.7826804518699646,0.9888829588890076,-0.4743582308292389,0.3878047466278076,0.02728395164012909
1765156551.7434716,cf2,0.24574583768844604,0.7826804518699646,0.9888829588890076,-0.4742404520511627,0.3915274739265442,0.03806961327791214
1765156551.753323,cf1,-0.12153995037078857,1.1084260940551758,0.9970225691795349,-0.5059626698493958,0.49755457043647766,0.01735527068376541
1765156551.7535732,cf1,-0.12153995037078857,1.1084260940551758,0.9970225691795349,-0.5137532949447632,0.5030701756477356,-0.0024977829307317734
1765156551.7633364,cf2,0.23516717553138733,0.7912114858627319,0.9893286228179932,-0.4742404520511627,0.3915274739265442,0.03806961327791214
1765156551.7636442,cf2,0.23516717553138733,0.7912114858627319,0.9893286228179932,-0.4781992733478546,0.3985040485858917,0.04642290249466896
1765156551.773316,cf1,-0.1295975297689438,1.1162232160568237,0.9966452121734619,-0.5137532949447632,0.5030701756477356,-0.0024977829307317734
1765156551.7736874,cf1,-0.1295975297689438,1.1162232160568237,0.9966452121734619,-0.5059496164321899,0.49291402101516724,-0.01844804733991623
1765156551.7836227,cf2,0.22601750493049622,0.7986334562301636,0.9897599816322327,-0.4781992733478546,0.3985040485858917,0.04642290249466896
1765156551.7839637,cf2,0.22601750493049622,0.7986334562301636,0.9897599816322327,-0.47669774293899536,0.40068551898002625,0.04771413281559944
1765156551.7935188,cf1,-0.14058582484722137,1.1268539428710938,0.9960936903953552,-0.5059496164321899,0.49291402101516724,-0.01844804733991623
1765156551.7938774,cf1,-0.14058582484722137,1.1268539428710938,0.9960936903953552,-0.5080791115760803,0.4923116862773895,-0.025484593585133553
1765156551.8036766,cf2,0.21599993109703064,0.8068472743034363,0.9901859760284424,-0.47669774293899536,0.40068551898002625,0.04771413281559944
1765156551.804025,cf2,0.21599993109703064,0.8068472743034363,0.9901859760284424,-0.47883912920951843,0.4058004319667816,0.045061200857162476
1765156551.8130941,cf1,-0.1517866551876068,1.1376417875289917,0.9955601096153259,-0.5080791115760803,0.4923116862773895,-0.025484593585133553
1765156551.813416,cf1,-0.1517866551876068,1.1376417875289917,0.9955601096153259,-0.5106713175773621,0.49189645051956177,-0.02512701414525509
1765156551.8235464,cf2,0.2055828869342804,0.8154652118682861,0.9904981851577759,-0.47883912920951843,0.4058004319667816,0.045061200857162476
1765156551.8237944,cf2,0.2055828869342804,0.8154652118682861,0.9904981851577759,-0.481942743062973,0.4116332530975342,0.038237035274505615
1765156551.8330376,cf1,-0.16302615404129028,1.1484081745147705,0.9952414631843567,-0.5106713175773621,0.49189645051956177,-0.02512701414525509
1765156551.8336759,cf1,-0.16302615404129028,1.1484081745147705,0.9952414631843567,-0.5131287574768066,0.4910583794116974,-0.014411404728889465
1765156551.8437164,cf2,0.19510148465633392,0.8242049217224121,0.9906105399131775,-0.481942743062973,0.4116332530975342,0.038237035274505615
1765156551.8440166,cf2,0.19510148465633392,0.8242049217224121,0.9906105399131775,-0.48497530817985535,0.4172861874103546,0.027137406170368195
1765156551.853321,cf1,-0.17429599165916443,1.1591376066207886,0.99524986743927,-0.5131287574768066,0.4910583794116974,-0.014411404728889465
1765156551.8536773,cf1,-0.17429599165916443,1.1591376066207886,0.99524986743927,-0.5156441926956177,0.48998576402664185,0.0021222319919615984
1765156551.8635266,cf2,0.18458165228366852,0.8330410718917847,0.9905004501342773,-0.48497530817985535,0.4172861874103546,0.027137406170368195
1765156551.8637822,cf2,0.18458165228366852,0.8330410718917847,0.9905004501342773,-0.487760990858078,0.42258167266845703,0.014935251325368881
1765156551.8731387,cf1,-0.18560151755809784,1.169828176498413,0.9956151843070984,-0.5156441926956177,0.48998576402664185,0.0021222319919615984
1765156551.873394,cf1,-0.18560151755809784,1.169828176498413,0.9956151843070984,-0.5181306600570679,0.48864442110061646,0.01885995641350746
1765156551.8833578,cf2,0.17402596771717072,0.8419689536094666,0.9901946783065796,-0.487760990858078,0.42258167266845703,0.014935251325368881
1765156551.8838208,cf2,0.17402596771717072,0.8419689536094666,0.9901946783065796,-0.4903522729873657,0.4275498390197754,0.0037218460347503424
1765156551.8935986,cf1,-0.19693562388420105,1.1804689168930054,0.9963015913963318,-0.5181306600570679,0.48864442110061646,0.01885995641350746
1765156551.8939538,cf1,-0.19693562388420105,1.1804689168930054,0.9963015913963318,-0.5203553438186646,0.48685580492019653,0.03324132040143013
1765156551.903707,cf2,0.16343781352043152,0.8509843349456787,0.9897693395614624,-0.4903522729873657,0.4275498390197754,0.0037218460347503424
1765156551.904039,cf2,0.16343781352043152,0.8509843349456787,0.9897693395614624,-0.4926683008670807,0.4321281909942627,-0.004058763384819031
1765156551.913233,cf1,-0.208290234208107,1.1910486221313477,0.9972012042999268,-0.5203553438186646,0.48685580492019653,0.03324132040143013
1765156551.9137313,cf1,-0.208290234208107,1.1910486221313477,0.9972012042999268,-0.5222129225730896,0.4845469892024994,0.04137888550758362
1765156551.923726,cf2,0.152821883559227,0.8600820899009705,0.9893308877944946,-0.4926683008670807,0.4321281909942627,-0.004058763384819031
1765156551.9241152,cf2,0.152821883559227,0.8600820899009705,0.9893308877944946,-0.49463894963264465,0.436271071434021,-0.0067316386848688126
1765156551.9334314,cf1,-0.21965312957763672,1.201554298400879,0.9981622695922852,-0.5222129225730896,0.4845469892024994,0.04137888550758362
1765156551.9338584,cf1,-0.21965312957763672,1.201554298400879,0.9981622695922852,-0.5235100388526917,0.48156580328941345,0.04113811254501343
1765156551.9435549,cf2,0.14319869875907898,0.868407666683197,0.9889919757843018,-0.49463894963264465,0.436271071434021,-0.0067316386848688126
1765156551.9438827,cf2,0.14319869875907898,0.868407666683197,0.9889919757843018,-0.4962443709373474,0.43994906544685364,-0.003978665918111801
1765156551.9531486,cf1,-0.2316868156194687,1.212590217590332,0.9991205334663391,-0.5235100388526917,0.48156580328941345,0.04113811254501343
1765156551.9534764,cf1,-0.2316868156194687,1.212590217590332,0.9991205334663391,-0.5240736603736877,0.47777095437049866,0.03293129429221153
1765156551.9634905,cf2,0.1325439214706421,0.8776454329490662,0.9888202548027039,-0.4962443709373474,0.43994906544685364,-0.003978665918111801
1765156551.963818,cf2,0.1325439214706421,0.8776454329490662,0.9888202548027039,-0.49746841192245483,0.44315239787101746,0.004205638077110052
1765156551.973664,cf1,-0.24302631616592407,1.2229019403457642,0.9997642040252686,-0.5240736603736877,0.47777095437049866,0.03293129429221153
1765156551.9740033,cf1,-0.24302631616592407,1.2229019403457642,0.9997642040252686,-0.5238302946090698,0.4730948209762573,0.017973924055695534
1765156551.9836843,cf2,0.1218779981136322,0.8869458436965942,0.9889072775840759,-0.49746841192245483,0.44315239787101746,0.004205638077110052
1765156551.9840307,cf2,0.1218779981136322,0.8869458436965942,0.9889072775840759,-0.4983891248703003,0.44593891501426697,0.015591438859701157
1765156551.9934142,cf1,-0.2536413371562958,1.2324836254119873,1.0000284910202026,-0.5238302946090698,0.4730948209762573,0.017973924055695534
1765156551.9937873,cf1,-0.2536413371562958,1.2324836254119873,1.0000284910202026,-0.5227547287940979,0.46750012040138245,-0.0005475084180943668
1765156552.0034924,cf2,0.11120884120464325,0.8962990641593933,0.9892671704292297,-0.4983891248703003,0.44593891501426697,0.015591438859701157
1765156552.003848,cf2,0.11120884120464325,0.8962990641593933,0.9892671704292297,-0.4989872872829437,0.44829246401786804,0.028207970783114433
1765156552.0134346,cf1,-0.2648918330669403,1.2425503730773926,1.000085711479187,-0.5227547287940979,0.46750012040138245,-0.0005475084180943668
1765156552.0137262,cf1,-0.2648918330669403,1.2425503730773926,1.000085711479187,-0.5208792090415955,0.4609867036342621,-0.018985817208886147
1765156552.0233643,cf2,0.10054077208042145,0.9056979417800903,0.9898696541786194,-0.4989872872829437,0.44829246401786804,0.028207970783114433
1765156552.023728,cf2,0.10054077208042145,0.9056979417800903,0.9898696541786194,-0.49732112884521484,0.4485759139060974,0.039356641471385956
1765156552.0333333,cf1,-0.27608010172843933,1.2524677515029907,0.9999405741691589,-0.5208792090415955,0.4609867036342621,-0.018985817208886147
1765156552.0336785,cf1,-0.27608010172843933,1.2524677515029907,0.9999405741691589,-0.5182339549064636,0.4535899758338928,-0.03257424011826515
1765156552.0434413,cf2,0.08987442404031754,0.9151379466056824,0.9906370043754578,-0.49732112884521484,0.4485759139060974,0.039356641471385956
1765156552.0437632,cf2,0.08987442404031754,0.9151379466056824,0.9906370043754578,-0.4976106882095337,0.45040372014045715,0.04724014177918434
1765156552.0533586,cf1,-0.28719305992126465,1.2622159719467163,0.9997545480728149,-0.5182339549064636,0.4535899758338928,-0.03257424011826515
1765156552.0536113,cf1,-0.28719305992126465,1.2622159719467163,0.9997545480728149,-0.514960765838623,0.44545412063598633,-0.037466537207365036
1765156552.0637162,cf2,0.07921124249696732,0.9246137738227844,0.9914658665657043,-0.4976106882095337,0.45040372014045715,0.04724014177918434
1765156552.0639431,cf2,0.07921124249696732,0.9246137738227844,0.9914658665657043,-0.4977913498878479,0.45205843448638916,0.04988880455493927
1765156552.0731456,cf1,-0.298218697309494,1.2717761993408203,0.999718427658081,-0.514960765838623,0.44545412063598633,-0.037466537207365036
1765156552.0734925,cf1,-0.298218697309494,1.2717761993408203,0.999718427658081,-0.5112208127975464,0.4367308020591736,-0.03222590684890747
1765156552.0833962,cf2,0.06855442374944687,0.934119462966919,0.9922345280647278,-0.4977913498878479,0.45205843448638916,0.04988880455493927
1765156552.083642,cf2,0.06855442374944687,0.934119462966919,0.9922345280647278,-0.4999016523361206,0.45530274510383606,0.04686031490564346
1765156552.0931873,cf1,-0.3098338842391968,1.281704068183899,0.9999182224273682,-0.5112208127975464,0.4367308020591736,-0.03222590684890747
1765156552.0937684,cf1,-0.3098338842391968,1.281704068183899,0.9999182224273682,-0.5097365379333496,0.429669588804245,-0.01929517835378647
1765156552.103437,cf2,0.05790572240948677,0.9436502456665039,0.9928417801856995,-0.4999016523361206,0.45530274510383606,0.04686031490564346
1765156552.1036847,cf2,0.05790572240948677,0.9436502456665039,0.9928417801856995,-0.49780115485191345,0.45481446385383606,0.03823833167552948
1765156552.1133747,cf1,-0.32065728306770325,1.2908334732055664,1.000572681427002,-0.5097365379333496,0.429669588804245,-0.01929517835378647
1765156552.113691,cf1,-0.32065728306770325,1.2908334732055664,1.000572681427002,-0.5029463171958923,0.41808438301086426,-0.0008406969718635082
1765156552.123488,cf2,0.04726410284638405,0.9532038569450378,0.9932126998901367,-0.49780115485191345,0.45481446385383606,0.03823833167552948
1765156552.1237683,cf2,0.04726410284638405,0.9532038569450378,0.9932126998901367,-0.4998003840446472,0.4577871561050415,0.02613043785095215
1765156552.1330264,cf1,-0.3313765823841095,1.299743413925171,1.0016127824783325,-0.5029463171958923,0.41808438301086426,-0.0008406969718635082
1765156552.133728,cf1,-0.3313765823841095,1.299743413925171,1.0016127824783325,-0.501183032989502,0.41038867831230164,0.018177971243858337
1765156552.143448,cf2,0.03663014993071556,0.9627768993377686,0.9933289885520935,-0.4998003840446472,0.4577871561050415,0.02613043785095215
1765156552.1437876,cf2,0.03663014993071556,0.9627768993377686,0.9933289885520935,-0.4976658225059509,0.4569736421108246,0.01227850653231144
1765156552.1533136,cf1,-0.3419959247112274,1.3084361553192139,1.0029515027999878,-0.501183032989502,0.41038867831230164,0.018177971243858337
1765156552.1539023,cf1,-0.3419959247112274,1.3084361553192139,1.0029515027999878,-0.49687108397483826,0.40050727128982544,0.03376080095767975
1765156552.1637053,cf2,0.026005273684859276,0.9723653197288513,0.9932335615158081,-0.4976658225059509,0.4569736421108246,0.01227850653231144
1765156552.1640506,cf2,0.026005273684859276,0.9723653197288513,0.9932335615158081,-0.4975212812423706,0.45770227909088135,0.0005065539735369384
1765156552.1733313,cf1,-0.35251712799072266,1.3169176578521729,1.0044301748275757,-0.49687108397483826,0.40050727128982544,0.03376080095767975
1765156552.1737266,cf1,-0.35251712799072266,1.3169176578521729,1.0044301748275757,-0.49250251054763794,0.3905138671398163,0.04231833666563034
1765156552.1836164,cf2,0.01539014931768179,0.9819653630256653,0.9930309653282166,-0.4975212812423706,0.45770227909088135,0.0005065539735369384
1765156552.1839375,cf2,0.01539014931768179,0.9819653630256653,0.9930309653282166,-0.49732068181037903,0.4581717252731323,-0.006186221726238728
1765156552.1935725,cf1,-0.3629423677921295,1.325194239616394,1.0058743953704834,-0.49250251054763794,0.3905138671398163,0.04231833666563034
1765156552.193907,cf1,-0.3629423677921295,1.325194239616394,1.0058743953704834,-0.4881269633769989,0.38045498728752136,0.04295479878783226
1765156552.203495,cf2,0.0047844271175563335,0.9915732145309448,0.9928584694862366,-0.49732068181037903,0.4581717252731323,-0.006186221726238728
1765156552.2041247,cf2,0.0047844271175563335,0.9915732145309448,0.9928584694862366,-0.497103750705719,0.4583814740180969,-0.0059400564059615135
1765156552.2141597,cf1,-0.37337902188301086,1.3333497047424316,1.007110595703125,-0.4881269633769989,0.38045498728752136,0.04295479878783226
1765156552.2145174,cf1,-0.37337902188301086,1.3333497047424316,1.007110595703125,-0.4796038866043091,0.3668884038925171,0.03276444599032402
1765156552.223388,cf2,-0.0054810247384011745,1.0008800029754639,0.9928692579269409,-0.497103750705719,0.4583814740180969,-0.0059400564059615135
1765156552.2237072,cf2,-0.0054810247384011745,1.0008800029754639,0.9928692579269409,-0.49323570728302,0.45496317744255066,0.0013417480513453484
1765156552.234264,cf1,-0.3835107684135437,1.3411487340927124,1.0079545974731445,-0.4796038866043091,0.3668884038925171,0.03276444599032402
1765156552.2345886,cf1,-0.3835107684135437,1.3411487340927124,1.0079545974731445,-0.4753643572330475,0.35682812333106995,0.016643410548567772
1765156552.243731,cf2,-0.01511006336659193,1.0096073150634766,0.9931339025497437,-0.49323570728302,0.45496317744255066,0.0013417480513453484
1765156552.2440782,cf2,-0.01511006336659193,1.0096073150634766,0.9931339025497437,-0.488940954208374,0.4508436322212219,0.014250240288674831
1765156552.254012,cf1,-0.39367154240608215,1.348848819732666,1.008364200592041,-0.4753643572330475,0.35682812333106995,0.016643410548567772
1765156552.2544014,cf1,-0.39367154240608215,1.348848819732666,1.008364200592041,-0.4713641405105591,0.34686368703842163,-0.003958516754209995
1765156552.2632716,cf2,-0.026876255869865417,1.0202980041503906,0.9937620162963867,-0.488940954208374,0.4508436322212219,0.014250240288674831
1765156552.2636278,cf2,-0.026876255869865417,1.0202980041503906,0.9937620162963867,-0.4910307228565216,0.45238709449768066,0.030284620821475983
1765156552.2734718,cf1,-0.40422841906547546,1.3567086458206177,1.0083341598510742,-0.4713641405105591,0.34686368703842163,-0.003958516754209995
1765156552.2739248,cf1,-0.40422841906547546,1.3567086458206177,1.0083341598510742,-0.46978291869163513,0.33804190158843994,-0.02460421249270439
1765156552.2824547,cf2,-0.03777439519762993,1.0301834344863892,0.9946956038475037,-0.4910307228565216,0.45238709449768066,0.030284620821475983
1765156552.2828674,cf2,-0.03777439519762993,1.0301834344863892,0.9946956038475037,-0.4903305768966675,0.4510144889354706,0.04635690152645111
1765156552.2932916,cf1,-0.4137810468673706,1.363701343536377,1.0079741477966309,-0.46978291869163513,0.33804190158843994,-0.02460421249270439
1765156552.29373,cf1,-0.4137810468673706,1.363701343536377,1.0079741477966309,-0.4648904502391815,0.32723596692085266,-0.039590105414390564
1765156552.3023856,cf2,-0.04627398028969765,1.0378862619400024,0.9956022500991821,-0.4903305768966675,0.4510144889354706,0.04635690152645111
1765156552.3026633,cf2,-0.04627398028969765,1.0378862619400024,0.9956022500991821,-0.4852602481842041,0.4453492760658264,0.057842712849378586
1765156552.3138146,cf1,-0.42370203137397766,1.3708219528198242,1.0074867010116577,-0.4648904502391815,0.32723596692085266,-0.039590105414390564
1765156552.3140514,cf1,-0.42370203137397766,1.3708219528198242,1.0074867010116577,-0.46201348304748535,0.3177616000175476,-0.046256959438323975
1765156552.3222978,cf2,-0.05917242914438248,1.049569845199585,0.9971023797988892,-0.4852602481842041,0.4453492760658264,0.057842712849378586
1765156552.3226452,cf2,-0.05917242914438248,1.049569845199585,0.9971023797988892,-0.48804599046707153,0.44677263498306274,0.06398115307092667
1765156552.333701,cf1,-0.4335917532444,1.3777658939361572,1.0070703029632568,-0.46201348304748535,0.3177616000175476,-0.046256959438323975
1765156552.3339915,cf1,-0.4335917532444,1.3777658939361572,1.0070703029632568,-0.4596101641654968,0.30851590633392334,-0.043253250420093536
1765156552.3423967,cf2,-0.06805553287267685,1.0575393438339233,0.9980300068855286,-0.48804599046707153,0.44677263498306274,0.06398115307092667
1765156552.342855,cf2,-0.06805553287267685,1.0575393438339233,0.9980300068855286,-0.4844202697277069,0.44210222363471985,0.05944131314754486
1765156552.353532,cf1,-0.4434293806552887,1.3845081329345703,1.0069019794464111,-0.4596101641654968,0.30851590633392334,-0.043253250420093536
1765156552.3538992,cf1,-0.4434293806552887,1.3845081329345703,1.0069019794464111,-0.4575131833553314,0.2993694245815277,-0.031436458230018616
1765156552.3623602,cf2,-0.08036516606807709,1.0686554908752441,0.999203622341156,-0.4844202697277069,0.44210222363471985,0.05944131314754486
1765156552.362784,cf2,-0.08036516606807709,1.0686554908752441,0.999203622341156,-0.4873693287372589,0.44336071610450745,0.05016634240746498
1765156552.373469,cf1,-0.4532192349433899,1.3910449743270874,1.0070736408233643,-0.4575131833553314,0.2993694245815277,-0.031436458230018616
1765156552.3739183,cf1,-0.4532192349433899,1.3910449743270874,1.0070736408233643,-0.4556943476200104,0.29028594493865967,-0.014584774151444435
1765156552.38234,cf2,-0.09051695466041565,1.0777381658554077,0.9997194409370422,-0.4873693287372589,0.44336071610450745,0.05016634240746498
1765156552.382809,cf2,-0.09051695466041565,1.0777381658554077,0.9997194409370422,-0.48878517746925354,0.44303300976753235,0.03464433550834656
1765156552.3943048,cf1,-0.463064044713974,1.397433876991272,1.0075879096984863,-0.4556943476200104,0.29028594493865967,-0.014584774151444435
1765156552.3946366,cf1,-0.463064044713974,1.397433876991272,1.0075879096984863,-0.4527986943721771,0.27997681498527527,0.0033991397358477116
1765156552.4034255,cf2,-0.10106275230646133,1.087173581123352,0.999961793422699,-0.48878517746925354,0.44303300976753235,0.03464433550834656
1765156552.4037058,cf2,-0.10106275230646133,1.087173581123352,0.999961793422699,-0.4856348931789398,0.4382990598678589,0.014583257026970387
1765156552.4142764,cf1,-0.47266557812690735,1.4034923315048218,1.008339762687683,-0.4527986943721771,0.27997681498527527,0.0033991397358477116
1765156552.4145136,cf1,-0.47266557812690735,1.4034923315048218,1.008339762687683,-0.45102694630622864,0.2706539034843445,0.016908101737499237
1765156552.4222865,cf2,-0.11247485131025314,1.0973747968673706,0.9999196529388428,-0.4856348931789398,0.4382990598678589,0.014583257026970387
1765156552.4225247,cf2,-0.11247485131025314,1.0973747968673706,0.9999196529388428,-0.48823311924934387,0.4386424422264099,-0.0032484778203070164
1765156552.434083,cf1,-0.4823341369628906,1.4094167947769165,1.009209156036377,-0.45102694630622864,0.2706539034843445,0.016908101737499237
1765156552.4344122,cf1,-0.4823341369628906,1.4094167947769165,1.009209156036377,-0.44960808753967285,0.2613876163959503,0.02407316491007805
1765156552.4425814,cf2,-0.12301736325025558,1.106738805770874,0.9996239542961121,-0.48823311924934387,0.4386424422264099,-0.0032484778203070164
1765156552.4428716,cf2,-0.12301736325025558,1.106738805770874,0.9996239542961121,-0.4869078993797302,0.435221403837204,-0.015368104912340641
1765156552.4541883,cf1,-0.49197009205818176,1.4151458740234375,1.0100315809249878,-0.44960808753967285,0.2613876163959503,0.02407316491007805
1765156552.4545443,cf1,-0.49197009205818176,1.4151458740234375,1.0100315809249878,-0.4481259286403656,0.2518756091594696,0.023181818425655365
1765156552.462412,cf2,-0.13366325199604034,1.1161552667617798,0.9993274211883545,-0.4869078993797302,0.435221403837204,-0.015368104912340641
1765156552.4627745,cf2,-0.13366325199604034,1.1161552667617798,0.9993274211883545,-0.4901009798049927,0.43579432368278503,-0.018237918615341187
1765156552.4741106,cf1,-0.5015652775764465,1.4206769466400146,1.010645866394043,-0.4481259286403656,0.2518756091594696,0.023181818425655365
1765156552.4744346,cf1,-0.5015652775764465,1.4206769466400146,1.010645866394043,-0.446512907743454,0.24205942451953888,0.014299246482551098
1765156552.4823337,cf2,-0.14431266486644745,1.125528335571289,0.9992233514785767,-0.4901009798049927,0.43579432368278503,-0.018237918615341187
1765156552.482679,cf2,-0.14431266486644745,1.125528335571289,0.9992233514785767,-0.4908079206943512,0.43390193581581116,-0.011975553818047047
1765156552.494133,cf1,-0.5066785216331482,1.4236499071121216,1.0107510089874268,-0.446512907743454,0.24205942451953888,0.014299246482551098
1765156552.494503,cf1,-0.5066785216331482,1.4236499071121216,1.0107510089874268,-0.44473081827163696,0.23189528286457062,-0.0006692055612802505
1765156552.502326,cf2,-0.15495455265045166,1.1348416805267334,0.9994611740112305,-0.4908079206943512,0.43390193581581116,-0.011975553818047047
1765156552.5028043,cf2,-0.15495455265045166,1.1348416805267334,0.9994611740112305,-0.48888760805130005,0.4294482469558716,0.002124445978552103
1765156552.5140648,cf1,-0.5206237435340881,1.4311388731002808,1.0108696222305298,-0.44473081827163696,0.23189528286457062,-0.0006692055612802505
1765156552.5144064,cf1,-0.5206237435340881,1.4311388731002808,1.0108696222305298,-0.4427192509174347,0.22133797407150269,-0.01849677413702011
1765156552.5223567,cf2,-0.16558194160461426,1.1440842151641846,1.0000990629196167,-0.48888760805130005,0.4294482469558716,0.002124445978552103
1765156552.5226312,cf2,-0.16558194160461426,1.1440842151641846,1.0000990629196167,-0.4912802278995514,0.4286661148071289,0.0188175980001688
1765156552.5340223,cf1,-0.5294761657714844,1.4357537031173706,1.0104854106903076,-0.4427192509174347,0.22133797407150269,-0.01849677413702011
1765156552.5342455,cf1,-0.5294761657714844,1.4357537031173706,1.0104854106903076,-0.43588897585868835,0.20819661021232605,-0.035061150789260864
1765156552.542362,cf2,-0.17551539838314056,1.1526612043380737,1.0010478496551514,-0.4912802278995514,0.4286661148071289,0.0188175980001688
1765156552.542707,cf2,-0.17551539838314056,1.1526612043380737,1.0010478496551514,-0.48594412207603455,0.42090675234794617,0.03343070298433304
1765156552.5541394,cf1,-0.5394054055213928,1.4407124519348145,1.0098862648010254,-0.43588897585868835,0.20819661021232605,-0.035061150789260864
1765156552.5543914,cf1,-0.5394054055213928,1.4407124519348145,1.0098862648010254,-0.4351881444454193,0.1977536529302597,-0.04553897678852081
1765156552.562311,cf2,-0.1866755336523056,1.1622408628463745,1.0023213624954224,-0.48594412207603455,0.42090675234794617,0.03343070298433304
1765156552.5628104,cf2,-0.1866755336523056,1.1622408628463745,1.0023213624954224,-0.4869993031024933,0.41857725381851196,0.04489962011575699
1765156552.574146,cf1,-0.5460178256034851,1.4439390897750854,1.0094987154006958,-0.4351881444454193,0.1977536529302597,-0.04553897678852081
1765156552.5744834,cf1,-0.5460178256034851,1.4439390897750854,1.0094987154006958,-0.4238373637199402,0.1825895607471466,-0.04634933918714523
1765156552.582284,cf2,-0.19413408637046814,1.1685906648635864,1.003274917602539,-0.4869993031024933,0.41857725381851196,0.04489962011575699
1765156552.5826328,cf2,-0.19413408637046814,1.1685906648635864,1.003274917602539,-0.4758129119873047,0.4056542217731476,0.047730281949043274
1765156552.5941598,cf1,-0.5530890822410583,1.4472652673721313,1.0091959238052368,-0.4238373637199402,0.1825895607471466,-0.04634933918714523
1765156552.5944092,cf1,-0.5530890822410583,1.4472652673721313,1.0091959238052368,-0.4247792065143585,0.17752449214458466,-0.0435728095471859
1765156552.6023605,cf2,-0.20745843648910522,1.1798814535140991,1.0048896074295044,-0.4758129119873047,0.4056542217731476,0.047730281949043274
1765156552.6028106,cf2,-0.20745843648910522,1.1798814535140991,1.0048896074295044,-0.48005154728889465,0.405854195356369,0.04617585986852646
1765156552.6142542,cf1,-0.5620434880256653,1.4511663913726807,1.0088870525360107,-0.4247792065143585,0.17752449214458466,-0.0435728095471859
1765156552.614616,cf1,-0.5620434880256653,1.4511663913726807,1.0088870525360107,-0.42298272252082825,0.1655937284231186,-0.0325152762234211
1765156552.6223824,cf2,-0.21560609340667725,1.1867278814315796,1.0056684017181396,-0.48005154728889465,0.405854195356369,0.04617585986852646
1765156552.622756,cf2,-0.21560609340667725,1.1867278814315796,1.0056684017181396,-0.4702966511249542,0.39409109950065613,0.03417114168405533
1765156552.634054,cf1,-0.5721407532691956,1.4553844928741455,1.0089648962020874,-0.42298272252082825,0.1655937284231186,-0.0325152762234211
1765156552.6343825,cf1,-0.5721407532691956,1.4553844928741455,1.0089648962020874,-0.42063623666763306,0.15389810502529144,-0.016859769821166992
1765156552.6434987,cf2,-0.22581472992897034,1.1952521800994873,1.0064295530319214,-0.4702966511249542,0.39409109950065613,0.03417114168405533
1765156552.6438236,cf2,-0.22581472992897034,1.1952521800994873,1.0064295530319214,-0.46597543358802795,0.38686713576316833,0.019634271040558815
1765156552.654093,cf1,-0.5803620219230652,1.4585323333740234,1.0092381238937378,-0.42063623666763306,0.15389810502529144,-0.016859769821166992
1765156552.654424,cf1,-0.5803620219230652,1.4585323333740234,1.0092381238937378,-0.4184449017047882,0.14214669167995453,0.000645436521153897
1765156552.6623347,cf2,-0.23906822502613068,1.206221580505371,1.0070228576660156,-0.46597543358802795,0.38686713576316833,0.019634271040558815
1765156552.6626863,cf2,-0.23906822502613068,1.206221580505371,1.0070228576660156,-0.46825242042541504,0.3846476972103119,0.0025208666920661926
1765156552.6741493,cf1,-0.5894254446029663,1.4618109464645386,1.0098295211791992,-0.4184449017047882,0.14214669167995453,0.000645436521153897
1765156552.6744893,cf1,-0.5894254446029663,1.4618109464645386,1.0098295211791992,-0.4166053831577301,0.1303166002035141,0.01547068078070879
1765156552.6823065,cf2,-0.24889594316482544,1.2142841815948486,1.007111668586731,-0.46825242042541504,0.3846476972103119,0.0025208666920661926
1765156552.6826518,cf2,-0.24889594316482544,1.2142841815948486,1.007111668586731,-0.46517413854599,0.37831464409828186,-0.010481052100658417
1765156552.6940844,cf1,-0.5984440445899963,1.4648237228393555,1.010587215423584,-0.4166053831577301,0.1303166002035141,0.01547068078070879
1765156552.6943061,cf1,-0.5984440445899963,1.4648237228393555,1.010587215423584,-0.4149007499217987,0.11825596541166306,0.025229791179299355
1765156552.7023404,cf2,-0.2590642273426056,1.2225584983825684,1.0070830583572388,-0.46517413854599,0.37831464409828186,-0.010481052100658417
1765156552.702583,cf2,-0.2590642273426056,1.2225584983825684,1.0070830583572388,-0.46365609765052795,0.3731881380081177,-0.017231516540050507
1765156552.7141018,cf1,-0.6074165105819702,1.467573881149292,1.0113651752471924,-0.4149007499217987,0.11825596541166306,0.025229791179299355
1765156552.7144523,cf1,-0.6074165105819702,1.467573881149292,1.0113651752471924,-0.41313406825065613,0.10595408827066422,0.0273769348859787
1765156552.7223427,cf2,-0.26921194791793823,1.2307400703430176,1.0070834159851074,-0.46365609765052795,0.3731881380081177,-0.017231516540050507
1765156552.7227068,cf2,-0.26921194791793823,1.2307400703430176,1.0070834159851074,-0.4623463451862335,0.3681510090827942,-0.017403874546289444
1765156552.7342646,cf1,-0.6163400411605835,1.4700671434402466,1.012005090713501,-0.41313406825065613,0.10595408827066422,0.0273769348859787
1765156552.7346706,cf1,-0.6163400411605835,1.4700671434402466,1.012005090713501,-0.41118794679641724,0.09340892732143402,0.021614324301481247
1765156552.7434487,cf2,-0.2748138904571533,1.2352392673492432,1.0072442293167114,-0.4623463451862335,0.3681510090827942,-0.017403874546289444
1765156552.7438097,cf2,-0.2748138904571533,1.2352392673492432,1.0072442293167114,-0.4596877992153168,0.3617094159126282,-0.010423444211483002
1765156552.7543306,cf1,-0.6252107620239258,1.4723073244094849,1.0123745203018188,-0.41118794679641724,0.09340892732143402,0.021614324301481247
1765156552.7545726,cf1,-0.6252107620239258,1.4723073244094849,1.0123745203018188,-0.40897104144096375,0.08058817684650421,0.008851123042404652
1765156552.76327,cf2,-0.28934723138809204,1.2467204332351685,1.0076707601547241,-0.4596877992153168,0.3617094159126282,-0.010423444211483002
1765156552.7636046,cf2,-0.28934723138809204,1.2467204332351685,1.0076707601547241,-0.45797327160835266,0.35608038306236267,0.0005387347191572189
1765156552.7740479,cf1,-0.6340240836143494,1.4742953777313232,1.0123775005340576,-0.40897104144096375,0.08058817684650421,0.008851123042404652
1765156552.7743065,cf1,-0.6340240836143494,1.4742953777313232,1.0123775005340576,-0.4063864052295685,0.0674896165728569,-0.009260634891688824
1765156552.7839665,cf2,-0.299337774515152,1.2545139789581299,1.008347511291504,-0.45797327160835266,0.35608038306236267,0.0005387347191572189
1765156552.7843127,cf2,-0.299337774515152,1.2545139789581299,1.008347511291504,-0.45650410652160645,0.3504609763622284,0.013053804636001587
1765156552.7940052,cf1,-0.642772376537323,1.476029634475708,1.011985182762146,-0.4063864052295685,0.0674896165728569,-0.009260634891688824
1765156552.7942553,cf1,-0.642772376537323,1.476029634475708,1.011985182762146,-0.403328537940979,0.05417010188102722,-0.029341183602809906
1765156552.8037653,cf2,-0.3092813193798065,1.2621726989746094,1.0092390775680542,-0.45650410652160645,0.3504609763622284,0.013053804636001587
1765156552.8041065,cf2,-0.3092813193798065,1.2621726989746094,1.0092390775680542,-0.4550691545009613,0.34461280703544617,0.024475282058119774
1765156552.8140736,cf1,-0.6518294811248779,1.4775464534759521,1.0112277269363403,-0.403328537940979,0.05417010188102722,-0.029341183602809906
1765156552.8144171,cf1,-0.6518294811248779,1.4775464534759521,1.0112277269363403,-0.39565813541412354,0.03871016949415207,-0.04758229851722717
1765156552.823688,cf2,-0.31918010115623474,1.2696936130523682,1.010246753692627,-0.4550691545009613,0.34461280703544617,0.024475282058119774
1765156552.8240192,cf2,-0.31918010115623474,1.2696936130523682,1.010246753692627,-0.4537512958049774,0.33860063552856445,0.030956575646996498
1765156552.834115,cf1,-0.6600398421287537,1.4786975383758545,1.0103455781936646,-0.39565813541412354,0.03871016949415207,-0.04758229851722717
1765156552.8342178,cf1,-0.6600398421287537,1.4786975383758545,1.0103455781936646,-0.3909056484699249,0.02526605874300003,-0.05743470788002014
1765156552.8422174,cf2,-0.3245178461074829,1.2737398147583008,1.010783076286316,-0.4537512958049774,0.33860063552856445,0.030956575646996498
1765156552.8425882,cf2,-0.3245178461074829,1.2737398147583008,1.010783076286316,-0.4529775083065033,0.3355434834957123,0.03162034973502159
1765156552.85409,cf1,-0.6685095429420471,1.4796113967895508,1.0094314813613892,-0.3909056484699249,0.02526605874300003,-0.05743470788002014
1765156552.8543792,cf1,-0.6685095429420471,1.4796113967895508,1.0094314813613892,-0.3865455090999603,0.011902662925422192,-0.05834697186946869
1765156552.8632421,cf2,-0.3344700336456299,1.2811373472213745,1.011683464050293,-0.4529775083065033,0.3355434834957123,0.03162034973502159
1765156552.8635042,cf2,-0.3344700336456299,1.2811373472213745,1.011683464050293,-0.44860905408859253,0.3264324367046356,0.026735404506325722
1765156552.8739634,cf1,-0.6768941283226013,1.4802299737930298,1.0087075233459473,-0.3865455090999603,0.011902662925422192,-0.05834697186946869
1765156552.8742223,cf1,-0.6768941283226013,1.4802299737930298,1.0087075233459473,-0.3819483816623688,-0.0013446277007460594,-0.048641663044691086
1765156552.8822782,cf2,-0.3442132771015167,1.2882720232009888,1.0123720169067383,-0.44860905408859253,0.3264324367046356,0.026735404506325722
1765156552.8825607,cf2,-0.3442132771015167,1.2882720232009888,1.0123720169067383,-0.4452332854270935,0.31809520721435547,0.015928803011775017
1765156552.8940225,cf1,-0.6851666569709778,1.4805456399917603,1.0083242654800415,-0.3819483816623688,-0.0013446277007460594,-0.048641663044691086
1765156552.894317,cf1,-0.6851666569709778,1.4805456399917603,1.0083242654800415,-0.3772372901439667,-0.014344030059874058,-0.03095140866935253
1765156552.9023316,cf2,-0.35286417603492737,1.294498085975647,1.0127818584442139,-0.4452332854270935,0.31809520721435547,0.015928803011775017
1765156552.902685,cf2,-0.35286417603492737,1.294498085975647,1.0127818584442139,-0.44306591153144836,0.31064409017562866,0.002289090072736144
1765156552.9141057,cf1,-0.6933255195617676,1.4805611371994019,1.0083452463150024,-0.3772372901439667,-0.014344030059874058,-0.03095140866935253
1765156552.9144247,cf1,-0.6933255195617676,1.4805611371994019,1.0083452463150024,-0.3724949359893799,-0.02710806392133236,-0.00945458747446537
1765156552.922406,cf2,-0.36346426606178284,1.3020343780517578,1.0129419565200806,-0.44306591153144836,0.31064409017562866,0.002289090072736144
1765156552.9227781,cf2,-0.36346426606178284,1.3020343780517578,1.0129419565200806,-0.44122275710105896,0.30307331681251526,-0.011957794427871704
1765156552.9340875,cf1,-0.7013716697692871,1.4802827835083008,1.0087487697601318,-0.3724949359893799,-0.02710806392133236,-0.00945458747446537
1765156552.9344409,cf1,-0.7013716697692871,1.4802827835083008,1.0087487697601318,-0.36774778366088867,-0.03966343402862549,0.011409403756260872
1765156552.9423158,cf2,-0.37212926149368286,1.3080497980117798,1.0128782987594604,-0.44122275710105896,0.30307331681251526,-0.011957794427871704
1765156552.9426425,cf2,-0.37212926149368286,1.3080497980117798,1.0128782987594604,-0.4395272135734558,0.2952495813369751,-0.023622969165444374
1765156552.9540267,cf1,-0.709307849407196,1.479721188545227,1.0094372034072876,-0.36774778366088867,-0.03966343402862549,0.011409403756260872
1765156552.954264,cf1,-0.709307849407196,1.479721188545227,1.0094372034072876,-0.3630005717277527,-0.052044887095689774,0.02782023698091507
1765156552.9623737,cf2,-0.3816949725151062,1.3145793676376343,1.0126640796661377,-0.4395272135734558,0.2952495813369751,-0.023622969165444374
1765156552.9627388,cf2,-0.3816949725151062,1.3145793676376343,1.0126640796661377,-0.4380210041999817,0.28725466132164,-0.029942838475108147
1765156552.9742782,cf1,-0.717137336730957,1.4788892269134521,1.0102555751800537,-0.3630005717277527,-0.052044887095689774,0.02782023698091507
1765156552.9744992,cf1,-0.717137336730957,1.4788892269134521,1.0102555751800537,-0.3582298159599304,-0.06430313736200333,0.03654218837618828
1765156552.9822428,cf2,-0.3912171423435211,1.3209320306777954,1.0124441385269165,-0.4380210041999817,0.28725466132164,-0.029942838475108147
1765156552.9826705,cf2,-0.3912171423435211,1.3209320306777954,1.0124441385269165,-0.4347929060459137,0.2778106927871704,-0.029826689511537552
1765156552.9941416,cf1,-0.7248621582984924,1.4778004884719849,1.011023998260498,-0.3582298159599304,-0.06430313736200333,0.03654218837618828
1765156552.99449,cf1,-0.7248621582984924,1.4778004884719849,1.011023998260498,-0.35338860750198364,-0.0764930471777916,0.03622667118906975
1765156553.0024178,cf2,-0.40069907903671265,1.327099323272705,1.0123413801193237,-0.4347929060459137,0.2778106927871704,-0.029826689511537552
1765156553.0027215,cf2,-0.40069907903671265,1.327099323272705,1.0123413801193237,-0.433636873960495,0.2695240378379822,-0.023551298305392265
1765156553.014029,cf1,-0.7324849367141724,1.4764670133590698,1.0115485191345215,-0.35338860750198364,-0.0764930471777916,0.03622667118906975
1765156553.014417,cf1,-0.7324849367141724,1.4764670133590698,1.0115485191345215,-0.34845104813575745,-0.08869309723377228,0.025878354907035828
1765156553.0223281,cf2,-0.41014426946640015,1.3330739736557007,1.0124523639678955,-0.433636873960495,0.2695240378379822,-0.023551298305392265
1765156553.022696,cf2,-0.41014426946640015,1.3330739736557007,1.0124523639678955,-0.4325759708881378,0.2610839009284973,-0.012444283813238144
1765156553.034058,cf1,-0.7401056289672852,1.474861979484558,1.0116686820983887,-0.34845104813575745,-0.08869309723377228,0.025878354907035828
1765156553.034381,cf1,-0.7401056289672852,1.474861979484558,1.0116686820983887,-0.3388248383998871,-0.10111283510923386,0.0051617990247905254
1765156553.0424404,cf2,-0.4195534884929657,1.338850975036621,1.0128239393234253,-0.4325759708881378,0.2610839009284973,-0.012444283813238144
1765156553.0427938,cf2,-0.4195534884929657,1.338850975036621,1.0128239393234253,-0.43341875076293945,0.25367510318756104,0.0012927028583362699
1765156553.0531986,cf1,-0.7475677728652954,1.4730404615402222,1.0113098621368408,-0.3388248383998871,-0.10111283510923386,0.0051617990247905254
1765156553.0537286,cf1,-0.7475677728652954,1.4730404615402222,1.0113098621368408,-0.33254727721214294,-0.11376906931400299,-0.01879514381289482
1765156553.0626862,cf2,-0.428927481174469,1.3444277048110962,1.0134447813034058,-0.43341875076293945,0.25367510318756104,0.0012927028583362699
1765156553.063085,cf2,-0.428927481174469,1.3444277048110962,1.0134447813034058,-0.4323607087135315,0.2448822259902954,0.014325728639960289
1765156553.0735397,cf1,-0.7547200918197632,1.471055030822754,1.0105129480361938,-0.33254727721214294,-0.11376906931400299,-0.01879514381289482
1765156553.0737855,cf1,-0.7547200918197632,1.471055030822754,1.0105129480361938,-0.32721924781799316,-0.12603767216205597,-0.04080848768353462
1765156553.0844145,cf2,-0.4392721354961395,1.3503947257995605,1.0143541097640991,-0.4323607087135315,0.2448822259902954,0.014325728639960289
1765156553.084741,cf2,-0.4392721354961395,1.3503947257995605,1.0143541097640991,-0.43002790212631226,0.23483222723007202,0.024225041270256042
1765156553.0932076,cf1,-0.7623113989830017,1.4684866666793823,1.0093235969543457,-0.32721924781799316,-0.12603767216205597,-0.04080848768353462
1765156553.0935917,cf1,-0.7623113989830017,1.4684866666793823,1.0093235969543457,-0.3222382068634033,-0.13845989108085632,-0.05592665076255798
1765156553.1035602,cf2,-0.44781869649887085,1.355107307434082,1.0151612758636475,-0.43002790212631226,0.23483222723007202,0.024225041270256042
1765156553.1038194,cf2,-0.44781869649887085,1.355107307434082,1.0151612758636475,-0.4257085919380188,0.22322076559066772,0.027515748515725136
1765156553.113618,cf1,-0.7690230011940002,1.4662379026412964,1.0081835985183716,-0.3222382068634033,-0.13845989108085632,-0.05592665076255798
1765156553.1139185,cf1,-0.7690230011940002,1.4662379026412964,1.0081835985183716,-0.31749293208122253,-0.15087080001831055,-0.059963077306747437
1765156553.1232674,cf2,-0.45681026577949524,1.3599411249160767,1.0159646272659302,-0.4257085919380188,0.22322076559066772,0.027515748515725136
1765156553.123693,cf2,-0.45681026577949524,1.3599411249160767,1.0159646272659302,-0.4219360947608948,0.21264025568962097,0.0237446166574955
1765156553.133466,cf1,-0.7760175466537476,1.4634231328964233,1.0071141719818115,-0.31749293208122253,-0.15087080001831055,-0.059963077306747437
1765156553.1338294,cf1,-0.7760175466537476,1.4634231328964233,1.0071141719818115,-0.31300657987594604,-0.16318754851818085,-0.05193547531962395
1765156553.1435294,cf2,-0.46599799394607544,1.364709734916687,1.0166116952896118,-0.4219360947608948,0.21264025568962097,0.0237446166574955
1765156553.1438644,cf2,-0.46599799394607544,1.364709734916687,1.0166116952896118,-0.42001858353614807,0.20305471122264862,0.013954843394458294
1765156553.1533267,cf1,-0.783657431602478,1.45976984500885,1.0061856508255005,-0.31300657987594604,-0.16318754851818085,-0.05193547531962395
1765156553.1536343,cf1,-0.783657431602478,1.45976984500885,1.0061856508255005,-0.30884605646133423,-0.17761249840259552,-0.03311656415462494
1765156553.1633348,cf2,-0.47514060139656067,1.3692867755889893,1.0169838666915894,-0.42001858353614807,0.20305471122264862,0.013954843394458294
1765156553.163674,cf2,-0.47514060139656067,1.3692867755889893,1.0169838666915894,-0.41951921582221985,0.19418853521347046,-0.0002823672548402101
1765156553.1731267,cf1,-0.786998987197876,1.4583936929702759,1.006189227104187,-0.30884605646133423,-0.17761249840259552,-0.03311656415462494
1765156553.1737819,cf1,-0.786998987197876,1.4583936929702759,1.006189227104187,-0.3022361397743225,-0.1874227672815323,-0.009604685008525848
1765156553.1834261,cf2,-0.48421868681907654,1.3736640214920044,1.0170350074768066,-0.41951921582221985,0.19418853521347046,-0.0002823672548402101
1765156553.1837025,cf2,-0.48421868681907654,1.3736640214920044,1.0170350074768066,-0.4169066548347473,0.18417206406593323,-0.016155432909727097
1765156553.1937637,cf1,-0.7967169284820557,1.4528855085372925,1.0061248540878296,-0.3022361397743225,-0.1874227672815323,-0.009604685008525848
1765156553.1941037,cf1,-0.7967169284820557,1.4528855085372925,1.0061248540878296,-0.2996657192707062,-0.20077632367610931,0.01254255324602127
1765156553.203384,cf2,-0.4932313561439514,1.3778409957885742,1.0167938470840454,-0.4169066548347473,0.18417206406593323,-0.016155432909727097
1765156553.203733,cf2,-0.4932313561439514,1.3778409957885742,1.0167938470840454,-0.41238877177238464,0.1732570379972458,-0.030174577608704567
1765156553.2131867,cf1,-0.8033056259155273,1.4489202499389648,1.0066109895706177,-0.2996657192707062,-0.20077632367610931,0.01254255324602127
1765156553.2136612,cf1,-0.8033056259155273,1.4489202499389648,1.0066109895706177,-0.29460352659225464,-0.21105125546455383,0.030212780460715294
1765156553.2238207,cf2,-0.5021782517433167,1.3818128108978271,1.0163605213165283,-0.41238877177238464,0.1732570379972458,-0.030174577608704567
1765156553.2240736,cf2,-0.5021782517433167,1.3818128108978271,1.0163605213165283,-0.4095420837402344,0.16327232122421265,-0.03958725929260254
1765156553.2332351,cf1,-0.8098012804985046,1.4446934461593628,1.007258415222168,-0.29460352659225464,-0.21105125546455383,0.030212780460715294
1765156553.2335804,cf1,-0.8098012804985046,1.4446934461593628,1.007258415222168,-0.29199814796447754,-0.2243179976940155,0.04001936316490173
1765156553.2436888,cf2,-0.5110530853271484,1.385572075843811,1.015879511833191,-0.4095420837402344,0.16327232122421265,-0.03958725929260254
1765156553.2439601,cf2,-0.5110530853271484,1.385572075843811,1.015879511833191,-0.4064111113548279,0.15333591401576996,-0.04186500981450081
1765156553.2537124,cf1,-0.8162049651145935,1.4402213096618652,1.0078588724136353,-0.29199814796447754,-0.2243179976940155,0.04001936316490173
1765156553.2540526,cf1,-0.8162049651145935,1.4402213096618652,1.0078588724136353,-0.2868489623069763,-0.23430882394313812,0.03892604261636734
1765156553.26337,cf2,-0.5198455452919006,1.389114499092102,1.015493631362915,-0.4064111113548279,0.15333591401576996,-0.04186500981450081
1765156553.263615,cf2,-0.5198455452919006,1.389114499092102,1.015493631362915,-0.40310728549957275,0.14341498911380768,-0.03655032068490982
1765156553.2730415,cf1,-0.8196689486503601,1.4379682540893555,1.007996916770935,-0.2868489623069763,-0.23430882394313812,0.03892604261636734
1765156553.2733335,cf1,-0.8196689486503601,1.4379682540893555,1.007996916770935,-0.2840721011161804,-0.24767884612083435,0.028486866503953934
1765156553.283464,cf2,-0.5285564064979553,1.392432451248169,1.0153177976608276,-0.40310728549957275,0.14341498911380768,-0.03655032068490982
1765156553.2837348,cf2,-0.5285564064979553,1.392432451248169,1.0153177976608276,-0.39979100227355957,0.13344284892082214,-0.025265954434871674
1765156553.2935665,cf1,-0.8259338736534119,1.433144450187683,1.0081192255020142,-0.2840721011161804,-0.24767884612083435,0.028486866503953934
1765156553.2938983,cf1,-0.8259338736534119,1.433144450187683,1.0081192255020142,-0.2797289490699768,-0.2593207061290741,0.00992675218731165
1765156553.303276,cf2,-0.537185549736023,1.3955219984054565,1.0154114961624146,-0.39979100227355957,0.13344284892082214,-0.025265954434871674
1765156553.3036191,cf2,-0.537185549736023,1.3955219984054565,1.0154114961624146,-0.39646780490875244,0.12341522425413132,-0.01092534326016903
1765156553.3138845,cf1,-0.8348754644393921,1.4254398345947266,1.0076444149017334,-0.2797289490699768,-0.2593207061290741,0.00992675218731165
1765156553.3142114,cf1,-0.8348754644393921,1.4254398345947266,1.0076444149017334,-0.27496254444122314,-0.2709101140499115,-0.012191175483167171
1765156553.3234532,cf2,-0.5457351803779602,1.3983807563781738,1.0157665014266968,-0.39646780490875244,0.12341522425413132,-0.01092534326016903
1765156553.3237839,cf2,-0.5457351803779602,1.3983807563781738,1.0157665014266968,-0.3931531310081482,0.11331166326999664,0.0029842189978808165
1765156553.3335392,cf1,-0.8408982157707214,1.4200745820999146,1.0067138671875,-0.27496254444122314,-0.2709101140499115,-0.012191175483167171
1765156553.3337216,cf1,-0.8408982157707214,1.4200745820999146,1.0067138671875,-0.26982468366622925,-0.2824483811855316,-0.0326227992773056
1765156553.3435495,cf2,-0.554205596446991,1.4010108709335327,1.0163198709487915,-0.3931531310081482,0.11331166326999664,0.0029842189978808165
1765156553.3438818,cf2,-0.554205596446991,1.4010108709335327,1.0163198709487915,-0.38974443078041077,0.10318642109632492,0.01371301244944334
1765156553.3535771,cf1,-0.8468077182769775,1.4144809246063232,1.0055209398269653,-0.26982468366622925,-0.2824483811855316,-0.0326227992773056
1765156553.3538945,cf1,-0.8468077182769775,1.4144809246063232,1.0055209398269653,-0.26444560289382935,-0.29392996430397034,-0.045675210654735565
1765156553.3635643,cf2,-0.5625926852226257,1.4034199714660645,1.0169693231582642,-0.38974443078041077,0.10318642109632492,0.01371301244944334
1765156553.3639038,cf2,-0.5625926852226257,1.4034199714660645,1.0169693231582642,-0.3861640393733978,0.09304780513048172,0.019294649362564087
1765156553.3741314,cf1,-0.8500348925590515,1.4115487337112427,1.0049008131027222,-0.26444560289382935,-0.29392996430397034,-0.045675210654735565
1765156553.3744795,cf1,-0.8500348925590515,1.4115487337112427,1.0049008131027222,-0.25784459710121155,-0.3049754202365875,-0.048221174627542496
1765156553.3834836,cf2,-0.5708962678909302,1.4056130647659302,1.0175751447677612,-0.3861640393733978,0.09304780513048172,0.019294649362564087
1765156553.38382,cf2,-0.5708962678909302,1.4056130647659302,1.0175751447677612,-0.38247865438461304,0.0827806144952774,0.018049560487270355
1765156553.3941977,cf1,-0.8582406044006348,1.402557611465454,1.0032908916473389,-0.25784459710121155,-0.3049754202365875,-0.048221174627542496
1765156553.3945384,cf1,-0.8582406044006348,1.402557611465454,1.0032908916473389,-0.25182342529296875,-0.31561145186424255,-0.039966680109500885
1765156553.403503,cf2,-0.5791187882423401,1.4075922966003418,1.018006682395935,-0.38247865438461304,0.0827806144952774,0.018049560487270355
1765156553.40385,cf2,-0.5791187882423401,1.4075922966003418,1.018006682395935,-0.37875956296920776,0.07228872925043106,0.01017910148948431
1765156553.4143496,cf1,-0.8637504577636719,1.396226167678833,1.0026259422302246,-0.25182342529296875,-0.31561145186424255,-0.039966680109500885
1765156553.414749,cf1,-0.8637504577636719,1.396226167678833,1.0026259422302246,-0.24582841992378235,-0.32612523436546326,-0.023691624402999878
1765156553.4237638,cf2,-0.5872631669044495,1.409358263015747,1.018157958984375,-0.37875956296920776,0.07228872925043106,0.01017910148948431
1765156553.4241917,cf2,-0.5872631669044495,1.409358263015747,1.018157958984375,-0.3750189244747162,0.06156263127923012,-0.003148159943521023
1765156553.4341016,cf1,-0.869117021560669,1.389648199081421,1.0023738145828247,-0.24582841992378235,-0.32612523436546326,-0.023691624402999878
1765156553.4344609,cf1,-0.869117021560669,1.389648199081421,1.0023738145828247,-0.23976315557956696,-0.3363378047943115,-0.0032269610092043877
1765156553.443836,cf2,-0.5953282117843628,1.4109126329421997,1.0179805755615234,-0.3750189244747162,0.06156263127923012,-0.003148159943521023
1765156553.4440691,cf2,-0.5953282117843628,1.4109126329421997,1.0179805755615234,-0.37117770314216614,0.05073506385087967,-0.019119450822472572
1765156553.4541163,cf1,-0.8743393421173096,1.3828320503234863,1.0025086402893066,-0.23976315557956696,-0.3363378047943115,-0.0032269610092043877
1765156553.454344,cf1,-0.8743393421173096,1.3828320503234863,1.0025086402893066,-0.23371747136116028,-0.3463696539402008,0.016627511009573936
1765156553.463406,cf2,-0.6033112406730652,1.4122544527053833,1.0174883604049683,-0.37117770314216614,0.05073506385087967,-0.019119450822472572
1765156553.4636395,cf2,-0.6033112406730652,1.4122544527053833,1.0174883604049683,-0.3672749400138855,0.03980082646012306,-0.03448623791337013
1765156553.4742525,cf1,-0.8794223070144653,1.3757879734039307,1.002919316291809,-0.23371747136116028,-0.3463696539402008,0.016627511009573936
1765156553.4745145,cf1,-0.8794223070144653,1.3757879734039307,1.002919316291809,-0.22766689956188202,-0.3561386168003082,0.03136434778571129
1765156553.4835389,cf2,-0.611212432384491,1.413374423980713,1.0167776346206665,-0.3672749400138855,0.03980082646012306,-0.03448623791337013
1765156553.483907,cf2,-0.611212432384491,1.413374423980713,1.0167776346206665,-0.3633873462677002,0.028750089928507805,-0.045217763632535934
1765156553.4940815,cf1,-0.8843690752983093,1.3685342073440552,1.003443717956543,-0.22766689956188202,-0.3561386168003082,0.03136434778571129
1765156553.4944224,cf1,-0.8843690752983093,1.3685342073440552,1.003443717956543,-0.22155679762363434,-0.3656085431575775,0.03861548751592636
1765156553.5036433,cf2,-0.6195076107978821,1.4142189025878906,1.015912413597107,-0.3633873462677002,0.028750089928507805,-0.045217763632535934
1765156553.5039864,cf2,-0.6195076107978821,1.4142189025878906,1.015912413597107,-0.3595334589481354,0.017625130712985992,-0.048676908016204834
1765156553.5143795,cf1,-0.8891832828521729,1.3610856533050537,1.003902792930603,-0.22155679762363434,-0.3656085431575775,0.03861548751592636
1765156553.5147514,cf1,-0.8891832828521729,1.3610856533050537,1.003902792930603,-0.21536339819431305,-0.37485551834106445,0.03736600652337074
1765156553.5222745,cf2,-0.6275936961174011,1.4148597717285156,1.0151697397232056,-0.3595334589481354,0.017625130712985992,-0.048676908016204834
1765156553.522649,cf2,-0.6275936961174011,1.4148597717285156,1.0151697397232056,-0.357330322265625,0.005553808994591236,-0.043842725455760956
1765156553.534225,cf1,-0.8938683867454529,1.3534541130065918,1.0041362047195435,-0.21536339819431305,-0.37485551834106445,0.03736600652337074
1765156553.5346386,cf1,-0.8938683867454529,1.3534541130065918,1.0041362047195435,-0.20908281207084656,-0.38391825556755066,0.028010066598653793
1765156553.542458,cf2,-0.6348828673362732,1.4152226448059082,1.0147563219070435,-0.357330322265625,0.005553808994591236,-0.043842725455760956
1765156553.5427983,cf2,-0.6348828673362732,1.4152226448059082,1.0147563219070435,-0.350650429725647,-0.005277825053781271,-0.031208384782075882
1765156553.55406,cf1,-0.8984270691871643,1.3456484079360962,1.0040218830108643,-0.20908281207084656,-0.38391825556755066,0.028010066598653793
1765156553.5544355,cf1,-0.8984270691871643,1.3456484079360962,1.0040218830108643,-0.2027202695608139,-0.3928377628326416,0.012247845530509949
1765156553.562554,cf2,-0.6424197554588318,1.415346384048462,1.0146151781082153,-0.350650429725647,-0.005277825053781271,-0.031208384782075882
1765156553.5629106,cf2,-0.6424197554588318,1.415346384048462,1.0146151781082153,-0.3470190763473511,-0.01639692671597004,-0.015646036714315414
1765156553.5742824,cf1,-0.9028596878051758,1.3376728296279907,1.0035171508789062,-0.2027202695608139,-0.3928377628326416,0.012247845530509949
1765156553.5746903,cf1,-0.9028596878051758,1.3376728296279907,1.0035171508789062,-0.19629570841789246,-0.40161481499671936,-0.0062842946499586105
1765156553.5823574,cf2,-0.6498939394950867,1.4152169227600098,1.0147764682769775,-0.3470190763473511,-0.01639692671597004,-0.015646036714315414
1765156553.5827053,cf2,-0.6498939394950867,1.4152169227600098,1.0147764682769775,-0.3450686037540436,-0.027969587594270706,-0.00021577486768364906
1765156553.5943565,cf1,-0.9071640968322754,1.3295272588729858,1.0026799440383911,-0.19629570841789246,-0.40161481499671936,-0.0062842946499586105
1765156553.59461,cf1,-0.9071640968322754,1.3295272588729858,1.0026799440383911,-0.1898626685142517,-0.41020330786705017,-0.02285652980208397
1765156553.6023545,cf2,-0.657284677028656,1.414839267730713,1.015159010887146,-0.3450686037540436,-0.027969587594270706,-0.00021577486768364906
1765156553.602808,cf2,-0.657284677028656,1.414839267730713,1.015159010887146,-0.3413752317428589,-0.03906996175646782,0.012263160198926926
1765156553.614244,cf1,-0.9113369584083557,1.3212088346481323,1.0016525983810425,-0.1898626685142517,-0.41020330786705017,-0.02285652980208397
1765156553.6145391,cf1,-0.9113369584083557,1.3212088346481323,1.0016525983810425,-0.18348446488380432,-0.41857388615608215,-0.03347492590546608
1765156553.6224377,cf2,-0.6641268730163574,1.4142786264419556,1.0156059265136719,-0.3413752317428589,-0.03906996175646782,0.012263160198926926
1765156553.622762,cf2,-0.6641268730163574,1.4142786264419556,1.0156059265136719,-0.3341609537601471,-0.04964281618595123,0.01859315298497677
1765156553.634259,cf1,-0.9153746366500854,1.3127124309539795,1.0006147623062134,-0.18348446488380432,-0.41857388615608215,-0.03347492590546608
1765156553.6345966,cf1,-0.9153746366500854,1.3127124309539795,1.0006147623062134,-0.1772075891494751,-0.42673277854919434,-0.03560376167297363
1765156553.6425717,cf2,-0.669646680355072,1.4137452840805054,1.015897274017334,-0.3341609537601471,-0.04964281618595123,0.01859315298497677
1765156553.6427348,cf2,-0.669646680355072,1.4137452840805054,1.015897274017334,-0.3254424035549164,-0.05948197841644287,0.016931874677538872
1765156553.6541605,cf1,-0.9190315008163452,1.304614782333374,0.9998363852500916,-0.1772075891494751,-0.42673277854919434,-0.03560376167297363
1765156553.6546156,cf1,-0.9190315008163452,1.304614782333374,0.9998363852500916,-0.16928662359714508,-0.43014612793922424,-0.027963843196630478
1765156553.662287,cf2,-0.6767147779464722,1.4127658605575562,1.0161248445510864,-0.3254424035549164,-0.05948197841644287,0.016931874677538872
1765156553.6627412,cf2,-0.6767147779464722,1.4127658605575562,1.0161248445510864,-0.3218136429786682,-0.070217564702034,0.008774549700319767
1765156553.6741872,cf1,-0.9227766990661621,1.2958210706710815,0.9993053078651428,-0.16928662359714508,-0.43014612793922424,-0.027963843196630478
1765156553.6746082,cf1,-0.9227766990661621,1.2958210706710815,0.9993053078651428,-0.16250339150428772,-0.4356439709663391,-0.01357349380850792
1765156553.6822855,cf2,-0.6838009357452393,1.411560297012329,1.0160845518112183,-0.3218136429786682,-0.070217564702034,0.008774549700319767
1765156553.6826637,cf2,-0.6838009357452393,1.411560297012329,1.0160845518112183,-0.3182051181793213,-0.08089529722929001,-0.0047651962377130985
1765156553.6941555,cf1,-0.9262256622314453,1.2870805263519287,0.9990676641464233,-0.16250339150428772,-0.4356439709663391,-0.01357349380850792
1765156553.694638,cf1,-0.9262256622314453,1.2870805263519287,0.9990676641464233,-0.15470023453235626,-0.4368876814842224,0.003849774831905961
1765156553.7022252,cf2,-0.6924178004264832,1.409702181816101,1.0156298875808716,-0.3182051181793213,-0.08089529722929001,-0.0047651962377130985
1765156553.7025664,cf2,-0.6924178004264832,1.409702181816101,1.0156298875808716,-0.3172690272331238,-0.092589370906353,-0.020449474453926086
1765156553.7141511,cf1,-0.9292893409729004,1.2794359922409058,0.9992673993110657,-0.15470023453235626,-0.4368876814842224,0.003849774831905961
1765156553.714616,cf1,-0.9292893409729004,1.2794359922409058,0.9992673993110657,-0.1484285593032837,-0.44202443957328796,0.02061963826417923
1765156553.722323,cf2,-0.698225736618042,1.4083833694458008,1.0149917602539062,-0.3172690272331238,-0.092589370906353,-0.020449474453926086
1765156553.72269,cf2,-0.698225736618042,1.4083833694458008,1.0149917602539062,-0.3097931742668152,-0.10180344432592392,-0.034499771893024445
1765156553.7340767,cf1,-0.932499885559082,1.2706702947616577,0.9995824694633484,-0.1484285593032837,-0.44202443957328796,0.02061963826417923
1765156553.734474,cf1,-0.932499885559082,1.2706702947616577,0.9995824694633484,-0.14283770322799683,-0.44848349690437317,0.033970050513744354
1765156553.743596,cf2,-0.7066584825515747,1.4059780836105347,1.0138400793075562,-0.3097931742668152,-0.10180344432592392,-0.034499771893024445
1765156553.7438874,cf2,-0.7066584825515747,1.4059780836105347,1.0138400793075562,-0.309266060590744,-0.11418696492910385,-0.044677138328552246
1765156553.754293,cf1,-0.9357774257659912,1.2612066268920898,1.0000052452087402,-0.14283770322799683,-0.44848349690437317,0.033970050513744354
1765156553.754703,cf1,-0.9357774257659912,1.2612066268920898,1.0000052452087402,-0.13778778910636902,-0.45639342069625854,0.041046783328056335
1765156553.7634704,cf2,-0.7134513258934021,1.4038450717926025,1.0128268003463745,-0.309266060590744,-0.11418696492910385,-0.044677138328552246
1765156553.7638233,cf2,-0.7134513258934021,1.4038450717926025,1.0128268003463745,-0.3063700199127197,-0.12474454194307327,-0.0472678504884243
1765156553.77416,cf1,-0.9390604496002197,1.2508500814437866,1.0004500150680542,-0.13778778910636902,-0.45639342069625854,0.041046783328056335
1765156553.7745786,cf1,-0.9390604496002197,1.2508500814437866,1.0004500150680542,-0.13291165232658386,-0.46466782689094543,0.04071379080414772
1765156553.783584,cf2,-0.7197314500808716,1.4016597270965576,1.0120126008987427,-0.3063700199127197,-0.12474454194307327,-0.0472678504884243
1765156553.783802,cf2,-0.7197314500808716,1.4016597270965576,1.0120126008987427,-0.3002990782260895,-0.13366812467575073,-0.04161015525460243
1765156553.7942405,cf1,-0.9420262575149536,1.2417067289352417,1.0006037950515747,-0.13291165232658386,-0.46466782689094543,0.04071379080414772
1765156553.7945318,cf1,-0.9420262575149536,1.2417067289352417,1.0006037950515747,-0.12816867232322693,-0.47337421774864197,0.0330204963684082
1765156553.8032224,cf2,-0.7248119711875916,1.3998082876205444,1.011566400527954,-0.3002990782260895,-0.13366812467575073,-0.04161015525460243
1765156553.8034816,cf2,-0.7248119711875916,1.3998082876205444,1.011566400527954,-0.29287347197532654,-0.14127467572689056,-0.02951047569513321
1765156553.8153691,cf1,-0.9450574517250061,1.2314642667770386,1.000525951385498,-0.12816867232322693,-0.47337421774864197,0.0330204963684082
1765156553.8157196,cf1,-0.9450574517250061,1.2314642667770386,1.000525951385498,-0.12293663620948792,-0.48179423809051514,0.018694639205932617
1765156553.8236704,cf2,-0.7331470847129822,1.3961846828460693,1.0110273361206055,-0.29287347197532654,-0.14127467572689056,-0.02951047569513321
1765156553.8239174,cf2,-0.7331470847129822,1.3961846828460693,1.0110273361206055,-0.29322871565818787,-0.15310846269130707,-0.015224197879433632
1765156553.8331845,cf1,-0.9467647075653076,1.2256723642349243,1.0002975463867188,-0.12293663620948792,-0.48179423809051514,0.018694639205932617
1765156553.8335333,cf1,-0.9467647075653076,1.2256723642349243,1.0002975463867188,-0.12116087973117828,-0.4878876805305481,0.0105940205976367
1765156553.8422017,cf2,-0.736430287361145,1.3948967456817627,1.0110901594161987,-0.29322871565818787,-0.15310846269130707,-0.015224197879433632
1765156553.8425684,cf2,-0.736430287361145,1.3948967456817627,1.0110901594161987,-0.28726649284362793,-0.16192498803138733,0.0003724154084920883
1765156553.8533084,cf1,-0.9495669603347778,1.2154146432876587,0.9997138977050781,-0.12116087973117828,-0.4878876805305481,0.0105940205976367
1765156553.8536792,cf1,-0.9495669603347778,1.2154146432876587,0.9997138977050781,-0.11636383086442947,-0.49704986810684204,-0.005774261429905891
1765156553.8625567,cf2,-0.7460519671440125,1.3898919820785522,1.0111802816390991,-0.28726649284362793,-0.16192498803138733,0.0003724154084920883
1765156553.8628879,cf2,-0.7460519671440125,1.3898919820785522,1.0111802816390991,-0.2842332720756531,-0.17176003754138947,0.011459479108452797
1765156553.8732455,cf1,-0.9522697329521179,1.2049599885940552,0.9989006519317627,-0.11636383086442947,-0.49704986810684204,-0.005774261429905891
1765156553.8734927,cf1,-0.9522697329521179,1.2049599885940552,0.9989006519317627,-0.11142309755086899,-0.5059411525726318,-0.018421949818730354
1765156553.8824198,cf2,-0.7508990168571472,1.387367844581604,1.0113649368286133,-0.2842332720756531,-0.17176003754138947,0.011459479108452797
1765156553.8827965,cf2,-0.7508990168571472,1.387367844581604,1.0113649368286133,-0.27595359086990356,-0.17794311046600342,0.016097769141197205
1765156553.893166,cf1,-0.9548609852790833,1.1943389177322388,0.9979649782180786,-0.11142309755086899,-0.5059411525726318,-0.018421949818730354
1765156553.893456,cf1,-0.9548609852790833,1.1943389177322388,0.9979649782180786,-0.10629254579544067,-0.5143466591835022,-0.025612803176045418
1765156553.9024353,cf2,-0.7570172548294067,1.383843183517456,1.0115381479263306,-0.27595359086990356,-0.17794311046600342,0.016097769141197205
1765156553.9027865,cf2,-0.7570172548294067,1.383843183517456,1.0115381479263306,-0.2710990607738495,-0.18637727200984955,0.014357897453010082
1765156553.913316,cf1,-0.9573312997817993,1.1835532188415527,0.9970361590385437,-0.10629254579544067,-0.5143466591835022,-0.025612803176045418
1765156553.9136531,cf1,-0.9573312997817993,1.1835532188415527,0.9970361590385437,-0.10089049488306046,-0.5223334431648254,-0.02613994851708412
1765156553.9222996,cf2,-0.7627972364425659,1.3803163766860962,1.011544942855835,-0.2710990607738495,-0.18637727200984955,0.014357897453010082
1765156553.922644,cf2,-0.7627972364425659,1.3803163766860962,1.011544942855835,-0.2669914662837982,-0.1951085776090622,0.00639109592884779
1765156553.9337518,cf1,-0.9596705436706543,1.1726043224334717,0.9962519407272339,-0.10089049488306046,-0.5223334431648254,-0.02613994851708412
1765156553.9340096,cf1,-0.9596705436706543,1.1726043224334717,0.9962519407272339,-0.09519068151712418,-0.5298365950584412,-0.02013583667576313
1765156553.9436133,cf2,-0.7678386569023132,1.377146601676941,1.0113592147827148,-0.2669914662837982,-0.1951085776090622,0.00639109592884779
1765156553.943937,cf2,-0.7678386569023132,1.377146601676941,1.0113592147827148,-0.26618871092796326,-0.20758862793445587,-0.00604648282751441
1765156553.9535863,cf1,-0.9618696570396423,1.1614995002746582,0.9957224726676941,-0.09519068151712418,-0.5298365950584412,-0.02013583667576313
1765156553.9539452,cf1,-0.9618696570396423,1.1614995002746582,0.9957224726676941,-0.08921633660793304,-0.5367408990859985,-0.008747890591621399
1765156553.963218,cf2,-0.7748818397521973,1.37220299243927,1.0108120441436768,-0.26618871092796326,-0.20758862793445587,-0.00604648282751441
1765156553.963711,cf2,-0.7748818397521973,1.37220299243927,1.0108120441436768,-0.2565045952796936,-0.21159633994102478,-0.019832029938697815
1765156553.9734128,cf1,-0.963921070098877,1.1502522230148315,0.9955112338066101,-0.08921633660793304,-0.5367408990859985,-0.008747890591621399
1765156553.9737372,cf1,-0.963921070098877,1.1502522230148315,0.9955112338066101,-0.08298014849424362,-0.5429402589797974,0.005827486515045166
1765156553.9835095,cf2,-0.7822713255882263,1.3666142225265503,1.0098453760147095,-0.2565045952796936,-0.21159633994102478,-0.019832029938697815
1765156553.9837267,cf2,-0.7822713255882263,1.3666142225265503,1.0098453760147095,-0.2557999789714813,-0.22392283380031586,-0.03156784549355507
1765156553.9935532,cf1,-0.9658192992210388,1.1388797760009766,0.9956217408180237,-0.08298014849424362,-0.5429402589797974,0.005827486515045166
1765156553.9939365,cf1,-0.9658192992210388,1.1388797760009766,0.9956217408180237,-0.07649528235197067,-0.5483725070953369,0.020642921328544617
1765156554.0037127,cf2,-0.7868292331695557,1.3631584644317627,1.0090943574905396,-0.2557999789714813,-0.22392283380031586,-0.03156784549355507
1765156554.004052,cf2,-0.7868292331695557,1.3631584644317627,1.0090943574905396,-0.24815501272678375,-0.22948138415813446,-0.037708867341279984
1765156554.013299,cf1,-0.9675614237785339,1.1274030208587646,0.9960007071495056,-0.07649528235197067,-0.5483725070953369,0.020642921328544617
1765156554.0135267,cf1,-0.9675614237785339,1.1274030208587646,0.9960007071495056,-0.06978397071361542,-0.5529733300209045,0.03254607692360878
1765156554.023336,cf2,-0.7924330830574036,1.3585352897644043,1.0081689357757568,-0.24815501272678375,-0.22948138415813446,-0.037708867341279984
1765156554.0236764,cf2,-0.7924330830574036,1.3585352897644043,1.0081689357757568,-0.24336330592632294,-0.23786942660808563,-0.037381913512945175
1765156554.0331438,cf1,-0.9691464304924011,1.1158452033996582,0.9965575337409973,-0.06978397071361542,-0.5529733300209045,0.03254607692360878
1765156554.0335398,cf1,-0.9691464304924011,1.1158452033996582,0.9965575337409973,-0.06286356598138809,-0.5566571950912476,0.04003249481320381
1765156554.0433586,cf2,-0.7968165278434753,1.3548449277877808,1.007549524307251,-0.24336330592632294,-0.23786942660808563,-0.037381913512945175
1765156554.0435927,cf2,-0.7968165278434753,1.3548449277877808,1.007549524307251,-0.24238936603069305,-0.2506255805492401,-0.03172406926751137
1765156554.0533144,cf1,-0.970574676990509,1.1042286157608032,0.9971724152565002,-0.06286356598138809,-0.5566571950912476,0.04003249481320381
1765156554.053637,cf1,-0.970574676990509,1.1042286157608032,0.9971724152565002,-0.05575123056769371,-0.5594227313995361,0.04151955619454384
1765156554.063451,cf2,-0.8032867312431335,1.3487703800201416,1.0067554712295532,-0.24238936603069305,-0.2506255805492401,-0.03172406926751137
1765156554.0637858,cf2,-0.8032867312431335,1.3487703800201416,1.0067554712295532,-0.23444268107414246,-0.2553895115852356,-0.020044276490807533
1765156554.073131,cf1,-0.9718484282493591,1.0925726890563965,0.9977173805236816,-0.05575123056769371,-0.5594227313995361,0.04151955619454384
1765156554.0735927,cf1,-0.9718484282493591,1.0925726890563965,0.9977173805236816,-0.04847542569041252,-0.5612911581993103,0.03653676435351372
1765156554.0833569,cf2,-0.808825671672821,1.3431236743927002,1.00631582736969,-0.23444268107414246,-0.2553895115852356,-0.020044276490807533
1765156554.0840976,cf2,-0.808825671672821,1.3431236743927002,1.00631582736969,-0.23090709745883942,-0.2652450501918793,-0.007296436000615358
1765156554.0934525,cf1,-0.9729702472686768,1.0808953046798706,0.9980792999267578,-0.04847542569041252,-0.5612911581993103,0.03653676435351372
1765156554.0936766,cf1,-0.9729702472686768,1.0808953046798706,0.9980792999267578,-0.04109639301896095,-0.5622966289520264,0.025690030306577682
1765156554.1035626,cf2,-0.8139151334762573,1.3380106687545776,1.0061936378479004,-0.23090709745883942,-0.2652450501918793,-0.007296436000615358
1765156554.103891,cf2,-0.8139151334762573,1.3380106687545776,1.0061936378479004,-0.22747668623924255,-0.27540263533592224,0.004371995106339455
1765156554.1139832,cf1,-0.9739429354667664,1.0692112445831299,0.99817955493927,-0.04109639301896095,-0.5622966289520264,0.025690030306577682
1765156554.114392,cf1,-0.9739429354667664,1.0692112445831299,0.99817955493927,-0.03366398811340332,-0.5624843239784241,0.010527092032134533
1765156554.123513,cf2,-0.8191334009170532,1.3322546482086182,1.0061705112457275,-0.22747668623924255,-0.27540263533592224,0.004371995106339455
1765156554.1237483,cf2,-0.8191334009170532,1.3322546482086182,1.0061705112457275,-0.22392192482948303,-0.28564926981925964,0.012961545027792454
1765156554.134392,cf1,-0.974780261516571,1.0572378635406494,0.9979906678199768,-0.03366398811340332,-0.5624843239784241,0.010527092032134533
1765156554.134661,cf1,-0.974780261516571,1.0572378635406494,0.9979906678199768,-0.02487298659980297,-0.5567800998687744,-0.00856155063956976
1765156554.1445096,cf2,-0.8243614435195923,1.3261395692825317,1.0062166452407837,-0.22392192482948303,-0.28564926981925964,0.012961545027792454
1765156554.1449637,cf2,-0.8243614435195923,1.3261395692825317,1.0062166452407837,-0.21950161457061768,-0.2958247661590576,0.016873260959982872
1765156554.1541293,cf1,-0.9754418134689331,1.0458760261535645,0.9975745677947998,-0.02487298659980297,-0.5567800998687744,-0.00856155063956976
1765156554.154532,cf1,-0.9754418134689331,1.0458760261535645,0.9975745677947998,-0.017598247155547142,-0.5547046065330505,-0.022170595824718475
1765156554.1633832,cf2,-0.8273690342903137,1.3225799798965454,1.0062202215194702,-0.21950161457061768,-0.2958247661590576,0.016873260959982872
1765156554.1636102,cf2,-0.8273690342903137,1.3225799798965454,1.0062202215194702,-0.2177266776561737,-0.30156195163726807,0.01667078398168087
1765156554.1741128,cf1,-0.9759702086448669,1.0342637300491333,0.9970328211784363,-0.017598247155547142,-0.5547046065330505,-0.022170595824718475
1765156554.1743743,cf1,-0.9759702086448669,1.0342637300491333,0.9970328211784363,-0.010551962070167065,-0.5531209707260132,-0.030011359602212906
1765156554.1832976,cf2,-0.8328102827072144,1.3155810832977295,1.0061614513397217,-0.2177266776561737,-0.30156195163726807,0.01667078398168087
1765156554.1835217,cf2,-0.8328102827072144,1.3155810832977295,1.0061614513397217,-0.21519212424755096,-0.3139365315437317,0.012606662698090076
1765156554.193326,cf1,-0.976364254951477,1.02100670337677,0.9964441657066345,-0.010551962070167065,-0.5531209707260132,-0.030011359602212906
1765156554.1935818,cf1,-0.976364254951477,1.02100670337677,0.9964441657066345,-0.0033200217876583338,-0.551914632320404,-0.028426503762602806
1765156554.2034135,cf2,-0.8378255367279053,1.3088099956512451,1.0059304237365723,-0.21519212424755096,-0.3139365315437317,0.012606662698090076
1765156554.20376,cf2,-0.8378255367279053,1.3088099956512451,1.0059304237365723,-0.21000516414642334,-0.323339581489563,0.0046812086366117
1765156554.2134292,cf1,-0.9765811562538147,1.0106784105300903,0.9962047338485718,-0.0033200217876583338,-0.551914632320404,-0.028426503762602806
1765156554.2136474,cf1,-0.9765811562538147,1.0106784105300903,0.9962047338485718,0.0031031775288283825,-0.5445302128791809,-0.017707059159874916
1765156554.2234337,cf2,-0.8424347639083862,1.302285075187683,1.0055103302001953,-0.21000516414642334,-0.323339581489563,0.0046812086366117
1765156554.2240155,cf2,-0.8424347639083862,1.302285075187683,1.0055103302001953,-0.20478227734565735,-0.3321574330329895,-0.0052476730197668076
1765156554.2333078,cf1,-0.9765456914901733,0.9967042803764343,0.9961634874343872,0.0031031775288283825,-0.5445302128791809,-0.017707059159874916
1765156554.2338696,cf1,-0.9765456914901733,0.9967042803764343,0.9961634874343872,0.010547593235969543,-0.5374093055725098,0.0013227247400209308
1765156554.2433639,cf2,-0.8471823930740356,1.295175313949585,1.0049011707305908,-0.20478227734565735,-0.3321574330329895,-0.0052476730197668076
1765156554.2437088,cf2,-0.8471823930740356,1.295175313949585,1.0049011707305908,-0.1989050656557083,-0.34109723567962646,-0.014156799763441086
1765156554.2540677,cf1,-0.9764621257781982,0.9854664206504822,0.9966084361076355,0.010547593235969543,-0.5374093055725098,0.0013227247400209308
1765156554.2544143,cf1,-0.9764621257781982,0.9854664206504822,0.9966084361076355,0.016562260687351227,-0.5339365601539612,0.01999252289533615
1765156554.2633867,cf2,-0.8515584468841553,1.288282871246338,1.004193663597107,-0.1989050656557083,-0.34109723567962646,-0.014156799763441086
1765156554.263608,cf2,-0.8515584468841553,1.288282871246338,1.004193663597107,-0.19298526644706726,-0.3495405316352844,-0.021328793838620186
1765156554.2740312,cf1,-0.9762014150619507,0.972790002822876,0.9974163174629211,0.016562260687351227,-0.5339365601539612,0.01999252289533615
1765156554.2742774,cf1,-0.9762014150619507,0.972790002822876,0.9974163174629211,0.022030266001820564,-0.5306532382965088,0.035550810396671295
1765156554.283463,cf2,-0.8561528921127319,1.2805757522583008,1.0033873319625854,-0.19298526644706726,-0.3495405316352844,-0.021328793838620186
1765156554.2838001,cf2,-0.8561528921127319,1.2805757522583008,1.0033873319625854,-0.18478327989578247,-0.3569018542766571,-0.02428167499601841
1765156554.2941434,cf1,-0.9759199619293213,0.9626961946487427,0.9982824325561523,0.022030266001820564,-0.5306532382965088,0.035550810396671295
1765156554.2945323,cf1,-0.9759199619293213,0.9626961946487427,0.9982824325561523,0.02727373130619526,-0.5284109711647034,0.045698169618844986
1765156554.3023376,cf2,-0.8602916598320007,1.273252010345459,1.0026994943618774,-0.18478327989578247,-0.3569018542766571,-0.02428167499601841
1765156554.3026938,cf2,-0.8602916598320007,1.273252010345459,1.0026994943618774,-0.1776508241891861,-0.3646525740623474,-0.021625913679599762
1765156554.3140323,cf1,-0.9755895733833313,0.9520580768585205,0.9991461634635925,0.02727373130619526,-0.5284109711647034,0.045698169618844986
1765156554.3143651,cf1,-0.9755895733833313,0.9520580768585205,0.9991461634635925,0.03248952701687813,-0.5279473066329956,0.04797084629535675
1765156554.322341,cf2,-0.8643431663513184,1.2656464576721191,1.0021488666534424,-0.1776508241891861,-0.3646525740623474,-0.021625913679599762
1765156554.3226857,cf2,-0.8643431663513184,1.2656464576721191,1.0021488666534424,-0.1714344322681427,-0.3731042444705963,-0.014527423307299614
1765156554.3341575,cf1,-0.9750425815582275,0.9406534433364868,0.9999299049377441,0.03248952701687813,-0.5279473066329956,0.04797084629535675
1765156554.3345616,cf1,-0.9750425815582275,0.9406534433364868,0.9999299049377441,0.03763158246874809,-0.5278801321983337,0.04113559052348137
1765156554.3423424,cf2,-0.868270218372345,1.2578141689300537,1.0018047094345093,-0.1714344322681427,-0.3731042444705963,-0.014527423307299614
1765156554.3426108,cf2,-0.868270218372345,1.2578141689300537,1.0018047094345093,-0.16517531871795654,-0.3813188076019287,-0.003928383346647024
1765156554.3541794,cf1,-0.974266529083252,0.9285565614700317,1.000518560409546,0.03763158246874809,-0.5278801321983337,0.04113559052348137
1765156554.3545363,cf1,-0.974266529083252,0.9285565614700317,1.000518560409546,0.043249160051345825,-0.5305634140968323,0.027898071333765984
1765156554.3622448,cf2,-0.8720481991767883,1.2498067617416382,1.001689076423645,-0.16517531871795654,-0.3813188076019287,-0.003928383346647024
1765156554.3624868,cf2,-0.8720481991767883,1.2498067617416382,1.001689076423645,-0.15895231068134308,-0.3892078697681427,0.007565602660179138
1765156554.374113,cf1,-0.9735077023506165,0.9171624183654785,1.0006314516067505,0.043249160051345825,-0.5305634140968323,0.027898071333765984
1765156554.3744745,cf1,-0.9735077023506165,0.9171624183654785,1.0006314516067505,0.04801768437027931,-0.5281282067298889,0.009008457884192467
1765156554.3828003,cf2,-0.8756807446479797,1.2416372299194336,1.001774549484253,-0.15895231068134308,-0.3892078697681427,0.007565602660179138
1765156554.3829575,cf2,-0.8756807446479797,1.2416372299194336,1.001774549484253,-0.15285153687000275,-0.3966764807701111,0.017740504816174507
1765156554.3941853,cf1,-0.9726430177688599,0.9057762026786804,1.0003606081008911,0.04801768437027931,-0.5281282067298889,0.009008457884192467
1765156554.3944523,cf1,-0.9726430177688599,0.9057762026786804,1.0003606081008911,0.05344010517001152,-0.5281829833984375,-0.00996844656765461
1765156554.4023867,cf2,-0.8791742324829102,1.2333176136016846,1.0019980669021606,-0.15285153687000275,-0.3966764807701111,0.017740504816174507
1765156554.4026468,cf2,-0.8791742324829102,1.2333176136016846,1.0019980669021606,-0.14689302444458008,-0.4037030041217804,0.02466754801571369
1765156554.4140549,cf1,-0.9716656804084778,0.8944016695022583,0.9998044967651367,0.05344010517001152,-0.5281829833984375,-0.00996844656765461
1765156554.4145,cf1,-0.9716656804084778,0.8944016695022583,0.9998044967651367,0.05905470252037048,-0.5278626084327698,-0.02525409683585167
1765156554.422329,cf2,-0.8825344443321228,1.2248620986938477,1.002266764640808,-0.14689302444458008,-0.4037030041217804,0.02466754801571369
1765156554.4226575,cf2,-0.8825344443321228,1.2248620986938477,1.002266764640808,-0.14105746150016785,-0.41021570563316345,0.026796769350767136
1765156554.4341915,cf1,-0.970568060874939,0.8830515146255493,0.9991396069526672,0.05905470252037048,-0.5278626084327698,-0.02525409683585167
1765156554.4344459,cf1,-0.970568060874939,0.8830515146255493,0.9991396069526672,0.0648350864648819,-0.5269160270690918,-0.032460618764162064
1765156554.442289,cf2,-0.885766327381134,1.2162858247756958,1.0024858713150024,-0.14105746150016785,-0.41021570563316345,0.026796769350767136
1765156554.442561,cf2,-0.885766327381134,1.2162858247756958,1.0024858713150024,-0.13531187176704407,-0.41618192195892334,0.024075372144579887
1765156554.4541628,cf1,-0.9693403244018555,0.8717392683029175,0.9985592365264893,0.0648350864648819,-0.5269160270690918,-0.032460618764162064
1765156554.4545226,cf1,-0.9693403244018555,0.8717392683029175,0.9985592365264893,0.07080090790987015,-0.525325357913971,-0.030679648742079735
1765156554.4623184,cf2,-0.8888739347457886,1.2076009511947632,1.002563714981079,-0.13531187176704407,-0.41618192195892334,0.024075372144579887
1765156554.4630919,cf2,-0.8888739347457886,1.2076009511947632,1.002563714981079,-0.12963290512561798,-0.4216228127479553,0.01653864234685898
1765156554.4740095,cf1,-0.9679732918739319,0.8604792356491089,0.9982249140739441,0.07080090790987015,-0.525325357913971,-0.030679648742079735
1765156554.474283,cf1,-0.9679732918739319,0.8604792356491089,0.9982249140739441,0.07754533737897873,-0.525665819644928,-0.02159770391881466
1765156554.4833121,cf2,-0.8919204473495483,1.1986137628555298,1.0024380683898926,-0.12963290512561798,-0.4216228127479553,0.01653864234685898
1765156554.4839573,cf2,-0.8919204473495483,1.1986137628555298,1.0024380683898926,-0.12341485172510147,-0.42573484778404236,0.005090432707220316
1765156554.4940035,cf1,-0.9664612412452698,0.849288821220398,0.9982331395149231,0.07754533737897873,-0.525665819644928,-0.02159770391881466
1765156554.4944007,cf1,-0.9664612412452698,0.849288821220398,0.9982331395149231,0.08382759243249893,-0.5226430892944336,-0.007068559993058443
1765156554.5024278,cf2,-0.8947843313217163,1.1897400617599487,1.0020910501480103,-0.12341485172510147,-0.42573484778404236,0.005090432707220316
1765156554.5027976,cf2,-0.8947843313217163,1.1897400617599487,1.0020910501480103,-0.1172078475356102,-0.428800106048584,-0.007245984859764576
1765156554.51412,cf1,-0.964801013469696,0.8381848335266113,0.9985966682434082,0.08382759243249893,-0.5226430892944336,-0.007068559993058443
1765156554.5145292,cf1,-0.964801013469696,0.8381848335266113,0.9985966682434082,0.090249203145504,-0.5189041495323181,0.00870679784566164
1765156554.5224254,cf2,-0.8974717259407043,1.1810098886489868,1.0015830993652344,-0.1172078475356102,-0.428800106048584,-0.007245984859764576
1765156554.5227885,cf2,-0.8974717259407043,1.1810098886489868,1.0015830993652344,-0.11170151829719543,-0.4321627914905548,-0.01698233000934124
1765156554.5342894,cf1,-0.9629912972450256,0.8271819949150085,0.9992570877075195,0.090249203145504,-0.5189041495323181,0.00870679784566164
1765156554.5346522,cf1,-0.9629912972450256,0.8271819949150085,0.9992570877075195,0.09679876267910004,-0.514420747756958,0.022017840296030045
1765156554.5424016,cf2,-0.9000970721244812,1.17200767993927,1.0009857416152954,-0.11170151829719543,-0.4321627914905548,-0.01698233000934124
1765156554.542812,cf2,-0.9000970721244812,1.17200767993927,1.0009857416152954,-0.1063801720738411,-0.43553417921066284,-0.022161247208714485
1765156554.5541577,cf1,-0.9610345959663391,0.8162971138954163,1.0001039505004883,0.09679876267910004,-0.514420747756958,0.022017840296030045
1765156554.5545642,cf1,-0.9610345959663391,0.8162971138954163,1.0001039505004883,0.10342253744602203,-0.5090963840484619,0.030292799696326256
1765156554.5624595,cf2,-0.902678370475769,1.1622620820999146,1.0003570318222046,-0.1063801720738411,-0.43553417921066284,-0.022161247208714485
1765156554.5628867,cf2,-0.902678370475769,1.1622620820999146,1.0003570318222046,-0.10116951167583466,-0.43858784437179565,-0.021191883832216263
1765156554.5742629,cf1,-0.9589358568191528,0.8055463433265686,1.00099778175354,0.10342253744602203,-0.5090963840484619,0.030292799696326256
1765156554.5746608,cf1,-0.9589358568191528,0.8055463433265686,1.00099778175354,0.11008185893297195,-0.5029074549674988,0.03226589038968086
1765156554.582399,cf2,-0.9050602316856384,1.1531116962432861,0.9999265074729919,-0.10116951167583466,-0.43858784437179565,-0.021191883832216263
1765156554.5827851,cf2,-0.9050602316856384,1.1531116962432861,0.9999265074729919,-0.09607195109128952,-0.4414607882499695,-0.014503478072583675
1765156554.594224,cf1,-0.9566996693611145,0.7949410676956177,1.0017939805984497,0.11008185893297195,-0.5029074549674988,0.03226589038968086
1765156554.594606,cf1,-0.9566996693611145,0.7949410676956177,1.0017939805984497,0.11677233874797821,-0.49592360854148865,0.02746731787919998
1765156554.6023262,cf2,-0.9073213934898376,1.1438950300216675,0.9997319579124451,-0.09607195109128952,-0.4414607882499695,-0.014503478072583675
1765156554.6026793,cf2,-0.9073213934898376,1.1438950300216675,0.9997319579124451,-0.0912659615278244,-0.44680190086364746,-0.003741700202226639
1765156554.6141598,cf1,-0.9543300271034241,0.7844894528388977,1.0023772716522217,0.11677233874797821,-0.49592360854148865,0.02746731787919998
1765156554.61452,cf1,-0.9543300271034241,0.7844894528388977,1.0023772716522217,0.12347331643104553,-0.4882294535636902,0.016925251111388206
1765156554.6222625,cf2,-0.9094629287719727,1.1346126794815063,0.9998034238815308,-0.0912659615278244,-0.44680190086364746,-0.003741700202226639
1765156554.622688,cf2,-0.9094629287719727,1.1346126794815063,0.9998034238815308,-0.08631086349487305,-0.4495023787021637,0.00899718888103962
1765156554.6342208,cf1,-0.9518299102783203,0.7741996645927429,1.0026805400848389,0.12347331643104553,-0.4882294535636902,0.016925251111388206
1765156554.6345744,cf1,-0.9518299102783203,0.7741996645927429,1.0026805400848389,0.1301482766866684,-0.47991105914115906,0.0029108822345733643
1765156554.6424115,cf2,-0.9114868640899658,1.1252682209014893,1.000113844871521,-0.08631086349487305,-0.4495023787021637,0.00899718888103962
1765156554.6427686,cf2,-0.9114868640899658,1.1252682209014893,1.000113844871521,-0.0812181904911995,-0.4495185911655426,0.020837856456637383
1765156554.6540265,cf1,-0.9505583047866821,0.7688087224960327,1.0026414394378662,0.1301482766866684,-0.47991105914115906,0.0029108822345733643
1765156554.6543744,cf1,-0.9505583047866821,0.7688087224960327,1.0026414394378662,0.13677985966205597,-0.47109684348106384,-0.011275084689259529
1765156554.6623354,cf2,-0.9133952260017395,1.1158643960952759,1.0005831718444824,-0.0812181904911995,-0.4495185911655426,0.020837856456637383
1765156554.6626818,cf2,-0.9133952260017395,1.1158643960952759,1.0005831718444824,-0.07628931105136871,-0.45198941230773926,0.02880411595106125
1765156554.674298,cf1,-0.9464395642280579,0.7541394233703613,1.0025256872177124,0.13677985966205597,-0.47109684348106384,-0.011275084689259529
1765156554.6746764,cf1,-0.9464395642280579,0.7541394233703613,1.0025256872177124,0.14331889152526855,-0.4619385898113251,-0.02221500873565674
1765156554.6836894,cf2,-0.915259838104248,1.1059510707855225,1.0011272430419922,-0.07628931105136871,-0.45198941230773926,0.02880411595106125
1765156554.6840267,cf2,-0.915259838104248,1.1059510707855225,1.0011272430419922,-0.07086531072854996,-0.45323073863983154,0.031477686017751694
1765156554.6941016,cf1,-0.943546712398529,0.7443866729736328,1.0022656917572021,0.14331889152526855,-0.4619385898113251,-0.02221500873565674
1765156554.6944494,cf1,-0.943546712398529,0.7443866729736328,1.0022656917572021,0.14973542094230652,-0.452573299407959,-0.0273016057908535
1765156554.703387,cf2,-0.9168691039085388,1.0969010591506958,1.0015636682510376,-0.07086531072854996,-0.45323073863983154,0.031477686017751694
1765156554.703734,cf2,-0.9168691039085388,1.0969010591506958,1.0015636682510376,-0.0657447949051857,-0.45471370220184326,0.028792791068553925
1765156554.714123,cf1,-0.9405185580253601,0.734829843044281,1.0020757913589478,0.14973542094230652,-0.452573299407959,-0.0273016057908535
1765156554.71448,cf1,-0.9405185580253601,0.734829843044281,1.0020757913589478,0.1560756415128708,-0.44323939085006714,-0.024662354961037636
1765156554.7235777,cf2,-0.9184334874153137,1.087396264076233,1.001868724822998,-0.0657447949051857,-0.45471370220184326,0.028792791068553925
1765156554.7239408,cf2,-0.9184334874153137,1.087396264076233,1.001868724822998,-0.060651376843452454,-0.4589241147041321,0.02191513404250145
1765156554.7342556,cf1,-0.9383741021156311,0.7282557487487793,1.0021169185638428,0.1560756415128708,-0.44323939085006714,-0.024662354961037636
1765156554.7345076,cf1,-0.9383741021156311,0.7282557487487793,1.0021169185638428,0.15874247252941132,-0.42480140924453735,-0.015912260860204697
1765156554.743363,cf2,-0.9198900461196899,1.0778392553329468,1.0019651651382446,-0.060651376843452454,-0.4589241147041321,0.02191513404250145
1765156554.7436635,cf2,-0.9198900461196899,1.0778392553329468,1.0019651651382446,-0.05535084754228592,-0.46029195189476013,0.011719824746251106
1765156554.7540922,cf1,-0.9343355894088745,0.7170668840408325,1.0023250579833984,0.15874247252941132,-0.42480140924453735,-0.015912260860204697
1765156554.7544553,cf1,-0.9343355894088745,0.7170668840408325,1.0023250579833984,0.16640369594097137,-0.41947662830352783,-0.0043517062440514565
1765156554.7636416,cf2,-0.9212319254875183,1.0682556629180908,1.0018419027328491,-0.05535084754228592,-0.46029195189476013,0.011719824746251106
1765156554.7639804,cf2,-0.9212319254875183,1.0682556629180908,1.0018419027328491,-0.04989336431026459,-0.4615308940410614,0.0008300631307065487
1765156554.7742841,cf1,-0.9315215945243835,0.7095208168029785,1.0027178525924683,0.16640369594097137,-0.41947662830352783,-0.0043517062440514565
1765156554.7746718,cf1,-0.9315215945243835,0.7095208168029785,1.0027178525924683,0.170110821723938,-0.4053329527378082,0.007510836236178875
1765156554.7835555,cf2,-0.9224548935890198,1.058645486831665,1.0015491247177124,-0.04989336431026459,-0.4615308940410614,0.0008300631307065487
1765156554.7838922,cf2,-0.9224548935890198,1.058645486831665,1.0015491247177124,-0.04430563002824783,-0.46003082394599915,-0.008686133660376072
1765156554.793543,cf1,-0.9291765093803406,0.7035496234893799,1.0031108856201172,0.170110821723938,-0.4053329527378082,0.007510836236178875
1765156554.7937794,cf1,-0.9291765093803406,0.7035496234893799,1.0031108856201172,0.17469698190689087,-0.40419110655784607,0.013909141533076763
1765156554.8024166,cf2,-0.9235941171646118,1.048551321029663,1.0011688470840454,-0.04430563002824783,-0.46003082394599915,-0.008686133660376072
1765156554.8026679,cf2,-0.9235941171646118,1.048551321029663,1.0011688470840454,-0.0383651927113533,-0.4634598195552826,-0.013722081668674946
1765156554.81335,cf1,-0.9255294799804688,0.6947768926620483,1.0037758350372314,0.17469698190689087,-0.40419110655784607,0.013909141533076763
1765156554.8136206,cf1,-0.9255294799804688,0.6947768926620483,1.0037758350372314,0.1808900386095047,-0.39603257179260254,0.0222146175801754
1765156554.822369,cf2,-0.9245285987854004,1.0393626689910889,1.000863790512085,-0.0383651927113533,-0.4634598195552826,-0.013722081668674946
1765156554.8227332,cf2,-0.9245285987854004,1.0393626689910889,1.000863790512085,-0.032609935849905014,-0.4622379541397095,-0.01341569796204567
1765156554.8336966,cf1,-0.9217724800109863,0.6862186193466187,1.00445556640625,0.1808900386095047,-0.39603257179260254,0.0222146175801754
1765156554.834049,cf1,-0.9217724800109863,0.6862186193466187,1.00445556640625,0.1864912211894989,-0.38648590445518494,0.02486627735197544
1765156554.8424544,cf2,-0.9253730177879333,1.029740810394287,1.0006797313690186,-0.032609935849905014,-0.4622379541397095,-0.01341569796204567
1765156554.842933,cf2,-0.9253730177879333,1.029740810394287,1.0006797313690186,-0.026953380554914474,-0.4622541666030884,-0.00834312941879034
1765156554.8534884,cf1,-0.9180158376693726,0.6780751943588257,1.0050255060195923,0.1864912211894989,-0.38648590445518494,0.02486627735197544
1765156554.8538513,cf1,-0.9180158376693726,0.6780751943588257,1.0050255060195923,0.19216428697109222,-0.3779808580875397,0.022158898413181305
1765156554.8625023,cf2,-0.9260903596878052,1.0200916528701782,1.0006999969482422,-0.026953380554914474,-0.4622541666030884,-0.00834312941879034
1765156554.8629074,cf2,-0.9260903596878052,1.0200916528701782,1.0006999969482422,-0.02136395126581192,-0.46192753314971924,-2.0916573703289032e-05
1765156554.8736641,cf1,-0.9138928055763245,0.669596791267395,1.0054562091827393,0.19216428697109222,-0.3779808580875397,0.022158898413181305
1765156554.8740118,cf1,-0.9138928055763245,0.669596791267395,1.0054562091827393,0.199013352394104,-0.3712010085582733,0.014547803439199924
1765156554.882407,cf2,-0.9266815185546875,1.010454773902893,1.0009430646896362,-0.02136395126581192,-0.46192753314971924,-2.0916573703289032e-05
1765156554.882717,cf2,-0.9266815185546875,1.010454773902893,1.0009430646896362,-0.015860259532928467,-0.4611191749572754,0.009991806000471115
1765156554.8934515,cf1,-0.9097411632537842,0.6614745259284973,1.0056183338165283,0.199013352394104,-0.3712010085582733,0.014547803439199924
1765156554.893915,cf1,-0.9097411632537842,0.6614745259284973,1.0056183338165283,0.2059813290834427,-0.3640934228897095,0.002727306680753827
1765156554.902352,cf2,-0.9271489977836609,1.0008397102355957,1.001381516456604,-0.015860259532928467,-0.4611191749572754,0.009991806000471115
1765156554.9027765,cf2,-0.9271489977836609,1.0008397102355957,1.001381516456604,-0.010422478429973125,-0.4599689543247223,0.019254334270954132
1765156554.913471,cf1,-0.9059931635856628,0.6544215679168701,1.0055054426193237,0.2059813290834427,-0.3640934228897095,0.002727306680753827
1765156554.9139433,cf1,-0.9059931635856628,0.6544215679168701,1.0055054426193237,0.21020109951496124,-0.3516261577606201,-0.011076904833316803
1765156554.922376,cf2,-0.927496075630188,0.9912512898445129,1.0019476413726807,-0.010422478429973125,-0.4599689543247223,0.019254334270954132
1765156554.9226406,cf2,-0.927496075630188,0.9912512898445129,1.0019476413726807,-0.005037161521613598,-0.4585152566432953,0.025629550218582153
1765156554.9334412,cf1,-0.9017544984817505,0.646878182888031,1.005169153213501,0.21020109951496124,-0.3516261577606201,-0.011076904833316803
1765156554.9338124,cf1,-0.9017544984817505,0.646878182888031,1.005169153213501,0.21712063252925873,-0.34351879358291626,-0.024064958095550537
1765156554.942376,cf2,-0.9277287721633911,0.9840354919433594,1.0024042129516602,-0.005037161521613598,-0.4585152566432953,0.025629550218582153
1765156554.9426613,cf2,-0.9277287721633911,0.9840354919433594,1.0024042129516602,0.00018525384075473994,-0.4481361508369446,0.026799073442816734
1765156554.9532843,cf1,-0.8972156047821045,0.639227569103241,1.0046535730361938,0.21712063252925873,-0.34351879358291626,-0.024064958095550537
1765156554.9535518,cf1,-0.8972156047821045,0.639227569103241,1.0046535730361938,0.2247225046157837,-0.33595362305641174,-0.033667854964733124
1765156554.9623497,cf2,-0.9278746247291565,0.9752230644226074,1.0029089450836182,0.00018525384075473994,-0.4481361508369446,0.026799073442816734
1765156554.9626083,cf2,-0.9278746247291565,0.9752230644226074,1.0029089450836182,0.005401779897511005,-0.4448033571243286,0.024276873096823692
1765156554.9730074,cf1,-0.8925150632858276,0.6317365765571594,1.0040754079818726,0.2247225046157837,-0.33595362305641174,-0.033667854964733124
1765156554.9739807,cf1,-0.8925150632858276,0.6317365765571594,1.0040754079818726,0.23239660263061523,-0.3280065655708313,-0.03689216077327728
1765156554.982331,cf2,-0.9278468489646912,0.9629381895065308,1.0034937858581543,0.005401779897511005,-0.4448033571243286,0.024276873096823692
1765156554.9825792,cf2,-0.9278468489646912,0.9629381895065308,1.0034937858581543,0.010977372527122498,-0.44848358631134033,0.018914327025413513
1765156554.9930964,cf1,-0.887654721736908,0.6244316697120667,1.0035635232925415,0.23239660263061523,-0.3280065655708313,-0.03689216077327728
1765156554.9937158,cf1,-0.887654721736908,0.6244316697120667,1.0035635232925415,0.24013063311576843,-0.3197486698627472,-0.03334415331482887
1765156555.0036592,cf2,-0.9277195930480957,0.9528816342353821,1.0037500858306885,0.010977372527122498,-0.44848358631134033,0.018914327025413513
1765156555.003995,cf2,-0.9277195930480957,0.9528816342353821,1.0037500858306885,0.01665544882416725,-0.4467901885509491,0.010912519879639149
1765156555.0132196,cf1,-0.8826271891593933,0.6173233389854431,1.0032395124435425,0.24013063311576843,-0.3197486698627472,-0.03334415331482887
1765156555.0136557,cf1,-0.8826271891593933,0.6173233389854431,1.0032395124435425,0.24789777398109436,-0.31118616461753845,-0.023759443312883377
1765156555.0237205,cf2,-0.9277219176292419,0.9482502341270447,1.0037328004837036,0.01665544882416725,-0.4467901885509491,0.010912519879639149
1765156555.0240338,cf2,-0.9277219176292419,0.9482502341270447,1.0037328004837036,0.019161900505423546,-0.4424595534801483,0.0060674953274428844
1765156555.03326,cf1,-0.8774304986000061,0.6104227900505066,1.0031805038452148,0.24789777398109436,-0.31118616461753845,-0.023759443312883377
1765156555.0335279,cf1,-0.8774304986000061,0.6104227900505066,1.0031805038452148,0.25559258460998535,-0.30225038528442383,-0.010179409757256508
1765156555.0424066,cf2,-0.9274430871009827,0.9389802813529968,1.0037230253219604,0.019161900505423546,-0.4424595534801483,0.0060674953274428844
1765156555.0427601,cf2,-0.9274430871009827,0.9389802813529968,1.0037230253219604,0.02474909834563732,-0.43886810541152954,-0.001812500529922545
1765156555.053413,cf1,-0.8720665574073792,0.6037402749061584,1.00340735912323,0.25559258460998535,-0.30225038528442383,-0.010179409757256508
1765156555.053657,cf1,-0.8720665574073792,0.6037402749061584,1.00340735912323,0.2631574273109436,-0.2928832471370697,0.004617121536284685
1765156555.0624695,cf2,-0.9270561337471008,0.9305042624473572,1.0036240816116333,0.02474909834563732,-0.43886810541152954,-0.001812500529922545
1765156555.062828,cf2,-0.9270561337471008,0.9305042624473572,1.0036240816116333,0.030342325568199158,-0.43578946590423584,-0.00820923876017332
1765156555.0735936,cf1,-0.8665403723716736,0.5972854495048523,1.0038862228393555,0.2631574273109436,-0.2928832471370697,0.004617121536284685
1765156555.073941,cf1,-0.8665403723716736,0.5972854495048523,1.0038862228393555,0.2705400288105011,-0.28301072120666504,0.017683327198028564
1765156555.082307,cf2,-0.9265605211257935,0.9212487936019897,1.0034515857696533,0.030342325568199158,-0.43578946590423584,-0.00820923876017332
1765156555.082604,cf2,-0.9265605211257935,0.9212487936019897,1.0034515857696533,0.03579819202423096,-0.43417051434516907,-0.011195208877325058
1765156555.093493,cf1,-0.8608617186546326,0.5910670161247253,1.0045377016067505,0.2705400288105011,-0.28301072120666504,0.017683327198028564
1765156555.0938916,cf1,-0.8608617186546326,0.5910670161247253,1.0045377016067505,0.2776503264904022,-0.2725609838962555,0.02678411640226841
1765156555.1023455,cf2,-0.9259418845176697,0.9119774699211121,1.0032758712768555,0.03579819202423096,-0.43417051434516907,-0.011195208877325058
1765156555.1029322,cf2,-0.9259418845176697,0.9119774699211121,1.0032758712768555,0.04145858436822891,-0.43276822566986084,-0.010548068210482597
1765156555.113392,cf1,-0.8550418019294739,0.5850919485092163,1.0052436590194702,0.2776503264904022,-0.2725609838962555,0.02678411640226841
1765156555.1136482,cf1,-0.8550418019294739,0.5850919485092163,1.0052436590194702,0.2844521999359131,-0.26146790385246277,0.029766788706183434
1765156555.123384,cf2,-0.9251352548599243,0.9017524123191833,1.0031827688217163,0.04145858436822891,-0.43276822566986084,-0.010548068210482597
1765156555.1238716,cf2,-0.9251352548599243,0.9017524123191833,1.0031827688217163,0.047526679933071136,-0.43037235736846924,-0.006036460865288973
1765156555.133283,cf1,-0.8490922451019287,0.5793666243553162,1.0058776140213013,0.2844521999359131,-0.26146790385246277,0.029766788706183434
1765156555.133711,cf1,-0.8490922451019287,0.5793666243553162,1.0058776140213013,0.2909199297428131,-0.24967843294143677,0.026414109393954277
1765156555.145505,cf2,-0.9242510795593262,0.8926389217376709,1.0032223463058472,0.047526679933071136,-0.43037235736846924,-0.006036460865288973
1765156555.1458035,cf2,-0.9242510795593262,0.8926389217376709,1.0032223463058472,0.05357129126787186,-0.42904242873191833,0.0009204988600686193
1765156555.1536655,cf1,-0.8430235385894775,0.5738967061042786,1.0063189268112183,0.2909199297428131,-0.24967843294143677,0.026414109393954277
1765156555.1540055,cf1,-0.8430235385894775,0.5738967061042786,1.0063189268112183,0.2970389723777771,-0.23718467354774475,0.016960710287094116
1765156555.1624405,cf2,-0.923263430595398,0.8841243982315063,1.0033732652664185,0.05357129126787186,-0.42904242873191833,0.0009204988600686193
1765156555.162914,cf2,-0.923263430595398,0.8841243982315063,1.0033732652664185,0.059898439794778824,-0.4251841604709625,0.008975058794021606
1765156555.1733952,cf1,-0.8368449807167053,0.5686880350112915,1.006478190422058,0.2970389723777771,-0.23718467354774475,0.016960710287094116
1765156555.1737657,cf1,-0.8368449807167053,0.5686880350112915,1.006478190422058,0.3028052747249603,-0.22401796281337738,0.0027589481323957443
1765156555.1823838,cf2,-0.9221282005310059,0.8751591444015503,1.0036925077438354,0.059898439794778824,-0.4251841604709625,0.008975058794021606
1765156555.1828609,cf2,-0.9221282005310059,0.8751591444015503,1.0036925077438354,0.06625854969024658,-0.423772931098938,0.016138825565576553
1765156555.1931446,cf1,-0.8305643200874329,0.5637477040290833,1.0063203573226929,0.3028052747249603,-0.22401796281337738,0.0027589481323957443
1765156555.1938481,cf1,-0.8305643200874329,0.5637477040290833,1.0063203573226929,0.30820518732070923,-0.2102717161178589,-0.01350127812474966
1765156555.2023633,cf2,-0.9208242893218994,0.8660344481468201,1.0041227340698242,0.06625854969024658,-0.423772931098938,0.016138825565576553
1765156555.2027247,cf2,-0.9208242893218994,0.8660344481468201,1.0041227340698242,0.07302769273519516,-0.4243248403072357,0.021387305110692978
1765156555.2137806,cf1,-0.8241860270500183,0.5590859055519104,1.00588059425354,0.30820518732070923,-0.2102717161178589,-0.01350127812474966
1765156555.2140338,cf1,-0.8241860270500183,0.5590859055519104,1.00588059425354,0.31327468156814575,-0.19607995450496674,-0.028086332604289055
1765156555.2223496,cf2,-0.9193744659423828,0.8569374680519104,1.0046052932739258,0.07302769273519516,-0.4243248403072357,0.021387305110692978
1765156555.2226207,cf2,-0.9193744659423828,0.8569374680519104,1.0046052932739258,0.07953733205795288,-0.4209398031234741,0.023190276697278023
1765156555.2332478,cf1,-0.8177122473716736,0.5547139644622803,1.0052558183670044,0.31327468156814575,-0.19607995450496674,-0.028086332604289055
1765156555.2335613,cf1,-0.8177122473716736,0.5547139644622803,1.0052558183670044,0.31806042790412903,-0.18162040412425995,-0.03788486495614052
1765156555.242249,cf2,-0.9177806377410889,0.8478870391845703,1.0050702095031738,0.07953733205795288,-0.4209398031234741,0.023190276697278023
1765156555.2425206,cf2,-0.9177806377410889,0.8478870391845703,1.0050702095031738,0.08633158355951309,-0.41895735263824463,0.02160463109612465
1765156555.253526,cf1,-0.8111426830291748,0.5506449341773987,1.0045908689498901,0.31806042790412903,-0.18162040412425995,-0.03788486495614052
1765156555.2538953,cf1,-0.8111426830291748,0.5506449341773987,1.0045908689498901,0.3226219713687897,-0.16705133020877838,-0.04010656476020813
1765156555.262407,cf2,-0.9160441160202026,0.8388904333114624,1.0054495334625244,0.08633158355951309,-0.41895735263824463,0.02160463109612465
1765156555.262868,cf2,-0.9160441160202026,0.8388904333114624,1.0054495334625244,0.09345213323831558,-0.4182843267917633,0.016499709337949753
1765156555.2734008,cf1,-0.8044771552085876,0.5468883514404297,1.004027009010315,0.3226219713687897,-0.16705133020877838,-0.04010656476020813
1765156555.2737367,cf1,-0.8044771552085876,0.5468883514404297,1.004027009010315,0.3270057439804077,-0.15252038836479187,-0.035007283091545105
1765156555.2833812,cf2,-0.914025604724884,0.8293536901473999,1.0057116746902466,0.09345213323831558,-0.4182843267917633,0.016499709337949753
1765156555.2837286,cf2,-0.914025604724884,0.8293536901473999,1.0057116746902466,0.09990816563367844,-0.41163209080696106,0.007634956855326891
1765156555.293395,cf1,-0.7977146506309509,0.5434501767158508,1.0036855936050415,0.3270057439804077,-0.15252038836479187,-0.035007283091545105
1765156555.293756,cf1,-0.7977146506309509,0.5434501767158508,1.0036855936050415,0.3312794268131256,-0.13812460005283356,-0.023125261068344116
1765156555.3033676,cf2,-0.9121471643447876,0.821094810962677,1.0057693719863892,0.09990816563367844,-0.41163209080696106,0.007634956855326891
1765156555.30371,cf2,-0.9121471643447876,0.821094810962677,1.0057693719863892,0.10620162636041641,-0.40529704093933105,-0.0017112006898969412
1765156555.3135898,cf1,-0.7908543348312378,0.5403306484222412,1.0036380290985107,0.3312794268131256,-0.13812460005283356,-0.023125261068344116
1765156555.3140624,cf1,-0.7908543348312378,0.5403306484222412,1.0036380290985107,0.335492879152298,-0.12394488602876663,-0.006850872654467821
1765156555.323321,cf2,-0.9100011587142944,0.8123679161071777,1.0056978464126587,0.10620162636041641,-0.40529704093933105,-0.0017112006898969412
1765156555.32368,cf2,-0.9100011587142944,0.8123679161071777,1.0056978464126587,0.11334191262722015,-0.40266069769859314,-0.010501149110496044
1765156555.333743,cf1,-0.7838960289955139,0.5375235080718994,1.003888726234436,0.335492879152298,-0.12394488602876663,-0.006850872654467821
1765156555.3340938,cf1,-0.7838960289955139,0.5375235080718994,1.003888726234436,0.3396966755390167,-0.11002486199140549,0.010390102863311768
1765156555.343482,cf2,-0.9077101945877075,0.8037137985229492,1.0055257081985474,0.11334191262722015,-0.40266069769859314,-0.010501149110496044
1765156555.3438249,cf2,-0.9077101945877075,0.8037137985229492,1.0055257081985474,0.12002536654472351,-0.3975905776023865,-0.016402021050453186
1765156555.3535564,cf1,-0.7774737477302551,0.5352954864501953,1.0043069124221802,0.3396966755390167,-0.11002486199140549,0.010390102863311768
1765156555.3538942,cf1,-0.7774737477302551,0.5352954864501953,1.0043069124221802,0.3439476788043976,-0.0963641032576561,0.025161204859614372
1765156555.3635848,cf2,-0.9052814841270447,0.7951797246932983,1.0053346157073975,0.12002536654472351,-0.3975905776023865,-0.016402021050453186
1765156555.3639145,cf2,-0.9052814841270447,0.7951797246932983,1.0053346157073975,0.12615610659122467,-0.3902479112148285,-0.017882313579320908
1765156555.3731515,cf1,-0.7712088823318481,0.5332695841789246,1.0048744678497314,0.3439476788043976,-0.0963641032576561,0.025161204859614372
1765156555.3737931,cf1,-0.7712088823318481,0.5332695841789246,1.0048744678497314,0.34328800439834595,-0.08161729574203491,0.034475523978471756
1765156555.3832827,cf2,-0.9026365280151367,0.7865542769432068,1.0052024126052856,0.12615610659122467,-0.3902479112148285,-0.017882313579320908
1765156555.3838446,cf2,-0.9026365280151367,0.7865542769432068,1.0052024126052856,0.13243955373764038,-0.381300687789917,-0.014887871220707893
1765156555.3932903,cf1,-0.7642541527748108,0.5313366651535034,1.0055009126663208,0.34328800439834595,-0.08161729574203491,0.034475523978471756
1765156555.3936276,cf1,-0.7642541527748108,0.5313366651535034,1.0055009126663208,0.34697261452674866,-0.06843931972980499,0.037742357701063156
1765156555.4034212,cf2,-0.9000087380409241,0.7785251140594482,1.0052170753479004,0.13243955373764038,-0.381300687789917,-0.014887871220707893
1765156555.4037564,cf2,-0.9000087380409241,0.7785251140594482,1.0052170753479004,0.13845865428447723,-0.37431347370147705,-0.008450541645288467
1765156555.4133396,cf1,-0.7560616135597229,0.5294574499130249,1.0060991048812866,0.34697261452674866,-0.06843931972980499,0.037742357701063156
1765156555.4136767,cf1,-0.7560616135597229,0.5294574499130249,1.0060991048812866,0.35289719700813293,-0.0555986724793911,0.033366866409778595
1765156555.4237914,cf2,-0.8971763849258423,0.7704357504844666,1.0053989887237549,0.13845865428447723,-0.37431347370147705,-0.008450541645288467
1765156555.4241807,cf2,-0.8971763849258423,0.7704357504844666,1.0053989887237549,0.1444254368543625,-0.3673417866230011,-8.66730188135989e-05
1765156555.4335375,cf1,-0.7485905289649963,0.5279957056045532,1.0063471794128418,0.35289719700813293,-0.0555986724793911,0.033366866409778595
1765156555.433913,cf1,-0.7485905289649963,0.5279957056045532,1.0063471794128418,0.3577621877193451,-0.042926125228405,0.02156657725572586
1765156555.4432895,cf2,-0.8934476971626282,0.7606576085090637,1.005831003189087,0.1444254368543625,-0.3673417866230011,-8.66730188135989e-05
1765156555.4437423,cf2,-0.8934476971626282,0.7606576085090637,1.005831003189087,0.1516747623682022,-0.36315855383872986,0.00864445324987173
1765156555.4532545,cf1,-0.7408378720283508,0.526763379573822,1.0062237977981567,0.3577621877193451,-0.042926125228405,0.02156657725572586
1765156555.4535317,cf1,-0.7408378720283508,0.526763379573822,1.0062237977981567,0.363539457321167,-0.030124228447675705,0.004855562932789326
1765156555.4634929,cf2,-0.8908880352973938,0.7541717290878296,1.0062819719314575,0.1516747623682022,-0.36315855383872986,0.00864445324987173
1765156555.463839,cf2,-0.8908880352973938,0.7541717290878296,1.0062819719314575,0.1551038771867752,-0.35069677233695984,0.015376982279121876
1765156555.4741614,cf1,-0.7330140471458435,0.5257934927940369,1.005661964416504,0.363539457321167,-0.030124228447675705,0.004855562932789326
1765156555.474504,cf1,-0.7330140471458435,0.5257934927940369,1.005661964416504,0.3687993288040161,-0.016702748835086823,-0.015039781108498573
1765156555.4835355,cf2,-0.8879081010818481,0.7471029162406921,1.0068399906158447,0.1551038771867752,-0.35069677233695984,0.015376982279121876
1765156555.483882,cf2,-0.8879081010818481,0.7471029162406921,1.0068399906158447,0.1600235402584076,-0.34185436367988586,0.019333230331540108
1765156555.494161,cf1,-0.7263770699501038,0.5251161456108093,1.0048670768737793,0.3687993288040161,-0.016702748835086823,-0.015039781108498573
1765156555.4944057,cf1,-0.7263770699501038,0.5251161456108093,1.0048670768737793,0.3709542155265808,-0.004124082624912262,-0.03179378807544708
1765156555.5037682,cf2,-0.8846006989479065,0.739699125289917,1.007431149482727,0.1600235402584076,-0.34185436367988586,0.019333230331540108
1765156555.5040846,cf2,-0.8846006989479065,0.739699125289917,1.007431149482727,0.16538186371326447,-0.3339555859565735,0.019204476848244667
1765156555.514125,cf1,-0.7176471948623657,0.5246261358261108,1.003628134727478,0.3709542155265808,-0.004124082624912262,-0.03179378807544708
1765156555.514438,cf1,-0.7176471948623657,0.5246261358261108,1.003628134727478,0.3775400221347809,0.008636636659502983,-0.04307117685675621
1765156555.5234597,cf2,-0.8811724781990051,0.7324391007423401,1.0079549551010132,0.16538186371326447,-0.3339555859565735,0.019204476848244667
1765156555.523801,cf2,-0.8811724781990051,0.7324391007423401,1.0079549551010132,0.17060820758342743,-0.32572269439697266,0.015521877445280552
1765156555.5352418,cf1,-0.7089579701423645,0.5243508815765381,1.002389669418335,0.3775400221347809,0.008636636659502983,-0.04307117685675621
1765156555.5355608,cf1,-0.7089579701423645,0.5243508815765381,1.002389669418335,0.3834151029586792,0.02076866663992405,-0.04472089186310768
1765156555.5433578,cf2,-0.8776400685310364,0.7253559231758118,1.0083427429199219,0.17060820758342743,-0.32572269439697266,0.015521877445280552
1765156555.5437927,cf2,-0.8776400685310364,0.7253559231758118,1.0083427429199219,0.17577308416366577,-0.31725457310676575,0.008947703056037426
1765156555.553102,cf1,-0.7023946642875671,0.5244268774986267,1.0015679597854614,0.3834151029586792,0.02076866663992405,-0.04472089186310768
1765156555.5534697,cf1,-0.7023946642875671,0.5244268774986267,1.0015679597854614,0.3842334747314453,0.03333417698740959,-0.035286903381347656
1765156555.5636597,cf2,-0.8740038275718689,0.7184481620788574,1.0085495710372925,0.17577308416366577,-0.31725457310676575,0.008947703056037426
1765156555.564006,cf2,-0.8740038275718689,0.7184481620788574,1.0085495710372925,0.18097522854804993,-0.30875536799430847,0.0002614806580822915
1765156555.574201,cf1,-0.6930316686630249,0.5248589515686035,1.0007152557373047,0.3842334747314453,0.03333417698740959,-0.035286903381347656
1765156555.574539,cf1,-0.6930316686630249,0.5248589515686035,1.0007152557373047,0.39236900210380554,0.0463578887283802,-0.018440214917063713
1765156555.5844207,cf2,-0.8702638149261475,0.7117144465446472,1.0085636377334595,0.18097522854804993,-0.30875536799430847,0.0002614806580822915
1765156555.584785,cf2,-0.8702638149261475,0.7117144465446472,1.0085636377334595,0.18623922765254974,-0.30025142431259155,-0.008906354196369648
1765156555.5941837,cf1,-0.6846988201141357,0.525483250617981,1.0004180669784546,0.39236900210380554,0.0463578887283802,-0.018440214917063713
1765156555.5945656,cf1,-0.6846988201141357,0.525483250617981,1.0004180669784546,0.39939987659454346,0.05844241380691528,0.0023864631075412035
1765156555.6036196,cf2,-0.8663037419319153,0.7049878835678101,1.0084054470062256,0.18623922765254974,-0.30025142431259155,-0.008906354196369648
1765156555.6039815,cf2,-0.8663037419319153,0.7049878835678101,1.0084054470062256,0.191062331199646,-0.28916019201278687,-0.017375962808728218
1765156555.6141012,cf1,-0.6760933995246887,0.5264041423797607,1.0005035400390625,0.39939987659454346,0.05844241380691528,0.0023864631075412035
1765156555.6144044,cf1,-0.6760933995246887,0.5264041423797607,1.0005035400390625,0.40657544136047363,0.0705222338438034,0.02398127131164074
1765156555.6235752,cf2,-0.8612130880355835,0.6969685554504395,1.0080589056015015,0.191062331199646,-0.28916019201278687,-0.017375962808728218
1765156555.6238217,cf2,-0.8612130880355835,0.6969685554504395,1.0080589056015015,0.1989869922399521,-0.2838588356971741,-0.02232092246413231
1765156555.6342185,cf1,-0.6673299074172974,0.5276060104370117,1.0008968114852905,0.40657544136047363,0.0705222338438034,0.02398127131164074
1765156555.6345787,cf1,-0.6673299074172974,0.5276060104370117,1.0008968114852905,0.41378793120384216,0.0826396718621254,0.04177439957857132
1765156555.6433663,cf2,-0.8570399880409241,0.6907252073287964,1.007743000984192,0.1989869922399521,-0.2838588356971741,-0.02232092246413231
1765156555.6436596,cf2,-0.8570399880409241,0.6907252073287964,1.007743000984192,0.20471030473709106,-0.27532902359962463,-0.023232316598296165
1765156555.655326,cf1,-0.6584166288375854,0.5290820002555847,1.0014523267745972,0.41378793120384216,0.0826396718621254,0.04177439957857132
1765156555.6557133,cf1,-0.6584166288375854,0.5290820002555847,1.0014523267745972,0.42106762528419495,0.09486263990402222,0.05204486846923828
1765156555.6639116,cf2,-0.8541420698165894,0.6864981651306152,1.0076088905334473,0.20471030473709106,-0.27532902359962463,-0.023232316598296165
1765156555.6642764,cf2,-0.8541420698165894,0.6864981651306152,1.0076088905334473,0.2056635171175003,-0.2608526647090912,-0.019277576357126236
1765156555.67365,cf1,-0.6494404673576355,0.5308092832565308,1.0019794702529907,0.42106762528419495,0.09486263990402222,0.05204486846923828
1765156555.67397,cf1,-0.6494404673576355,0.5308092832565308,1.0019794702529907,0.4246057868003845,0.10692021250724792,0.051993757486343384
1765156555.682354,cf2,-0.8506507277488708,0.6816750168800354,1.007514476776123,0.2056635171175003,-0.2608526647090912,-0.019277576357126236
1765156555.6826303,cf2,-0.8506507277488708,0.6816750168800354,1.007514476776123,0.21055884659290314,-0.25864148139953613,-0.016067929565906525
1765156555.6931415,cf1,-0.6402150392532349,0.5328170657157898,1.002303123474121,0.4246057868003845,0.10692021250724792,0.051993757486343384
1765156555.693676,cf1,-0.6402150392532349,0.5328170657157898,1.002303123474121,0.4317122995853424,0.11954967677593231,0.042735859751701355
1765156555.7023633,cf2,-0.8466214537620544,0.676557183265686,1.0074777603149414,0.21055884659290314,-0.25864148139953613,-0.016067929565906525
1765156555.7028117,cf2,-0.8466214537620544,0.676557183265686,1.0074777603149414,0.21625451743602753,-0.2497369647026062,-0.008568629622459412
1765156555.7134438,cf1,-0.6309250593185425,0.5350640416145325,1.0022653341293335,0.4317122995853424,0.11954967677593231,0.042735859751701355
1765156555.7137961,cf1,-0.6309250593185425,0.5350640416145325,1.0022653341293335,0.43829628825187683,0.1323961317539215,0.025664784014225006
1765156555.7223458,cf2,-0.8421100974082947,0.6710975170135498,1.007609248161316,0.21625451743602753,-0.2497369647026062,-0.008568629622459412
1765156555.7226727,cf2,-0.8421100974082947,0.6710975170135498,1.007609248161316,0.22101642191410065,-0.23933851718902588,-0.00025711263879202306
1765156555.7333028,cf1,-0.6215386986732483,0.537558376789093,1.0017881393432617,0.43829628825187683,0.1323961317539215,0.025664784014225006
1765156555.7335498,cf1,-0.6215386986732483,0.537558376789093,1.0017881393432617,0.44437897205352783,0.14550119638442993,0.004038399551063776
1765156555.7425168,cf2,-0.8376316428184509,0.6660056114196777,1.0078686475753784,0.22101642191410065,-0.23933851718902588,-0.00025711263879202306
1765156555.7428741,cf2,-0.8376316428184509,0.6660056114196777,1.0078686475753784,0.22596362233161926,-0.2294309288263321,0.007731008343398571
1765156555.7530227,cf1,-0.6120604276657104,0.5403054356575012,1.000885009765625,0.44437897205352783,0.14550119638442993,0.004038399551063776
1765156555.7534966,cf1,-0.6120604276657104,0.5403054356575012,1.000885009765625,0.4499829113483429,0.15879447758197784,-0.017401952296495438
1765156555.7623105,cf2,-0.8327478766441345,0.6608197093009949,1.008223295211792,0.22596362233161926,-0.2294309288263321,0.007731008343398571
1765156555.7626913,cf2,-0.8327478766441345,0.6608197093009949,1.008223295211792,0.2322857826948166,-0.2202671766281128,0.013339842669665813
1765156555.7736197,cf1,-0.6024930477142334,0.5433143377304077,0.9996702075004578,0.4499829113483429,0.15879447758197784,-0.017401952296495438
1765156555.7740035,cf1,-0.6024930477142334,0.5433143377304077,0.9996702075004578,0.4551195502281189,0.1721409261226654,-0.033697567880153656
1765156555.7823753,cf2,-0.8277161717414856,0.655852198600769,1.0086058378219604,0.2322857826948166,-0.2202671766281128,0.013339842669665813
1765156555.7826273,cf2,-0.8277161717414856,0.655852198600769,1.0086058378219604,0.23708121478557587,-0.2074354588985443,0.0156280267983675
1765156555.7937968,cf1,-0.5945369601249695,0.546038031578064,0.998561441898346,0.4551195502281189,0.1721409261226654,-0.033697567880153656
1765156555.7941535,cf1,-0.5945369601249695,0.546038031578064,0.998561441898346,0.45507651567459106,0.18340690433979034,-0.04061780869960785
1765156555.8023474,cf2,-0.8228397965431213,0.6513482928276062,1.008905291557312,0.23708121478557587,-0.2074354588985443,0.0156280267983675
1765156555.8026931,cf2,-0.8228397965431213,0.6513482928276062,1.008905291557312,0.24342547357082367,-0.19745267927646637,0.013806691393256187
1765156555.8131251,cf1,-0.5831872820854187,0.5501365065574646,0.9971315264701843,0.45507651567459106,0.18340690433979034,-0.04061780869960785
1765156555.813445,cf1,-0.5831872820854187,0.5501365065574646,0.9971315264701843,0.46114179491996765,0.197395920753479,-0.03663061931729317
1765156555.8224592,cf2,-0.8176997900009155,0.6469319462776184,1.0090720653533936,0.24342547357082367,-0.19745267927646637,0.013806691393256187
1765156555.8227997,cf2,-0.8176997900009155,0.6469319462776184,1.0090720653533936,0.25032129883766174,-0.18753929436206818,0.007918213494122028
1765156555.8334596,cf1,-0.5732972621917725,0.554032027721405,0.9962010383605957,0.46114179491996765,0.197395920753479,-0.03663061931729317
1765156555.8338,cf1,-0.5732972621917725,0.554032027721405,0.9962010383605957,0.4652509391307831,0.2103898674249649,-0.022682495415210724
1765156555.8435419,cf2,-0.8122915029525757,0.6426296830177307,1.009035348892212,0.25032129883766174,-0.18753929436206818,0.007918213494122028
1765156555.8437963,cf2,-0.8122915029525757,0.6426296830177307,1.009035348892212,0.2571570575237274,-0.1765013486146927,-0.0017394403694197536
1765156555.8538587,cf1,-0.5633702874183655,0.5583194494247437,0.995623767375946,0.4652509391307831,0.2103898674249649,-0.022682495415210724
1765156555.8542185,cf1,-0.5633702874183655,0.5583194494247437,0.995623767375946,0.4655473530292511,0.221461221575737,-0.001309280632995069
1765156555.8636408,cf2,-0.8069909811019897,0.6387075185775757,1.0087673664093018,0.2571570575237274,-0.1765013486146927,-0.0017394403694197536
1765156555.863987,cf2,-0.8069909811019897,0.6387075185775757,1.0087673664093018,0.2640606760978699,-0.16622766852378845,-0.01246495172381401
1765156555.8751929,cf1,-0.5534512400627136,0.5626464486122131,0.9956673383712769,0.4655473530292511,0.221461221575737,-0.001309280632995069
1765156555.8755274,cf1,-0.5534512400627136,0.5626464486122131,0.9956673383712769,0.46984347701072693,0.23421499133110046,0.02259249798953533
1765156555.8836815,cf2,-0.8014424443244934,0.6349103450775146,1.0082865953445435,0.2640606760978699,-0.16622766852378845,-0.01246495172381401
1765156555.8838947,cf2,-0.8014424443244934,0.6349103450775146,1.0082865953445435,0.27122005820274353,-0.15610431134700775,-0.02248990163207054
1765156555.8935177,cf1,-0.5451521873474121,0.5665808320045471,0.9959209561347961,0.46984347701072693,0.23421499133110046,0.02259249798953533
1765156555.8938594,cf1,-0.5451521873474121,0.5665808320045471,0.9959209561347961,0.4686927795410156,0.24383145570755005,0.042730335146188736
1765156555.9038203,cf2,-0.7957472801208496,0.6313194632530212,1.0076584815979004,0.27122005820274353,-0.15610431134700775,-0.02248990163207054
1765156555.9041624,cf2,-0.7957472801208496,0.6313194632530212,1.0076584815979004,0.27943161129951477,-0.14674215018749237,-0.029387228190898895
1765156555.91316,cf1,-0.5357855558395386,0.5711584091186523,0.9964764714241028,0.4686927795410156,0.24383145570755005,0.042730335146188736
1765156555.913527,cf1,-0.5357855558395386,0.5711584091186523,0.9964764714241028,0.47123947739601135,0.2552241384983063,0.057841457426548004
1765156555.9237268,cf2,-0.7899099588394165,0.6279450058937073,1.0069798231124878,0.27943161129951477,-0.14674215018749237,-0.029387228190898895
1765156555.9238884,cf2,-0.7899099588394165,0.6279450058937073,1.0069798231124878,0.28544408082962036,-0.13580220937728882,-0.03141022101044655
1765156555.9332967,cf1,-0.5256574153900146,0.576342761516571,0.9971474409103394,0.47123947739601135,0.2552241384983063,0.057841457426548004
1765156555.9336677,cf1,-0.5256574153900146,0.576342761516571,0.9971474409103394,0.47492626309394836,0.2670968472957611,0.0643615871667862
1765156555.9437695,cf2,-0.7839285135269165,0.6247925758361816,1.0063554048538208,0.28544408082962036,-0.13580220937728882,-0.03141022101044655
1765156555.9441304,cf2,-0.7839285135269165,0.6247925758361816,1.0063554048538208,0.29235610365867615,-0.12563328444957733,-0.02840724214911461
1765156555.9536338,cf1,-0.5154238939285278,0.5817902684211731,0.9977301955223083,0.47492626309394836,0.2670968472957611,0.0643615871667862
1765156555.9539974,cf1,-0.5154238939285278,0.5817902684211731,0.9977301955223083,0.47869378328323364,0.27887842059135437,0.06071614846587181
1765156555.9633915,cf2,-0.7778034210205078,0.6218673586845398,1.0058749914169312,0.29235610365867615,-0.12563328444957733,-0.02840724214911461
1765156555.9636903,cf2,-0.7778034210205078,0.6218673586845398,1.0058749914169312,0.29899120330810547,-0.11544114351272583,-0.021069258451461792
1765156555.9734359,cf1,-0.5051265954971313,0.5874671936035156,0.9980403184890747,0.47869378328323364,0.27887842059135437,0.06071614846587181
1765156555.9742272,cf1,-0.5051265954971313,0.5874671936035156,0.9980403184890747,0.48062029480934143,0.2896714508533478,0.048107702285051346
1765156555.9835815,cf2,-0.7715429663658142,0.6191728115081787,1.0055968761444092,0.29899120330810547,-0.11544114351272583,-0.021069258451461792
1765156555.9838355,cf2,-0.7715429663658142,0.6191728115081787,1.0055968761444092,0.3052651584148407,-0.10521459579467773,-0.010566938668489456
1765156555.993183,cf1,-0.4947630763053894,0.5933654308319092,0.9979351162910461,0.48062029480934143,0.2896714508533478,0.048107702285051346
1765156555.9936073,cf1,-0.4947630763053894,0.5933654308319092,0.9979351162910461,0.4848915934562683,0.30146291851997375,0.028675490990281105
1765156556.0036492,cf2,-0.765151858329773,0.6167110800743103,1.0055389404296875,0.3052651584148407,-0.10521459579467773,-0.010566938668489456
1765156556.0040007,cf2,-0.765151858329773,0.6167110800743103,1.0055389404296875,0.31124141812324524,-0.0949338749051094,0.001012367196381092
1765156556.0130403,cf1,-0.4840916097164154,0.5996344089508057,0.9973384737968445,0.4848915934562683,0.30146291851997375,0.028675490990281105
1765156556.0133984,cf1,-0.4840916097164154,0.5996344089508057,0.9973384737968445,0.48855122923851013,0.3132288455963135,0.004800145048648119
1765156556.0235097,cf2,-0.7586380839347839,0.614481508731842,1.0056712627410889,0.31124141812324524,-0.0949338749051094,0.001012367196381092
1765156556.023858,cf2,-0.7586380839347839,0.614481508731842,1.0056712627410889,0.31690579652786255,-0.08456891775131226,0.011299580335617065
1765156556.0333107,cf1,-0.47309568524360657,0.6062930822372437,0.996266782283783,0.48855122923851013,0.3132288455963135,0.004800145048648119
1765156556.0341196,cf1,-0.47309568524360657,0.6062930822372437,0.996266782283783,0.4898211359977722,0.3232848644256592,-0.016977032646536827
1765156556.04225,cf2,-0.7520096302032471,0.6124833226203918,1.005919098854065,0.31690579652786255,-0.08456891775131226,0.011299580335617065
1765156556.042641,cf2,-0.7520096302032471,0.6124833226203918,1.005919098854065,0.32229214906692505,-0.07405968755483627,0.018107429146766663
1765156556.0531414,cf1,-0.46260932087898254,0.612806499004364,0.994937002658844,0.4898211359977722,0.3232848644256592,-0.016977032646536827
1765156556.0534782,cf1,-0.46260932087898254,0.612806499004364,0.994937002658844,0.49222564697265625,0.33327844738960266,-0.030255034565925598
1765156556.0624716,cf2,-0.7452394962310791,0.6107105016708374,1.006185531616211,0.32229214906692505,-0.07405968755483627,0.018107429146766663
1765156556.0628245,cf2,-0.7452394962310791,0.6107105016708374,1.006185531616211,0.3266270160675049,-0.0626143366098404,0.019919926300644875
1765156556.0734143,cf1,-0.4493940770626068,0.6213622093200684,0.9931626319885254,0.49222564697265625,0.33327844738960266,-0.030255034565925598
1765156556.0736752,cf1,-0.4493940770626068,0.6213622093200684,0.9931626319885254,0.5030403733253479,0.3490326404571533,-0.033075615763664246
1765156556.0823321,cf2,-0.738444983959198,0.6091774702072144,1.006360650062561,0.3266270160675049,-0.0626143366098404,0.019919926300644875
1765156556.0825996,cf2,-0.738444983959198,0.6091774702072144,1.006360650062561,0.3314204216003418,-0.05175788700580597,0.016409561038017273
1765156556.0935047,cf1,-0.43841952085494995,0.6286097168922424,0.991952657699585,0.5030403733253479,0.3490326404571533,-0.033075615763664246
1765156556.0937505,cf1,-0.43841952085494995,0.6286097168922424,0.991952657699585,0.5087170600891113,0.36070895195007324,-0.02315562404692173
1765156556.1022859,cf2,-0.7315239310264587,0.6078611016273499,1.0063509941101074,0.3314204216003418,-0.05175788700580597,0.016409561038017273
1765156556.102656,cf2,-0.7315239310264587,0.6078611016273499,1.0063509941101074,0.3360992670059204,-0.04069133475422859,0.007990861311554909
1765156556.1132767,cf1,-0.4307519197463989,0.6336796879768372,0.991509735584259,0.5087170600891113,0.36070895195007324,-0.02315562404692173
1765156556.113632,cf1,-0.4307519197463989,0.6336796879768372,0.991509735584259,0.5032050609588623,0.3636365830898285,-0.00436356058344245
1765156556.1222935,cf2,-0.7247384786605835,0.6067942380905151,1.0060902833938599,0.3360992670059204,-0.04069133475422859,0.007990861311554909
1765156556.1226676,cf2,-0.7247384786605835,0.6067942380905151,1.0060902833938599,0.33816540241241455,-0.029156098142266273,-0.0038944778498262167
1765156556.1335251,cf1,-0.4199625849723816,0.6411045789718628,0.9911271929740906,0.5032050609588623,0.3636365830898285,-0.00436356058344245
1765156556.1338642,cf1,-0.4199625849723816,0.6411045789718628,0.9911271929740906,0.5081037282943726,0.3738675117492676,0.017834041267633438
1765156556.1425564,cf2,-0.7174422144889832,0.6059067249298096,1.0055527687072754,0.33816540241241455,-0.029156098142266273,-0.0038944778498262167
1765156556.1429143,cf2,-0.7174422144889832,0.6059067249298096,1.0055527687072754,0.3433009684085846,-0.01767786405980587,-0.016627797856926918
1765156556.153344,cf1,-0.40889257192611694,0.6488946080207825,0.9911864995956421,0.5081037282943726,0.3738675117492676,0.017834041267633438
1765156556.1537,cf1,-0.40889257192611694,0.6488946080207825,0.9911864995956421,0.5129212737083435,0.38374656438827515,0.039166536182165146
1765156556.162398,cf2,-0.710238516330719,0.6052738428115845,1.004784345626831,0.3433009684085846,-0.01767786405980587,-0.016627797856926918
1765156556.162726,cf2,-0.710238516330719,0.6052738428115845,1.004784345626831,0.3481856882572174,-0.006026688497513533,-0.02770860679447651
1765156556.1730788,cf1,-0.3977375626564026,0.6569029688835144,0.9916173815727234,0.5129212737083435,0.38374656438827515,0.039166536182165146
1765156556.173467,cf1,-0.3977375626564026,0.6569029688835144,0.9916173815727234,0.5171752572059631,0.39297041296958923,0.0572231151163578
1765156556.1824696,cf2,-0.7031816244125366,0.6048861742019653,1.003903865814209,0.3481856882572174,-0.006026688497513533,-0.02770860679447651
1765156556.1828835,cf2,-0.7031816244125366,0.6048861742019653,1.003903865814209,0.35053104162216187,0.005604664329439402,-0.03423905372619629
1765156556.1940038,cf1,-0.38333314657211304,0.6675652265548706,0.9924436807632446,0.5171752572059631,0.39297041296958923,0.0572231151163578
1765156556.1943517,cf1,-0.38333314657211304,0.6675652265548706,0.9924436807632446,0.5260190963745117,0.40619421005249023,0.06977948546409607
1765156556.2022977,cf2,-0.69648277759552,0.6047059297561646,1.003080129623413,0.35053104162216187,0.005604664329439402,-0.03423905372619629
1765156556.2026677,cf2,-0.69648277759552,0.6047059297561646,1.003080129623413,0.35252755880355835,0.016880696639418602,-0.03434251248836517
1765156556.2142065,cf1,-0.3750576972961426,0.6736236810684204,0.9929083585739136,0.5260190963745117,0.40619421005249023,0.06977948546409607
1765156556.2145524,cf1,-0.3750576972961426,0.6736236810684204,0.9929083585739136,0.520493745803833,0.4072876572608948,0.06842991709709167
1765156556.2223651,cf2,-0.6899513006210327,0.6048054099082947,1.0023491382598877,0.35252755880355835,0.016880696639418602,-0.03434251248836517
1765156556.2227519,cf2,-0.6899513006210327,0.6048054099082947,1.0023491382598877,0.3570611774921417,0.02809150144457817,-0.02833891101181507
1765156556.2340677,cf1,-0.3638816475868225,0.6820526123046875,0.9933715462684631,0.520493745803833,0.4072876572608948,0.06842991709709167
1765156556.2344043,cf1,-0.3638816475868225,0.6820526123046875,0.9933715462684631,0.5245397090911865,0.4161776304244995,0.05940096825361252
1765156556.2422543,cf2,-0.682398796081543,0.6050933003425598,1.0017189979553223,0.3570611774921417,0.02809150144457817,-0.02833891101181507
1765156556.2425659,cf2,-0.682398796081543,0.6050933003425598,1.0017189979553223,0.3611593544483185,0.03927187621593475,-0.016800235956907272
1765156556.2540288,cf1,-0.35246872901916504,0.6907898783683777,0.9935091733932495,0.5245397090911865,0.4161776304244995,0.05940096825361252
1765156556.2544556,cf1,-0.35246872901916504,0.6907898783683777,0.9935091733932495,0.5287612676620483,0.425350159406662,0.04137400537729263
1765156556.2625782,cf2,-0.674696683883667,0.6056318283081055,1.001339316368103,0.3611593544483185,0.03927187621593475,-0.016800235956907272
1765156556.2629192,cf2,-0.674696683883667,0.6056318283081055,1.001339316368103,0.36850497126579285,0.05025669187307358,-0.001985011389479041
1765156556.2740676,cf1,-0.3409952223300934,0.699698269367218,0.9932276010513306,0.5287612676620483,0.425350159406662,0.04137400537729263
1765156556.2744708,cf1,-0.3409952223300934,0.699698269367218,0.9932276010513306,0.5325559973716736,0.4342840313911438,0.019656309857964516
1765156556.2823744,cf2,-0.6668602824211121,0.6064223051071167,1.0012109279632568,0.36850497126579285,0.05025669187307358,-0.001985011389479041
1765156556.2826247,cf2,-0.6668602824211121,0.6064223051071167,1.0012109279632568,0.3733278512954712,0.0612572506070137,0.012392044998705387
1765156556.293274,cf1,-0.32869836688041687,0.7094039916992188,0.9925019145011902,0.5325559973716736,0.4342840313911438,0.019656309857964516
1765156556.2936873,cf1,-0.32869836688041687,0.7094039916992188,0.9925019145011902,0.5323793888092041,0.4403541088104248,-0.001932760002091527
1765156556.3023214,cf2,-0.6588851809501648,0.6074601411819458,1.0012800693511963,0.3733278512954712,0.0612572506070137,0.012392044998705387
1765156556.3025901,cf2,-0.6588851809501648,0.6074601411819458,1.0012800693511963,0.38145503401756287,0.0722566619515419,0.024044228717684746
1765156556.3141205,cf1,-0.3169794976711273,0.7187719345092773,0.9914674162864685,0.5323793888092041,0.4403541088104248,-0.001932760002091527
1765156556.3143785,cf1,-0.3169794976711273,0.7187719345092773,0.9914674162864685,0.5315567255020142,0.4457765519618988,-0.01734853908419609
1765156556.3222423,cf2,-0.6507692933082581,0.6087372899055481,1.001442551612854,0.38145503401756287,0.0722566619515419,0.024044228717684746
1765156556.3224928,cf2,-0.6507692933082581,0.6087372899055481,1.001442551612854,0.38679230213165283,0.0830613300204277,0.02987566404044628
1765156556.33428,cf1,-0.306293785572052,0.727405846118927,0.9904572367668152,0.5315567255020142,0.4457765519618988,-0.01734853908419609
1765156556.3345306,cf1,-0.306293785572052,0.727405846118927,0.9904572367668152,0.5330612063407898,0.45263761281967163,-0.022302517667412758
1765156556.34228,cf2,-0.6425150632858276,0.6102467775344849,1.0015804767608643,0.38679230213165283,0.0830613300204277,0.02987566404044628
1765156556.3426385,cf2,-0.6425150632858276,0.6102467775344849,1.0015804767608643,0.39376094937324524,0.09395361691713333,0.029640955850481987
1765156556.3541725,cf1,-0.291264146566391,0.739861786365509,0.9891543388366699,0.5330612063407898,0.45263761281967163,-0.022302517667412758
1765156556.3545218,cf1,-0.291264146566391,0.739861786365509,0.9891543388366699,0.5429288148880005,0.4668509066104889,-0.01637115515768528
1765156556.363541,cf2,-0.6339336633682251,0.6120333075523376,1.0015679597854614,0.39376094937324524,0.09395361691713333,0.029640955850481987
1765156556.3638864,cf2,-0.6339336633682251,0.6120333075523376,1.0015679597854614,0.4016052186489105,0.10540441423654556,0.02251211740076542
1765156556.3741858,cf1,-0.2793044447898865,0.7498617172241211,0.9885435104370117,0.5429288148880005,0.4668509066104889,-0.01637115515768528
1765156556.374462,cf1,-0.2793044447898865,0.7498617172241211,0.9885435104370117,0.5468440055847168,0.475521057844162,-0.0004165777936577797
1765156556.3832464,cf2,-0.6256076097488403,0.6139433979988098,1.0013079643249512,0.4016052186489105,0.10540441423654556,0.02251211740076542
1765156556.3835711,cf2,-0.6256076097488403,0.6139433979988098,1.0013079643249512,0.4081661105155945,0.11635977774858475,0.010584515519440174
1765156556.3941958,cf1,-0.26749053597450256,0.759867787361145,0.9884083867073059,0.5468440055847168,0.475521057844162,-0.0004165777936577797
1765156556.3944864,cf1,-0.26749053597450256,0.759867787361145,0.9884083867073059,0.550092875957489,0.4833390414714813,0.02087603509426117
1765156556.4035156,cf2,-0.6169843077659607,0.6161166429519653,1.0007569789886475,0.4081661105155945,0.11635977774858475,0.010584515519440174
1765156556.403875,cf2,-0.6169843077659607,0.6161166429519653,1.0007569789886475,0.4147989749908447,0.12745174765586853,-0.003749644849449396
1765156556.4144242,cf1,-0.25915074348449707,0.7669159173965454,0.9887024760246277,0.550092875957489,0.4833390414714813,0.02087603509426117
1765156556.4148347,cf1,-0.25915074348449707,0.7669159173965454,0.9887024760246277,0.5417522192001343,0.48032304644584656,0.03893781825900078
1765156556.4235744,cf2,-0.608234167098999,0.6185131669044495,0.9999292492866516,0.4147989749908447,0.12745174765586853,-0.003749644849449396
1765156556.423911,cf2,-0.608234167098999,0.6185131669044495,0.9999292492866516,0.42119625210762024,0.13860498368740082,-0.017052369192242622
1765156556.4343188,cf1,-0.2468099743127823,0.7775915861129761,0.9892246127128601,0.5417522192001343,0.48032304644584656,0.03893781825900078
1765156556.4346712,cf1,-0.2468099743127823,0.7775915861129761,0.9892246127128601,0.5425246953964233,0.4853854477405548,0.05211050063371658
1765156556.4436202,cf2,-0.5993676781654358,0.6211378574371338,0.998910129070282,0.42119625210762024,0.13860498368740082,-0.017052369192242622
1765156556.44398,cf2,-0.5993676781654358,0.6211378574371338,0.998910129070282,0.42734020948410034,0.14980217814445496,-0.025999417528510094
1765156556.4541614,cf1,-0.23484395444393158,0.7881315350532532,0.9899469614028931,0.5425246953964233,0.4853854477405548,0.05211050063371658
1765156556.4544063,cf1,-0.23484395444393158,0.7881315350532532,0.9899469614028931,0.5436598062515259,0.4904378652572632,0.05822993442416191
1765156556.4636793,cf2,-0.5903850197792053,0.6239984631538391,0.9978262782096863,0.42734020948410034,0.14980217814445496,-0.025999417528510094
1765156556.4640846,cf2,-0.5903850197792053,0.6239984631538391,0.9978262782096863,0.43152543902397156,0.16056005656719208,-0.028610145673155785
1765156556.4742272,cf1,-0.22367553412914276,0.7978608012199402,0.9906153678894043,0.5436598062515259,0.4904378652572632,0.05822993442416191
1765156556.4745884,cf1,-0.22367553412914276,0.7978608012199402,0.9906153678894043,0.5455848574638367,0.4959627389907837,0.05882033705711365
1765156556.4835978,cf2,-0.5812862515449524,0.6271038055419922,0.9968259334564209,0.43152543902397156,0.16056005656719208,-0.028610145673155785
1765156556.4839098,cf2,-0.5812862515449524,0.6271038055419922,0.9968259334564209,0.4369677007198334,0.17155909538269043,-0.02463286742568016
1765156556.4941525,cf1,-0.21174028515815735,0.8084505200386047,0.9912084341049194,0.5455848574638367,0.4959627389907837,0.05882033705711365
1765156556.4945002,cf1,-0.21174028515815735,0.8084505200386047,0.9912084341049194,0.5475797653198242,0.5012444257736206,0.054270219057798386
1765156556.5035927,cf2,-0.5720800757408142,0.6304534673690796,0.9960331320762634,0.4369677007198334,0.17155909538269043,-0.02463286742568016
1765156556.5039506,cf2,-0.5720800757408142,0.6304534673690796,0.9960331320762634,0.4419178366661072,0.18228261172771454,-0.014490457251667976
1765156556.5141664,cf1,-0.19977593421936035,0.8191409111022949,0.9915596842765808,0.5475797653198242,0.5012444257736206,0.054270219057798386
1765156556.5145,cf1,-0.19977593421936035,0.8191409111022949,0.9915596842765808,0.5500165820121765,0.5067206621170044,0.0432584285736084
1765156556.5236838,cf2,-0.5627734661102295,0.6340453624725342,0.9955202341079712,0.4419178366661072,0.18228261172771454,-0.014490457251667976
1765156556.5240197,cf2,-0.5627734661102295,0.6340453624725342,0.9955202341079712,0.44649216532707214,0.19278167188167572,-0.00041842402424663305
1765156556.5343144,cf1,-0.1877804398536682,0.829932689666748,0.9916068911552429,0.5500165820121765,0.5067206621170044,0.0432584285736084
1765156556.534742,cf1,-0.1877804398536682,0.829932689666748,0.9916068911552429,0.5526779294013977,0.5123182535171509,0.0284112598747015
1765156556.5434012,cf2,-0.5533714890480042,0.6378766298294067,0.9953029751777649,0.44649216532707214,0.19278167188167572,-0.00041842402424663305
1765156556.5436676,cf2,-0.5533714890480042,0.6378766298294067,0.9953029751777649,0.4507547914981842,0.2030593901872635,0.014464438892900944
1765156556.5541196,cf1,-0.17503738403320312,0.8415691256523132,0.9913609027862549,0.5526779294013977,0.5123182535171509,0.0284112598747015
1765156556.554448,cf1,-0.17503738403320312,0.8415691256523132,0.9913609027862549,0.5580714344978333,0.5206238031387329,0.01353495754301548
1765156556.5635087,cf2,-0.5438817739486694,0.6419387459754944,0.9953368902206421,0.4507547914981842,0.2030593901872635,0.014464438892900944
1765156556.5638535,cf2,-0.5438817739486694,0.6419387459754944,0.9953368902206421,0.4547324776649475,0.2131185382604599,0.027171704918146133
1765156556.5742462,cf1,-0.16296596825122833,0.8525688648223877,0.9908298254013062,0.5580714344978333,0.5206238031387329,0.01353495754301548
1765156556.574636,cf1,-0.16296596825122833,0.8525688648223877,0.9908298254013062,0.5582078099250793,0.5231987833976746,0.0004581209213938564
1765156556.583362,cf2,-0.534311056137085,0.6462221741676331,0.9955204129219055,0.4547324776649475,0.2131185382604599,0.027171704918146133
1765156556.5837276,cf2,-0.534311056137085,0.6462221741676331,0.9955204129219055,0.45846694707870483,0.22299814224243164,0.034809138625860214
1765156556.594225,cf1,-0.15085911750793457,0.8636659979820251,0.9901958107948303,0.5582078099250793,0.5231987833976746,0.0004581209213938564
1765156556.5945656,cf1,-0.15085911750793457,0.8636659979820251,0.9901958107948303,0.5608254671096802,0.5281606912612915,-0.006568243261426687
1765156556.6034856,cf2,-0.524668276309967,0.6507155895233154,0.9957338571548462,0.45846694707870483,0.22299814224243164,0.034809138625860214
1765156556.6037693,cf2,-0.524668276309967,0.6507155895233154,0.9957338571548462,0.4619225859642029,0.23269976675510406,0.03660885989665985
1765156556.6140664,cf1,-0.13871857523918152,0.8748554587364197,0.9896121621131897,0.5608254671096802,0.5281606912612915,-0.006568243261426687
1765156556.614406,cf1,-0.13871857523918152,0.8748554587364197,0.9896121621131897,0.5658948421478271,0.5354715585708618,-0.007155083119869232
1765156556.62335,cf2,-0.5149604082107544,0.6554086804389954,0.9958532452583313,0.4619225859642029,0.23269976675510406,0.03660885989665985
1765156556.6236181,cf2,-0.5149604082107544,0.6554086804389954,0.9958532452583313,0.46515822410583496,0.24226485192775726,0.03222895786166191
1765156556.6340568,cf1,-0.13221755623817444,0.8807467818260193,0.9894646406173706,0.5658948421478271,0.5354715585708618,-0.007155083119869232
1765156556.634399,cf1,-0.13221755623817444,0.8807467818260193,0.9894646406173706,0.5678458213806152,0.5392799377441406,-0.0009416337125003338
1765156556.644042,cf2,-0.5051921010017395,0.6602931618690491,0.9957670569419861,0.46515822410583496,0.24226485192775726,0.03222895786166191
1765156556.6442006,cf2,-0.5051921010017395,0.6602931618690491,0.9957670569419861,0.4682334363460541,0.25171414017677307,0.022216131910681725
1765156556.6545634,cf1,-0.1143639013171196,0.8974665403366089,0.9891167879104614,0.5678458213806152,0.5392799377441406,-0.0009416337125003338
1765156556.6547925,cf1,-0.1143639013171196,0.8974665403366089,0.9891167879104614,0.5694165229797363,0.5424378514289856,0.009881407022476196
1765156556.6623466,cf2,-0.49513885378837585,0.6654892563819885,0.9954068064689636,0.4682334363460541,0.25171414017677307,0.022216131910681725
1765156556.6626246,cf2,-0.49513885378837585,0.6654892563819885,0.9954068064689636,0.470210462808609,0.260894238948822,0.008184508420526981
1765156556.6742291,cf1,-0.10216356068849564,0.9088625311851501,0.9893255829811096,0.5694165229797363,0.5424378514289856,0.009881407022476196
1765156556.6745932,cf1,-0.10216356068849564,0.9088625311851501,0.9893255829811096,0.5705865621566772,0.5449338555335999,0.02206435613334179
1765156556.683545,cf2,-0.4854292571544647,0.6706514358520508,0.9947816729545593,0.470210462808609,0.260894238948822,0.008184508420526981
1765156556.6838114,cf2,-0.4854292571544647,0.6706514358520508,0.9947816729545593,0.4711935520172119,0.269296795129776,-0.006799102760851383
1765156556.6942062,cf1,-0.08996181935071945,0.9202973246574402,0.9898151159286499,0.5705865621566772,0.5449338555335999,0.02206435613334179
1765156556.6944416,cf1,-0.08996181935071945,0.9202973246574402,0.9898151159286499,0.5713109970092773,0.5467364192008972,0.03390822559595108
1765156556.7036867,cf2,-0.475563645362854,0.6760462522506714,0.9939666390419006,0.4711935520172119,0.269296795129776,-0.006799102760851383
1765156556.7040496,cf2,-0.475563645362854,0.6760462522506714,0.9939666390419006,0.47376692295074463,0.2778816521167755,-0.017060233280062675
1765156556.7142112,cf1,-0.07776349782943726,0.9317576885223389,0.9905102849006653,0.5713109970092773,0.5467364192008972,0.03390822559595108
1765156556.7145586,cf1,-0.07776349782943726,0.9317576885223389,0.9905102849006653,0.5717764496803284,0.5479722023010254,0.04233282431960106
1765156556.72361,cf2,-0.4655831754207611,0.6816521286964417,0.993076741695404,0.47376692295074463,0.2778816521167755,-0.017060233280062675
1765156556.7238553,cf2,-0.4655831754207611,0.6816521286964417,0.993076741695404,0.4764525294303894,0.2862195074558258,-0.020254509523510933
1765156556.7340581,cf1,-0.06557338684797287,0.9432330131530762,0.9912980198860168,0.5717764496803284,0.5479722023010254,0.04233282431960106
1765156556.7342806,cf1,-0.06557338684797287,0.9432330131530762,0.9912980198860168,0.571876585483551,0.5486592650413513,0.044840019196271896
1765156556.743527,cf2,-0.45554038882255554,0.6874406337738037,0.9922615885734558,0.4764525294303894,0.2862195074558258,-0.020254509523510933
1765156556.743749,cf2,-0.45554038882255554,0.6874406337738037,0.9922615885734558,0.4793412387371063,0.2944018542766571,-0.015562565997242928
1765156556.7533288,cf1,-0.05911371111869812,0.9492191076278687,0.9916849732398987,0.571876585483551,0.5486592650413513,0.044840019196271896
1765156556.7538712,cf1,-0.05911371111869812,0.9492191076278687,0.9916849732398987,0.5711836814880371,0.5478719472885132,0.043667763471603394
1765156556.7635536,cf2,-0.4454285204410553,0.6934139132499695,0.9916461706161499,0.4793412387371063,0.2944018542766571,-0.015562565997242928
1765156556.7637863,cf2,-0.4454285204410553,0.6934139132499695,0.9916461706161499,0.4825403690338135,0.30248743295669556,-0.004365561064332724
1765156556.7741446,cf1,-0.046932946890592575,0.9607168436050415,0.992353081703186,0.5711836814880371,0.5478719472885132,0.043667763471603394
1765156556.7744956,cf1,-0.046932946890592575,0.9607168436050415,0.992353081703186,0.5687485933303833,0.5458704233169556,0.0370028093457222
1765156556.7835846,cf2,-0.4352375566959381,0.6995746493339539,0.9913076758384705,0.4825403690338135,0.30248743295669556,-0.004365561064332724
1765156556.7839358,cf2,-0.4352375566959381,0.6995746493339539,0.9913076758384705,0.48604366183280945,0.31048133969306946,0.010682999156415462
1765156556.794247,cf1,-0.03481259569525719,0.9721657633781433,0.9928534626960754,0.5687485933303833,0.5458704233169556,0.0370028093457222
1765156556.7945037,cf1,-0.03481259569525719,0.9721657633781433,0.9928534626960754,0.5659681558609009,0.5432630777359009,0.026131531223654747
1765156556.802342,cf2,-0.42490842938423157,0.7059566378593445,0.9912438988685608,0.48604366183280945,0.31048133969306946,0.010682999156415462
1765156556.8025787,cf2,-0.42490842938423157,0.7059566378593445,0.9912438988685608,0.4884200394153595,0.3177791237831116,0.02530338615179062
1765156556.8142068,cf1,-0.02275427244603634,0.9835594892501831,0.9931498169898987,0.5659681558609009,0.5432630777359009,0.026131531223654747
1765156556.8144379,cf1,-0.02275427244603634,0.9835594892501831,0.9931498169898987,0.5649466514587402,0.5420942902565002,0.014799287542700768
1765156556.8223915,cf2,-0.4187111556529999,0.7098058462142944,0.9913284182548523,0.4884200394153595,0.3177791237831116,0.02530338615179062
1765156556.8227186,cf2,-0.4187111556529999,0.7098058462142944,0.9913284182548523,0.49301445484161377,0.32341980934143066,0.03188116475939751
1765156556.8345683,cf1,-0.01069130189716816,0.9949567914009094,0.9932544231414795,0.5649466514587402,0.5420942902565002,0.014799287542700768
1765156556.8347583,cf1,-0.01069130189716816,0.9949567914009094,0.9932544231414795,0.5641104578971863,0.540822446346283,0.00555400550365448
1765156556.843836,cf2,-0.40570715069770813,0.7180981636047363,0.9916063547134399,0.49301445484161377,0.32341980934143066,0.03188116475939751
1765156556.8444004,cf2,-0.40570715069770813,0.7180981636047363,0.9916063547134399,0.4967196583747864,0.33147895336151123,0.039682429283857346
1765156556.854125,cf1,0.0013540515210479498,1.0063321590423584,0.9932275414466858,0.5641104578971863,0.540822446346283,0.00555400550365448
1765156556.8544865,cf1,0.0013540515210479498,1.0063321590423584,0.9932275414466858,0.5636228322982788,0.539658784866333,-0.00032192698563449085
1765156556.8634362,cf2,-0.39531129598617554,0.7248475551605225,0.991862952709198,0.4967196583747864,0.33147895336151123,0.039682429283857346
1765156556.864135,cf2,-0.39531129598617554,0.7248475551605225,0.991862952709198,0.49987852573394775,0.3383263945579529,0.04137249290943146
1765156556.8735652,cf1,0.013523612171411514,1.0178179740905762,0.9931644201278687,0.5636228322982788,0.539658784866333,-0.00032192698563449085
1765156556.8738391,cf1,0.013523612171411514,1.0178179740905762,0.9931644201278687,0.562016487121582,0.5372189283370972,-0.0012414586963132024
1765156556.8835206,cf2,-0.3857341408729553,0.7311925888061523,0.9920505881309509,0.49987852573394775,0.3383263945579529,0.04137249290943146
1765156556.8837807,cf2,-0.3857341408729553,0.7311925888061523,0.9920505881309509,0.5032382607460022,0.34513336420059204,0.038282956928014755
1765156556.8934631,cf1,0.025422468781471252,1.0290313959121704,0.9931634664535522,0.562016487121582,0.5372189283370972,-0.0012414586963132024
1765156556.8937519,cf1,0.025422468781471252,1.0290313959121704,0.9931634664535522,0.5619084239006042,0.5360556244850159,0.002687090542167425
1765156556.903418,cf2,-0.37412866950035095,0.7389004230499268,0.992087721824646,0.5032382607460022,0.34513336420059204,0.038282956928014755
1765156556.9037683,cf2,-0.37412866950035095,0.7389004230499268,0.992087721824646,0.5065661072731018,0.3518337905406952,0.0315576009452343
1765156556.9133587,cf1,0.03745092824101448,1.0403519868850708,0.993293046951294,0.5619084239006042,0.5360556244850159,0.002687090542167425
1765156556.913616,cf1,0.03745092824101448,1.0403519868850708,0.993293046951294,0.5625401139259338,0.5354366898536682,0.010262816213071346
1765156556.9223895,cf2,-0.3643767535686493,0.7455368041992188,0.9919713139533997,0.5065661072731018,0.3518337905406952,0.0315576009452343
1765156556.9227633,cf2,-0.3643767535686493,0.7455368041992188,0.9919713139533997,0.5063174366950989,0.3563891053199768,0.02027767524123192
1765156556.9334984,cf1,0.049498289823532104,1.0516692399978638,0.99359130859375,0.5625401139259338,0.5354366898536682,0.010262816213071346
1765156556.9337497,cf1,0.049498289823532104,1.0516692399978638,0.99359130859375,0.5634660124778748,0.5349040627479553,0.019771747291088104
1765156556.9424663,cf2,-0.353696346282959,0.752849817276001,0.9916226863861084,0.5063174366950989,0.3563891053199768,0.02027767524123192
1765156556.9428344,cf2,-0.353696346282959,0.752849817276001,0.9916226863861084,0.5093069672584534,0.362812340259552,0.009315530769526958
1765156556.9535522,cf1,0.06041589379310608,1.0619226694107056,0.9939889311790466,0.5634660124778748,0.5349040627479553,0.019771747291088104
1765156556.9538906,cf1,0.06041589379310608,1.0619226694107056,0.9939889311790466,0.5646194815635681,0.5343953371047974,0.02900858409702778
1765156556.96232,cf2,-0.3429044783115387,0.760333776473999,0.9911057353019714,0.5093069672584534,0.362812340259552,0.009315530769526958
1765156556.9625454,cf2,-0.3429044783115387,0.760333776473999,0.9911057353019714,0.5122734904289246,0.3691779673099518,9.88223182503134e-05
1765156556.974182,cf1,0.07277161628007889,1.0734783411026,0.9945884346961975,0.5646194815635681,0.5343953371047974,0.02900858409702778
1765156556.974566,cf1,0.07277161628007889,1.0734783411026,0.9945884346961975,0.5644844174385071,0.5324215292930603,0.03552713245153427
1765156556.982356,cf2,-0.33205586671829224,0.7679516673088074,0.9905100464820862,0.5122734904289246,0.3691779673099518,9.88223182503134e-05
1765156556.9827194,cf2,-0.33205586671829224,0.7679516673088074,0.9905100464820862,0.5151036977767944,0.3753799796104431,-0.004478316754102707
1765156556.9941485,cf1,0.08575151115655899,1.0855611562728882,0.9952817559242249,0.5644844174385071,0.5324215292930603,0.03552713245153427
1765156556.9945507,cf1,0.08575151115655899,1.0855611562728882,0.9952817559242249,0.5654070377349854,0.5313799977302551,0.03747793659567833
1765156557.0034332,cf2,-0.3210962116718292,0.7757439017295837,0.9899521470069885,0.5151036977767944,0.3753799796104431,-0.004478316754102707
1765156557.003781,cf2,-0.3210962116718292,0.7757439017295837,0.9899521470069885,0.516405463218689,0.38054314255714417,-0.0028538701590150595
1765156557.0143492,cf1,0.09786049276590347,1.0968157052993774,0.9958871006965637,0.5654070377349854,0.5313799977302551,0.03747793659567833
1765156557.0147576,cf1,0.09786049276590347,1.0968157052993774,0.9958871006965637,0.5666528940200806,0.530472993850708,0.035099003463983536
1765156557.0224154,cf2,-0.3099402189254761,0.78377366065979,0.9895375967025757,0.516405463218689,0.38054314255714417,-0.0028538701590150595
1765156557.0226839,cf2,-0.3099402189254761,0.78377366065979,0.9895375967025757,0.5180522203445435,0.3857901692390442,0.004134150221943855
1765156557.034198,cf1,0.10998883843421936,1.1080492734909058,0.9963761568069458,0.5666528940200806,0.530472993850708,0.035099003463983536
1765156557.034571,cf1,0.10998883843421936,1.1080492734909058,0.9963761568069458,0.5677635669708252,0.5292450189590454,0.028040258213877678
1765156557.04245,cf2,-0.29916316270828247,0.7916110157966614,0.9893690943717957,0.5180522203445435,0.3857901692390442,0.004134150221943855
1765156557.042783,cf2,-0.29916316270828247,0.7916110157966614,0.9893690943717957,0.5203860998153687,0.3911494314670563,0.015057940967381
1765156557.0543067,cf1,0.12212579697370529,1.1192479133605957,0.9966868758201599,0.5677635669708252,0.5292450189590454,0.028040258213877678
1765156557.0546227,cf1,0.12212579697370529,1.1192479133605957,0.9966868758201599,0.5686713457107544,0.5276228785514832,0.017169872298836708
1765156557.0622838,cf2,-0.2880936563014984,0.7997498512268066,0.9894433617591858,0.5203860998153687,0.3911494314670563,0.015057940967381
1765156557.0626528,cf2,-0.2880936563014984,0.7997498512268066,0.9894433617591858,0.5232336521148682,0.39672383666038513,0.02818010002374649
1765156557.074246,cf1,0.13426505029201508,1.130402684211731,0.9967968463897705,0.5686713457107544,0.5276228785514832,0.017169872298836708
1765156557.0746088,cf1,0.13426505029201508,1.130402684211731,0.9967968463897705,0.5692655444145203,0.5254961848258972,0.004347935784608126
1765156557.0822585,cf2,-0.276947945356369,0.8080266714096069,0.9897477030754089,0.5232336521148682,0.39672383666038513,0.02818010002374649
1765156557.082532,cf2,-0.276947945356369,0.8080266714096069,0.9897477030754089,0.5261948704719543,0.40223240852355957,0.04039338603615761
1765156557.0942204,cf1,0.14525368809700012,1.1404668092727661,0.9967477917671204,0.5692655444145203,0.5254961848258972,0.004347935784608126
1765156557.0945816,cf1,0.14525368809700012,1.1404668092727661,0.9967477917671204,0.5671091675758362,0.520634114742279,-0.007930044084787369
1765156557.1025293,cf2,-0.2657383382320404,0.8164284229278564,0.9902117252349854,0.5261948704719543,0.40223240852355957,0.04039338603615761
1765156557.1028836,cf2,-0.2657383382320404,0.8164284229278564,0.9902117252349854,0.5292345285415649,0.4076956510543823,0.049068089574575424
1765156557.1140728,cf1,0.15737788379192352,1.1515061855316162,0.9965744018554688,0.5671091675758362,0.520634114742279,-0.007930044084787369
1765156557.114309,cf1,0.15737788379192352,1.1515061855316162,0.9965744018554688,0.569167971611023,0.519335150718689,-0.016624202951788902
1765156557.1236317,cf2,-0.25420889258384705,0.8251492977142334,0.9907429814338684,0.5292345285415649,0.4076956510543823,0.049068089574575424
1765156557.1238697,cf2,-0.25420889258384705,0.8251492977142334,0.9907429814338684,0.5311791300773621,0.4123835265636444,0.05207132175564766
1765156557.134268,cf1,0.1694810688495636,1.1624644994735718,0.996390163898468,0.569167971611023,0.519335150718689,-0.016624202951788902
1765156557.1346009,cf1,0.1694810688495636,1.1624644994735718,0.996390163898468,0.5684167742729187,0.5152369737625122,-0.020306408405303955
1765156557.1433988,cf2,-0.24312946200370789,0.8335874080657959,0.9911842942237854,0.5311791300773621,0.4123835265636444,0.05207132175564766
1765156557.1438258,cf2,-0.24312946200370789,0.8335874080657959,0.9911842942237854,0.5337440967559814,0.4172692894935608,0.04845266789197922
1765156557.1541057,cf1,0.18155376613140106,1.1733261346817017,0.9963064193725586,0.5684167742729187,0.5152369737625122,-0.020306408405303955
1765156557.1543212,cf1,0.18155376613140106,1.1733261346817017,0.9963064193725586,0.5672471523284912,0.5105096101760864,-0.017634404823184013
1765156557.1634076,cf2,-0.23175957798957825,0.8423122763633728,0.9914731383323669,0.5337440967559814,0.4172692894935608,0.04845266789197922
1765156557.1637342,cf2,-0.23175957798957825,0.8423122763633728,0.9914731383323669,0.5366941094398499,0.42238280177116394,0.0395098440349102
1765156557.1741714,cf1,0.1935921460390091,1.184078574180603,0.996435284614563,0.5672471523284912,0.5105096101760864,-0.017634404823184013
1765156557.1747422,cf1,0.1935921460390091,1.184078574180603,0.996435284614563,0.5658102035522461,0.505267322063446,-0.008955074474215508
1765156557.1836977,cf2,-0.22032690048217773,0.8511442542076111,0.9915304780006409,0.5366941094398499,0.42238280177116394,0.0395098440349102
1765156557.1840491,cf2,-0.22032690048217773,0.8511442542076111,0.9915304780006409,0.5394368171691895,0.4272289574146271,0.02671688050031662
1765156557.193373,cf1,0.20586203038692474,1.1949515342712402,0.996850848197937,0.5658102035522461,0.505267322063446,-0.008955074474215508
1765156557.1938765,cf1,0.20586203038692474,1.1949515342712402,0.996850848197937,0.5603182911872864,0.49600979685783386,0.0030350901652127504
1765156557.2036285,cf2,-0.20885047316551208,0.8600659966468811,0.9913466572761536,0.5394368171691895,0.4272289574146271,0.02671688050031662
1765156557.203968,cf2,-0.20885047316551208,0.8600659966468811,0.9913466572761536,0.5419282913208008,0.43171560764312744,0.013218731619417667
1765156557.2134287,cf1,0.2175472378730774,1.2052156925201416,0.9975409507751465,0.5603182911872864,0.49600979685783386,0.0030350901652127504
1765156557.213775,cf1,0.2175472378730774,1.2052156925201416,0.9975409507751465,0.5578297972679138,0.4893851578235626,0.015875250101089478
1765156557.2235904,cf2,-0.19733533263206482,0.8690714836120605,0.9909757971763611,0.5419282913208008,0.43171560764312744,0.013218731619417667
1765156557.2240381,cf2,-0.19733533263206482,0.8690714836120605,0.9909757971763611,0.544156014919281,0.435802161693573,0.0022385281044989824
1765156557.2333899,cf1,0.22943270206451416,1.2155625820159912,0.9984760284423828,0.5578297972679138,0.4893851578235626,0.015875250101089478
1765156557.2339115,cf1,0.22943270206451416,1.2155625820159912,0.9984760284423828,0.5556948184967041,0.48283666372299194,0.026754816994071007
1765156557.2435086,cf2,-0.18578366935253143,0.878156304359436,0.9905230402946472,0.544156014919281,0.435802161693573,0.0022385281044989824
1765156557.2438457,cf2,-0.18578366935253143,0.878156304359436,0.9905230402946472,0.5461677312850952,0.43950435519218445,-0.003362814662978053
1765156557.2536685,cf1,0.24127955734729767,1.2257764339447021,0.9995714426040649,0.5556948184967041,0.48283666372299194,0.026754816994071007
1765156557.2539928,cf1,0.24127955734729767,1.2257764339447021,0.9995714426040649,0.5534155964851379,0.4759204387664795,0.034256577491760254
1765156557.2635806,cf2,-0.17419582605361938,0.8873174786567688,0.9901240468025208,0.5461677312850952,0.43950435519218445,-0.003362814662978053
1765156557.2639074,cf2,-0.17419582605361938,0.8873174786567688,0.9901240468025208,0.5479721426963806,0.44283512234687805,-0.0026639692950993776
1765156557.2732937,cf1,0.2530733048915863,1.2358410358428955,1.000714898109436,0.5534155964851379,0.4759204387664795,0.034256577491760254
1765156557.2736442,cf1,0.2530733048915863,1.2358410358428955,1.000714898109436,0.5511060953140259,0.46870318055152893,0.0369783379137516
1765156557.2834082,cf2,-0.1625751107931137,0.8965491652488708,0.9899014234542847,0.5479721426963806,0.44283512234687805,-0.0026639692950993776
1765156557.2839408,cf2,-0.1625751107931137,0.8965491652488708,0.9899014234542847,0.5495514869689941,0.44576066732406616,0.004314216319471598
1765156557.2943058,cf1,0.2650836408138275,1.2459791898727417,1.00180184841156,0.5511060953140259,0.46870318055152893,0.0369783379137516
1765156557.2944756,cf1,0.2650836408138275,1.2459791898727417,1.00180184841156,0.5474774241447449,0.45982086658477783,0.03285883367061615
1765156557.3033864,cf2,-0.15092329680919647,0.9058448672294617,0.9899375438690186,0.5495514869689941,0.44576066732406616,0.004314216319471598
1765156557.303912,cf2,-0.15092329680919647,0.9058448672294617,0.9899375438690186,0.5509567260742188,0.44831791520118713,0.0157389584928751
1765156557.3133473,cf1,0.27657952904701233,1.2555748224258423,1.0026520490646362,0.5474774241447449,0.45982086658477783,0.03285883367061615
1765156557.3139198,cf1,0.27657952904701233,1.2555748224258423,1.0026520490646362,0.5430631637573242,0.4500531554222107,0.02282009646296501
1765156557.323651,cf2,-0.13924400508403778,0.915197491645813,0.990264892578125,0.5509567260742188,0.44831791520118713,0.0157389584928751
1765156557.3238885,cf2,-0.13924400508403778,0.915197491645813,0.990264892578125,0.5521759986877441,0.4505021870136261,0.0290219783782959
1765156557.3333845,cf1,0.2881574034690857,1.2651313543319702,1.0032482147216797,0.5430631637573242,0.4500531554222107,0.02282009646296501
1765156557.3338583,cf1,0.2881574034690857,1.2651313543319702,1.0032482147216797,0.5411598682403564,0.44244083762168884,0.009200277738273144
1765156557.3436718,cf2,-0.12754185497760773,0.924597442150116,0.9908605217933655,0.5521759986877441,0.4505021870136261,0.0290219783782959
1765156557.343907,cf2,-0.12754185497760773,0.924597442150116,0.9908605217933655,0.5532360076904297,0.452303946018219,0.041765883564949036
1765156557.353608,cf1,0.2997705936431885,1.2746031284332275,1.003549337387085,0.5411598682403564,0.44244083762168884,0.009200277738273144
1765156557.3539543,cf1,0.2997705936431885,1.2746031284332275,1.003549337387085,0.5395056009292603,0.4347918927669525,-0.005951047409325838
1765156557.3635187,cf2,-0.11857859790325165,0.931816041469574,0.9914624691009521,0.5532360076904297,0.452303946018219,0.041765883564949036
1765156557.363908,cf2,-0.11857859790325165,0.931816041469574,0.9914624691009521,0.5474000573158264,0.44818463921546936,0.05004165321588516
1765156557.373328,cf1,0.3113487958908081,1.2839254140853882,1.0035861730575562,0.5395056009292603,0.4347918927669525,-0.005951047409325838
1765156557.3737223,cf1,0.3113487958908081,1.2839254140853882,1.0035861730575562,0.537960946559906,0.42703673243522644,-0.018755845725536346
1765156557.3836737,cf2,-0.10456078499555588,0.9431135654449463,0.9924950003623962,0.5474000573158264,0.44818463921546936,0.05004165321588516
1765156557.3840253,cf2,-0.10456078499555588,0.9431135654449463,0.9924950003623962,0.5501043796539307,0.45100030303001404,0.05445581674575806
1765156557.3935232,cf1,0.3228907585144043,1.2930912971496582,1.0034656524658203,0.537960946559906,0.42703673243522644,-0.018755845725536346
1765156557.3937669,cf1,0.3228907585144043,1.2930912971496582,1.0034656524658203,0.5365399122238159,0.4192639887332916,-0.026336824521422386
1765156557.4036176,cf2,-0.09377865493297577,0.9518121480941772,0.9932646155357361,0.5501043796539307,0.45100030303001404,0.05445581674575806
1765156557.4040031,cf2,-0.09377865493297577,0.9518121480941772,0.9932646155357361,0.5464131236076355,0.448330283164978,0.051779039204120636
1765156557.4137049,cf1,0.3343976140022278,1.3020962476730347,1.0033137798309326,0.5365399122238159,0.4192639887332916,-0.026336824521422386
1765156557.4140482,cf1,0.3343976140022278,1.3020962476730347,1.0033137798309326,0.5351748466491699,0.4114687740802765,-0.027815252542495728
1765156557.4235492,cf2,-0.08242514729499817,0.9609884023666382,0.99396151304245,0.5464131236076355,0.448330283164978,0.051779039204120636
1765156557.4239633,cf2,-0.08242514729499817,0.9609884023666382,0.99396151304245,0.5462246537208557,0.4483835697174072,0.04565538465976715
1765156557.4342232,cf1,0.3459262549877167,1.3109759092330933,1.0032591819763184,0.5351748466491699,0.4114687740802765,-0.027815252542495728
1765156557.4346125,cf1,0.3459262549877167,1.3109759092330933,1.0032591819763184,0.5320632457733154,0.40195196866989136,-0.02279268577694893
1765156557.4436352,cf2,-0.06831277906894684,0.9724668264389038,0.9946591854095459,0.5462246537208557,0.4483835697174072,0.04565538465976715
1765156557.4439685,cf2,-0.06831277906894684,0.9724668264389038,0.9946591854095459,0.5498087406158447,0.45137348771095276,0.03660708665847778
1765156557.454196,cf1,0.35730215907096863,1.319596290588379,1.0033926963806152,0.5320632457733154,0.40195196866989136,-0.02279268577694893
1765156557.4544399,cf1,0.35730215907096863,1.319596290588379,1.0033926963806152,0.5306409597396851,0.39405184984207153,-0.01355409249663353
1765156557.4637468,cf2,-0.05982058867812157,0.9792993664741516,0.994816243648529,0.5498087406158447,0.45137348771095276,0.03660708665847778
1765156557.4641042,cf2,-0.05982058867812157,0.9792993664741516,0.994816243648529,0.5450034141540527,0.4471915066242218,0.024437565356492996
1765156557.4740958,cf1,0.36870133876800537,1.328088402748108,1.0037542581558228,0.5306409597396851,0.39405184984207153,-0.01355409249663353
1765156557.4744565,cf1,0.36870133876800537,1.328088402748108,1.0037542581558228,0.5292357802391052,0.38612109422683716,-0.0023621292784810066
1765156557.4835687,cf2,-0.04820765182375908,0.9886927604675293,0.994934618473053,0.5450034141540527,0.4471915066242218,0.024437565356492996
1765156557.4838407,cf2,-0.04820765182375908,0.9886927604675293,0.994934618473053,0.5443409085273743,0.4463346302509308,0.014517797157168388
1765156557.4941957,cf1,0.3800637125968933,1.3364053964614868,1.0043309926986694,0.5292357802391052,0.38612109422683716,-0.0023621292784810066
1765156557.4945588,cf1,0.3800637125968933,1.3364053964614868,1.0043309926986694,0.5276839137077332,0.3780196011066437,0.008171593770384789
1765156557.5034533,cf2,-0.03637462481856346,0.9982624650001526,0.9949192404747009,0.5443409085273743,0.4463346302509308,0.014517797157168388
1765156557.503711,cf2,-0.03637462481856346,0.9982624650001526,0.9949192404747009,0.5464783310890198,0.4475248157978058,0.006942589767277241
1765156557.514181,cf1,0.39138346910476685,1.3445426225662231,1.0050588846206665,0.5276839137077332,0.3780196011066437,0.008171593770384789
1765156557.5144684,cf1,0.39138346910476685,1.3445426225662231,1.0050588846206665,0.526006817817688,0.36972206830978394,0.01553674042224884
1765156557.5234716,cf2,-0.024505451321601868,1.0078558921813965,0.9948586821556091,0.5464783310890198,0.4475248157978058,0.006942589767277241
1765156557.5238192,cf2,-0.024505451321601868,1.0078558921813965,0.9948586821556091,0.550917387008667,0.4503573179244995,0.005701597314327955
1765156557.5334134,cf1,0.4038942754268646,1.3533155918121338,1.0059345960617065,0.526006817817688,0.36972206830978394,0.01553674042224884
1765156557.533758,cf1,0.4038942754268646,1.3533155918121338,1.0059345960617065,0.522791862487793,0.3598715364933014,0.01797371543943882
1765156557.5435617,cf2,-0.012604058720171452,1.0174624919891357,0.9948647022247314,0.550917387008667,0.4503573179244995,0.005701597314327955
1765156557.5440042,cf2,-0.012604058720171452,1.0174624919891357,0.9948647022247314,0.5509489178657532,0.4494480490684509,0.009841160848736763
1765156557.5541623,cf1,0.4146510064601898,1.3607927560806274,1.006648063659668,0.522791862487793,0.3598715364933014,0.01797371543943882
1765156557.5545034,cf1,0.4146510064601898,1.3607927560806274,1.006648063659668,0.5165396332740784,0.3477856516838074,0.014291065745055676
1765156557.5622222,cf2,0.0022087220568209887,1.0294222831726074,0.9950438737869263,0.5509489178657532,0.4494480490684509,0.009841160848736763
1765156557.5627751,cf2,0.0022087220568209887,1.0294222831726074,0.9950438737869263,0.557060718536377,0.45330703258514404,0.019021261483430862
1765156557.5741577,cf1,0.4250624477863312,1.3678607940673828,1.007206916809082,0.5165396332740784,0.3477856516838074,0.014291065745055676
1765156557.5744917,cf1,0.4250624477863312,1.3678607940673828,1.007206916809082,0.5127827525138855,0.33762046694755554,0.006383933126926422
1765156557.582507,cf2,0.012173633091151714,1.037415623664856,0.9954056143760681,0.557060718536377,0.45330703258514404,0.019021261483430862
1765156557.5828593,cf2,0.012173633091151714,1.037415623664856,0.9954056143760681,0.5521401166915894,0.4479118883609772,0.0282457135617733
1765156557.594237,cf1,0.43613380193710327,1.3752270936965942,1.0076154470443726,0.5127827525138855,0.33762046694755554,0.006383933126926422
1765156557.594608,cf1,0.43613380193710327,1.3752270936965942,1.0076154470443726,0.5104923844337463,0.3281683027744293,-0.004631912335753441
1765156557.6023962,cf2,0.02337557077407837,1.0463935136795044,0.995954692363739,0.5521401166915894,0.4479118883609772,0.0282457135617733
1765156557.6027524,cf2,0.02337557077407837,1.0463935136795044,0.995954692363739,0.5531316995620728,0.44719213247299194,0.037047311663627625
1765156557.6140823,cf1,0.4471880793571472,1.3824251890182495,1.0078049898147583,0.5104923844337463,0.3281683027744293,-0.004631912335753441
1765156557.614355,cf1,0.4471880793571472,1.3824251890182495,1.0078049898147583,0.5080469250679016,0.3183746635913849,-0.015992792323231697
1765156557.6224968,cf2,0.035400595515966415,1.0560119152069092,0.9966630339622498,0.5531316995620728,0.44719213247299194,0.037047311663627625
1765156557.6228874,cf2,0.035400595515966415,1.0560119152069092,0.9966630339622498,0.5558111667633057,0.4476862847805023,0.042136210948228836
1765156557.6342962,cf1,0.45818063616752625,1.3894191980361938,1.0078136920928955,0.5080469250679016,0.3183746635913849,-0.015992792323231697
1765156557.6346354,cf1,0.45818063616752625,1.3894191980361938,1.0078136920928955,0.5055005550384521,0.30834105610847473,-0.024616004899144173
1765156557.6424522,cf2,0.04750266671180725,1.0656622648239136,0.997442901134491,0.5558111667633057,0.4476862847805023,0.042136210948228836
1765156557.6429296,cf2,0.04750266671180725,1.0656622648239136,0.997442901134491,0.5580691695213318,0.4477008581161499,0.04359167441725731
1765156557.6530733,cf1,0.46470528841018677,1.3935163021087646,1.0077717304229736,0.5055005550384521,0.30834105610847473,-0.024616004899144173
1765156557.65368,cf1,0.46470528841018677,1.3935163021087646,1.0077717304229736,0.5063807368278503,0.30467745661735535,-0.02733861654996872
1765156557.6624808,cf2,0.05962568148970604,1.0752949714660645,0.9982080459594727,0.5580691695213318,0.4477008581161499,0.04359167441725731
1765156557.6627285,cf2,0.05962568148970604,1.0752949714660645,0.9982080459594727,0.5599443316459656,0.44722530245780945,0.04168429225683212
1765156557.6739798,cf1,0.4756203889846802,1.4001837968826294,1.0076868534088135,0.5063807368278503,0.30467745661735535,-0.02733861654996872
1765156557.674333,cf1,0.4756203889846802,1.4001837968826294,1.0076868534088135,0.5020251274108887,0.29291126132011414,-0.029139848425984383
1765156557.68233,cf2,0.07176712155342102,1.0849040746688843,0.9988790154457092,0.5599443316459656,0.44722530245780945,0.04168429225683212
1765156557.6828537,cf2,0.07176712155342102,1.0849040746688843,0.9988790154457092,0.5616307258605957,0.44644638895988464,0.035294800996780396
1765156557.6940305,cf1,0.48770076036453247,1.4073302745819092,1.0076464414596558,0.5020251274108887,0.29291126132011414,-0.029139848425984383
1765156557.6944437,cf1,0.48770076036453247,1.4073302745819092,1.0076464414596558,0.501603901386261,0.2833058536052704,-0.025860708206892014
1765156557.7024136,cf2,0.08392120152711868,1.0944843292236328,0.999399721622467,0.5616307258605957,0.44644638895988464,0.035294800996780396
1765156557.7028048,cf2,0.08392120152711868,1.0944843292236328,0.999399721622467,0.562931478023529,0.4452698826789856,0.025152847170829773
1765156557.7141778,cf1,0.49754807353019714,1.4130098819732666,1.007753849029541,0.501603901386261,0.2833058536052704,-0.025860708206892014
1765156557.714587,cf1,0.49754807353019714,1.4130098819732666,1.007753849029541,0.4944404363632202,0.2701919376850128,-0.019268054515123367
1765156557.722412,cf2,0.09607627987861633,1.1040246486663818,0.9997509717941284,0.562931478023529,0.4452698826789856,0.025152847170829773
1765156557.7228796,cf2,0.09607627987861633,1.1040246486663818,0.9997509717941284,0.5636146664619446,0.443507581949234,0.01331828162074089
1765156557.734159,cf1,0.5081667304039001,1.4189308881759644,1.0080065727233887,0.4944404363632202,0.2701919376850128,-0.019268054515123367
1765156557.7343981,cf1,0.5081667304039001,1.4189308881759644,1.0080065727233887,0.4891629219055176,0.25792670249938965,-0.011068543419241905
1765156557.7424178,cf2,0.10821763426065445,1.1135109663009644,0.9999582171440125,0.5636146664619446,0.443507581949234,0.01331828162074089
1765156557.7426765,cf2,0.10821763426065445,1.1135109663009644,0.9999582171440125,0.5635701417922974,0.4410143792629242,0.002858965890482068
1765156557.7540627,cf1,0.5200050473213196,1.4252705574035645,1.008457064628601,0.4891629219055176,0.25792670249938965,-0.011068543419241905
1765156557.7543442,cf1,0.5200050473213196,1.4252705574035645,1.008457064628601,0.4862847626209259,0.24648886919021606,-0.002861419226974249
1765156557.7632957,cf2,0.12060542404651642,1.123140811920166,1.0000910758972168,0.5635701417922974,0.4410143792629242,0.002858965890482068
1765156557.7639215,cf2,0.12060542404651642,1.123140811920166,1.0000910758972168,0.5614452362060547,0.4366004168987274,-0.004337949678301811
1765156557.7742398,cf1,0.5290839672088623,1.4299874305725098,1.0089404582977295,0.4862847626209259,0.24648886919021606,-0.002861419226974249
1765156557.774604,cf1,0.5290839672088623,1.4299874305725098,1.0089404582977295,0.4780708849430084,0.23241662979125977,0.003467540955170989
1765156557.7844574,cf2,0.1324182152748108,1.132269263267517,1.0002409219741821,0.5614452362060547,0.4366004168987274,-0.004337949678301811
1765156557.7848265,cf2,0.1324182152748108,1.132269263267517,1.0002409219741821,0.5595996975898743,0.4323570430278778,-0.00613888306543231
1765156557.7940357,cf1,0.5394659638404846,1.4351609945297241,1.0095341205596924,0.4780708849430084,0.23241662979125977,0.003467540955170989
1765156557.7943847,cf1,0.5394659638404846,1.4351609945297241,1.0095341205596924,0.47529757022857666,0.2207937389612198,0.007779390551149845
1765156557.8023875,cf2,0.1444910168647766,1.1415410041809082,1.000516653060913,0.5595996975898743,0.4323570430278778,-0.00613888306543231
1765156557.8027792,cf2,0.1444910168647766,1.1415410041809082,1.000516653060913,0.555844783782959,0.4263141453266144,-0.00247712479904294
1765156557.8141851,cf1,0.549863874912262,1.4401260614395142,1.01012122631073,0.47529757022857666,0.2207937389612198,0.007779390551149845
1765156557.8145351,cf1,0.549863874912262,1.4401260614395142,1.01012122631073,0.47286340594291687,0.20907007157802582,0.008420450612902641
1765156557.822346,cf2,0.15639738738536835,1.1506201028823853,1.000985026359558,0.555844783782959,0.4263141453266144,-0.00247712479904294
1765156557.8226786,cf2,0.15639738738536835,1.1506201028823853,1.000985026359558,0.5535414814949036,0.4213278591632843,0.006015636958181858
1765156557.835086,cf1,0.5602000951766968,1.4448436498641968,1.0106199979782104,0.47286340594291687,0.20907007157802582,0.008420450612902641
1765156557.8353915,cf1,0.5602000951766968,1.4448436498641968,1.0106199979782104,0.4723523259162903,0.19805589318275452,0.004974039737135172
1765156557.842358,cf2,0.16903886198997498,1.1601847410202026,1.0016889572143555,0.5535414814949036,0.4213278591632843,0.006015636958181858
1765156557.8425872,cf2,0.16903886198997498,1.1601847410202026,1.0016889572143555,0.5511881709098816,0.4160742163658142,0.016840925440192223
1765156557.8535936,cf1,0.5708121657371521,1.4494527578353882,1.010977864265442,0.4723523259162903,0.19805589318275452,0.004974039737135172
1765156557.8538342,cf1,0.5708121657371521,1.4494527578353882,1.010977864265442,0.4642479717731476,0.1830020695924759,-0.002410508692264557
1765156557.8624423,cf2,0.18088816106319427,1.1690654754638672,1.0026274919509888,0.5511881709098816,0.4160742163658142,0.016840925440192223
1765156557.8627148,cf2,0.18088816106319427,1.1690654754638672,1.0026274919509888,0.5487757325172424,0.4105391502380371,0.02749207802116871
1765156557.873586,cf1,0.5806885957717896,1.4535390138626099,1.0111063718795776,0.4642479717731476,0.1830020695924759,-0.002410508692264557
1765156557.8739438,cf1,0.5806885957717896,1.4535390138626099,1.0111063718795776,0.4611673355102539,0.17066232860088348,-0.011627250351011753
1765156557.883634,cf2,0.18928508460521698,1.1753087043762207,1.0034267902374268,0.5487757325172424,0.4105391502380371,0.02749207802116871
1765156557.8839717,cf2,0.18928508460521698,1.1753087043762207,1.0034267902374268,0.5497719645500183,0.4071052074432373,0.036199185997247696
1765156557.8933072,cf1,0.5908214449882507,1.4575111865997314,1.01103937625885,0.4611673355102539,0.17066232860088348,-0.011627250351011753
1765156557.8936653,cf1,0.5908214449882507,1.4575111865997314,1.01103937625885,0.45914971828460693,0.15869775414466858,-0.02189728245139122
1765156557.9036021,cf2,0.20383043587207794,1.1860239505767822,1.0048106908798218,0.5497719645500183,0.4071052074432373,0.036199185997247696
1765156557.9039662,cf2,0.20383043587207794,1.1860239505767822,1.0048106908798218,0.53924959897995,0.3951006233692169,0.03778546676039696
1765156557.9134324,cf1,0.6009103059768677,1.4612433910369873,1.0107911825180054,0.45914971828460693,0.15869775414466858,-0.02189728245139122
1765156557.9137716,cf1,0.6009103059768677,1.4612433910369873,1.0107911825180054,0.4569891095161438,0.14667679369449615,-0.030879369005560875
1765156557.9237292,cf2,0.2160523235797882,1.1949135065078735,1.0059771537780762,0.53924959897995,0.3951006233692169,0.03778546676039696
1765156557.9241168,cf2,0.2160523235797882,1.1949135065078735,1.0059771537780762,0.5369596481323242,0.3890060782432556,0.03577765077352524
1765156557.9334626,cf1,0.6109331846237183,1.464722990989685,1.010428786277771,0.4569891095161438,0.14667679369449615,-0.030879369005560875
1765156557.93369,cf1,0.6109331846237183,1.464722990989685,1.010428786277771,0.454657644033432,0.13462430238723755,-0.03618546947836876
1765156557.9437177,cf2,0.22697493433952332,1.2027875185012817,1.0068491697311401,0.5369596481323242,0.3890060782432556,0.03577765077352524
1765156557.9438384,cf2,0.22697493433952332,1.2027875185012817,1.0068491697311401,0.5350894927978516,0.3829754590988159,0.02904650755226612
1765156557.9540806,cf1,0.6208871603012085,1.4679447412490845,1.010040521621704,0.454657644033432,0.13462430238723755,-0.03618546947836876
1765156557.9544208,cf1,0.6208871603012085,1.4679447412490845,1.010040521621704,0.45215147733688354,0.12257923930883408,-0.03723340854048729
1765156557.9634922,cf2,0.2385631501674652,1.2110412120819092,1.0076048374176025,0.5350894927978516,0.3829754590988159,0.02904650755226612
1765156557.9638166,cf2,0.2385631501674652,1.2110412120819092,1.0076048374176025,0.5334197282791138,0.3768244683742523,0.019757773727178574
1765156557.9742248,cf1,0.6307901740074158,1.4709076881408691,1.0097200870513916,0.45215147733688354,0.12257923930883408,-0.03723340854048729
1765156557.9745722,cf1,0.6307901740074158,1.4709076881408691,1.0097200870513916,0.4478149712085724,0.10955113917589188,-0.033298928290605545
1765156557.9836054,cf2,0.250805139541626,1.2196381092071533,1.0081884860992432,0.5334197282791138,0.3768244683742523,0.019757773727178574
1765156557.9839463,cf2,0.250805139541626,1.2196381092071533,1.0081884860992432,0.5320579409599304,0.37066319584846497,0.009412158280611038
1765156557.9940565,cf1,0.6405625343322754,1.4735900163650513,1.0095397233963013,0.4478149712085724,0.10955113917589188,-0.033298928290605545
1765156557.9942791,cf1,0.6405625343322754,1.4735900163650513,1.0095397233963013,0.4447164833545685,0.09750041365623474,-0.0260348841547966
1765156558.003419,cf2,0.2623211741447449,1.227629542350769,1.0084967613220215,0.5320579409599304,0.37066319584846497,0.009412158280611038
1765156558.0038314,cf2,0.2623211741447449,1.227629542350769,1.0084967613220215,0.5309313535690308,0.3645303249359131,9.426468750461936e-05
1765156558.0140069,cf1,0.6502718925476074,1.4760075807571411,1.0095345973968506,0.4447164833545685,0.09750041365623474,-0.0260348841547966
1765156558.0143588,cf1,0.6502718925476074,1.4760075807571411,1.0095345973968506,0.4413267970085144,0.08541221171617508,-0.016857901588082314
1765156558.0235865,cf2,0.2738059461116791,1.2354930639266968,1.0086687803268433,0.5309313535690308,0.3645303249359131,9.426468750461936e-05
1765156558.0239215,cf2,0.2738059461116791,1.2354930639266968,1.0086687803268433,0.5299928784370422,0.3584073781967163,-0.006161435041576624
1765156558.0340147,cf1,0.6598851084709167,1.4781522750854492,1.0097038745880127,0.4413267970085144,0.08541221171617508,-0.016857901588082314
1765156558.0343542,cf1,0.6598851084709167,1.4781522750854492,1.0097038745880127,0.437522828578949,0.07323910295963287,-0.007589625660330057
1765156558.0436058,cf2,0.2852635979652405,1.2432265281677246,1.008796215057373,0.5299928784370422,0.3584073781967163,-0.006161435041576624
1765156558.0439591,cf2,0.2852635979652405,1.2432265281677246,1.008796215057373,0.5291538834571838,0.3522508442401886,-0.008689066395163536
1765156558.0541055,cf1,0.6688796877861023,1.4798495769500732,1.0099793672561646,0.437522828578949,0.07323910295963287,-0.007589625660330057
1765156558.0543563,cf1,0.6688796877861023,1.4798495769500732,1.0099793672561646,0.43047308921813965,0.05932702496647835,0.0005257793236523867
1765156558.0635788,cf2,0.2966928780078888,1.2508254051208496,1.0089596509933472,0.5291538834571838,0.3522508442401886,-0.008689066395163536
1765156558.0638204,cf2,0.2966928780078888,1.2508254051208496,1.0089596509933472,0.5309139490127563,0.3476210832595825,-0.007299691438674927
1765156558.0741637,cf1,0.6803986430168152,1.4818063974380493,1.0104578733444214,0.43047308921813965,0.05932702496647835,0.0005257793236523867
1765156558.0743828,cf1,0.6803986430168152,1.4818063974380493,1.0104578733444214,0.42484143376350403,0.04536646232008934,0.004952814895659685
1765156558.082302,cf2,0.3029186427593231,1.254945158958435,1.0091512203216553,0.5309139490127563,0.3476210832595825,-0.007299691438674927
1765156558.0826023,cf2,0.3029186427593231,1.254945158958435,1.0091512203216553,0.5287118554115295,0.3431091010570526,-0.004941623657941818
1765156558.0942879,cf1,0.6894856691360474,1.483070731163025,1.0108327865600586,0.42484143376350403,0.04536646232008934,0.004952814895659685
1765156558.0946548,cf1,0.6894856691360474,1.483070731163025,1.0108327865600586,0.4195578992366791,0.03271443024277687,0.0048581273294985294
1765156558.1023426,cf2,0.3141755759716034,1.262247920036316,1.0094847679138184,0.5287118554115295,0.3431091010570526,-0.004941623657941818
1765156558.102616,cf2,0.3141755759716034,1.262247920036316,1.0094847679138184,0.5274695754051208,0.3364373445510864,0.0003190892457496375
1765156558.1141288,cf1,0.698623776435852,1.484087347984314,1.0111137628555298,0.4195578992366791,0.03271443024277687,0.0048581273294985294
1765156558.1144655,cf1,0.698623776435852,1.484087347984314,1.0111137628555298,0.4143393933773041,0.01986190490424633,0.0006225059041753411
1765156558.1223435,cf2,0.3255189061164856,1.2694835662841797,1.009942650794983,0.5274695754051208,0.3364373445510864,0.0003190892457496375
1765156558.1226132,cf2,0.3255189061164856,1.2694835662841797,1.009942650794983,0.5264891982078552,0.32984834909439087,0.006185315083712339
1765156558.1332324,cf1,0.708569347858429,1.4847450256347656,1.0112663507461548,0.4143393933773041,0.01986190490424633,0.0006225059041753411
1765156558.1336064,cf1,0.708569347858429,1.4847450256347656,1.0112663507461548,0.41056856513023376,0.0057000452652573586,-0.007006233558058739
1765156558.1436894,cf2,0.3369588851928711,1.2766516208648682,1.0105170011520386,0.5264891982078552,0.32984834909439087,0.006185315083712339
1765156558.1442344,cf2,0.3369588851928711,1.2766516208648682,1.0105170011520386,0.5239172577857971,0.32182109355926514,0.012042134068906307
1765156558.1542842,cf1,0.7171512842178345,1.485191822052002,1.0111498832702637,0.41056856513023376,0.0057000452652573586,-0.007006233558058739
1765156558.1546988,cf1,0.7171512842178345,1.485191822052002,1.0111498832702637,0.4001995027065277,-0.007579982280731201,-0.01686544343829155
1765156558.1635008,cf2,0.3481137454509735,1.2835115194320679,1.0111567974090576,0.5239172577857971,0.32182109355926514,0.012042134068906307
1765156558.1638474,cf2,0.3481137454509735,1.2835115194320679,1.0111567974090576,0.5224590301513672,0.3145553767681122,0.01650983653962612
1765156558.1740932,cf1,0.7258085608482361,1.485390305519104,1.0108518600463867,0.4001995027065277,-0.007579982280731201,-0.01686544343829155
1765156558.174366,cf1,0.7258085608482361,1.485390305519104,1.0108518600463867,0.3963252305984497,-0.021233633160591125,-0.025476600974798203
1765156558.1823819,cf2,0.36095142364501953,1.291228175163269,1.0119191408157349,0.5224590301513672,0.3145553767681122,0.01650983653962612
1765156558.1827786,cf2,0.36095142364501953,1.291228175163269,1.0119191408157349,0.5205532312393188,0.306042343378067,0.018220627680420876
1765156558.194283,cf1,0.7344569563865662,1.48531973361969,1.0104191303253174,0.3963252305984497,-0.021233633160591125,-0.025476600974798203
1765156558.194662,cf1,0.7344569563865662,1.48531973361969,1.0104191303253174,0.3888888359069824,-0.033751316368579865,-0.03138565272092819
1765156558.2024217,cf2,0.3723551630973816,1.2979382276535034,1.012561321258545,0.5205532312393188,0.306042343378067,0.018220627680420876
1765156558.2027113,cf2,0.3723551630973816,1.2979382276535034,1.012561321258545,0.5181883573532104,0.2973472476005554,0.016306061297655106
1765156558.2140942,cf1,0.7429801821708679,1.4849705696105957,1.009943962097168,0.3888888359069824,-0.033751316368579865,-0.03138565272092819
1765156558.2143867,cf1,0.7429801821708679,1.4849705696105957,1.009943962097168,0.3831106722354889,-0.04680291935801506,-0.032597120851278305
1765156558.2222533,cf2,0.3834912180900574,1.3043469190597534,1.013085961341858,0.5181883573532104,0.2973472476005554,0.016306061297655106
1765156558.222502,cf2,0.3834912180900574,1.3043469190597534,1.013085961341858,0.5172743201255798,0.2895948886871338,0.011385198682546616
1765156558.234102,cf1,0.7513689994812012,1.484338641166687,1.0095261335372925,0.3831106722354889,-0.04680291935801506,-0.032597120851278305
1765156558.234396,cf1,0.7513689994812012,1.484338641166687,1.0095261335372925,0.3773406744003296,-0.059734031558036804,-0.029078371822834015
1765156558.242148,cf2,0.3946510851383209,1.3106224536895752,1.0134644508361816,0.5172743201255798,0.2895948886871338,0.011385198682546616
1765156558.2425075,cf2,0.3946510851383209,1.3106224536895752,1.0134644508361816,0.5164155960083008,0.2816670835018158,0.0036709331907331944
1765156558.2533996,cf1,0.7558682560920715,1.4840953350067139,1.009418249130249,0.3773406744003296,-0.059734031558036804,-0.029078371822834015
1765156558.2538137,cf1,0.7558682560920715,1.4840953350067139,1.009418249130249,0.37614601850509644,-0.06615905463695526,-0.025880837813019753
1765156558.262345,cf2,0.4057828485965729,1.3167335987091064,1.013676404953003,0.5164155960083008,0.2816670835018158,0.0036709331907331944
1765156558.2627106,cf2,0.4057828485965729,1.3167335987091064,1.013676404953003,0.5153342485427856,0.27351614832878113,-0.005273147951811552
1765156558.2732072,cf1,0.7641549706459045,1.4830057621002197,1.0092146396636963,0.37614601850509644,-0.06615905463695526,-0.025880837813019753
1765156558.2737086,cf1,0.7641549706459045,1.4830057621002197,1.0092146396636963,0.3676106929779053,-0.07977606356143951,-0.016571033746004105
1765156558.282288,cf2,0.4168781042098999,1.3226743936538696,1.0137414932250977,0.5153342485427856,0.27351614832878113,-0.005273147951811552
1765156558.2826357,cf2,0.4168781042098999,1.3226743936538696,1.0137414932250977,0.5139535665512085,0.26513928174972534,-0.013498609885573387
1765156558.2936041,cf1,0.7732834815979004,1.481394648551941,1.0091472864151,0.3676106929779053,-0.07977606356143951,-0.016571033746004105
1765156558.2938719,cf1,0.7732834815979004,1.481394648551941,1.0091472864151,0.36213892698287964,-0.09338035434484482,-0.0071968636475503445
1765156558.30246,cf2,0.4292396903038025,1.3290568590164185,1.0136853456497192,0.5139535665512085,0.26513928174972534,-0.013498609885573387
1765156558.302844,cf2,0.4292396903038025,1.3290568590164185,1.0136853456497192,0.5090580582618713,0.2542051672935486,-0.02042488567531109
1765156558.3134172,cf1,0.7812057733535767,1.4797230958938599,1.0092496871948242,0.36213892698287964,-0.09338035434484482,-0.0071968636475503445
1765156558.3137105,cf1,0.7812057733535767,1.4797230958938599,1.0092496871948242,0.35659828782081604,-0.10600010305643082,0.0010353837860748172
1765156558.3223376,cf2,0.43892526626586914,1.3340147733688354,1.0136374235153198,0.5090580582618713,0.2542051672935486,-0.02042488567531109
1765156558.3225918,cf2,0.43892526626586914,1.3340147733688354,1.0136374235153198,0.5062097907066345,0.24523206055164337,-0.02328464947640896
1765156558.3330395,cf1,0.7889804840087891,1.477780818939209,1.0094374418258667,0.35659828782081604,-0.10600010305643082,0.0010353837860748172
1765156558.3333862,cf1,0.7889804840087891,1.477780818939209,1.0094374418258667,0.3510895073413849,-0.11870437115430832,0.007225893437862396
1765156558.3424873,cf2,0.4498386085033417,1.3393988609313965,1.0136140584945679,0.5062097907066345,0.24523206055164337,-0.02328464947640896
1765156558.3428178,cf2,0.4498386085033417,1.3393988609313965,1.0136140584945679,0.503426194190979,0.23639258742332458,-0.022253623232245445
1765156558.3535657,cf1,0.7963996529579163,1.4756418466567993,1.0096282958984375,0.3510895073413849,-0.11870437115430832,0.007225893437862396
1765156558.35393,cf1,0.7963996529579163,1.4756418466567993,1.0096282958984375,0.3431265950202942,-0.13070309162139893,0.009709472768008709
1765156558.3623686,cf2,0.46069151163101196,1.3445967435836792,1.0137001276016235,0.503426194190979,0.23639258742332458,-0.022253623232245445
1765156558.3626728,cf2,0.46069151163101196,1.3445967435836792,1.0137001276016235,0.5002071857452393,0.22741970419883728,-0.017391376197338104
1765156558.373369,cf1,0.8030656576156616,1.4735134840011597,1.0097301006317139,0.3431265950202942,-0.13070309162139893,0.009709472768008709
1765156558.3740082,cf1,0.8030656576156616,1.4735134840011597,1.0097301006317139,0.3348763883113861,-0.14239513874053955,0.007654029410332441
1765156558.3823357,cf2,0.4714600145816803,1.3495954275131226,1.0139381885528564,0.5002071857452393,0.22741970419883728,-0.017391376197338104
1765156558.3825855,cf2,0.4714600145816803,1.3495954275131226,1.0139381885528564,0.49666211009025574,0.21834740042686462,-0.009874867275357246
1765156558.3936255,cf1,0.8104550838470459,1.4708093404769897,1.009716272354126,0.3348763883113861,-0.14239513874053955,0.007654029410332441
1765156558.393926,cf1,0.8104550838470459,1.4708093404769897,1.009716272354126,0.3299165964126587,-0.15558810532093048,0.002014849102124572
1765156558.402431,cf2,0.4827938973903656,1.3546230792999268,1.014327049255371,0.49666211009025574,0.21834740042686462,-0.009874867275357246
1765156558.4027412,cf2,0.4827938973903656,1.3546230792999268,1.014327049255371,0.49289530515670776,0.20919647812843323,-0.0016128970310091972
1765156558.4133108,cf1,0.8177850842475891,1.4678174257278442,1.0095103979110718,0.3299165964126587,-0.15558810532093048,0.002014849102124572
1765156558.4137707,cf1,0.8177850842475891,1.4678174257278442,1.0095103979110718,0.32511577010154724,-0.16891875863075256,-0.00655620452016592
1765156558.4223378,cf2,0.4933774769306183,1.359205961227417,1.0148791074752808,0.49289530515670776,0.20919647812843323,-0.0016128970310091972
1765156558.4226372,cf2,0.4933774769306183,1.359205961227417,1.0148791074752808,0.48897019028663635,0.19994869828224182,0.005409547593444586
1765156558.4333131,cf1,0.8250078558921814,1.4645568132400513,1.009089708328247,0.32511577010154724,-0.16891875863075256,-0.00655620452016592
1765156558.4336615,cf1,0.8250078558921814,1.4645568132400513,1.009089708328247,0.32036837935447693,-0.18227213621139526,-0.016207581385970116
1765156558.44241,cf2,0.5038691759109497,1.363587498664856,1.0155009031295776,0.48897019028663635,0.19994869828224182,0.005409547593444586
1765156558.44277,cf2,0.5038691759109497,1.363587498664856,1.0155009031295776,0.48493269085884094,0.19056084752082825,0.00944999884814024
1765156558.453572,cf1,0.8321242928504944,1.4610270261764526,1.0084806680679321,0.32036837935447693,-0.18227213621139526,-0.016207581385970116
1765156558.4538896,cf1,0.8321242928504944,1.4610270261764526,1.0084806680679321,0.3157789707183838,-0.19558928906917572,-0.024559250101447105
1765156558.462381,cf2,0.5142679810523987,1.36776864528656,1.0161136388778687,0.48493269085884094,0.19056084752082825,0.00944999884814024
1765156558.462642,cf2,0.5142679810523987,1.36776864528656,1.0161136388778687,0.48073485493659973,0.18101316690444946,0.009594699367880821
1765156558.4733417,cf1,0.8391372561454773,1.457224726676941,1.0077482461929321,0.3157789707183838,-0.19558928906917572,-0.024559250101447105
1765156558.473577,cf1,0.8391372561454773,1.457224726676941,1.0077482461929321,0.3113253712654114,-0.2087935507297516,-0.02991311438381672
1765156558.4824724,cf2,0.524570643901825,1.371749758720398,1.0166354179382324,0.48073485493659973,0.18101316690444946,0.009594699367880821
1765156558.4829106,cf2,0.524570643901825,1.371749758720398,1.0166354179382324,0.4763405919075012,0.1712576150894165,0.005742175038903952
1765156558.4940333,cf1,0.8461204767227173,1.453095555305481,1.006967544555664,0.3113253712654114,-0.2087935507297516,-0.02991311438381672
1765156558.494272,cf1,0.8461204767227173,1.453095555305481,1.006967544555664,0.30587053298950195,-0.2218751758337021,-0.031101787462830544
1765156558.5024009,cf2,0.5347751379013062,1.375529170036316,1.0169968605041504,0.4763405919075012,0.1712576150894165,0.005742175038903952
1765156558.5026393,cf2,0.5347751379013062,1.375529170036316,1.0169968605041504,0.47413524985313416,0.16183769702911377,-0.0012210279237478971
1765156558.5141394,cf1,0.853778600692749,1.448091745376587,1.0061426162719727,0.30587053298950195,-0.2218751758337021,-0.031101787462830544
1765156558.514404,cf1,0.853778600692749,1.448091745376587,1.0061426162719727,0.3001689910888672,-0.23551441729068756,-0.02732986770570278
1765156558.5224845,cf2,0.5448800921440125,1.3791043758392334,1.0171607732772827,0.47413524985313416,0.16183769702911377,-0.0012210279237478971
1765156558.5228546,cf2,0.5448800921440125,1.3791043758392334,1.0171607732772827,0.4694140553474426,0.1515580415725708,-0.01041192002594471
1765156558.5341191,cf1,0.8605301976203918,1.4433708190917969,1.005557656288147,0.3001689910888672,-0.23551441729068756,-0.02732986770570278
1765156558.534486,cf1,0.8605301976203918,1.4433708190917969,1.005557656288147,0.29568806290626526,-0.24800780415534973,-0.020022695884108543
1765156558.5453203,cf2,0.5544876456260681,1.38240647315979,1.0171148777008057,0.4694140553474426,0.1515580415725708,-0.01041192002594471
1765156558.5456,cf2,0.5544876456260681,1.38240647315979,1.0171148777008057,0.4608931839466095,0.1397269368171692,-0.020072264596819878
1765156558.554073,cf1,0.8670966029167175,1.4384281635284424,1.0051605701446533,0.29568806290626526,-0.24800780415534973,-0.020022695884108543
1765156558.5544171,cf1,0.8670966029167175,1.4384281635284424,1.0051605701446533,0.2908896803855896,-0.2600334882736206,-0.010759703814983368
1765156558.562381,cf2,0.5652491450309753,1.3857519626617432,1.0169415473937988,0.4608931839466095,0.1397269368171692,-0.020072264596819878
1765156558.5626733,cf2,0.5652491450309753,1.3857519626617432,1.0169415473937988,0.45770713686943054,0.12885421514511108,-0.027568191289901733
1765156558.5741765,cf1,0.8735385537147522,1.433227300643921,1.004948377609253,0.2908896803855896,-0.2600334882736206,-0.010759703814983368
1765156558.5744102,cf1,0.8735385537147522,1.433227300643921,1.004948377609253,0.28587058186531067,-0.2716570794582367,-0.0011080678086727858
1765156558.5823069,cf2,0.5745643973350525,1.3885408639907837,1.0166981220245361,0.45770713686943054,0.12885421514511108,-0.027568191289901733
1765156558.5826552,cf2,0.5745643973350525,1.3885408639907837,1.0166981220245361,0.4512099325656891,0.11760566383600235,-0.03106064535677433
1765156558.5952106,cf1,0.8798570036888123,1.4277757406234741,1.0048792362213135,0.28587058186531067,-0.2716570794582367,-0.0011080678086727858
1765156558.595599,cf1,0.8798570036888123,1.4277757406234741,1.0048792362213135,0.2806117832660675,-0.28288066387176514,0.006453896407037973
1765156558.6022956,cf2,0.5842236876487732,1.3912339210510254,1.0164599418640137,0.4512099325656891,0.11760566383600235,-0.03106064535677433
1765156558.6026297,cf2,0.5842236876487732,1.3912339210510254,1.0164599418640137,0.446431040763855,0.10665183514356613,-0.02992083877325058
1765156558.61316,cf1,0.8864280581474304,1.421502947807312,1.0048820972442627,0.2806117832660675,-0.28288066387176514,0.006453896407037973
1765156558.613461,cf1,0.8864280581474304,1.421502947807312,1.0048820972442627,0.2752213180065155,-0.29548150300979614,0.011100486852228642
1765156558.6234944,cf2,0.5942506194114685,1.393795132637024,1.0163029432296753,0.446431040763855,0.10665183514356613,-0.02992083877325058
1765156558.623757,cf2,0.5942506194114685,1.393795132637024,1.0163029432296753,0.438490629196167,0.09465670585632324,-0.024344196543097496
1765156558.633211,cf1,0.8924136161804199,1.4156436920166016,1.0049076080322266,0.2752213180065155,-0.29548150300979614,0.011100486852228642
1765156558.6337187,cf1,0.8924136161804199,1.4156436920166016,1.0049076080322266,0.269176721572876,-0.3057020604610443,0.01160940621048212
1765156558.6436367,cf2,0.6033005714416504,1.3959193229675293,1.016302466392517,0.438490629196167,0.09465670585632324,-0.024344196543097496
1765156558.643859,cf2,0.6033005714416504,1.3959193229675293,1.016302466392517,0.4359246790409088,0.08377597481012344,-0.01709519885480404
1765156558.6540325,cf1,0.8985930681228638,1.4091928005218506,1.0048444271087646,0.269176721572876,-0.3057020604610443,0.01160940621048212
1765156558.6543732,cf1,0.8985930681228638,1.4091928005218506,1.0048444271087646,0.26095902919769287,-0.31350451707839966,0.007537152152508497
1765156558.6636147,cf2,0.612665593624115,1.3979008197784424,1.0164216756820679,0.4359246790409088,0.08377597481012344,-0.01709519885480404
1765156558.663959,cf2,0.612665593624115,1.3979008197784424,1.0164216756820679,0.4318058490753174,0.07278898358345032,-0.00935253594070673
1765156558.6743317,cf1,0.9041129350662231,1.403153657913208,1.0046314001083374,0.26095902919769287,-0.31350451707839966,0.007537152152508497
1765156558.6746805,cf1,0.9041129350662231,1.403153657913208,1.0046314001083374,0.2543522119522095,-0.3229556083679199,0.0004876364837400615
1765156558.683361,cf2,0.6219670176506042,1.3996516466140747,1.0166304111480713,0.4318058490753174,0.07278898358345032,-0.00935253594070673
1765156558.6836991,cf2,0.6219670176506042,1.3996516466140747,1.0166304111480713,0.4280162453651428,0.06179792433977127,-0.003174825571477413
1765156558.6940684,cf1,0.9094563126564026,1.3972018957138062,1.0042424201965332,0.2543522119522095,-0.3229556083679199,0.0004876364837400615
1765156558.6945305,cf1,0.9094563126564026,1.3972018957138062,1.0042424201965332,0.24769718945026398,-0.33241331577301025,-0.008019029162824154
1765156558.7034862,cf2,0.6311887502670288,1.401168704032898,1.0168699026107788,0.4280162453651428,0.06179792433977127,-0.003174825571477413
1765156558.703737,cf2,0.6311887502670288,1.401168704032898,1.0168699026107788,0.4245074391365051,0.05078534409403801,4.0279352106153965e-05
1765156558.7135537,cf1,0.912778377532959,1.3932998180389404,1.0039345026016235,0.24769718945026398,-0.33241331577301025,-0.008019029162824154
1765156558.713779,cf1,0.912778377532959,1.3932998180389404,1.0039345026016235,0.24144726991653442,-0.3444036841392517,-0.015659276396036148
1765156558.7234156,cf2,0.6403361558914185,1.402456521987915,1.017064094543457,0.4245074391365051,0.05078534409403801,4.0279352106153965e-05
1765156558.7239344,cf2,0.6403361558914185,1.402456521987915,1.017064094543457,0.4211861491203308,0.03975822031497955,-0.000630895490758121
1765156558.7342203,cf1,0.9206218719482422,1.3828994035720825,1.003040075302124,0.24144726991653442,-0.3444036841392517,-0.015659276396036148
1765156558.7345212,cf1,0.9206218719482422,1.3828994035720825,1.003040075302124,0.23260430991649628,-0.3517550528049469,-0.020263586193323135
1765156558.74426,cf2,0.6498289704322815,1.4035475254058838,1.0171467065811157,0.4211861491203308,0.03975822031497955,-0.000630895490758121
1765156558.744667,cf2,0.6498289704322815,1.4035475254058838,1.0171467065811157,0.4177846610546112,0.02809535153210163,-0.005311852321028709
1765156558.7541583,cf1,0.9257356524467468,1.375892162322998,1.0024051666259766,0.23260430991649628,-0.3517550528049469,-0.020263586193323135
1765156558.754523,cf1,0.9257356524467468,1.375892162322998,1.0024051666259766,0.22448986768722534,-0.3580683171749115,-0.020178653299808502
1765156558.7623432,cf2,0.6542810797691345,1.404140591621399,1.0170838832855225,0.4177846610546112,0.02809535153210163,-0.005311852321028709
1765156558.762726,cf2,0.6542810797691345,1.404140591621399,1.0170838832855225,0.4145940840244293,0.023033466190099716,-0.008973338641226292
1765156558.7742543,cf1,0.9307615160942078,1.368592381477356,1.0018417835235596,0.22448986768722534,-0.3580683171749115,-0.020178653299808502
1765156558.7744946,cf1,0.9307615160942078,1.368592381477356,1.0018417835235596,0.2175523340702057,-0.3669494390487671,-0.015845445916056633
1765156558.7823622,cf2,0.6632155179977417,1.4048607349395752,1.0169018507003784,0.4145940840244293,0.023033466190099716,-0.008973338641226292
1765156558.7827864,cf2,0.6632155179977417,1.4048607349395752,1.0169018507003784,0.4111305773258209,0.012113172560930252,-0.017215071246027946
1765156558.795285,cf1,0.9358471632003784,1.3607089519500732,1.0014101266860962,0.2175523340702057,-0.3669494390487671,-0.015845445916056633
1765156558.795668,cf1,0.9358471632003784,1.3607089519500732,1.0014101266860962,0.20983120799064636,-0.3753216862678528,-0.00767703028395772
1765156558.8023043,cf2,0.6720905900001526,1.4053659439086914,1.0165609121322632,0.4111305773258209,0.012113172560930252,-0.017215071246027946
1765156558.8026307,cf2,0.6720905900001526,1.4053659439086914,1.0165609121322632,0.4074682891368866,0.0013477561296895146,-0.025156697258353233
1765156558.814163,cf1,0.9383312463760376,1.3571006059646606,1.0013437271118164,0.20983120799064636,-0.3753216862678528,-0.00767703028395772
1765156558.814508,cf1,0.9383312463760376,1.3571006059646606,1.0013437271118164,0.2063852846622467,-0.38011640310287476,-0.002548930002376437
1765156558.8232443,cf2,0.6809775233268738,1.4056510925292969,1.0160822868347168,0.4074682891368866,0.0013477561296895146,-0.025156697258353233
1765156558.8236094,cf2,0.6809775233268738,1.4056510925292969,1.0160822868347168,0.4023576080799103,-0.009954122826457024,-0.03188606724143028
1765156558.8342354,cf1,0.9429022073745728,1.3494020700454712,1.0012023448944092,0.2063852846622467,-0.38011640310287476,-0.002548930002376437
1765156558.8346174,cf1,0.9429022073745728,1.3494020700454712,1.0012023448944092,0.1995657980442047,-0.38851597905158997,0.006941976025700569
1765156558.8424296,cf2,0.6889382004737854,1.405655860900879,1.0155739784240723,0.4023576080799103,-0.009954122826457024,-0.03188606724143028
1765156558.8429103,cf2,0.6889382004737854,1.405655860900879,1.0155739784240723,0.39692628383636475,-0.021338773891329765,-0.03509752079844475
1765156558.8542936,cf1,0.9473831057548523,1.3414047956466675,1.0011852979660034,0.1995657980442047,-0.38851597905158997,0.006941976025700569
1765156558.8546267,cf1,0.9473831057548523,1.3414047956466675,1.0011852979660034,0.1930655539035797,-0.39729321002960205,0.014534746296703815
1765156558.8623292,cf2,0.6973599195480347,1.4055110216140747,1.015030026435852,0.39692628383636475,-0.021338773891329765,-0.03509752079844475
1765156558.8627336,cf2,0.6973599195480347,1.4055110216140747,1.015030026435852,0.3927500247955322,-0.03234943002462387,-0.034899186342954636
1765156558.8741653,cf1,0.9517225027084351,1.3332107067108154,1.0012481212615967,0.1930655539035797,-0.39729321002960205,0.014534746296703815
1765156558.8745387,cf1,0.9517225027084351,1.3332107067108154,1.0012481212615967,0.1866852045059204,-0.40606778860092163,0.019790561869740486
1765156558.8824463,cf2,0.7067074775695801,1.405123233795166,1.0145039558410645,0.3927500247955322,-0.03234943002462387,-0.034899186342954636
1765156558.882747,cf2,0.7067074775695801,1.405123233795166,1.0145039558410645,0.38874849677085876,-0.043407976627349854,-0.03154894709587097
1765156558.8942833,cf1,0.9559217095375061,1.3248262405395508,1.0013320446014404,0.1866852045059204,-0.40606778860092163,0.019790561869740486
1765156558.8946261,cf1,0.9559217095375061,1.3248262405395508,1.0013320446014404,0.18041400611400604,-0.4149739742279053,0.02249954082071781
1765156558.9023132,cf2,0.7151305675506592,1.404469609260559,1.0141291618347168,0.38874849677085876,-0.043407976627349854,-0.03154894709587097
1765156558.9025826,cf2,0.7151305675506592,1.404469609260559,1.0141291618347168,0.38457682728767395,-0.05433302000164986,-0.02521916851401329
1765156558.9139943,cf1,0.9599850177764893,1.3162463903427124,1.001362681388855,0.18041400611400604,-0.4149739742279053,0.02249954082071781
1765156558.9142377,cf1,0.9599850177764893,1.3162463903427124,1.001362681388855,0.17423422634601593,-0.42421528697013855,0.02138555608689785
1765156558.923362,cf2,0.7234726548194885,1.4035747051239014,1.013893961906433,0.38457682728767395,-0.05433302000164986,-0.02521916851401329
1765156558.9237294,cf2,0.7234726548194885,1.4035747051239014,1.013893961906433,0.378833532333374,-0.06544485688209534,-0.016977403312921524
1765156558.9342506,cf1,0.9639158248901367,1.307468056678772,1.0012727975845337,0.17423422634601593,-0.42421528697013855,0.02138555608689785
1765156558.9346046,cf1,0.9639158248901367,1.307468056678772,1.0012727975845337,0.16810595989227295,-0.43375247716903687,0.01644478738307953
1765156558.9432895,cf2,0.7316710352897644,1.402453899383545,1.0137932300567627,0.378833532333374,-0.06544485688209534,-0.016977403312921524
1765156558.9437594,cf2,0.7316710352897644,1.402453899383545,1.0137932300567627,0.3743916451931,-0.0760231614112854,-0.009524833410978317
1765156558.954224,cf1,0.9677159786224365,1.2984929084777832,1.0010141134262085,0.16810595989227295,-0.43375247716903687,0.01644478738307953
1765156558.9545715,cf1,0.9677159786224365,1.2984929084777832,1.0010141134262085,0.16199441254138947,-0.4433968961238861,0.00857983622699976
1765156558.9623113,cf2,0.7390329241752625,1.401172399520874,1.0137803554534912,0.3743916451931,-0.0760231614112854,-0.009524833410978317
1765156558.9626527,cf2,0.7390329241752625,1.401172399520874,1.0137803554534912,0.36675772070884705,-0.0866222232580185,-0.0037901639007031918
1765156558.9741201,cf1,0.9713858962059021,1.2893236875534058,1.0005682706832886,0.16199441254138947,-0.4433968961238861,0.00857983622699976
1765156558.9743857,cf1,0.9713858962059021,1.2893236875534058,1.0005682706832886,0.15585917234420776,-0.452987402677536,-0.0005981543217785656
1765156558.9823518,cf2,0.7470067143440247,1.3996261358261108,1.0138198137283325,0.36675772070884705,-0.0866222232580185,-0.0037901639007031918
1765156558.9828768,cf2,0.7470067143440247,1.3996261358261108,1.0138198137283325,0.3619486391544342,-0.09691646695137024,-0.00119505962356925
1765156558.9942489,cf1,0.9749242067337036,1.279962182044983,0.999953031539917,0.15585917234420776,-0.452987402677536,-0.0005981543217785656
1765156558.9946046,cf1,0.9749242067337036,1.279962182044983,0.999953031539917,0.14966966211795807,-0.46238839626312256,-0.00956257339566946
1765156559.0024443,cf2,0.754910945892334,1.397852897644043,1.0138375759124756,0.3619486391544342,-0.09691646695137024,-0.00119505962356925
1765156559.0027342,cf2,0.754910945892334,1.397852897644043,1.0138375759124756,0.3586235046386719,-0.10740809142589569,-0.0019166801357641816
1765156559.0141246,cf1,0.9783278703689575,1.2704135179519653,0.9992253184318542,0.14966966211795807,-0.46238839626312256,-0.00956257339566946
1765156559.0144072,cf1,0.9783278703689575,1.2704135179519653,0.9992253184318542,0.14340373873710632,-0.47138887643814087,-0.016105493530631065
1765156559.0225067,cf2,0.7627043128013611,1.3958653211593628,1.0137701034545898,0.3586235046386719,-0.10740809142589569,-0.0019166801357641816
1765156559.0228398,cf2,0.7627043128013611,1.3958653211593628,1.0137701034545898,0.35350123047828674,-0.1176614910364151,-0.00581831019371748
1765156559.0341167,cf1,0.9815926551818848,1.2606837749481201,0.9984659552574158,0.14340373873710632,-0.47138887643814087,-0.016105493530631065
1765156559.0344522,cf1,0.9815926551818848,1.2606837749481201,0.9984659552574158,0.13705255091190338,-0.4798530042171478,-0.018928827717900276
1765156559.04359,cf2,0.7712156772613525,1.3934767246246338,1.0135304927825928,0.35350123047828674,-0.1176614910364151,-0.00581831019371748
1765156559.043868,cf2,0.7712156772613525,1.3934767246246338,1.0135304927825928,0.34709739685058594,-0.12804579734802246,-0.012227588333189487
1765156559.0541205,cf1,0.9847140908241272,1.2507809400558472,0.9977652430534363,0.13705255091190338,-0.4798530042171478,-0.018928827717900276
1765156559.0543363,cf1,0.9847140908241272,1.2507809400558472,0.9977652430534363,0.13061080873012543,-0.48768898844718933,-0.017485246062278748
1765156559.0634348,cf2,0.7779536247253418,1.391258955001831,1.0132157802581787,0.34709739685058594,-0.12804579734802246,-0.012227588333189487
1765156559.0637963,cf2,0.7779536247253418,1.391258955001831,1.0132157802581787,0.3400743007659912,-0.1377124786376953,-0.019337384030222893
1765156559.0740936,cf1,0.9876875877380371,1.240715503692627,0.9972049593925476,0.13061080873012543,-0.48768898844718933,-0.017485246062278748
1765156559.0743272,cf1,0.9876875877380371,1.240715503692627,0.9972049593925476,0.12408220767974854,-0.4948347508907318,-0.01193639449775219
1765156559.0834243,cf2,0.7853965163230896,1.38865065574646,1.0127202272415161,0.3400743007659912,-0.1377124786376953,-0.019337384030222893
1765156559.0836835,cf2,0.7853965163230896,1.38865065574646,1.0127202272415161,0.33621469140052795,-0.14814387261867523,-0.026179542765021324
1765156559.094017,cf1,0.9905098080635071,1.2305012941360474,0.9968437552452087,0.12408220767974854,-0.4948347508907318,-0.01193639449775219
1765156559.09423,cf1,0.9905098080635071,1.2305012941360474,0.9968437552452087,0.1174771636724472,-0.5012465119361877,-0.0033109828364104033
1765156559.103349,cf2,0.7927296161651611,1.385830044746399,1.0121201276779175,0.33621469140052795,-0.14814387261867523,-0.026179542765021324
1765156559.103612,cf2,0.7927296161651611,1.385830044746399,1.0121201276779175,0.330660343170166,-0.15818102657794952,-0.030897095799446106
1765156559.114157,cf1,0.9931784868240356,1.2201528549194336,0.9967060089111328,0.1174771636724472,-0.5012465119361877,-0.0033109828364104033
1765156559.1144953,cf1,0.9931784868240356,1.2201528549194336,0.9967060089111328,0.11079646646976471,-0.5069524049758911,0.006973303388804197
1765156559.1237693,cf2,0.7999383807182312,1.3827991485595703,1.0114734172821045,0.330660343170166,-0.15818102657794952,-0.030897095799446106
1765156559.1241422,cf2,0.7999383807182312,1.3827991485595703,1.0114734172821045,0.32496318221092224,-0.16816045343875885,-0.032455671578645706
1765156559.1331754,cf1,0.9954796433448792,1.2103723287582397,0.9967452883720398,0.11079646646976471,-0.5069524049758911,0.006973303388804197
1765156559.133514,cf1,0.9954796433448792,1.2103723287582397,0.9967452883720398,0.10341112315654755,-0.5109335780143738,0.0170206930488348
1765156559.1437216,cf2,0.8070199489593506,1.3795548677444458,1.0108473300933838,0.32496318221092224,-0.16816045343875885,-0.032455671578645706
1765156559.1440966,cf2,0.8070199489593506,1.3795548677444458,1.0108473300933838,0.31919506192207336,-0.17813988029956818,-0.030573001131415367
1765156559.1534283,cf1,0.997802197933197,1.2000482082366943,0.9969708323478699,0.10341112315654755,-0.5109335780143738,0.0170206930488348
1765156559.1538243,cf1,0.997802197933197,1.2000482082366943,0.9969708323478699,0.09652172774076462,-0.5150018930435181,0.024323012679815292
1765156559.1632884,cf2,0.8139721155166626,1.3760931491851807,1.0103009939193726,0.31919506192207336,-0.17813988029956818,-0.030573001131415367
1765156559.1638155,cf2,0.8139721155166626,1.3760931491851807,1.0103009939193726,0.31192630529403687,-0.18754823505878448,-0.02568390592932701
1765156559.173135,cf1,1.0000196695327759,1.1894067525863647,0.9972856044769287,0.09652172774076462,-0.5150018930435181,0.024323012679815292
1765156559.1735716,cf1,1.0000196695327759,1.1894067525863647,0.9972856044769287,0.08913123607635498,-0.5169717073440552,0.027787212282419205
1765156559.182373,cf2,0.8209394812583923,1.3723175525665283,1.0098614692687988,0.31192630529403687,-0.18754823505878448,-0.02568390592932701
1765156559.1826332,cf2,0.8209394812583923,1.3723175525665283,1.0098614692687988,0.30492180585861206,-0.19758132100105286,-0.01866532303392887
1765156559.1932285,cf1,1.0020885467529297,1.1786726713180542,0.9976085424423218,0.08913123607635498,-0.5169717073440552,0.027787212282419205
1765156559.1935935,cf1,1.0020885467529297,1.1786726713180542,0.9976085424423218,0.08269395679235458,-0.5223612189292908,0.027846889570355415
1765156559.203395,cf2,0.8294732570648193,1.367155909538269,1.0094592571258545,0.30492180585861206,-0.19758132100105286,-0.01866532303392887
1765156559.2036846,cf2,0.8294732570648193,1.367155909538269,1.0094592571258545,0.3014852702617645,-0.21055971086025238,-0.01144142635166645
1765156559.2131693,cf1,1.0040087699890137,1.1678683757781982,0.9978570938110352,0.08269395679235458,-0.5223612189292908,0.027846889570355415
1765156559.2135015,cf1,1.0040087699890137,1.1678683757781982,0.9978570938110352,0.0757288858294487,-0.5254315733909607,0.02383292093873024
1765156559.2233412,cf2,0.8341149687767029,1.3643126487731934,1.00937020778656,0.3014852702617645,-0.21055971086025238,-0.01144142635166645
1765156559.2236845,cf2,0.8341149687767029,1.3643126487731934,1.00937020778656,0.28912174701690674,-0.21580250561237335,-0.005075594410300255
1765156559.2352633,cf1,1.005977749824524,1.1560245752334595,0.9979471564292908,0.0757288858294487,-0.5254315733909607,0.02383292093873024
1765156559.235633,cf1,1.005977749824524,1.1560245752334595,0.9979471564292908,0.06876874715089798,-0.5282937288284302,0.01665964350104332
1765156559.2435803,cf2,0.8407648205757141,1.359780192375183,1.0092402696609497,0.28912174701690674,-0.21580250561237335,-0.005075594410300255
1765156559.2437985,cf2,0.8407648205757141,1.359780192375183,1.0092402696609497,0.2818762958049774,-0.2250308245420456,-0.0011563674779608846
1765156559.2540417,cf1,1.0074445009231567,1.1458144187927246,0.997892439365387,0.06876874715089798,-0.5282937288284302,0.01665964350104332
1765156559.2543983,cf1,1.0074445009231567,1.1458144187927246,0.997892439365387,0.061302829533815384,-0.5297744870185852,0.007043017074465752
1765156559.2635581,cf2,0.8466879725456238,1.3554859161376953,1.0091372728347778,0.2818762958049774,-0.2250308245420456,-0.0011563674779608846
1765156559.2638464,cf2,0.8466879725456238,1.3554859161376953,1.0091372728347778,0.27511855959892273,-0.2343980073928833,-0.00031656105420552194
1765156559.2743018,cf1,1.0089008808135986,1.1350724697113037,0.9976428747177124,0.061302829533815384,-0.5297744870185852,0.007043017074465752
1765156559.2746928,cf1,1.0089008808135986,1.1350724697113037,0.9976428747177124,0.05400630086660385,-0.5299948453903198,-0.002334949327632785
1765156559.2836502,cf2,0.8528026938438416,1.3507393598556519,1.008992075920105,0.27511855959892273,-0.2343980073928833,-0.00031656105420552194
1765156559.2840095,cf2,0.8528026938438416,1.3507393598556519,1.008992075920105,0.2689633369445801,-0.24418257176876068,-0.0012482799356803298
1765156559.294146,cf1,1.0102424621582031,1.1240378618240356,0.9972565174102783,0.05400630086660385,-0.5299948453903198,-0.002334949327632785
1765156559.2945478,cf1,1.0102424621582031,1.1240378618240356,0.9972565174102783,0.04714544862508774,-0.532484233379364,-0.009782189503312111
1765156559.3035173,cf2,0.8588013052940369,1.345776081085205,1.0087766647338867,0.2689633369445801,-0.24418257176876068,-0.0012482799356803298
1765156559.3037627,cf2,0.8588013052940369,1.345776081085205,1.0087766647338867,0.2629879117012024,-0.2540118098258972,-0.003607087768614292
1765156559.314275,cf1,1.011438250541687,1.1129337549209595,0.9968099594116211,0.04714544862508774,-0.532484233379364,-0.009782189503312111
1765156559.3146405,cf1,1.011438250541687,1.1129337549209595,0.9968099594116211,0.04029645770788193,-0.5348109006881714,-0.013275781646370888
1765156559.3240426,cf2,0.8646741509437561,1.340606927871704,1.008467435836792,0.2629879117012024,-0.2540118098258972,-0.003607087768614292
1765156559.3243814,cf2,0.8646741509437561,1.340606927871704,1.008467435836792,0.25727760791778564,-0.26390424370765686,-0.007353838998824358
1765156559.334292,cf1,1.012483835220337,1.1017755270004272,0.9964016079902649,0.04029645770788193,-0.5348109006881714,-0.013275781646370888
1765156559.3346605,cf1,1.012483835220337,1.1017755270004272,0.9964016079902649,0.03376922011375427,-0.5390732884407043,-0.011537794955074787
1765156559.3434544,cf2,0.8704249262809753,1.3352335691452026,1.0080602169036865,0.25727760791778564,-0.26390424370765686,-0.007353838998824358
1765156559.3438423,cf2,0.8704249262809753,1.3352335691452026,1.0080602169036865,0.25174641609191895,-0.2737428843975067,-0.011562696658074856
1765156559.3539922,cf1,1.0133782625198364,1.0905638933181763,0.9961189031600952,0.03376922011375427,-0.5390732884407043,-0.011537794955074787
1765156559.3542788,cf1,1.0133782625198364,1.0905638933181763,0.9961189031600952,0.026773899793624878,-0.5390827059745789,-0.005585068836808205
1765156559.363759,cf2,0.8760553598403931,1.32965886592865,1.0075689554214478,0.25174641609191895,-0.2737428843975067,-0.011562696658074856
1765156559.3640876,cf2,0.8760553598403931,1.32965886592865,1.0075689554214478,0.24632185697555542,-0.2834448218345642,-0.015147536061704159
1765156559.3730495,cf1,1.01413094997406,1.0790379047393799,0.9960195422172546,0.026773899793624878,-0.5390827059745789,-0.005585068836808205
1765156559.373414,cf1,1.01413094997406,1.0790379047393799,0.9960195422172546,0.019724445417523384,-0.5398840308189392,0.003972019534558058
1765156559.3844147,cf2,0.8815663456916809,1.3238837718963623,1.0070210695266724,0.24632185697555542,-0.2834448218345642,-0.015147536061704159
1765156559.3847992,cf2,0.8815663456916809,1.3238837718963623,1.0070210695266724,0.24094007909297943,-0.2929963171482086,-0.01754315383732319
1765156559.3932035,cf1,1.0147113800048828,1.0679774284362793,0.9961370825767517,0.019724445417523384,-0.5398840308189392,0.003972019534558058
1765156559.3937938,cf1,1.0147113800048828,1.0679774284362793,0.9961370825767517,0.013162910006940365,-0.5412700176239014,0.014283858239650726
1765156559.4023519,cf2,0.8881901502609253,1.3163577318191528,1.0063095092773438,0.24094007909297943,-0.2929963171482086,-0.01754315383732319
1765156559.4026368,cf2,0.8881901502609253,1.3163577318191528,1.0063095092773438,0.23656435310840607,-0.30496352910995483,-0.01829497702419758
1765156559.4137,cf1,1.015154242515564,1.05663001537323,0.9964324831962585,0.013162910006940365,-0.5412700176239014,0.014283858239650726
1765156559.413808,cf1,1.015154242515564,1.05663001537323,0.9964324831962585,0.0066650123335421085,-0.5430465936660767,0.023266596719622612
1765156559.42338,cf2,0.8923059701919556,1.311628818511963,1.0058996677398682,0.23656435310840607,-0.30496352910995483,-0.01829497702419758
1765156559.4237766,cf2,0.8923059701919556,1.311628818511963,1.0058996677398682,0.22640426456928253,-0.30834993720054626,-0.016735291108489037
1765156559.43353,cf1,1.0154519081115723,1.045227289199829,0.9968527555465698,0.0066650123335421085,-0.5430465936660767,0.023266596719622612
1765156559.433761,cf1,1.0154519081115723,1.045227289199829,0.9968527555465698,0.00019884007633663714,-0.5446545481681824,0.02952517382800579
1765156559.443397,cf2,0.8976261019706726,1.3050148487091064,1.0053865909576416,0.22640426456928253,-0.30834993720054626,-0.016735291108489037
1765156559.4436285,cf2,0.8976261019706726,1.3050148487091064,1.0053865909576416,0.21988695859909058,-0.3159109354019165,-0.014155115932226181
1765156559.4534318,cf1,1.015607237815857,1.0337879657745361,0.9973139762878418,0.00019884007633663714,-0.5446545481681824,0.02952517382800579
1765156559.4540806,cf1,1.015607237815857,1.0337879657745361,0.9973139762878418,-0.006226456258445978,-0.546097993850708,0.03154630959033966
1765156559.463575,cf2,0.9023575782775879,1.2988494634628296,1.0049984455108643,0.21988695859909058,-0.3159109354019165,-0.014155115932226181
1765156559.4639156,cf2,0.9023575782775879,1.2988494634628296,1.0049984455108643,0.21362338960170746,-0.3234764039516449,-0.010816330090165138
1765156559.4733005,cf1,1.015625,1.0223177671432495,0.997719407081604,-0.006226456258445978,-0.546097993850708,0.03154630959033966
1765156559.4736502,cf1,1.015625,1.0223177671432495,0.997719407081604,-0.012604878284037113,-0.5473575592041016,0.02843083254992962
1765156559.4836178,cf2,0.9072102904319763,1.2921596765518188,1.0046603679656982,0.21362338960170746,-0.3234764039516449,-0.010816330090165138
1765156559.4838514,cf2,0.9072102904319763,1.2921596765518188,1.0046603679656982,0.20768208801746368,-0.3314953148365021,-0.006720087490975857
1765156559.493256,cf1,1.0155088901519775,1.0108234882354736,0.9979884624481201,-0.012604878284037113,-0.5473575592041016,0.02843083254992962
1765156559.4935136,cf1,1.0155088901519775,1.0108234882354736,0.9979884624481201,-0.018957199528813362,-0.5483495593070984,0.021187184378504753
1765156559.5036952,cf2,0.9109419584274292,1.2869197130203247,1.0044586658477783,0.20768208801746368,-0.3314953148365021,-0.006720087490975857
1765156559.5040696,cf2,0.9109419584274292,1.2869197130203247,1.0044586658477783,0.20576004683971405,-0.3374112844467163,-0.004267141222953796
1765156559.513459,cf1,1.0152608156204224,0.9993119835853577,0.9980645775794983,-0.018957199528813362,-0.5483495593070984,0.021187184378504753
1765156559.5137727,cf1,1.0152608156204224,0.9993119835853577,0.9980645775794983,-0.02530677616596222,-0.5490363836288452,0.010845341719686985
1765156559.523377,cf2,0.9158687591552734,1.2793984413146973,1.0042248964309692,0.20576004683971405,-0.3374112844467163,-0.004267141222953796
1765156559.5237353,cf2,0.9158687591552734,1.2793984413146973,1.0042248964309692,0.1996677815914154,-0.34626635909080505,-0.00017664967163000256
1765156559.5335135,cf1,1.0148812532424927,0.9877892732620239,0.9979302883148193,-0.02530677616596222,-0.5490363836288452,0.010845341719686985
1765156559.533852,cf1,1.0148812532424927,0.9877892732620239,0.9979302883148193,-0.03167331591248512,-0.5493530035018921,-0.0008486488950438797
1765156559.5434978,cf2,0.9203495979309082,1.2722092866897583,1.004054307937622,0.1996677815914154,-0.34626635909080505,-0.00017664967163000256
1765156559.5438564,cf2,0.9203495979309082,1.2722092866897583,1.004054307937622,0.19355954229831696,-0.35399478673934937,0.002563111949712038
1765156559.553386,cf1,1.014369249343872,0.9762647151947021,0.9976208806037903,-0.03167331591248512,-0.5493530035018921,-0.0008486488950438797
1765156559.5537255,cf1,1.014369249343872,0.9762647151947021,0.9976208806037903,-0.0380498468875885,-0.5491929054260254,-0.0110951978713274
1765156559.5635157,cf2,0.9242437481880188,1.2655287981033325,1.0039215087890625,0.19355954229831696,-0.35399478673934937,0.002563111949712038
1765156559.5638018,cf2,0.9242437481880188,1.2655287981033325,1.0039215087890625,0.18735972046852112,-0.36159399151802063,0.0042052119970321655
1765156559.5741224,cf1,1.0137003660202026,0.9644823670387268,0.9972106218338013,-0.0380498468875885,-0.5491929054260254,-0.0110951978713274
1765156559.5744772,cf1,1.0137003660202026,0.9644823670387268,0.9972106218338013,-0.04467058554291725,-0.5471665859222412,-0.017684057354927063
1765156559.5836213,cf2,0.9284548759460449,1.258047342300415,1.0037758350372314,0.18735972046852112,-0.36159399151802063,0.0042052119970321655
1765156559.5839562,cf2,0.9284548759460449,1.258047342300415,1.0037758350372314,0.18097811937332153,-0.36914515495300293,0.00462498189881444
1765156559.5940526,cf1,1.012933373451233,0.9532421231269836,0.9968319535255432,-0.04467058554291725,-0.5471665859222412,-0.017684057354927063
1765156559.594386,cf1,1.012933373451233,0.9532421231269836,0.9968319535255432,-0.05098915472626686,-0.545456051826477,-0.01873372681438923
1765156559.6023855,cf2,0.9325214624404907,1.2504087686538696,1.0035958290100098,0.18097811937332153,-0.36914515495300293,0.00462498189881444
1765156559.602738,cf2,0.9325214624404907,1.2504087686538696,1.0035958290100098,0.17348340153694153,-0.375247597694397,0.0029877095948904753
1765156559.6142294,cf1,1.0120059251785278,0.9417852163314819,0.9965649247169495,-0.05098915472626686,-0.545456051826477,-0.01873372681438923
1765156559.6145887,cf1,1.0120059251785278,0.9417852163314819,0.9965649247169495,-0.05735788866877556,-0.5438060760498047,-0.014309529215097427
1765156559.6223762,cf2,0.936455249786377,1.242577314376831,1.0033551454544067,0.17348340153694153,-0.375247597694397,0.0029877095948904753
1765156559.6227732,cf2,0.936455249786377,1.242577314376831,1.0033551454544067,0.16572873294353485,-0.381677508354187,-0.00018077839922625571
1765156559.634115,cf1,1.0109320878982544,0.9303514361381531,0.9964967370033264,-0.05735788866877556,-0.5438060760498047,-0.014309529215097427
1765156559.6344485,cf1,1.0109320878982544,0.9303514361381531,0.9964967370033264,-0.06372078508138657,-0.5417261719703674,-0.005495982710272074
1765156559.6422346,cf2,0.9402002096176147,1.234684944152832,1.0030452013015747,0.16572873294353485,-0.381677508354187,-0.00018077839922625571
1765156559.6427429,cf2,0.9402002096176147,1.234684944152832,1.0030452013015747,0.15865837037563324,-0.3886409103870392,-0.0039372979663312435
1765156559.6541252,cf1,1.0097119808197021,0.9189630746841431,0.996670663356781,-0.06372078508138657,-0.5417261719703674,-0.005495982710272074
1765156559.6544924,cf1,1.0097119808197021,0.9189630746841431,0.996670663356781,-0.07008787244558334,-0.5392728447914124,0.005832401104271412
1765156559.6624477,cf2,0.9438093900680542,1.2266110181808472,1.0026659965515137,0.15865837037563324,-0.3886409103870392,-0.0039372979663312435
1765156559.6628058,cf2,0.9438093900680542,1.2266110181808472,1.0026659965515137,0.15145714581012726,-0.395413339138031,-0.007465237285941839
1765156559.6740901,cf1,1.0083461999893188,0.9076287150382996,0.9970773458480835,-0.07008787244558334,-0.5392728447914124,0.005832401104271412
1765156559.6743655,cf1,1.0083461999893188,0.9076287150382996,0.9970773458480835,-0.07644881308078766,-0.5364772081375122,0.017054440453648567
1765156559.682372,cf2,0.9472617506980896,1.2183973789215088,1.002241611480713,0.15145714581012726,-0.395413339138031,-0.007465237285941839
1765156559.6827662,cf2,0.9472617506980896,1.2183973789215088,1.002241611480713,0.14416222274303436,-0.40193137526512146,-0.009926743805408478
1765156559.694245,cf1,1.0068368911743164,0.8963544964790344,0.9976619482040405,-0.07644881308078766,-0.5364772081375122,0.017054440453648567
1765156559.6945176,cf1,1.0068368911743164,0.8963544964790344,0.9976619482040405,-0.0828118696808815,-0.5333876609802246,0.025868017226457596
1765156559.702326,cf2,0.9505550861358643,1.2100516557693481,1.0018079280853271,0.14416222274303436,-0.40193137526512146,-0.009926743805408478
1765156559.7026901,cf2,0.9505550861358643,1.2100516557693481,1.0018079280853271,0.1368492990732193,-0.40814921259880066,-0.010645517148077488
1765156559.7144015,cf1,1.0054144859313965,0.8864920139312744,0.9982577562332153,-0.0828118696808815,-0.5333876609802246,0.025868017226457596
1765156559.714773,cf1,1.0054144859313965,0.8864920139312744,0.9982577562332153,-0.08818207681179047,-0.5244766473770142,0.029871460050344467
1765156559.7223048,cf2,0.9536888003349304,1.2015774250030518,1.0014079809188843,0.1368492990732193,-0.40814921259880066,-0.010645517148077488
1765156559.7226157,cf2,0.9536888003349304,1.2015774250030518,1.0014079809188843,0.12955312430858612,-0.4140690565109253,-0.00925377570092678
1765156559.7340603,cf1,1.0032432079315186,0.8734613656997681,0.9990595579147339,-0.08818207681179047,-0.5244766473770142,0.029871460050344467
1765156559.7343025,cf1,1.0032432079315186,0.8734613656997681,0.9990595579147339,-0.09500817209482193,-0.5230571031570435,0.029960473999381065
1765156559.7423735,cf2,0.9567329287528992,1.192733883857727,1.001073956489563,0.12955312430858612,-0.4140690565109253,-0.00925377570092678
1765156559.7426805,cf2,0.9567329287528992,1.192733883857727,1.001073956489563,0.12082799524068832,-0.4178526997566223,-0.005556492600589991
1765156559.7541115,cf1,1.001802921295166,0.8646147847175598,0.9994691014289856,-0.09500817209482193,-0.5230571031570435,0.029960473999381065
1765156559.7544718,cf1,1.001802921295166,0.8646147847175598,0.9994691014289856,-0.1002296432852745,-0.5133952498435974,0.02388138324022293
1765156559.7624984,cf2,0.9594697952270508,1.1842637062072754,1.0008602142333984,0.12082799524068832,-0.4178526997566223,-0.005556492600589991
1765156559.762829,cf2,0.9594697952270508,1.1842637062072754,1.0008602142333984,0.11355751007795334,-0.42259135842323303,-0.0009345327271148562
1765156559.7741537,cf1,0.9998228549957275,0.8541285395622253,0.9998779892921448,-0.1002296432852745,-0.5133952498435974,0.02388138324022293
1765156559.774506,cf1,0.9998228549957275,0.8541285395622253,0.9998779892921448,-0.10629014670848846,-0.5075209140777588,0.014781828969717026
1765156559.7823303,cf2,0.9621190428733826,1.1754552125930786,1.0007470846176147,0.11355751007795334,-0.42259135842323303,-0.0009345327271148562
1765156559.7827594,cf2,0.9621190428733826,1.1754552125930786,1.0007470846176147,0.10648927837610245,-0.4274388551712036,0.004190389066934586
1765156559.7940147,cf1,0.9977957010269165,0.8438183665275574,1.0000512599945068,-0.10629014670848846,-0.5075209140777588,0.014781828969717026
1765156559.7942977,cf1,0.9977957010269165,0.8438183665275574,1.0000512599945068,-0.11265583336353302,-0.5030819177627563,0.003980723209679127
1765156559.8023143,cf2,0.9646151065826416,1.166534185409546,1.0007373094558716,0.10648927837610245,-0.4274388551712036,0.004190389066934586
1765156559.8027465,cf2,0.9646151065826416,1.166534185409546,1.0007373094558716,0.09949999302625656,-0.43192577362060547,0.009270270355045795
1765156559.8132334,cf1,0.9954605102539062,0.8327615261077881,1.0000381469726562,-0.11265583336353302,-0.5030819177627563,0.003980723209679127
1765156559.8134906,cf1,0.9954605102539062,0.8327615261077881,1.0000381469726562,-0.11895713210105896,-0.49613386392593384,-0.006803872995078564
1765156559.822488,cf2,0.9669575095176697,1.1575183868408203,1.0008001327514648,0.09949999302625656,-0.43192577362060547,0.009270270355045795
1765156559.8227339,cf2,0.9669575095176697,1.1575183868408203,1.0008001327514648,0.0926285907626152,-0.43614691495895386,0.012789423577487469
1765156559.8330314,cf1,0.9923019409179688,0.8190639019012451,0.9998058080673218,-0.11895713210105896,-0.49613386392593384,-0.006803872995078564
1765156559.8333197,cf1,0.9923019409179688,0.8190639019012451,0.9998058080673218,-0.12727287411689758,-0.49878689646720886,-0.01368660293519497
1765156559.84338,cf2,0.9691923260688782,1.14820396900177,1.0008989572525024,0.0926285907626152,-0.43614691495895386,0.012789423577487469
1765156559.8436697,cf2,0.9691923260688782,1.14820396900177,1.0008989572525024,0.0853121429681778,-0.4391670525074005,0.01407547201961279
1765156559.8538153,cf1,0.9896566271781921,0.8081927299499512,0.9995158314704895,-0.12727287411689758,-0.49878689646720886,-0.01368660293519497
1765156559.8540494,cf1,0.9896566271781921,0.8081927299499512,0.9995158314704895,-0.13418367505073547,-0.4961968660354614,-0.016635814681649208
1765156559.86364,cf2,0.9711970686912537,1.1392323970794678,1.000978708267212,0.0853121429681778,-0.4391670525074005,0.01407547201961279
1765156559.8639834,cf2,0.9711970686912537,1.1392323970794678,1.000978708267212,0.0786348283290863,-0.44225063920021057,0.012946393340826035
1765156559.8731804,cf1,0.9876253008842468,0.8000938296318054,0.9993556141853333,-0.13418367505073547,-0.4961968660354614,-0.016635814681649208
1765156559.8735487,cf1,0.9876253008842468,0.8000938296318054,0.9993556141853333,-0.1382427215576172,-0.4841802418231964,-0.014498978853225708
1765156559.8833845,cf2,0.9731000661849976,1.1299972534179688,1.0010079145431519,0.0786348283290863,-0.44225063920021057,0.012946393340826035
1765156559.8837023,cf2,0.9731000661849976,1.1299972534179688,1.0010079145431519,0.072100430727005,-0.44543346762657166,0.00989922322332859
1765156559.8932245,cf1,0.984992265701294,0.7903026342391968,0.9992575645446777,-0.1382427215576172,-0.4841802418231964,-0.014498978853225708
1765156559.8935935,cf1,0.984992265701294,0.7903026342391968,0.9992575645446777,-0.14439821243286133,-0.47984015941619873,-0.008779460564255714
1765156559.9036443,cf2,0.974865198135376,1.1206892728805542,1.000960111618042,0.072100430727005,-0.44543346762657166,0.00989922322332859
1765156559.9038796,cf2,0.974865198135376,1.1206892728805542,1.000960111618042,0.06560210138559341,-0.44834256172180176,0.005873498041182756
1765156559.9135923,cf1,0.981246292591095,0.7774204015731812,0.9992932081222534,-0.14439821243286133,-0.47984015941619873,-0.008779460564255714
1765156559.9138196,cf1,0.981246292591095,0.7774204015731812,0.9992932081222534,-0.15239860117435455,-0.4808517098426819,-0.0016386539209634066
1765156559.9236798,cf2,0.976490318775177,1.1113202571868896,1.000823974609375,0.06560210138559341,-0.44834256172180176,0.005873498041182756
1765156559.9239836,cf2,0.976490318775177,1.1113202571868896,1.000823974609375,0.0591152049601078,-0.45110610127449036,0.001213114708662033
1765156559.9336317,cf1,0.978840172290802,0.7693076729774475,0.9995244145393372,-0.15239860117435455,-0.4808517098426819,-0.0016386539209634066
1765156559.9339547,cf1,0.978840172290802,0.7693076729774475,0.9995244145393372,-0.1564624309539795,-0.47052863240242004,0.006780106108635664
1765156559.9432979,cf2,0.977975070476532,1.1018940210342407,1.0006133317947388,0.0591152049601078,-0.45110610127449036,0.001213114708662033
1765156559.9436128,cf2,0.977975070476532,1.1018940210342407,1.0006133317947388,0.052634306252002716,-0.4536440372467041,-0.003024084959179163
1765156559.9540877,cf1,0.9755985736846924,0.759086549282074,0.9999037384986877,-0.1564624309539795,-0.47052863240242004,0.006780106108635664
1765156559.9543767,cf1,0.9755985736846924,0.759086549282074,0.9999037384986877,-0.1624951958656311,-0.4649723470211029,0.014663103967905045
1765156559.9635866,cf2,0.979318380355835,1.0924166440963745,1.0003650188446045,0.052634306252002716,-0.4536440372467041,-0.003024084959179163
1765156559.963922,cf2,0.979318380355835,1.0924166440963745,1.0003650188446045,0.0461561419069767,-0.45586973428726196,-0.005661325063556433
1765156559.9740627,cf1,0.972217857837677,0.7489268779754639,1.0003798007965088,-0.1624951958656311,-0.4649723470211029,0.014663103967905045
1765156559.9742742,cf1,0.972217857837677,0.7489268779754639,1.0003798007965088,-0.16872864961624146,-0.46117308735847473,0.01896236278116703
1765156559.9834301,cf2,0.9805191159248352,1.0828946828842163,1.0001190900802612,0.0461561419069767,-0.45586973428726196,-0.005661325063556433
1765156559.9837885,cf2,0.9805191159248352,1.0828946828842163,1.0001190900802612,0.03966652601957321,-0.4577857553958893,-0.006196131929755211
1765156559.994103,cf1,0.9677928686141968,0.7364810109138489,1.0010082721710205,-0.16872864961624146,-0.46117308735847473,0.01896236278116703
1765156559.994459,cf1,0.9677928686141968,0.7364810109138489,1.0010082721710205,-0.1766061782836914,-0.4608324468135834,0.01976402848958969
1765156560.003779,cf2,0.9815748929977417,1.0733318328857422,0.9999194741249084,0.03966652601957321,-0.4577857553958893,-0.006196131929755211
1765156560.0040178,cf2,0.9815748929977417,1.0733318328857422,0.9999194741249084,0.03313697874546051,-0.45945295691490173,-0.004403323400765657
1765156560.014289,cf1,0.964755117893219,0.7280935645103455,1.0013781785964966,-0.1766061782836914,-0.4608324468135834,0.01976402848958969
1765156560.014525,cf1,0.964755117893219,0.7280935645103455,1.0013781785964966,-0.1803414225578308,-0.4500979781150818,0.015977904200553894
1765156560.0235732,cf2,0.9824831485748291,1.063732624053955,0.999809205532074,0.03313697874546051,-0.45945295691490173,-0.004403323400765657
1765156560.0239148,cf2,0.9824831485748291,1.063732624053955,0.999809205532074,0.026562007144093513,-0.46085935831069946,-0.0005353991291485727
1765156560.0340672,cf1,0.9600453972816467,0.7160224914550781,1.0017881393432617,-0.1803414225578308,-0.4500979781150818,0.015977904200553894
1765156560.034409,cf1,0.9600453972816467,0.7160224914550781,1.0017881393432617,-0.18881601095199585,-0.4499949812889099,0.009780202992260456
1765156560.0434353,cf2,0.983242392539978,1.0541032552719116,0.9998161196708679,0.026562007144093513,-0.46085935831069946,-0.0005353991291485727
1765156560.0437968,cf2,0.983242392539978,1.0541032552719116,0.9998161196708679,0.019942423328757286,-0.4620150923728943,0.005109552759677172
1765156560.0541496,cf1,0.9563020467758179,0.7067443132400513,1.0018984079360962,-0.18881601095199585,-0.4499949812889099,0.009780202992260456
1765156560.0544925,cf1,0.9563020467758179,0.7067443132400513,1.0018984079360962,-0.19340313971042633,-0.4405202269554138,-0.00021638814359903336
1765156560.0636258,cf2,0.9838513731956482,1.0444459915161133,0.9999414682388306,0.019942423328757286,-0.4620150923728943,0.005109552759677172
1765156560.063984,cf2,0.9838513731956482,1.0444459915161133,0.9999414682388306,0.013250653631985188,-0.46303388476371765,0.011018279939889908
1765156560.0740561,cf1,0.9522630572319031,0.6971774101257324,1.001857876777649,-0.19340313971042633,-0.4405202269554138,-0.00021638814359903336
1765156560.074409,cf1,0.9522630572319031,0.6971774101257324,1.001857876777649,-0.19865234196186066,-0.4321451187133789,-0.009828906506299973
1765156560.0836823,cf2,0.9842568635940552,1.0340673923492432,1.0001670122146606,0.013250653631985188,-0.46303388476371765,0.011018279939889908
1765156560.084171,cf2,0.9842568635940552,1.0340673923492432,1.0001670122146606,0.006475272122770548,-0.4639323651790619,0.016077108681201935
1765156560.094157,cf1,0.9491193890571594,0.68988037109375,1.001734733581543,-0.19865234196186066,-0.4321451187133789,-0.009828906506299973
1765156560.0945468,cf1,0.9491193890571594,0.68988037109375,1.001734733581543,-0.20165932178497314,-0.41914433240890503,-0.017693931236863136
1765156560.1022615,cf2,0.9845519065856934,1.0238938331604004,1.0004717111587524,0.006475272122770548,-0.4639323651790619,0.016077108681201935
1765156560.1025627,cf2,0.9845519065856934,1.0238938331604004,1.0004717111587524,-0.0007587952422909439,-0.46367448568344116,0.019040895625948906
1765156560.1141033,cf1,0.9449090957641602,0.6806718111038208,1.0015405416488647,-0.20165932178497314,-0.41914433240890503,-0.017693931236863136
1765156560.1143646,cf1,0.9449090957641602,0.6806718111038208,1.0015405416488647,-0.20762953162193298,-0.41174811124801636,-0.022264651954174042
1765156560.1222916,cf2,0.9846940040588379,1.014625072479248,1.000745415687561,-0.0007587952422909439,-0.46367448568344116,0.019040895625948906
1765156560.1226425,cf2,0.9846940040588379,1.014625072479248,1.000745415687561,-0.007978078909218311,-0.46664613485336304,0.019566211849451065
1765156560.1353035,cf1,0.9405201077461243,0.6715164184570312,1.0013675689697266,-0.20762953162193298,-0.41174811124801636,-0.022264651954174042
1765156560.1356552,cf1,0.9405201077461243,0.6715164184570312,1.0013675689697266,-0.21356382966041565,-0.4039234519004822,-0.021550746634602547
1765156560.1424885,cf2,0.9846884608268738,1.0049067735671997,1.000973105430603,-0.007978078909218311,-0.46664613485336304,0.019566211849451065
1765156560.1427433,cf2,0.9846884608268738,1.0049067735671997,1.000973105430603,-0.014676228165626526,-0.4646816849708557,0.016630228608846664
1765156560.1542447,cf1,0.9343376159667969,0.6595177054405212,1.0012547969818115,-0.21356382966041565,-0.4039234519004822,-0.021550746634602547
1765156560.1546261,cf1,0.9343376159667969,0.6595177054405212,1.0012547969818115,-0.22245194017887115,-0.3985845148563385,-0.014879120513796806
1765156560.1622567,cf2,0.9845333695411682,0.9951465725898743,1.0010966062545776,-0.014676228165626526,-0.4646816849708557,0.016630228608846664
1765156560.1625483,cf2,0.9845333695411682,0.9951465725898743,1.0010966062545776,-0.022050149738788605,-0.467786967754364,0.011626088991761208
1765156560.1742277,cf1,0.9298405647277832,0.6511375308036804,1.0014327764511108,-0.22245194017887115,-0.3985845148563385,-0.014879120513796806
1765156560.174592,cf1,0.9298405647277832,0.6511375308036804,1.0014327764511108,-0.22778435051441193,-0.3889816999435425,-0.004988985136151314
1765156560.1842716,cf2,0.9843282103538513,0.9860149621963501,1.0010720491409302,-0.022050149738788605,-0.467786967754364,0.011626088991761208
1765156560.1846075,cf2,0.9843282103538513,0.9860149621963501,1.0010720491409302,-0.02889305166900158,-0.46387630701065063,0.004133766982704401
1765156560.1940732,cf1,0.9250460863113403,0.6426476836204529,1.0018080472946167,-0.22778435051441193,-0.3889816999435425,-0.004988985136151314
1765156560.194393,cf1,0.9250460863113403,0.6426476836204529,1.0018080472946167,-0.23376893997192383,-0.38032305240631104,0.0053916932083666325
1765156560.202243,cf2,0.9837721586227417,0.9755256175994873,1.0009706020355225,-0.02889305166900158,-0.46387630701065063,0.004133766982704401
1765156560.202583,cf2,0.9837721586227417,0.9755256175994873,1.0009706020355225,-0.03643409535288811,-0.4649219214916229,-0.001690493430942297
1765156560.2140145,cf1,0.9204362034797668,0.634853184223175,1.0023223161697388,-0.23376893997192383,-0.38032305240631104,0.0053916932083666325
1765156560.2143672,cf1,0.9204362034797668,0.634853184223175,1.0023223161697388,-0.23735298216342926,-0.36772018671035767,0.013419214636087418
1765156560.2224274,cf2,0.9831902980804443,0.9658849835395813,1.000793695449829,-0.03643409535288811,-0.4649219214916229,-0.001690493430942297
1765156560.222664,cf2,0.9831902980804443,0.9658849835395813,1.000793695449829,-0.043206509202718735,-0.4642506241798401,-0.005369419697672129
1765156560.2340355,cf1,0.9175378680229187,0.6298994421958923,1.002686619758606,-0.23735298216342926,-0.36772018671035767,0.013419214636087418
1765156560.2343862,cf1,0.9175378680229187,0.6298994421958923,1.002686619758606,-0.24421314895153046,-0.35995402932167053,0.017587153241038322
1765156560.242399,cf2,0.9824551343917847,0.9561386704444885,1.0006150007247925,-0.043206509202718735,-0.4642506241798401,-0.005369419697672129
1765156560.242891,cf2,0.9824551343917847,0.9561386704444885,1.0006150007247925,-0.04997579753398895,-0.4638408124446869,-0.005622760858386755
1765156560.2540658,cf1,0.9126927256584167,0.6222919821739197,1.0032293796539307,-0.24421314895153046,-0.35995402932167053,0.017587153241038322
1765156560.2544148,cf1,0.9126927256584167,0.6222919821739197,1.0032293796539307,-0.24364003539085388,-0.3502434194087982,0.01729319803416729
1765156560.263589,cf2,0.9815142750740051,0.9459289312362671,1.0005042552947998,-0.04997579753398895,-0.4638408124446869,-0.005622760858386755
1765156560.2638347,cf2,0.9815142750740051,0.9459289312362671,1.0005042552947998,-0.057067614048719406,-0.46344828605651855,-0.0023994792718440294
1765156560.2741332,cf1,0.9071983098983765,0.6141288876533508,1.0037622451782227,-0.24364003539085388,-0.3502434194087982,0.01729319803416729
1765156560.2743893,cf1,0.9071983098983765,0.6141288876533508,1.0037622451782227,-0.24985118210315704,-0.3402799367904663,0.014534842222929
1765156560.2838356,cf2,0.980533242225647,0.936644434928894,1.0005251169204712,-0.057067614048719406,-0.46344828605651855,-0.0023994792718440294
1765156560.2841914,cf2,0.980533242225647,0.936644434928894,1.0005251169204712,-0.06345074623823166,-0.4612633287906647,0.0022873568814247847
1765156560.2940755,cf1,0.9018703699111938,0.606570303440094,1.0041190385818481,-0.24985118210315704,-0.3402799367904663,0.014534842222929
1765156560.294425,cf1,0.9018703699111938,0.606570303440094,1.0041190385818481,-0.2555469870567322,-0.3303624093532562,0.008125098422169685
1765156560.3039236,cf2,0.9793588519096375,0.9269487857818604,1.0006637573242188,-0.06345074623823166,-0.4612633287906647,0.0022873568814247847
1765156560.3042858,cf2,0.9793588519096375,0.9269487857818604,1.0006637573242188,-0.06983862072229385,-0.4602506160736084,0.0074873026460409164
1765156560.3140836,cf1,0.8964390158653259,0.5992296934127808,1.0042917728424072,-0.2555469870567322,-0.3303624093532562,0.008125098422169685
1765156560.314339,cf1,0.8964390158653259,0.5992296934127808,1.0042917728424072,-0.2612681984901428,-0.3203125298023224,-0.0002887953887693584
1765156560.3235657,cf2,0.9780440330505371,0.9172549247741699,1.0009137392044067,-0.06983862072229385,-0.4602506160736084,0.0074873026460409164
1765156560.3239064,cf2,0.9780440330505371,0.9172549247741699,1.0009137392044067,-0.07599969953298569,-0.4588661789894104,0.012197147123515606
1765156560.3343773,cf1,0.8908966779708862,0.5921034812927246,1.0042778253555298,-0.2612681984901428,-0.3203125298023224,-0.0002887953887693584
1765156560.3345728,cf1,0.8908966779708862,0.5921034812927246,1.0042778253555298,-0.26719585061073303,-0.3102157711982727,-0.008984475396573544
1765156560.343744,cf2,0.9765982031822205,0.907598078250885,1.0012403726577759,-0.07599969953298569,-0.4588661789894104,0.012197147123515606
1765156560.3440073,cf2,0.9765982031822205,0.907598078250885,1.0012403726577759,-0.08196119964122772,-0.4570774734020233,0.015629800036549568
1765156560.353386,cf1,0.8864473700523376,0.5866658091545105,1.004152774810791,-0.26719585061073303,-0.3102157711982727,-0.008984475396573544
1765156560.353817,cf1,0.8864473700523376,0.5866658091545105,1.004152774810791,-0.2695116698741913,-0.2956649363040924,-0.016653038561344147
1765156560.3636158,cf2,0.9750252366065979,0.8979846835136414,1.0015949010849,-0.08196119964122772,-0.4570774734020233,0.015629800036549568
1765156560.3638568,cf2,0.9750252366065979,0.8979846835136414,1.0015949010849,-0.08779372274875641,-0.45498016476631165,0.016830673441290855
1765156560.373729,cf1,0.8800083994865417,0.5792197585105896,1.0038586854934692,-0.2695116698741913,-0.2956649363040924,-0.016653038561344147
1765156560.374115,cf1,0.8800083994865417,0.5792197585105896,1.0038586854934692,-0.27651360630989075,-0.2851673662662506,-0.021905960515141487
1765156560.3833177,cf2,0.9733284115791321,0.8884193897247314,1.0019283294677734,-0.08779372274875641,-0.45498016476631165,0.016830673441290855
1765156560.3836708,cf2,0.9733284115791321,0.8884193897247314,1.0019283294677734,-0.09353510290384293,-0.4525820016860962,0.015598638914525509
1765156560.393316,cf1,0.8741000890731812,0.5727267861366272,1.0035561323165894,-0.27651360630989075,-0.2851673662662506,-0.021905960515141487
1765156560.3936539,cf1,0.8741000890731812,0.5727267861366272,1.0035561323165894,-0.2829928994178772,-0.2749539613723755,-0.02311701513826847
1765156560.403366,cf2,0.9724969863891602,0.8834078311920166,1.0020594596862793,-0.09353510290384293,-0.4525820016860962,0.015598638914525509
1765156560.4035985,cf2,0.9724969863891602,0.8834078311920166,1.0020594596862793,-0.09922083467245102,-0.4498637914657593,0.012014246545732021
1765156560.4131763,cf1,0.8680706024169922,0.5664780735969543,1.0033015012741089,-0.2829928994178772,-0.2749539613723755,-0.02311701513826847
1765156560.4135258,cf1,0.8680706024169922,0.5664780735969543,1.0033015012741089,-0.28945621848106384,-0.26461324095726013,-0.020096242427825928
1765156560.4235861,cf2,0.9695708751678467,0.8694570660591125,1.0023757219314575,-0.09922083467245102,-0.4498637914657593,0.012014246545732021
1765156560.423926,cf2,0.9695708751678467,0.8694570660591125,1.0023757219314575,-0.10486025363206863,-0.44676294922828674,0.007097010500729084
1765156560.4333284,cf1,0.8619087338447571,0.5604676604270935,1.0031658411026,-0.28945621848106384,-0.26461324095726013,-0.020096242427825928
1765156560.4336882,cf1,0.8619087338447571,0.5604676604270935,1.0031658411026,-0.29597169160842896,-0.254323273897171,-0.013148508034646511
1765156560.4435935,cf2,0.967513382434845,0.8600755929946899,1.0024610757827759,-0.10486025363206863,-0.44676294922828674,0.007097010500729084
1765156560.4438653,cf2,0.967513382434845,0.8600755929946899,1.0024610757827759,-0.11047370731830597,-0.4432884752750397,0.0019661446567624807
1765156560.4534178,cf1,0.8556103110313416,0.5546924471855164,1.0031898021697998,-0.29597169160842896,-0.254323273897171,-0.013148508034646511
1765156560.4538052,cf1,0.8556103110313416,0.5546924471855164,1.0031898021697998,-0.30246248841285706,-0.24408893287181854,-0.004460368305444717
1765156560.4635355,cf2,0.9653363823890686,0.8507698178291321,1.0024728775024414,-0.11047370731830597,-0.4432884752750397,0.0019661446567624807
1765156560.463883,cf2,0.9653363823890686,0.8507698178291321,1.0024728775024414,-0.11611570417881012,-0.43955907225608826,-0.0018574446439743042
1765156560.4731867,cf1,0.8491792678833008,0.5491533279418945,1.0033729076385498,-0.30246248841285706,-0.24408893287181854,-0.004460368305444717
1765156560.4735615,cf1,0.8491792678833008,0.5491533279418945,1.0033729076385498,-0.3088167905807495,-0.23380203545093536,0.004321311600506306
1765156560.483448,cf2,0.9630371928215027,0.8415398001670837,1.0024559497833252,-0.11611570417881012,-0.43955907225608826,-0.0018574446439743042
1765156560.4837906,cf2,0.9630371928215027,0.8415398001670837,1.0024559497833252,-0.1218249499797821,-0.4356843829154968,-0.003993196412920952
1765156560.493559,cf1,0.8434184193611145,0.5444217324256897,1.0036463737487793,-0.3088167905807495,-0.23380203545093536,0.004321311600506306
1765156560.4940753,cf1,0.8434184193611145,0.5444217324256897,1.0036463737487793,-0.3117281496524811,-0.22126005589962006,0.010937301442027092
1765156560.502243,cf2,0.9620116949081421,0.837356448173523,1.0024610757827759,-0.1218249499797821,-0.4356843829154968,-0.003993196412920952
1765156560.5025983,cf2,0.9620116949081421,0.837356448173523,1.0024610757827759,-0.12417501956224442,-0.4317774176597595,-0.0043989564292132854
1765156560.5133164,cf1,0.8362038135528564,0.5389660596847534,1.0040247440338135,-0.3117281496524811,-0.22126005589962006,0.010937301442027092
1765156560.5139549,cf1,0.8362038135528564,0.5389660596847534,1.0040247440338135,-0.31815844774246216,-0.2109752893447876,0.01471043936908245
1765156560.5224035,cf2,0.9593836069107056,0.8276073336601257,1.0025042295455933,-0.12417501956224442,-0.4317774176597595,-0.0043989564292132854
1765156560.5227704,cf2,0.9593836069107056,0.8276073336601257,1.0025042295455933,-0.1298605352640152,-0.4271629750728607,-0.0034079940523952246
1765156560.5334623,cf1,0.8293887376785278,0.5341076254844666,1.0043638944625854,-0.31815844774246216,-0.2109752893447876,0.01471043936908245
1765156560.533793,cf1,0.8293887376785278,0.5341076254844666,1.0043638944625854,-0.3225623369216919,-0.19938847422599792,0.014361116103827953
1765156560.5425396,cf2,0.9569820761680603,0.8194455504417419,1.0025789737701416,-0.1298605352640152,-0.4271629750728607,-0.0034079940523952246
1765156560.5427763,cf2,0.9569820761680603,0.8194455504417419,1.0025789737701416,-0.13570700585842133,-0.4226025938987732,-0.000590463459957391
1765156560.5536969,cf1,0.8222864866256714,0.5293793678283691,1.0046128034591675,-0.3225623369216919,-0.19938847422599792,0.014361116103827953
1765156560.5540469,cf1,0.8222864866256714,0.5293793678283691,1.0046128034591675,-0.32858356833457947,-0.18866346776485443,0.010125353932380676
1765156560.5624142,cf2,0.9540130496025085,0.8096957802772522,1.0027790069580078,-0.13570700585842133,-0.4226025938987732,-0.000590463459957391
1765156560.5627773,cf2,0.9540130496025085,0.8096957802772522,1.0027790069580078,-0.14165925979614258,-0.41783812642097473,0.0033710200805217028
1765156560.5734303,cf1,0.8152768015861511,0.5250123739242554,1.004689335823059,-0.32858356833457947,-0.18866346776485443,0.010125353932380676
1765156560.573783,cf1,0.8152768015861511,0.5250123739242554,1.004689335823059,-0.3339993953704834,-0.17748242616653442,0.002795756794512272
1765156560.582418,cf2,0.9513723850250244,0.8017106652259827,1.0030039548873901,-0.14165925979614258,-0.41783812642097473,0.0033710200805217028
1765156560.5827546,cf2,0.9513723850250244,0.8017106652259827,1.0030039548873901,-0.14780329167842865,-0.41299447417259216,0.008455736562609673
1765156560.5936553,cf1,0.8092540502548218,0.5214298963546753,1.0045791864395142,-0.3339993953704834,-0.17748242616653442,0.002795756794512272
1765156560.5939028,cf1,0.8092540502548218,0.5214298963546753,1.0045791864395142,-0.3351312577724457,-0.16422414779663086,-0.006617143750190735
1765156560.6024187,cf2,0.9483609199523926,0.7929922342300415,1.003338098526001,-0.14780329167842865,-0.41299447417259216,0.008455736562609673
1765156560.6027813,cf2,0.9483609199523926,0.7929922342300415,1.003338098526001,-0.15423458814620972,-0.40817660093307495,0.012954926118254662
1765156560.6136029,cf1,0.8021486401557922,0.517549991607666,1.0043028593063354,-0.3351312577724457,-0.16422414779663086,-0.006617143750190735
1765156560.6139276,cf1,0.8021486401557922,0.517549991607666,1.0043028593063354,-0.3402055501937866,-0.15272575616836548,-0.015732457861304283
1765156560.6224504,cf2,0.9452040195465088,0.7843717932701111,1.0037199258804321,-0.15423458814620972,-0.40817660093307495,0.012954926118254662
1765156560.6227958,cf2,0.9452040195465088,0.7843717932701111,1.0037199258804321,-0.16093769669532776,-0.40335530042648315,0.015917375683784485
1765156560.6335309,cf1,0.7948892712593079,0.5138852000236511,1.0038827657699585,-0.3402055501937866,-0.15272575616836548,-0.015732457861304283
1765156560.633784,cf1,0.7948892712593079,0.5138852000236511,1.0038827657699585,-0.34527072310447693,-0.14107167720794678,-0.022914836183190346
1765156560.6423473,cf2,0.9418997764587402,0.7758502960205078,1.0041099786758423,-0.16093769669532776,-0.40335530042648315,0.015917375683784485
1765156560.6426826,cf2,0.9418997764587402,0.7758502960205078,1.0041099786758423,-0.16726672649383545,-0.3968203663825989,0.016798969358205795
1765156560.6543775,cf1,0.7874535322189331,0.5104451179504395,1.0033931732177734,-0.34527072310447693,-0.14107167720794678,-0.022914836183190346
1765156560.6547537,cf1,0.7874535322189331,0.5104451179504395,1.0033931732177734,-0.3494504392147064,-0.12826551496982574,-0.025625143200159073
1765156560.6623585,cf2,0.9385602474212646,0.7676913738250732,1.0044463872909546,-0.16726672649383545,-0.3968203663825989,0.016798969358205795
1765156560.6626737,cf2,0.9385602474212646,0.7676913738250732,1.0044463872909546,-0.1736716330051422,-0.39070233702659607,0.015076247043907642
1765156560.674136,cf1,0.7800934314727783,0.5073335766792297,1.0029422044754028,-0.3494504392147064,-0.12826551496982574,-0.025625143200159073
1765156560.6745284,cf1,0.7800934314727783,0.5073335766792297,1.0029422044754028,-0.3539619743824005,-0.11625747382640839,-0.023466264829039574
1765156560.6823556,cf2,0.9353151917457581,0.7601146697998047,1.0046836137771606,-0.1736716330051422,-0.39070233702659607,0.015076247043907642
1765156560.6826775,cf2,0.9353151917457581,0.7601146697998047,1.0046836137771606,-0.17854920029640198,-0.380731999874115,0.010531418956816196
1765156560.6942196,cf1,0.772563099861145,0.5044631361961365,1.0025944709777832,-0.3539619743824005,-0.11625747382640839,-0.023466264829039574
1765156560.694587,cf1,0.772563099861145,0.5044631361961365,1.0025944709777832,-0.35868731141090393,-0.10423842817544937,-0.017089005559682846
1765156560.7023494,cf2,0.9317235946655273,0.7521719336509705,1.0048288106918335,-0.17854920029640198,-0.380731999874115,0.010531418956816196
1765156560.7027087,cf2,0.9317235946655273,0.7521719336509705,1.0048288106918335,-0.1859065592288971,-0.3764924108982086,0.004644077271223068
1765156560.714081,cf1,0.7649347186088562,0.5018672347068787,1.0024116039276123,-0.35868731141090393,-0.10423842817544937,-0.017089005559682846
1765156560.7144568,cf1,0.7649347186088562,0.5018672347068787,1.0024116039276123,-0.3633309006690979,-0.09215857833623886,-0.007695704698562622
1765156560.7235692,cf2,0.927703320980072,0.7437450289726257,1.0048574209213257,-0.1859065592288971,-0.3764924108982086,0.004644077271223068
1765156560.7239163,cf2,0.927703320980072,0.7437450289726257,1.0048574209213257,-0.1919984221458435,-0.3684766888618469,-0.002539006993174553
1765156560.7340715,cf1,0.7572143077850342,0.4995487332344055,1.0024116039276123,-0.3633309006690979,-0.09215857833623886,-0.007695704698562622
1765156560.7344146,cf1,0.7572143077850342,0.4995487332344055,1.0024116039276123,-0.36787036061286926,-0.08004442602396011,0.002698065247386694
1765156560.742324,cf2,0.9231348633766174,0.7347139120101929,1.0047448873519897,-0.1919984221458435,-0.3684766888618469,-0.002539006993174553
1765156560.7426035,cf2,0.9231348633766174,0.7347139120101929,1.0047448873519897,-0.1989520937204361,-0.3619740307331085,-0.008508493192493916
1765156560.7541494,cf1,0.74940425157547,0.4975065588951111,1.0025737285614014,-0.36787036061286926,-0.08004442602396011,0.002698065247386694
1765156560.7544425,cf1,0.74940425157547,0.4975065588951111,1.0025737285614014,-0.372322678565979,-0.06788375228643417,0.012213137932121754
1765156560.7624269,cf2,0.9190301299095154,0.7269444465637207,1.0045634508132935,-0.1989520937204361,-0.3619740307331085,-0.008508493192493916
1765156560.7628353,cf2,0.9190301299095154,0.7269444465637207,1.0045634508132935,-0.20573632419109344,-0.3567236065864563,-0.01199060957878828
1765156560.774187,cf1,0.7415059804916382,0.4957384467124939,1.0028375387191772,-0.372322678565979,-0.06788375228643417,0.012213137932121754
1765156560.7745225,cf1,0.7415059804916382,0.4957384467124939,1.0028375387191772,-0.37671974301338196,-0.055636487901210785,0.018570272251963615
1765156560.78235,cf2,0.9147248864173889,0.7191738486289978,1.0043636560440063,-0.20573632419109344,-0.3567236065864563,-0.01199060957878828
1765156560.7826276,cf2,0.9147248864173889,0.7191738486289978,1.0043636560440063,-0.21252970397472382,-0.35170578956604004,-0.012862227857112885
1765156560.7940853,cf1,0.7335231900215149,0.4942403733730316,1.003122091293335,-0.37671974301338196,-0.055636487901210785,0.018570272251963615
1765156560.7943225,cf1,0.7335231900215149,0.4942403733730316,1.003122091293335,-0.3810226619243622,-0.04329054057598114,0.020704122260212898
1765156560.8023303,cf2,0.910276472568512,0.7115092873573303,1.0042082071304321,-0.21252970397472382,-0.35170578956604004,-0.012862227857112885
1765156560.8027005,cf2,0.910276472568512,0.7115092873573303,1.0042082071304321,-0.21918173134326935,-0.34666115045547485,-0.010695097967982292
1765156560.8132691,cf1,0.7260228395462036,0.4931725561618805,1.0033364295959473,-0.3810226619243622,-0.04329054057598114,0.020704122260212898
1765156560.81358,cf1,0.7260228395462036,0.4931725561618805,1.0033364295959473,-0.38439735770225525,-0.03009832836687565,0.01806039735674858
1765156560.8233678,cf2,0.9055804014205933,0.7037948966026306,1.0041453838348389,-0.21918173134326935,-0.34666115045547485,-0.010695097967982292
1765156560.8237214,cf2,0.9055804014205933,0.7037948966026306,1.0041453838348389,-0.2254495918750763,-0.34039294719696045,-0.005971102975308895
1765156560.8332567,cf1,0.7180715799331665,0.492194801568985,1.0034195184707642,-0.38439735770225525,-0.03009832836687565,0.01806039735674858
1765156560.8337078,cf1,0.7180715799331665,0.492194801568985,1.0034195184707642,-0.38663432002067566,-0.017174705862998962,0.011317596770823002
1765156560.8443632,cf2,0.9009649753570557,0.6965294480323792,1.004210352897644,-0.2254495918750763,-0.34039294719696045,-0.005971102975308895
1765156560.8447847,cf2,0.9009649753570557,0.6965294480323792,1.004210352897644,-0.2323022037744522,-0.3362061083316803,-0.00013663577556144446
1765156560.8533447,cf1,0.7098785638809204,0.4914610683917999,1.0033048391342163,-0.38663432002067566,-0.017174705862998962,0.011317596770823002
1765156560.8536801,cf1,0.7098785638809204,0.4914610683917999,1.0033048391342163,-0.3921102285385132,-0.004818184766918421,0.0018263144884258509
1765156560.8624618,cf2,0.8960961103439331,0.689205527305603,1.0043925046920776,-0.2323022037744522,-0.3362061083316803,-0.00013663577556144446
1765156560.8628802,cf2,0.8960961103439331,0.689205527305603,1.0043925046920776,-0.237012580037117,-0.32767143845558167,0.00548692187294364
1765156560.8733478,cf1,0.7016054391860962,0.49098753929138184,1.002967357635498,-0.3921102285385132,-0.004818184766918421,0.0018263144884258509
1765156560.8736866,cf1,0.7016054391860962,0.49098753929138184,1.002967357635498,-0.3959541916847229,0.007985992357134819,-0.00855005532503128
1765156560.882304,cf2,0.8911515474319458,0.6820810437202454,1.0046648979187012,-0.237012580037117,-0.32767143845558167,0.00548692187294364
1765156560.8827307,cf2,0.8911515474319458,0.6820810437202454,1.0046648979187012,-0.24274533987045288,-0.321533203125,0.009661312215030193
1765156560.893402,cf1,0.6932627558708191,0.49077802896499634,1.0024391412734985,-0.3959541916847229,0.007985992357134819,-0.00855005532503128
1765156560.8938677,cf1,0.6932627558708191,0.49077802896499634,1.0024391412734985,-0.39813312888145447,0.020991336554288864,-0.017053524032235146
1765156560.9038024,cf2,0.8859432339668274,0.6749119758605957,1.00498366355896,-0.24274533987045288,-0.321533203125,0.009661312215030193
1765156560.9040523,cf2,0.8859432339668274,0.6749119758605957,1.00498366355896,-0.24797822535037994,-0.31385883688926697,0.011022861115634441
1765156560.913459,cf1,0.684849739074707,0.49083590507507324,1.0017924308776855,-0.39813312888145447,0.020991336554288864,-0.017053524032235146
1765156560.913768,cf1,0.684849739074707,0.49083590507507324,1.0017924308776855,-0.40182003378868103,0.03372647240757942,-0.022068729624152184
1765156560.9235857,cf2,0.8808625340461731,0.668197512626648,1.005268931388855,-0.24797822535037994,-0.31385883688926697,0.011022861115634441
1765156560.9238443,cf2,0.8808625340461731,0.668197512626648,1.005268931388855,-0.2529671788215637,-0.30647993087768555,0.009421773254871368
1765156560.9333801,cf1,0.676364541053772,0.49116671085357666,1.0011203289031982,-0.40182003378868103,0.03372647240757942,-0.022068729624152184
1765156560.9337378,cf1,0.676364541053772,0.49116671085357666,1.0011203289031982,-0.40540769696235657,0.04640147089958191,-0.022530904039740562
1765156560.942392,cf2,0.8755430579185486,0.6614746451377869,1.0054882764816284,-0.2529671788215637,-0.30647993087768555,0.009421773254871368
1765156560.9427664,cf2,0.8755430579185486,0.6614746451377869,1.0054882764816284,-0.25741344690322876,-0.29754215478897095,0.005129671189934015
1765156560.9537911,cf1,0.667808473110199,0.4917745590209961,1.0005221366882324,-0.40540769696235657,0.04640147089958191,-0.022530904039740562
1765156560.953923,cf1,0.667808473110199,0.4917745590209961,1.0005221366882324,-0.4088701903820038,0.05895804241299629,-0.017900865525007248
1765156560.9624166,cf2,0.8701770305633545,0.6549779176712036,1.0055959224700928,-0.25741344690322876,-0.29754215478897095,0.005129671189934015
1765156560.9627705,cf2,0.8701770305633545,0.6549779176712036,1.0055959224700928,-0.262218713760376,-0.2894778847694397,-0.0007567756692878902
1765156560.973647,cf1,0.6591805219650269,0.4926616847515106,1.0000783205032349,-0.4088701903820038,0.05895804241299629,-0.017900865525007248
1765156560.9741256,cf1,0.6591805219650269,0.4926616847515106,1.0000783205032349,-0.41226261854171753,0.07137705385684967,-0.009206408634781837
1765156560.9824376,cf2,0.8646879196166992,0.648624062538147,1.0055835247039795,-0.262218713760376,-0.2894778847694397,-0.0007567756692878902
1765156560.9829307,cf2,0.8646879196166992,0.648624062538147,1.0055835247039795,-0.2669376730918884,-0.281022846698761,-0.007111646700650454
1765156560.993221,cf1,0.6504808664321899,0.49382737278938293,0.9998301267623901,-0.41226261854171753,0.07137705385684967,-0.009206408634781837
1765156560.9936612,cf1,0.6504808664321899,0.49382737278938293,0.9998301267623901,-0.41556525230407715,0.08363863825798035,0.0015114800771698356
1765156561.0023801,cf2,0.8591044545173645,0.6424541473388672,1.0054670572280884,-0.2669376730918884,-0.281022846698761,-0.007111646700650454
1765156561.0026639,cf2,0.8591044545173645,0.6424541473388672,1.0054670572280884,-0.2715436816215515,-0.2721661329269409,-0.012397941201925278
1765156561.0152764,cf1,0.6415092349052429,0.4953138828277588,0.9997745156288147,-0.41556525230407715,0.08363863825798035,0.0015114800771698356
1765156561.0155854,cf1,0.6415092349052429,0.4953138828277588,0.9997745156288147,-0.4195055663585663,0.09626137465238571,0.012941748835146427
1765156561.0235722,cf2,0.8532950282096863,0.6363507509231567,1.005281925201416,-0.2715436816215515,-0.2721661329269409,-0.012397941201925278
1765156561.0238013,cf2,0.8532950282096863,0.6363507509231567,1.005281925201416,-0.2756645083427429,-0.261847585439682,-0.015564666129648685
1765156561.0334234,cf1,0.6300812363624573,0.49768123030662537,0.9998839497566223,-0.4195055663585663,0.09626137465238571,0.012941748835146427
1765156561.0337415,cf1,0.6300812363624573,0.49768123030662537,0.9998839497566223,-0.4257737696170807,0.11024723947048187,0.021642064675688744
1765156561.0433683,cf2,0.8476541638374329,0.6307032108306885,1.0050959587097168,-0.2756645083427429,-0.261847585439682,-0.015564666129648685
1765156561.0436127,cf2,0.8476541638374329,0.6307032108306885,1.0050959587097168,-0.2799329459667206,-0.2521522641181946,-0.015779921784996986
1765156561.0536962,cf1,0.6238321661949158,0.4989872872829437,1.000041127204895,-0.4257737696170807,0.11024723947048187,0.021642064675688744
1765156561.0540006,cf1,0.6238321661949158,0.4989872872829437,1.000041127204895,-0.4198073148727417,0.11936866492033005,0.025256970897316933
1765156561.0637128,cf2,0.8417962789535522,0.625145435333252,1.004948377609253,-0.2799329459667206,-0.2521522641181946,-0.015779921784996986
1765156561.0640726,cf2,0.8417962789535522,0.625145435333252,1.004948377609253,-0.2844303846359253,-0.24244216084480286,-0.01335202157497406
1765156561.0734427,cf1,0.6150277853012085,0.5011681318283081,1.0001940727233887,-0.4198073148727417,0.11936866492033005,0.025256970897316933
1765156561.073794,cf1,0.6150277853012085,0.5011681318283081,1.0001940727233887,-0.4228050410747528,0.1310337483882904,0.025127021595835686
1765156561.083655,cf2,0.8358368873596191,0.6197963953018188,1.0048868656158447,-0.2844303846359253,-0.24244216084480286,-0.01335202157497406
1765156561.0839934,cf2,0.8358368873596191,0.6197963953018188,1.0048868656158447,-0.28891661763191223,-0.23252196609973907,-0.008435477502644062
1765156561.093534,cf1,0.6060081720352173,0.5036320686340332,1.0002357959747314,-0.4228050410747528,0.1310337483882904,0.025127021595835686
1765156561.093874,cf1,0.6060081720352173,0.5036320686340332,1.0002357959747314,-0.42607352137565613,0.142751544713974,0.0198151096701622
1765156561.1034317,cf2,0.8297798037528992,0.6146678328514099,1.004930019378662,-0.28891661763191223,-0.23252196609973907,-0.008435477502644062
1765156561.103698,cf2,0.8297798037528992,0.6146678328514099,1.004930019378662,-0.29352715611457825,-0.22241473197937012,-0.002488969126716256
1765156561.1137745,cf1,0.5969245433807373,0.5063363313674927,1.0000971555709839,-0.42607352137565613,0.142751544713974,0.0198151096701622
1765156561.1139925,cf1,0.5969245433807373,0.5063363313674927,1.0000971555709839,-0.42916181683540344,0.15437111258506775,0.011410717852413654
1765156561.123425,cf2,0.8236201405525208,0.6097628474235535,1.0050666332244873,-0.29352715611457825,-0.22241473197937012,-0.002488969126716256
1765156561.1237679,cf2,0.8236201405525208,0.6097628474235535,1.0050666332244873,-0.2982586920261383,-0.2121567577123642,0.0028963242657482624
1765156561.1344204,cf1,0.5851538181304932,0.5102686285972595,0.9996519088745117,-0.42916181683540344,0.15437111258506775,0.011410717852413654
1765156561.1347787,cf1,0.5851538181304932,0.5102686285972595,0.9996519088745117,-0.43641194701194763,0.16838130354881287,0.002276151906698942
1765156561.1436384,cf2,0.8173598647117615,0.6050816178321838,1.0052660703659058,-0.2982586920261383,-0.2121567577123642,0.0028963242657482624
1765156561.1439333,cf2,0.8173598647117615,0.6050816178321838,1.0052660703659058,-0.302996426820755,-0.20178323984146118,0.006767385173588991
1765156561.1541588,cf1,0.5784561634063721,0.5125020146369934,0.99920654296875,-0.43641194701194763,0.16838130354881287,0.002276151906698942
1765156561.1544025,cf1,0.5784561634063721,0.5125020146369934,0.99920654296875,-0.4315936267375946,0.17644146084785461,-0.0065113818272948265
1765156561.1634214,cf2,0.8110003471374512,0.6006238460540771,1.005481481552124,-0.302996426820755,-0.20178323984146118,0.006767385173588991
1765156561.1637025,cf2,0.8110003471374512,0.6006238460540771,1.005481481552124,-0.3077622950077057,-0.19130142033100128,0.008280650712549686
1765156561.1741772,cf1,0.5693452954292297,0.5158573985099792,0.9985432028770447,-0.4315936267375946,0.17644146084785461,-0.0065113818272948265
1765156561.1746151,cf1,0.5693452954292297,0.5158573985099792,0.9985432028770447,-0.4350486099720001,0.18784993886947632,-0.011987047269940376
1765156561.1823916,cf2,0.8037497401237488,0.5960307121276855,1.0056846141815186,-0.3077622950077057,-0.19130142033100128,0.008280650712549686
1765156561.182705,cf2,0.8037497401237488,0.5960307121276855,1.0056846141815186,-0.3146630823612213,-0.18080197274684906,0.0072102718986570835
1765156561.194341,cf1,0.560017466545105,0.5195099115371704,0.9978256821632385,-0.4350486099720001,0.18784993886947632,-0.011987047269940376
1765156561.194724,cf1,0.560017466545105,0.5195099115371704,0.9978256821632385,-0.4388602674007416,0.19929657876491547,-0.013658877462148666
1765156561.202362,cf2,0.7974929213523865,0.5922141075134277,1.0057636499404907,-0.3146630823612213,-0.18080197274684906,0.0072102718986570835
1765156561.2026057,cf2,0.7974929213523865,0.5922141075134277,1.0057636499404907,-0.31659531593322754,-0.16891950368881226,0.0032686996273696423
1765156561.214263,cf1,0.5506111979484558,0.5234113335609436,0.9971560835838318,-0.4388602674007416,0.19929657876491547,-0.013658877462148666
1765156561.2146258,cf1,0.5506111979484558,0.5234113335609436,0.9971560835838318,-0.44257664680480957,0.21058717370033264,-0.010150916874408722
1765156561.2223358,cf2,0.7908494472503662,0.5884471535682678,1.0057238340377808,-0.31659531593322754,-0.16891950368881226,0.0032686996273696423
1765156561.222685,cf2,0.7908494472503662,0.5884471535682678,1.0057238340377808,-0.32329225540161133,-0.15868498384952545,-0.0021470924839377403
1765156561.2340364,cf1,0.541132926940918,0.5275600552558899,0.9966197609901428,-0.44257664680480957,0.21058717370033264,-0.010150916874408722
1765156561.2343695,cf1,0.541132926940918,0.5275600552558899,0.9966197609901428,-0.44636741280555725,0.22175462543964386,-0.002168248640373349
1765156561.2423897,cf2,0.7840924263000488,0.5848907232284546,1.0055460929870605,-0.32329225540161133,-0.15868498384952545,-0.0021470924839377403
1765156561.2426972,cf2,0.7840924263000488,0.5848907232284546,1.0055460929870605,-0.32800525426864624,-0.14787697792053223,-0.008626090362668037
1765156561.2541912,cf1,0.5315762758255005,0.5319579839706421,0.9962562918663025,-0.44636741280555725,0.22175462543964386,-0.002168248640373349
1765156561.254429,cf1,0.5315762758255005,0.5319579839706421,0.9962562918663025,-0.4502446949481964,0.23283489048480988,0.007488393224775791
1765156561.2624722,cf2,0.7772462964057922,0.5815558433532715,1.0052467584609985,-0.32800525426864624,-0.14787697792053223,-0.008626090362668037
1765156561.2628376,cf2,0.7772462964057922,0.5815558433532715,1.0052467584609985,-0.3305649161338806,-0.1366829127073288,-0.014192402362823486
1765156561.2741575,cf1,0.5219414830207825,0.5366023778915405,0.9960694909095764,-0.4502446949481964,0.23283489048480988,0.007488393224775791
1765156561.274396,cf1,0.5219414830207825,0.5366023778915405,0.9960694909095764,-0.4541284739971161,0.24378372728824615,0.017296195030212402
1765156561.2834647,cf2,0.7702409029006958,0.5784220099449158,1.0048651695251465,-0.3305649161338806,-0.1366829127073288,-0.014192402362823486
1765156561.2838175,cf2,0.7702409029006958,0.5784220099449158,1.0048651695251465,-0.3339276611804962,-0.12501423060894012,-0.017872776836156845
1765156561.2941034,cf1,0.51222825050354,0.5414887070655823,0.9960187673568726,-0.4541284739971161,0.24378372728824615,0.017296195030212402
1765156561.2944727,cf1,0.51222825050354,0.5414887070655823,0.9960187673568726,-0.45799946784973145,0.254642128944397,0.02478109300136566
1765156561.3035617,cf2,0.7633070945739746,0.5755692720413208,1.0044723749160767,-0.3339276611804962,-0.12501423060894012,-0.017872776836156845
1765156561.3038106,cf2,0.7633070945739746,0.5755692720413208,1.0044723749160767,-0.3378413915634155,-0.11438731104135513,-0.01866794005036354
1765156561.3140857,cf1,0.5024405717849731,0.5466098189353943,0.9960356950759888,-0.45799946784973145,0.254642128944397,0.02478109300136566
1765156561.3144329,cf1,0.5024405717849731,0.5466098189353943,0.9960356950759888,-0.4617486000061035,0.26537302136421204,0.0285339392721653
1765156561.323466,cf2,0.7562183141708374,0.57291179895401,1.0041091442108154,-0.3378413915634155,-0.11438731104135513,-0.01866794005036354
1765156561.3238003,cf2,0.7562183141708374,0.57291179895401,1.0041091442108154,-0.3435960114002228,-0.10403922200202942,-0.016893360763788223
1765156561.334333,cf1,0.4925847351551056,0.551956832408905,0.9960368871688843,-0.4617486000061035,0.26537302136421204,0.0285339392721653
1765156561.334686,cf1,0.4925847351551056,0.551956832408905,0.9960368871688843,-0.4652915596961975,0.27597305178642273,0.027987966313958168
1765156561.3436913,cf2,0.7490469217300415,0.5704793334007263,1.0038210153579712,-0.3435960114002228,-0.10403922200202942,-0.016893360763788223
1765156561.3440156,cf2,0.7490469217300415,0.5704793334007263,1.0038210153579712,-0.3453812599182129,-0.09341899305582047,-0.012460820376873016
1765156561.3542414,cf1,0.48266687989234924,0.557522714138031,0.9959422945976257,-0.4652915596961975,0.27597305178642273,0.027987966313958168
1765156561.3544967,cf1,0.48266687989234924,0.557522714138031,0.9959422945976257,-0.4686000347137451,0.28646939992904663,0.02333134599030018
1765156561.3633723,cf2,0.745293915271759,0.569131076335907,1.0037546157836914,-0.3453812599182129,-0.09341899305582047,-0.012460820376873016
1765156561.3637013,cf2,0.745293915271759,0.569131076335907,1.0037546157836914,-0.3510735332965851,-0.0831364244222641,-0.00717494823038578
1765156561.3741314,cf1,0.4720195233821869,0.5638160705566406,0.9956989884376526,-0.4686000347137451,0.28646939992904663,0.02333134599030018
1765156561.3744738,cf1,0.4720195233821869,0.5638160705566406,0.9956989884376526,-0.47164610028266907,0.2968541085720062,0.015735052525997162
1765156561.3822896,cf2,0.7379167079925537,0.567023515701294,1.0036065578460693,-0.3510735332965851,-0.0831364244222641,-0.00717494823038578
1765156561.382592,cf2,0.7379167079925537,0.567023515701294,1.0036065578460693,-0.351569801568985,-0.07768291234970093,-0.004088216926902533
1765156561.394107,cf1,0.46266722679138184,0.5692899227142334,0.9952765703201294,-0.47164610028266907,0.2968541085720062,0.015735052525997162
1765156561.3944638,cf1,0.46266722679138184,0.5692899227142334,0.9952765703201294,-0.47440460324287415,0.30709168314933777,0.0067369150929152966
1765156561.4022768,cf2,0.7306291460990906,0.5651774406433105,1.0035325288772583,-0.351569801568985,-0.07768291234970093,-0.004088216926902533
1765156561.4026566,cf2,0.7306291460990906,0.5651774406433105,1.0035325288772583,-0.35500362515449524,-0.06734012812376022,0.00037361931754276156
1765156561.4140975,cf1,0.4525962769985199,0.5754848718643188,0.9947055578231812,-0.47440460324287415,0.30709168314933777,0.0067369150929152966
1765156561.4144688,cf1,0.4525962769985199,0.5754848718643188,0.9947055578231812,-0.4768371284008026,0.317120224237442,-0.0013763179304078221
1765156561.4224749,cf2,0.7231871485710144,0.5635335445404053,1.0034899711608887,-0.35500362515449524,-0.06734012812376022,0.00037361931754276156
1765156561.4227598,cf2,0.7231871485710144,0.5635335445404053,1.0034899711608887,-0.3587505519390106,-0.05704042688012123,0.0033076414838433266
1765156561.4340394,cf1,0.44248464703559875,0.5818862915039062,0.994047224521637,-0.4768371284008026,0.317120224237442,-0.0013763179304078221
1765156561.4345152,cf1,0.44248464703559875,0.5818862915039062,0.994047224521637,-0.47893011569976807,0.32691895961761475,-0.0065390379168093204
1765156561.442385,cf2,0.7156605124473572,0.562106728553772,1.0034459829330444,-0.3587505519390106,-0.05704042688012123,0.0033076414838433266
1765156561.44271,cf2,0.7156605124473572,0.562106728553772,1.0034459829330444,-0.3626778721809387,-0.046713877469301224,0.004662645515054464
1765156561.4541574,cf1,0.4306771755218506,0.5897310972213745,0.9932517409324646,-0.47893011569976807,0.32691895961761475,-0.0065390379168093204
1765156561.4545286,cf1,0.4306771755218506,0.5897310972213745,0.9932517409324646,-0.47839048504829407,0.33574211597442627,-0.0072623323649168015
1765156561.4622524,cf2,0.7080473899841309,0.560899555683136,1.0033626556396484,-0.3626778721809387,-0.046713877469301224,0.004662645515054464
1765156561.4626591,cf2,0.7080473899841309,0.560899555683136,1.0033626556396484,-0.3668883740901947,-0.03623571619391441,0.004077386111021042
1765156561.4741347,cf1,0.4214465916156769,0.5959057807922363,0.9927518367767334,-0.47839048504829407,0.33574211597442627,-0.0072623323649168015
1765156561.4743876,cf1,0.4214465916156769,0.5959057807922363,0.9927518367767334,-0.47891294956207275,0.3442799746990204,-0.0030929201748222113
1765156561.4823055,cf2,0.7003433108329773,0.5599153637886047,1.0031977891921997,-0.3668883740901947,-0.03623571619391441,0.004077386111021042
1765156561.482671,cf2,0.7003433108329773,0.5599153637886047,1.0031977891921997,-0.3713575005531311,-0.025528520345687866,0.001198553596623242
1765156561.4946275,cf1,0.411297082901001,0.6028952598571777,0.9923576712608337,-0.47891294956207275,0.3442799746990204,-0.0030929201748222113
1765156561.4950387,cf1,0.411297082901001,0.6028952598571777,0.9923576712608337,-0.48021581768989563,0.3533095121383667,0.004533646162599325
1765156561.5023735,cf2,0.6925467848777771,0.5591555833816528,1.002923607826233,-0.3713575005531311,-0.025528520345687866,0.001198553596623242
1765156561.5028133,cf2,0.6925467848777771,0.5591555833816528,1.002923607826233,-0.3759973347187042,-0.014623448252677917,-0.003262510057538748
1765156561.5140934,cf1,0.40106967091560364,0.6101225018501282,0.992162823677063,-0.48021581768989563,0.3533095121383667,0.004533646162599325
1765156561.5143251,cf1,0.40106967091560364,0.6101225018501282,0.992162823677063,-0.4839506447315216,0.3644005060195923,0.014296198263764381
1765156561.52229,cf2,0.6846546530723572,0.5586239099502563,1.0025289058685303,-0.3759973347187042,-0.014623448252677917,-0.003262510057538748
1765156561.5227702,cf2,0.6846546530723572,0.5586239099502563,1.0025289058685303,-0.38078203797340393,-0.0035183392465114594,-0.008250460028648376
1765156561.5341787,cf1,0.3908180296421051,0.6175466179847717,0.9921581149101257,-0.4839506447315216,0.3644005060195923,0.014296198263764381
1765156561.5344217,cf1,0.3908180296421051,0.6175466179847717,0.9921581149101257,-0.4825000464916229,0.37072041630744934,0.02368318662047386
1765156561.542252,cf2,0.6766638159751892,0.5583252906799316,1.0020205974578857,-0.38078203797340393,-0.0035183392465114594,-0.008250460028648376
1765156561.5426145,cf2,0.6766638159751892,0.5583252906799316,1.0020205974578857,-0.38564974069595337,0.007777399383485317,-0.01344381459057331
1765156561.5533931,cf1,0.385297030210495,0.6214659214019775,0.9922577738761902,-0.4825000464916229,0.37072041630744934,0.02368318662047386
1765156561.5536776,cf1,0.385297030210495,0.6214659214019775,0.9922577738761902,-0.48379528522491455,0.37573257088661194,0.0283214058727026
1765156561.5623255,cf2,0.6685768365859985,0.5582621693611145,1.0014317035675049,-0.38564974069595337,0.007777399383485317,-0.01344381459057331
1765156561.5626798,cf2,0.6685768365859985,0.5582621693611145,1.0014317035675049,-0.3904140889644623,0.01915138214826584,-0.01717338338494301
1765156561.5744572,cf1,0.37501025199890137,0.6291791200637817,0.9924183487892151,-0.48379528522491455,0.37573257088661194,0.0283214058727026
1765156561.5745597,cf1,0.37501025199890137,0.6291791200637817,0.9924183487892151,-0.48340097069740295,0.383229523897171,0.03400086611509323
1765156561.582385,cf2,0.6603947281837463,0.5584386587142944,1.0008115768432617,-0.3904140889644623,0.01915138214826584,-0.01717338338494301
1765156561.5827546,cf2,0.6603947281837463,0.5584386587142944,1.0008115768432617,-0.39502575993537903,0.03056494891643524,-0.01852409727871418
1765156561.5942852,cf1,0.36482372879981995,0.6369699239730835,0.9925987124443054,-0.48340097069740295,0.383229523897171,0.03400086611509323
1765156561.594714,cf1,0.36482372879981995,0.6369699239730835,0.9925987124443054,-0.4843314290046692,0.39115026593208313,0.035420726984739304
1765156561.6038048,cf2,0.6521194577217102,0.5588580369949341,1.0002108812332153,-0.39502575993537903,0.03056494891643524,-0.01852409727871418
1765156561.6041546,cf2,0.6521194577217102,0.5588580369949341,1.0002108812332153,-0.3994002640247345,0.04196036607027054,-0.017518429085612297
1765156561.6140962,cf1,0.3545016646385193,0.6450175642967224,0.9927350878715515,-0.4843314290046692,0.39115026593208313,0.035420726984739304
1765156561.6143308,cf1,0.3545016646385193,0.6450175642967224,0.9927350878715515,-0.48567092418670654,0.39922526478767395,0.034055277705192566
1765156561.6233962,cf2,0.6437361836433411,0.5595239400863647,0.9996738433837891,-0.3994002640247345,0.04196036607027054,-0.017518429085612297
1765156561.6236718,cf2,0.6437361836433411,0.5595239400863647,0.9996738433837891,-0.4022894501686096,0.053604576736688614,-0.014435986988246441
1765156561.6339588,cf1,0.3441466987133026,0.6532377004623413,0.9927712678909302,-0.48567092418670654,0.39922526478767395,0.034055277705192566
1765156561.6342442,cf1,0.3441466987133026,0.6532377004623413,0.9927712678909302,-0.48725399374961853,0.40735509991645813,0.030999718233942986
1765156561.643371,cf2,0.6353229880332947,0.5604206919670105,0.9992408156394958,-0.4022894501686096,0.053604576736688614,-0.014435986988246441
1765156561.6436985,cf2,0.6353229880332947,0.5604206919670105,0.9992408156394958,-0.40569835901260376,0.06451280415058136,-0.00973490159958601
1765156561.6540778,cf1,0.33375462889671326,0.6616314053535461,0.9926641583442688,-0.48725399374961853,0.40735509991645813,0.030999718233942986
1765156561.6543458,cf1,0.33375462889671326,0.6616314053535461,0.9926641583442688,-0.4892972409725189,0.41578036546707153,0.02580345794558525
1765156561.6636677,cf2,0.626823365688324,0.5615507960319519,0.9989213347434998,-0.40569835901260376,0.06451280415058136,-0.00973490159958601
1765156561.6640043,cf2,0.626823365688324,0.5615507960319519,0.9989213347434998,-0.4086792767047882,0.0751243382692337,-0.003938876558095217
1765156561.6741028,cf1,0.3233168423175812,0.6702035665512085,0.9923962354660034,-0.4892972409725189,0.41578036546707153,0.02580345794558525
1765156561.6744442,cf1,0.3233168423175812,0.6702035665512085,0.9923962354660034,-0.49179309606552124,0.4244716167449951,0.019107386469841003
1765156561.6837587,cf2,0.6182671785354614,0.562905490398407,0.9987067580223083,-0.4086792767047882,0.0751243382692337,-0.003938876558095217
1765156561.6841474,cf2,0.6182671785354614,0.562905490398407,0.9987067580223083,-0.4112246632575989,0.08544984459877014,0.0013751863734796643
1765156561.6940136,cf1,0.3128276765346527,0.678956151008606,0.9919777512550354,-0.49179309606552124,0.4244716167449951,0.019107386469841003
1765156561.6942441,cf1,0.3128276765346527,0.678956151008606,0.9919777512550354,-0.4946121871471405,0.4332730174064636,0.012380531057715416
1765156561.702368,cf2,0.6104509830474854,0.5643743276596069,0.9985743165016174,-0.4112246632575989,0.08544984459877014,0.0013751863734796643
1765156561.702749,cf2,0.6104509830474854,0.5643743276596069,0.9985743165016174,-0.41338860988616943,0.09547968953847885,0.005667343735694885
1765156561.7141423,cf1,0.30228275060653687,0.6878905296325684,0.9914424419403076,-0.4946121871471405,0.4332730174064636,0.012380531057715416
1765156561.714362,cf1,0.30228275060653687,0.6878905296325684,0.9914424419403076,-0.4976484775543213,0.4420527219772339,0.006914275232702494
1765156561.7224412,cf2,0.6017666459083557,0.5661486387252808,0.9984782338142395,-0.41338860988616943,0.09547968953847885,0.005667343735694885
1765156561.7228081,cf2,0.6017666459083557,0.5661486387252808,0.9984782338142395,-0.4124274253845215,0.10521924495697021,0.007819587364792824
1765156561.7341082,cf1,0.2916783094406128,0.6970083117485046,0.9908481240272522,-0.4976484775543213,0.4420527219772339,0.006914275232702494
1765156561.7344823,cf1,0.2916783094406128,0.6970083117485046,0.9908481240272522,-0.5007944703102112,0.45070764422416687,0.00362181244418025
1765156561.7424345,cf2,0.5931379199028015,0.5681008100509644,0.9983744621276855,-0.4124274253845215,0.10521924495697021,0.007819587364792824
1765156561.7428803,cf2,0.5931379199028015,0.5681008100509644,0.9983744621276855,-0.41565045714378357,0.11496179550886154,0.007722366135567427
1765156561.754009,cf1,0.2810145318508148,0.7063061594963074,0.9902650713920593,-0.5007944703102112,0.45070764422416687,0.00362181244418025
1765156561.7542672,cf1,0.2810145318508148,0.7063061594963074,0.9902650713920593,-0.5038803815841675,0.45905575156211853,0.003165115136653185
1765156561.7622318,cf2,0.5844314098358154,0.5702599287033081,0.9982138872146606,-0.41565045714378357,0.11496179550886154,0.007722366135567427
1765156561.762487,cf2,0.5844314098358154,0.5702599287033081,0.9982138872146606,-0.41555312275886536,0.12408857047557831,0.005338533781468868
1765156561.7736115,cf1,0.2712976932525635,0.71492999792099,0.9897820949554443,-0.5038803815841675,0.45905575156211853,0.003165115136653185
1765156561.7740705,cf1,0.2712976932525635,0.71492999792099,0.9897820949554443,-0.5067785978317261,0.4669724106788635,0.00572193181142211
1765156561.7823431,cf2,0.5756906270980835,0.5726135969161987,0.9979587197303772,-0.41555312275886536,0.12408857047557831,0.005338533781468868
1765156561.782698,cf2,0.5756906270980835,0.5726135969161987,0.9979587197303772,-0.41709718108177185,0.13342231512069702,0.001339790760539472
1765156561.7933474,cf1,0.25949493050575256,0.7254421710968018,0.9893798232078552,-0.5067785978317261,0.4669724106788635,0.00572193181142211
1765156561.7936194,cf1,0.25949493050575256,0.7254421710968018,0.9893798232078552,-0.5079123377799988,0.4732235074043274,0.010337362997233868
1765156561.8025057,cf2,0.5669149160385132,0.5751597285270691,0.9975914359092712,-0.41709718108177185,0.13342231512069702,0.001339790760539472
1765156561.8028574,cf2,0.5669149160385132,0.5751597285270691,0.9975914359092712,-0.42044079303741455,0.14310917258262634,-0.0034138800110667944
1765156561.8134375,cf1,0.24870775640010834,0.7352070212364197,0.9891567230224609,-0.5079123377799988,0.4732235074043274,0.010337362997233868
1765156561.8138163,cf1,0.24870775640010834,0.7352070212364197,0.9891567230224609,-0.5101642608642578,0.47997504472732544,0.01639709062874317
1765156561.8223863,cf2,0.5580997467041016,0.5778989195823669,0.9971133470535278,-0.42044079303741455,0.14310917258262634,-0.0034138800110667944
1765156561.8228605,cf2,0.5580997467041016,0.5778989195823669,0.9971133470535278,-0.4206237196922302,0.15203624963760376,-0.00825192965567112
1765156561.83366,cf1,0.23785509169101715,0.7451396584510803,0.9890884160995483,-0.5101642608642578,0.47997504472732544,0.01639709062874317
1765156561.8339884,cf1,0.23785509169101715,0.7451396584510803,0.9890884160995483,-0.5121561884880066,0.4862653911113739,0.022740479558706284
1765156561.8423982,cf2,0.549242377281189,0.5808321833610535,0.996550977230072,-0.4206237196922302,0.15203624963760376,-0.00825192965567112
1765156561.8427474,cf2,0.549242377281189,0.5808321833610535,0.996550977230072,-0.42262423038482666,0.16133318841457367,-0.011812015436589718
1765156561.8536384,cf1,0.22697003185749054,0.7552041411399841,0.9891559481620789,-0.5121561884880066,0.4862653911113739,0.022740479558706284
1765156561.8539226,cf1,0.22697003185749054,0.7552041411399841,0.9891559481620789,-0.5138294696807861,0.4920256435871124,0.02803288772702217
1765156561.8621786,cf2,0.5403390526771545,0.5839623212814331,0.9959490299224854,-0.42262423038482666,0.16133318841457367,-0.011812015436589718
1765156561.8623698,cf2,0.5403390526771545,0.5839623212814331,0.9959490299224854,-0.4247801899909973,0.1706516444683075,-0.01313075702637434
1765156561.873547,cf1,0.2170790731906891,0.7644725441932678,0.9892960786819458,-0.5138294696807861,0.4920256435871124,0.02803288772702217
1765156561.8737967,cf1,0.2170790731906891,0.7644725441932678,0.9892960786819458,-0.515171229839325,0.4972682297229767,0.031614482402801514
1765156561.8823142,cf2,0.5313864350318909,0.5872933864593506,0.9953591227531433,-0.4247801899909973,0.1706516444683075,-0.01313075702637434
1765156561.8831923,cf2,0.5313864350318909,0.5872933864593506,0.9953591227531433,-0.4270765781402588,0.18002600967884064,-0.011814424768090248
1765156561.8936186,cf1,0.20615234971046448,0.7747517824172974,0.9895091652870178,-0.515171229839325,0.4972682297229767,0.031614482402801514
1765156561.8939493,cf1,0.20615234971046448,0.7747517824172974,0.9895091652870178,-0.5141304135322571,0.5001712441444397,0.032002270221710205
1765156561.9024293,cf2,0.5223803520202637,0.5908294320106506,0.9948332905769348,-0.4270765781402588,0.18002600967884064,-0.011814424768090248
1765156561.9028208,cf2,0.5223803520202637,0.5908294320106506,0.9948332905769348,-0.429538369178772,0.18945947289466858,-0.007730439770966768
1765156561.9134445,cf1,0.19521363079547882,0.7851275205612183,0.9897196888923645,-0.5141304135322571,0.5001712441444397,0.032002270221710205
1765156561.9137838,cf1,0.19521363079547882,0.7851275205612183,0.9897196888923645,-0.5169386863708496,0.5063971877098083,0.030638564378023148
1765156561.9234846,cf2,0.5132705569267273,0.5945967435836792,0.994404137134552,-0.429538369178772,0.18945947289466858,-0.007730439770966768
1765156561.923727,cf2,0.5132705569267273,0.5945967435836792,0.994404137134552,-0.4309113919734955,0.19881553947925568,-0.0016990284202620387
1765156561.9331007,cf1,0.1842694729566574,0.7955899238586426,0.9898796677589417,-0.5169386863708496,0.5063971877098083,0.030638564378023148
1765156561.9336169,cf1,0.1842694729566574,0.7955899238586426,0.9898796677589417,-0.5173559188842773,0.5103353261947632,0.026705635711550713
1765156561.9437203,cf2,0.5041958093643188,0.5985303521156311,0.9940885305404663,-0.4309113919734955,0.19881553947925568,-0.0016990284202620387
1765156561.9440768,cf2,0.5041958093643188,0.5985303521156311,0.9940885305404663,-0.4336073100566864,0.20830580592155457,0.004651764407753944
1765156561.9534144,cf1,0.1733245998620987,0.8061315417289734,0.9899578094482422,-0.5173559188842773,0.5103353261947632,0.026705635711550713
1765156561.9536676,cf1,0.1733245998620987,0.8061315417289734,0.9899578094482422,-0.5175451636314392,0.5139351487159729,0.021597478538751602
1765156561.9634633,cf2,0.49501141905784607,0.602694571018219,0.9938685894012451,-0.4336073100566864,0.20830580592155457,0.004651764407753944
1765156561.9637449,cf2,0.49501141905784607,0.602694571018219,0.9938685894012451,-0.43646562099456787,0.2178400754928589,0.010415500029921532
1765156561.9731865,cf1,0.16238044202327728,0.8167480230331421,0.9899488091468811,-0.5175451636314392,0.5139351487159729,0.021597478538751602
1765156561.9737127,cf1,0.16238044202327728,0.8167480230331421,0.9899488091468811,-0.5155237913131714,0.5153302550315857,0.016126437112689018
1765156561.9834416,cf2,0.4857632517814636,0.6070672273635864,0.9937155246734619,-0.43646562099456787,0.2178400754928589,0.010415500029921532
1765156561.9836817,cf2,0.4857632517814636,0.6070672273635864,0.9937155246734619,-0.43935590982437134,0.22734865546226501,0.014751294627785683
1765156561.9934015,cf1,0.15143725275993347,0.8274367451667786,0.9898693561553955,-0.5155237913131714,0.5153302550315857,0.016126437112689018
1765156561.9936566,cf1,0.15143725275993347,0.8274367451667786,0.9898693561553955,-0.5155006647109985,0.5184406042098999,0.011315058916807175
1765156562.0035892,cf2,0.47674745321273804,0.6114915609359741,0.9935858845710754,-0.43935590982437134,0.22734865546226501,0.014751294627785683
1765156562.0040152,cf2,0.47674745321273804,0.6114915609359741,0.9935858845710754,-0.4390246868133545,0.2351136952638626,0.016359316185116768
1765156562.0132432,cf1,0.14049862325191498,0.8381921648979187,0.9897565245628357,-0.5155006647109985,0.5184406042098999,0.011315058916807175
1765156562.0136037,cf1,0.14049862325191498,0.8381921648979187,0.9897565245628357,-0.5153360962867737,0.5212615132331848,0.008350295014679432
1765156562.023646,cf2,0.46851685643196106,0.6156416535377502,0.9934391379356384,-0.4390246868133545,0.2351136952638626,0.016359316185116768
1765156562.0239863,cf2,0.46851685643196106,0.6156416535377502,0.9934391379356384,-0.437946081161499,0.24223172664642334,0.015249268151819706
1765156562.0331407,cf1,0.1295674443244934,0.8490099310874939,0.9896580576896667,-0.5153360962867737,0.5212615132331848,0.008350295014679432
1765156562.0334766,cf1,0.1295674443244934,0.8490099310874939,0.9896580576896667,-0.5150594115257263,0.5238427519798279,0.008199493400752544
1765156562.0435808,cf2,0.4577723443508148,0.6213292479515076,0.9931812882423401,-0.437946081161499,0.24223172664642334,0.015249268151819706
1765156562.0439363,cf2,0.4577723443508148,0.6213292479515076,0.9931812882423401,-0.4430721700191498,0.2529313862323761,0.012498580850660801
1765156562.0534594,cf1,0.1186428964138031,0.8598884344100952,0.9896291494369507,-0.5150594115257263,0.5238427519798279,0.008199493400752544
1765156562.0538137,cf1,0.1186428964138031,0.8598884344100952,0.9896291494369507,-0.5147807002067566,0.5262537598609924,0.011082989163696766
1765156562.0637217,cf2,0.44961321353912354,0.625723123550415,0.9928884506225586,-0.4430721700191498,0.2529313862323761,0.012498580850660801
1765156562.0640929,cf2,0.44961321353912354,0.625723123550415,0.9928884506225586,-0.4412398040294647,0.25932565331459045,0.007575893308967352
1765156562.0732174,cf1,0.10772378742694855,0.8708256483078003,0.9897106885910034,-0.5147807002067566,0.5262537598609924,0.011082989163696766
1765156562.0737183,cf1,0.10772378742694855,0.8708256483078003,0.9897106885910034,-0.5145333409309387,0.5285081267356873,0.016151782125234604
1765156562.0836728,cf2,0.43875548243522644,0.6318361759185791,0.9924144148826599,-0.4412398040294647,0.25932565331459045,0.007575893308967352
1765156562.0840154,cf2,0.43875548243522644,0.6318361759185791,0.9924144148826599,-0.4464631974697113,0.26996922492980957,0.003860349301248789
1765156562.093487,cf1,0.09811774641275406,0.8804756999015808,0.9899038076400757,-0.5145333409309387,0.5285081267356873,0.016151782125234604
1765156562.0936606,cf1,0.09811774641275406,0.8804756999015808,0.9899038076400757,-0.5089888572692871,0.5250259041786194,0.021504566073417664
1765156562.103475,cf2,0.4302036166191101,0.6367334127426147,0.9919721484184265,-0.4464631974697113,0.26996922492980957,0.003860349301248789
1765156562.103837,cf2,0.4302036166191101,0.6367334127426147,0.9919721484184265,-0.44560155272483826,0.27656295895576477,0.0005805754335597157
1765156562.1134229,cf1,0.0872962549328804,0.8914228677749634,0.9902203679084778,-0.5089888572692871,0.5250259041786194,0.021504566073417664
1765156562.1137693,cf1,0.0872962549328804,0.8914228677749634,0.9902203679084778,-0.5063859224319458,0.5244134068489075,0.027042673900723457
1765156562.1235037,cf2,0.42088890075683594,0.6422324776649475,0.9914700984954834,-0.44560155272483826,0.27656295895576477,0.0005805754335597157
1765156562.1238363,cf2,0.42088890075683594,0.6422324776649475,0.9914700984954834,-0.4482680559158325,0.285220742225647,-0.0004874278965871781
1765156562.1332781,cf1,0.07510833442211151,0.9038346409797668,0.9906764030456543,-0.5063859224319458,0.5244134068489075,0.027042673900723457
1765156562.1336348,cf1,0.07510833442211151,0.9038346409797668,0.9906764030456543,-0.5085863471031189,0.5286587476730347,0.03209139034152031
1765156562.1435485,cf2,0.41117697954177856,0.648123025894165,0.9909666180610657,-0.4482680559158325,0.285220742225647,-0.0004874278965871781
1765156562.143889,cf2,0.41117697954177856,0.648123025894165,0.9909666180610657,-0.4522179663181305,0.2945648729801178,0.0011072448687627912
1765156562.1536818,cf1,0.06445752084255219,0.9147061109542847,0.9911289811134338,-0.5085863471031189,0.5286587476730347,0.03209139034152031
1765156562.1540546,cf1,0.06445752084255219,0.9147061109542847,0.9911289811134338,-0.5054821968078613,0.5271376967430115,0.03437678888440132
1765156562.1634803,cf2,0.4013724625110626,0.6542215347290039,0.990514874458313,-0.4522179663181305,0.2945648729801178,0.0011072448687627912
1765156562.163826,cf2,0.4013724625110626,0.6542215347290039,0.990514874458313,-0.4562503397464752,0.3038432002067566,0.0037233238108456135
1765156562.1732469,cf1,0.05323859304189682,0.926207423210144,0.9915952682495117,-0.5054821968078613,0.5271376967430115,0.03437678888440132
1765156562.1738355,cf1,0.05323859304189682,0.926207423210144,0.9915952682495117,-0.5067681670188904,0.5300071835517883,0.03602836653590202
1765156562.1834104,cf2,0.39149802923202515,0.6605105996131897,0.990155041217804,-0.4562503397464752,0.3038432002067566,0.0037233238108456135
1765156562.1836603,cf2,0.39149802923202515,0.6605105996131897,0.990155041217804,-0.4601648449897766,0.3128640055656433,0.008824767544865608
1765156562.193451,cf1,0.043581850826740265,0.9361135363578796,0.9919414520263672,-0.5067681670188904,0.5300071835517883,0.03602836653590202
1765156562.1938124,cf1,0.043581850826740265,0.9361135363578796,0.9919414520263672,-0.5027604103088379,0.5269966721534729,0.033430904150009155
1765156562.2033572,cf2,0.38250747323036194,0.6664084792137146,0.9899089336395264,-0.4601648449897766,0.3128640055656433,0.008824767544865608
1765156562.2037134,cf2,0.38250747323036194,0.6664084792137146,0.9899089336395264,-0.4640483260154724,0.32172590494155884,0.014551497995853424
1765156562.2137618,cf1,0.03303728997707367,0.9469735622406006,0.9922295808792114,-0.5027604103088379,0.5269966721534729,0.033430904150009155
1765156562.214001,cf1,0.03303728997707367,0.9469735622406006,0.9922295808792114,-0.5031577348709106,0.5284005999565125,0.02861645072698593
1765156562.223403,cf2,0.3715384006500244,0.673652172088623,0.9897462129592896,-0.4640483260154724,0.32172590494155884,0.014551497995853424
1765156562.2239544,cf2,0.3715384006500244,0.673652172088623,0.9897462129592896,-0.46782681345939636,0.3303961157798767,0.01952543295919895
1765156562.2331147,cf1,0.022096620872616768,0.9582722783088684,0.9924048781394958,-0.5031577348709106,0.5284005999565125,0.02861645072698593
1765156562.2337213,cf1,0.022096620872616768,0.9582722783088684,0.9924048781394958,-0.5050173401832581,0.5310993790626526,0.022646578028798103
1765156562.2433858,cf2,0.3614596724510193,0.6804946660995483,0.9896637797355652,-0.46782681345939636,0.3303961157798767,0.01952543295919895
1765156562.243646,cf2,0.3614596724510193,0.6804946660995483,0.9896637797355652,-0.47137513756752014,0.33881086111068726,0.022866636514663696
1765156562.253192,cf1,0.011109326966106892,0.9696398377418518,0.9924378395080566,-0.5050173401832581,0.5310993790626526,0.022646578028798103
1765156562.253558,cf1,0.011109326966106892,0.9696398377418518,0.9924378395080566,-0.5071240663528442,0.5337952375411987,0.015700289979577065
1765156562.2633502,cf2,0.35228830575942993,0.686881959438324,0.9896163940429688,-0.47137513756752014,0.33881086111068726,0.022866636514663696
1765156562.2636862,cf2,0.35228830575942993,0.686881959438324,0.9896163940429688,-0.4745853841304779,0.34692299365997314,0.023447461426258087
1765156562.2731822,cf1,9.289327863371e-05,0.981052815914154,0.9923500418663025,-0.5071240663528442,0.5337952375411987,0.015700289979577065
1765156562.2736626,cf1,9.289327863371e-05,0.981052815914154,0.9923500418663025,-0.5094135999679565,0.536412239074707,0.010183783248066902
1765156562.283475,cf2,0.34114181995391846,0.6946814060211182,0.9895520210266113,-0.4745853841304779,0.34692299365997314,0.023447461426258087
1765156562.2838378,cf2,0.34114181995391846,0.6946814060211182,0.9895520210266113,-0.4773311913013458,0.3546118438243866,0.021817712113261223
1765156562.2932646,cf1,-0.009888564236462116,0.9914254546165466,0.9921971559524536,-0.5094135999679565,0.536412239074707,0.010183783248066902
1765156562.2937288,cf1,-0.009888564236462116,0.9914254546165466,0.9921971559524536,-0.5118909478187561,0.5389530062675476,0.006143415346741676
1765156562.3035622,cf2,0.3318890631198883,0.7013522982597351,0.9894618391990662,-0.4773311913013458,0.3546118438243866,0.021817712113261223
1765156562.3038993,cf2,0.3318890631198883,0.7013522982597351,0.9894618391990662,-0.47957104444503784,0.36187130212783813,0.01761944591999054
1765156562.3133762,cf1,-0.023619139567017555,1.00566565990448,0.9919653534889221,-0.5118909478187561,0.5389530062675476,0.006143415346741676
1765156562.313711,cf1,-0.023619139567017555,1.00566565990448,0.9919653534889221,-0.5137916803359985,0.540637731552124,0.0037829396314918995
1765156562.323666,cf2,0.3216453790664673,0.7088021039962769,0.9892928600311279,-0.47957104444503784,0.36187130212783813,0.01761944591999054
1765156562.324012,cf2,0.3216453790664673,0.7088021039962769,0.9892928600311279,-0.48120659589767456,0.3686457872390747,0.012518364936113358
1765156562.3335495,cf1,-0.03488004952669144,1.0173462629318237,0.9918161034584045,-0.5137916803359985,0.540637731552124,0.0037829396314918995
1765156562.3338375,cf1,-0.03488004952669144,1.0173462629318237,0.9918161034584045,-0.5163421630859375,0.5426856279373169,0.00393237778916955
1765156562.343637,cf2,0.3113855719566345,0.7163840532302856,0.9890515804290771,-0.48120659589767456,0.3686457872390747,0.012518364936113358
1765156562.3440037,cf2,0.3113855719566345,0.7163840532302856,0.9890515804290771,-0.4803554117679596,0.37364476919174194,0.006914366967976093
1765156562.3531363,cf1,-0.0467367060482502,1.0296788215637207,0.9917165040969849,-0.5163421630859375,0.5426856279373169,0.00393237778916955
1765156562.3536074,cf1,-0.0467367060482502,1.0296788215637207,0.9917165040969849,-0.518341064453125,0.5439130067825317,0.005852526985108852
1765156562.3635128,cf2,0.3011203110218048,0.724090039730072,0.9887597560882568,-0.4803554117679596,0.37364476919174194,0.006914366967976093
1765156562.3637295,cf2,0.3011203110218048,0.724090039730072,0.9887597560882568,-0.4828932583332062,0.38092240691185,0.0029173900838941336
1765156562.3732948,cf1,-0.05722898617386818,1.0404976606369019,0.9918327331542969,-0.518341064453125,0.5439130067825317,0.005852526985108852
1765156562.373787,cf1,-0.05722898617386818,1.0404976606369019,0.9918327331542969,-0.519928514957428,0.5444501638412476,0.00905544776469469
1765156562.3835237,cf2,0.29085803031921387,0.7319139242172241,0.9884623289108276,-0.4828932583332062,0.38092240691185,0.0029173900838941336
1765156562.383835,cf2,0.29085803031921387,0.7319139242172241,0.9884623289108276,-0.4811277985572815,0.38511040806770325,0.0017844130052253604
1765156562.3941033,cf1,-0.06867386400699615,1.0523312091827393,0.9920384287834167,-0.519928514957428,0.5444501638412476,0.00905544776469469
1765156562.394409,cf1,-0.06867386400699615,1.0523312091827393,0.9920384287834167,-0.5197605490684509,0.5428615212440491,0.011716373264789581
1765156562.4034197,cf2,0.28059908747673035,0.7398574352264404,0.9882094860076904,-0.4811277985572815,0.38511040806770325,0.0017844130052253604
1765156562.4037507,cf2,0.28059908747673035,0.7398574352264404,0.9882094860076904,-0.4831184148788452,0.39198222756385803,0.0036336909979581833
1765156562.4136426,cf1,-0.08032993227243423,1.0643914937973022,0.9923542737960815,-0.5197605490684509,0.5428615212440491,0.011716373264789581
1765156562.4139023,cf1,-0.08032993227243423,1.0643914937973022,0.9923542737960815,-0.5223463177680969,0.5441083908081055,0.014048350043594837
1765156562.423751,cf2,0.270345538854599,0.7479182481765747,0.9880487322807312,-0.4831184148788452,0.39198222756385803,0.0036336909979581833
1765156562.4240875,cf2,0.270345538854599,0.7479182481765747,0.9880487322807312,-0.4810490012168884,0.3958209156990051,0.007707843091338873
1765156562.433166,cf1,-0.09158601611852646,1.0759754180908203,0.9927940964698792,-0.5223463177680969,0.5441083908081055,0.014048350043594837
1765156562.433532,cf1,-0.09158601611852646,1.0759754180908203,0.9927940964698792,-0.5176684856414795,0.5373020172119141,0.014480005018413067
1765156562.4422991,cf2,0.25986576080322266,0.7562887072563171,0.9880056381225586,-0.4810490012168884,0.3958209156990051,0.007707843091338873
1765156562.442649,cf2,0.25986576080322266,0.7562887072563171,0.9880056381225586,-0.47973427176475525,0.4003226161003113,0.014070818200707436
1765156562.4533026,cf1,-0.10259924083948135,1.087278962135315,0.9932886362075806,-0.5176684856414795,0.5373020172119141,0.014480005018413067
1765156562.453662,cf1,-0.10259924083948135,1.087278962135315,0.9932886362075806,-0.5192237496376038,0.5371556878089905,0.015008115209639072
1765156562.462399,cf2,0.24985048174858093,0.7643951177597046,0.9880917072296143,-0.47973427176475525,0.4003226161003113,0.014070818200707436
1765156562.4628475,cf2,0.24985048174858093,0.7643951177597046,0.9880917072296143,-0.47926199436187744,0.40510979294776917,0.02081526815891266
1765156562.47348,cf1,-0.11369005590677261,1.0986323356628418,0.9938242435455322,-0.5192237496376038,0.5371556878089905,0.015008115209639072
1765156562.4738114,cf1,-0.11369005590677261,1.0986323356628418,0.9938242435455322,-0.5151205658912659,0.5308420658111572,0.013790872879326344
1765156562.482398,cf2,0.23962077498435974,0.7727947235107422,0.9882768392562866,-0.47926199436187744,0.40510979294776917,0.02081526815891266
1765156562.48281,cf2,0.23962077498435974,0.7727947235107422,0.9882768392562866,-0.4793977439403534,0.4103240966796875,0.02658214420080185
1765156562.4934912,cf1,-0.12473462522029877,1.1099042892456055,0.9943771362304688,-0.5151205658912659,0.5308420658111572,0.013790872879326344
1765156562.4937768,cf1,-0.12473462522029877,1.1099042892456055,0.9943771362304688,-0.5130774974822998,0.526671826839447,0.01251562312245369
1765156562.5022335,cf2,0.2293746918439865,0.781321108341217,0.9885258674621582,-0.4793977439403534,0.4103240966796875,0.02658214420080185
1765156562.5025961,cf2,0.2293746918439865,0.781321108341217,0.9885258674621582,-0.4797266125679016,0.41557541489601135,0.030743718147277832
1765156562.5134315,cf1,-0.13308976590633392,1.1183866262435913,0.994804322719574,-0.5130774974822998,0.526671826839447,0.01251562312245369
1765156562.513724,cf1,-0.13308976590633392,1.1183866262435913,0.994804322719574,-0.5037215352058411,0.5149521231651306,0.010559502989053726
1765156562.522302,cf2,0.21911905705928802,0.7899632453918457,0.9887886047363281,-0.4797266125679016,0.41557541489601135,0.030743718147277832
1765156562.5227845,cf2,0.21911905705928802,0.7899632453918457,0.9887886047363281,-0.48030292987823486,0.4208618998527527,0.0323348268866539
1765156562.5333986,cf1,-0.14321619272232056,1.1286585330963135,0.9953256249427795,-0.5037215352058411,0.5149521231651306,0.010559502989053726
1765156562.533726,cf1,-0.14321619272232056,1.1286585330963135,0.9953256249427795,-0.4995654225349426,0.508486270904541,0.009239090606570244
1765156562.5423806,cf2,0.2088494896888733,0.7987185716629028,0.9890146255493164,-0.48030292987823486,0.4208618998527527,0.0323348268866539
1765156562.5426307,cf2,0.2088494896888733,0.7987185716629028,0.9890146255493164,-0.48112791776657104,0.42615336179733276,0.03137776255607605
1765156562.5535598,cf1,-0.15465188026428223,1.140230417251587,0.9959226846694946,-0.4995654225349426,0.508486270904541,0.009239090606570244
1765156562.5538983,cf1,-0.15465188026428223,1.140230417251587,0.9959226846694946,-0.4951568841934204,0.5017290115356445,0.008878924883902073
1765156562.5623345,cf2,0.19856055080890656,0.8075860142707825,0.9891594648361206,-0.48112791776657104,0.42615336179733276,0.03137776255607605
1765156562.562576,cf2,0.19856055080890656,0.8075860142707825,0.9891594648361206,-0.4821877181529999,0.43141013383865356,0.02743018977344036
1765156562.5731902,cf1,-0.1654662787914276,1.151127576828003,0.9965023398399353,-0.4951568841934204,0.5017290115356445,0.008878924883902073
1765156562.5736125,cf1,-0.1654662787914276,1.151127576828003,0.9965023398399353,-0.4902459979057312,0.49435919523239136,0.010589211247861385
1765156562.5823872,cf2,0.18825185298919678,0.8165597319602966,0.9891985654830933,-0.4821877181529999,0.43141013383865356,0.02743018977344036
1765156562.5827067,cf2,0.18825185298919678,0.8165597319602966,0.9891985654830933,-0.4833141267299652,0.43645089864730835,0.021567750722169876
1765156562.5932143,cf1,-0.1787032186985016,1.1644182205200195,0.9972389340400696,-0.4902459979057312,0.49435919523239136,0.010589211247861385
1765156562.5940683,cf1,-0.1787032186985016,1.1644182205200195,0.9972389340400696,-0.4938396215438843,0.4954622685909271,0.015178761444985867
1765156562.6023684,cf2,0.17792479693889618,0.8256325125694275,0.9891337156295776,-0.4833141267299652,0.43645089864730835,0.021567750722169876
1765156562.602859,cf2,0.17792479693889618,0.8256325125694275,0.9891337156295776,-0.4844062924385071,0.44114822149276733,0.015244935639202595
1765156562.6137543,cf1,-0.18887551128864288,1.1745679378509521,0.9978269934654236,-0.4938396215438843,0.4954622685909271,0.015178761444985867
1765156562.6141014,cf1,-0.18887551128864288,1.1745679378509521,0.9978269934654236,-0.4881734251976013,0.48708316683769226,0.01823418028652668
1765156562.622335,cf2,0.16758200526237488,0.8347967267036438,0.9889960289001465,-0.4844062924385071,0.44114822149276733,0.015244935639202595
1765156562.622611,cf2,0.16758200526237488,0.8347967267036438,0.9889960289001465,-0.48538103699684143,0.44542011618614197,0.010191223584115505
1765156562.6332765,cf1,-0.19763818383216858,1.1832720041275024,0.9983286261558533,-0.4881734251976013,0.48708316683769226,0.01823418028652668
1765156562.6337934,cf1,-0.19763818383216858,1.1832720041275024,0.9983286261558533,-0.4808712303638458,0.47699445486068726,0.019733035936951637
1765156562.6437001,cf2,0.15699101984500885,0.8442612290382385,0.9888420104980469,-0.48538103699684143,0.44542011618614197,0.010191223584115505
1765156562.6440566,cf2,0.15699101984500885,0.8442612290382385,0.9888420104980469,-0.48508337140083313,0.44836363196372986,0.007948513142764568
1765156562.653307,cf1,-0.20755258202552795,1.1930807828903198,0.9988722801208496,-0.4808712303638458,0.47699445486068726,0.019733035936951637
1765156562.6536574,cf1,-0.20755258202552795,1.1930807828903198,0.9988722801208496,-0.47958698868751526,0.4727710783481598,0.01946970261633396
1765156562.6642954,cf2,0.1465703248977661,0.8536404371261597,0.9887526631355286,-0.48508337140083313,0.44836363196372986,0.007948513142764568
1765156562.6646936,cf2,0.1465703248977661,0.8536404371261597,0.9887526631355286,-0.4826623499393463,0.4491371810436249,0.009760282933712006
1765156562.6734986,cf1,-0.21814517676830292,1.2035112380981445,0.9993926286697388,-0.47958698868751526,0.4727710783481598,0.01946970261633396
1765156562.673786,cf1,-0.21814517676830292,1.2035112380981445,0.9993926286697388,-0.4800945222377777,0.47015562653541565,0.016123875975608826
1765156562.682445,cf2,0.13571208715438843,0.8635501861572266,0.9887579679489136,-0.4826623499393463,0.4491371810436249,0.009760282933712006
1765156562.6828074,cf2,0.13571208715438843,0.8635501861572266,0.9887579679489136,-0.4813442528247833,0.4504498541355133,0.014533091336488724
1765156562.6933637,cf1,-0.2287648767232895,1.2139102220535278,0.9998189210891724,-0.4800945222377777,0.47015562653541565,0.016123875975608826
1765156562.693728,cf1,-0.2287648767232895,1.2139102220535278,0.9998189210891724,-0.4807395935058594,0.4674714505672455,0.012387440539896488
1765156562.7024162,cf2,0.1254747062921524,0.8728794455528259,0.9889417290687561,-0.4813442528247833,0.4504498541355133,0.014533091336488724
1765156562.7026615,cf2,0.1254747062921524,0.8728794455528259,0.9889417290687561,-0.48204535245895386,0.4532652795314789,0.02065649814903736
1765156562.7135468,cf1,-0.23937880992889404,1.2242401838302612,1.0001258850097656,-0.4807395935058594,0.4674714505672455,0.012387440539896488
1765156562.713887,cf1,-0.23937880992889404,1.2242401838302612,1.0001258850097656,-0.4817464351654053,0.46490317583084106,0.008248438127338886
1765156562.72238,cf2,0.11508416384458542,0.8824025392532349,0.9892776012420654,-0.48204535245895386,0.4532652795314789,0.02065649814903736
1765156562.7226303,cf2,0.11508416384458542,0.8824025392532349,0.9892776012420654,-0.4827418327331543,0.4558259844779968,0.027342604473233223
1765156562.7333841,cf1,-0.24999843537807465,1.2345058917999268,1.000314712524414,-0.4817464351654053,0.46490317583084106,0.008248438127338886
1765156562.7336597,cf1,-0.24999843537807465,1.2345058917999268,1.000314712524414,-0.483161598443985,0.46246904134750366,0.0031094965524971485
1765156562.7424104,cf2,0.10533547401428223,0.8913110494613647,0.9897235035896301,-0.4827418327331543,0.4558259844779968,0.027342604473233223
1765156562.742762,cf2,0.10533547401428223,0.8913110494613647,0.9897235035896301,-0.48338526487350464,0.4581197202205658,0.03314431384205818
1765156562.753379,cf1,-0.26062819361686707,1.244706630706787,1.000402569770813,-0.483161598443985,0.46246904134750366,0.0031094965524971485
1765156562.753717,cf1,-0.26062819361686707,1.244706630706787,1.000402569770813,-0.48472028970718384,0.45993080735206604,-0.002133444184437394
1765156562.7655137,cf2,0.09147992730140686,0.9042046666145325,0.9904250502586365,-0.48338526487350464,0.4581197202205658,0.03314431384205818
1765156562.7658558,cf2,0.09147992730140686,0.9042046666145325,0.9904250502586365,-0.4884782135486603,0.4648343324661255,0.037652526050806046
1765156562.7732556,cf1,-0.2712686061859131,1.2548359632492065,1.00041925907135,-0.48472028970718384,0.45993080735206604,-0.002133444184437394
1765156562.7736115,cf1,-0.2712686061859131,1.2548359632492065,1.00041925907135,-0.4862421751022339,0.4570790231227875,-0.006689222063869238
1765156562.7823596,cf2,0.08685898780822754,0.9084327220916748,0.9906716346740723,-0.4884782135486603,0.4648343324661255,0.037652526050806046
1765156562.7828236,cf2,0.08685898780822754,0.9084327220916748,0.9906716346740723,-0.4845234453678131,0.4616256654262543,0.03738955408334732
1765156562.79313,cf1,-0.28191718459129333,1.2648842334747314,1.0004030466079712,-0.4862421751022339,0.4570790231227875,-0.006689222063869238
1765156562.7934203,cf1,-0.28191718459129333,1.2648842334747314,1.0004030466079712,-0.48753637075424194,0.453723281621933,-0.010123672895133495
1765156562.8023038,cf2,0.07664511352777481,0.9179420471191406,0.9911800026893616,-0.4845234453678131,0.4616256654262543,0.03738955408334732
1765156562.802555,cf2,0.07664511352777481,0.9179420471191406,0.9911800026893616,-0.48298436403274536,0.46151119470596313,0.03517069295048714
1765156562.813614,cf1,-0.2925678789615631,1.274837851524353,1.0003992319107056,-0.48753637075424194,0.453723281621933,-0.010123672895133495
1765156562.813945,cf1,-0.2925678789615631,1.274837851524353,1.0003992319107056,-0.488432914018631,0.4497017562389374,-0.011944945901632309
1765156562.8222768,cf2,0.06629909574985504,0.9276090860366821,0.9916137456893921,-0.48298436403274536,0.46151119470596313,0.03517069295048714
1765156562.8226373,cf2,0.06629909574985504,0.9276090860366821,0.9916137456893921,-0.48343533277511597,0.4631069600582123,0.029466873034834862
1765156562.8334715,cf1,-0.3038267195224762,1.2852333784103394,1.0004234313964844,-0.488432914018631,0.4497017562389374,-0.011944945901632309
1765156562.8337672,cf1,-0.3038267195224762,1.2852333784103394,1.0004234313964844,-0.4887651205062866,0.4448753595352173,-0.012004395015537739
1765156562.8423572,cf2,0.055890366435050964,0.9373664259910583,0.9919382929801941,-0.48343533277511597,0.4631069600582123,0.029466873034834862
1765156562.8428032,cf2,0.055890366435050964,0.9373664259910583,0.9919382929801941,-0.4857080280780792,0.4662364423274994,0.02271208167076111
1765156562.8541806,cf1,-0.3138829171657562,1.2944380044937134,1.000604271888733,-0.4887651205062866,0.4448753595352173,-0.012004395015537739
1765156562.8545501,cf1,-0.3138829171657562,1.2944380044937134,1.000604271888733,-0.4868960976600647,0.4374949038028717,-0.010349525138735771
1765156562.8623443,cf2,0.045490119606256485,0.9471455216407776,0.9921513199806213,-0.4857080280780792,0.4662364423274994,0.02271208167076111
1765156562.8626182,cf2,0.045490119606256485,0.9471455216407776,0.9921513199806213,-0.48578232526779175,0.4672533869743347,0.017376573756337166
1765156562.8740957,cf1,-0.3244132399559021,1.3039495944976807,1.0008690357208252,-0.4868960976600647,0.4374949038028717,-0.010349525138735771
1765156562.8744357,cf1,-0.3244132399559021,1.3039495944976807,1.0008690357208252,-0.48589009046554565,0.43088656663894653,-0.007443521171808243
1765156562.882284,cf2,0.03509456664323807,0.9569485783576965,0.9922758340835571,-0.48578232526779175,0.4672533869743347,0.017376573756337166
1765156562.8826087,cf2,0.03509456664323807,0.9569485783576965,0.9922758340835571,-0.48400038480758667,0.4664786756038666,0.013166189193725586
1765156562.894203,cf1,-0.33495208621025085,1.3133456707000732,1.0012589693069458,-0.48589009046554565,0.43088656663894653,-0.007443521171808243
1765156562.894564,cf1,-0.33495208621025085,1.3133456707000732,1.0012589693069458,-0.48435288667678833,0.4235387444496155,-0.004000942222774029
1765156562.9024062,cf2,0.02469818852841854,0.9667790532112122,0.992363452911377,-0.48400038480758667,0.4664786756038666,0.013166189193725586
1765156562.9028971,cf2,0.02469818852841854,0.9667790532112122,0.992363452911377,-0.4844018816947937,0.4676203727722168,0.011064776219427586
1765156562.914131,cf1,-0.3454348146915436,1.3225624561309814,1.0017666816711426,-0.48435288667678833,0.4235387444496155,-0.004000942222774029
1765156562.9145164,cf1,-0.3454348146915436,1.3225624561309814,1.0017666816711426,-0.48216888308525085,0.4154020845890045,-0.0004701873112935573
1765156562.9223778,cf2,0.014300503768026829,0.9766355752944946,0.9924647212028503,-0.4844018816947937,0.4676203727722168,0.011064776219427586
1765156562.9227426,cf2,0.014300503768026829,0.9766355752944946,0.9924647212028503,-0.4848484992980957,0.4687107801437378,0.011385500431060791
1765156562.93334,cf1,-0.3569478988647461,1.3324992656707764,1.002422571182251,-0.48216888308525085,0.4154020845890045,-0.0004701873112935573
1765156562.9336681,cf1,-0.3569478988647461,1.3324992656707764,1.002422571182251,-0.4781262278556824,0.40515628457069397,0.0027445326559245586
1765156562.9422996,cf2,0.0039008213207125664,0.9865166544914246,0.9926260113716125,-0.4848484992980957,0.4687107801437378,0.011385500431060791
1765156562.9427614,cf2,0.0039008213207125664,0.9865166544914246,0.9926260113716125,-0.4853307604789734,0.469721257686615,0.014191323891282082
1765156562.9541984,cf1,-0.3620437979698181,1.3369008302688599,1.0027673244476318,-0.4781262278556824,0.40515628457069397,0.0027445326559245586
1765156562.954571,cf1,-0.3620437979698181,1.3369008302688599,1.0027673244476318,-0.4732099771499634,0.3940590023994446,0.00434538722038269
1765156562.962369,cf2,-0.006502777338027954,0.9964209794998169,0.992883563041687,-0.4853307604789734,0.469721257686615,0.014191323891282082
1765156562.9627001,cf2,-0.006502777338027954,0.9964209794998169,0.992883563041687,-0.4858740568161011,0.4706652760505676,0.019043603911995888
1765156562.9736464,cf1,-0.3723228871822357,1.3455904722213745,1.0034470558166504,-0.4732099771499634,0.3940590023994446,0.00434538722038269
1765156562.9738734,cf1,-0.3723228871822357,1.3455904722213745,1.0034470558166504,-0.4750117063522339,0.39228788018226624,0.00488404743373394
1765156562.9833581,cf2,-0.016964424401521683,1.0063974857330322,0.9932531118392944,-0.4858740568161011,0.4706652760505676,0.019043603911995888
1765156562.9837112,cf2,-0.016964424401521683,1.0063974857330322,0.9932531118392944,-0.4849852919578552,0.47006890177726746,0.024370942264795303
1765156562.9934478,cf1,-0.38402217626571655,1.3553017377853394,1.004233717918396,-0.4750117063522339,0.39228788018226624,0.00488404743373394
1765156562.9938004,cf1,-0.38402217626571655,1.3553017377853394,1.004233717918396,-0.46994855999946594,0.3808089792728424,0.004210508894175291
1765156563.0036066,cf2,-0.027326542884111404,1.0162891149520874,0.9937133193016052,-0.4849852919578552,0.47006890177726746,0.024370942264795303
1765156563.0039575,cf2,-0.027326542884111404,1.0162891149520874,0.9937133193016052,-0.4855814278125763,0.47073107957839966,0.02839021570980549
1765156563.0135362,cf1,-0.39266663789749146,1.362374186515808,1.0047850608825684,-0.46994855999946594,0.3808089792728424,0.004210508894175291
1765156563.0137517,cf1,-0.39266663789749146,1.362374186515808,1.0047850608825684,-0.46229076385498047,0.3676910698413849,0.00247753644362092
1765156563.0236762,cf2,-0.03774886205792427,1.0262459516525269,0.9942371249198914,-0.4855814278125763,0.47073107957839966,0.02839021570980549
1765156563.023924,cf2,-0.03774886205792427,1.0262459516525269,0.9942371249198914,-0.4861550033092499,0.4712141156196594,0.03006030060350895
1765156563.0333922,cf1,-0.4040307402610779,1.3714882135391235,1.0054670572280884,-0.46229076385498047,0.3676910698413849,0.00247753644362092
1765156563.033646,cf1,-0.4040307402610779,1.3714882135391235,1.0054670572280884,-0.4605570435523987,0.3591024875640869,0.0007747274939902127
1765156563.043482,cf2,-0.048171259462833405,1.0362070798873901,0.9947850108146667,-0.4861550033092499,0.4712141156196594,0.03006030060350895
1765156563.0437994,cf2,-0.048171259462833405,1.0362070798873901,0.9947850108146667,-0.4864044189453125,0.47125089168548584,0.029739363119006157
1765156563.0535624,cf1,-0.41287219524383545,1.378470778465271,1.0059258937835693,-0.4605570435523987,0.3591024875640869,0.0007747274939902127
1765156563.0539043,cf1,-0.41287219524383545,1.378470778465271,1.0059258937835693,-0.4504085183143616,0.34388014674186707,-0.002838361309841275
1765156563.0632935,cf2,-0.058585040271282196,1.04616117477417,0.995320200920105,-0.4864044189453125,0.47125089168548584,0.029739363119006157
1765156563.0636384,cf2,-0.058585040271282196,1.04616117477417,0.995320200920105,-0.48638373613357544,0.4708659052848816,0.027882739901542664
1765156563.0737302,cf1,-0.4223530888557434,1.3858145475387573,1.0063543319702148,-0.4504085183143616,0.34388014674186707,-0.002838361309841275
1765156563.0740135,cf1,-0.4223530888557434,1.3858145475387573,1.0063543319702148,-0.4459630250930786,0.3330199420452118,-0.0059739830903708935
1765156563.0836682,cf2,-0.06898725032806396,1.0561007261276245,0.9958105683326721,-0.48638373613357544,0.4708659052848816,0.027882739901542664
1765156563.0840468,cf2,-0.06898725032806396,1.0561007261276245,0.9958105683326721,-0.48613065481185913,0.4700601398944855,0.02384713664650917
1765156563.0934381,cf1,-0.43208691477775574,1.3932048082351685,1.0067285299301147,-0.4459630250930786,0.3330199420452118,-0.0059739830903708935
1765156563.0940592,cf1,-0.43208691477775574,1.3932048082351685,1.0067285299301147,-0.4428879916667938,0.32308080792427063,-0.008266390301287174
1765156563.103435,cf2,-0.07937069237232208,1.0660145282745361,0.9962431192398071,-0.48613065481185913,0.4700601398944855,0.02384713664650917
1765156563.103643,cf2,-0.07937069237232208,1.0660145282745361,0.9962431192398071,-0.48555320501327515,0.468755841255188,0.019230345264077187
1765156563.1133254,cf1,-0.4417664408683777,1.4003992080688477,1.0070397853851318,-0.4428879916667938,0.32308080792427063,-0.008266390301287174
1765156563.113772,cf1,-0.4417664408683777,1.4003992080688477,1.0070397853851318,-0.44016772508621216,0.31331196427345276,-0.010082214139401913
1765156563.1237028,cf2,-0.08849957585334778,1.0747087001800537,0.9965775609016418,-0.48555320501327515,0.468755841255188,0.019230345264077187
1765156563.123933,cf2,-0.08849957585334778,1.0747087001800537,0.9965775609016418,-0.4797112047672272,0.46213552355766296,0.014069139026105404
1765156563.1353865,cf1,-0.45574039220809937,1.4104121923446655,1.007396936416626,-0.44016772508621216,0.31331196427345276,-0.010082214139401913
1765156563.135648,cf1,-0.45574039220809937,1.4104121923446655,1.007396936416626,-0.4348233640193939,0.2976233661174774,-0.010380989871919155
1765156563.14352,cf2,-0.09845253825187683,1.0841832160949707,0.9969216585159302,-0.4797112047672272,0.46213552355766296,0.014069139026105404
1765156563.1439042,cf2,-0.09845253825187683,1.0841832160949707,0.9969216585159302,-0.477688193321228,0.4590238928794861,0.010544947348535061
1765156563.1535141,cf1,-0.4610370099544525,1.414239525794983,1.0075349807739258,-0.4348233640193939,0.2976233661174774,-0.010380989871919155
1765156563.1537554,cf1,-0.4610370099544525,1.414239525794983,1.0075349807739258,-0.434628427028656,0.2932436168193817,-0.010069940239191055
1765156563.1638029,cf2,-0.10993791371583939,1.0951083898544312,0.9973248839378357,-0.477688193321228,0.4590238928794861,0.010544947348535061
1765156563.164184,cf2,-0.10993791371583939,1.0951083898544312,0.9973248839378357,-0.47808709740638733,0.45806917548179626,0.009521468542516232
1765156563.17341,cf1,-0.47185587882995605,1.4216986894607544,1.0077682733535767,-0.434628427028656,0.2932436168193817,-0.010069940239191055
1765156563.173711,cf1,-0.47185587882995605,1.4216986894607544,1.0077682733535767,-0.4335634112358093,0.28407689929008484,-0.009494870901107788
1765156563.1843903,cf2,-0.12026051431894302,1.1048914194107056,0.9977487325668335,-0.47808709740638733,0.45806917548179626,0.009521468542516232
1765156563.1848676,cf2,-0.12026051431894302,1.1048914194107056,0.9977487325668335,-0.4747089743614197,0.45324838161468506,0.011660860851407051
1765156563.193255,cf1,-0.4810568690299988,1.4278922080993652,1.0079659223556519,-0.4335634112358093,0.28407689929008484,-0.009494870901107788
1765156563.1936963,cf1,-0.4810568690299988,1.4278922080993652,1.0079659223556519,-0.4291680157184601,0.2732529044151306,-0.00880491640418768
1765156563.2023869,cf2,-0.13079814612865448,1.1148666143417358,0.9982618093490601,-0.4747089743614197,0.45324838161468506,0.011660860851407051
1765156563.202633,cf2,-0.13079814612865448,1.1148666143417358,0.9982618093490601,-0.4696098566055298,0.4464494287967682,0.017432358115911484
1765156563.2131965,cf1,-0.4907357692718506,1.4342336654663086,1.0081628561019897,-0.4291680157184601,0.2732529044151306,-0.00880491640418768
1765156563.213447,cf1,-0.4907357692718506,1.4342336654663086,1.0081628561019897,-0.428535133600235,0.26491567492485046,-0.008587747812271118
1765156563.2223694,cf2,-0.1394878625869751,1.123012661933899,0.9988314509391785,-0.4696098566055298,0.4464494287967682,0.017432358115911484
1765156563.22261,cf2,-0.1394878625869751,1.123012661933899,0.9988314509391785,-0.46477392315864563,0.439731627702713,0.022631339728832245
1765156563.2337086,cf1,-0.5001346468925476,1.440229058265686,1.008339285850525,-0.428535133600235,0.26491567492485046,-0.008587747812271118
1765156563.2339842,cf1,-0.5001346468925476,1.440229058265686,1.008339285850525,-0.42740702629089355,0.2562975585460663,-0.00900182593613863
1765156563.2424152,cf2,-0.15107068419456482,1.1338775157928467,0.9996364712715149,-0.46477392315864563,0.439731627702713,0.022631339728832245
1765156563.2428353,cf2,-0.15107068419456482,1.1338775157928467,0.9996364712715149,-0.46643564105033875,0.439033567905426,0.027576234191656113
1765156563.2533717,cf1,-0.5083957314491272,1.445382833480835,1.0084751844406128,-0.42740702629089355,0.2562975585460663,-0.00900182593613863
1765156563.2536206,cf1,-0.5083957314491272,1.445382833480835,1.0084751844406128,-0.421848326921463,0.24507243931293488,-0.010235068388283253
1765156563.2624624,cf2,-0.1601412445306778,1.1423299312591553,1.000331163406372,-0.46643564105033875,0.439033567905426,0.027576234191656113
1765156563.2627797,cf2,-0.1601412445306778,1.1423299312591553,1.000331163406372,-0.4617701768875122,0.4321543872356415,0.03034508228302002
1765156563.2740223,cf1,-0.5188949704170227,1.451684832572937,1.0086008310317993,-0.421848326921463,0.24507243931293488,-0.010235068388283253
1765156563.2742476,cf1,-0.5188949704170227,1.451684832572937,1.0086008310317993,-0.42101725935935974,0.23590756952762604,-0.0120143573731184
1765156563.2822592,cf2,-0.1710958480834961,1.1524982452392578,1.001163125038147,-0.4617701768875122,0.4321543872356415,0.03034508228302002
1765156563.282522,cf2,-0.1710958480834961,1.1524982452392578,1.001163125038147,-0.46241143345832825,0.4301205277442932,0.031770240515470505
1765156563.2942216,cf1,-0.5277280211448669,1.456844687461853,1.0086702108383179,-0.42101725935935974,0.23590756952762604,-0.0120143573731184
1765156563.2945871,cf1,-0.5277280211448669,1.456844687461853,1.0086702108383179,-0.41603296995162964,0.22480317950248718,-0.014126548543572426
1765156563.3024373,cf2,-0.18158675730228424,1.1621785163879395,1.001903772354126,-0.46241143345832825,0.4301205277442932,0.031770240515470505
1765156563.302712,cf2,-0.18158675730228424,1.1621785163879395,1.001903772354126,-0.46355152130126953,0.428372323513031,0.030100475996732712
1765156563.314216,cf1,-0.5361145734786987,1.4616093635559082,1.0087085962295532,-0.41603296995162964,0.22480317950248718,-0.014126548543572426
1765156563.3144777,cf1,-0.5361145734786987,1.4616093635559082,1.0087085962295532,-0.4110570549964905,0.2136770784854889,-0.015837378799915314
1765156563.3224053,cf2,-0.18936192989349365,1.169310212135315,1.0023765563964844,-0.46355152130126953,0.428372323513031,0.030100475996732712
1765156563.322691,cf2,-0.18936192989349365,1.169310212135315,1.0023765563964844,-0.45689985156059265,0.41928771138191223,0.024362653493881226
1765156563.33405,cf1,-0.546251654624939,1.4671119451522827,1.0087238550186157,-0.4110570549964905,0.2136770784854889,-0.015837378799915314
1765156563.334305,cf1,-0.546251654624939,1.4671119451522827,1.0087238550186157,-0.41101759672164917,0.2047710418701172,-0.01675337925553322
1765156563.342446,cf2,-0.19932821393013,1.1784042119979858,1.0028722286224365,-0.45689985156059265,0.41928771138191223,0.024362653493881226
1765156563.3427308,cf2,-0.19932821393013,1.1784042119979858,1.0028722286224365,-0.4597221910953522,0.4187873303890228,0.01828812062740326
1765156563.3541043,cf1,-0.5554088354110718,1.4719058275222778,1.0087343454360962,-0.41101759672164917,0.2047710418701172,-0.01675337925553322
1765156563.354344,cf1,-0.5554088354110718,1.4719058275222778,1.0087343454360962,-0.40950703620910645,0.19501884281635284,-0.016932671889662743
1765156563.3622494,cf2,-0.20946522057056427,1.1875966787338257,1.003240704536438,-0.4597221910953522,0.4187873303890228,0.01828812062740326
1765156563.3625746,cf2,-0.20946522057056427,1.1875966787338257,1.003240704536438,-0.4588511884212494,0.41476330161094666,0.010552452877163887
1765156563.3743103,cf1,-0.5641770362854004,1.476315975189209,1.008754849433899,-0.40950703620910645,0.19501884281635284,-0.016932671889662743
1765156563.3745985,cf1,-0.5641770362854004,1.476315975189209,1.008754849433899,-0.4048304855823517,0.183638334274292,-0.0159573033452034
1765156563.3823054,cf2,-0.21960991621017456,1.196732759475708,1.003496766090393,-0.4588511884212494,0.41476330161094666,0.010552452877163887
1765156563.3826687,cf2,-0.21960991621017456,1.196732759475708,1.003496766090393,-0.45992282032966614,0.41231322288513184,0.005003494676202536
1765156563.394144,cf1,-0.5721210837364197,1.4801753759384155,1.0087974071502686,-0.4048304855823517,0.183638334274292,-0.0159573033452034
1765156563.3945107,cf1,-0.5721210837364197,1.4801753759384155,1.0087974071502686,-0.3995893597602844,0.17204180359840393,-0.014247043989598751
1765156563.4033077,cf2,-0.23280170559883118,1.208518147468567,1.0037295818328857,-0.45992282032966614,0.41231322288513184,0.005003494676202536
1765156563.403826,cf2,-0.23280170559883118,1.208518147468567,1.0037295818328857,-0.4656301438808441,0.41359513998031616,0.0023003648966550827
1765156563.414088,cf1,-0.5809906125068665,1.484264850616455,1.0088626146316528,-0.3995893597602844,0.17204180359840393,-0.014247043989598751
1765156563.4143062,cf1,-0.5809906125068665,1.484264850616455,1.0088626146316528,-0.39799368381500244,0.16185051202774048,-0.012664565816521645
1765156563.4222505,cf2,-0.24010244011878967,1.2149760723114014,1.0038783550262451,-0.4656301438808441,0.41359513998031616,0.0023003648966550827
1765156563.42266,cf2,-0.24010244011878967,1.2149760723114014,1.0038783550262451,-0.45554161071777344,0.40062639117240906,0.0008445200510323048
1765156563.4341025,cf1,-0.5898621678352356,1.4881495237350464,1.0089517831802368,-0.39799368381500244,0.16185051202774048,-0.012664565816521645
1765156563.434434,cf1,-0.5898621678352356,1.4881495237350464,1.0089517831802368,-0.3963802754878998,0.15148457884788513,-0.011150394566357136
1765156563.442322,cf2,-0.252342164516449,1.225719928741455,1.0041424036026,-0.45554161071777344,0.40062639117240906,0.0008445200510323048
1765156563.4426563,cf2,-0.252342164516449,1.225719928741455,1.0041424036026,-0.46025627851486206,0.40072521567344666,0.002670090179890394
1765156563.4540465,cf1,-0.5986744165420532,1.491798758506775,1.0090528726577759,-0.3963802754878998,0.15148457884788513,-0.011150394566357136
1765156563.4543042,cf1,-0.5986744165420532,1.491798758506775,1.0090528726577759,-0.39459413290023804,0.14090201258659363,-0.009932508692145348
1765156563.4623296,cf2,-0.2632303833961487,1.23517906665802,1.0044965744018555,-0.46025627851486206,0.40072521567344666,0.002670090179890394
1765156563.4627187,cf2,-0.2632303833961487,1.23517906665802,1.0044965744018555,-0.4632628858089447,0.3990882337093353,0.004963134415447712
1765156563.4753034,cf1,-0.607424795627594,1.4952094554901123,1.0091497898101807,-0.39459413290023804,0.14090201258659363,-0.009932508692145348
1765156563.4756854,cf1,-0.607424795627594,1.4952094554901123,1.0091497898101807,-0.39273372292518616,0.13015423715114594,-0.009360837750136852
1765156563.4825344,cf2,-0.27341634035110474,1.2439323663711548,1.0049618482589722,-0.4632628858089447,0.3990882337093353,0.004963134415447712
1765156563.4826958,cf2,-0.27341634035110474,1.2439323663711548,1.0049618482589722,-0.46375882625579834,0.3950374722480774,0.00931435264647007
1765156563.4942715,cf1,-0.6161538362503052,1.4983906745910645,1.0092272758483887,-0.39273372292518616,0.13015423715114594,-0.009360837750136852
1765156563.4946723,cf1,-0.6161538362503052,1.4983906745910645,1.0092272758483887,-0.3879718482494354,0.11735143512487411,-0.009898068383336067
1765156563.5038269,cf2,-0.2836342453956604,1.2526171207427979,1.0055434703826904,-0.46375882625579834,0.3950374722480774,0.00931435264647007
1765156563.5041463,cf2,-0.2836342453956604,1.2526171207427979,1.0055434703826904,-0.4625322222709656,0.38909828662872314,0.013071556575596333
1765156563.5140593,cf1,-0.6249717473983765,1.5013766288757324,1.0092718601226807,-0.3879718482494354,0.11735143512487411,-0.009898068383336067
1765156563.5144384,cf1,-0.6249717473983765,1.5013766288757324,1.0092718601226807,-0.38413459062576294,0.10580296069383621,-0.011298987083137035
1765156563.523555,cf2,-0.29360780119895935,1.2610021829605103,1.0061722993850708,-0.4625322222709656,0.38909828662872314,0.013071556575596333
1765156563.5238056,cf2,-0.29360780119895935,1.2610021829605103,1.0061722993850708,-0.46170029044151306,0.3836028575897217,0.014066890813410282
1765156563.534163,cf1,-0.6342604756355286,1.504242181777954,1.0092685222625732,-0.38413459062576294,0.10580296069383621,-0.011298987083137035
1765156563.5345507,cf1,-0.6342604756355286,1.504242181777954,1.0092685222625732,-0.38232916593551636,0.09460152685642242,-0.013333999551832676
1765156563.5433536,cf2,-0.3036425709724426,1.2693432569503784,1.0068168640136719,-0.46170029044151306,0.3836028575897217,0.014066890813410282
1765156563.5437021,cf2,-0.3036425709724426,1.2693432569503784,1.0068168640136719,-0.46052414178848267,0.37770894169807434,0.012797576375305653
1765156563.5539265,cf1,-0.6418173909187317,1.5064376592636108,1.0092260837554932,-0.38232916593551636,0.09460152685642242,-0.013333999551832676
1765156563.5541866,cf1,-0.6418173909187317,1.5064376592636108,1.0092260837554932,-0.37645190954208374,0.08256128430366516,-0.015311268158257008
1765156563.563294,cf2,-0.3112797737121582,1.2756351232528687,1.007283329963684,-0.46052414178848267,0.37770894169807434,0.012797576375305653
1765156563.5636709,cf2,-0.3112797737121582,1.2756351232528687,1.007283329963684,-0.45036622881889343,0.3644728362560272,0.008671831339597702
1765156563.5740824,cf1,-0.6513475775718689,1.5088536739349365,1.0091259479522705,-0.37645190954208374,0.08256128430366516,-0.015311268158257008
1765156563.5744514,cf1,-0.6513475775718689,1.5088536739349365,1.0091259479522705,-0.37505948543548584,0.07115529477596283,-0.016875380650162697
1765156563.5835762,cf2,-0.32104435563087463,1.2835824489593506,1.0078270435333252,-0.45036622881889343,0.3644728362560272,0.008671831339597702
1765156563.5838554,cf2,-0.32104435563087463,1.2835824489593506,1.0078270435333252,-0.44563916325569153,0.3556343913078308,0.004181697499006987
1765156563.593226,cf1,-0.660530686378479,1.5107998847961426,1.008987307548523,-0.37505948543548584,0.07115529477596283,-0.016875380650162697
1765156563.5934691,cf1,-0.660530686378479,1.5107998847961426,1.008987307548523,-0.3734922707080841,0.058695681393146515,-0.017770886421203613
1765156563.6033163,cf2,-0.3308716416358948,1.291480541229248,1.0083143711090088,-0.44563916325569153,0.3556343913078308,0.004181697499006987
1765156563.6036613,cf2,-0.3308716416358948,1.291480541229248,1.0083143711090088,-0.4408227503299713,0.3466317653656006,-1.532983333163429e-05
1765156563.6134112,cf1,-0.6660316586494446,1.5120220184326172,1.0089232921600342,-0.3734922707080841,0.058695681393146515,-0.017770886421203613
1765156563.6137586,cf1,-0.6660316586494446,1.5120220184326172,1.0089232921600342,-0.36104291677474976,0.04604945704340935,-0.017066745087504387
1765156563.6232584,cf2,-0.34230706095695496,1.3005203008651733,1.0088281631469727,-0.4408227503299713,0.3466317653656006,-1.532983333163429e-05
1765156563.6236193,cf2,-0.34230706095695496,1.3005203008651733,1.0088281631469727,-0.4408692717552185,0.34125572443008423,-0.001204936532303691
1765156563.6333628,cf1,-0.6758431792259216,1.5136393308639526,1.008791208267212,-0.36104291677474976,0.04604945704340935,-0.017066745087504387
1765156563.6336994,cf1,-0.6758431792259216,1.5136393308639526,1.008791208267212,-0.3605193495750427,0.034460414201021194,-0.01579548791050911
1765156563.6435034,cf2,-0.3504217863082886,1.306870460510254,1.0091882944107056,-0.4408692717552185,0.34125572443008423,-0.001204936532303691
1765156563.6438,cf2,-0.3504217863082886,1.306870460510254,1.0091882944107056,-0.43282437324523926,0.3296021819114685,-0.0005563248414546251
1765156563.6533709,cf1,-0.6844633221626282,1.5148264169692993,1.0087145566940308,-0.3605193495750427,0.034460414201021194,-0.01579548791050911
1765156563.653719,cf1,-0.6844633221626282,1.5148264169692993,1.0087145566940308,-0.3586273193359375,0.022814292460680008,-0.014054874889552593
1765156563.6633306,cf2,-0.35940659046173096,1.3137900829315186,1.009595274925232,-0.43282437324523926,0.3296021819114685,-0.0005563248414546251
1765156563.6636062,cf2,-0.35940659046173096,1.3137900829315186,1.009595274925232,-0.42974424362182617,0.3216531276702881,0.001399546512402594
1765156563.673385,cf1,-0.6924362182617188,1.5156865119934082,1.0086957216262817,-0.3586273193359375,0.022814292460680008,-0.014054874889552593
1765156563.6737177,cf1,-0.6924362182617188,1.5156865119934082,1.0086957216262817,-0.3548964560031891,0.011105740442872047,-0.01101773139089346
1765156563.6834855,cf2,-0.3689555525779724,1.3210285902023315,1.0100529193878174,-0.42974424362182617,0.3216531276702881,0.001399546512402594
1765156563.6838424,cf2,-0.3689555525779724,1.3210285902023315,1.0100529193878174,-0.4283711314201355,0.31491410732269287,0.0034886449575424194
1765156563.6934404,cf1,-0.6984705924987793,1.5162690877914429,1.0087223052978516,-0.3548964560031891,0.011105740442872047,-0.01101773139089346
1765156563.6938152,cf1,-0.6984705924987793,1.5162690877914429,1.0087223052978516,-0.3448244035243988,-0.00025819017901085317,-0.007975644432008266
1765156563.7034838,cf2,-0.37849193811416626,1.3281389474868774,1.0105316638946533,-0.4283711314201355,0.31491410732269287,0.0034886449575424194
1765156563.7038155,cf2,-0.37849193811416626,1.3281389474868774,1.0105316638946533,-0.42724117636680603,0.3082493245601654,0.005712115205824375
1765156563.7141092,cf1,-0.7079422473907471,1.516629934310913,1.0087510347366333,-0.3448244035243988,-0.00025819017901085317,-0.007975644432008266
1765156563.7146337,cf1,-0.7079422473907471,1.516629934310913,1.0087510347366333,-0.34379079937934875,-0.012705021537840366,-0.006237681955099106
1765156563.7233636,cf2,-0.38798725605010986,1.3350961208343506,1.0110065937042236,-0.42724117636680603,0.3082493245601654,0.005712115205824375
1765156563.723625,cf2,-0.38798725605010986,1.3350961208343506,1.0110065937042236,-0.42647355794906616,0.3017050325870514,0.007175832521170378
1765156563.7339168,cf1,-0.7156053781509399,1.51673424243927,1.0087742805480957,-0.34379079937934875,-0.012705021537840366,-0.006237681955099106
1765156563.7341669,cf1,-0.7156053781509399,1.51673424243927,1.0087742805480957,-0.34005826711654663,-0.024230388924479485,-0.005866124294698238
1765156563.7423635,cf2,-0.39765822887420654,1.3420474529266357,1.0114601850509644,-0.42647355794906616,0.3017050325870514,0.007175832521170378
1765156563.7426221,cf2,-0.39765822887420654,1.3420474529266357,1.0114601850509644,-0.4250539243221283,0.2942294180393219,0.006562069524079561
1765156563.754021,cf1,-0.7226817011833191,1.5166268348693848,1.008760929107666,-0.34005826711654663,-0.024230388924479485,-0.005866124294698238
1765156563.7543154,cf1,-0.7226817011833191,1.5166268348693848,1.008760929107666,-0.3327076733112335,-0.035372309386730194,-0.006554284133017063
1765156563.7624912,cf2,-0.40689754486083984,1.3485673666000366,1.0118399858474731,-0.4250539243221283,0.2942294180393219,0.006562069524079561
1765156563.7627566,cf2,-0.40689754486083984,1.3485673666000366,1.0118399858474731,-0.4245312511920929,0.2876032590866089,0.0040620858781039715
1765156563.7740932,cf1,-0.7288349866867065,1.5164287090301514,1.0087027549743652,-0.3327076733112335,-0.035372309386730194,-0.006554284133017063
1765156563.7744393,cf1,-0.7288349866867065,1.5164287090301514,1.0087027549743652,-0.32444465160369873,-0.04593179374933243,-0.008356336504220963
1765156563.782386,cf2,-0.4167957007884979,1.3553560972213745,1.0121649503707886,-0.4245312511920929,0.2876032590866089,0.0040620858781039715
1765156563.7826483,cf2,-0.4167957007884979,1.3553560972213745,1.0121649503707886,-0.42437744140625,0.28109055757522583,0.00024289592693094164
1765156563.7940435,cf1,-0.7361050248146057,1.5158709287643433,1.0085688829421997,-0.32444465160369873,-0.04593179374933243,-0.008356336504220963
1765156563.7942624,cf1,-0.7361050248146057,1.5158709287643433,1.0085688829421997,-0.31907108426094055,-0.05691744387149811,-0.011153067462146282
1765156563.802411,cf2,-0.42569026350975037,1.361432671546936,1.012380838394165,-0.42437744140625,0.28109055757522583,0.00024289592693094164
1765156563.802758,cf2,-0.42569026350975037,1.361432671546936,1.012380838394165,-0.4241470396518707,0.27434685826301575,-0.004193362779915333
1765156563.8140647,cf1,-0.7445648312568665,1.5148138999938965,1.0083194971084595,-0.31907108426094055,-0.05691744387149811,-0.011153067462146282
1765156563.814436,cf1,-0.7445648312568665,1.5148138999938965,1.0083194971084595,-0.3172568678855896,-0.068829745054245,-0.013893254101276398
1765156563.8224144,cf2,-0.43555617332458496,1.367906928062439,1.0125340223312378,-0.4241470396518707,0.27434685826301575,-0.004193362779915333
1765156563.82268,cf2,-0.43555617332458496,1.367906928062439,1.0125340223312378,-0.42366158962249756,0.2672981917858124,-0.008524641394615173
1765156563.834164,cf1,-0.751776397228241,1.5137149095535278,1.0080324411392212,-0.3172568678855896,-0.068829745054245,-0.013893254101276398
1765156563.8345,cf1,-0.751776397228241,1.5137149095535278,1.0080324411392212,-0.3124098479747772,-0.07986298203468323,-0.015822626650333405
1765156563.842407,cf2,-0.44488635659217834,1.3739365339279175,1.012634038925171,-0.42366158962249756,0.2672981917858124,-0.008524641394615173
1765156563.8427782,cf2,-0.44488635659217834,1.3739365339279175,1.012634038925171,-0.42276009917259216,0.25988176465034485,-0.011821267195045948
1765156563.8541796,cf1,-0.7572610974311829,1.5128229856491089,1.0077884197235107,-0.3124098479747772,-0.07986298203468323,-0.015822626650333405
1765156563.8545494,cf1,-0.7572610974311829,1.5128229856491089,1.0077884197235107,-0.30478376150131226,-0.08957430720329285,-0.016481410712003708
1765156563.862345,cf2,-0.45416972041130066,1.379790186882019,1.0127229690551758,-0.42276009917259216,0.25988176465034485,-0.011821267195045948
1765156563.862694,cf2,-0.45416972041130066,1.379790186882019,1.0127229690551758,-0.4232504963874817,0.25297224521636963,-0.01355250645428896
1765156563.8740547,cf1,-0.7641587853431702,1.5113322734832764,1.0074621438980103,-0.30478376150131226,-0.08957430720329285,-0.016481410712003708
1765156563.8744094,cf1,-0.7641587853431702,1.5113322734832764,1.0074621438980103,-0.30190014839172363,-0.10077963769435883,-0.01614435948431492
1765156563.8823237,cf2,-0.46339571475982666,1.3854583501815796,1.012836217880249,-0.4232504963874817,0.25297224521636963,-0.01355250645428896
1765156563.8826702,cf2,-0.46339571475982666,1.3854583501815796,1.012836217880249,-0.421360045671463,0.244656503200531,-0.013433599844574928
1765156563.8939605,cf1,-0.7710690498352051,1.5095763206481934,1.0071433782577515,-0.30190014839172363,-0.10077963769435883,-0.01614435948431492
1765156563.894207,cf1,-0.7710690498352051,1.5095763206481934,1.0071433782577515,-0.29926547408103943,-0.11199624836444855,-0.014600303955376148
1765156563.9023209,cf2,-0.47255605459213257,1.390930414199829,1.0129997730255127,-0.421360045671463,0.244656503200531,-0.013433599844574928
1765156563.9025953,cf2,-0.47255605459213257,1.390930414199829,1.0129997730255127,-0.41900426149368286,0.23587548732757568,-0.011991309002041817
1765156563.913354,cf1,-0.7780469059944153,1.5075173377990723,1.00684654712677,-0.29926547408103943,-0.11199624836444855,-0.014600303955376148
1765156563.913721,cf1,-0.7780469059944153,1.5075173377990723,1.00684654712677,-0.2958332896232605,-0.12350564450025558,-0.011785844340920448
1765156563.922328,cf2,-0.481642484664917,1.3961974382400513,1.0132275819778442,-0.41900426149368286,0.23587548732757568,-0.011991309002041817
1765156563.9226215,cf2,-0.481642484664917,1.3961974382400513,1.0132275819778442,-0.4141799211502075,0.22584673762321472,-0.009864415042102337
1765156563.9334538,cf1,-0.7846629619598389,1.5053259134292603,1.0066009759902954,-0.2958332896232605,-0.12350564450025558,-0.011785844340920448
1765156563.9337254,cf1,-0.7846629619598389,1.5053259134292603,1.0066009759902954,-0.29321929812431335,-0.13457655906677246,-0.008747778832912445
1765156563.9423711,cf2,-0.49064213037490845,1.401252269744873,1.0135146379470825,-0.4141799211502075,0.22584673762321472,-0.009864415042102337
1765156563.9432006,cf2,-0.49064213037490845,1.401252269744873,1.0135146379470825,-0.4126206636428833,0.21707428991794586,-0.007799126207828522
1765156563.9534614,cf1,-0.7917031049728394,1.502671480178833,1.0063674449920654,-0.29321929812431335,-0.13457655906677246,-0.008747778832912445
1765156563.953713,cf1,-0.7917031049728394,1.502671480178833,1.0063674449920654,-0.2897769510746002,-0.1454191952943802,-0.006020913366228342
1765156563.963524,cf2,-0.49545228481292725,1.4039866924285889,1.013713002204895,-0.4126206636428833,0.21707428991794586,-0.007799126207828522
1765156563.9637835,cf2,-0.49545228481292725,1.4039866924285889,1.013713002204895,-0.40845155715942383,0.20659169554710388,-0.006035180296748877
1765156563.9733183,cf1,-0.7979666590690613,1.5000956058502197,1.0061867237091064,-0.2897769510746002,-0.1454191952943802,-0.006020913366228342
1765156563.973676,cf1,-0.7979666590690613,1.5000956058502197,1.0061867237091064,-0.28683117032051086,-0.15635502338409424,-0.004085823893547058
1765156563.983761,cf2,-0.5083479881286621,1.410700798034668,1.0141866207122803,-0.40845155715942383,0.20659169554710388,-0.006035180296748877
1765156563.9840229,cf2,-0.5083479881286621,1.410700798034668,1.0141866207122803,-0.40083345770835876,0.19500784575939178,-0.005244947504252195
1765156563.9932554,cf1,-0.8047760128974915,1.4967817068099976,1.0059765577316284,-0.28683117032051086,-0.15635502338409424,-0.004085823893547058
1765156563.993695,cf1,-0.8047760128974915,1.4967817068099976,1.0059765577316284,-0.2844528555870056,-0.167732372879982,-0.003352859290316701
1765156564.0034404,cf2,-0.5170159339904785,1.4150779247283936,1.0145169496536255,-0.40083345770835876,0.19500784575939178,-0.005244947504252195
1765156564.0037096,cf2,-0.5170159339904785,1.4150779247283936,1.0145169496536255,-0.3963117301464081,0.18464556336402893,-0.005392995197325945
1765156564.0132387,cf1,-0.8109543919563293,1.4938939809799194,1.005782127380371,-0.2844528555870056,-0.167732372879982,-0.003352859290316701
1765156564.0137715,cf1,-0.8109543919563293,1.4938939809799194,1.005782127380371,-0.2818881571292877,-0.17911291122436523,-0.0038149249739944935
1765156564.023537,cf2,-0.5255977511405945,1.4192416667938232,1.0148130655288696,-0.3963117301464081,0.18464556336402893,-0.005392995197325945
1765156564.0238335,cf2,-0.5255977511405945,1.4192416667938232,1.0148130655288696,-0.39167845249176025,0.1741805523633957,-0.006184259429574013
1765156564.0334492,cf1,-0.8173415660858154,1.490423560142517,1.0055328607559204,-0.2818881571292877,-0.17911291122436523,-0.0038149249739944935
1765156564.0337718,cf1,-0.8173415660858154,1.490423560142517,1.0055328607559204,-0.2790415585041046,-0.19046702980995178,-0.005216188263148069
1765156564.0435436,cf2,-0.534074604511261,1.4231826066970825,1.01505446434021,-0.39167845249176025,0.1741805523633957,-0.006184259429574013
1765156564.0438566,cf2,-0.534074604511261,1.4231826066970825,1.01505446434021,-0.38711783289909363,0.16372282803058624,-0.007747718598693609
1765156564.0540495,cf1,-0.8253328800201416,1.4855018854141235,1.005149483680725,-0.2790415585041046,-0.19046702980995178,-0.005216188263148069
1765156564.0544472,cf1,-0.8253328800201416,1.4855018854141235,1.005149483680725,-0.2778826355934143,-0.20450077950954437,-0.007163805887103081
1765156564.0635152,cf2,-0.5424504280090332,1.426903486251831,1.0152263641357422,-0.38711783289909363,0.16372282803058624,-0.007747718598693609
1765156564.0637517,cf2,-0.5424504280090332,1.426903486251831,1.0152263641357422,-0.38269469141960144,0.15332172811031342,-0.009999214671552181
1765156564.0734208,cf1,-0.8284350037574768,1.4836945533752441,1.0049852132797241,-0.2778826355934143,-0.20450077950954437,-0.007163805887103081
1765156564.0736825,cf1,-0.8284350037574768,1.4836945533752441,1.0049852132797241,-0.27587834000587463,-0.20976515114307404,-0.008328746072947979
1765156564.0844219,cf2,-0.550429105758667,1.430356502532959,1.0153229236602783,-0.38269469141960144,0.15332172811031342,-0.009999214671552181
1765156564.084926,cf2,-0.550429105758667,1.430356502532959,1.0153229236602783,-0.37729665637016296,0.1420992761850357,-0.0125030018389225
1765156564.093667,cf1,-0.8344622254371643,1.4796464443206787,1.0046296119689941,-0.27587834000587463,-0.20976515114307404,-0.008328746072947979
1765156564.0938911,cf1,-0.8344622254371643,1.4796464443206787,1.0046296119689941,-0.2718128263950348,-0.2208029329776764,-0.010023524053394794
1765156564.1023777,cf2,-0.5551654100418091,1.4323270320892334,1.0153533220291138,-0.37729665637016296,0.1420992761850357,-0.0125030018389225
1765156564.102761,cf2,-0.5551654100418091,1.4323270320892334,1.0153533220291138,-0.37659451365470886,0.1376413255929947,-0.013593306764960289
1765156564.1131916,cf1,-0.8398069143295288,1.4758641719818115,1.0043025016784668,-0.2718128263950348,-0.2208029329776764,-0.010023524053394794
1765156564.1135414,cf1,-0.8398069143295288,1.4758641719818115,1.0043025016784668,-0.264822781085968,-0.22934894263744354,-0.010781346820294857
1765156564.122474,cf2,-0.5632798671722412,1.4354885816574097,1.0153623819351196,-0.37659451365470886,0.1376413255929947,-0.013593306764960289
1765156564.1228316,cf2,-0.5632798671722412,1.4354885816574097,1.0153623819351196,-0.3726433217525482,0.12741805613040924,-0.015408945269882679
1765156564.1333115,cf1,-0.8463553786277771,1.4707435369491577,1.0038883686065674,-0.264822781085968,-0.22934894263744354,-0.010781346820294857
1765156564.13365,cf1,-0.8463553786277771,1.4707435369491577,1.0038883686065674,-0.2598651051521301,-0.24029211699962616,-0.010738411918282509
1765156564.142387,cf2,-0.571331262588501,1.4384419918060303,1.0153284072875977,-0.3726433217525482,0.12741805613040924,-0.015408945269882679
1765156564.1427412,cf2,-0.571331262588501,1.4384419918060303,1.0153284072875977,-0.3689907193183899,0.11732061207294464,-0.016517557203769684
1765156564.153357,cf1,-0.8520179986953735,1.4660547971725464,1.0035557746887207,-0.2598651051521301,-0.24029211699962616,-0.010738411918282509
1765156564.1540153,cf1,-0.8520179986953735,1.4660547971725464,1.0035557746887207,-0.2530210018157959,-0.249224454164505,-0.00909181497991085
1765156564.1622834,cf2,-0.5793021321296692,1.4411852359771729,1.0152630805969238,-0.3689907193183899,0.11732061207294464,-0.016517557203769684
1765156564.1625552,cf2,-0.5793021321296692,1.4411852359771729,1.0152630805969238,-0.3655152916908264,0.10739649087190628,-0.017019197344779968
1765156564.1737185,cf1,-0.8570435047149658,1.4616740942001343,1.003296971321106,-0.2530210018157959,-0.249224454164505,-0.00909181497991085
1765156564.1740117,cf1,-0.8570435047149658,1.4616740942001343,1.003296971321106,-0.24542570114135742,-0.2573762536048889,-0.006408908870071173
1765156564.182304,cf2,-0.5871959924697876,1.4437180757522583,1.0151768922805786,-0.3655152916908264,0.10739649087190628,-0.017019197344779968
1765156564.1826565,cf2,-0.5871959924697876,1.4437180757522583,1.0151768922805786,-0.3622532784938812,0.09752814471721649,-0.016993775963783264
1765156564.1933954,cf1,-0.8625530004501343,1.4564754962921143,1.0030478239059448,-0.24542570114135742,-0.2573762536048889,-0.006408908870071173
1765156564.1937277,cf1,-0.8625530004501343,1.4564754962921143,1.0030478239059448,-0.2399665266275406,-0.26804351806640625,-0.002880204701796174
1765156564.2033966,cf2,-0.5951042771339417,1.4460604190826416,1.0150768756866455,-0.3622532784938812,0.09752814471721649,-0.016993775963783264
1765156564.2037356,cf2,-0.5951042771339417,1.4460604190826416,1.0150768756866455,-0.3580996096134186,0.08689948171377182,-0.016523830592632294
1765156564.2131176,cf1,-0.8679679036140442,1.45100998878479,1.0028489828109741,-0.2399665266275406,-0.26804351806640625,-0.002880204701796174
1765156564.2137344,cf1,-0.8679679036140442,1.45100998878479,1.0028489828109741,-0.23455184698104858,-0.27885329723358154,0.0007409434183500707
1765156564.2235146,cf2,-0.6027726531028748,1.4481465816497803,1.0149706602096558,-0.3580996096134186,0.08689948171377182,-0.016523830592632294
1765156564.2238305,cf2,-0.6027726531028748,1.4481465816497803,1.0149706602096558,-0.35500043630599976,0.07696539908647537,-0.015973471105098724
1765156564.233371,cf1,-0.873252809047699,1.4453133344650269,1.0026910305023193,-0.23455184698104858,-0.27885329723358154,0.0007409434183500707
1765156564.2336264,cf1,-0.873252809047699,1.4453133344650269,1.0026910305023193,-0.2291480153799057,-0.2896556258201599,0.003900359384715557
1765156564.2434957,cf2,-0.6104564070701599,1.4500402212142944,1.0148555040359497,-0.35500043630599976,0.07696539908647537,-0.015973471105098724
1765156564.2437708,cf2,-0.6104564070701599,1.4500402212142944,1.0148555040359497,-0.35230642557144165,0.06704779714345932,-0.0154793169349432
1765156564.2531943,cf1,-0.8784103989601135,1.4393888711929321,1.0025537014007568,-0.2291480153799057,-0.2896556258201599,0.003900359384715557
1765156564.2535655,cf1,-0.8784103989601135,1.4393888711929321,1.0025537014007568,-0.22388781607151031,-0.30046525597572327,0.006294417195022106
1765156564.2633653,cf2,-0.6180810928344727,1.4517217874526978,1.0147308111190796,-0.35230642557144165,0.06704779714345932,-0.0154793169349432
1765156564.263696,cf2,-0.6180810928344727,1.4517217874526978,1.0147308111190796,-0.3496796786785126,0.057119857519865036,-0.01511524897068739
1765156564.2734692,cf1,-0.8834479451179504,1.433235764503479,1.0024092197418213,-0.22388781607151031,-0.30046525597572327,0.006294417195022106
1765156564.2736874,cf1,-0.8834479451179504,1.433235764503479,1.0024092197418213,-0.21885782480239868,-0.31132030487060547,0.007097902707755566
1765156564.2835171,cf2,-0.6256435513496399,1.4531899690628052,1.0145922899246216,-0.3496796786785126,0.057119857519865036,-0.01511524897068739
1765156564.283846,cf2,-0.6256435513496399,1.4531899690628052,1.0145922899246216,-0.3470951318740845,0.04717475175857544,-0.015008511021733284
1765156564.293475,cf1,-0.8883711695671082,1.426856279373169,1.002229928970337,-0.21885782480239868,-0.31132030487060547,0.007097902707755566
1765156564.2937005,cf1,-0.8883711695671082,1.426856279373169,1.002229928970337,-0.2140388935804367,-0.3221147358417511,0.006198245100677013
1765156564.3033447,cf2,-0.633144199848175,1.4544453620910645,1.0144362449645996,-0.3470951318740845,0.04717475175857544,-0.015008511021733284
1765156564.303595,cf2,-0.633144199848175,1.4544453620910645,1.0144362449645996,-0.34452196955680847,0.037216201424598694,-0.015165075659751892
1765156564.313682,cf1,-0.8931846618652344,1.4202558994293213,1.0019898414611816,-0.2140388935804367,-0.3221147358417511,0.006198245100677013
1765156564.3140619,cf1,-0.8931846618652344,1.4202558994293213,1.0019898414611816,-0.20939388871192932,-0.3327242136001587,0.003727962262928486
1765156564.3236444,cf2,-0.6405836939811707,1.4554868936538696,1.014260172843933,-0.34452196955680847,0.037216201424598694,-0.015165075659751892
1765156564.3238935,cf2,-0.6405836939811707,1.4554868936538696,1.014260172843933,-0.341926246881485,0.027218708768486977,-0.015557399019598961
1765156564.3333445,cf1,-0.8978918790817261,1.4134414196014404,1.0016731023788452,-0.20939388871192932,-0.3327242136001587,0.003727962262928486
1765156564.333684,cf1,-0.8978918790817261,1.4134414196014404,1.0016731023788452,-0.20488472282886505,-0.34304603934288025,0.00017117438255809247
1765156564.343464,cf2,-0.6479601860046387,1.4563149213790894,1.014062762260437,-0.341926246881485,0.027218708768486977,-0.015557399019598961
1765156564.343811,cf2,-0.6479601860046387,1.4563149213790894,1.014062762260437,-0.33923742175102234,0.01719485968351364,-0.01613543927669525
1765156564.3541117,cf1,-0.9024950861930847,1.406420111656189,1.0012784004211426,-0.20488472282886505,-0.34304603934288025,0.00017117438255809247
1765156564.354485,cf1,-0.9024950861930847,1.406420111656189,1.0012784004211426,-0.20046581327915192,-0.35299885272979736,-0.0037726550363004208
1765156564.3634098,cf2,-0.6552714705467224,1.4569282531738281,1.013846516609192,-0.33923742175102234,0.01719485968351364,-0.01613543927669525
1765156564.3636286,cf2,-0.6552714705467224,1.4569282531738281,1.013846516609192,-0.3364253044128418,0.007122335024178028,-0.01661621406674385
1765156564.374099,cf1,-0.9070051312446594,1.399179220199585,1.0008201599121094,-0.20046581327915192,-0.35299885272979736,-0.0037726550363004208
1765156564.3744903,cf1,-0.9070051312446594,1.399179220199585,1.0008201599121094,-0.19524051249027252,-0.3618428409099579,-0.007406308781355619
1765156564.3836598,cf2,-0.6625150442123413,1.4573253393173218,1.0136144161224365,-0.3364253044128418,0.007122335024178028,-0.01661621406674385
1765156564.3839858,cf2,-0.6625150442123413,1.4573253393173218,1.0136144161224365,-0.33346277475357056,-0.00300738587975502,-0.017008019611239433
1765156564.3953276,cf1,-0.9113903641700745,1.391788363456726,1.0003323554992676,-0.19524051249027252,-0.3618428409099579,-0.007406308781355619
1765156564.3957324,cf1,-0.9113903641700745,1.391788363456726,1.0003323554992676,-0.1916734278202057,-0.3720226585865021,-0.00950675643980503
1765156564.4036193,cf2,-0.6696871519088745,1.4575059413909912,1.013370394706726,-0.33346277475357056,-0.00300738587975502,-0.017008019611239433
1765156564.4039261,cf2,-0.6696871519088745,1.4575059413909912,1.013370394706726,-0.33031541109085083,-0.013179783709347248,-0.017213495448231697
1765156564.414079,cf1,-0.9163182377815247,1.3829272985458374,0.9997656941413879,-0.1916734278202057,-0.3720226585865021,-0.00950675643980503
1765156564.4144356,cf1,-0.9163182377815247,1.3829272985458374,0.9997656941413879,-0.1856876015663147,-0.3797239661216736,-0.009729196317493916
1765156564.42321,cf2,-0.6761037707328796,1.4574323892593384,1.0131385326385498,-0.33031541109085083,-0.013179783709347248,-0.017213495448231697
1765156564.4235046,cf2,-0.6761037707328796,1.4574323892593384,1.0131385326385498,-0.32699131965637207,-0.02342086099088192,-0.017141612246632576
1765156564.4340084,cf1,-0.9204829335212708,1.3751493692398071,0.9993352293968201,-0.1856876015663147,-0.3797239661216736,-0.009729196317493916
1765156564.4342685,cf1,-0.9204829335212708,1.3751493692398071,0.9993352293968201,-0.18122930824756622,-0.38753432035446167,-0.007745013572275639
1765156564.44361,cf2,-0.6838040351867676,1.4572116136550903,1.0128616094589233,-0.32699131965637207,-0.02342086099088192,-0.017141612246632576
1765156564.4438536,cf2,-0.6838040351867676,1.4572116136550903,1.0128616094589233,-0.32349589467048645,-0.03373311832547188,-0.016927890479564667
1765156564.4540415,cf1,-0.9245473146438599,1.3671929836273193,0.9989929795265198,-0.18122930824756622,-0.38753432035446167,-0.007745013572275639
1765156564.4544153,cf1,-0.9245473146438599,1.3671929836273193,0.9989929795265198,-0.17674246430397034,-0.39491477608680725,-0.003830385161563754
1765156564.4636889,cf2,-0.690742552280426,1.4567339420318604,1.012600064277649,-0.32349589467048645,-0.03373311832547188,-0.016927890479564667
1765156564.4640555,cf2,-0.690742552280426,1.4567339420318604,1.012600064277649,-0.31983715295791626,-0.044109851121902466,-0.016591772437095642
1765156564.4740946,cf1,-0.9285037517547607,1.3590798377990723,0.9987601041793823,-0.17674246430397034,-0.39491477608680725,-0.003830385161563754
1765156564.4744747,cf1,-0.9285037517547607,1.3590798377990723,0.9987601041793823,-0.1721978336572647,-0.40184909105300903,0.0011726438533514738
1765156564.4835224,cf2,-0.6975975632667542,1.456034541130066,1.0123316049575806,-0.31983715295791626,-0.044109851121902466,-0.016591772437095642
1765156564.48385,cf2,-0.6975975632667542,1.456034541130066,1.0123316049575806,-0.3160494565963745,-0.05457206442952156,-0.016255808994174004
1765156564.4940338,cf1,-0.9323506355285645,1.3508192300796509,0.9986364245414734,-0.1721978336572647,-0.40184909105300903,0.0011726438533514738
1765156564.4944346,cf1,-0.9323506355285645,1.3508192300796509,0.9986364245414734,-0.16758909821510315,-0.4083705544471741,0.006348608061671257
1765156564.5034747,cf2,-0.7037217020988464,1.4551594257354736,1.0120768547058105,-0.3160494565963745,-0.05457206442952156,-0.016255808994174004
1765156564.5038242,cf2,-0.7037217020988464,1.4551594257354736,1.0120768547058105,-0.3121814727783203,-0.06512822955846786,-0.016021857038140297
1765156564.5140371,cf1,-0.9355648756027222,1.343727469444275,0.9986130595207214,-0.16758909821510315,-0.4083705544471741,0.006348608061671257
1765156564.5144057,cf1,-0.9355648756027222,1.343727469444275,0.9986130595207214,-0.16101880371570587,-0.40933099389076233,0.01035541482269764
1765156564.5236607,cf2,-0.7104161381721497,1.4540319442749023,1.0117881298065186,-0.3121814727783203,-0.06512822955846786,-0.016021857038140297
1765156564.5240185,cf2,-0.7104161381721497,1.4540319442749023,1.0117881298065186,-0.30824095010757446,-0.07577253133058548,-0.01589685119688511
1765156564.5341556,cf1,-0.9391759037971497,1.3352981805801392,0.9986210465431213,-0.16101880371570587,-0.40933099389076233,0.01035541482269764
1765156564.534493,cf1,-0.9391759037971497,1.3352981805801392,0.9986210465431213,-0.15639200806617737,-0.41518086194992065,0.013105182908475399
1765156564.5436249,cf2,-0.7170238494873047,1.4526783227920532,1.0114872455596924,-0.30824095010757446,-0.07577253133058548,-0.01589685119688511
1765156564.5440414,cf2,-0.7170238494873047,1.4526783227920532,1.0114872455596924,-0.3042183816432953,-0.08644496649503708,-0.015817107632756233
1765156564.5540586,cf1,-0.9427089691162109,1.326669454574585,0.9986443519592285,-0.15639200806617737,-0.41518086194992065,0.013105182908475399
1765156564.5542932,cf1,-0.9427089691162109,1.326669454574585,0.9986443519592285,-0.15179085731506348,-0.4210166335105896,0.01386306807398796
1765156564.5634255,cf2,-0.7227805852890015,1.4513331651687622,1.0112143754959106,-0.3042183816432953,-0.08644496649503708,-0.015817107632756233
1765156564.563648,cf2,-0.7227805852890015,1.4513331651687622,1.0112143754959106,-0.2957744300365448,-0.0957975834608078,-0.015515155158936977
1765156564.573963,cf1,-0.9461341500282288,1.3179186582565308,0.9986432194709778,-0.15179085731506348,-0.4210166335105896,0.01386306807398796
1765156564.5741963,cf1,-0.9461341500282288,1.3179186582565308,0.9986432194709778,-0.14712531864643097,-0.42666906118392944,0.012916541658341885
1765156564.583637,cf2,-0.7289865612983704,1.4496312141418457,1.0109063386917114,-0.2957744300365448,-0.0957975834608078,-0.015515155158936977
1765156564.5837653,cf2,-0.7289865612983704,1.4496312141418457,1.0109063386917114,-0.2922954559326172,-0.10630786418914795,-0.015364540740847588
1765156564.59403,cf1,-0.9494506120681763,1.3090499639511108,0.9985837340354919,-0.14712531864643097,-0.42666906118392944,0.012916541658341885
1765156564.5943656,cf1,-0.9494506120681763,1.3090499639511108,0.9985837340354919,-0.14244280755519867,-0.4323636293411255,0.010742975398898125
1765156564.6037838,cf2,-0.7355074286460876,1.4475802183151245,1.010572910308838,-0.2922954559326172,-0.10630786418914795,-0.015364540740847588
1765156564.6041636,cf2,-0.7355074286460876,1.4475802183151245,1.010572910308838,-0.2859618663787842,-0.11590798944234848,-0.01483331061899662
1765156564.6140862,cf1,-0.9526607394218445,1.3000574111938477,0.998444676399231,-0.14244280755519867,-0.4323636293411255,0.010742975398898125
1765156564.6145065,cf1,-0.9526607394218445,1.3000574111938477,0.998444676399231,-0.13779345154762268,-0.43828657269477844,0.007465595845133066
1765156564.622462,cf2,-0.7416682243347168,1.4454069137573242,1.0102537870407104,-0.2859618663787842,-0.11590798944234848,-0.01483331061899662
1765156564.6229577,cf2,-0.7416682243347168,1.4454069137573242,1.0102537870407104,-0.2807033956050873,-0.12608003616333008,-0.013925585895776749
1765156564.6342044,cf1,-0.955443263053894,1.291760802268982,0.9982514381408691,-0.13779345154762268,-0.43828657269477844,0.007465595845133066
1765156564.6344652,cf1,-0.955443263053894,1.291760802268982,0.9982514381408691,-0.13317206501960754,-0.44440457224845886,0.0037693222984671593
1765156564.642377,cf2,-0.7486544847488403,1.4426039457321167,1.009885549545288,-0.2807033956050873,-0.12608003616333008,-0.013925585895776749
1765156564.6427498,cf2,-0.7486544847488403,1.4426039457321167,1.009885549545288,-0.2781853675842285,-0.13681572675704956,-0.012919755652546883
1765156564.6542068,cf1,-0.9587665796279907,1.2816864252090454,0.9979299902915955,-0.13317206501960754,-0.44440457224845886,0.0037693222984671593
1765156564.6545556,cf1,-0.9587665796279907,1.2816864252090454,0.9979299902915955,-0.12855584919452667,-0.4506474435329437,0.0005602093297056854
1765156564.6622524,cf2,-0.7547962069511414,1.4399162530899048,1.0095634460449219,-0.2781853675842285,-0.13681572675704956,-0.012919755652546883
1765156564.662697,cf2,-0.7547962069511414,1.4399162530899048,1.0095634460449219,-0.27489230036735535,-0.14685900509357452,-0.011776573956012726
1765156564.674134,cf1,-0.9613616466522217,1.2731521129608154,0.9976239800453186,-0.12855584919452667,-0.4506474435329437,0.0005602093297056854
1765156564.6744683,cf1,-0.9613616466522217,1.2731521129608154,0.9976239800453186,-0.12392672151327133,-0.45694684982299805,-0.0015218777116388083
1765156564.6823306,cf2,-0.7608166337013245,1.4370392560958862,1.0092442035675049,-0.27489230036735535,-0.14685900509357452,-0.011776573956012726
1765156564.6826832,cf2,-0.7608166337013245,1.4370392560958862,1.0092442035675049,-0.2717550992965698,-0.15674550831317902,-0.010861732997000217
1765156564.694225,cf1,-0.9641621708869934,1.2636477947235107,0.9972742795944214,-0.12392672151327133,-0.45694684982299805,-0.0015218777116388083
1765156564.694563,cf1,-0.9641621708869934,1.2636477947235107,0.9972742795944214,-0.11926145106554031,-0.4632183015346527,-0.0019974641036242247
1765156564.7024,cf2,-0.7667666077613831,1.4339580535888672,1.0089198350906372,-0.2717550992965698,-0.15674550831317902,-0.010861732997000217
1765156564.702858,cf2,-0.7667666077613831,1.4339580535888672,1.0089198350906372,-0.26882070302963257,-0.16643832623958588,-0.010407483205199242
1765156564.713602,cf1,-0.9669102430343628,1.2537851333618164,0.9969457983970642,-0.11926145106554031,-0.4632183015346527,-0.0019974641036242247
1765156564.7138443,cf1,-0.9669102430343628,1.2537851333618164,0.9969457983970642,-0.11401837319135666,-0.4684640169143677,-0.00045622687321156263
1765156564.7223258,cf2,-0.772650957107544,1.4306755065917969,1.008582353591919,-0.26882070302963257,-0.16643832623958588,-0.010407483205199242
1765156564.7227633,cf2,-0.772650957107544,1.4306755065917969,1.008582353591919,-0.2659620940685272,-0.1759394407272339,-0.010556286200881004
1765156564.7336621,cf1,-0.9694389700889587,1.2442365884780884,0.9966965317726135,-0.11401837319135666,-0.4684640169143677,-0.00045622687321156263
1765156564.7340078,cf1,-0.9694389700889587,1.2442365884780884,0.9966965317726135,-0.10921168327331543,-0.4741043448448181,0.002542381640523672
1765156564.7423205,cf2,-0.777628481388092,1.427767276763916,1.0082776546478271,-0.2659620940685272,-0.1759394407272339,-0.010556286200881004
1765156564.7426834,cf2,-0.777628481388092,1.427767276763916,1.0082776546478271,-0.2599351108074188,-0.1828608512878418,-0.011285807937383652
1765156564.7541351,cf1,-0.9719192981719971,1.234305500984192,0.9965232610702515,-0.10921168327331543,-0.4741043448448181,0.002542381640523672
1765156564.7545207,cf1,-0.9719192981719971,1.234305500984192,0.9965232610702515,-0.10384450852870941,-0.4786135256290436,0.006568330805748701
1765156564.7634861,cf2,-0.7835560441017151,1.4240036010742188,1.0078834295272827,-0.2599351108074188,-0.1828608512878418,-0.011285807937383652
1765156564.763771,cf2,-0.7835560441017151,1.4240036010742188,1.0078834295272827,-0.25487926602363586,-0.19087852537631989,-0.01246840599924326
1765156564.7740571,cf1,-0.974268913269043,1.2243480682373047,0.9964393377304077,-0.10384450852870941,-0.4786135256290436,0.006568330805748701
1765156564.7744722,cf1,-0.974268913269043,1.2243480682373047,0.9964393377304077,-0.09849253296852112,-0.48220568895339966,0.010427197441458702
1765156564.7837822,cf2,-0.7891824841499329,1.4202141761779785,1.0074772834777832,-0.25487926602363586,-0.19087852537631989,-0.01246840599924326
1765156564.7839422,cf2,-0.7891824841499329,1.4202141761779785,1.0074772834777832,-0.2506101429462433,-0.19864881038665771,-0.013762013055384159
1765156564.7940476,cf1,-0.9765188097953796,1.214224100112915,0.9964278936386108,-0.09849253296852112,-0.48220568895339966,0.010427197441458702
1765156564.7943888,cf1,-0.9765188097953796,1.214224100112915,0.9964278936386108,-0.09413503855466843,-0.4893004894256592,0.013810226693749428
1765156564.803314,cf2,-0.7952567338943481,1.4158194065093994,1.007006049156189,-0.2506101429462433,-0.19864881038665771,-0.013762013055384159
1765156564.8036067,cf2,-0.7952567338943481,1.4158194065093994,1.007006049156189,-0.24787645041942596,-0.2077043652534485,-0.014593579806387424
1765156564.8140557,cf1,-0.9786574840545654,1.2039916515350342,0.9964630007743835,-0.09413503855466843,-0.4893004894256592,0.013810226693749428
1765156564.814305,cf1,-0.9786574840545654,1.2039916515350342,0.9964630007743835,-0.08920760452747345,-0.4942191243171692,0.015651877969503403
1765156564.8233807,cf2,-0.8009676337242126,1.4114561080932617,1.0065475702285767,-0.24787645041942596,-0.2077043652534485,-0.014593579806387424
1765156564.8237305,cf2,-0.8009676337242126,1.4114561080932617,1.0065475702285767,-0.24508868157863617,-0.21669162809848785,-0.014502407051622868
1765156564.8340409,cf1,-0.9806841611862183,1.1936607360839844,0.9965112209320068,-0.08920760452747345,-0.4942191243171692,0.015651877969503403
1765156564.834403,cf1,-0.9806841611862183,1.1936607360839844,0.9965112209320068,-0.0837867334485054,-0.4969231188297272,0.015705756843090057
1765156564.8443458,cf2,-0.8064255118370056,1.4070500135421753,1.006110668182373,-0.24508868157863617,-0.21669162809848785,-0.014502407051622868
1765156564.8447757,cf2,-0.8064255118370056,1.4070500135421753,1.006110668182373,-0.24201920628547668,-0.22540239989757538,-0.013575316406786442
1765156564.8541174,cf1,-0.9825994372367859,1.1832369565963745,0.996539831161499,-0.0837867334485054,-0.4969231188297272,0.015705756843090057
1765156564.8543725,cf1,-0.9825994372367859,1.1832369565963745,0.996539831161499,-0.0787990540266037,-0.5012652277946472,0.014193560928106308
1765156564.863555,cf2,-0.8119377493858337,1.4023290872573853,1.0056899785995483,-0.24201920628547668,-0.22540239989757538,-0.013575316406786442
1765156564.8639152,cf2,-0.8119377493858337,1.4023290872573853,1.0056899785995483,-0.23727074265480042,-0.23372504115104675,-0.011564812622964382
1765156564.874068,cf1,-0.9844040870666504,1.1727272272109985,0.9965217709541321,-0.0787990540266037,-0.5012652277946472,0.014193560928106308
1765156564.8744173,cf1,-0.9844040870666504,1.1727272272109985,0.9965217709541321,-0.0737677589058876,-0.5052831172943115,0.011122049763798714
1765156564.8833685,cf2,-0.8170918226242065,1.3976945877075195,1.0053309202194214,-0.23727074265480042,-0.23372504115104675,-0.011564812622964382
1765156564.8838127,cf2,-0.8170918226242065,1.3976945877075195,1.0053309202194214,-0.23393350839614868,-0.24212858080863953,-0.009369926527142525
1765156564.8940048,cf1,-0.9860973358154297,1.1621395349502563,0.9964432716369629,-0.0737677589058876,-0.5052831172943115,0.011122049763798714
1765156564.894367,cf1,-0.9860973358154297,1.1621395349502563,0.9964432716369629,-0.06868059188127518,-0.5089184641838074,0.007301353849470615
1765156564.9036295,cf2,-0.8223019242286682,1.3927505016326904,1.0050005912780762,-0.23393350839614868,-0.24212858080863953,-0.009369926527142525
1765156564.903961,cf2,-0.8223019242286682,1.3927505016326904,1.0050005912780762,-0.23072896897792816,-0.2507757544517517,-0.00705359922721982
1765156564.91422,cf1,-0.9876782894134521,1.1514818668365479,0.9963088035583496,-0.06868059188127518,-0.5089184641838074,0.007301353849470615
1765156564.9145746,cf1,-0.9876782894134521,1.1514818668365479,0.9963088035583496,-0.06355354189872742,-0.5121702551841736,0.0036923096049576998
1765156564.9235058,cf2,-0.8274382948875427,1.3876155614852905,1.004704475402832,-0.23072896897792816,-0.2507757544517517,-0.00705359922721982
1765156564.9238408,cf2,-0.8274382948875427,1.3876155614852905,1.004704475402832,-0.227361261844635,-0.2593611776828766,-0.005043418612331152
1765156564.9333189,cf1,-0.9891515374183655,1.140706181526184,0.9961367845535278,-0.06355354189872742,-0.5121702551841736,0.0036923096049576998
1765156564.9336526,cf1,-0.9891515374183655,1.140706181526184,0.9961367845535278,-0.05795270577073097,-0.5135546326637268,0.0007984735420905054
1765156564.943367,cf2,-0.8324905037879944,1.3823009729385376,1.0044306516647339,-0.227361261844635,-0.2593611776828766,-0.005043418612331152
1765156564.9438517,cf2,-0.8324905037879944,1.3823009729385376,1.0044306516647339,-0.2238278090953827,-0.267832487821579,-0.0036218580789864063
1765156564.9540951,cf1,-0.990498960018158,1.129988431930542,0.9959625601768494,-0.05795270577073097,-0.5135546326637268,0.0007984735420905054
1765156564.9544668,cf1,-0.990498960018158,1.129988431930542,0.9959625601768494,-0.052803900092840195,-0.5159621834754944,-0.00033975092810578644
1765156564.9623036,cf2,-0.8379307389259338,1.3760781288146973,1.0041333436965942,-0.2238278090953827,-0.267832487821579,-0.0036218580789864063
1765156564.9625397,cf2,-0.8379307389259338,1.3760781288146973,1.0041333436965942,-0.22084948420524597,-0.27843931317329407,-0.003043993841856718
1765156564.9741292,cf1,-0.9917433261871338,1.1191105842590332,0.9958184957504272,-0.052803900092840195,-0.5159621834754944,-0.00033975092810578644
1765156564.9744055,cf1,-0.9917433261871338,1.1191105842590332,0.9958184957504272,-0.047255925834178925,-0.5165361166000366,0.0003468143695499748
1765156564.9823842,cf2,-0.8425828814506531,1.3706659078598022,1.0038663148880005,-0.22084948420524597,-0.27843931317329407,-0.003043993841856718
1765156564.9827323,cf2,-0.8425828814506531,1.3706659078598022,1.0038663148880005,-0.21621568500995636,-0.2857338488101959,-0.0036170745734125376
1765156564.994004,cf1,-0.9928635358810425,1.1083030700683594,0.9957402944564819,-0.047255925834178925,-0.5165361166000366,0.0003468143695499748
1765156564.9944057,cf1,-0.9928635358810425,1.1083030700683594,0.9957402944564819,-0.04214923083782196,-0.5182278752326965,0.0029309624806046486
1765156565.002343,cf2,-0.8473470211029053,1.3648353815078735,1.003561019897461,-0.21621568500995636,-0.2857338488101959,-0.0036170745734125376
1765156565.002651,cf2,-0.8473470211029053,1.3648353815078735,1.003561019897461,-0.21207529306411743,-0.293766587972641,-0.004736427683383226
1765156565.0139883,cf1,-0.9938752055168152,1.0974023342132568,0.9957464933395386,-0.04214923083782196,-0.5182278752326965,0.0029309624806046486
1765156565.0142517,cf1,-0.9938752055168152,1.0974023342132568,0.9957464933395386,-0.03706447780132294,-0.5197461843490601,0.006674858741462231
1765156565.0223193,cf2,-0.8520257472991943,1.358823537826538,1.0032269954681396,-0.21207529306411743,-0.293766587972641,-0.004736427683383226
1765156565.0225418,cf2,-0.8520257472991943,1.358823537826538,1.0032269954681396,-0.20688101649284363,-0.2998160123825073,-0.006328899879008532
1765156565.0341263,cf1,-0.994773805141449,1.0864681005477905,0.9958423972129822,-0.03706447780132294,-0.5197461843490601,0.006674858741462231
1765156565.0344357,cf1,-0.994773805141449,1.0864681005477905,0.9958423972129822,-0.032019808888435364,-0.5210076570510864,0.010756388306617737
1765156565.0423374,cf2,-0.8566021919250488,1.3526504039764404,1.0028648376464844,-0.20688101649284363,-0.2998160123825073,-0.006328899879008532
1765156565.0425467,cf2,-0.8566021919250488,1.3526504039764404,1.0028648376464844,-0.20233005285263062,-0.3073718845844269,-0.007900050841271877
1765156565.0539675,cf1,-0.9955606460571289,1.0755077600479126,0.9960159063339233,-0.032019808888435364,-0.5210076570510864,0.010756388306617737
1765156565.054258,cf1,-0.9955606460571289,1.0755077600479126,0.9960159063339233,-0.027016399428248405,-0.5220794081687927,0.014329170808196068
1765156565.062356,cf2,-0.8610712289810181,1.3463244438171387,1.0024895668029785,-0.20233005285263062,-0.3073718845844269,-0.007900050841271877
1765156565.0626538,cf2,-0.8610712289810181,1.3463244438171387,1.0024895668029785,-0.1984204798936844,-0.316572904586792,-0.008726815693080425
1765156565.0741236,cf1,-0.9962374567985535,1.0645241737365723,0.9962394833564758,-0.027016399428248405,-0.5220794081687927,0.014329170808196068
1765156565.0745046,cf1,-0.9962374567985535,1.0645241737365723,0.9962394833564758,-0.022046497091650963,-0.5229908227920532,0.016437474638223648
1765156565.0824137,cf2,-0.8654300570487976,1.339849591255188,1.0021206140518188,-0.1984204798936844,-0.316572904586792,-0.008726815693080425
1765156565.0827618,cf2,-0.8654300570487976,1.339849591255188,1.0021206140518188,-0.19270135462284088,-0.3216264247894287,-0.008580741472542286
1765156565.0941513,cf1,-0.9968059062957764,1.0535215139389038,0.9964781403541565,-0.022046497091650963,-0.5229908227920532,0.016437474638223648
1765156565.0945501,cf1,-0.9968059062957764,1.0535215139389038,0.9964781403541565,-0.01709681749343872,-0.5237172245979309,0.016731569543480873
1765156565.1036446,cf2,-0.869866132736206,1.3328988552093506,1.0017647743225098,-0.19270135462284088,-0.3216264247894287,-0.008580741472542286
1765156565.1039817,cf2,-0.869866132736206,1.3328988552093506,1.0017647743225098,-0.18701167404651642,-0.3279880881309509,-0.007216345053166151
1765156565.1141934,cf1,-0.9972672462463379,1.0425044298171997,0.9966967701911926,-0.01709681749343872,-0.5237172245979309,0.016731569543480873
1765156565.1145554,cf1,-0.9972672462463379,1.0425044298171997,0.9966967701911926,-0.012146834284067154,-0.5242424011230469,0.01522338017821312
1765156565.1234326,cf2,-0.8738119006156921,1.326454520225525,1.0014909505844116,-0.18701167404651642,-0.3279880881309509,-0.007216345053166151
1765156565.1237519,cf2,-0.8738119006156921,1.326454520225525,1.0014909505844116,-0.18261227011680603,-0.3362913131713867,-0.005045517347753048
1765156565.1341417,cf1,-0.9976219534873962,1.031477451324463,0.9968624711036682,-0.012146834284067154,-0.5242424011230469,0.01522338017821312
1765156565.134351,cf1,-0.9976219534873962,1.031477451324463,0.9968624711036682,-0.007183849345892668,-0.5245391130447388,0.011963533237576485
1765156565.1435575,cf2,-0.8778215050697327,1.3195728063583374,1.001255989074707,-0.18261227011680603,-0.3362913131713867,-0.005045517347753048
1765156565.1439211,cf2,-0.8778215050697327,1.3195728063583374,1.001255989074707,-0.17680250108242035,-0.3405260741710663,-0.002429107902571559
1765156565.1541054,cf1,-0.9978703856468201,1.0204461812973022,0.9969574809074402,-0.007183849345892668,-0.5245391130447388,0.011963533237576485
1765156565.1543567,cf1,-0.9978703856468201,1.0204461812973022,0.9969574809074402,-0.0022022975608706474,-0.5245784521102905,0.007807279005646706
1765156565.1633985,cf2,-0.8817288279533386,1.3125392198562622,1.0010738372802734,-0.17680250108242035,-0.3405260741710663,-0.002429107902571559
1765156565.1636124,cf2,-0.8817288279533386,1.3125392198562622,1.0010738372802734,-0.17178934812545776,-0.3466966450214386,0.0005039611714892089
1765156565.1753137,cf1,-0.9980083703994751,1.0089116096496582,0.9969832301139832,-0.0022022975608706474,-0.5245784521102905,0.007807279005646706
1765156565.175653,cf1,-0.9980083703994751,1.0089116096496582,0.9969832301139832,0.0033197663724422455,-0.5216575264930725,0.003085310338065028
1765156565.184366,cf2,-0.8853379487991333,1.305934190750122,1.0009499788284302,-0.17178934812545776,-0.3466966450214386,0.0005039611714892089
1765156565.184706,cf2,-0.8853379487991333,1.305934190750122,1.0009499788284302,-0.16682398319244385,-0.35277530550956726,0.002901810919865966
1765156565.1934593,cf1,-0.9980514049530029,1.001257300376892,0.9969680309295654,0.0033197663724422455,-0.5216575264930725,0.003085310338065028
1765156565.193697,cf1,-0.9980514049530029,1.001257300376892,0.9969680309295654,0.006014693062752485,-0.5259233713150024,0.0013930739369243383
1765156565.202405,cf2,-0.8892461657524109,1.2979965209960938,1.0008200407028198,-0.16682398319244385,-0.35277530550956726,0.002901810919865966
1765156565.2027516,cf2,-0.8892461657524109,1.2979965209960938,1.0008200407028198,-0.1618930995464325,-0.36024653911590576,0.004455348942428827
1765156565.2131011,cf1,-0.9980046153068542,0.9901371598243713,0.9969236254692078,0.006014693062752485,-0.5259233713150024,0.0013930739369243383
1765156565.2133577,cf1,-0.9980046153068542,0.9901371598243713,0.9969236254692078,0.0111180879175663,-0.525409996509552,-0.0009265250992029905
1765156565.2224593,cf2,-0.8927868604660034,1.2906614542007446,1.0007047653198242,-0.1618930995464325,-0.36024653911590576,0.004455348942428827
1765156565.2228093,cf2,-0.8927868604660034,1.2906614542007446,1.0007047653198242,-0.15697069466114044,-0.3658595383167267,0.004935828037559986
1765156565.2331889,cf1,-0.9978480935096741,0.9791301488876343,0.9968878626823425,0.0111180879175663,-0.525409996509552,-0.0009265250992029905
1765156565.2334354,cf1,-0.9978480935096741,0.9791301488876343,0.9968878626823425,0.016240764409303665,-0.5244658589363098,-0.0012671194272115827
1765156565.242285,cf2,-0.896262526512146,1.283119797706604,1.0005640983581543,-0.15697069466114044,-0.3658595383167267,0.004935828037559986
1765156565.2425647,cf2,-0.896262526512146,1.283119797706604,1.0005640983581543,-0.1522630751132965,-0.37172386050224304,0.004081281367689371
1765156565.253245,cf1,-0.9975816607475281,0.9681488275527954,0.9968968033790588,0.016240764409303665,-0.5244658589363098,-0.0012671194272115827
1765156565.2535465,cf1,-0.9975816607475281,0.9681488275527954,0.9968968033790588,0.021365884691476822,-0.5232830047607422,0.0002248696837341413
1765156565.26237,cf2,-0.899639368057251,1.275449514389038,1.0003846883773804,-0.1522630751132965,-0.37172386050224304,0.004081281367689371
1765156565.2627516,cf2,-0.899639368057251,1.275449514389038,1.0003846883773804,-0.14765603840351105,-0.37739095091819763,0.002029151190072298
1765156565.2752926,cf1,-0.9969137907028198,0.9519950747489929,0.9970033764839172,0.021365884691476822,-0.5232830047607422,0.0002248696837341413
1765156565.2755582,cf1,-0.9969137907028198,0.9519950747489929,0.9970033764839172,0.028767770156264305,-0.5119847059249878,0.004016661085188389
1765156565.2822933,cf2,-0.9029173851013184,1.2676665782928467,1.000160813331604,-0.14765603840351105,-0.37739095091819763,0.002029151190072298
1765156565.2825854,cf2,-0.9029173851013184,1.2676665782928467,1.000160813331604,-0.14312836527824402,-0.3826883137226105,-0.0004619630635716021
1765156565.2933176,cf1,-0.9968119859695435,0.9479100704193115,0.9971141219139099,0.028767770156264305,-0.5119847059249878,0.004016661085188389
1765156565.2936935,cf1,-0.9968119859695435,0.9479100704193115,0.9971141219139099,0.03128955513238907,-0.5117350816726685,0.005910408217459917
1765156565.302417,cf2,-0.9060972929000854,1.259778380393982,0.9999014139175415,-0.14312836527824402,-0.3826883137226105,-0.0004619630635716021
1765156565.302752,cf2,-0.9060972929000854,1.259778380393982,0.9999014139175415,-0.1386602371931076,-0.38764452934265137,-0.0026287883520126343
1765156565.313303,cf1,-0.9962294697761536,0.9371136426925659,0.9973377585411072,0.03128955513238907,-0.5117350816726685,0.005910408217459917
1765156565.313796,cf1,-0.9962294697761536,0.9371136426925659,0.9973377585411072,0.03653966635465622,-0.5099746584892273,0.009561470709741116
1765156565.322332,cf2,-0.9091796875,1.2517917156219482,0.9996362924575806,-0.1386602371931076,-0.38764452934265137,-0.0026287883520126343
1765156565.322693,cf2,-0.9091796875,1.2517917156219482,0.9996362924575806,-0.1342383176088333,-0.3923000693321228,-0.0030690552666783333
1765156565.3337114,cf1,-0.9955264329910278,0.9262596368789673,0.9976240396499634,0.03653966635465622,-0.5099746584892273,0.009561470709741116
1765156565.3339505,cf1,-0.9955264329910278,0.9262596368789673,0.9976240396499634,0.041873667389154434,-0.5083189606666565,0.01246171910315752
1765156565.3423858,cf2,-0.9113245010375977,1.2462248802185059,0.9994704127311707,-0.1342383176088333,-0.3923000693321228,-0.0030690552666783333
1765156565.342715,cf2,-0.9113245010375977,1.2462248802185059,0.9994704127311707,-0.12718240916728973,-0.3881906270980835,-0.0026377015747129917
1765156565.3533134,cf1,-0.9947084188461304,0.915443480014801,0.9979485869407654,0.041873667389154434,-0.5083189606666565,0.01246171910315752
1765156565.353765,cf1,-0.9947084188461304,0.915443480014801,0.9979485869407654,0.04721377417445183,-0.5065119862556458,0.01456119492650032
1765156565.362381,cf2,-0.9141878485679626,1.2382198572158813,0.9992635846138,-0.12718240916728973,-0.3881906270980835,-0.0026377015747129917
1765156565.3626678,cf2,-0.9141878485679626,1.2382198572158813,0.9992635846138,-0.12288550287485123,-0.39250317215919495,-0.0014178374549373984
1765156565.3733134,cf1,-0.9937775731086731,0.9046691656112671,0.9982832074165344,0.04721377417445183,-0.5065119862556458,0.01456119492650032
1765156565.3736982,cf1,-0.9937775731086731,0.9046691656112671,0.9982832074165344,0.052546292543411255,-0.5047280192375183,0.015796596184372902
1765156565.3823464,cf2,-0.9171557426452637,1.2294960021972656,0.999087393283844,-0.12288550287485123,-0.39250317215919495,-0.0014178374549373984
1765156565.3827426,cf2,-0.9171557426452637,1.2294960021972656,0.999087393283844,-0.11821920424699783,-0.3952665627002716,0.0005770085845142603
1765156565.3941057,cf1,-0.9927329421043396,0.8939303159713745,0.9985920786857605,0.052546292543411255,-0.5047280192375183,0.015796596184372902
1765156565.3944862,cf1,-0.9927329421043396,0.8939303159713745,0.9985920786857605,0.05795218050479889,-0.5031331777572632,0.01504201628267765
1765156565.403348,cf2,-0.919335126876831,1.223018765449524,0.999005138874054,-0.11821920424699783,-0.3952665627002716,0.0005770085845142603
1765156565.4036186,cf2,-0.919335126876831,1.223018765449524,0.999005138874054,-0.11481210589408875,-0.40355417132377625,0.0043375506065785885
1765156565.4140925,cf1,-0.9915705323219299,0.8831982612609863,0.9988435506820679,0.05795218050479889,-0.5031331777572632,0.01504201628267765
1765156565.4144895,cf1,-0.9915705323219299,0.8831982612609863,0.9988435506820679,0.06348922848701477,-0.49995848536491394,0.012077368795871735
1765156565.4236355,cf2,-0.9229506850242615,1.2110669612884521,0.9989201426506042,-0.11481210589408875,-0.40355417132377625,0.0043375506065785885
1765156565.4238846,cf2,-0.9229506850242615,1.2110669612884521,0.9989201426506042,-0.10967043787240982,-0.4039018750190735,0.007772897370159626
1765156565.434048,cf1,-0.9903016090393066,0.8725550174713135,0.9990110397338867,0.06348922848701477,-0.49995848536491394,0.012077368795871735
1765156565.4342973,cf1,-0.9903016090393066,0.8725550174713135,0.9990110397338867,0.06897417455911636,-0.4984208941459656,0.007688922341912985
1765156565.4434514,cf2,-0.9255997538566589,1.2020288705825806,0.9989200830459595,-0.10967043787240982,-0.4039018750190735,0.007772897370159626
1765156565.4436743,cf2,-0.9255997538566589,1.2020288705825806,0.9989200830459595,-0.10616552829742432,-0.4102455675601959,0.010681014508008957
1765156565.4546146,cf1,-0.9889155030250549,0.8619206547737122,0.9990845322608948,0.06897417455911636,-0.4984208941459656,0.007688922341912985
1765156565.454881,cf1,-0.9889155030250549,0.8619206547737122,0.9990845322608948,0.07450805604457855,-0.49680715799331665,0.0023836540058255196
1765156565.4635236,cf2,-0.9275056719779968,1.1954669952392578,0.9989339709281921,-0.10616552829742432,-0.4102455675601959,0.010681014508008957
1765156565.4637332,cf2,-0.9275056719779968,1.1954669952392578,0.9989339709281921,-0.10061712563037872,-0.4075906574726105,0.011503219604492188
1765156565.4741175,cf1,-0.9874149560928345,0.8513272404670715,0.9990699291229248,0.07450805604457855,-0.49680715799331665,0.0023836540058255196
1765156565.474374,cf1,-0.9874149560928345,0.8513272404670715,0.9990699291229248,0.08005202561616898,-0.4949096143245697,-0.0028299749828875065
1765156565.4834871,cf2,-0.9297040700912476,1.187390685081482,0.9989405274391174,-0.10061712563037872,-0.4075906574726105,0.011503219604492188
1765156565.4837055,cf2,-0.9297040700912476,1.187390685081482,0.9989405274391174,-0.09660887718200684,-0.4112924635410309,0.011170243844389915
1765156565.4934344,cf1,-0.9857999682426453,0.8407832384109497,0.9989931583404541,0.08005202561616898,-0.4949096143245697,-0.0028299749828875065
1765156565.4936619,cf1,-0.9857999682426453,0.8407832384109497,0.9989931583404541,0.08557440340518951,-0.4926583766937256,-0.006884407717734575
1765156565.5037818,cf2,-0.9320905804634094,1.1781009435653687,0.9989213347434998,-0.09660887718200684,-0.4112924635410309,0.011170243844389915
1765156565.504132,cf2,-0.9320905804634094,1.1781009435653687,0.9989213347434998,-0.0924735888838768,-0.4148279130458832,0.009494033642113209
1765156565.5133717,cf1,-0.9840648174285889,0.8302711248397827,0.9988923072814941,0.08557440340518951,-0.4926583766937256,-0.006884407717734575
1765156565.5138888,cf1,-0.9840648174285889,0.8302711248397827,0.9988923072814941,0.09104425460100174,-0.48829197883605957,-0.009322685189545155
1765156565.522402,cf2,-0.9338790774345398,1.1710374355316162,0.9988751411437988,-0.0924735888838768,-0.4148279130458832,0.009494033642113209
1765156565.522845,cf2,-0.9338790774345398,1.1710374355316162,0.9988751411437988,-0.09088479727506638,-0.4202984869480133,0.008742914535105228
1765156565.5334477,cf1,-0.9822248816490173,0.819879949092865,0.9988162517547607,0.09104425460100174,-0.48829197883605957,-0.009322685189545155
1765156565.5337958,cf1,-0.9822248816490173,0.819879949092865,0.9988162517547607,0.0964316576719284,-0.48512396216392517,-0.009306386113166809
1765156565.5423298,cf2,-0.9357560276985168,1.1629122495651245,0.9988042712211609,-0.09088479727506638,-0.4202984869480133,0.008742914535105228
1765156565.5426922,cf2,-0.9357560276985168,1.1629122495651245,0.9988042712211609,-0.08595268428325653,-0.42239922285079956,0.0072671095840632915
1765156565.5534098,cf1,-0.9802660942077637,0.8095399737358093,0.9988089203834534,0.0964316576719284,-0.48512396216392517,-0.009306386113166809
1765156565.5537314,cf1,-0.9802660942077637,0.8095399737358093,0.9988089203834534,0.10174663364887238,-0.4815099537372589,-0.006978681311011314
1765156565.5623398,cf2,-0.937773585319519,1.153887152671814,0.9986948370933533,-0.08595268428325653,-0.42239922285079956,0.0072671095840632915
1765156565.5628831,cf2,-0.937773585319519,1.153887152671814,0.9986948370933533,-0.0819719061255455,-0.42759275436401367,0.006142577156424522
1765156565.5732918,cf1,-0.9781937599182129,0.7992888689041138,0.9989050626754761,0.10174663364887238,-0.4815099537372589,-0.006978681311011314
1765156565.5735734,cf1,-0.9781937599182129,0.7992888689041138,0.9989050626754761,0.10696771740913391,-0.4773566424846649,-0.002798424568027258
1765156565.582425,cf2,-0.9397106766700745,1.14470636844635,0.9985643029212952,-0.0819719061255455,-0.42759275436401367,0.006142577156424522
1765156565.5829093,cf2,-0.9397106766700745,1.14470636844635,0.9985643029212952,-0.07790685445070267,-0.43295958638191223,0.005305839236825705
1765156565.5941129,cf1,-0.9760103225708008,0.7891389727592468,0.9991195201873779,0.10696771740913391,-0.4773566424846649,-0.002798424568027258
1765156565.5943398,cf1,-0.9760103225708008,0.7891389727592468,0.9991195201873779,0.11208807677030563,-0.4726950526237488,0.002407332183793187
1765156565.6035523,cf2,-0.941770613193512,1.1344362497329712,0.9984137415885925,-0.07790685445070267,-0.43295958638191223,0.005305839236825705
1765156565.6039066,cf2,-0.941770613193512,1.1344362497329712,0.9984137415885925,-0.07365472614765167,-0.43923699855804443,0.005083336960524321
1765156565.6136675,cf1,-0.9736822247505188,0.7789636254310608,0.99945068359375,0.11208807677030563,-0.4726950526237488,0.002407332183793187
1765156565.6140099,cf1,-0.9736822247505188,0.7789636254310608,0.99945068359375,0.1169632151722908,-0.4642837345600128,0.0076009007170796394
1765156565.623468,cf2,-0.9432918429374695,1.1260254383087158,0.9982965588569641,-0.07365472614765167,-0.43923699855804443,0.005083336960524321
1765156565.6239386,cf2,-0.9432918429374695,1.1260254383087158,0.9982965588569641,-0.06915484368801117,-0.44425246119499207,0.005538830533623695
1765156565.6333663,cf1,-0.9713150858879089,0.7691810131072998,0.9998624324798584,0.1169632151722908,-0.4642837345600128,0.0076009007170796394
1765156565.633705,cf1,-0.9713150858879089,0.7691810131072998,0.9998624324798584,0.1218322366476059,-0.45838674902915955,0.011337602511048317
1765156565.6435947,cf2,-0.9449259042739868,1.1165480613708496,0.9981929063796997,-0.06915484368801117,-0.44425246119499207,0.005538830533623695
1765156565.6439288,cf2,-0.9449259042739868,1.1165480613708496,0.9981929063796997,-0.06414247304201126,-0.4476121962070465,0.006184393540024757
1765156565.6532693,cf1,-0.9682214260101318,0.7574385404586792,1.0004196166992188,0.1218322366476059,-0.45838674902915955,0.011337602511048317
1765156565.6537216,cf1,-0.9682214260101318,0.7574385404586792,1.0004196166992188,0.12738148868083954,-0.454312264919281,0.01320314034819603
1765156565.663332,cf2,-0.946454644203186,1.1069650650024414,0.9981226921081543,-0.06414247304201126,-0.4476121962070465,0.006184393540024757
1765156565.6638505,cf2,-0.946454644203186,1.1069650650024414,0.9981226921081543,-0.0593549944460392,-0.4524012506008148,0.007015243638306856
1765156565.6735516,cf1,-0.966383695602417,0.7505022287368774,1.0007517337799072,0.12738148868083954,-0.454312264919281,0.01320314034819603
1765156565.6738966,cf1,-0.966383695602417,0.7505022287368774,1.0007517337799072,0.13028638064861298,-0.44086453318595886,0.011980151757597923
1765156565.6823554,cf2,-0.9478766322135925,1.0972506999969482,0.9980906844139099,-0.0593549944460392,-0.4524012506008148,0.007015243638306856
1765156565.6827083,cf2,-0.9478766322135925,1.0972506999969482,0.9980906844139099,-0.05394217371940613,-0.4554397761821747,0.007929489016532898
1765156565.6935055,cf1,-0.9637294411659241,0.7411352396011353,1.0011597871780396,0.13028638064861298,-0.44086453318595886,0.011980151757597923
1765156565.6937644,cf1,-0.9637294411659241,0.7411352396011353,1.0011597871780396,0.13553020358085632,-0.43608278036117554,0.009375964291393757
1765156565.7023194,cf2,-0.9491719603538513,1.087566614151001,0.9980986714363098,-0.05394217371940613,-0.4554397761821747,0.007929489016532898
1765156565.702637,cf2,-0.9491719603538513,1.087566614151001,0.9980986714363098,-0.048799701035022736,-0.459075003862381,0.008806711994111538
1765156565.713511,cf1,-0.9609315991401672,0.7317483425140381,1.001488447189331,0.13553020358085632,-0.43608278036117554,0.009375964291393757
1765156565.713883,cf1,-0.9609315991401672,0.7317483425140381,1.001488447189331,0.14039139449596405,-0.4295184016227722,0.004672111012041569
1765156565.7236252,cf2,-0.9503602981567383,1.0777246952056885,0.9981434345245361,-0.048799701035022736,-0.459075003862381,0.008806711994111538
1765156565.7239413,cf2,-0.9503602981567383,1.0777246952056885,0.9981434345245361,-0.043128401041030884,-0.4608791768550873,0.009367874823510647
1765156565.7338083,cf1,-0.9580336809158325,0.7224959135055542,1.001715064048767,0.14039139449596405,-0.4295184016227722,0.004672111012041569
1765156565.73406,cf1,-0.9580336809158325,0.7224959135055542,1.001715064048767,0.14521457254886627,-0.42273837327957153,-0.0003943587653338909
1765156565.7434332,cf2,-0.951420783996582,1.0679353475570679,0.9982203841209412,-0.043128401041030884,-0.4608791768550873,0.009367874823510647
1765156565.7437012,cf2,-0.951420783996582,1.0679353475570679,0.9982203841209412,-0.037777066230773926,-0.4632958173751831,0.009676326997578144
1765156565.7534945,cf1,-0.9550386667251587,0.7133896350860596,1.0018436908721924,0.14521457254886627,-0.42273837327957153,-0.0003943587653338909
1765156565.7537882,cf1,-0.9550386667251587,0.7133896350860596,1.0018436908721924,0.15007436275482178,-0.41593945026397705,-0.004669803194701672
1765156565.7634966,cf2,-0.95236736536026,1.0580618381500244,0.9983246922492981,-0.037777066230773926,-0.4632958173751831,0.009676326997578144
1765156565.7638228,cf2,-0.95236736536026,1.0580618381500244,0.9983246922492981,-0.032393936067819595,-0.4651118814945221,0.009601288475096226
1765156565.7733965,cf1,-0.9519424438476562,0.7044239640235901,1.0018937587738037,0.15007436275482178,-0.41593945026397705,-0.004669803194701672
1765156565.773657,cf1,-0.9519424438476562,0.7044239640235901,1.0018937587738037,0.15503421425819397,-0.4092613458633423,-0.00813121534883976
1765156565.783622,cf2,-0.9531954526901245,1.0481663942337036,0.9984500408172607,-0.032393936067819595,-0.4651118814945221,0.009601288475096226
1765156565.7838302,cf2,-0.9531954526901245,1.0481663942337036,0.9984500408172607,-0.027010595425963402,-0.4662323594093323,0.009294901043176651
1765156565.7936919,cf1,-0.9487432837486267,0.6955993175506592,1.001900553703308,0.15503421425819397,-0.4092613458633423,-0.00813121534883976
1765156565.7940316,cf1,-0.9487432837486267,0.6955993175506592,1.001900553703308,0.16004593670368195,-0.4025988280773163,-0.009868677705526352
1765156565.8037152,cf2,-0.9539063572883606,1.0382652282714844,0.998590350151062,-0.027010595425963402,-0.4662323594093323,0.009294901043176651
1765156565.8040688,cf2,-0.9539063572883606,1.0382652282714844,0.998590350151062,-0.021677814424037933,-0.4666883945465088,0.008778980933129787
1765156565.8141623,cf1,-0.9454388618469238,0.6869174242019653,1.0019060373306274,0.16004593670368195,-0.4025988280773163,-0.009868677705526352
1765156565.8145354,cf1,-0.9454388618469238,0.6869174242019653,1.0019060373306274,0.16510070860385895,-0.39591801166534424,-0.009577632881700993
1765156565.8236063,cf2,-0.9545020461082458,1.0283695459365845,0.9987428784370422,-0.021677814424037933,-0.4666883945465088,0.008778980933129787
1765156565.823939,cf2,-0.9545020461082458,1.0283695459365845,0.9987428784370422,-0.01642484962940216,-0.46653640270233154,0.008120682090520859
1765156565.8333466,cf1,-0.9409794211387634,0.6759757995605469,1.0019441843032837,0.16510070860385895,-0.39591801166534424,-0.009577632881700993
1765156565.8335934,cf1,-0.9409794211387634,0.6759757995605469,1.0019441843032837,0.1713254451751709,-0.38914427161216736,-0.007568703033030033
1765156565.8422873,cf2,-0.9549849033355713,1.0184426307678223,0.998904287815094,-0.01642484962940216,-0.46653640270233154,0.008120682090520859
1765156565.8425586,cf2,-0.9549849033355713,1.0184426307678223,0.998904287815094,-0.01096745952963829,-0.4642663896083832,0.0071828593499958515
1765156565.8536499,cf1,-0.9382387399673462,0.6693910360336304,1.0020442008972168,0.1713254451751709,-0.38914427161216736,-0.007568703033030033
1765156565.8539991,cf1,-0.9382387399673462,0.6693910360336304,1.0020442008972168,0.17340071499347687,-0.37582001090049744,-0.004497169982641935
1765156565.8638124,cf2,-0.955388069152832,1.0057382583618164,0.99912029504776,-0.01096745952963829,-0.4642663896083832,0.0071828593499958515
1765156565.8641276,cf2,-0.955388069152832,1.0057382583618164,0.99912029504776,-0.005012320354580879,-0.4644676744937897,0.006621725857257843
1765156565.873133,cf1,-0.9339743256568909,0.6598715782165527,1.002236247062683,0.17340071499347687,-0.37582001090049744,-0.004497169982641935
1765156565.873372,cf1,-0.9339743256568909,0.6598715782165527,1.002236247062683,0.17966687679290771,-0.37098023295402527,-0.0011022115359082818
1765156565.8834524,cf2,-0.9556236267089844,0.9957491159439087,0.9993041157722473,-0.005012320354580879,-0.4644676744937897,0.006621725857257843
1765156565.8837392,cf2,-0.9556236267089844,0.9957491159439087,0.9993041157722473,-4.606647416949272e-05,-0.46336281299591064,0.006512805353850126
1765156565.8937323,cf1,-0.9301824569702148,0.6517645716667175,1.0024787187576294,0.17966687679290771,-0.37098023295402527,-0.0011022115359082818
1765156565.8940809,cf1,-0.9301824569702148,0.6517645716667175,1.0024787187576294,0.18405216932296753,-0.36220476031303406,0.0017594301607459784
1765156565.9035292,cf2,-0.9557491540908813,0.9859789609909058,0.9994956851005554,-4.606647416949272e-05,-0.46336281299591064,0.006512805353850126
1765156565.9038439,cf2,-0.9557491540908813,0.9859789609909058,0.9994956851005554,0.004832089878618717,-0.46139127016067505,0.006724163424223661
1765156565.9137454,cf1,-0.9260714054107666,0.6434136033058167,1.0027720928192139,0.18405216932296753,-0.36220476031303406,0.0017594301607459784
1765156565.9139698,cf1,-0.9260714054107666,0.6434136033058167,1.0027720928192139,0.18995113670825958,-0.35615772008895874,0.00405412632972002
1765156565.9236436,cf2,-0.9557696580886841,0.9762648344039917,0.9997049570083618,0.004832089878618717,-0.46139127016067505,0.006724163424223661
1765156565.9239829,cf2,-0.9557696580886841,0.9762648344039917,0.9997049570083618,0.009627501480281353,-0.45917558670043945,0.006858266890048981
1765156565.9337332,cf1,-0.9233134388923645,0.6379183530807495,1.0029821395874023,0.18995113670825958,-0.35615772008895874,0.00405412632972002
1765156565.9340923,cf1,-0.9233134388923645,0.6379183530807495,1.0029821395874023,0.190961554646492,-0.34143438935279846,0.004620429594069719
1765156565.943371,cf2,-0.9556891322135925,0.9666034579277039,0.9999291896820068,0.009627501480281353,-0.45917558670043945,0.006858266890048981
1765156565.9438477,cf2,-0.9556891322135925,0.9666034579277039,0.9999291896820068,0.014296403154730797,-0.4566245973110199,0.00703069381415844
1765156565.9535947,cf1,-0.9193382859230042,0.6304671168327332,1.0032386779785156,0.190961554646492,-0.34143438935279846,0.004620429594069719
1765156565.9538407,cf1,-0.9193382859230042,0.6304671168327332,1.0032386779785156,0.1960057020187378,-0.3338203430175781,0.0035610797349363565
1765156565.962391,cf2,-0.955689549446106,0.9614336490631104,1.0000613927841187,0.014296403154730797,-0.4566245973110199,0.00703069381415844
1765156565.962733,cf2,-0.955689549446106,0.9614336490631104,1.0000613927841187,0.016472484916448593,-0.4533250629901886,0.0071279932744801044
1765156565.973461,cf1,-0.9151921272277832,0.6230526566505432,1.0034478902816772,0.1960057020187378,-0.3338203430175781,0.0035610797349363565
1765156565.9738588,cf1,-0.9151921272277832,0.6230526566505432,1.0034478902816772,0.2011735439300537,-0.326231449842453,0.0009311529574915767
1765156565.9823642,cf2,-0.9554578065872192,0.952858030796051,1.0002771615982056,0.016472484916448593,-0.4533250629901886,0.0071279932744801044
1765156565.9827473,cf2,-0.9554578065872192,0.952858030796051,1.0002771615982056,0.021003590896725655,-0.45012184977531433,0.007293068803846836
1765156565.9931688,cf1,-0.9109423756599426,0.6158047914505005,1.0035874843597412,0.2011735439300537,-0.326231449842453,0.0009311529574915767
1765156565.9935904,cf1,-0.9109423756599426,0.6158047914505005,1.0035874843597412,0.2063295543193817,-0.31842276453971863,-0.002131206216290593
1765156566.0022745,cf2,-0.9551374912261963,0.9433579444885254,1.000525951385498,0.021003590896725655,-0.45012184977531433,0.007293068803846836
1765156566.0025647,cf2,-0.9551374912261963,0.9433579444885254,1.000525951385498,0.025476666167378426,-0.44706711173057556,0.007191767916083336
1765156566.013495,cf1,-0.906591534614563,0.6087320446968079,1.0036506652832031,0.2063295543193817,-0.31842276453971863,-0.002131206216290593
1765156566.0138736,cf1,-0.906591534614563,0.6087320446968079,1.0036506652832031,0.21159057319164276,-0.3105858564376831,-0.005200457759201527
1765156566.0223787,cf2,-0.9547069668769836,0.9330340027809143,1.000805139541626,0.025476666167378426,-0.44706711173057556,0.007191767916083336
1765156566.0227501,cf2,-0.9547069668769836,0.9330340027809143,1.000805139541626,0.029849335551261902,-0.4438341557979584,0.007381097879260778
1765156566.0336485,cf1,-0.9020065665245056,0.6016545295715332,1.003641963005066,0.21159057319164276,-0.3105858564376831,-0.005200457759201527
1765156566.034009,cf1,-0.9020065665245056,0.6016545295715332,1.003641963005066,0.21633315086364746,-0.3002717196941376,-0.008266902528703213
1765156566.0423956,cf2,-0.954188883304596,0.9236648678779602,1.0010648965835571,0.029849335551261902,-0.4438341557979584,0.007381097879260778
1765156566.0427697,cf2,-0.954188883304596,0.9236648678779602,1.0010648965835571,0.03422025591135025,-0.44061753153800964,0.008143029175698757
1765156566.0540752,cf1,-0.8962212204933167,0.5933127999305725,1.0035603046417236,0.21633315086364746,-0.3002717196941376,-0.008266902528703213
1765156566.0544865,cf1,-0.8962212204933167,0.5933127999305725,1.0035603046417236,0.22397315502166748,-0.29419901967048645,-0.010241394862532616
1765156566.0634472,cf2,-0.9535747766494751,0.9143577218055725,1.0013271570205688,0.03422025591135025,-0.44061753153800964,0.008143029175698757
1765156566.0638046,cf2,-0.9535747766494751,0.9143577218055725,1.0013271570205688,0.03866313397884369,-0.4375991225242615,0.008834339678287506
1765156566.0740452,cf1,-0.8913751244544983,0.5866239666938782,1.0034732818603516,0.22397315502166748,-0.29419901967048645,-0.010241394862532616
1765156566.074331,cf1,-0.8913751244544983,0.5866239666938782,1.0034732818603516,0.22998279333114624,-0.28673869371414185,-0.01081092655658722
1765156566.0837195,cf2,-0.95290207862854,0.9059287905693054,1.001564621925354,0.03866313397884369,-0.4375991225242615,0.008834339678287506
1765156566.0840647,cf2,-0.95290207862854,0.9059287905693054,1.001564621925354,0.04327162355184555,-0.4332486093044281,0.009256478399038315
1765156566.0941288,cf1,-0.8865410685539246,0.5802913308143616,1.0034067630767822,0.22998279333114624,-0.28673869371414185,-0.01081092655658722
1765156566.0944533,cf1,-0.8865410685539246,0.5802913308143616,1.0034067630767822,0.23555795848369598,-0.27855637669563293,-0.009857038035988808
1765156566.1035352,cf2,-0.9520524740219116,0.8959147930145264,1.0018384456634521,0.04327162355184555,-0.4332486093044281,0.009256478399038315
1765156566.103882,cf2,-0.9520524740219116,0.8959147930145264,1.0018384456634521,0.04787398502230644,-0.43060386180877686,0.009109408594667912
1765156566.1141489,cf1,-0.8816023468971252,0.5741551518440247,1.003387212753296,0.23555795848369598,-0.27855637669563293,-0.009857038035988808
1765156566.1144829,cf1,-0.8816023468971252,0.5741551518440247,1.003387212753296,0.24099783599376678,-0.2700919508934021,-0.007895102724432945
1765156566.1234467,cf2,-0.9512054324150085,0.8876339793205261,1.002049207687378,0.04787398502230644,-0.43060386180877686,0.009109408594667912
1765156566.1237764,cf2,-0.9512054324150085,0.8876339793205261,1.002049207687378,0.052610691636800766,-0.42816656827926636,0.008719795383512974
1765156566.1339622,cf1,-0.8768875598907471,0.568579375743866,1.0034277439117432,0.24099783599376678,-0.2700919508934021,-0.007895102724432945
1765156566.1343021,cf1,-0.8768875598907471,0.568579375743866,1.0034277439117432,0.24367256462574005,-0.25853702425956726,-0.005550746340304613
1765156566.1423159,cf2,-0.9502002596855164,0.8785343766212463,1.0022517442703247,0.052610691636800766,-0.42816656827926636,0.008719795383512974
1765156566.1426878,cf2,-0.9502002596855164,0.8785343766212463,1.0022517442703247,0.05753336846828461,-0.4259012043476105,0.007654735352844
1765156566.1540725,cf1,-0.871450662612915,0.5625181198120117,1.0035139322280884,0.24367256462574005,-0.25853702425956726,-0.005550746340304613
1765156566.1544447,cf1,-0.871450662612915,0.5625181198120117,1.0035139322280884,0.24957863986492157,-0.2502400279045105,-0.0032286541536450386
1765156566.163624,cf2,-0.9490798711776733,0.8694362640380859,1.002418875694275,0.05753336846828461,-0.4259012043476105,0.007654735352844
1765156566.1639564,cf2,-0.9490798711776733,0.8694362640380859,1.002418875694275,0.06252031773328781,-0.4205428659915924,0.005966820754110813
1765156566.1740782,cf1,-0.8661935925483704,0.5569722652435303,1.0036391019821167,0.24957863986492157,-0.2502400279045105,-0.0032286541536450386
1765156566.1744084,cf1,-0.8661935925483704,0.5569722652435303,1.0036391019821167,0.25432637333869934,-0.2406003475189209,-0.00141048151999712
1765156566.183471,cf2,-0.9478553533554077,0.8604321479797363,1.0025461912155151,0.06252031773328781,-0.4205428659915924,0.005966820754110813
1765156566.1838017,cf2,-0.9478553533554077,0.8604321479797363,1.0025461912155151,0.06794019043445587,-0.4187464714050293,0.004047339782118797
1765156566.1942146,cf1,-0.8625069856643677,0.5531573295593262,1.0037447214126587,0.25432637333869934,-0.2406003475189209,-0.00141048151999712
1765156566.1944368,cf1,-0.8625069856643677,0.5531573295593262,1.0037447214126587,0.253237247467041,-0.22583894431591034,-0.0005169427022337914
1765156566.203534,cf2,-0.9465281963348389,0.8515187501907349,1.002640724182129,0.06794019043445587,-0.4187464714050293,0.004047339782118797
1765156566.2038465,cf2,-0.9465281963348389,0.8515187501907349,1.002640724182129,0.07324019819498062,-0.41666677594184875,0.002313304925337434
1765156566.2133448,cf1,-0.8581806421279907,0.5489083528518677,1.0038487911224365,0.253237247467041,-0.22583894431591034,-0.0005169427022337914
1765156566.2136836,cf1,-0.8581806421279907,0.5489083528518677,1.0038487911224365,0.2582719624042511,-0.2235991656780243,-0.00023040334053803235
1765156566.2236085,cf2,-0.9450806975364685,0.8426047563552856,1.0027155876159668,0.07324019819498062,-0.41666677594184875,0.002313304925337434
1765156566.2239692,cf2,-0.9450806975364685,0.8426047563552856,1.0027155876159668,0.07861977815628052,-0.4145491421222687,0.001320366864092648
1765156566.233361,cf1,-0.8531134724617004,0.5443530678749084,1.003946304321289,0.2582719624042511,-0.2235991656780243,-0.00023040334053803235
1765156566.2338367,cf1,-0.8531134724617004,0.5443530678749084,1.003946304321289,0.2624031603336334,-0.21226736903190613,-0.000876912847161293
1765156566.2435334,cf2,-0.9435163736343384,0.8337370753288269,1.0027896165847778,0.07861977815628052,-0.4145491421222687,0.001320366864092648
1765156566.2437696,cf2,-0.9435163736343384,0.8337370753288269,1.0027896165847778,0.08407355844974518,-0.41232964396476746,0.0010668872855603695
1765156566.2533236,cf1,-0.8476032018661499,0.5396143794059753,1.0040181875228882,0.2624031603336334,-0.21226736903190613,-0.000876912847161293
1765156566.253634,cf1,-0.8476032018661499,0.5396143794059753,1.0040181875228882,0.2667096257209778,-0.20166656374931335,-0.001866402686573565
1765156566.263385,cf2,-0.9418357014656067,0.8249229192733765,1.0028778314590454,0.08407355844974518,-0.41232964396476746,0.0010668872855603695
1765156566.2636786,cf2,-0.9418357014656067,0.8249229192733765,1.0028778314590454,0.08922139555215836,-0.4081365168094635,0.001086458913050592
1765156566.2736316,cf1,-0.8419914841651917,0.535087525844574,1.0040479898452759,0.2667096257209778,-0.20166656374931335,-0.001866402686573565
1765156566.273849,cf1,-0.8419914841651917,0.535087525844574,1.0040479898452759,0.2701060175895691,-0.1900678277015686,-0.00283966027200222
1765156566.2837021,cf2,-0.9399506449699402,0.8157814741134644,1.002996802330017,0.08922139555215836,-0.4081365168094635,0.001086458913050592
1765156566.2838068,cf2,-0.9399506449699402,0.8157814741134644,1.002996802330017,0.0945553332567215,-0.40289509296417236,0.0015688781859353185
1765156566.2935693,cf1,-0.8364668488502502,0.5309095978736877,1.004032015800476,0.2701060175895691,-0.1900678277015686,-0.00283966027200222
1765156566.2939098,cf1,-0.8364668488502502,0.5309095978736877,1.004032015800476,0.27395105361938477,-0.1790391057729721,-0.004206990823149681
1765156566.3032212,cf2,-0.9381340742111206,0.8074865937232971,1.0031394958496094,0.0945553332567215,-0.40289509296417236,0.0015688781859353185
1765156566.3035636,cf2,-0.9381340742111206,0.8074865937232971,1.0031394958496094,0.09941216558218002,-0.39879611134529114,0.002166843507438898
1765156566.313197,cf1,-0.8305019736289978,0.5267265439033508,1.003972053527832,0.27395105361938477,-0.1790391057729721,-0.004206990823149681
1765156566.3135233,cf1,-0.8305019736289978,0.5267265439033508,1.003972053527832,0.2782244384288788,-0.1675017923116684,-0.00543879484757781
1765156566.3234107,cf2,-0.936131477355957,0.7989141941070557,1.0033154487609863,0.09941216558218002,-0.39879611134529114,0.002166843507438898
1765156566.3237705,cf2,-0.936131477355957,0.7989141941070557,1.0033154487609863,0.10429153591394424,-0.3950098156929016,0.002888189163058996
1765156566.3332675,cf1,-0.82547527551651,0.5233913660049438,1.0038892030715942,0.2782244384288788,-0.1675017923116684,-0.00543879484757781
1765156566.3337946,cf1,-0.82547527551651,0.5233913660049438,1.0038892030715942,0.2801174819469452,-0.15488983690738678,-0.006445662118494511
1765156566.3435125,cf2,-0.9340223670005798,0.7904127240180969,1.0035169124603271,0.10429153591394424,-0.3950098156929016,0.002888189163058996
1765156566.3437293,cf2,-0.9340223670005798,0.7904127240180969,1.0035169124603271,0.10901252180337906,-0.39080488681793213,0.0035389363765716553
1765156566.353447,cf1,-0.8188121318817139,0.5194097757339478,1.003747582435608,0.2801174819469452,-0.15488983690738678,-0.006445662118494511
1765156566.3537152,cf1,-0.8188121318817139,0.5194097757339478,1.003747582435608,0.28771477937698364,-0.14522945880889893,-0.006893368903547525
1765156566.3636048,cf2,-0.9318150877952576,0.7820106148719788,1.003735065460205,0.10901252180337906,-0.39080488681793213,0.0035389363765716553
1765156566.363817,cf2,-0.9318150877952576,0.7820106148719788,1.003735065460205,0.11358197033405304,-0.3862202763557434,0.003944266587495804
1765156566.3740945,cf1,-0.8123216032981873,0.5158525109291077,1.0035936832427979,0.28771477937698364,-0.14522945880889893,-0.006893368903547525
1765156566.374457,cf1,-0.8123216032981873,0.5158525109291077,1.0035936832427979,0.29341015219688416,-0.13359835743904114,-0.006592833437025547
1765156566.383765,cf2,-0.9295117855072021,0.7737142443656921,1.0039596557617188,0.11358197033405304,-0.3862202763557434,0.003944266587495804
1765156566.3840177,cf2,-0.9295117855072021,0.7737142443656921,1.0039596557617188,0.11804604530334473,-0.38131284713745117,0.0038260621950030327
1765156566.3940685,cf1,-0.8061988949775696,0.5127748847007751,1.0034512281417847,0.29341015219688416,-0.13359835743904114,-0.006592833437025547
1765156566.3943,cf1,-0.8061988949775696,0.5127748847007751,1.0034512281417847,0.2991746664047241,-0.1227063238620758,-0.0054739066399633884
1765156566.4035273,cf2,-0.9271149635314941,0.7655295133590698,1.004178762435913,0.11804604530334473,-0.38131284713745117,0.0038260621950030327
1765156566.4039,cf2,-0.9271149635314941,0.7655295133590698,1.004178762435913,0.12241287529468536,-0.37607342004776,0.0031344851013273
1765156566.4142394,cf1,-0.799839437007904,0.5098738074302673,1.003317952156067,0.2991746664047241,-0.1227063238620758,-0.0054739066399633884
1765156566.4146376,cf1,-0.799839437007904,0.5098738074302673,1.003317952156067,0.30532270669937134,-0.11199014633893967,-0.0036373657640069723
1765156566.4235325,cf2,-0.9246265292167664,0.7574625611305237,1.0043812990188599,0.12241287529468536,-0.37607342004776,0.0031344851013273
1765156566.423861,cf2,-0.9246265292167664,0.7574625611305237,1.0043812990188599,0.12671972811222076,-0.3705092668533325,0.0019476088928058743
1765156566.4341097,cf1,-0.7933465242385864,0.5071998834609985,1.0032024383544922,0.30532270669937134,-0.11199014633893967,-0.0036373657640069723
1765156566.4344604,cf1,-0.7933465242385864,0.5071998834609985,1.0032024383544922,0.31157249212265015,-0.10134867578744888,-0.0019152610329911113
1765156566.4436703,cf2,-0.9220468401908875,0.7495191097259521,1.0045592784881592,0.12671972811222076,-0.3705092668533325,0.0019476088928058743
1765156566.4439456,cf2,-0.9220468401908875,0.7495191097259521,1.0045592784881592,0.13101020455360413,-0.36462950706481934,0.0004185859579592943
1765156566.4540794,cf1,-0.7867313623428345,0.5047561526298523,1.0031039714813232,0.31157249212265015,-0.10134867578744888,-0.0019152610329911113
1765156566.4544833,cf1,-0.7867313623428345,0.5047561526298523,1.0031039714813232,0.31767839193344116,-0.09073050320148468,-0.0004164724377915263
1765156566.4636757,cf2,-0.9193757772445679,0.7417052388191223,1.0047106742858887,0.13101020455360413,-0.36462950706481934,0.0004185859579592943
1765156566.4639125,cf2,-0.9193757772445679,0.7417052388191223,1.0047106742858887,0.13531340658664703,-0.3584444522857666,-0.001133560435846448
1765156566.474041,cf1,-0.7808146476745605,0.5027519464492798,1.0030279159545898,0.31767839193344116,-0.09073050320148468,-0.0004164724377915263
1765156566.4743023,cf1,-0.7808146476745605,0.5027519464492798,1.0030279159545898,0.3202573359012604,-0.07935933023691177,0.0004974681069143116
1765156566.4833548,cf2,-0.9166120290756226,0.7340262532234192,1.0048401355743408,0.13531340658664703,-0.3584444522857666,-0.001133560435846448
1765156566.4835763,cf2,-0.9166120290756226,0.7340262532234192,1.0048401355743408,0.13965889811515808,-0.35197657346725464,-0.0024146120995283127
1765156566.4933915,cf1,-0.7739673256874084,0.500737726688385,1.0029301643371582,0.3202573359012604,-0.07935933023691177,0.0004974681069143116
1765156566.4937174,cf1,-0.7739673256874084,0.500737726688385,1.0029301643371582,0.322091668844223,-0.06721421331167221,0.0004912556032650173
1765156566.5054529,cf2,-0.9137548208236694,0.7264879941940308,1.0049562454223633,0.13965889811515808,-0.35197657346725464,-0.0024146120995283127
1765156566.505728,cf2,-0.9137548208236694,0.7264879941940308,1.0049562454223633,0.14404353499412537,-0.3452364206314087,-0.003182866144925356
1765156566.5131726,cf1,-0.7673217058181763,0.49901238083839417,1.0028200149536133,0.322091668844223,-0.06721421331167221,0.0004912556032650173
1765156566.5135837,cf1,-0.7673217058181763,0.49901238083839417,1.0028200149536133,0.32665321230888367,-0.05662217736244202,-0.00011329830886097625
1765156566.5234098,cf2,-0.9105534553527832,0.7186496257781982,1.0050694942474365,0.14404353499412537,-0.3452364206314087,-0.003182866144925356
1765156566.5236845,cf2,-0.9105534553527832,0.7186496257781982,1.0050694942474365,0.1485116183757782,-0.3382700979709625,-0.0033401192631572485
1765156566.533604,cf1,-0.7603164315223694,0.4974524974822998,1.0026781558990479,0.32665321230888367,-0.05662217736244202,-0.00011329830886097625
1765156566.5339327,cf1,-0.7603164315223694,0.4974524974822998,1.0026781558990479,0.3318023085594177,-0.04612695798277855,-0.0010771539527922869
1765156566.5433667,cf2,-0.9078505635261536,0.7120758891105652,1.0051891803741455,0.1485116183757782,-0.3382700979709625,-0.0033401192631572485
1765156566.5436733,cf2,-0.9078505635261536,0.7120758891105652,1.0051891803741455,0.15190137922763824,-0.328608900308609,-0.0029827177058905363
1765156566.5530896,cf1,-0.7532037496566772,0.4961186647415161,1.0025023221969604,0.3318023085594177,-0.04612695798277855,-0.0010771539527922869
1765156566.553389,cf1,-0.7532037496566772,0.4961186647415161,1.0025023221969604,0.3367898762226105,-0.035580649971961975,-0.0020424036774784327
1765156566.5636055,cf2,-0.9050084948539734,0.7056088447570801,1.005314588546753,0.15190137922763824,-0.328608900308609,-0.0029827177058905363
1765156566.5638478,cf2,-0.9050084948539734,0.7056088447570801,1.005314588546753,0.15508364140987396,-0.3185766935348511,-0.0022703497670590878
1765156566.5740445,cf1,-0.7459161877632141,0.49500802159309387,1.0022883415222168,0.3367898762226105,-0.035580649971961975,-0.0020424036774784327
1765156566.5743947,cf1,-0.7459161877632141,0.49500802159309387,1.0022883415222168,0.3410990834236145,-0.024410713464021683,-0.0030068999622017145
1765156566.5834975,cf2,-0.9019811153411865,0.6991804242134094,1.0054473876953125,0.15508364140987396,-0.3185766935348511,-0.0022703497670590878
1765156566.5838478,cf2,-0.9019811153411865,0.6991804242134094,1.0054473876953125,0.15894556045532227,-0.309732586145401,-0.001338377594947815
1765156566.5939991,cf1,-0.7376571893692017,0.4940899908542633,1.0020129680633545,0.3410990834236145,-0.024410713464021683,-0.0030068999622017145
1765156566.59422,cf1,-0.7376571893692017,0.4940899908542633,1.0020129680633545,0.34654149413108826,-0.013165065087378025,-0.0036037436220794916
1765156566.6055126,cf2,-0.8980501890182495,0.6911408305168152,1.0056369304656982,0.15894556045532227,-0.309732586145401,-0.001338377594947815
1765156566.6058655,cf2,-0.8980501890182495,0.6911408305168152,1.0056369304656982,0.16442115604877472,-0.3035837709903717,-0.00032297451980412006
1765156566.614143,cf1,-0.730105996131897,0.4934728443622589,1.0017472505569458,0.34654149413108826,-0.013165065087378025,-0.0036037436220794916
1765156566.6144836,cf1,-0.730105996131897,0.4934728443622589,1.0017472505569458,0.3508184552192688,-0.002006442053243518,-0.003772572847083211
1765156566.6234376,cf2,-0.8953920602798462,0.6860336065292358,1.0057590007781982,0.16442115604877472,-0.3035837709903717,-0.00032297451980412006
1765156566.623726,cf2,-0.8953920602798462,0.6860336065292358,1.0057590007781982,0.16737385094165802,-0.29301518201828003,0.0003642180236056447
1765156566.6342852,cf1,-0.7226360440254211,0.4930940568447113,1.0014855861663818,0.3508184552192688,-0.002006442053243518,-0.003772572847083211
1765156566.6345503,cf1,-0.7226360440254211,0.4930940568447113,1.0014855861663818,0.3556094467639923,0.00856779795140028,-0.0032312055118381977
1765156566.6433856,cf2,-0.8919268250465393,0.6796462535858154,1.0059040784835815,0.16737385094165802,-0.29301518201828003,0.0003642180236056447
1765156566.6437373,cf2,-0.8919268250465393,0.6796462535858154,1.0059040784835815,0.17183220386505127,-0.28471991419792175,0.0007316351984627545
1765156566.6542423,cf1,-0.7150406837463379,0.49294593930244446,1.0012340545654297,0.3556094467639923,0.00856779795140028,-0.0032312055118381977
1765156566.6545987,cf1,-0.7150406837463379,0.49294593930244446,1.0012340545654297,0.3603579103946686,0.019167732447385788,-0.002138920361176133
1765156566.6636183,cf2,-0.8882942199707031,0.6732980012893677,1.0060288906097412,0.17183220386505127,-0.28471991419792175,0.0007316351984627545
1765156566.6639915,cf2,-0.8882942199707031,0.6732980012893677,1.0060288906097412,0.1772935539484024,-0.27819517254829407,0.00035497709177434444
1765156566.6741517,cf1,-0.7073543667793274,0.4930304288864136,1.001003384590149,0.3603579103946686,0.019167732447385788,-0.002138920361176133
1765156566.6745167,cf1,-0.7073543667793274,0.4930304288864136,1.001003384590149,0.36489760875701904,0.029781680554151535,-0.0007048422121442854
1765156566.6836417,cf2,-0.8845455050468445,0.6670892238616943,1.0061203241348267,0.1772935539484024,-0.27819517254829407,0.00035497709177434444
1765156566.683972,cf2,-0.8845455050468445,0.6670892238616943,1.0061203241348267,0.18366825580596924,-0.27307048439979553,-0.0004899227642454207
1765156566.6940076,cf1,-0.6995843648910522,0.49334701895713806,1.000797152519226,0.36489760875701904,0.029781680554151535,-0.0007048422121442854
1765156566.6943636,cf1,-0.6995843648910522,0.49334701895713806,1.000797152519226,0.36918357014656067,0.0403914712369442,0.0009148537064902484
1765156566.7036347,cf2,-0.8806794285774231,0.6610238552093506,1.0061670541763306,0.18366825580596924,-0.27307048439979553,-0.0004899227642454207
1765156566.7038736,cf2,-0.8806794285774231,0.6610238552093506,1.0061670541763306,0.18892408907413483,-0.26550692319869995,-0.001860864576883614
1765156566.7143052,cf1,-0.6915165781974792,0.4939272105693817,1.000606656074524,0.36918357014656067,0.0403914712369442,0.0009148537064902484
1765156566.714575,cf1,-0.6915165781974792,0.4939272105693817,1.000606656074524,0.37150946259498596,0.051839739084243774,0.0024677440524101257
1765156566.7236352,cf2,-0.8766911625862122,0.6550967693328857,1.0061641931533813,0.18892408907413483,-0.26550692319869995,-0.001860864576883614
1765156566.7239645,cf2,-0.8766911625862122,0.6550967693328857,1.0061641931533813,0.1958158016204834,-0.26062342524528503,-0.003613778157159686
1765156566.7342925,cf1,-0.6832703948020935,0.4948764741420746,1.0004233121871948,0.37150946259498596,0.051839739084243774,0.0024677440524101257
1765156566.7346268,cf1,-0.6832703948020935,0.4948764741420746,1.0004233121871948,0.3748931586742401,0.0623522587120533,0.0036638693418353796
1765156566.7443535,cf2,-0.8725779056549072,0.6493067741394043,1.0061172246932983,0.1958158016204834,-0.26062342524528503,-0.003613778157159686
1765156566.7446764,cf2,-0.8725779056549072,0.6493067741394043,1.0061172246932983,0.20211142301559448,-0.25446444749832153,-0.005452882032841444
1765156566.7542758,cf1,-0.6758335828781128,0.49569088220596313,1.000278353691101,0.3748931586742401,0.0623522587120533,0.0036638693418353796
1765156566.7546353,cf1,-0.6758335828781128,0.49569088220596313,1.000278353691101,0.37849682569503784,0.0729888454079628,0.0042255595326423645
1765156566.7623782,cf2,-0.8683162927627563,0.6436333060264587,1.0060343742370605,0.20211142301559448,-0.25446444749832153,-0.005452882032841444
1765156566.7626483,cf2,-0.8683162927627563,0.6436333060264587,1.0060343742370605,0.2073056995868683,-0.24585309624671936,-0.007026751060038805
1765156566.77429,cf1,-0.6677778363227844,0.4969331920146942,1.0001040697097778,0.37849682569503784,0.0729888454079628,0.0042255595326423645
1765156566.774648,cf1,-0.6677778363227844,0.4969331920146942,1.0001040697097778,0.3818929195404053,0.08366219699382782,0.004332961514592171
1765156566.7823138,cf2,-0.863976001739502,0.6381601095199585,1.0059326887130737,0.2073056995868683,-0.24585309624671936,-0.007026751060038805
1765156566.782705,cf2,-0.863976001739502,0.6381601095199585,1.0059326887130737,0.21349629759788513,-0.23928041756153107,-0.007959322072565556
1765156566.7940738,cf1,-0.6596600413322449,0.4984061121940613,0.9999114871025085,0.3818929195404053,0.08366219699382782,0.004332961514592171
1765156566.7943761,cf1,-0.6596600413322449,0.4984061121940613,0.9999114871025085,0.3851393759250641,0.09434463828802109,0.004014919511973858
1765156566.8022656,cf2,-0.8594887852668762,0.6328123807907104,1.0058261156082153,0.21349629759788513,-0.23928041756153107,-0.007959322072565556
1765156566.8027565,cf2,-0.8594887852668762,0.6328123807907104,1.0058261156082153,0.219629168510437,-0.23236902058124542,-0.00823097862303257
1765156566.8143392,cf1,-0.6509271860122681,0.5003571510314941,0.9996755123138428,0.3851393759250641,0.09434463828802109,0.004014919511973858
1765156566.8147118,cf1,-0.6509271860122681,0.5003571510314941,0.9996755123138428,0.3882859945297241,0.10501211881637573,0.0033940046560019255
1765156566.8222706,cf2,-0.854878842830658,0.6276270151138306,1.0057307481765747,0.219629168510437,-0.23236902058124542,-0.00823097862303257
1765156566.822533,cf2,-0.854878842830658,0.6276270151138306,1.0057307481765747,0.22557319700717926,-0.22504842281341553,-0.007654690649360418
1765156566.8340018,cf1,-0.6426842212677002,0.5023018717765808,0.9994297027587891,0.3882859945297241,0.10501211881637573,0.0033940046560019255
1765156566.83423,cf1,-0.6426842212677002,0.5023018717765808,0.9994297027587891,0.39136940240859985,0.11566292494535446,0.002784802345559001
1765156566.8433526,cf2,-0.8486286401748657,0.6211608052253723,1.0056220293045044,0.22557319700717926,-0.22504842281341553,-0.007654690649360418
1765156566.8435957,cf2,-0.8486286401748657,0.6211608052253723,1.0056220293045044,0.2341882288455963,-0.21898426115512848,-0.0064818779937922955
1765156566.8540936,cf1,-0.6343825459480286,0.5044748783111572,0.9991621375083923,0.39136940240859985,0.11566292494535446,0.002784802345559001
1765156566.8544667,cf1,-0.6343825459480286,0.5044748783111572,0.9991621375083923,0.39654576778411865,0.12736311554908752,0.0024912101216614246
1765156566.8634272,cf2,-0.8452301621437073,0.6177036762237549,1.0056129693984985,0.2341882288455963,-0.21898426115512848,-0.0064818779937922955
1765156566.8637018,cf2,-0.8452301621437073,0.6177036762237549,1.0056129693984985,0.23469701409339905,-0.20651449263095856,-0.00500141829252243
1765156566.8740551,cf1,-0.6260219216346741,0.5068756937980652,0.9988816380500793,0.39654576778411865,0.12736311554908752,0.0024912101216614246
1765156566.8744133,cf1,-0.6260219216346741,0.5068756937980652,0.9988816380500793,0.39743614196777344,0.13686378300189972,0.002381647936999798
1765156566.8835776,cf2,-0.8403674960136414,0.6131361126899719,1.0055967569351196,0.23469701409339905,-0.20651449263095856,-0.00500141829252243
1765156566.8838978,cf2,-0.8403674960136414,0.6131361126899719,1.0055967569351196,0.23990358412265778,-0.1980198472738266,-0.003741476684808731
1765156566.8942254,cf1,-0.6176016330718994,0.5095042586326599,0.9985997080802917,0.39743614196777344,0.13686378300189972,0.002381647936999798
1765156566.8945835,cf1,-0.6176016330718994,0.5095042586326599,0.9985997080802917,0.40043261647224426,0.1473892629146576,0.002836901694536209
1765156566.9035316,cf2,-0.8353160619735718,0.608680009841919,1.0055984258651733,0.23990358412265778,-0.1980198472738266,-0.003741476684808731
1765156566.903853,cf2,-0.8353160619735718,0.608680009841919,1.0055984258651733,0.24501822888851166,-0.18926578760147095,-0.00298230885528028
1765156566.914126,cf1,-0.6130690574645996,0.5108375549316406,0.998468279838562,0.40043261647224426,0.1473892629146576,0.002836901694536209
1765156566.9144807,cf1,-0.6130690574645996,0.5108375549316406,0.998468279838562,0.4048539698123932,0.15978804230690002,0.0037678296212106943
1765156566.9225037,cf2,-0.8285162448883057,0.6032150387763977,1.0056055784225464,0.24501822888851166,-0.18926578760147095,-0.00298230885528028
1765156566.9229426,cf2,-0.8285162448883057,0.6032150387763977,1.0056055784225464,0.252808541059494,-0.18121939897537231,-0.002294044243171811
1765156566.93406,cf1,-0.6005867719650269,0.5154482126235962,0.9980686902999878,0.4048539698123932,0.15978804230690002,0.0037678296212106943
1765156566.9343374,cf1,-0.6005867719650269,0.5154482126235962,0.9980686902999878,0.4060378968715668,0.16937053203582764,0.004901927430182695
1765156566.9424253,cf2,-0.8268241882324219,0.6017573475837708,1.0056118965148926,0.252808541059494,-0.18121939897537231,-0.002294044243171811
1765156566.9427755,cf2,-0.8268241882324219,0.6017573475837708,1.0056118965148926,0.25150033831596375,-0.17386813461780548,-0.002326322253793478
1765156566.9541168,cf1,-0.5920242071151733,0.5187340974807739,0.9978289604187012,0.4060378968715668,0.16937053203582764,0.004901927430182695
1765156566.9543383,cf1,-0.5920242071151733,0.5187340974807739,0.9978289604187012,0.40889713168144226,0.17954358458518982,0.006437527481466532
1765156566.9624112,cf2,-0.8204506635665894,0.5970607995986938,1.0055842399597168,0.25150033831596375,-0.17386813461780548,-0.002326322253793478
1765156566.9628077,cf2,-0.8204506635665894,0.5970607995986938,1.0055842399597168,0.2566635012626648,-0.16393457353115082,-0.003072229912504554
1765156566.974079,cf1,-0.5833761096000671,0.5222489833831787,0.9976052641868591,0.40889713168144226,0.17954358458518982,0.006437527481466532
1765156566.9743943,cf1,-0.5833761096000671,0.5222489833831787,0.9976052641868591,0.41190654039382935,0.18968096375465393,0.00825461931526661
1765156566.9824889,cf2,-0.8155322074890137,0.5937652587890625,1.00553297996521,0.2566635012626648,-0.16393457353115082,-0.003072229912504554
1765156566.9828246,cf2,-0.8155322074890137,0.5937652587890625,1.00553297996521,0.2612323462963104,-0.1543527990579605,-0.004554786253720522
1765156566.993804,cf1,-0.5787048935890198,0.5240607857704163,0.9975057244300842,0.41190654039382935,0.18968096375465393,0.00825461931526661
1765156566.9940314,cf1,-0.5787048935890198,0.5240607857704163,0.9975057244300842,0.41199904680252075,0.19389542937278748,0.009010673500597477
1765156567.0023234,cf2,-0.8095393776893616,0.589908242225647,1.0054340362548828,0.2612323462963104,-0.1543527990579605,-0.004554786253720522
1765156567.0026195,cf2,-0.8095393776893616,0.589908242225647,1.0054340362548828,0.2654837965965271,-0.14466342329978943,-0.005784106440842152
1765156567.0132196,cf1,-0.5700587034225464,0.527863621711731,0.9972955584526062,0.41199904680252075,0.19389542937278748,0.009010673500597477
1765156567.0136368,cf1,-0.5700587034225464,0.527863621711731,0.9972955584526062,0.41489261388778687,0.2037116289138794,0.009891160763800144
1765156567.0223913,cf2,-0.804472804069519,0.5869864225387573,1.0053210258483887,0.2654837965965271,-0.14466342329978943,-0.005784106440842152
1765156567.0227845,cf2,-0.804472804069519,0.5869864225387573,1.0053210258483887,0.2697455585002899,-0.1348777860403061,-0.0067552682012319565
1765156567.0332692,cf1,-0.5612596869468689,0.5319187641143799,0.9970784783363342,0.41489261388778687,0.2037116289138794,0.009891160763800144
1765156567.0336235,cf1,-0.5612596869468689,0.5319187641143799,0.9970784783363342,0.41810736060142517,0.21353933215141296,0.010298392735421658
1765156567.042221,cf2,-0.7995041012763977,0.5842317342758179,1.0051803588867188,0.2697455585002899,-0.1348777860403061,-0.0067552682012319565
1765156567.0424523,cf2,-0.7995041012763977,0.5842317342758179,1.0051803588867188,0.27023935317993164,-0.12314996123313904,-0.007855712436139584
1765156567.0533385,cf1,-0.5523943901062012,0.5361830592155457,0.9968506097793579,0.41810736060142517,0.21353933215141296,0.010298392735421658
1765156567.0536795,cf1,-0.5523943901062012,0.5361830592155457,0.9968506097793579,0.4213545024394989,0.22326575219631195,0.01067168079316616
1765156567.0624533,cf2,-0.7932904958724976,0.581143319606781,1.004976749420166,0.27023935317993164,-0.12314996123313904,-0.007855712436139584
1765156567.0627835,cf2,-0.7932904958724976,0.581143319606781,1.004976749420166,0.27506980299949646,-0.1134740486741066,-0.008772812783718109
1765156567.0737267,cf1,-0.543463945388794,0.540654718875885,0.9966082572937012,0.4213545024394989,0.22326575219631195,0.01067168079316616
1765156567.0740776,cf1,-0.543463945388794,0.540654718875885,0.9966082572937012,0.4247710406780243,0.233030766248703,0.011590381152927876
1765156567.082331,cf2,-0.7874329090118408,0.5784652233123779,1.0047703981399536,0.27506980299949646,-0.1134740486741066,-0.008772812783718109
1765156567.082768,cf2,-0.7874329090118408,0.5784652233123779,1.0047703981399536,0.27823707461357117,-0.10332920402288437,-0.009113360196352005
1765156567.0941932,cf1,-0.5343561172485352,0.5453991293907166,0.9963446855545044,0.4247710406780243,0.233030766248703,0.011590381152927876
1765156567.0945544,cf1,-0.5343561172485352,0.5453991293907166,0.9963446855545044,0.4275866746902466,0.24290886521339417,0.012298598885536194
1765156567.102266,cf2,-0.781518816947937,0.5760045647621155,1.0045571327209473,0.27823707461357117,-0.10332920402288437,-0.009113360196352005
1765156567.1026967,cf2,-0.781518816947937,0.5760045647621155,1.0045571327209473,0.28127285838127136,-0.09333566576242447,-0.008755420334637165
1765156567.113581,cf1,-0.5253719687461853,0.5502488017082214,0.9960691928863525,0.4275866746902466,0.24290886521339417,0.012298598885536194
1765156567.1139555,cf1,-0.5253719687461853,0.5502488017082214,0.9960691928863525,0.4313271641731262,0.25294727087020874,0.012663323432207108
1765156567.1224287,cf2,-0.7762333750724792,0.5739630460739136,1.0043765306472778,0.28127285838127136,-0.09333566576242447,-0.008755420334637165
1765156567.1227574,cf2,-0.7762333750724792,0.5739630460739136,1.0043765306472778,0.2842104136943817,-0.08381921052932739,-0.007646928075700998
1765156567.133813,cf1,-0.5161874294281006,0.5553868412971497,0.9957720041275024,0.4313271641731262,0.25294727087020874,0.012663323432207108
1765156567.1341615,cf1,-0.5161874294281006,0.5553868412971497,0.9957720041275024,0.4343876838684082,0.262996107339859,0.012919620610773563
1765156567.1424572,cf2,-0.7700172662734985,0.571837842464447,1.00417160987854,0.2842104136943817,-0.08381921052932739,-0.007646928075700998
1765156567.142825,cf2,-0.7700172662734985,0.571837842464447,1.00417160987854,0.28658124804496765,-0.07397735118865967,-0.006295869126915932
1765156567.1533031,cf1,-0.5069594979286194,0.5607218742370605,0.9954580664634705,0.4343876838684082,0.262996107339859,0.012919620610773563
1765156567.15355,cf1,-0.5069594979286194,0.5607218742370605,0.9954580664634705,0.43874967098236084,0.2734164297580719,0.012901012785732746
1765156567.1623745,cf2,-0.7640120983123779,0.5699905753135681,1.0039869546890259,0.28658124804496765,-0.07397735118865967,-0.006295869126915932
1765156567.1627326,cf2,-0.7640120983123779,0.5699905753135681,1.0039869546890259,0.2909269630908966,-0.06505341082811356,-0.004957761149853468
1765156567.1732638,cf1,-0.498498797416687,0.5658132433891296,0.9951543211936951,0.43874967098236084,0.2734164297580719,0.012901012785732746
1765156567.173635,cf1,-0.498498797416687,0.5658132433891296,0.9951543211936951,0.4432118535041809,0.2838769853115082,0.01287818606942892
1765156567.182446,cf2,-0.7577509880065918,0.5682870149612427,1.0038001537322998,0.2909269630908966,-0.06505341082811356,-0.004957761149853468
1765156567.1827796,cf2,-0.7577509880065918,0.5682870149612427,1.0038001537322998,0.29597628116607666,-0.05640137195587158,-0.003742783097550273
1765156567.1936421,cf1,-0.48908063769340515,0.5715866684913635,0.9948117733001709,0.4432118535041809,0.2838769853115082,0.01287818606942892
1765156567.1939006,cf1,-0.48908063769340515,0.5715866684913635,0.9948117733001709,0.44766485691070557,0.29427966475486755,0.012825746089220047
1765156567.2024875,cf2,-0.7513808012008667,0.5667679309844971,1.003605842590332,0.29597628116607666,-0.05640137195587158,-0.003742783097550273
1765156567.202815,cf2,-0.7513808012008667,0.5667679309844971,1.003605842590332,0.3012525141239166,-0.04785728082060814,-0.0030701083596795797
1765156567.2141953,cf1,-0.4793597459793091,0.5777263641357422,0.9944520592689514,0.44766485691070557,0.29427966475486755,0.012825746089220047
1765156567.2145262,cf1,-0.4793597459793091,0.5777263641357422,0.9944520592689514,0.45106178522109985,0.3042638897895813,0.012395706959068775
1765156567.2235904,cf2,-0.744832456111908,0.5654243230819702,1.003390908241272,0.3012525141239166,-0.04785728082060814,-0.0030701083596795797
1765156567.2239237,cf2,-0.744832456111908,0.5654243230819702,1.003390908241272,0.30621206760406494,-0.038835056126117706,-0.0030145307537168264
1765156567.2341833,cf1,-0.4690938889980316,0.5843311548233032,0.9940817952156067,0.45106178522109985,0.3042638897895813,0.012395706959068775
1765156567.234513,cf1,-0.4690938889980316,0.5843311548233032,0.9940817952156067,0.45492637157440186,0.31401756405830383,0.012222213670611382
1765156567.2437367,cf2,-0.7383216619491577,0.5642846822738647,1.0031514167785645,0.30621206760406494,-0.038835056126117706,-0.0030145307537168264
1765156567.2440865,cf2,-0.7383216619491577,0.5642846822738647,1.0031514167785645,0.3116419017314911,-0.030384480953216553,-0.0037079257890582085
1765156567.2540407,cf1,-0.459432989358902,0.5907616019248962,0.9937350749969482,0.45492637157440186,0.31401756405830383,0.012222213670611382
1765156567.2543786,cf1,-0.459432989358902,0.5907616019248962,0.9937350749969482,0.45893073081970215,0.3237307369709015,0.012197206728160381
1765156567.2623565,cf2,-0.7306822538375854,0.5632473826408386,1.0028315782546997,0.3116419017314911,-0.030384480953216553,-0.0037079257890582085
1765156567.2627196,cf2,-0.7306822538375854,0.5632473826408386,1.0028315782546997,0.318011999130249,-0.02130957320332527,-0.004983215127140284
1765156567.2741537,cf1,-0.44969362020492554,0.5973981022834778,0.9934015870094299,0.45893073081970215,0.3237307369709015,0.012197206728160381
1765156567.2745147,cf1,-0.44969362020492554,0.5973981022834778,0.9934015870094299,0.4626990556716919,0.33314818143844604,0.01243968028575182
1765156567.2823684,cf2,-0.7239784598350525,0.5624993443489075,1.0025138854980469,0.318011999130249,-0.02130957320332527,-0.004983215127140284
1765156567.28276,cf2,-0.7239784598350525,0.5624993443489075,1.0025138854980469,0.32167476415634155,-0.012549377977848053,-0.006476168055087328
1765156567.2940967,cf1,-0.4408018887042999,0.6036326885223389,0.9931100606918335,0.4626990556716919,0.33314818143844604,0.01243968028575182
1765156567.29439,cf1,-0.4408018887042999,0.6036326885223389,0.9931100606918335,0.46619778871536255,0.34221768379211426,0.012910855002701283
1765156567.302412,cf2,-0.7168613076210022,0.5619262456893921,1.0021454095840454,0.32167476415634155,-0.012549377977848053,-0.006476168055087328
1765156567.3026352,cf2,-0.7168613076210022,0.5619262456893921,1.0021454095840454,0.32763129472732544,-0.0037021804600954056,-0.007888086140155792
1765156567.3134444,cf1,-0.43071097135543823,0.6108048558235168,0.9928160905838013,0.46619778871536255,0.34221768379211426,0.012910855002701283
1765156567.3137894,cf1,-0.43071097135543823,0.6108048558235168,0.9928160905838013,0.46831801533699036,0.35043641924858093,0.013379164971411228
1765156567.3224397,cf2,-0.7100422382354736,0.5615605115890503,1.001777172088623,0.32763129472732544,-0.0037021804600954056,-0.007888086140155792
1765156567.3228052,cf2,-0.7100422382354736,0.5615605115890503,1.001777172088623,0.33065980672836304,0.005307079292833805,-0.008639062754809856
1765156567.3333921,cf1,-0.4210103750228882,0.6178257465362549,0.9925694465637207,0.46831801533699036,0.35043641924858093,0.013379164971411228
1765156567.333689,cf1,-0.4210103750228882,0.6178257465362549,0.9925694465637207,0.46894344687461853,0.3571837246417999,0.013732207007706165
1765156567.3423836,cf2,-0.7035726308822632,0.5613633394241333,1.001428246498108,0.33065980672836304,0.005307079292833805,-0.008639062754809856
1765156567.342748,cf2,-0.7035726308822632,0.5613633394241333,1.001428246498108,0.33298444747924805,0.014340102672576904,-0.008813871070742607
1765156567.3533967,cf1,-0.4110543131828308,0.6251711845397949,0.992347776889801,0.46894344687461853,0.3571837246417999,0.013732207007706165
1765156567.3537524,cf1,-0.4110543131828308,0.6251711845397949,0.992347776889801,0.4714477062225342,0.3650256395339966,0.01433201227337122
1765156567.3633912,cf2,-0.6956079602241516,0.5614286661148071,1.0010075569152832,0.33298444747924805,0.014340102672576904,-0.008813871070742607
1765156567.3638203,cf2,-0.6956079602241516,0.5614286661148071,1.0010075569152832,0.33804112672805786,0.024330345913767815,-0.008141492493450642
1765156567.3733604,cf1,-0.40104353427886963,0.6326892375946045,0.9921592473983765,0.4714477062225342,0.3650256395339966,0.01433201227337122
1765156567.3737376,cf1,-0.40104353427886963,0.6326892375946045,0.9921592473983765,0.4736744463443756,0.37249743938446045,0.015376235358417034
1765156567.3834417,cf2,-0.6882131099700928,0.5616767406463623,1.0006473064422607,0.33804112672805786,0.024330345913767815,-0.008141492493450642
1765156567.3837297,cf2,-0.6882131099700928,0.5616767406463623,1.0006473064422607,0.343058317899704,0.03398219123482704,-0.006638950668275356
1765156567.3934247,cf1,-0.39099380373954773,0.6403647065162659,0.9920030832290649,0.4736744463443756,0.37249743938446045,0.015376235358417034
1765156567.3936872,cf1,-0.39099380373954773,0.6403647065162659,0.9920030832290649,0.47570091485977173,0.37965846061706543,0.016612717881798744
1765156567.4038208,cf2,-0.6808173060417175,0.5621340870857239,1.0003211498260498,0.343058317899704,0.03398219123482704,-0.006638950668275356
1765156567.4041831,cf2,-0.6808173060417175,0.5621340870857239,1.0003211498260498,0.34774118661880493,0.04380064830183983,-0.004539499990642071
1765156567.4141445,cf1,-0.380676805973053,0.6483786106109619,0.9918745756149292,0.47570091485977173,0.37965846061706543,0.016612717881798744
1765156567.4145195,cf1,-0.380676805973053,0.6483786106109619,0.9918745756149292,0.47654831409454346,0.38600873947143555,0.017953505739569664
1765156567.4233165,cf2,-0.6733412146568298,0.5628066062927246,1.0000271797180176,0.34774118661880493,0.04380064830183983,-0.004539499990642071
1765156567.4238644,cf2,-0.6733412146568298,0.5628066062927246,1.0000271797180176,0.3523436486721039,0.05375843495130539,-0.0021907619666308165
1765156567.4340746,cf1,-0.370779424905777,0.6561723947525024,0.9917813539505005,0.47654831409454346,0.38600873947143555,0.017953505739569664
1765156567.4344718,cf1,-0.370779424905777,0.6561723947525024,0.9917813539505005,0.4779854714870453,0.3923491835594177,0.019266122952103615
1765156567.4435446,cf2,-0.6660159230232239,0.5636587142944336,0.9997665882110596,0.3523436486721039,0.05375843495130539,-0.0021907619666308165
1765156567.4437604,cf2,-0.6660159230232239,0.5636587142944336,0.9997665882110596,0.35425281524658203,0.06336279958486557,-0.0004703267477452755
1765156567.4536757,cf1,-0.3605831563472748,0.6643238663673401,0.9917051196098328,0.4779854714870453,0.3923491835594177,0.019266122952103615
1765156567.4540343,cf1,-0.3605831563472748,0.6643238663673401,0.9917051196098328,0.4784386157989502,0.39800405502319336,0.020012425258755684
1765156567.4635153,cf2,-0.6590745449066162,0.5646178126335144,0.9995325207710266,0.35425281524658203,0.06336279958486557,-0.0004703267477452755
1765156567.4637823,cf2,-0.6590745449066162,0.5646178126335144,0.9995325207710266,0.35557013750076294,0.07275283336639404,0.0006312367040663958
1765156567.4734812,cf1,-0.3504447638988495,0.672537624835968,0.9916422367095947,0.4784386157989502,0.39800405502319336,0.020012425258755684
1765156567.4737554,cf1,-0.3504447638988495,0.672537624835968,0.9916422367095947,0.4802674353122711,0.4043820798397064,0.020603232085704803
1765156567.4836407,cf2,-0.6514163613319397,0.5659035444259644,0.9992728233337402,0.35557013750076294,0.07275283336639404,0.0006312367040663958
1765156567.4838698,cf2,-0.6514163613319397,0.5659035444259644,0.9992728233337402,0.35809293389320374,0.08247415721416473,0.0009993102867156267
1765156567.493321,cf1,-0.3402165472507477,0.6809331178665161,0.991579532623291,0.4802674353122711,0.4043820798397064,0.020603232085704803
1765156567.4938288,cf1,-0.3402165472507477,0.6809331178665161,0.991579532623291,0.4822143614292145,0.4107202887535095,0.02064594067633152
1765156567.5038195,cf2,-0.6438667178153992,0.5673586130142212,0.9990045428276062,0.35809293389320374,0.08247415721416473,0.0009993102867156267
1765156567.5040498,cf2,-0.6438667178153992,0.5673586130142212,0.9990045428276062,0.3617229163646698,0.09242436289787292,0.0007950599538162351
1765156567.513502,cf1,-0.32994890213012695,0.6894654035568237,0.9915082454681396,0.4822143614292145,0.4107202887535095,0.02064594067633152
1765156567.5137358,cf1,-0.32994890213012695,0.6894654035568237,0.9915082454681396,0.4841775894165039,0.41692236065864563,0.020327128469944
1765156567.5235689,cf2,-0.636030375957489,0.5690727233886719,0.9987047910690308,0.3617229163646698,0.09242436289787292,0.0007950599538162351
1765156567.5238204,cf2,-0.636030375957489,0.5690727233886719,0.9987047910690308,0.36601608991622925,0.10256051272153854,0.0004507587000261992
1765156567.53339,cf1,-0.31964367628097534,0.6981292963027954,0.9914248585700989,0.4841775894165039,0.41692236065864563,0.020327128469944
1765156567.533644,cf1,-0.31964367628097534,0.6981292963027954,0.9914248585700989,0.48619627952575684,0.4230042099952698,0.019899064674973488
1765156567.5433378,cf2,-0.6281061768531799,0.5710031986236572,0.9983763098716736,0.36601608991622925,0.10256051272153854,0.0004507587000261992
1765156567.5436027,cf2,-0.6281061768531799,0.5710031986236572,0.9983763098716736,0.3704105019569397,0.11268260329961777,-4.039110353915021e-05
1765156567.5531905,cf1,-0.3092992305755615,0.7069227695465088,0.9913274645805359,0.48619627952575684,0.4230042099952698,0.019899064674973488
1765156567.5536885,cf1,-0.3092992305755615,0.7069227695465088,0.9913274645805359,0.48826393485069275,0.4289694130420685,0.019198713824152946
1765156567.5641801,cf2,-0.6201027035713196,0.5731465816497803,0.9980226159095764,0.3704105019569397,0.11268260329961777,-4.039110353915021e-05
1765156567.5645378,cf2,-0.6201027035713196,0.5731465816497803,0.9980226159095764,0.3749278783798218,0.12275667488574982,-0.0003067690704483539
1765156567.5735428,cf1,-0.2989155054092407,0.7158428430557251,0.9912196397781372,0.48826393485069275,0.4289694130420685,0.019198713824152946
1765156567.5738745,cf1,-0.2989155054092407,0.7158428430557251,0.9912196397781372,0.4903436005115509,0.43480169773101807,0.01868363469839096
1765156567.5822546,cf2,-0.6127512454986572,0.5753424167633057,0.9976825714111328,0.3749278783798218,0.12275667488574982,-0.0003067690704483539
1765156567.5826378,cf2,-0.6127512454986572,0.5753424167633057,0.9976825714111328,0.37860623002052307,0.13286133110523224,-0.0004385631764307618
1765156567.5933573,cf1,-0.28849124908447266,0.7248876094818115,0.9911056756973267,0.4903436005115509,0.43480169773101807,0.01868363469839096
1765156567.59382,cf1,-0.28849124908447266,0.7248876094818115,0.9911056756973267,0.492422878742218,0.44049814343452454,0.018033230677247047
1765156567.6024396,cf2,-0.6046299338340759,0.5778754949569702,0.9973040223121643,0.37860623002052307,0.13286133110523224,-0.0004385631764307618
1765156567.6028056,cf2,-0.6046299338340759,0.5778754949569702,0.9973040223121643,0.3816673159599304,0.14234526455402374,-0.0003221246297471225
1765156567.6135337,cf1,-0.2780283987522125,0.734052836894989,0.990993320941925,0.492422878742218,0.44049814343452454,0.018033230677247047
1765156567.6138291,cf1,-0.2780283987522125,0.734052836894989,0.990993320941925,0.4944208264350891,0.44599178433418274,0.0176469087600708
1765156567.6224487,cf2,-0.596382737159729,0.5806304216384888,0.9969239830970764,0.3816673159599304,0.14234526455402374,-0.0003221246297471225
1765156567.622794,cf2,-0.596382737159729,0.5806304216384888,0.9969239830970764,0.38792458176612854,0.1524409055709839,0.00023991173657123
1765156567.633491,cf1,-0.2675287425518036,0.7433339357376099,0.9908902645111084,0.4944208264350891,0.44599178433418274,0.0176469087600708
1765156567.6338332,cf1,-0.2675287425518036,0.7433339357376099,0.9908902645111084,0.49632811546325684,0.45126375555992126,0.01758698746562004
1765156567.6423209,cf2,-0.5880505442619324,0.5835917592048645,0.9965514540672302,0.38792458176612854,0.1524409055709839,0.00023991173657123
1765156567.643462,cf2,-0.5880505442619324,0.5835917592048645,0.9965514540672302,0.3908732831478119,0.1615467667579651,0.0009397153626196086
1765156567.6533322,cf1,-0.2569940686225891,0.7527267336845398,0.9908053874969482,0.49632811546325684,0.45126375555992126,0.01758698746562004
1765156567.653737,cf1,-0.2569940686225891,0.7527267336845398,0.9908053874969482,0.49813345074653625,0.45630380511283875,0.017915863543748856
1765156567.662403,cf2,-0.579637885093689,0.586754560470581,0.9961932301521301,0.3908732831478119,0.1615467667579651,0.0009397153626196086
1765156567.6626558,cf2,-0.579637885093689,0.586754560470581,0.9961932301521301,0.39692938327789307,0.1713511049747467,0.0021561661269515753
1765156567.6740148,cf1,-0.24637427926063538,0.7622756958007812,0.9907455444335938,0.49813345074653625,0.45630380511283875,0.017915863543748856
1765156567.674489,cf1,-0.24637427926063538,0.7622756958007812,0.9907455444335938,0.49830010533332825,0.45988669991493225,0.01820516772568226
1765156567.6843235,cf2,-0.5691336393356323,0.5909238457679749,0.9957734942436218,0.39692938327789307,0.1713511049747467,0.0021561661269515753
1765156567.6847372,cf2,-0.5691336393356323,0.5909238457679749,0.9957734942436218,0.40194612741470337,0.18135182559490204,0.0032604944426566362
1765156567.695266,cf1,-0.23583582043647766,0.7718237638473511,0.9907163977622986,0.49830010533332825,0.45988669991493225,0.01820516772568226
1765156567.6955838,cf1,-0.23583582043647766,0.7718237638473511,0.9907163977622986,0.49977561831474304,0.4643732011318207,0.01896286942064762
1765156567.703304,cf2,-0.5624507665634155,0.5937273502349854,0.9955215454101562,0.40194612741470337,0.18135182559490204,0.0032604944426566362
1765156567.70356,cf2,-0.5624507665634155,0.5937273502349854,0.9955215454101562,0.40000978112220764,0.18761008977890015,0.0038595269434154034
1765156567.7133725,cf1,-0.22516204416751862,0.7815693616867065,0.9907149076461792,0.49977561831474304,0.4643732011318207,0.01896286942064762
1765156567.713662,cf1,-0.22516204416751862,0.7815693616867065,0.9907149076461792,0.4996979236602783,0.4674646258354187,0.019267886877059937
1765156567.7233248,cf2,-0.551899790763855,0.5983977913856506,0.9951384663581848,0.40000978112220764,0.18761008977890015,0.0038595269434154034
1765156567.7235835,cf2,-0.551899790763855,0.5983977913856506,0.9951384663581848,0.40677013993263245,0.19762088358402252,0.004608784802258015
1765156567.7335143,cf1,-0.21457286179065704,0.7913050651550293,0.990739643573761,0.4996979236602783,0.4674646258354187,0.019267886877059937
1765156567.733729,cf1,-0.21457286179065704,0.7913050651550293,0.990739643573761,0.5009106397628784,0.47149544954299927,0.01974967122077942
1765156567.7435803,cf2,-0.5451357364654541,0.6013867855072021,0.994907557964325,0.40677013993263245,0.19762088358402252,0.004608784802258015
1765156567.7439306,cf2,-0.5451357364654541,0.6013867855072021,0.994907557964325,0.40524446964263916,0.20372650027275085,0.004220838192850351
1765156567.7531576,cf1,-0.20320381224155426,0.8018954992294312,0.9907811880111694,0.5009106397628784,0.47149544954299927,0.01974967122077942
1765156567.7535574,cf1,-0.20320381224155426,0.8018954992294312,0.9907811880111694,0.5021300911903381,0.4753967821598053,0.020542152225971222
1765156567.7634406,cf2,-0.536485493183136,0.6054376363754272,0.9946115612983704,0.40524446964263916,0.20372650027275085,0.004220838192850351
1765156567.763716,cf2,-0.536485493183136,0.6054376363754272,0.9946115612983704,0.4102891981601715,0.21272067725658417,0.004591353703290224
1765156567.773552,cf1,-0.19756536185741425,0.8070487380027771,0.9908295273780823,0.5021300911903381,0.4753967821598053,0.020542152225971222
1765156567.7738714,cf1,-0.19756536185741425,0.8070487380027771,0.9908295273780823,0.5033161044120789,0.47913870215415955,0.021082449704408646
1765156567.783265,cf2,-0.5276639461517334,0.6097192764282227,0.9943150877952576,0.4102891981601715,0.21272067725658417,0.004591353703290224
1765156567.783494,cf2,-0.5276639461517334,0.6097192764282227,0.9943150877952576,0.4120083153247833,0.22031402587890625,0.004770435858517885
1765156567.7941816,cf1,-0.18169043958187103,0.8220059275627136,0.9909334182739258,0.5033161044120789,0.47913870215415955,0.021082449704408646
1765156567.794409,cf1,-0.18169043958187103,0.8220059275627136,0.9909334182739258,0.5028982758522034,0.4813593327999115,0.021331144496798515
1765156567.8033555,cf2,-0.5187809467315674,0.6141770482063293,0.9940243363380432,0.4120083153247833,0.22031402587890625,0.004770435858517885
1765156567.8036525,cf2,-0.5187809467315674,0.6141770482063293,0.9940243363380432,0.415302038192749,0.2284700721502304,0.005664980039000511
1765156567.814045,cf1,-0.17108115553855896,0.8320067524909973,0.9910246729850769,0.5028982758522034,0.4813593327999115,0.021331144496798515
1765156567.8142662,cf1,-0.17108115553855896,0.8320067524909973,0.9910246729850769,0.5039702653884888,0.48473450541496277,0.02140403538942337
1765156567.8238482,cf2,-0.5098391771316528,0.618808925151825,0.9937407970428467,0.415302038192749,0.2284700721502304,0.005664980039000511
1765156567.8241067,cf2,-0.5098391771316528,0.618808925151825,0.9937407970428467,0.418671190738678,0.23661589622497559,0.006621191743761301
1765156567.8341253,cf1,-0.16033701598644257,0.8421898484230042,0.9911164045333862,0.5039702653884888,0.48473450541496277,0.02140403538942337
1765156567.8344798,cf1,-0.16033701598644257,0.8421898484230042,0.9911164045333862,0.5051630735397339,0.48808833956718445,0.02177068032324314
1765156567.8437219,cf2,-0.5008362531661987,0.6236149668693542,0.9934657216072083,0.418671190738678,0.23661589622497559,0.006621191743761301
1765156567.8439422,cf2,-0.5008362531661987,0.6236149668693542,0.9934657216072083,0.4220428168773651,0.24467316269874573,0.00720064016059041
1765156567.8542092,cf1,-0.149562805891037,0.8524514436721802,0.9912122488021851,0.5051630735397339,0.48808833956718445,0.02177068032324314
1765156567.8545983,cf1,-0.149562805891037,0.8524514436721802,0.9912122488021851,0.509119987487793,0.4941420257091522,0.02205677144229412
1765156567.8633196,cf2,-0.49177664518356323,0.628589391708374,0.9932034611701965,0.4220428168773651,0.24467316269874573,0.00720064016059041
1765156567.8638515,cf2,-0.49177664518356323,0.628589391708374,0.9932034611701965,0.42533746361732483,0.2525782287120819,0.008364127948880196
1765156567.874141,cf1,-0.13876432180404663,0.8627834320068359,0.9913039803504944,0.509119987487793,0.4941420257091522,0.02205677144229412
1765156567.8745325,cf1,-0.13876432180404663,0.8627834320068359,0.9913039803504944,0.5103996396064758,0.49729353189468384,0.0209940355271101
1765156567.8822944,cf2,-0.48244965076446533,0.6338580846786499,0.9929465055465698,0.42533746361732483,0.2525782287120819,0.008364127948880196
1765156567.8826473,cf2,-0.48244965076446533,0.6338580846786499,0.9929465055465698,0.42784449458122253,0.26024726033210754,0.009608088061213493
1765156567.8941815,cf1,-0.12794636189937592,0.8731784224510193,0.991386353969574,0.5103996396064758,0.49729353189468384,0.0209940355271101
1765156567.894507,cf1,-0.12794636189937592,0.8731784224510193,0.991386353969574,0.511551022529602,0.50016188621521,0.01945783756673336
1765156567.902619,cf2,-0.47346851229667664,0.6390501260757446,0.9927128553390503,0.42784449458122253,0.26024726033210754,0.009608088061213493
1765156567.9029374,cf2,-0.47346851229667664,0.6390501260757446,0.9927128553390503,0.43089208006858826,0.2678542733192444,0.01059243455529213
1765156567.9140537,cf1,-0.11711180210113525,0.8836291432380676,0.9914550185203552,0.511551022529602,0.50016188621521,0.01945783756673336
1765156567.9142823,cf1,-0.11711180210113525,0.8836291432380676,0.9914550185203552,0.5125412344932556,0.5026976466178894,0.01728999614715576
1765156567.9223247,cf2,-0.4642351269721985,0.6445241570472717,0.9924825429916382,0.43089208006858826,0.2678542733192444,0.01059243455529213
1765156567.9226904,cf2,-0.4642351269721985,0.6445241570472717,0.9924825429916382,0.4343419373035431,0.27567940950393677,0.011442316696047783
1765156567.9343112,cf1,-0.10626517236232758,0.8941278457641602,0.9915102124214172,0.5125412344932556,0.5026976466178894,0.01728999614715576
1765156567.9345646,cf1,-0.10626517236232758,0.8941278457641602,0.9915102124214172,0.5132743120193481,0.5048158764839172,0.014745109714567661
1765156567.9423542,cf2,-0.45432248711586,0.6506426930427551,0.9922381639480591,0.4343419373035431,0.27567940950393677,0.011442316696047783
1765156567.9427738,cf2,-0.45432248711586,0.6506426930427551,0.9922381639480591,0.43779951333999634,0.28346532583236694,0.01210414431989193
1765156567.9552293,cf1,-0.09490007907152176,0.9051704406738281,0.9915655851364136,0.5132743120193481,0.5048158764839172,0.014745109714567661
1765156567.9555235,cf1,-0.09490007907152176,0.9051704406738281,0.9915655851364136,0.513783872127533,0.5066074728965759,0.012775631621479988
1765156567.9624345,cf2,-0.4449436366558075,0.6564676761627197,0.9920151829719543,0.43779951333999634,0.28346532583236694,0.01210414431989193
1765156567.9627597,cf2,-0.4449436366558075,0.6564676761627197,0.9920151829719543,0.4412180483341217,0.29117366671562195,0.012360334396362305
1765156567.9733274,cf1,-0.08967020362615585,0.9101821184158325,0.9916177988052368,0.513783872127533,0.5066074728965759,0.012775631621479988
1765156567.9736466,cf1,-0.08967020362615585,0.9101821184158325,0.9916177988052368,0.511561393737793,0.504676342010498,0.01200587023049593
1765156567.9843085,cf2,-0.4360766112804413,0.661996066570282,0.9918091893196106,0.4412180483341217,0.29117366671562195,0.012360334396362305
1765156567.984655,cf2,-0.4360766112804413,0.661996066570282,0.9918091893196106,0.4432925283908844,0.29819032549858093,0.012196158990263939
1765156567.9933443,cf1,-0.07885276526212692,0.9207277894020081,0.9917117357254028,0.511561393737793,0.504676342010498,0.01200587023049593
1765156567.9935737,cf1,-0.07885276526212692,0.9207277894020081,0.9917117357254028,0.5115959644317627,0.5056114792823792,0.011788629926741123
1765156568.0023775,cf2,-0.4259183704853058,0.6686671376228333,0.9915634989738464,0.4432925283908844,0.29819032549858093,0.012196158990263939
1765156568.0026414,cf2,-0.4259183704853058,0.6686671376228333,0.9915634989738464,0.44775235652923584,0.30703938007354736,0.012059683911502361
1765156568.0135434,cf1,-0.06801187992095947,0.9313184022903442,0.9918540716171265,0.5115959644317627,0.5056114792823792,0.011788629926741123
1765156568.0139556,cf1,-0.06801187992095947,0.9313184022903442,0.9918540716171265,0.5115349888801575,0.5062599778175354,0.012731741182506084
1765156568.0223927,cf2,-0.4164769947528839,0.674892783164978,0.9913327693939209,0.44775235652923584,0.30703938007354736,0.012059683911502361
1765156568.0227668,cf2,-0.4164769947528839,0.674892783164978,0.9913327693939209,0.44818755984306335,0.3121285140514374,0.010492147877812386
1765156568.033806,cf1,-0.05717907473444939,0.9419189095497131,0.9920610189437866,0.5115349888801575,0.5062599778175354,0.012731741182506084
1765156568.0341408,cf1,-0.05717907473444939,0.9419189095497131,0.9920610189437866,0.5113313794136047,0.5065760016441345,0.015410556457936764
1765156568.0423574,cf2,-0.4068773090839386,0.6813398599624634,0.9910904765129089,0.44818755984306335,0.3121285140514374,0.010492147877812386
1765156568.0432074,cf2,-0.4068773090839386,0.6813398599624634,0.9910904765129089,0.4509245455265045,0.31897079944610596,0.008752655237913132
1765156568.053998,cf1,-0.04635250195860863,0.9525264501571655,0.9923394918441772,0.5113313794136047,0.5065760016441345,0.015410556457936764
1765156568.0542223,cf1,-0.04635250195860863,0.9525264501571655,0.9923394918441772,0.5112011432647705,0.506773054599762,0.020010801032185555
1765156568.0634813,cf2,-0.3967767357826233,0.6882547736167908,0.9908372163772583,0.4509245455265045,0.31897079944610596,0.008752655237913132
1765156568.0638232,cf2,-0.3967767357826233,0.6882547736167908,0.9908372163772583,0.45221051573753357,0.3248170018196106,0.007114809472113848
1765156568.0740466,cf1,-0.03549725189805031,0.9631726145744324,0.9926851987838745,0.5112011432647705,0.506773054599762,0.020010801032185555
1765156568.074447,cf1,-0.03549725189805031,0.9631726145744324,0.9926851987838745,0.5097123384475708,0.505480170249939,0.024477986618876457
1765156568.0833988,cf2,-0.38818788528442383,0.6941114068031311,0.9906460642814636,0.45221051573753357,0.3248170018196106,0.007114809472113848
1765156568.0846484,cf2,-0.38818788528442383,0.6941114068031311,0.9906460642814636,0.45366084575653076,0.330257385969162,0.006731514818966389
1765156568.0941556,cf1,-0.024691160768270493,0.973778247833252,0.9930779933929443,0.5097123384475708,0.505480170249939,0.024477986618876457
1765156568.094532,cf1,-0.024691160768270493,0.973778247833252,0.9930779933929443,0.5101022720336914,0.5059409141540527,0.02783261425793171
1765156568.1042674,cf2,-0.3782859146595001,0.7010836601257324,0.99045330286026,0.45366084575653076,0.330257385969162,0.006731514818966389
1765156568.10465,cf2,-0.3782859146595001,0.7010836601257324,0.99045330286026,0.4542524516582489,0.3350922167301178,0.007768907584249973
1765156568.1142051,cf1,-0.01384561788290739,0.9844280481338501,0.9934896230697632,0.5101022720336914,0.5059409141540527,0.02783261425793171
1765156568.1145453,cf1,-0.01384561788290739,0.9844280481338501,0.9934896230697632,0.5107902884483337,0.5065852999687195,0.029790228232741356
1765156568.12231,cf2,-0.37271371483802795,0.7050013542175293,0.990378201007843,0.4542524516582489,0.3350922167301178,0.007768907584249973
1765156568.1226583,cf2,-0.37271371483802795,0.7050013542175293,0.990378201007843,0.45649078488349915,0.33858540654182434,0.00897681713104248
1765156568.1339884,cf1,-0.0029824767261743546,0.9950964450836182,0.9938750267028809,0.5107902884483337,0.5065852999687195,0.029790228232741356
1765156568.134227,cf1,-0.0029824767261743546,0.9950964450836182,0.9938750267028809,0.5116913318634033,0.5073122382164001,0.029213836416602135
1765156568.142336,cf2,-0.36301112174987793,0.711975634098053,0.9902844429016113,0.45649078488349915,0.33858540654182434,0.00897681713104248
1765156568.1426673,cf2,-0.36301112174987793,0.711975634098053,0.9902844429016113,0.4578612744808197,0.34348082542419434,0.011804088018834591
1765156568.1542284,cf1,0.007898875512182713,1.0057814121246338,0.9941917061805725,0.5116913318634033,0.5073122382164001,0.029213836416602135
1765156568.1545594,cf1,0.007898875512182713,1.0057814121246338,0.9941917061805725,0.5127371549606323,0.508063554763794,0.026096908375620842
1765156568.1622858,cf2,-0.3532613217830658,0.719072699546814,0.9902570247650146,0.4578612744808197,0.34348082542419434,0.011804088018834591
1765156568.162694,cf2,-0.3532613217830658,0.719072699546814,0.9902570247650146,0.45928797125816345,0.34826695919036865,0.015473340637981892
1765156568.1736104,cf1,0.018923336640000343,1.016603946685791,0.9944086670875549,0.5127371549606323,0.508063554763794,0.026096908375620842
1765156568.173971,cf1,0.018923336640000343,1.016603946685791,0.9944086670875549,0.512569010257721,0.5074679255485535,0.020340511575341225
1765156568.1823537,cf2,-0.3434850871562958,0.7262739539146423,0.9902943968772888,0.45928797125816345,0.34826695919036865,0.015473340637981892
1765156568.1827018,cf2,-0.3434850871562958,0.7262739539146423,0.9902943968772888,0.46082717180252075,0.3530115485191345,0.01958564668893814
1765156568.19355,cf1,0.02869955264031887,1.0262070894241333,0.9945022463798523,0.512569010257721,0.5074679255485535,0.020340511575341225
1765156568.1937995,cf1,0.02869955264031887,1.0262070894241333,0.9945022463798523,0.5112538933753967,0.5056585073471069,0.01321392972022295
1765156568.202426,cf2,-0.33367741107940674,0.7335814833641052,0.990390419960022,0.46082717180252075,0.3530115485191345,0.01958564668893814
1765156568.2027724,cf2,-0.33367741107940674,0.7335814833641052,0.990390419960022,0.46260514855384827,0.35786139965057373,0.023870505392551422
1765156568.2135248,cf1,0.03962160646915436,1.0369118452072144,0.9944887757301331,0.5112538933753967,0.5056585073471069,0.01321392972022295
1765156568.213767,cf1,0.03962160646915436,1.0369118452072144,0.9944887757301331,0.5123552083969116,0.5060312151908875,0.006126717198640108
1765156568.2223318,cf2,-0.32383108139038086,0.7410001158714294,0.9905242323875427,0.46260514855384827,0.35786139965057373,0.023870505392551422
1765156568.222862,cf2,-0.32383108139038086,0.7410001158714294,0.9905242323875427,0.4646775424480438,0.3629154562950134,0.026957567781209946
1765156568.2334175,cf1,0.05057229846715927,1.0476323366165161,0.9943863153457642,0.5123552083969116,0.5060312151908875,0.006126717198640108
1765156568.2336783,cf1,0.05057229846715927,1.0476323366165161,0.9943863153457642,0.5154383778572083,0.5081441402435303,0.0004703978484030813
1765156568.2437298,cf2,-0.3125341832637787,0.7496404051780701,0.9906839728355408,0.4646775424480438,0.3629154562950134,0.026957567781209946
1765156568.2440927,cf2,-0.3125341832637787,0.7496404051780701,0.9906839728355408,0.46766093373298645,0.3689691126346588,0.02812749706208706
1765156568.2534144,cf1,0.061534397304058075,1.0583480596542358,0.99425208568573,0.5154383778572083,0.5081441402435303,0.0004703978484030813
1765156568.2537487,cf1,0.061534397304058075,1.0583480596542358,0.99425208568573,0.5162186026573181,0.5078559517860413,-0.002396391937509179
1765156568.2636378,cf2,-0.3039350211620331,0.7562372088432312,0.9907764792442322,0.46766093373298645,0.3689691126346588,0.02812749706208706
1765156568.2639227,cf2,-0.3039350211620331,0.7562372088432312,0.9907764792442322,0.46487224102020264,0.3700835108757019,0.026598067954182625
1765156568.2732997,cf1,0.07250529527664185,1.0690516233444214,0.9941534399986267,0.5162186026573181,0.5078559517860413,-0.002396391937509179
1765156568.2739527,cf1,0.07250529527664185,1.0690516233444214,0.9941534399986267,0.5168662071228027,0.5072634220123291,-0.0015272292075678706
1765156568.2832558,cf2,-0.2940366268157959,0.7639331221580505,0.9908290505409241,0.46487224102020264,0.3700835108757019,0.026598067954182625
1765156568.2836113,cf2,-0.2940366268157959,0.7639331221580505,0.9908290505409241,0.4673813283443451,0.37542465329170227,0.023873567581176758
1765156568.293081,cf1,0.08348605781793594,1.0797401666641235,0.994157075881958,0.5168662071228027,0.5072634220123291,-0.0015272292075678706
1765156568.2934146,cf1,0.08348605781793594,1.0797401666641235,0.994157075881958,0.5152933597564697,0.5043540596961975,0.0017656185664236546
1765156568.303755,cf2,-0.2840135395526886,0.7718029022216797,0.990803062915802,0.4673813283443451,0.37542465329170227,0.023873567581176758
1765156568.3039713,cf2,-0.2840135395526886,0.7718029022216797,0.990803062915802,0.4701645076274872,0.3809368908405304,0.019782599061727524
1765156568.31352,cf1,0.09447114169597626,1.0904055833816528,0.9943051338195801,0.5152933597564697,0.5043540596961975,0.0017656185664236546
1765156568.3138168,cf1,0.09447114169597626,1.0904055833816528,0.9943051338195801,0.5155835747718811,0.5030761957168579,0.0070062968879938126
1765156568.3223493,cf2,-0.2739419937133789,0.77978515625,0.9906914830207825,0.4701645076274872,0.3809368908405304,0.019782599061727524
1765156568.3226159,cf2,-0.2739419937133789,0.77978515625,0.9906914830207825,0.47289586067199707,0.3863510489463806,0.015477757900953293
1765156568.333615,cf1,0.10545412451028824,1.1010364294052124,0.9946096539497375,0.5155835747718811,0.5030761957168579,0.0070062968879938126
1765156568.3339403,cf1,0.10545412451028824,1.1010364294052124,0.9946096539497375,0.5156038403511047,0.5013335943222046,0.013097211718559265
1765156568.342412,cf2,-0.26379895210266113,0.7878965735435486,0.9905116558074951,0.47289586067199707,0.3863510489463806,0.015477757900953293
1765156568.3426836,cf2,-0.26379895210266113,0.7878965735435486,0.9905116558074951,0.4742935001850128,0.3907075524330139,0.012137550860643387
1765156568.3534396,cf1,0.11642920225858688,1.1116235256195068,0.9950559139251709,0.5156038403511047,0.5013335943222046,0.013097211718559265
1765156568.3538296,cf1,0.11642920225858688,1.1116235256195068,0.9950559139251709,0.5153564810752869,0.49914026260375977,0.018647950142621994
1765156568.3624804,cf2,-0.2536582350730896,0.796074390411377,0.9902968406677246,0.4742935001850128,0.3907075524330139,0.012137550860643387
1765156568.3628263,cf2,-0.2536582350730896,0.796074390411377,0.9902968406677246,0.477148175239563,0.39597469568252563,0.010362344793975353
1765156568.3734481,cf1,0.12739133834838867,1.1221578121185303,0.9956077933311462,0.5153564810752869,0.49914026260375977,0.018647950142621994
1765156568.3739028,cf1,0.12739133834838867,1.1221578121185303,0.9956077933311462,0.5148695111274719,0.4965311586856842,0.022741956636309624
1765156568.3823924,cf2,-0.24344007670879364,0.8043826818466187,0.9900878667831421,0.477148175239563,0.39597469568252563,0.010362344793975353
1765156568.3827314,cf2,-0.24344007670879364,0.8043826818466187,0.9900878667831421,0.4800974130630493,0.4011991322040558,0.010529421269893646
1765156568.3932939,cf1,0.13833719491958618,1.1326326131820679,0.9962103962898254,0.5148695111274719,0.4965311586856842,0.022741956636309624
1765156568.3938057,cf1,0.13833719491958618,1.1326326131820679,0.9962103962898254,0.5141741633415222,0.4935394823551178,0.023974303156137466
1765156568.402559,cf2,-0.2331686168909073,0.8127989768981934,0.989928662776947,0.4800974130630493,0.4011991322040558,0.010529421269893646
1765156568.4028785,cf2,-0.2331686168909073,0.8127989768981934,0.989928662776947,0.4830159544944763,0.4062516689300537,0.012816806323826313
1765156568.4135096,cf1,0.1492619514465332,1.143039584159851,0.9968070387840271,0.5141741633415222,0.4935394823551178,0.023974303156137466
1765156568.4137602,cf1,0.1492619514465332,1.143039584159851,0.9968070387840271,0.5132533311843872,0.490147203207016,0.022546259686350822
1765156568.4224982,cf2,-0.22284552454948425,0.8213193416595459,0.9898539185523987,0.4830159544944763,0.4062516689300537,0.012816806323826313
1765156568.4229012,cf2,-0.22284552454948425,0.8213193416595459,0.9898539185523987,0.48587357997894287,0.41109499335289,0.016716161742806435
1765156568.433166,cf1,0.16016261279582977,1.1533719301223755,0.9973424077033997,0.5132533311843872,0.490147203207016,0.022546259686350822
1765156568.4335432,cf1,0.16016261279582977,1.1533719301223755,0.9973424077033997,0.5121574401855469,0.4863729774951935,0.01845932938158512
1765156568.442446,cf2,-0.21247248351573944,0.8299393057823181,0.9898822903633118,0.48587357997894287,0.41109499335289,0.016716161742806435
1765156568.4427533,cf2,-0.21247248351573944,0.8299393057823181,0.9898822903633118,0.48861992359161377,0.41569289565086365,0.02131873182952404
1765156568.4532988,cf1,0.16941377520561218,1.1620913743972778,0.9977017641067505,0.5121574401855469,0.4863729774951935,0.01845932938158512
1765156568.453832,cf1,0.16941377520561218,1.1620913743972778,0.9977017641067505,0.504650890827179,0.47632381319999695,0.011257309466600418
1765156568.462514,cf2,-0.2020527869462967,0.8386527895927429,0.9900131821632385,0.48861992359161377,0.41569289565086365,0.02131873182952404
1765156568.46302,cf2,-0.2020527869462967,0.8386527895927429,0.9900131821632385,0.49120187759399414,0.4200075566768646,0.025890318676829338
1765156568.4736292,cf1,0.18175572156906128,1.1736698150634766,0.9980742931365967,0.504650890827179,0.47632381319999695,0.011257309466600418
1765156568.473986,cf1,0.18175572156906128,1.1736698150634766,0.9980742931365967,0.505620002746582,0.4740920066833496,0.004288783296942711
1765156568.4824758,cf2,-0.19158920645713806,0.8474535942077637,0.9902294874191284,0.49120187759399414,0.4200075566768646,0.025890318676829338
1765156568.4830742,cf2,-0.19158920645713806,0.8474535942077637,0.9902294874191284,0.49361279606819153,0.4240323305130005,0.029368272051215172
1765156568.4935882,cf1,0.19266286492347717,1.1838301420211792,0.9982749819755554,0.505620002746582,0.4740920066833496,0.004288783296942711
1765156568.4939377,cf1,0.19266286492347717,1.1838301420211792,0.9982749819755554,0.5044848322868347,0.4696337878704071,-0.002433780813589692
1765156568.5024345,cf2,-0.18207313120365143,0.8555235266685486,0.9904679656028748,0.49361279606819153,0.4240323305130005,0.029368272051215172
1765156568.5027673,cf2,-0.18207313120365143,0.8555235266685486,0.9904679656028748,0.4957631230354309,0.4277280867099762,0.030781252309679985
1765156568.5130692,cf1,0.20184695720672607,1.1923267841339111,0.9983882904052734,0.5044848322868347,0.4696337878704071,-0.002433780813589692
1765156568.5134146,cf1,0.20184695720672607,1.1923267841339111,0.9983882904052734,0.49700936675071716,0.4591086506843567,-0.006694629788398743
1765156568.5223744,cf2,-0.17154096066951752,0.8644687533378601,0.9907524585723877,0.4957631230354309,0.4277280867099762,0.030781252309679985
1765156568.522715,cf2,-0.17154096066951752,0.8644687533378601,0.9907524585723877,0.4955577552318573,0.4293608069419861,0.029399126768112183
1765156568.5335417,cf1,0.21146497130393982,1.201170563697815,0.9985020756721497,0.49700936675071716,0.4591086506843567,-0.006694629788398743
1765156568.5337722,cf1,0.21146497130393982,1.201170563697815,0.9985020756721497,0.49585819244384766,0.4542903006076813,-0.006565270014107227
1765156568.542442,cf2,-0.1609860360622406,0.8734737634658813,0.9910120368003845,0.4955577552318573,0.4293608069419861,0.029399126768112183
1765156568.5430923,cf2,-0.1609860360622406,0.8734737634658813,0.9910120368003845,0.49898064136505127,0.4338274300098419,0.02666500210762024
1765156568.5540526,cf1,0.22333602607250214,1.2120063304901123,0.9987228512763977,0.49585819244384766,0.4542903006076813,-0.006565270014107227
1765156568.5543268,cf1,0.22333602607250214,1.2120063304901123,0.9987228512763977,0.4938007891178131,0.44835996627807617,-0.003978544380515814
1765156568.5635223,cf2,-0.15036384761333466,0.8825734853744507,0.9912167191505432,0.49898064136505127,0.4338274300098419,0.02666500210762024
1765156568.5637474,cf2,-0.15036384761333466,0.8825734853744507,0.9912167191505432,0.4984758794307709,0.4348818063735962,0.02196636237204075
1765156568.5742831,cf1,0.23391370475292206,1.2215783596038818,0.9990153312683105,0.4938007891178131,0.44835996627807617,-0.003978544380515814
1765156568.5746014,cf1,0.23391370475292206,1.2215783596038818,0.9990153312683105,0.4928371012210846,0.4435070753097534,0.0019402753096073866
1765156568.5834014,cf2,-0.13885046541690826,0.8924492597579956,0.9913618564605713,0.4984758794307709,0.4348818063735962,0.02196636237204075
1765156568.5836692,cf2,-0.13885046541690826,0.8924492597579956,0.9913618564605713,0.4992283582687378,0.4367826581001282,0.01730581372976303
1765156568.5942185,cf1,0.24458061158657074,1.2311488389968872,0.9994256496429443,0.4928371012210846,0.4435070753097534,0.0019402753096073866
1765156568.5944867,cf1,0.24458061158657074,1.2311488389968872,0.9994256496429443,0.49253740906715393,0.43912026286125183,0.009731301106512547
1765156568.6022515,cf2,-0.12901389598846436,0.9009585976600647,0.9914423227310181,0.4992283582687378,0.4367826581001282,0.01730581372976303
1765156568.6026306,cf2,-0.12901389598846436,0.9009585976600647,0.9914423227310181,0.4985474944114685,0.43730154633522034,0.01281344797462225
1765156568.6143577,cf1,0.25524383783340454,1.240632176399231,0.9999457001686096,0.49253740906715393,0.43912026286125183,0.009731301106512547
1765156568.6147528,cf1,0.25524383783340454,1.240632176399231,0.9999457001686096,0.4926157593727112,0.4350201487541199,0.016892090439796448
1765156568.6224499,cf2,-0.11865750700235367,0.9099118113517761,0.9915083646774292,0.4985474944114685,0.43730154633522034,0.01281344797462225
1765156568.6228173,cf2,-0.11865750700235367,0.9099118113517761,0.9915083646774292,0.4965289533138275,0.4364633858203888,0.010398452170193195
1765156568.6334827,cf1,0.26592838764190674,1.2500489950180054,1.0005403757095337,0.4926157593727112,0.4350201487541199,0.016892090439796448
1765156568.6338363,cf1,0.26592838764190674,1.2500489950180054,1.0005403757095337,0.491394966840744,0.4295194149017334,0.021477309986948967
1765156568.6422884,cf2,-0.10807934403419495,0.919080376625061,0.9916008710861206,0.4965289533138275,0.4364633858203888,0.010398452170193195
1765156568.642666,cf2,-0.10807934403419495,0.919080376625061,0.9916008710861206,0.4967655837535858,0.4373350441455841,0.010519231669604778
1765156568.6534307,cf1,0.2781106233596802,1.2606784105300903,1.001232624053955,0.491394966840744,0.4295194149017334,0.021477309986948967
1765156568.6538212,cf1,0.2781106233596802,1.2606784105300903,1.001232624053955,0.4938470423221588,0.42732512950897217,0.022554730996489525
1765156568.663753,cf2,-0.09725072234869003,0.928487241268158,0.9917634725570679,0.4967655837535858,0.4373350441455841,0.010519231669604778
1765156568.6641097,cf2,-0.09725072234869003,0.928487241268158,0.9917634725570679,0.49763864278793335,0.43853849172592163,0.013824301771819592
1765156568.6736681,cf1,0.28886163234710693,1.2699674367904663,1.0017799139022827,0.4938470423221588,0.42732512950897217,0.022554730996489525
1765156568.673972,cf1,0.28886163234710693,1.2699674367904663,1.0017799139022827,0.49436208605766296,0.4233606457710266,0.01915590651333332
1765156568.6824493,cf2,-0.08361112326383591,0.9403858780860901,0.9920918941497803,0.49763864278793335,0.43853849172592163,0.013824301771819592
1765156568.682751,cf2,-0.08361112326383591,0.9403858780860901,0.9920918941497803,0.5010675191879272,0.44201213121414185,0.019719881936907768
1765156568.6933658,cf1,0.29951757192611694,1.2790861129760742,1.0021861791610718,0.49436208605766296,0.4233606457710266,0.01915590651333332
1765156568.693698,cf1,0.29951757192611694,1.2790861129760742,1.0021861791610718,0.4945666193962097,0.4190199375152588,0.011793266981840134
1765156568.7023242,cf2,-0.07295306026935577,0.9496650695800781,0.9925139546394348,0.5010675191879272,0.44201213121414185,0.019719881936907768
1765156568.7027478,cf2,-0.07295306026935577,0.9496650695800781,0.9925139546394348,0.5015566945075989,0.44251102209091187,0.026559464633464813
1765156568.7133486,cf1,0.3101593852043152,1.288103461265564,1.0024129152297974,0.4945666193962097,0.4190199375152588,0.011793266981840134
1765156568.7139423,cf1,0.3101593852043152,1.288103461265564,1.0024129152297974,0.49452415108680725,0.4143352210521698,0.00143725099042058
1765156568.7224214,cf2,-0.06303265690803528,0.9582970142364502,0.9930179715156555,0.5015566945075989,0.44251102209091187,0.026559464633464813
1765156568.7227526,cf2,-0.06303265690803528,0.9582970142364502,0.9930179715156555,0.4968719780445099,0.43823835253715515,0.031902976334095
1765156568.733502,cf1,0.3195289373397827,1.2959730625152588,1.0024428367614746,0.49452415108680725,0.4143352210521698,0.00143725099042058
1765156568.7338245,cf1,0.3195289373397827,1.2959730625152588,1.0024428367614746,0.48897501826286316,0.40496352314949036,-0.010896383784711361
1765156568.7423913,cf2,-0.05436332896351814,0.9658267498016357,0.9935052990913391,0.4968719780445099,0.43823835253715515,0.031902976334095
1765156568.7428656,cf2,-0.05436332896351814,0.9658267498016357,0.9935052990913391,0.4905875027179718,0.4323824346065521,0.03363976627588272
1765156568.75408,cf1,0.32985442876815796,1.3045530319213867,1.0023460388183594,0.48897501826286316,0.40496352314949036,-0.010896383784711361
1765156568.7543921,cf1,0.32985442876815796,1.3045530319213867,1.0023460388183594,0.4856396019458771,0.397078275680542,-0.021899305284023285
1765156568.7622354,cf2,-0.04448450729250908,0.9744236469268799,0.9940598011016846,0.4905875027179718,0.4323824346065521,0.03363976627588272
1765156568.7626655,cf2,-0.04448450729250908,0.9744236469268799,0.9940598011016846,0.4899323880672455,0.4314286410808563,0.03310779109597206
1765156568.7741227,cf1,0.34234556555747986,1.3147757053375244,1.002111554145813,0.4856396019458771,0.397078275680542,-0.021899305284023285
1765156568.7743707,cf1,0.34234556555747986,1.3147757053375244,1.002111554145813,0.48617953062057495,0.3923988342285156,-0.028441496193408966
1765156568.782432,cf2,-0.03389906883239746,0.9836389422416687,0.9946076273918152,0.4899323880672455,0.4314286410808563,0.03310779109597206
1765156568.7827964,cf2,-0.03389906883239746,0.9836389422416687,0.9946076273918152,0.4908024072647095,0.4316786229610443,0.030835993587970734
1765156568.7941232,cf1,0.3511677086353302,1.321959376335144,1.0020114183425903,0.48617953062057495,0.3923988342285156,-0.028441496193408966
1765156568.7943618,cf1,0.3511677086353302,1.321959376335144,1.0020114183425903,0.47955310344696045,0.38182738423347473,-0.02873840555548668
1765156568.80368,cf2,-0.02321358397603035,0.9929330348968506,0.9950733184814453,0.4908024072647095,0.4316786229610443,0.030835993587970734
1765156568.804087,cf2,-0.02321358397603035,0.9929330348968506,0.9950733184814453,0.4903755486011505,0.43057990074157715,0.027654830366373062
1765156568.8142748,cf1,0.36153918504714966,1.3302634954452515,1.0019862651824951,0.47955310344696045,0.38182738423347473,-0.02873840555548668
1765156568.8146548,cf1,0.36153918504714966,1.3302634954452515,1.0019862651824951,0.47516632080078125,0.37288492918014526,-0.022326208651065826
1765156568.823419,cf2,-0.009472573176026344,1.0048922300338745,0.9955429434776306,0.4903755486011505,0.43057990074157715,0.027654830366373062
1765156568.8237076,cf2,-0.009472573176026344,1.0048922300338745,0.9955429434776306,0.49801167845726013,0.43651846051216125,0.02558376081287861
1765156568.8341339,cf1,0.37162914872169495,1.3382296562194824,1.0021772384643555,0.47516632080078125,0.37288492918014526,-0.022326208651065826
1765156568.8343604,cf1,0.37162914872169495,1.3382296562194824,1.0021772384643555,0.4724620580673218,0.3652002811431885,-0.011633969843387604
1765156568.843519,cf2,0.0007365429773926735,1.0137381553649902,0.9957559704780579,0.49801167845726013,0.43651846051216125,0.02558376081287861
1765156568.843887,cf2,0.0007365429773926735,1.0137381553649902,0.9957559704780579,0.49565795063972473,0.43354707956314087,0.021570026874542236
1765156568.8542948,cf1,0.38393303751945496,1.3477457761764526,1.0026357173919678,0.4724620580673218,0.3652002811431885,-0.011633969843387604
1765156568.85467,cf1,0.38393303751945496,1.3477457761764526,1.0026357173919678,0.47245410084724426,0.3593793511390686,0.0016337073175236583
1765156568.863678,cf2,0.012084025889635086,1.0235663652420044,0.9959125518798828,0.49565795063972473,0.43354707956314087,0.021570026874542236
1765156568.8640175,cf2,0.012084025889635086,1.0235663652420044,0.9959125518798828,0.5000516176223755,0.43646329641342163,0.01844501867890358
1765156568.8741043,cf1,0.3913816809654236,1.3534643650054932,1.003206729888916,0.47245410084724426,0.3593793511390686,0.0016337073175236583
1765156568.874384,cf1,0.3913816809654236,1.3534643650054932,1.003206729888916,0.46535375714302063,0.3481243848800659,0.01453997939825058
1765156568.8822298,cf2,0.017999976873397827,1.0286492109298706,0.995972752571106,0.5000516176223755,0.43646329641342163,0.01844501867890358
1765156568.8825192,cf2,0.017999976873397827,1.0286492109298706,0.995972752571106,0.5016113519668579,0.4367981553077698,0.014093575067818165
1765156568.8941042,cf1,0.4014449417591095,1.3610520362854004,1.0040427446365356,0.46535375714302063,0.3481243848800659,0.01453997939825058
1765156568.8944871,cf1,0.4014449417591095,1.3610520362854004,1.0040427446365356,0.46375733613967896,0.34089332818984985,0.024562116712331772
1765156568.9035506,cf2,0.033816657960414886,1.0423359870910645,0.9960629940032959,0.5016113519668579,0.4367981553077698,0.014093575067818165
1765156568.9037943,cf2,0.033816657960414886,1.0423359870910645,0.9960629940032959,0.5024339556694031,0.43641307950019836,0.01129981316626072
1765156568.9140222,cf1,0.41163039207458496,1.368605136871338,1.004963994026184,0.46375733613967896,0.34089332818984985,0.024562116712331772
1765156568.9142563,cf1,0.41163039207458496,1.368605136871338,1.004963994026184,0.46261176466941833,0.3338876962661743,0.028600722551345825
1765156568.9233878,cf2,0.04453433305025101,1.0515666007995605,0.9961475729942322,0.5024339556694031,0.43641307950019836,0.01129981316626072
1765156568.9237065,cf2,0.04453433305025101,1.0515666007995605,0.9961475729942322,0.5041743516921997,0.436785489320755,0.009816678240895271
1765156568.934183,cf1,0.4217827618122101,1.3760066032409668,1.0058422088623047,0.46261176466941833,0.3338876962661743,0.028600722551345825
1765156568.9345813,cf1,0.4217827618122101,1.3760066032409668,1.0058422088623047,0.4614673852920532,0.32675623893737793,0.02621127851307392
1765156568.9439027,cf2,0.05539419874548912,1.0609012842178345,0.996290385723114,0.5041743516921997,0.436785489320755,0.009816678240895271
1765156568.9441671,cf2,0.05539419874548912,1.0609012842178345,0.996290385723114,0.5058801770210266,0.43704596161842346,0.010901432484388351
1765156568.9540114,cf1,0.43468666076660156,1.3851889371871948,1.0067718029022217,0.4614673852920532,0.32675623893737793,0.02621127851307392
1765156568.9542694,cf1,0.43468666076660156,1.3851889371871948,1.0067718029022217,0.46211516857147217,0.3201028108596802,0.018262377008795738
1765156568.9624898,cf2,0.06120694428682327,1.065865397453308,0.9964632987976074,0.5058801770210266,0.43704596161842346,0.010901432484388351
1765156568.9626067,cf2,0.06120694428682327,1.065865397453308,0.9964632987976074,0.5062225461006165,0.4366201162338257,0.012309891171753407
1765156568.9741163,cf1,0.44515112042427063,1.3925042152404785,1.0071645975112915,0.46211516857147217,0.3201028108596802,0.018262377008795738
1765156568.9743803,cf1,0.44515112042427063,1.3925042152404785,1.0071645975112915,0.460794597864151,0.31201183795928955,0.0043121082708239555
1765156568.9824152,cf2,0.07109854370355606,1.0743447542190552,0.9967233538627625,0.5062225461006165,0.4366201162338257,0.012309891171753407
1765156568.982781,cf2,0.07109854370355606,1.0743447542190552,0.9967233538627625,0.5056973695755005,0.4347459673881531,0.015310741029679775
1765156568.9941723,cf1,0.45215854048728943,1.397365689277649,1.0071415901184082,0.460794597864151,0.31201183795928955,0.0043121082708239555
1765156568.9945247,cf1,0.45215854048728943,1.397365689277649,1.0071415901184082,0.4500044584274292,0.297945499420166,-0.01240322645753622
1765156569.0023966,cf2,0.082955501973629,1.0844658613204956,0.997204601764679,0.5056973695755005,0.4347459673881531,0.015310741029679775
1765156569.0029206,cf2,0.082955501973629,1.0844658613204956,0.997204601764679,0.5062099099159241,0.4337150752544403,0.01939159445464611
1765156569.0140498,cf1,0.4654085338115692,1.4062459468841553,1.0069154500961304,0.4500044584274292,0.297945499420166,-0.01240322645753622
1765156569.0143588,cf1,0.4654085338115692,1.4062459468841553,1.0069154500961304,0.453384667634964,0.29218152165412903,-0.029073238372802734
1765156569.0233278,cf2,0.09381894022226334,1.0937137603759766,0.9977484345436096,0.5062099099159241,0.4337150752544403,0.01939159445464611
1765156569.023573,cf2,0.09381894022226334,1.0937137603759766,0.9977484345436096,0.50644451379776,0.4322967529296875,0.024422112852334976
1765156569.0333238,cf1,0.4704705476760864,1.4096812009811401,1.0067018270492554,0.453384667634964,0.29218152165412903,-0.029073238372802734
1765156569.03385,cf1,0.4704705476760864,1.4096812009811401,1.0067018270492554,0.4515700340270996,0.2877167761325836,-0.035138048231601715
1765156569.0435328,cf2,0.10470318049192429,1.102943778038025,0.9983882904052734,0.50644451379776,0.4322967529296875,0.024422112852334976
1765156569.043868,cf2,0.10470318049192429,1.102943778038025,0.9983882904052734,0.5049736499786377,0.42913317680358887,0.029445013031363487
1765156569.0535834,cf1,0.48038455843925476,1.4161263704299927,1.006286382675171,0.4515700340270996,0.2877167761325836,-0.035138048231601715
1765156569.053911,cf1,0.48038455843925476,1.4161263704299927,1.006286382675171,0.4484686851501465,0.2780899703502655,-0.04185714200139046
1765156569.063311,cf2,0.1155267134308815,1.1120837926864624,0.9990823864936829,0.5049736499786377,0.42913317680358887,0.029445013031363487
1765156569.063663,cf2,0.1155267134308815,1.1120837926864624,0.9990823864936829,0.5051440000534058,0.4272761642932892,0.03217191621661186
1765156569.0733995,cf1,0.490216463804245,1.4223637580871582,1.0059444904327393,0.4484686851501465,0.2780899703502655,-0.04185714200139046
1765156569.0736609,cf1,0.490216463804245,1.4223637580871582,1.0059444904327393,0.44680824875831604,0.2696684002876282,-0.038824912160634995
1765156569.0835059,cf2,0.12637197971343994,1.121201753616333,0.9997792840003967,0.5051440000534058,0.4272761642932892,0.03217191621661186
1765156569.083742,cf2,0.12637197971343994,1.121201753616333,0.9997792840003967,0.5053231120109558,0.4252965450286865,0.03208807855844498
1765156569.0933595,cf1,0.5000167489051819,1.4284230470657349,1.0058023929595947,0.44680824875831604,0.2696684002876282,-0.038824912160634995
1765156569.09361,cf1,0.5000167489051819,1.4284230470657349,1.0058023929595947,0.4450351595878601,0.261174738407135,-0.02947941981256008
1765156569.103443,cf2,0.13617832958698273,1.1294102668762207,1.0003665685653687,0.5053231120109558,0.4252965450286865,0.03208807855844498
1765156569.1037593,cf2,0.13617832958698273,1.1294102668762207,1.0003665685653687,0.5054177641868591,0.42307671904563904,0.0281998123973608
1765156569.1135848,cf1,0.5097543001174927,1.4342780113220215,1.0059279203414917,0.4450351595878601,0.261174738407135,-0.02947941981256008
1765156569.1139717,cf1,0.5097543001174927,1.4342780113220215,1.0059279203414917,0.4430796504020691,0.2524510324001312,-0.01569577492773533
1765156569.123435,cf2,0.14803804457187653,1.1392812728881836,1.0009344816207886,0.5054177641868591,0.42307671904563904,0.0281998123973608
1765156569.1237233,cf2,0.14803804457187653,1.1392812728881836,1.0009344816207886,0.5052693486213684,0.4205043911933899,0.021284732967615128
1765156569.1331367,cf1,0.5194305181503296,1.4399231672286987,1.0063451528549194,0.4430796504020691,0.2524510324001312,-0.01569577492773533
1765156569.1335514,cf1,0.5194305181503296,1.4399231672286987,1.0063451528549194,0.44107815623283386,0.24354438483715057,-0.0002539810084272176
1765156569.1435182,cf2,0.15782012045383453,1.1473811864852905,1.0012907981872559,0.5052693486213684,0.4205043911933899,0.021284732967615128
1765156569.1438613,cf2,0.15782012045383453,1.1473811864852905,1.0012907981872559,0.5048486590385437,0.41755273938179016,0.012721939943730831
1765156569.153659,cf1,0.5290430188179016,1.445357322692871,1.0070202350616455,0.44107815623283386,0.24354438483715057,-0.0002539810084272176
1765156569.1539958,cf1,0.5290430188179016,1.445357322692871,1.0070202350616455,0.438938170671463,0.23448032140731812,0.013610835187137127
1765156569.1636229,cf2,0.16861113905906677,1.156264305114746,1.001529574394226,0.5048486590385437,0.41755273938179016,0.012721939943730831
1765156569.163962,cf2,0.16861113905906677,1.156264305114746,1.001529574394226,0.5041948556900024,0.4142240285873413,0.003675314364954829
1765156569.1739936,cf1,0.5386115908622742,1.450589895248413,1.0078649520874023,0.438938170671463,0.23448032140731812,0.013610835187137127
1765156569.1743295,cf1,0.5386115908622742,1.450589895248413,1.0078649520874023,0.4351094365119934,0.22398346662521362,0.02332557551562786
1765156569.18363,cf2,0.1793750673532486,1.1650688648223877,1.0016592741012573,0.5041948556900024,0.4142240285873413,0.003675314364954829
1765156569.1839666,cf2,0.1793750673532486,1.1650688648223877,1.0016592741012573,0.5011749863624573,0.40879517793655396,-0.0034214628394693136
1765156569.1940715,cf1,0.548064649105072,1.4555857181549072,1.0087491273880005,0.4351094365119934,0.22398346662521362,0.02332557551562786
1765156569.194389,cf1,0.548064649105072,1.4555857181549072,1.0087491273880005,0.43261024355888367,0.21440942585468292,0.026471298187971115
1765156569.2033648,cf2,0.18977394700050354,1.173515796661377,1.001750111579895,0.5011749863624573,0.40879517793655396,-0.0034214628394693136
1765156569.2038343,cf2,0.18977394700050354,1.173515796661377,1.001750111579895,0.4985272288322449,0.40351197123527527,-0.006793265696614981
1765156569.2140462,cf1,0.5574723482131958,1.4603832960128784,1.0095441341400146,0.43261024355888367,0.21440942585468292,0.026471298187971115
1765156569.214391,cf1,0.5574723482131958,1.4603832960128784,1.0095441341400146,0.42997440695762634,0.20457234978675842,0.022501211613416672
1765156569.223459,cf2,0.19950836896896362,1.1813690662384033,1.0018905401229858,0.4985272288322449,0.40351197123527527,-0.006793265696614981
1765156569.2237985,cf2,0.19950836896896362,1.1813690662384033,1.0018905401229858,0.4929828345775604,0.3957470953464508,-0.00558992987498641
1765156569.2341573,cf1,0.5668084621429443,1.4649713039398193,1.0101243257522583,0.42997440695762634,0.20457234978675842,0.022501211613416672
1765156569.23438,cf1,0.5668084621429443,1.4649713039398193,1.0101243257522583,0.42708322405815125,0.1944090574979782,0.012128050439059734
1765156569.2434158,cf2,0.21135470271110535,1.1908447742462158,1.0021789073944092,0.4929828345775604,0.3957470953464508,-0.00558992987498641
1765156569.243946,cf2,0.21135470271110535,1.1908447742462158,1.0021789073944092,0.49162283539772034,0.39116790890693665,0.00016303083975799382
1765156569.2541192,cf1,0.5760701894760132,1.469348430633545,1.0103925466537476,0.42708322405815125,0.1944090574979782,0.012128050439059734
1765156569.2543595,cf1,0.5760701894760132,1.469348430633545,1.0103925466537476,0.4239795207977295,0.18391574919223785,-0.0034062545746564865
1765156569.2635922,cf2,0.2217300683259964,1.1990667581558228,1.0026447772979736,0.49162283539772034,0.39116790890693665,0.00016303083975799382
1765156569.2639155,cf2,0.2217300683259964,1.1990667581558228,1.0026447772979736,0.48940855264663696,0.3857855200767517,0.009823542088270187
1765156569.2739308,cf1,0.5852562785148621,1.4735126495361328,1.0103098154067993,0.4239795207977295,0.18391574919223785,-0.0034062545746564865
1765156569.2741687,cf1,0.5852562785148621,1.4735126495361328,1.0103098154067993,0.4206939935684204,0.17315281927585602,-0.021349262446165085
1765156569.2834904,cf2,0.23261971771717072,1.2076151371002197,1.0033358335494995,0.48940855264663696,0.3857855200767517,0.009823542088270187
1765156569.2838316,cf2,0.23261971771717072,1.2076151371002197,1.0033358335494995,0.4869658946990967,0.38004937767982483,0.02120218798518181
1765156569.2933965,cf1,0.5936808586120605,1.4771229028701782,1.0099663734436035,0.4206939935684204,0.17315281927585602,-0.021349262446165085
1765156569.2937355,cf1,0.5936808586120605,1.4771229028701782,1.0099663734436035,0.41592007875442505,0.16120044887065887,-0.03864937275648117
1765156569.3035958,cf2,0.24288617074489594,1.2155911922454834,1.0041817426681519,0.4869658946990967,0.38004937767982483,0.02120218798518181
1765156569.3038359,cf2,0.24288617074489594,1.2155911922454834,1.0041817426681519,0.4829738438129425,0.3729720115661621,0.03145933523774147
1765156569.3135867,cf1,0.6025156378746033,1.4807863235473633,1.0093681812286377,0.41592007875442505,0.16120044887065887,-0.03864937275648117
1765156569.3142996,cf1,0.6025156378746033,1.4807863235473633,1.0093681812286377,0.41194814443588257,0.1500406712293625,-0.04970910772681236
1765156569.3234806,cf2,0.25343090295791626,1.2237000465393066,1.0051555633544922,0.4829738438129425,0.3729720115661621,0.03145933523774147
1765156569.3237572,cf2,0.25343090295791626,1.2237000465393066,1.0051555633544922,0.47874313592910767,0.36544379591941833,0.03829847648739815
1765156569.3335695,cf1,0.6114466786384583,1.4842908382415771,1.0086952447891235,0.41194814443588257,0.1500406712293625,-0.04970910772681236
1765156569.3338745,cf1,0.6114466786384583,1.4842908382415771,1.0086952447891235,0.4081088602542877,0.138946533203125,-0.053112417459487915
1765156569.3436007,cf2,0.26430127024650574,1.2319704294204712,1.006170392036438,0.47874313592910767,0.36544379591941833,0.03829847648739815
1765156569.3439004,cf2,0.26430127024650574,1.2319704294204712,1.006170392036438,0.47815656661987305,0.36061495542526245,0.040037136524915695
1765156569.3533802,cf1,0.620293378829956,1.4875550270080566,1.0081239938735962,0.4081088602542877,0.138946533203125,-0.053112417459487915
1765156569.353841,cf1,0.620293378829956,1.4875550270080566,1.0081239938735962,0.4041614830493927,0.12788809835910797,-0.04751195013523102
1765156569.3634207,cf2,0.27480021119117737,1.239872694015503,1.0070459842681885,0.47815656661987305,0.36061495542526245,0.040037136524915695
1765156569.3636463,cf2,0.27480021119117737,1.239872694015503,1.0070459842681885,0.4786783456802368,0.35673609375953674,0.03586200252175331
1765156569.3741803,cf1,0.6292341947555542,1.4906251430511475,1.0078061819076538,0.4041614830493927,0.12788809835910797,-0.04751195013523102
1765156569.3746338,cf1,0.6292341947555542,1.4906251430511475,1.0078061819076538,0.3989163637161255,0.11608156561851501,-0.03261556848883629
1765156569.3838155,cf2,0.2853306829929352,1.2477136850357056,1.007717251777649,0.4786783456802368,0.35673609375953674,0.03586200252175331
1765156569.3842614,cf2,0.2853306829929352,1.2477136850357056,1.007717251777649,0.479425847530365,0.352925181388855,0.0265567135065794
1765156569.3932724,cf1,0.6378823518753052,1.4933780431747437,1.0078545808792114,0.3989163637161255,0.11608156561851501,-0.03261556848883629
1765156569.3936892,cf1,0.6378823518753052,1.4933780431747437,1.0078545808792114,0.39178866147994995,0.10379385948181152,-0.013411161489784718
1765156569.4037204,cf2,0.29464107751846313,1.254582405090332,1.0080560445785522,0.479425847530365,0.352925181388855,0.0265567135065794
1765156569.4040353,cf2,0.29464107751846313,1.254582405090332,1.0080560445785522,0.4755503237247467,0.34568095207214355,0.01271077711135149
1765156569.4132118,cf1,0.6462343335151672,1.4958348274230957,1.0082427263259888,0.39178866147994995,0.10379385948181152,-0.013411161489784718
1765156569.4134686,cf1,0.6462343335151672,1.4958348274230957,1.0082427263259888,0.3876088559627533,0.09322692453861237,0.005174477584660053
1765156569.423309,cf2,0.3050863444805145,1.262200951576233,1.0081857442855835,0.4755503237247467,0.34568095207214355,0.01271077711135149
1765156569.4238844,cf2,0.3050863444805145,1.262200951576233,1.0081857442855835,0.4742574095726013,0.340271919965744,-0.00231491238810122
1765156569.433223,cf1,0.6546788215637207,1.498105525970459,1.0089012384414673,0.3876088559627533,0.09322692453861237,0.005174477584660053
1765156569.4334505,cf1,0.6546788215637207,1.498105525970459,1.0089012384414673,0.38387903571128845,0.08289593458175659,0.02023809403181076
1765156569.4432619,cf2,0.31560254096984863,1.2697845697402954,1.0080695152282715,0.4742574095726013,0.340271919965744,-0.00231491238810122
1765156569.4434867,cf2,0.31560254096984863,1.2697845697402954,1.0080695152282715,0.47310054302215576,0.33491453528404236,-0.0156660508364439
1765156569.4536204,cf1,0.6630439758300781,1.5001490116119385,1.0097119808197021,0.38387903571128845,0.08289593458175659,0.02023809403181076
1765156569.4541109,cf1,0.6630439758300781,1.5001490116119385,1.0097119808197021,0.38024333119392395,0.07268854975700378,0.0291315745562315
1765156569.4621572,cf2,0.3273771107196808,1.2781574726104736,1.007761836051941,0.47310054302215576,0.33491453528404236,-0.0156660508364439
1765156569.4624014,cf2,0.3273771107196808,1.2781574726104736,1.007761836051941,0.474682480096817,0.3311466574668884,-0.02368837781250477
1765156569.4737482,cf1,0.6713640093803406,1.5019783973693848,1.0105087757110596,0.38024333119392395,0.07268854975700378,0.0291315745562315
1765156569.4742527,cf1,0.6713640093803406,1.5019783973693848,1.0105087757110596,0.37537217140197754,0.061848580837249756,0.029200630262494087
1765156569.4823787,cf2,0.33791959285736084,1.285560965538025,1.007480502128601,0.474682480096817,0.3311466574668884,-0.02368837781250477
1765156569.4827056,cf2,0.33791959285736084,1.285560965538025,1.007480502128601,0.47578996419906616,0.3272083103656769,-0.02403215505182743
1765156569.4930913,cf1,0.6795627474784851,1.5035899877548218,1.0111171007156372,0.37537217140197754,0.061848580837249756,0.029200630262494087
1765156569.4934573,cf1,0.6795627474784851,1.5035899877548218,1.0111171007156372,0.3707207441329956,0.05114763602614403,0.020394932478666306
1765156569.502332,cf2,0.3484424948692322,1.2928481101989746,1.0073505640029907,0.47578996419906616,0.3272083103656769,-0.02403215505182743
1765156569.5027761,cf2,0.3484424948692322,1.2928481101989746,1.0073505640029907,0.47674739360809326,0.3230932354927063,-0.017392413690686226
1765156569.5134234,cf1,0.6876514554023743,1.5049989223480225,1.0114080905914307,0.3707207441329956,0.05114763602614403,0.020394932478666306
1765156569.513894,cf1,0.6876514554023743,1.5049989223480225,1.0114080905914307,0.3676702678203583,0.04117866978049278,0.005046796053647995
1765156569.5242743,cf2,0.35918930172920227,1.3001781702041626,1.0074857473373413,0.47674739360809326,0.3230932354927063,-0.017392413690686226
1765156569.5246181,cf2,0.35918930172920227,1.3001781702041626,1.0074857473373413,0.4762885272502899,0.31771621108055115,-0.004929899703711271
1765156569.533888,cf1,0.6957164406776428,1.5062189102172852,1.0113056898117065,0.3676702678203583,0.04117866978049278,0.005046796053647995
1765156569.5343752,cf1,0.6957164406776428,1.5062189102172852,1.0113056898117065,0.3647858202457428,0.03115217201411724,-0.014410767704248428
1765156569.5424402,cf2,0.3695144057273865,1.307114839553833,1.007928490638733,0.4762885272502899,0.31771621108055115,-0.004929899703711271
1765156569.5427816,cf2,0.3695144057273865,1.307114839553833,1.007928490638733,0.4746595621109009,0.3114621341228485,0.009350092150270939
1765156569.5546222,cf1,0.705930769443512,1.507392406463623,1.0106611251831055,0.3647858202457428,0.03115217201411724,-0.014410767704248428
1765156569.554969,cf1,0.705930769443512,1.507392406463623,1.0106611251831055,0.3649228811264038,0.0203899797052145,-0.03466198220849037
1765156569.562416,cf2,0.3799230754375458,1.3139982223510742,1.0086311101913452,0.4746595621109009,0.3114621341228485,0.009350092150270939
1765156569.5627377,cf2,0.3799230754375458,1.3139982223510742,1.0086311101913452,0.47450146079063416,0.3062886595726013,0.021258391439914703
1765156569.5742695,cf1,0.712224006652832,1.5080894231796265,1.0099529027938843,0.3649228811264038,0.0203899797052145,-0.03466198220849037
1765156569.5746565,cf1,0.712224006652832,1.5080894231796265,1.0099529027938843,0.3561669886112213,0.01016936544328928,-0.04788481071591377
1765156569.5834384,cf2,0.3905908167362213,1.32093346118927,1.0095372200012207,0.47450146079063416,0.3062886595726013,0.021258391439914703
1765156569.583794,cf2,0.3905908167362213,1.32093346118927,1.0095372200012207,0.47269299626350403,0.2996369004249573,0.029065828770399094
1765156569.594232,cf1,0.7195287942886353,1.5086594820022583,1.0090686082839966,0.3561669886112213,0.01016936544328928,-0.04788481071591377
1765156569.5945003,cf1,0.7195287942886353,1.5086594820022583,1.0090686082839966,0.3522082269191742,0.00010824988567037508,-0.05356023833155632
1765156569.6035419,cf2,0.4007602035999298,1.3274387121200562,1.0104634761810303,0.47269299626350403,0.2996369004249573,0.029065828770399094
1765156569.6039212,cf2,0.4007602035999298,1.3274387121200562,1.0104634761810303,0.47110748291015625,0.293226033449173,0.030686872079968452
1765156569.6141846,cf1,0.7272891998291016,1.5090396404266357,1.0081918239593506,0.3522082269191742,0.00010824988567037508,-0.05356023833155632
1765156569.6144292,cf1,0.7272891998291016,1.5090396404266357,1.0081918239593506,0.34928250312805176,-0.00995247345417738,-0.05029705911874771
1765156569.6223128,cf2,0.41176310181617737,1.3342958688735962,1.0114219188690186,0.47110748291015625,0.293226033449173,0.030686872079968452
1765156569.6227007,cf2,0.41176310181617737,1.3342958688735962,1.0114219188690186,0.47032442688941956,0.2865757346153259,0.02619270607829094
1765156569.634221,cf1,0.7349991202354431,1.5091904401779175,1.0075360536575317,0.34928250312805176,-0.00995247345417738,-0.05029705911874771
1765156569.6346436,cf1,0.7349991202354431,1.5091904401779175,1.0075360536575317,0.34616005420684814,-0.019969237968325615,-0.03832392394542694
1765156569.6424515,cf2,0.42193126678466797,1.3405615091323853,1.0120843648910522,0.47032442688941956,0.2865757346153259,0.02619270607829094
1765156569.6428614,cf2,0.42193126678466797,1.3405615091323853,1.0120843648910522,0.4680803418159485,0.2792014181613922,0.015207558870315552
1765156569.6542172,cf1,0.7426236271858215,1.5091063976287842,1.0072063207626343,0.34616005420684814,-0.019969237968325615,-0.03832392394542694
1765156569.6546423,cf1,0.7426236271858215,1.5091063976287842,1.0072063207626343,0.34298864006996155,-0.029939595609903336,-0.02101460099220276
1765156569.6622894,cf2,0.4321441948413849,1.3467354774475098,1.0124691724777222,0.4680803418159485,0.2792014181613922,0.015207558870315552
1765156569.6626225,cf2,0.4321441948413849,1.3467354774475098,1.0124691724777222,0.4657399356365204,0.2715563178062439,0.0002575116232037544
1765156569.6740842,cf1,0.7501631379127502,1.508786678314209,1.0072234869003296,0.34298864006996155,-0.029939595609903336,-0.02101460099220276
1765156569.674367,cf1,0.7501631379127502,1.508786678314209,1.0072234869003296,0.3397710621356964,-0.039876703172922134,-0.0028677056543529034
1765156569.6823826,cf2,0.4422909915447235,1.3527470827102661,1.0125538110733032,0.4657399356365204,0.2715563178062439,0.0002575116232037544
1765156569.6827831,cf2,0.4422909915447235,1.3527470827102661,1.0125538110733032,0.4608081579208374,0.2624495327472687,-0.015736747533082962
1765156569.6944532,cf1,0.7576168775558472,1.5082350969314575,1.007536768913269,0.3397710621356964,-0.039876703172922134,-0.0028677056543529034
1765156569.6948302,cf1,0.7576168775558472,1.5082350969314575,1.007536768913269,0.33647388219833374,-0.04982156306505203,0.012715267017483711
1765156569.7022476,cf2,0.45235559344291687,1.358582854270935,1.0124049186706543,0.4608081579208374,0.2624495327472687,-0.015736747533082962
1765156569.702473,cf2,0.45235559344291687,1.358582854270935,1.0124049186706543,0.4574851095676422,0.25398197770118713,-0.02805281989276409
1765156569.7143452,cf1,0.7649853825569153,1.507455825805664,1.0080394744873047,0.33647388219833374,-0.04982156306505203,0.012715267017483711
1765156569.7147303,cf1,0.7649853825569153,1.507455825805664,1.0080394744873047,0.33308708667755127,-0.05981583893299103,0.02304009161889553
1765156569.7253392,cf2,0.46197474002838135,1.3640854358673096,1.0121798515319824,0.4574851095676422,0.25398197770118713,-0.02805281989276409
1765156569.7255797,cf2,0.46197474002838135,1.3640854358673096,1.0121798515319824,0.4524975121021271,0.24411866068840027,-0.033993154764175415
1765156569.734431,cf1,0.7722691297531128,1.5064553022384644,1.0085859298706055,0.33308708667755127,-0.05981583893299103,0.02304009161889553
1765156569.7347002,cf1,0.7722691297531128,1.5064553022384644,1.0085859298706055,0.32957562804222107,-0.06990945339202881,0.02581915631890297
1765156569.7435331,cf2,0.4722069799900055,1.3696788549423218,1.011959433555603,0.4524975121021271,0.24411866068840027,-0.033993154764175415
1765156569.74384,cf2,0.4722069799900055,1.3696788549423218,1.011959433555603,0.44820448756217957,0.23490536212921143,-0.03149494156241417
1765156569.7546933,cf1,0.779466986656189,1.5052392482757568,1.009027361869812,0.32957562804222107,-0.06990945339202881,0.02581915631890297
1765156569.755056,cf1,0.779466986656189,1.5052392482757568,1.009027361869812,0.32587552070617676,-0.08014310151338577,0.021007757633924484
1765156569.763408,cf2,0.4819498360157013,1.3749042749404907,1.0119644403457642,0.44820448756217957,0.23490536212921143,-0.03149494156241417
1765156569.763916,cf2,0.4819498360157013,1.3749042749404907,1.0119644403457642,0.44423365592956543,0.2257995307445526,-0.022317731752991676
1765156569.774495,cf1,0.7865779399871826,1.5038126707077026,1.0092233419418335,0.32587552070617676,-0.08014310151338577,0.021007757633924484
1765156569.7748406,cf1,0.7865779399871826,1.5038126707077026,1.0092233419418335,0.32196158170700073,-0.09055318683385849,0.009066663682460785
1765156569.7833622,cf2,0.49161550402641296,1.3799318075180054,1.0122308731079102,0.44423365592956543,0.2257995307445526,-0.022317731752991676
1765156569.7837937,cf2,0.49161550402641296,1.3799318075180054,1.0122308731079102,0.4423666000366211,0.21743613481521606,-0.009329603053629398
1765156569.7944176,cf1,0.7939940690994263,1.5019413232803345,1.0091302394866943,0.32196158170700073,-0.09055318683385849,0.009066663682460785
1765156569.7946746,cf1,0.7939940690994263,1.5019413232803345,1.0091302394866943,0.3178218603134155,-0.10113714635372162,-0.007272005081176758
1765156569.8032124,cf2,0.5011838674545288,1.3847485780715942,1.0127671957015991,0.4423666000366211,0.21743613481521606,-0.009329603053629398
1765156569.8035862,cf2,0.5011838674545288,1.3847485780715942,1.0127671957015991,0.43854349851608276,0.20825320482254028,0.004835956729948521
1765156569.8144937,cf1,0.8007134199142456,1.5002663135528564,1.008582592010498,0.3178218603134155,-0.10113714635372162,-0.007272005081176758
1765156569.8148613,cf1,0.8007134199142456,1.5002663135528564,1.008582592010498,0.3111993670463562,-0.11234860122203827,-0.025960631668567657
1765156569.823876,cf2,0.5063051581382751,1.387355089187622,1.0131986141204834,0.43854349851608276,0.20825320482254028,0.004835956729948521
1765156569.8242981,cf2,0.5063051581382751,1.387355089187622,1.0131986141204834,0.4348791837692261,0.199088454246521,0.016153516247868538
1765156569.8344283,cf1,0.8073598742485046,1.4982669353485107,1.0078251361846924,0.3111993670463562,-0.11234860122203827,-0.025960631668567657
1765156569.8347344,cf1,0.8073598742485046,1.4982669353485107,1.0078251361846924,0.30630627274513245,-0.12293563038110733,-0.03941076621413231
1765156569.8434227,cf2,0.5200487971305847,1.3937664031982422,1.0143409967422485,0.4348791837692261,0.199088454246521,0.016153516247868538
1765156569.8439214,cf2,0.5200487971305847,1.3937664031982422,1.0143409967422485,0.4313659071922302,0.18992526829242706,0.021945064887404442
1765156569.8541691,cf1,0.8140786290168762,1.495988130569458,1.0069148540496826,0.30630627274513245,-0.12293563038110733,-0.03941076621413231
1765156569.8545768,cf1,0.8140786290168762,1.495988130569458,1.0069148540496826,0.3015802502632141,-0.13367125391960144,-0.045872222632169724
1765156569.8639174,cf2,0.5251774787902832,1.3962070941925049,1.014760971069336,0.4313659071922302,0.18992526829242706,0.021945064887404442
1765156569.864373,cf2,0.5251774787902832,1.3962070941925049,1.014760971069336,0.4281705915927887,0.18466469645500183,0.022134404629468918
1765156569.8744311,cf1,0.8206968307495117,1.4934728145599365,1.0060415267944336,0.3015802502632141,-0.13367125391960144,-0.045872222632169724
1765156569.8747213,cf1,0.8206968307495117,1.4934728145599365,1.0060415267944336,0.29674893617630005,-0.14431218802928925,-0.043001439422369
1765156569.8833911,cf2,0.534357488155365,1.4002817869186401,1.0154285430908203,0.4281705915927887,0.18466469645500183,0.022134404629468918
1765156569.8836257,cf2,0.534357488155365,1.4002817869186401,1.0154285430908203,0.4228772819042206,0.17430426180362701,0.017350217327475548
1765156569.8944743,cf1,0.8275589942932129,1.4904180765151978,1.0052639245986938,0.29674893617630005,-0.14431218802928925,-0.043001439422369
1765156569.894725,cf1,0.8275589942932129,1.4904180765151978,1.0052639245986938,0.29189759492874146,-0.1547851264476776,-0.03212674707174301
1765156569.9036443,cf2,0.5435104370117188,1.4041924476623535,1.0158809423446655,0.4228772819042206,0.17430426180362701,0.017350217327475548
1765156569.903955,cf2,0.5435104370117188,1.4041924476623535,1.0158809423446655,0.4196397364139557,0.1651659905910492,0.0071944198571145535
1765156569.914318,cf1,0.8339406847953796,1.487409234046936,1.0049030780792236,0.29189759492874146,-0.1547851264476776,-0.03212674707174301
1765156569.9147031,cf1,0.8339406847953796,1.487409234046936,1.0049030780792236,0.28705155849456787,-0.165072962641716,-0.016404299065470695
1765156569.9235103,cf2,0.5526208877563477,1.4079340696334839,1.0160481929779053,0.4196397364139557,0.1651659905910492,0.0071944198571145535
1765156569.9237752,cf2,0.5526208877563477,1.4079340696334839,1.0160481929779053,0.4166311025619507,0.15609656274318695,-0.006819501984864473
1765156569.9332616,cf1,0.8382212519645691,1.485386848449707,1.004901647567749,0.28705155849456787,-0.165072962641716,-0.016404299065470695
1765156569.9336374,cf1,0.8382212519645691,1.485386848449707,1.004901647567749,0.28592953085899353,-0.171516552567482,-0.0070954859256744385
1765156569.9422777,cf2,0.5627279281616211,1.4118783473968506,1.0158950090408325,0.4166311025619507,0.15609656274318695,-0.006819501984864473
1765156569.9431164,cf2,0.5627279281616211,1.4118783473968506,1.0158950090408325,0.41368579864501953,0.14645220339298248,-0.02235945127904415
1765156569.9544084,cf1,0.8436010479927063,1.4824979305267334,1.005043864250183,0.28592953085899353,-0.171516552567482,-0.0070954859256744385
1765156569.9547744,cf1,0.8436010479927063,1.4824979305267334,1.005043864250183,0.2779918611049652,-0.1795014590024948,0.008908073417842388
1765156569.9623313,cf2,0.5709501504898071,1.4149786233901978,1.0155013799667358,0.41368579864501953,0.14645220339298248,-0.02235945127904415
1765156569.962578,cf2,0.5709501504898071,1.4149786233901978,1.0155013799667358,0.40738895535469055,0.13608603179454803,-0.03475479781627655
1765156569.9743266,cf1,0.8503471612930298,1.4784544706344604,1.0053962469100952,0.2779918611049652,-0.1795014590024948,0.008908073417842388
1765156569.9746542,cf1,0.8503471612930298,1.4784544706344604,1.0053962469100952,0.2742999494075775,-0.19074746966362,0.021400025114417076
1765156569.9822555,cf2,0.5808392763137817,1.4184716939926147,1.014858365058899,0.40738895535469055,0.13608603179454803,-0.03475479781627655
1765156569.9825923,cf2,0.5808392763137817,1.4184716939926147,1.014858365058899,0.40638062357902527,0.1272827684879303,-0.042489126324653625
1765156569.9939713,cf1,0.8558300733566284,1.4749888181686401,1.005791425704956,0.2742999494075775,-0.19074746966362,0.021400025114417076
1765156569.9943757,cf1,0.8558300733566284,1.4749888181686401,1.005791425704956,0.2660471200942993,-0.19815418124198914,0.027032485231757164
1765156570.0022311,cf2,0.5884578227996826,1.4210573434829712,1.0143640041351318,0.40638062357902527,0.1272827684879303,-0.042489126324653625
1765156570.0026126,cf2,0.5884578227996826,1.4210573434829712,1.0143640041351318,0.39932581782341003,0.11685577034950256,-0.042651671916246414
1765156570.014504,cf1,0.8621678948402405,1.470601201057434,1.006247639656067,0.2660471200942993,-0.19815418124198914,0.027032485231757164
1765156570.014818,cf1,0.8621678948402405,1.470601201057434,1.006247639656067,0.26296937465667725,-0.20911018550395966,0.02786015346646309
1765156570.0222945,cf2,0.5971656441688538,1.4238202571868896,1.0138972997665405,0.39932581782341003,0.11685577034950256,-0.042651671916246414
1765156570.022542,cf2,0.5971656441688538,1.4238202571868896,1.0138972997665405,0.39687380194664,0.10793224722146988,-0.03660013899207115
1765156570.0339408,cf1,0.8681275844573975,1.466204285621643,1.006524920463562,0.26296937465667725,-0.20911018550395966,0.02786015346646309
1765156570.0342853,cf1,0.8681275844573975,1.466204285621643,1.006524920463562,0.25749844312667847,-0.21878474950790405,0.02169816754758358
1765156570.0425725,cf2,0.6058799028396606,1.426405668258667,1.0136409997940063,0.39687380194664,0.10793224722146988,-0.03660013899207115
1765156570.042928,cf2,0.6058799028396606,1.426405668258667,1.0136409997940063,0.39462175965309143,0.09922284632921219,-0.02508467435836792
1765156570.0544648,cf1,0.8729971051216125,1.4624583721160889,1.0064984560012817,0.25749844312667847,-0.21878474950790405,0.02169816754758358
1765156570.054854,cf1,0.8729971051216125,1.4624583721160889,1.0064984560012817,0.2500658929347992,-0.22627566754817963,0.009526104666292667
1765156570.0634055,cf2,0.6146228313446045,1.4288146495819092,1.0136514902114868,0.39462175965309143,0.09922284632921219,-0.02508467435836792
1765156570.0638635,cf2,0.6146228313446045,1.4288146495819092,1.0136514902114868,0.39113906025886536,0.08998412638902664,-0.00997307151556015
1765156570.0742948,cf1,0.8785356283187866,1.457878828048706,1.0062119960784912,0.2500658929347992,-0.22627566754817963,0.009526104666292667
1765156570.0745602,cf1,0.8785356283187866,1.457878828048706,1.0062119960784912,0.24582377076148987,-0.23669159412384033,-0.005413549952208996
1765156570.0834758,cf2,0.6231110692024231,1.4309829473495483,1.0139248371124268,0.39113906025886536,0.08998412638902664,-0.00997307151556015
1765156570.083901,cf2,0.6231110692024231,1.4309829473495483,1.0139248371124268,0.3886144459247589,0.08154827356338501,0.004464244935661554
1765156570.0943267,cf1,0.8840335607528687,1.453056812286377,1.005606770515442,0.24582377076148987,-0.23669159412384033,-0.005413549952208996
1765156570.094725,cf1,0.8840335607528687,1.453056812286377,1.005606770515442,0.24187016487121582,-0.2473105490207672,-0.021223625168204308
1765156570.1033587,cf2,0.6316247582435608,1.4329822063446045,1.014390230178833,0.3886144459247589,0.08154827356338501,0.004464244935661554
1765156570.10361,cf2,0.6316247582435608,1.4329822063446045,1.014390230178833,0.38646653294563293,0.07325392961502075,0.015219306573271751
1765156570.1140862,cf1,0.8894453644752502,1.4480265378952026,1.004747748374939,0.24187016487121582,-0.2473105490207672,-0.021223625168204308
1765156570.1145334,cf1,0.8894453644752502,1.4480265378952026,1.004747748374939,0.23800764977931976,-0.2578970491886139,-0.03364408016204834
1765156570.1232939,cf2,0.6400825381278992,1.4347976446151733,1.0149425268173218,0.38646653294563293,0.07325392961502075,0.015219306573271751
1765156570.1235535,cf2,0.6400825381278992,1.4347976446151733,1.0149425268173218,0.38428783416748047,0.06499015539884567,0.020316053181886673
1765156570.1342626,cf1,0.8947692513465881,1.4427837133407593,1.0037586688995361,0.23800764977931976,-0.2578970491886139,-0.03364408016204834
1765156570.1349201,cf1,0.8947692513465881,1.4427837133407593,1.0037586688995361,0.23428431153297424,-0.2684199810028076,-0.03976404666900635
1765156570.143311,cf2,0.6484774351119995,1.436434268951416,1.0154441595077515,0.38428783416748047,0.06499015539884567,0.020316053181886673
1765156570.1436396,cf2,0.6484774351119995,1.436434268951416,1.0154441595077515,0.38194501399993896,0.056714318692684174,0.018331976607441902
1765156570.1544497,cf1,0.9000060558319092,1.4373213052749634,1.00278902053833,0.23428431153297424,-0.2684199810028076,-0.03976404666900635
1765156570.154809,cf1,0.9000060558319092,1.4373213052749634,1.00278902053833,0.2306721955537796,-0.27879807353019714,-0.038722071796655655
1765156570.163484,cf2,0.6568065285682678,1.437896966934204,1.0157639980316162,0.38194501399993896,0.056714318692684174,0.018331976607441902
1765156570.1639118,cf2,0.6568065285682678,1.437896966934204,1.0157639980316162,0.37936386466026306,0.04838123917579651,0.009463155642151833
1765156570.174482,cf1,0.9051544666290283,1.4316359758377075,1.0019831657409668,0.2306721955537796,-0.27879807353019714,-0.038722071796655655
1765156570.1748533,cf1,0.9051544666290283,1.4316359758377075,1.0019831657409668,0.22709225118160248,-0.2889259457588196,-0.03040379285812378
1765156570.1834023,cf2,0.6650659441947937,1.4391891956329346,1.0158017873764038,0.37936386466026306,0.04838123917579651,0.009463155642151833
1765156570.183782,cf2,0.6650659441947937,1.4391891956329346,1.0158017873764038,0.3764716386795044,0.039951108396053314,-0.004884704481810331
1765156570.194386,cf1,0.910212516784668,1.4257278442382812,1.001448631286621,0.22709225118160248,-0.2889259457588196,-0.03040379285812378
1765156570.1947682,cf1,0.910212516784668,1.4257278442382812,1.001448631286621,0.2234829068183899,-0.298727422952652,-0.016563724726438522
1765156570.203393,cf2,0.6732502579689026,1.440311312675476,1.0155078172683716,0.3764716386795044,0.039951108396053314,-0.004884704481810331
1765156570.2036855,cf2,0.6732502579689026,1.440311312675476,1.0155078172683716,0.37321189045906067,0.03137940168380737,-0.0220774095505476
1765156570.214388,cf1,0.9151772260665894,1.4196035861968994,1.0012325048446655,0.2234829068183899,-0.298727422952652,-0.016563724726438522
1765156570.2147539,cf1,0.9151772260665894,1.4196035861968994,1.0012325048446655,0.21977652609348297,-0.3081437647342682,-0.00017898352234624326
1765156570.2247074,cf2,0.6813538670539856,1.4412585496902466,1.014906406402588,0.37321189045906067,0.03137940168380737,-0.0220774095505476
1765156570.2251081,cf2,0.6813538670539856,1.4412585496902466,1.014906406402588,0.36958929896354675,0.022619126364588737,-0.03837041184306145
1765156570.2341006,cf1,0.9200456142425537,1.4132732152938843,1.0013178586959839,0.21977652609348297,-0.3081437647342682,-0.00017898352234624326
1765156570.234389,cf1,0.9200456142425537,1.4132732152938843,1.0013178586959839,0.21592074632644653,-0.3171568512916565,0.015521510504186153
1765156570.2423277,cf2,0.6886281371116638,1.4419095516204834,1.0141772031784058,0.36958929896354675,0.022619126364588737,-0.03837041184306145
1765156570.242598,cf2,0.6886281371116638,1.4419095516204834,1.0141772031784058,0.3626481592655182,0.012932950630784035,-0.04969070851802826
1765156570.254179,cf1,0.9248151183128357,1.4067494869232178,1.0016324520111084,0.21592074632644653,-0.3171568512916565,0.015521510504186153
1765156570.2544527,cf1,0.9248151183128357,1.4067494869232178,1.0016324520111084,0.21187593042850494,-0.32576918601989746,0.027764737606048584
1765156570.2622888,cf2,0.6965137720108032,1.4424983263015747,1.0133074522018433,0.3626481592655182,0.012932950630784035,-0.04969070851802826
1765156570.2626143,cf2,0.6965137720108032,1.4424983263015747,1.0133074522018433,0.35834065079689026,0.003865419188514352,-0.05305737629532814
1765156570.2745068,cf1,0.9294834136962891,1.4000463485717773,1.0020618438720703,0.21187593042850494,-0.32576918601989746,0.027764737606048584
1765156570.274842,cf1,0.9294834136962891,1.4000463485717773,1.0020618438720703,0.20760080218315125,-0.33398598432540894,0.03427993133664131
1765156570.2824032,cf2,0.7043362855911255,1.442886233329773,1.0125244855880737,0.35834065079689026,0.003865419188514352,-0.05305737629532814
1765156570.2827597,cf2,0.7043362855911255,1.442886233329773,1.0125244855880737,0.3538871109485626,-0.005376958288252354,-0.048244133591651917
1765156570.2942781,cf1,0.9340481758117676,1.3931783437728882,1.0024669170379639,0.20760080218315125,-0.33398598432540894,0.03427993133664131
1765156570.29468,cf1,0.9340481758117676,1.3931783437728882,1.0024669170379639,0.20305219292640686,-0.3418177664279938,0.033578239381313324
1765156570.3022065,cf2,0.7120497822761536,1.4430603981018066,1.0119712352752686,0.3538871109485626,-0.005376958288252354,-0.048244133591651917
1765156570.302464,cf2,0.7120497822761536,1.4430603981018066,1.0119712352752686,0.34932273626327515,-0.014733550138771534,-0.03599332645535469
1765156570.3134794,cf1,0.9380626082420349,1.386772632598877,1.0027269124984741,0.20305219292640686,-0.3418177664279938,0.033578239381313324
1765156570.313729,cf1,0.9380626082420349,1.386772632598877,1.0027269124984741,0.19820313155651093,-0.34928762912750244,0.02591843344271183
1765156570.3223853,cf2,0.7196518778800964,1.443015217781067,1.0117329359054565,0.34932273626327515,-0.014733550138771534,-0.03599332645535469
1765156570.322702,cf2,0.7196518778800964,1.443015217781067,1.0117329359054565,0.34479179978370667,-0.024167412891983986,-0.019265104085206985
1765156570.333194,cf1,0.9424443244934082,1.37958562374115,1.0027378797531128,0.19820313155651093,-0.34928762912750244,0.02591843344271183
1765156570.3335683,cf1,0.9424443244934082,1.37958562374115,1.0027378797531128,0.19128550589084625,-0.3544303774833679,0.011846520006656647
1765156570.3433325,cf2,0.7271797060966492,1.4427428245544434,1.0118240118026733,0.34479179978370667,-0.024167412891983986,-0.019265104085206985
1765156570.3436468,cf2,0.7271797060966492,1.4427428245544434,1.0118240118026733,0.33898940682411194,-0.03404146060347557,-0.0010709299240261316
1765156570.3533895,cf1,0.9466735124588013,1.3723423480987549,1.0024211406707764,0.19128550589084625,-0.3544303774833679,0.011846520006656647
1765156570.353923,cf1,0.9466735124588013,1.3723423480987549,1.0024211406707764,0.18675529956817627,-0.3625665605068207,-0.004933739081025124
1765156570.3623512,cf2,0.7345602512359619,1.4422521591186523,1.0121866464614868,0.33898940682411194,-0.03404146060347557,-0.0010709299240261316
1765156570.3625855,cf2,0.7345602512359619,1.4422521591186523,1.0121866464614868,0.3332710266113281,-0.043923575431108475,0.014000728726387024
1765156570.3732948,cf1,0.9508106112480164,1.364928960800171,1.0017825365066528,0.18675529956817627,-0.3625665605068207,-0.004933739081025124
1765156570.3736248,cf1,0.9508106112480164,1.364928960800171,1.0017825365066528,0.1811324656009674,-0.36929550766944885,-0.02150004915893078
1765156570.3825426,cf2,0.7418053150177002,1.4415534734725952,1.0126961469650269,0.3332710266113281,-0.043923575431108475,0.014000728726387024
1765156570.3828852,cf2,0.7418053150177002,1.4415534734725952,1.0126961469650269,0.32902050018310547,-0.053504373878240585,0.022379746660590172
1765156570.3933175,cf1,0.9548289775848389,1.3573811054229736,1.0009099245071411,0.1811324656009674,-0.36929550766944885,-0.02150004915893078
1765156570.3935406,cf1,0.9548289775848389,1.3573811054229736,1.0009099245071411,0.1753397285938263,-0.37587296962738037,-0.033402830362319946
1765156570.4023662,cf2,0.748994767665863,1.4406423568725586,1.0132168531417847,0.32902050018310547,-0.053504373878240585,0.022379746660590172
1765156570.4027095,cf2,0.748994767665863,1.4406423568725586,1.0132168531417847,0.32491400837898254,-0.06314229965209961,0.023395458236336708
1765156570.4133093,cf1,0.9587221145629883,1.349696159362793,0.9999558925628662,0.1753397285938263,-0.37587296962738037,-0.033402830362319946
1765156570.413564,cf1,0.9587221145629883,1.349696159362793,0.9999558925628662,0.16947399079799652,-0.3823552131652832,-0.03765273094177246
1765156570.4223628,cf2,0.7560951709747314,1.4395302534103394,1.013594150543213,0.32491400837898254,-0.06314229965209961,0.023395458236336708
1765156570.4226484,cf2,0.7560951709747314,1.4395302534103394,1.013594150543213,0.3208818733692169,-0.07280547171831131,0.01664646528661251
1765156570.4336305,cf1,0.9624846577644348,1.3418679237365723,0.9990985989570618,0.16947399079799652,-0.3823552131652832,-0.03765273094177246
1765156570.4339073,cf1,0.9624846577644348,1.3418679237365723,0.9990985989570618,0.16280224919319153,-0.38730940222740173,-0.03309069946408272
1765156570.4423165,cf2,0.7631093859672546,1.4382246732711792,1.013696551322937,0.3208818733692169,-0.07280547171831131,0.01664646528661251
1765156570.4426684,cf2,0.7631093859672546,1.4382246732711792,1.013696551322937,0.3169645369052887,-0.08247435092926025,0.0033332922030240297
1765156570.453941,cf1,0.9661886096000671,1.3337055444717407,0.998466968536377,0.16280224919319153,-0.38730940222740173,-0.03309069946408272
1765156570.4542177,cf1,0.9661886096000671,1.3337055444717407,0.998466968536377,0.156948983669281,-0.39423152804374695,-0.02037736587226391
1765156570.462198,cf2,0.7700417041778564,1.4367305040359497,1.013447880744934,0.3169645369052887,-0.08247435092926025,0.0033332922030240297
1765156570.462624,cf2,0.7700417041778564,1.4367305040359497,1.013447880744934,0.3131503164768219,-0.09210805594921112,-0.013800840824842453
1765156570.4742658,cf1,0.9696886539459229,1.3255358934402466,0.9982029795646667,0.156948983669281,-0.39423152804374695,-0.02037736587226391
1765156570.4746187,cf1,0.9696886539459229,1.3255358934402466,0.9982029795646667,0.14948391914367676,-0.398285448551178,-0.001485788612626493
1765156570.4835596,cf2,0.7787896394729614,1.434451699256897,1.0126821994781494,0.3131503164768219,-0.09210805594921112,-0.013800840824842453
1765156570.4837954,cf2,0.7787896394729614,1.434451699256897,1.0126821994781494,0.31183934211730957,-0.10331960767507553,-0.03186747431755066
1765156570.4941585,cf1,0.9729453921318054,1.3175156116485596,0.9983005523681641,0.14948391914367676,-0.398285448551178,-0.001485788612626493
1765156570.4944136,cf1,0.9729453921318054,1.3175156116485596,0.9983005523681641,0.14363792538642883,-0.4039694666862488,0.01691560074687004
1765156570.5034127,cf2,0.7837590575218201,1.433146357536316,1.0119624137878418,0.31183934211730957,-0.10331960767507553,-0.03186747431755066
1765156570.5036407,cf2,0.7837590575218201,1.433146357536316,1.0119624137878418,0.3023070991039276,-0.11053166538476944,-0.04435233399271965
1765156570.5141878,cf1,0.9761601090431213,1.3091267347335815,0.998692512512207,0.14363792538642883,-0.4039694666862488,0.01691560074687004
1765156570.5144794,cf1,0.9761601090431213,1.3091267347335815,0.998692512512207,0.13803741335868835,-0.40998902916908264,0.03289572149515152
1765156570.5236123,cf2,0.7903324961662292,1.4311177730560303,1.0109690427780151,0.3023070991039276,-0.11053166538476944,-0.04435233399271965
1765156570.523886,cf2,0.7903324961662292,1.4311177730560303,1.0109690427780151,0.29837244749069214,-0.11970029026269913,-0.050355780869722366
1765156570.534269,cf1,0.9792537093162537,1.3005883693695068,0.9992814660072327,0.13803741335868835,-0.40998902916908264,0.03289572149515152
1765156570.5346847,cf1,0.9792537093162537,1.3005883693695068,0.9992814660072327,0.13256782293319702,-0.41599249839782715,0.04303678497672081
1765156570.543515,cf2,0.796920120716095,1.4288591146469116,1.0100038051605225,0.29837244749069214,-0.11970029026269913,-0.050355780869722366
1765156570.544246,cf2,0.796920120716095,1.4288591146469116,1.0100038051605225,0.2944888770580292,-0.12875138223171234,-0.04792417958378792
1765156570.553988,cf1,0.9822286367416382,1.29192054271698,0.9999126195907593,0.13256782293319702,-0.41599249839782715,0.04303678497672081
1765156570.5544257,cf1,0.9822286367416382,1.29192054271698,0.9999126195907593,0.126593679189682,-0.4203730523586273,0.04512402042746544
1765156570.5635574,cf2,0.8034140467643738,1.426398754119873,1.0092332363128662,0.2944888770580292,-0.12875138223171234,-0.04792417958378792
1765156570.56381,cf2,0.8034140467643738,1.426398754119873,1.0092332363128662,0.2905227839946747,-0.13760803639888763,-0.03744447976350784
1765156570.5743227,cf1,0.9850931167602539,1.2831289768218994,1.0004247426986694,0.126593679189682,-0.4203730523586273,0.04512402042746544
1765156570.5745957,cf1,0.9850931167602539,1.2831289768218994,1.0004247426986694,0.12146542221307755,-0.42636340856552124,0.03932240977883339
1765156570.58242,cf2,0.8099473118782043,1.4236682653427124,1.0087435245513916,0.2905227839946747,-0.13760803639888763,-0.03744447976350784
1765156570.582767,cf2,0.8099473118782043,1.4236682653427124,1.0087435245513916,0.28569361567497253,-0.14646022021770477,-0.021171698346734047
1765156570.5943909,cf1,0.9878541827201843,1.2742176055908203,1.000683069229126,0.12146542221307755,-0.42636340856552124,0.03932240977883339
1765156570.5947707,cf1,0.9878541827201843,1.2742176055908203,1.000683069229126,0.11649743467569351,-0.43239450454711914,0.02677745930850506
1765156570.6036897,cf2,0.8162424564361572,1.4207981824874878,1.0085948705673218,0.28569361567497253,-0.14646022021770477,-0.021171698346734047
1765156570.6040382,cf2,0.8162424564361572,1.4207981824874878,1.0085948705673218,0.28062865138053894,-0.15499372780323029,-0.003971904516220093
1765156570.614129,cf1,0.9905162453651428,1.2651901245117188,1.0005930662155151,0.11649743467569351,-0.43239450454711914,0.02677745930850506
1765156570.6145182,cf1,0.9905162453651428,1.2651901245117188,1.0005930662155151,0.11164624243974686,-0.43841269612312317,0.009349224157631397
1765156570.623551,cf2,0.8222972750663757,1.4178162813186646,1.008711338043213,0.28062865138053894,-0.15499372780323029,-0.003971904516220093
1765156570.6238382,cf2,0.8222972750663757,1.4178162813186646,1.008711338043213,0.27645426988601685,-0.16329582035541534,0.009744098410010338
1765156570.6339312,cf1,0.9930817484855652,1.2560491561889648,1.0001318454742432,0.11164624243974686,-0.43841269612312317,0.009349224157631397
1765156570.6342149,cf1,0.9930817484855652,1.2560491561889648,1.0001318454742432,0.10689158737659454,-0.444349080324173,-0.00928545743227005
1765156570.6433349,cf2,0.8301402926445007,1.4134941101074219,1.0090713500976562,0.27645426988601685,-0.16329582035541534,0.009744098410010338
1765156570.6435864,cf2,0.8301402926445007,1.4134941101074219,1.0090713500976562,0.2757525146007538,-0.1741582602262497,0.018547743558883667
1765156570.6542215,cf1,0.9955504536628723,1.2467944622039795,0.9993690848350525,0.10689158737659454,-0.444349080324173,-0.00928545743227005
1765156570.6546416,cf1,0.9955504536628723,1.2467944622039795,0.9993690848350525,0.10220583528280258,-0.45013177394866943,-0.024626752361655235
1765156570.6635554,cf2,0.8358537554740906,1.4101873636245728,1.0093876123428345,0.2757525146007538,-0.1741582602262497,0.018547743558883667
1765156570.6639674,cf2,0.8358537554740906,1.4101873636245728,1.0093876123428345,0.2691645622253418,-0.180996835231781,0.019977441057562828
1765156570.674326,cf1,0.9979197382926941,1.2374250888824463,0.998447060585022,0.10220583528280258,-0.45013177394866943,-0.024626752361655235
1765156570.6747618,cf1,0.9979197382926941,1.2374250888824463,0.998447060585022,0.09754591435194016,-0.45567548274993896,-0.03300075978040695
1765156570.683675,cf2,0.8407072424888611,1.4072816371917725,1.009529948234558,0.2691645622253418,-0.180996835231781,0.019977441057562828
1765156570.6840868,cf2,0.8407072424888611,1.4072816371917725,1.009529948234558,0.2612507939338684,-0.186537504196167,0.014045427553355694
1765156570.6944797,cf1,1.000185489654541,1.2279400825500488,0.9975414872169495,0.09754591435194016,-0.45567548274993896,-0.03300075978040695
1765156570.6948256,cf1,1.000185489654541,1.2279400825500488,0.9975414872169495,0.09288936853408813,-0.46091604232788086,-0.03298290818929672
1765156570.7023242,cf2,0.8439036011695862,1.4053163528442383,1.0095136165618896,0.2612507939338684,-0.186537504196167,0.014045427553355694
1765156570.7026289,cf2,0.8439036011695862,1.4053163528442383,1.0095136165618896,0.25867760181427,-0.19061042368412018,0.008203717879951
1765156570.7140114,cf1,1.002342700958252,1.2183407545089722,0.9968202710151672,0.09288936853408813,-0.46091604232788086,-0.03298290818929672
1765156570.7144065,cf1,1.002342700958252,1.2183407545089722,0.9968202710151672,0.08820033818483353,-0.46579235792160034,-0.024686668068170547
1765156570.7223027,cf2,0.849549412727356,1.4015346765518188,1.0093327760696411,0.25867760181427,-0.19061042368412018,0.008203717879951
1765156570.722598,cf2,0.849549412727356,1.4015346765518188,1.0093327760696411,0.2540864050388336,-0.19864436984062195,-0.005301452707499266
1765156570.734189,cf1,1.0043874979019165,1.2086328268051147,0.9964029788970947,0.08820033818483353,-0.46579235792160034,-0.024686668068170547
1765156570.734458,cf1,1.0043874979019165,1.2086328268051147,0.9964029788970947,0.08346430957317352,-0.47028249502182007,-0.010220203548669815
1765156570.7423635,cf2,0.8558327555656433,1.3970102071762085,1.008823037147522,0.2540864050388336,-0.19864436984062195,-0.005301452707499266
1765156570.7426572,cf2,0.8558327555656433,1.3970102071762085,1.008823037147522,0.25139543414115906,-0.20827770233154297,-0.01977566070854664
1765156570.754215,cf1,1.0063172578811646,1.1988226175308228,0.9963465929031372,0.08346430957317352,-0.47028249502182007,-0.010220203548669815
1765156570.7545545,cf1,1.0063172578811646,1.1988226175308228,0.9963465929031372,0.07866441458463669,-0.47440165281295776,0.007277009077370167
1765156570.762334,cf2,0.8615696430206299,1.392655849456787,1.0080561637878418,0.25139543414115906,-0.20827770233154297,-0.01977566070854664
1765156570.7626479,cf2,0.8615696430206299,1.392655849456787,1.0080561637878418,0.24696442484855652,-0.2167656421661377,-0.03219439834356308
1765156570.7734303,cf1,1.0081373453140259,1.188869833946228,0.9966342449188232,0.07866441458463669,-0.47440165281295776,0.007277009077370167
1765156570.7737267,cf1,1.0081373453140259,1.188869833946228,0.9966342449188232,0.07329200953245163,-0.47681885957717896,0.024601003155112267
1765156570.78247,cf2,0.8663955926895142,1.3888392448425293,1.00725257396698,0.24696442484855652,-0.2167656421661377,-0.03219439834356308
1765156570.7828138,cf2,0.8663955926895142,1.3888392448425293,1.00725257396698,0.2398831993341446,-0.2228575497865677,-0.03949745371937752
1765156570.7932334,cf1,1.009872317314148,1.1782115697860718,0.9971857070922852,0.07329200953245163,-0.47681885957717896,0.024601003155112267
1765156570.7938397,cf1,1.009872317314148,1.1782115697860718,0.9971857070922852,0.06832098215818405,-0.4801614582538605,0.036892037838697433
1765156570.8022978,cf2,0.8716951608657837,1.3843556642532349,1.0063316822052002,0.2398831993341446,-0.2228575497865677,-0.03949745371937752
1765156570.803215,cf2,0.8716951608657837,1.3843556642532349,1.0063316822052002,0.2331087589263916,-0.22943224012851715,-0.04066850244998932
1765156570.8139253,cf1,1.011406421661377,1.168887734413147,0.997827410697937,0.06832098215818405,-0.4801614582538605,0.036892037838697433
1765156570.8142202,cf1,1.011406421661377,1.168887734413147,0.997827410697937,0.06325417011976242,-0.48328834772109985,0.04284263402223587
1765156570.8236063,cf2,0.8774768710136414,1.379093050956726,1.005399465560913,0.2331087589263916,-0.22943224012851715,-0.04066850244998932
1765156570.8241467,cf2,0.8774768710136414,1.379093050956726,1.005399465560913,0.22933737933635712,-0.23945851624011993,-0.035361696034669876
1765156570.833254,cf1,1.0129070281982422,1.1580344438552856,0.9985377788543701,0.06325417011976242,-0.48328834772109985,0.04284263402223587
1765156570.8335822,cf1,1.0129070281982422,1.1580344438552856,0.9985377788543701,0.05806325376033783,-0.4860927164554596,0.04164129123091698
1765156570.8436103,cf2,0.8820801973342896,1.374726414680481,1.0048705339431763,0.22933737933635712,-0.23945851624011993,-0.035361696034669876
1765156570.8441424,cf2,0.8820801973342896,1.374726414680481,1.0048705339431763,0.2216992974281311,-0.24499186873435974,-0.02377348206937313
