1762889770.086949587,1.422046516094771836e-18,-3.814197633292239957e-18,1.496086333645507693e-04
1762889770.107125521,1.369902084255194663e-18,-3.659838286364332016e-18,1.496086915722116828e-04
1762889770.126933575,2.183598825642995433e-18,-6.068571686506497544e-18,1.496076583862304688e-04
1762889770.146825075,2.021364512488429530e-18,-5.588320962615866589e-18,1.496078330092132092e-04
1762889770.167925596,1.434114460846461095e-18,-3.849921909587180116e-18,1.496086188126355410e-04
1762889770.188013315,1.957294204167369080e-18,-5.398655892782970321e-18,1.496080221841111779e-04
1762889770.207892656,1.194783916072232508e-18,-3.141446884814340369e-18,1.496089098509401083e-04
1762889770.228033543,1.150945825148759700e-18,-3.011675688389724314e-18,1.496089389547705650e-04
1762889770.247929811,1.152504336820386173e-18,-3.016289288256238826e-18,1.496089389547705650e-04
1762889770.267861128,1.156840004001082868e-18,-3.029124029435764741e-18,1.496089098509401083e-04
1762889770.288163662,1.161113942828567793e-18,-3.041775756904763300e-18,1.496089389547705650e-04
1762889770.306924105,2.233768570565255391e-18,-6.217084520864880686e-18,1.496077456977218390e-04
1762889770.327564001,2.202342324733140764e-18,-6.124055653274104429e-18,1.496078330092132092e-04
1762889770.347611904,1.166472729029416014e-18,-3.057639219897152126e-18,1.496089826105162501e-04
1762889770.367034674,1.170044494914419987e-18,-3.068212656077111202e-18,1.496089826105162501e-04
1762889770.387089252,2.222065619258855156e-18,-6.182441369630547334e-18,1.496076874900609255e-04
1762889770.407204390,1.176663800971222453e-18,-3.087807324017573598e-18,1.496089535066857934e-04
1762889770.426940918,2.234803787101865506e-18,-6.220150052215002207e-18,1.496076292824000120e-04
1762889770.447950840,2.269800351252912139e-18,-6.323747806492368499e-18,1.496075274189934134e-04
1762889770.468087673,1.179774620459881252e-18,-3.097016118981973317e-18,1.496089098509401083e-04
1762889770.486814260,7.063124644588964254e-19,-1.695457315696491440e-18,1.496094628237187862e-04
1762889770.506968498,1.066460906105043666e-18,-2.761581766087379161e-18,1.496091135777533054e-04
1762889770.527039051,6.913207464345619209e-19,-1.651078558845138659e-18,1.496095210313796997e-04
1762889770.546909571,6.678171331119036234e-19,-1.581502536366925257e-18,1.496095355832949281e-04
1762889770.567086935,6.676692228786214852e-19,-1.581064751027731567e-18,1.496095355832949281e-04
1762889770.587152719,6.689927118587063295e-19,-1.584982588601512414e-18,1.496095210313796997e-04
1762889770.606937647,6.703273160782723551e-19,-1.588933099809489105e-18,1.496095210313796997e-04
1762889770.627001762,6.715809082965964685e-19,-1.592643625242248849e-18,1.496095210313796997e-04
1762889770.646833420,6.727486805263682053e-19,-1.596100309624531382e-18,1.496095210313796997e-04
1762889770.666900396,6.738344067791323387e-19,-1.599313906304299895e-18,1.496095064794644713e-04
1762889770.686970472,6.748408270906679506e-19,-1.602293514268292470e-18,1.496095064794644713e-04
1762889770.707024574,6.757745589058754651e-19,-1.605057538285138412e-18,1.496095064794644713e-04
1762889770.727089643,6.766345165502009065e-19,-1.607603290017846923e-18,1.496095064794644713e-04
1762889770.747108698,6.774287133358283822e-19,-1.609954447511452336e-18,1.496095064794644713e-04
1762889770.767151356,6.781590104191361365e-19,-1.612116180644783104e-18,1.496094919275492430e-04
1762889770.786901474,7.235905613951157829e-19,-1.746604271114906231e-18,1.496094046160578728e-04
1762889770.807516813,1.193869778097784843e-18,-3.138740556645220001e-18,1.496088952990248799e-04
1762889770.826931953,1.189371259733991771e-18,-3.125424189554035085e-18,1.496089098509401083e-04
1762889770.847486973,1.190722872854903418e-18,-3.129425262176954080e-18,1.496089098509401083e-04
1762889770.867413998,1.192368858876307374e-18,-3.134297976370350828e-18,1.496089098509401083e-04
1762889770.887425423,1.193943707365031770e-18,-3.138959345917240277e-18,1.496088807471096516e-04
1762889770.907026291,1.195419500975402940e-18,-3.143327893527285954e-18,1.496088807471096516e-04
1762889770.926986933,1.196802443562015034e-18,-3.147422023969117165e-18,1.496088807471096516e-04
1762889770.946848154,1.198092535124868049e-18,-3.151240910062121355e-18,1.496088807471096516e-04
1762889770.966949463,1.199294945542790444e-18,-3.154800475033090171e-18,1.496088807471096516e-04
1762889770.987960339,1.200408330647286820e-18,-3.158095755798348295e-18,1.496088807471096516e-04
1762889771.008088350,1.215434273269465705e-18,-3.202575738877162253e-18,1.496088661951944232e-04
1762889771.027995110,1.197010376088495551e-18,-3.148037032754550341e-18,1.496089098509401083e-04
1762889771.047949553,1.196966121925723964e-18,-3.147906131422613824e-18,1.496089098509401083e-04
1762889771.068876982,1.198074440548968452e-18,-3.151186936527152270e-18,1.496089098509401083e-04
1762889771.086901426,1.213154253308539854e-18,-3.195826772259342100e-18,1.496089098509401083e-04
1762889771.107012749,1.194870873434127145e-18,-3.141703310804231808e-18,1.496089389547705650e-04
1762889771.126851797,1.194929913450348117e-18,-3.141878052708633635e-18,1.496089389547705650e-04
1762889771.146937132,1.196143904396846254e-18,-3.145472359265329678e-18,1.496089098509401083e-04
1762889771.166983128,1.197363168619749417e-18,-3.149081761868204815e-18,1.496089098509401083e-04
1762889771.186835051,1.198517705959720306e-18,-3.152499465364120787e-18,1.496089098509401083e-04
1762889771.207971334,1.213709705089869212e-18,-3.197471207317097519e-18,1.496089098509401083e-04
1762889771.227832556,1.195370490524109174e-18,-3.143182516534629760e-18,1.496089389547705650e-04
1762889771.247953415,1.195370283728956035e-18,-3.143182516534629760e-18,1.496089389547705650e-04
1762889771.267862082,1.196530818128367933e-18,-3.146618418004021898e-18,1.496089244028553367e-04
1762889771.288174868,1.197703346646661850e-18,-3.150089681444600679e-18,1.496089244028553367e-04
1762889771.307877779,1.198817248739041071e-18,-3.153385789390471356e-18,1.496089098509401083e-04
1762889771.328382254,1.199864872984839480e-18,-3.156487716687545210e-18,1.496089098509401083e-04
1762889771.348059416,1.200847046564669632e-18,-3.159395463335822240e-18,1.496088807471096516e-04
1762889771.367988825,1.201763149093072110e-18,-3.162107788564383618e-18,1.496088807471096516e-04
1762889771.387870789,1.202616385894920558e-18,-3.164633377769661150e-18,1.496088807471096516e-04
1762889771.408038139,1.203408618126593220e-18,-3.166978848396555260e-18,1.496088807471096516e-04
1762889771.428735495,1.240219292758545212e-18,-3.275947072800922084e-18,1.496088079875335097e-04
1762889771.448015213,2.204146819239425194e-18,-6.129398412850584434e-18,1.496076001785695553e-04
1762889771.468460798,1.433203218004157366e-18,-3.847224473609644693e-18,1.496085606049746275e-04
1762889771.488396406,1.996943659264026494e-18,-5.516028685801182183e-18,1.496078330092132092e-04
1762889771.506979942,2.280348972014494624e-18,-6.354973874616245294e-18,1.496074692113325000e-04
1762889771.526993752,2.036188209450839201e-18,-5.632200826160273325e-18,1.496077602496370673e-04
1762889771.546967983,2.015872653606536841e-18,-5.572061900495524277e-18,1.496077893534675241e-04
1762889771.567070961,1.207590739906084759e-18,-3.179358433444023872e-18,1.496088225394487381e-04
1762889771.586857080,2.170311616668403012e-18,-6.029238834789294802e-18,1.496076001785695553e-04
1762889771.607842684,1.228339531596211767e-18,-3.240779902648536389e-18,1.496087788837030530e-04
1762889771.627924919,1.153676348350797245e-18,-3.019758897335592500e-18,1.496088661951944232e-04
1762889771.647823572,2.158259801938658537e-18,-5.993563362150495271e-18,1.496076001785695553e-04
1762889771.667947054,2.231508506336607382e-18,-6.210396765612389457e-18,1.496074692113325000e-04
1762889771.687082291,2.270470987934539506e-18,-6.325733867143108318e-18,1.496074983151629567e-04
1762889771.706846237,2.235632622075643639e-18,-6.222604297092447040e-18,1.496076001785695553e-04
1762889771.727044821,2.238170205399803190e-18,-6.230116337825347361e-18,1.496076001785695553e-04
1762889771.747396708,1.417498470291802152e-18,-3.800735268822939432e-18,1.496086042607203126e-04
1762889771.767484665,1.970600645091203360e-18,-5.438047060733358052e-18,1.496078912168741226e-04
1762889771.786905289,1.399606450244703594e-18,-3.747769653430250240e-18,1.496086042607203126e-04
1762889771.806948185,2.178699434874843850e-18,-6.054067488055686481e-18,1.496076001785695553e-04
1762889771.826904535,4.663865564387827966e-19,-9.852201894237606055e-19,1.496097538620233536e-04
1762889771.846862793,4.559386449167786423e-19,-9.542915961276731934e-19,1.496097684139385819e-04
1762889771.867557287,1.200955407224914078e-18,-3.159714961847420847e-18,1.496088225394487381e-04
1762889771.887095690,2.183307864862529906e-18,-6.067708523537298460e-18,1.496075274189934134e-04
1762889771.907479286,1.156000312281764976e-18,-3.026638351695042893e-18,1.496088807471096516e-04
1762889771.926924467,1.160252847810900091e-18,-3.039226799847181145e-18,1.496088807471096516e-04
1762889771.947104216,1.164438795300724688e-18,-3.051618172218378638e-18,1.496088807471096516e-04
1762889771.967455626,2.211425388244432423e-18,-6.150943572675446870e-18,1.496074546594172716e-04
1762889771.987077951,2.218976720056429012e-18,-6.173297715139386166e-18,1.496074546594172716e-04
1762889772.007095098,2.226007962058282886e-18,-6.194112888073670555e-18,1.496074546594172716e-04
1762889772.026934624,2.232538346199235901e-18,-6.213444926169647364e-18,1.496074546594172716e-04
1762889772.046932697,2.238589792765520713e-18,-6.231359176695708285e-18,1.496074546594172716e-04
1762889772.067960501,2.401552438449439557e-18,-6.713766360443264983e-18,1.496070472057908773e-04
1762889772.088075161,2.246678791975676771e-18,-6.255303987477587053e-18,1.496074255555868149e-04
1762889772.108229160,1.182959369215786977e-18,-3.106444323603852727e-18,1.496088370913639665e-04
1762889772.128171444,1.185117897024244103e-18,-3.112834087040671727e-18,1.496088370913639665e-04
1762889772.146842003,6.721925049620028633e-19,-1.594454530398280565e-18,1.496094919275492430e-04
1762889772.166918516,6.804186610574778699e-19,-1.618805900451229146e-18,1.496094919275492430e-04
1762889772.186947346,6.717870313654870261e-19,-1.593254187931889552e-18,1.496095064794644713e-04
1762889772.206963778,6.723130665362824671e-19,-1.594811355435020627e-18,1.496095064794644713e-04
1762889772.226912737,6.733692727809361143e-19,-1.597937994752894502e-18,1.496095064794644713e-04
1762889772.246923923,6.743852056695160860e-19,-1.600945209869831035e-18,1.496095064794644713e-04
1762889772.267879009,6.824798400475951611e-19,-1.624906771059114002e-18,1.496095064794644713e-04
1762889772.286964417,7.110400601535784014e-19,-1.709452074287546408e-18,1.496094482718035579e-04
1762889772.307002306,6.731949444668405637e-19,-1.597421834050661413e-18,1.496095210313796997e-04
1762889772.326952219,6.717121715200509771e-19,-1.593032193334995634e-18,1.496095210313796997e-04
1762889772.347947359,1.149724906564631431e-18,-3.008062356678939551e-18,1.496089098509401083e-04
1762889772.367863417,8.009203681402481281e-19,-1.975518854218290524e-18,1.496094046160578728e-04
1762889772.388115168,6.751989445971151270e-19,-1.603354270006315159e-18,1.496095355832949281e-04
1762889772.407857895,6.681375105029030680e-19,-1.582450175156181320e-18,1.496095355832949281e-04
1762889772.427979708,6.689093217132033274e-19,-1.584735468393512197e-18,1.496095355832949281e-04
1762889772.447882652,6.701350999834303452e-19,-1.588363999548052622e-18,1.496095210313796997e-04
1762889772.467901945,1.184564926784752404e-18,-3.111197303403582424e-18,1.496089098509401083e-04
1762889772.488307714,6.724372470257419904e-19,-1.595178313434264464e-18,1.496095210313796997e-04
1762889772.508098602,1.188856753392983788e-18,-3.123901143251171823e-18,1.496089098509401083e-04
1762889772.527928829,1.190799490459141143e-18,-3.129652323255099886e-18,1.496088807471096516e-04
1762889772.548007011,1.192612877157010518e-18,-3.135019898249956482e-18,1.496088807471096516e-04
1762889772.567954779,1.194301462979960954e-18,-3.140018550691614429e-18,1.496088807471096516e-04
1762889772.587926388,1.195871451782586601e-18,-3.144666271758396753e-18,1.496088807471096516e-04
1762889772.607969761,1.197322843564887457e-18,-3.148963475040609732e-18,1.496088807471096516e-04
1762889772.628466606,1.198667012060286127e-18,-3.152941800196683518e-18,1.496088370913639665e-04
1762889772.647891998,1.199905715027584286e-18,-3.156608485056977952e-18,1.496088370913639665e-04
1762889772.667945385,1.201046190297141773e-18,-3.159985036317419411e-18,1.496088370913639665e-04
1762889772.686858892,1.276781709809154726e-18,-3.384180347231035543e-18,1.496087061241269112e-04
1762889772.706873894,1.201533192882782368e-18,-3.161426812125099338e-18,1.496089098509401083e-04
1762889772.726892710,1.197702105875743020e-18,-3.150086372722150467e-18,1.496089098509401083e-04
1762889772.746948957,1.198555859665474314e-18,-3.152613616288653105e-18,1.496088807471096516e-04
1762889772.767094612,1.199646497303125481e-18,-3.155841688629141295e-18,1.496088807471096516e-04
1762889772.786852598,1.200685642947645222e-18,-3.158917559736919728e-18,1.496088807471096516e-04
1762889772.807905197,1.215647375674774679e-18,-3.203207084479693351e-18,1.496088370913639665e-04
1762889772.828010082,1.197162784116358446e-18,-3.148487639393238603e-18,1.496088807471096516e-04
1762889772.848036051,1.197069002514410247e-18,-3.148210533888033338e-18,1.496088807471096516e-04
1762889772.867875099,1.198136685890063067e-18,-3.151371397803751595e-18,1.496088807471096516e-04
1762889772.887095451,2.435024095141244684e-18,-6.812848122166398021e-18,1.496071199653670192e-04
1762889772.907042980,1.198708577886066917e-18,-3.153064429722494505e-18,1.496088661951944232e-04
1762889772.927215815,1.194957003615409229e-18,-3.141959323203816970e-18,1.496088516432791948e-04
1762889772.947522879,2.268547379420047440e-18,-6.320038728625680723e-18,1.496074546594172716e-04
1762889772.966917992,1.197082340801787664e-18,-3.148250445352589022e-18,1.496088370913639665e-04
1762889772.986877441,2.273306149484065008e-18,-6.334124373686539954e-18,1.496074546594172716e-04
1762889773.007271528,2.275501900420087020e-18,-6.340625186120594199e-18,1.496074546594172716e-04
1762889773.027025461,2.277564268482334856e-18,-6.346728951860622990e-18,1.496074546594172716e-04
1762889773.047060728,2.279496148802952453e-18,-6.352448492206120900e-18,1.496074546594172716e-04
1762889773.067166805,2.281301470489849435e-18,-6.357793733324438565e-18,1.496074546594172716e-04
1762889773.087899446,2.312970080241442100e-18,-6.451540593686910850e-18,1.496074255555868149e-04
1762889773.107838631,2.273834924690639531e-18,-6.335692294537634218e-18,1.496075419709086418e-04
1762889773.128307581,2.273094804837557710e-18,-6.333502747456206354e-18,1.496075274189934134e-04
1762889773.147977114,2.274807895886155030e-18,-6.338572951020850137e-18,1.496075274189934134e-04
1762889773.167904139,2.276611976802133183e-18,-6.343912815465186207e-18,1.496075274189934134e-04
1762889773.187953949,2.278344713390278638e-18,-6.349041748853321256e-18,1.496075274189934134e-04
1762889773.207880974,2.279993491146249960e-18,-6.353922941647996672e-18,1.496075274189934134e-04
1762889773.227861643,1.440496883055343687e-18,-3.868815541958503821e-18,1.496085460530593991e-04
1762889773.247929573,2.000905234012696082e-18,-5.527756038935652732e-18,1.496078330092132092e-04
1762889773.267924309,2.253747463900248669e-18,-6.276229175433340994e-18,1.496074837632477283e-04
1762889773.288049221,2.048002002959321542e-18,-5.667175263229934164e-18,1.496077602496370673e-04
1762889773.308010340,1.417514083325864090e-18,-3.800781590937242401e-18,1.496085751568898559e-04
1762889773.326826811,6.211128613659345749e-19,-1.443246845001776228e-18,1.496095646871253848e-04
1762889773.347059965,2.253551422095073601e-18,-6.275649735414247599e-18,1.496075856266543269e-04
1762889773.366933107,1.422126442421459772e-18,-3.814436274898961506e-18,1.496086333645507693e-04
1762889773.386980772,1.367333481658064373e-18,-3.652235669354357138e-18,1.496087061241269112e-04
1762889773.407398462,1.168524343743700660e-18,-3.063714034315741561e-18,1.496089098509401083e-04
1762889773.426938057,6.020004914213788785e-19,-1.386669862452257087e-18,1.496095937909558415e-04
1762889773.447608948,2.314708607093875426e-18,-6.456689379409747171e-18,1.496074546594172716e-04
1762889773.467006207,1.160999998699188613e-18,-3.041439714780913632e-18,1.496089098509401083e-04
1762889773.487398386,2.196752238153507403e-18,-6.107510800252125046e-18,1.496075274189934134e-04
1762889773.507369041,1.164911942611105019e-18,-3.053020243356656019e-18,1.496088807471096516e-04
1762889773.527890682,1.989796818771568335e-18,-5.494873955225444776e-18,1.496079203207045794e-04
1762889773.547953129,1.211844516206138704e-18,-3.191951224294378027e-18,1.496088952990248799e-04
1762889773.567973852,1.166156332445114480e-18,-3.056702644648588960e-18,1.496089098509401083e-04
1762889773.588540316,2.208156370463622857e-18,-6.141268041050414105e-18,1.496076001785695553e-04
1762889773.607841492,1.170139310492133878e-18,-3.068493277099919817e-18,1.496089098509401083e-04
1762889773.628528357,2.222206239962989171e-18,-6.182857855068967784e-18,1.496075419709086418e-04
1762889773.647923946,1.176743520502757251e-18,-3.088042863696998073e-18,1.496088807471096516e-04
1762889773.667962790,6.681642904752344722e-19,-1.582529377699833272e-18,1.496095064794644713e-04
1762889773.688465595,2.240682766510433011e-18,-6.237550623580667697e-18,1.496075274189934134e-04
1762889773.707965612,2.246012911582571584e-18,-6.253328680174810423e-18,1.496075274189934134e-04
1762889773.727873087,2.250957383694107306e-18,-6.267966054704242525e-18,1.496074692113325000e-04
1762889773.748646021,2.255533760433056932e-18,-6.281513618776636012e-18,1.496074546594172716e-04
1762889773.768009663,2.259762100929274871e-18,-6.294030929396094703e-18,1.496074546594172716e-04
1762889773.788050652,2.263659155590165323e-18,-6.305566376628452950e-18,1.496074546594172716e-04
1762889773.808006048,2.267241261232826209e-18,-6.316171245671689042e-18,1.496074546594172716e-04
1762889773.827892542,2.270528063396805665e-18,-6.325900957626844030e-18,1.496074546594172716e-04
1762889773.846840858,6.779405313398455681e-19,-1.611469325405766637e-18,1.496094919275492430e-04
1762889773.866882563,6.857597145739444850e-19,-1.634616217089261441e-18,1.496095064794644713e-04
1762889773.886858463,6.765885563274159289e-19,-1.607467425602235089e-18,1.496095210313796997e-04
1762889773.907030106,6.767013113846645635e-19,-1.607801192979400235e-18,1.496095064794644713e-04
1762889773.927187681,6.773787723063454932e-19,-1.609806485579381913e-18,1.496095064794644713e-04
1762889773.947029114,6.780435670248967046e-19,-1.611774555051798704e-18,1.496095064794644713e-04
1762889773.966993570,6.786612124485323934e-19,-1.613603037795847171e-18,1.496095064794644713e-04
1762889773.988351345,6.792270039875186644e-19,-1.615277664945960776e-18,1.496095064794644713e-04
1762889774.008009672,6.868897983870567745e-19,-1.637961542281579023e-18,1.496095064794644713e-04
1762889774.027948618,6.775421404773247161e-19,-1.610290489635302003e-18,1.496095210313796997e-04
1762889774.047902346,6.775162393843941494e-19,-1.610213975428640848e-18,1.496095210313796997e-04
1762889774.068428516,6.780709156838992391e-19,-1.611855928944558608e-18,1.496095210313796997e-04
1762889774.088045597,6.786302448743499395e-19,-1.613511530940583493e-18,1.496095064794644713e-04
1762889774.108151197,6.791531264190600221e-19,-1.615059392661823346e-18,1.496095064794644713e-04
1762889774.127966404,6.796389916313583567e-19,-1.616497756349476492e-18,1.496095064794644713e-04
1762889774.147968292,6.800891329809520575e-19,-1.617829723930840005e-18,1.496095064794644713e-04
1762889774.167069674,7.184837550883665283e-19,-1.731486511444733959e-18,1.496094482718035579e-04
1762889774.186942339,6.801461050456416472e-19,-1.617998158583071115e-18,1.496095355832949281e-04
1762889774.206992865,1.198108458351659695e-18,-3.151287645766730601e-18,1.496089244028553367e-04
1762889774.226957560,1.198812595848095460e-18,-3.153372554500670507e-18,1.496089098509401083e-04
1762889774.247053385,1.199770160804702159e-18,-3.156207095664736595e-18,1.496089389547705650e-04
1762889774.267115593,1.200688641477365727e-18,-3.158926451928504674e-18,1.496089389547705650e-04
1762889774.286910295,1.201547565145925477e-18,-3.161469825516952095e-18,1.496089389547705650e-04
1762889774.307099819,1.202351274508597312e-18,-3.163848383368348326e-18,1.496089098509401083e-04
1762889774.326878071,1.203101217131453201e-18,-3.166068329337287514e-18,1.496089098509401083e-04
1762889774.347011566,8.023342266022543907e-19,-1.979703974527502568e-18,1.496093755122274160e-04
1762889774.366836309,7.735282304567663321e-19,-1.894431372745482913e-18,1.496094046160578728e-04
1762889774.386831045,6.704333502930439963e-19,-1.589246497864070133e-18,1.496095210313796997e-04
1762889774.407953262,1.236209638136770979e-18,-3.264076203830173584e-18,1.496088079875335097e-04
1762889774.428087234,7.975805747182769943e-19,-1.965631771151597323e-18,1.496094046160578728e-04
1762889774.448010445,1.161044666452266477e-18,-3.041569995727390734e-18,1.496089826105162501e-04
1762889774.467960596,7.913603316082430799e-19,-1.947218317125860650e-18,1.496094046160578728e-04
1762889774.487914562,1.158781086706015117e-18,-3.034869419175404933e-18,1.496089680586010218e-04
1762889774.507925510,1.079079442951963534e-18,-2.798934140622976817e-18,1.496090553700923920e-04
1762889774.526886225,7.191849457538700729e-19,-1.733562321191935782e-18,1.496094337198883295e-04
1762889774.547067881,7.552487796902632500e-19,-1.840319078228642087e-18,1.496094482718035579e-04
1762889774.567434311,1.352742119050205534e-18,-3.609039056995919204e-18,1.496087497798725963e-04
1762889774.587070942,2.162644686365802136e-18,-6.006540585190533446e-18,1.496077602496370673e-04
1762889774.608335733,1.187589926284858826e-18,-3.120150292763550119e-18,1.496089680586010218e-04
1762889774.626875401,2.377111526095182110e-18,-6.641414526624476758e-18,1.496074692113325000e-04
1762889774.646997452,2.222741839409617256e-18,-6.184444387483844491e-18,1.496078912168741226e-04
1762889774.666955471,2.218702302888214545e-18,-6.172486664548777923e-18,1.496078330092132092e-04
1762889774.686843634,2.224177411362703036e-18,-6.188695268651754500e-18,1.496078330092132092e-04
1762889774.707028151,1.409689368321418725e-18,-3.777619293014838797e-18,1.496087352279573679e-04
1762889774.727134943,2.170028100513450461e-18,-6.028400487238472308e-18,1.496078039053827524e-04
1762889774.746980667,2.007186429994117498e-18,-5.546350231925232241e-18,1.496079785283654928e-04
1762889774.766925335,1.394101666665739764e-18,-3.731475022543568148e-18,1.496086915722116828e-04
1762889774.786859512,1.354233939284944920e-18,-3.613457028647564924e-18,1.496087206760421395e-04
1762889774.809366941,2.160818271573285051e-18,-6.001135787068111963e-18,1.496077311458066106e-04
1762889774.826846600,1.206773588858458937e-18,-3.176939343742612542e-18,1.496088807471096516e-04
1762889774.846922636,1.341455239591919472e-18,-3.575628818464596139e-18,1.496087061241269112e-04
1762889774.867064953,1.158377112374359532e-18,-3.033674763575725223e-18,1.496088952990248799e-04
1762889774.886869431,1.150934968403219942e-18,-3.011643841936141022e-18,1.496089098509401083e-04
1762889774.906841278,1.154951137072318029e-18,-3.023533115675518827e-18,1.496089098509401083e-04
1762889774.927659273,1.159457513651930355e-18,-3.036872850619008366e-18,1.496088807471096516e-04
1762889774.946984053,1.861273403847008012e-06,-1.636294769014057238e-06,1.576801732880994678e-04
1762889774.967012405,7.615577487740665674e-05,3.606284735724329948e-06,2.987470943480730057e-04
1762889774.987933636,4.633745120372623205e-04,-7.845753134461119771e-05,1.410179422236979008e-03
1762889775.007854700,1.319821225479245186e-03,-3.533539711497724056e-04,4.783397074788808823e-03
1762889775.027980804,2.744443714618682861e-03,-9.100685711018741131e-04,1.074485480785369873e-02
1762889775.048093081,4.825588781386613846e-03,-1.811459544114768505e-03,1.912629790604114532e-02
1762889775.068014622,7.630364503711462021e-03,-3.079638117924332619e-03,2.911622449755668640e-02
1762889775.087899446,1.116267405450344086e-02,-4.711896181106567383e-03,4.098050668835639954e-02
1762889775.108985662,1.531930826604366302e-02,-6.631076335906982422e-03,5.442597344517707825e-02
1762889775.126884699,2.012164518237113953e-02,-9.193399921059608459e-03,6.999851018190383911e-02
1762889775.146943808,2.514945715665817261e-02,-1.141059119254350662e-02,8.425129204988479614e-02
1762889775.167021513,3.049043379724025726e-02,-1.368638686835765839e-02,9.793082624673843384e-02
1762889775.186825752,3.601605445146560669e-02,-1.594138145446777344e-02,1.102156117558479309e-01
1762889775.207001209,4.166143015027046204e-02,-1.814163848757743835e-02,1.206689998507499695e-01
1762889775.226960897,4.738356545567512512e-02,-2.026318386197090149e-02,1.291330307722091675e-01
1762889775.247898817,5.338620766997337341e-02,-2.241979166865348816e-02,1.361351460218429565e-01
1762889775.267852545,5.888623744249343872e-02,-2.411733381450176239e-02,1.411093026399612427e-01
1762889775.288047075,6.449075043201446533e-02,-2.568120136857032776e-02,1.457920670509338379e-01
1762889775.308002472,6.987576186656951904e-02,-2.683751843869686127e-02,1.506521999835968018e-01
1762889775.328088284,7.489594072103500366e-02,-2.741775102913379669e-02,1.563772261142730713e-01
1762889775.347883224,7.941427826881408691e-02,-2.727718278765678406e-02,1.635383069515228271e-01
1762889775.367802858,8.332423865795135498e-02,-2.633783221244812012e-02,1.723440140485763550e-01
1762889775.387975931,8.655390888452529907e-02,-2.458432130515575409e-02,1.827329397201538086e-01
1762889775.407922983,8.906494826078414917e-02,-2.205974608659744263e-02,1.944401562213897705e-01
1762889775.427943707,9.086201339960098267e-02,-1.885661482810974121e-02,2.069905847311019897e-01
1762889775.447949409,9.199284762144088745e-02,-1.509858760982751846e-02,2.197623848915100098e-01
1762889775.467862368,9.252957999706268311e-02,-1.091166026890277863e-02,2.321102470159530640e-01
1762889775.487903595,9.255053102970123291e-02,-6.411208771169185638e-03,2.434440255165100098e-01
1762889775.507947683,9.212458878755569458e-02,-1.690728589892387390e-03,2.532984018325805664e-01
1762889775.527987003,9.129878133535385132e-02,3.179189749062061310e-03,2.613755166530609131e-01
1762889775.547839642,9.008771926164627075e-02,8.143135346472263336e-03,2.675940990447998047e-01
1762889775.567865610,8.845956623554229736e-02,1.314548030495643616e-02,2.721643745899200439e-01
1762889775.588128328,8.634752780199050903e-02,1.810724660754203796e-02,2.755761146545410156e-01
1762889775.606983900,8.568839728832244873e-02,2.046724967658519745e-02,2.770040333271026611e-01
1762889775.626956701,8.276370167732238770e-02,2.513625659048557281e-02,2.800267636775970459e-01
1762889775.646953106,7.935038954019546509e-02,2.934867143630981445e-02,2.834272980690002441e-01
1762889775.666937351,7.544871419668197632e-02,3.297717496752738953e-02,2.878099083900451660e-01
1762889775.686887741,7.121347635984420776e-02,3.583876788616180420e-02,2.935324907302856445e-01
1762889775.706981897,6.680328398942947388e-02,3.780957683920860291e-02,3.007743060588836670e-01
1762889775.726972818,6.239175796508789062e-02,3.882105648517608643e-02,3.095665276050567627e-01
1762889775.746962070,5.886445194482803345e-02,3.899445012211799622e-02,3.186219930648803711e-01
1762889775.767058134,5.494523793458938599e-02,3.826759383082389832e-02,3.296209573745727539e-01
1762889775.787081242,5.076878517866134644e-02,3.637570515275001526e-02,3.427014350891113281e-01
1762889775.806832314,4.785538837313652039e-02,3.412577137351036072e-02,3.543553948402404785e-01
1762889775.826846361,4.569157212972640991e-02,3.165551275014877319e-02,3.648591339588165283e-01
1762889775.847922325,4.376631602644920349e-02,2.854952774941921234e-02,3.752644956111907959e-01
1762889775.868123055,4.210551455616950989e-02,2.479499019682407379e-02,3.852735459804534912e-01
1762889775.888177395,4.117073118686676025e-02,2.110583335161209106e-02,3.933302760124206543e-01
1762889775.907885075,4.063455387949943542e-02,1.690812222659587860e-02,4.005853831768035889e-01
1762889775.927939177,4.081489145755767822e-02,1.288141123950481415e-02,4.062970876693725586e-01
1762889775.947913408,4.160244017839431763e-02,8.501065894961357117e-03,4.115087985992431641e-01
1762889775.967926502,4.317241534590721130e-02,4.510276019573211670e-03,4.160601794719696045e-01
1762889775.987943649,4.551303386688232422e-02,5.971607752144336700e-04,4.207592308521270752e-01
1762889776.007885695,4.864656925201416016e-02,-2.927205525338649750e-03,4.259403347969055176e-01
1762889776.027984142,5.250838398933410645e-02,-5.886548664420843124e-03,4.319518208503723145e-01
1762889776.047992706,5.696776881814002991e-02,-8.124081417918205261e-03,4.390112459659576416e-01
1762889776.067978144,6.184510514140129089e-02,-9.511308744549751282e-03,4.471924304962158203e-01
1762889776.088035107,6.694021821022033691e-02,-9.950116276741027832e-03,4.564241170883178711e-01
1762889776.107853174,7.205192744731903076e-02,-9.384161792695522308e-03,4.664989113807678223e-01
1762889776.127830744,7.700219005346298218e-02,-7.811423391103744507e-03,4.771037995815277100e-01
1762889776.147962093,8.166080713272094727e-02,-5.278368480503559113e-03,4.878623485565185547e-01
1762889776.168029785,8.594217151403427124e-02,-1.858838717453181744e-03,4.984172582626342773e-01
1762889776.187772274,8.978962153196334839e-02,2.360482932999730110e-03,5.084373354911804199e-01
1762889776.207896709,9.316343814134597778e-02,7.287496235221624374e-03,5.176469087600708008e-01
1762889776.227950335,9.602597355842590332e-02,1.283267047256231308e-02,5.258823037147521973e-01
1762889776.247802734,9.832834452390670776e-02,1.891325414180755615e-02,5.331034660339355469e-01
1762889776.267991781,9.999781847000122070e-02,2.544853836297988892e-02,5.394159555435180664e-01
1762889776.288060665,1.009304597973823547e-01,3.234266489744186401e-02,5.450689196586608887e-01
1762889776.307932377,1.010005921125411987e-01,3.946081548929214478e-02,5.503901839256286621e-01
1762889776.327990770,1.000724807381629944e-01,4.664279147982597351e-02,5.557140111923217773e-01
1762889776.348090887,9.816617518663406372e-02,5.300567299127578735e-02,5.606542825698852539e-01
1762889776.368114948,9.502977877855300903e-02,5.987478047609329224e-02,5.668208599090576172e-01
1762889776.387996674,9.032738953828811646e-02,6.697145849466323853e-02,5.746948122978210449e-01
1762889776.407943726,8.596689254045486450e-02,7.162205129861831665e-02,5.808885693550109863e-01
1762889776.427826643,7.959809899330139160e-02,7.692642509937286377e-02,5.896015763282775879e-01
1762889776.447947979,7.253862917423248291e-02,8.141474425792694092e-02,5.990036129951477051e-01
1762889776.467880011,6.431986391544342041e-02,8.535065501928329468e-02,6.096302866935729980e-01
1762889776.488138676,5.462388694286346436e-02,8.877856284379959106e-02,6.223969459533691406e-01
1762889776.507901192,4.717515408992767334e-02,9.045568108558654785e-02,6.318702697753906250e-01
1762889776.527983189,3.876263648271560669e-02,9.167968481779098511e-02,6.429907679557800293e-01
1762889776.548014879,3.018783964216709137e-02,9.207046031951904297e-02,6.543618440628051758e-01
1762889776.568035364,2.183303795754909515e-02,9.157529473304748535e-02,6.655777692794799805e-01
1762889776.587878704,1.382825244218111038e-02,9.016451984643936157e-02,6.765922307968139648e-01
1762889776.607852697,6.282242946326732635e-03,8.779806643724441528e-02,6.874353885650634766e-01
1762889776.627982140,-7.055759779177606106e-04,8.444742113351821899e-02,6.981623172760009766e-01
1762889776.647958040,-7.043326739221811295e-03,8.012346923351287842e-02,7.088330388069152832e-01
1762889776.668019533,-1.263854466378688812e-02,7.486227899789810181e-02,7.195230722427368164e-01
1762889776.688201189,-1.740596257150173187e-02,6.874079257249832153e-02,7.302868366241455078e-01
1762889776.708017826,-2.127516642212867737e-02,6.188474223017692566e-02,7.411310672760009766e-01
1762889776.727910042,-2.418765425682067871e-02,5.444683507084846497e-02,7.520375251770019531e-01
1762889776.748059034,-2.609483338892459869e-02,4.660410061478614807e-02,7.629668116569519043e-01
1762889776.767861128,-2.695576287806034088e-02,3.855679556727409363e-02,7.738621234893798828e-01
1762889776.787908554,-2.673497982323169708e-02,3.050429001450538635e-02,7.846512794494628906e-01
1762889776.807972670,-2.540348842740058899e-02,2.261112630367279053e-02,7.952631711959838867e-01
1762889776.827900171,-2.293709851801395416e-02,1.501408684998750687e-02,8.056490421295166016e-01
1762889776.847819567,-1.984307542443275452e-02,8.217222057282924652e-03,8.147836923599243164e-01
1762889776.867988825,-1.518013421446084976e-02,1.520493417046964169e-03,8.247119784355163574e-01
1762889776.888078690,-9.427800774574279785e-03,-4.549237899482250214e-03,8.344044089317321777e-01
1762889776.907882690,-2.684853971004486084e-03,-9.901321493089199066e-03,8.438636660575866699e-01
1762889776.927894592,4.923899658024311066e-03,-1.444731652736663818e-02,8.531185388565063477e-01
1762889776.947837830,1.323799137026071548e-02,-1.810618489980697632e-02,8.622046113014221191e-01
1762889776.968248129,2.177991345524787903e-02,-2.067667618393898010e-02,8.708371520042419434e-01
1762889776.987886906,2.974853850901126862e-02,-2.207472361624240875e-02,8.785374164581298828e-01
1762889777.008060455,3.879579901695251465e-02,-2.287090197205543518e-02,8.869558572769165039e-01
1762889777.027875900,4.783831164240837097e-02,-2.259622514247894287e-02,8.951936364173889160e-01
1762889777.047951460,5.693096294999122620e-02,-2.116584032773971558e-02,9.034480452537536621e-01
1762889777.067948103,6.517296284437179565e-02,-1.853488758206367493e-02,9.111399650573730469e-01
1762889777.087856293,7.317142188549041748e-02,-1.466983649879693985e-02,9.189774990081787109e-01
1762889777.107928276,8.058677613735198975e-02,-9.604052640497684479e-03,9.268448948860168457e-01
1762889777.127978086,8.729104697704315186e-02,-3.403688082471489906e-03,9.348101019859313965e-01
1762889777.147827148,9.317948669195175171e-02,3.827070351690053940e-03,9.429510831832885742e-01
1762889777.167838573,9.815388917922973633e-02,1.192613039165735245e-02,9.513635635375976562e-01
1762889777.187885284,1.021362468600273132e-01,2.060373872518539429e-02,9.600872993469238281e-01
1762889777.207998991,1.050909087061882019e-01,2.960780821740627289e-02,9.689616560935974121e-01
1762889777.227930546,1.070059761404991150e-01,3.876310214400291443e-02,9.777885675430297852e-01
1762889777.247884512,1.078709065914154053e-01,4.791684448719024658e-02,9.864462018013000488e-01
1762889777.267928123,1.076747700572013855e-01,5.693433806300163269e-02,9.948459863662719727e-01
1762889777.288160086,1.063980087637901306e-01,6.570131331682205200e-02,1.002932548522949219e+00
1762889777.307945013,1.040118858218193054e-01,7.411715388298034668e-02,1.010693550109863281e+00
1762889777.327886820,1.004853546619415283e-01,8.209009468555450439e-02,1.018148541450500488e+00
1762889777.348048449,9.579692780971527100e-02,8.953413367271423340e-02,1.025338888168334961e+00
1762889777.367848396,8.996783196926116943e-02,9.636905044317245483e-02,1.032326221466064453e+00
1762889777.387854338,8.306736499071121216e-02,1.025158911943435669e-01,1.039191961288452148e+00
1762889777.407893896,7.519633322954177856e-02,1.078963950276374817e-01,1.046031594276428223e+00
1762889777.428034782,6.717363744974136353e-02,1.120178177952766418e-01,1.052201390266418457e+00
1762889777.447887659,5.795103311538696289e-02,1.157111823558807373e-01,1.059371113777160645e+00
1762889777.467974424,4.841620847582817078e-02,1.184277236461639404e-01,1.066807389259338379e+00
1762889777.487965345,3.810317441821098328e-02,1.202955394983291626e-01,1.075276255607604980e+00
1762889777.507922411,2.915286459028720856e-02,1.207907274365425110e-01,1.082271456718444824e+00
1762889777.528027534,2.009158767759799957e-02,1.203779876232147217e-01,1.090087175369262695e+00
1762889777.547935724,1.229691598564386368e-02,1.191408857703208923e-01,1.097434401512145996e+00
1762889777.568036318,2.527964534237980843e-03,1.161813959479331970e-01,1.106748104095458984e+00
1762889777.587934017,-4.456148482859134674e-03,1.129014492034912109e-01,1.114493131637573242e+00
1762889777.608103037,-1.209341827780008316e-02,1.079403609037399292e-01,1.123413205146789551e+00
1762889777.627836466,-1.854846812784671783e-02,1.022090390324592590e-01,1.131973028182983398e+00
1762889777.647985697,-2.443986944854259491e-02,9.539341926574707031e-02,1.140669107437133789e+00
1762889777.667877674,-2.949562668800354004e-02,8.777788281440734863e-02,1.149158239364624023e+00
1762889777.687849760,-3.366442397236824036e-02,7.953543215990066528e-02,1.157298564910888672e+00
1762889777.707876921,-3.691418468952178955e-02,7.084216922521591187e-02,1.164982557296752930e+00
1762889777.727936745,-3.921468928456306458e-02,6.189133226871490479e-02,1.172124385833740234e+00
1762889777.748118401,-4.052348434925079346e-02,5.287019163370132446e-02,1.178689002990722656e+00
1762889777.767869949,-4.078085720539093018e-02,4.393270611763000488e-02,1.184713482856750488e+00
1762889777.788008451,-3.991755098104476929e-02,3.521017730236053467e-02,1.190293550491333008e+00
1762889777.808000565,-3.785943239927291870e-02,2.683449350297451019e-02,1.195582866668701172e+00
1762889777.827789307,-3.455171734094619751e-02,1.893739216029644012e-02,1.200756907463073730e+00
1762889777.847992897,-3.001105412840843201e-02,1.164192426949739456e-02,1.205933570861816406e+00
1762889777.868055344,-2.432067319750785828e-02,5.062051117420196533e-03,1.211175799369812012e+00
1762889777.887923956,-1.762465946376323700e-02,-7.118031498976051807e-04,1.216488361358642578e+00
1762889777.907934666,-1.011586282402276993e-02,-5.613429937511682510e-03,1.221807479858398438e+00
1762889777.927906513,-2.024003770202398300e-03,-9.595464915037155151e-03,1.227006316184997559e+00
1762889777.948117018,6.405433174222707748e-03,-1.263374555855989456e-02,1.231894493103027344e+00
1762889777.967948914,1.496972981840372086e-02,-1.472058333456516266e-02,1.236277580261230469e+00
1762889777.987987041,2.351730316877365112e-02,-1.585317775607109070e-02,1.240009069442749023e+00
1762889778.008915663,3.192467987537384033e-02,-1.601433753967285156e-02,1.243022203445434570e+00
1762889778.026798487,3.940078243613243103e-02,-1.544000674039125443e-02,1.245135545730590820e+00
1762889778.047884226,4.717190936207771301e-02,-1.364606525748968124e-02,1.246882319450378418e+00
1762889778.068053961,5.454028770327568054e-02,-1.079374458640813828e-02,1.248210668563842773e+00
1762889778.087937593,6.123427301645278931e-02,-6.955573335289955139e-03,1.249327659606933594e+00
1762889778.107954502,6.723520159721374512e-02,-2.160149160772562027e-03,1.250503182411193848e+00
1762889778.127973080,7.237897813320159912e-02,3.454098710790276527e-03,1.251958250999450684e+00
1762889778.147892475,7.655577361583709717e-02,9.683921933174133301e-03,1.253850102424621582e+00
1762889778.167884588,7.968220859766006470e-02,1.628960669040679932e-02,1.256249904632568359e+00
1762889778.187894106,8.171160519123077393e-02,2.305161580443382263e-02,1.259101986885070801e+00
1762889778.208027124,8.262256532907485962e-02,2.978761494159698486e-02,1.262284755706787109e+00
1762889778.228134155,8.240879327058792114e-02,3.634773194789886475e-02,1.265659809112548828e+00
1762889778.247904778,8.109065145254135132e-02,4.261947795748710632e-02,1.269035100936889648e+00
1762889778.267847776,7.871939241886138916e-02,4.851723089814186096e-02,1.272202610969543457e+00
1762889778.287866116,7.590331137180328369e-02,5.335077643394470215e-02,1.274676442146301270e+00
1762889778.307880402,7.122019678354263306e-02,5.887405574321746826e-02,1.277267098426818848e+00
1762889778.327941656,6.714231520891189575e-02,6.269844621419906616e-02,1.278753519058227539e+00
1762889778.346965313,6.057985126972198486e-02,6.711288541555404663e-02,1.280111074447631836e+00
1762889778.367893934,5.442786216735839844e-02,7.022259384393692017e-02,1.280732035636901855e+00
1762889778.388006449,4.816582426428794861e-02,7.249052822589874268e-02,1.281053662300109863e+00
1762889778.408025265,4.156924784183502197e-02,7.394709438085556030e-02,1.281330227851867676e+00
1762889778.427928686,3.495169803500175476e-02,7.443565875291824341e-02,1.281785249710083008e+00
1762889778.448006392,2.848411537706851959e-02,7.389654219150543213e-02,1.282619833946228027e+00
1762889778.468046904,2.232752926647663116e-02,7.231941074132919312e-02,1.284014940261840820e+00
1762889778.487917185,1.663156785070896149e-02,6.975467503070831299e-02,1.286057591438293457e+00
1762889778.508947134,1.152596902102231979e-02,6.629987806081771851e-02,1.288739442825317383e+00
1762889778.526969671,6.314891390502452850e-03,6.143115833401679993e-02,1.292054295539855957e+00
1762889778.547040701,2.815661253407597542e-03,5.663451924920082092e-02,1.295688271522521973e+00
1762889778.566958666,6.664223037660121918e-04,5.214124917984008789e-02,1.299293518066406250e+00
1762889778.587063313,-1.802165410481393337e-03,4.596455767750740051e-02,1.303206443786621094e+00
1762889778.607065678,-2.383846091106534004e-03,4.125545173883438110e-02,1.306364774703979492e+00
1762889778.626997709,-2.929970156401395798e-03,3.502695262432098389e-02,1.309535861015319824e+00
1762889778.646909952,-2.182270167395472527e-03,2.980073541402816772e-02,1.311846971511840820e+00
1762889778.666930676,-7.815847056917846203e-04,2.641854807734489441e-02,1.313067913055419922e+00
1762889778.686954021,1.387186115607619286e-03,2.191263996064662933e-02,1.314178705215454102e+00
1762889778.706866741,4.770410712808370590e-03,1.683939062058925629e-02,1.314761281013488770e+00
1762889778.728086472,7.839594967663288116e-03,1.432886999100446701e-02,1.314753770828247070e+00
1762889778.747892141,1.185280457139015198e-02,1.152270659804344177e-02,1.314427971839904785e+00
1762889778.767903328,1.638833060860633850e-02,9.270370937883853912e-03,1.313834071159362793e+00
1762889778.787955284,2.226981520652770996e-02,7.247030735015869141e-03,1.312820196151733398e+00
1762889778.807922840,2.615856938064098358e-02,7.120283320546150208e-03,1.312262058258056641e+00
1762889778.827928305,3.093287907540798187e-02,7.329880259931087494e-03,1.311488151550292969e+00
1762889778.848005772,3.555125370621681213e-02,8.301903493702411652e-03,1.310772299766540527e+00
1762889778.868063688,3.982581943273544312e-02,1.000119280070066452e-02,1.310163974761962891e+00
1762889778.888009787,4.363840818405151367e-02,1.233942806720733643e-02,1.309666275978088379e+00
1762889778.908020258,4.689054191112518311e-02,1.520303450524806976e-02,1.309261918067932129e+00
1762889778.927953959,4.950049892067909241e-02,1.846164092421531677e-02,1.308922767639160156e+00
1762889778.947913885,5.140503868460655212e-02,2.198049612343311310e-02,1.308601379394531250e+00
1762889778.967947483,5.255939066410064697e-02,2.562489733099937439e-02,1.308246612548828125e+00
1762889778.988002062,5.294170975685119629e-02,2.926389314234256744e-02,1.307810664176940918e+00
1762889779.007905483,5.255835130810737610e-02,3.277623653411865234e-02,1.307253837585449219e+00
1762889779.027946711,5.144390836358070374e-02,3.605375438928604126e-02,1.306558132171630859e+00
1762889779.047957659,4.965405166149139404e-02,3.899833187460899353e-02,1.305721402168273926e+00
1762889779.068043709,4.683809727430343628e-02,4.157269001007080078e-02,1.304667830467224121e+00
1762889779.087936878,4.387746378779411316e-02,4.356297478079795837e-02,1.303598761558532715e+00
1762889779.107927561,4.051533341407775879e-02,4.499292001128196716e-02,1.302479267120361328e+00
1762889779.128041744,3.744112700223922729e-02,4.590935632586479187e-02,1.301499366760253906e+00
1762889779.147885084,3.307222574949264526e-02,4.603915289044380188e-02,1.300336241722106934e+00
1762889779.167955875,2.925319597125053406e-02,4.564701765775680542e-02,1.299433469772338867e+00
1762889779.188033104,2.554810605943202972e-02,4.467653483152389526e-02,1.298712372779846191e+00
1762889779.207909346,2.208163216710090637e-02,4.317596182227134705e-02,1.298201084136962891e+00
1762889779.228076696,1.896451041102409363e-02,4.121338576078414917e-02,1.297902703285217285e+00
1762889779.247934818,1.629383675754070282e-02,3.887007012963294983e-02,1.297810792922973633e+00
1762889779.267912388,1.414490677416324615e-02,3.624358400702476501e-02,1.297886967658996582e+00
1762889779.287912607,1.257025543600320816e-02,3.343382477760314941e-02,1.298079371452331543e+00
1762889779.307848215,1.209834776818752289e-02,3.147852420806884766e-02,1.298272490501403809e+00
1762889779.327939034,1.161064486950635910e-02,2.866681851446628571e-02,1.298482775688171387e+00
1762889779.347917557,1.173664629459381104e-02,2.610178291797637939e-02,1.298592567443847656e+00
1762889779.367799282,1.230409648269414902e-02,2.326811105012893677e-02,1.298544883728027344e+00
1762889779.387873650,1.352207269519567490e-02,2.027174644172191620e-02,1.298166990280151367e+00
1762889779.407987595,1.496253628283739090e-02,1.890773326158523560e-02,1.297601222991943359e+00
1762889779.427938700,1.685681566596031189e-02,1.716281659901142120e-02,1.296616315841674805e+00
1762889779.448127985,1.903878524899482727e-02,1.574481092393398285e-02,1.295266509056091309e+00
1762889779.466914892,2.153538540005683899e-02,1.459232158958911896e-02,1.293487906455993652e+00
1762889779.487075567,2.388413995504379272e-02,1.381604932248592377e-02,1.291533112525939941e+00
1762889779.506859541,2.634290046989917755e-02,1.368391700088977814e-02,1.289441227912902832e+00
1762889779.527020693,2.870066836476325989e-02,1.394571363925933838e-02,1.287294507026672363e+00
1762889779.547034502,3.084619343280792236e-02,1.459223031997680664e-02,1.285213112831115723e+00
1762889779.567951679,3.275331109762191772e-02,1.574602350592613220e-02,1.283410668373107910e+00
1762889779.586900473,3.388323634862899780e-02,1.662576384842395782e-02,1.282139897346496582e+00
1762889779.606928349,3.508138284087181091e-02,1.804341934621334076e-02,1.280517578125000000e+00
1762889779.627023697,3.579819947481155396e-02,1.959856599569320679e-02,1.279169321060180664e+00
1762889779.646896124,3.607302904129028320e-02,2.126559242606163025e-02,1.277928471565246582e+00
1762889779.666854858,3.597047552466392517e-02,2.285354211926460266e-02,1.276900172233581543e+00
1762889779.686958075,3.541954234242439270e-02,2.446331270039081573e-02,1.275863647460937500e+00
1762889779.707034588,3.443020954728126526e-02,2.601446211338043213e-02,1.274772167205810547e+00
1762889779.726968527,3.306246548891067505e-02,2.741902694106101990e-02,1.273597240447998047e+00
1762889779.746938467,3.137107938528060913e-02,2.862875536084175110e-02,1.272283196449279785e+00
1762889779.767012358,2.941589243710041046e-02,2.960711903870105743e-02,1.270791888236999512e+00
1762889779.787863731,2.725956216454505920e-02,3.032587841153144836e-02,1.269117474555969238e+00
1762889779.806944847,2.440014667809009552e-02,3.072847425937652588e-02,1.266973972320556641e+00
1762889779.827074766,2.220193296670913696e-02,3.083730302751064301e-02,1.265140891075134277e+00
1762889779.846901894,1.978073269128799438e-02,3.061714768409729004e-02,1.263187050819396973e+00
1762889779.866817951,1.754366606473922729e-02,3.011211380362510681e-02,1.261401295661926270e+00
1762889779.886949301,1.594082824885845184e-02,2.954651974141597748e-02,1.260089159011840820e+00
1762889779.907146215,1.412247214466333389e-02,2.857525087893009186e-02,1.258785605430603027e+00
1762889779.926893711,1.256746705621480942e-02,2.738556452095508575e-02,1.257768034934997559e+00
1762889779.946969032,1.134664006531238556e-02,2.603438869118690491e-02,1.257044196128845215e+00
1762889779.966906071,1.048749499022960663e-02,2.457789145410060883e-02,1.256561279296875000e+00
1762889779.987028837,9.997467510402202606e-03,2.307194098830223083e-02,1.256231546401977539e+00
1762889780.006882191,9.868674911558628082e-03,2.156995236873626709e-02,1.255949020385742188e+00
1762889780.026920557,9.918035008013248444e-03,2.012153901159763336e-02,1.255666613578796387e+00
1762889780.047012091,1.041994430124759674e-02,1.875531300902366638e-02,1.255157828330993652e+00
1762889780.067197323,1.119928248226642609e-02,1.751864142715930939e-02,1.254369497299194336e+00
1762889780.086992025,1.221296470612287521e-02,1.644360460340976715e-02,1.253226637840270996e+00
1762889780.106977224,1.341474149376153946e-02,1.555672101676464081e-02,1.251695752143859863e+00
1762889780.128004789,1.475615613162517548e-02,1.487817335873842239e-02,1.249797821044921875e+00
1762889780.147894621,1.618962921202182770e-02,1.441890839487314224e-02,1.247590541839599609e+00
1762889780.168052912,1.764168404042720795e-02,1.420310046523809433e-02,1.245211958885192871e+00
1762889780.187002182,1.908294856548309326e-02,1.420123782008886337e-02,1.242706656455993652e+00
1762889780.206929445,2.039179205894470215e-02,1.446216460317373276e-02,1.240383744239807129e+00
1762889780.226931810,2.156230621039867401e-02,1.492057926952838898e-02,1.238204479217529297e+00
1762889780.247087955,2.252645790576934814e-02,1.556397043168544769e-02,1.236306548118591309e+00
1762889780.266794920,2.324153482913970947e-02,1.635831966996192932e-02,1.234723687171936035e+00
1762889780.286928177,2.368022687733173370e-02,1.726384460926055908e-02,1.233440756797790527e+00
1762889780.306869030,2.383044920861721039e-02,1.823673956096172333e-02,1.232412219047546387e+00
1762889780.328050137,2.369468659162521362e-02,1.923241093754768372e-02,1.231561303138732910e+00
1762889780.347928047,2.327870018780231476e-02,2.021099627017974854e-02,1.230782985687255859e+00
1762889780.367925882,2.262817695736885071e-02,2.113049104809761047e-02,1.229981303215026855e+00
1762889780.388044596,2.175563573837280273e-02,2.196626551449298859e-02,1.229049682617187500e+00
1762889780.408014774,2.070071548223495483e-02,2.269071526825428009e-02,1.227917909622192383e+00
1762889780.427965164,1.950156129896640778e-02,2.328102849423885345e-02,1.226543068885803223e+00
1762889780.447923183,1.819831505417823792e-02,2.371869049966335297e-02,1.224928259849548340e+00
1762889780.467935085,1.683289930224418640e-02,2.399018593132495880e-02,1.223119497299194336e+00
1762889780.487910986,1.544833928346633911e-02,2.408591844141483307e-02,1.221202135086059570e+00
1762889780.508013725,1.408941671252250671e-02,2.400078251957893372e-02,1.219289302825927734e+00
1762889780.527929306,1.280178595334291458e-02,2.373759262263774872e-02,1.217488765716552734e+00
1762889780.547936678,1.162886898964643478e-02,2.330553345382213593e-02,1.215894341468811035e+00
1762889780.566914558,1.056798826903104782e-02,2.269181609153747559e-02,1.214539885520935059e+00
1762889780.586934566,9.775761514902114868e-03,2.201326936483383179e-02,1.213533878326416016e+00
1762889780.607131720,9.150759316980838776e-03,2.121421135962009430e-02,1.212764859199523926e+00
1762889780.626908064,8.743518963456153870e-03,2.035175450146198273e-02,1.212205767631530762e+00
1762889780.647963285,8.538090623915195465e-03,1.942326873540878296e-02,1.211763501167297363e+00
1762889780.668173552,8.332923986017704010e-03,1.826107688248157501e-02,1.211367964744567871e+00
1762889780.688153267,8.822347037494182587e-03,1.772508770227432251e-02,1.210841655731201172e+00
1762889780.707999706,9.012678638100624084e-03,1.662584207952022552e-02,1.210157632827758789e+00
1762889780.728053570,9.795302525162696838e-03,1.622348465025424957e-02,1.209169626235961914e+00
1762889780.747938156,1.029756758362054825e-02,1.531410869210958481e-02,1.207878947257995605e+00
1762889780.767998219,1.127215940505266190e-02,1.511164568364620209e-02,1.206333875656127930e+00
1762889780.788070679,1.195589825510978699e-02,1.445639226585626602e-02,1.204436659812927246e+00
1762889780.808039427,1.300379261374473572e-02,1.449224725365638733e-02,1.202573657035827637e+00
1762889780.827872515,1.372180972248315811e-02,1.412309519946575165e-02,1.200431942939758301e+00
1762889780.847973824,1.455354969948530197e-02,1.415464002639055252e-02,1.198489785194396973e+00
1762889780.867935419,1.530300360172986984e-02,1.430960744619369507e-02,1.196721911430358887e+00
1762889780.888043404,1.595106720924377441e-02,1.469374075531959534e-02,1.195585250854492188e+00
1762889780.907913208,1.648325100541114807e-02,1.503300014883279800e-02,1.194263815879821777e+00
1762889780.927992582,1.679959706962108612e-02,1.538866106420755386e-02,1.192958593368530273e+00
1762889780.948006868,1.710945367813110352e-02,1.591226086020469666e-02,1.192270636558532715e+00
1762889780.967838526,1.718302257359027863e-02,1.640577800571918488e-02,1.191465616226196289e+00
1762889780.987833500,1.709253340959548950e-02,1.690567098557949066e-02,1.190686106681823730e+00
1762889781.007911205,1.685162819921970367e-02,1.739302650094032288e-02,1.189869523048400879e+00
1762889781.027953863,1.647472009062767029e-02,1.784832961857318878e-02,1.188943386077880859e+00
1762889781.047792435,1.597860641777515411e-02,1.825398951768875122e-02,1.187854647636413574e+00
1762889781.067943096,1.538235321640968323e-02,1.859418861567974091e-02,1.186579942703247070e+00
1762889781.087992430,1.470803283154964447e-02,1.885574683547019958e-02,1.185132622718811035e+00
1762889781.107954502,1.397943310439586639e-02,1.902767457067966461e-02,1.183560609817504883e+00
1762889781.126910448,1.283500250428915024e-02,1.885798014700412750e-02,1.181753754615783691e+00
1762889781.147034883,1.245745178312063217e-02,1.907129772007465363e-02,1.180331110954284668e+00
1762889781.167039394,1.171891763806343079e-02,1.893966458737850189e-02,1.178832173347473145e+00
1762889781.186971188,1.071482338011264801e-02,1.846797578036785126e-02,1.177385926246643066e+00
1762889781.207098961,1.040410809218883514e-02,1.838493160903453827e-02,1.176346898078918457e+00
1762889781.227909088,9.509682655334472656e-03,1.767277158796787262e-02,1.175280451774597168e+00
1762889781.248067856,9.157448075711727142e-03,1.725518144667148590e-02,1.174569606781005859e+00
1762889781.268136501,9.142180904746055603e-03,1.701345294713973999e-02,1.173972487449645996e+00
1762889781.287988424,8.686358109116554260e-03,1.620742864906787872e-02,1.173376441001892090e+00
1762889781.307999134,8.634231053292751312e-03,1.566373184323310852e-02,1.172803282737731934e+00
1762889781.327881098,9.035805240273475647e-03,1.573615707457065582e-02,1.172417044639587402e+00
1762889781.347925901,8.876573294401168823e-03,1.462585385888814926e-02,1.171370387077331543e+00
1762889781.367915154,9.149741381406784058e-03,1.416139304637908936e-02,1.170419096946716309e+00
1762889781.388000011,9.506306611001491547e-03,1.374961808323860168e-02,1.169287323951721191e+00
1762889781.408162117,9.930254891514778137e-03,1.340026035904884338e-02,1.167992591857910156e+00
1762889781.427930832,1.040291227400302887e-02,1.312146149575710297e-02,1.166579604148864746e+00
1762889781.447199106,1.101222261786460876e-02,1.335650030523538589e-02,1.165781378746032715e+00
1762889781.466965437,1.151809934526681900e-02,1.320403721183538437e-02,1.164347410202026367e+00
1762889781.486985922,1.201791781932115555e-02,1.311865914613008499e-02,1.162936210632324219e+00
1762889781.506933212,1.249361876398324966e-02,1.310764905065298080e-02,1.161612153053283691e+00
1762889781.528027296,1.292298268526792526e-02,1.315957494080066681e-02,1.160387277603149414e+00
1762889781.547874689,1.329755224287509918e-02,1.328921597450971603e-02,1.159312367439270020e+00
1762889781.568006277,1.359362527728080750e-02,1.346521638333797455e-02,1.158344149589538574e+00
1762889781.587842226,1.380283571779727936e-02,1.368333678692579269e-02,1.157476902008056641e+00
1762889781.608011484,1.391832623630762100e-02,1.393171865493059158e-02,1.156677842140197754e+00
1762889781.628041267,1.393703557550907135e-02,1.419678144156932831e-02,1.155908107757568359e+00
1762889781.647960901,1.385958492755889893e-02,1.446479558944702148e-02,1.155127525329589844e+00
1762889781.667998314,1.369007956236600876e-02,1.472265552729368210e-02,1.154299259185791016e+00
1762889781.687758684,1.343599800020456314e-02,1.495816558599472046e-02,1.153395056724548340e+00
1762889781.708014727,1.310747675597667694e-02,1.516013871878385544e-02,1.152397513389587402e+00
1762889781.727948904,1.271672546863555908e-02,1.531860139220952988e-02,1.151306986808776855e+00
1762889781.747978210,1.227748487144708633e-02,1.542515493929386139e-02,1.150141119956970215e+00
1762889781.766968966,1.170001272112131119e-02,1.535202004015445709e-02,1.149020671844482422e+00
1762889781.786933184,1.123791374266147614e-02,1.535648852586746216e-02,1.147831559181213379e+00
1762889781.807020903,1.074873283505439758e-02,1.528284139931201935e-02,1.146657466888427734e+00
1762889781.827069521,1.027386356145143509e-02,1.514380052685737610e-02,1.145559191703796387e+00
1762889781.846854687,9.831250645220279694e-03,1.494319178164005280e-02,1.144566535949707031e+00
1762889781.866956949,9.436090476810932159e-03,1.468706503510475159e-02,1.143692135810852051e+00
1762889781.887014389,9.072133339941501617e-03,1.435466203838586807e-02,1.142915844917297363e+00
1762889781.907111168,8.840800262987613678e-03,1.404119841754436493e-02,1.142280817031860352e+00
1762889781.926957369,8.657760918140411377e-03,1.367570552974939346e-02,1.141698241233825684e+00
1762889781.946991682,8.555653505027294159e-03,1.329454872757196426e-02,1.141150832176208496e+00
1762889781.966894150,8.537093177437782288e-03,1.291126664727926254e-02,1.140595316886901855e+00
1762889781.987987518,8.597273379564285278e-03,1.253236737102270126e-02,1.139987587928771973e+00
1762889782.007875681,8.739173412322998047e-03,1.218471024185419083e-02,1.139301180839538574e+00
1762889782.027937651,8.944074623286724091e-03,1.186062488704919815e-02,1.138504505157470703e+00
1762889782.047857523,9.205805137753486633e-03,1.157383527606725693e-02,1.137591242790222168e+00
1762889782.068035126,9.512603282928466797e-03,1.133104134351015091e-02,1.136571168899536133e+00
1762889782.087903738,9.850803762674331665e-03,1.113656349480152130e-02,1.135470151901245117e+00
1762889782.107949972,1.020584814250469208e-02,1.099336333572864532e-02,1.134323239326477051e+00
1762889782.128050804,1.056274771690368652e-02,1.090269070118665695e-02,1.133173227310180664e+00
1762889782.147800922,1.090636476874351501e-02,1.086372788995504379e-02,1.132063269615173340e+00
1762889782.167925358,1.122215110808610916e-02,1.087352819740772247e-02,1.131025433540344238e+00
1762889782.186932802,1.149721164256334305e-02,1.092736981809139252e-02,1.130079746246337891e+00
1762889782.206833363,1.171786990016698837e-02,1.101698912680149078e-02,1.129228115081787109e+00
1762889782.226946115,1.188403833657503128e-02,1.114319264888763428e-02,1.128474235534667969e+00
1762889782.247030497,1.175364479422569275e-02,1.107236742973327637e-02,1.127742171287536621e+00
1762889782.267038345,1.201097853481769562e-02,1.144711300730705261e-02,1.127147197723388672e+00
1762889782.286980867,1.173044089227914810e-02,1.139776594936847687e-02,1.126489162445068359e+00
1762889782.306967258,1.161822210997343063e-02,1.155756972730159760e-02,1.125846505165100098e+00
1762889782.327061653,1.144564710557460785e-02,1.170394569635391235e-02,1.125156044960021973e+00
1762889782.347039461,1.122035086154937744e-02,1.182937063276767731e-02,1.124401688575744629e+00
1762889782.366953373,1.095094718039035797e-02,1.192705612629652023e-02,1.123576760292053223e+00
1762889782.386829376,1.064728666096925735e-02,1.199136581271886826e-02,1.122689843177795410e+00
1762889782.406868458,1.032062154263257980e-02,1.201818604022264481e-02,1.121763944625854492e+00
1762889782.426970482,9.982843883335590363e-03,1.200479082763195038e-02,1.120828986167907715e+00
1762889782.447016478,9.645929560065269470e-03,1.194990146905183792e-02,1.119916915893554688e+00
1762889782.467072010,9.394819848239421844e-03,1.190521195530891418e-02,1.119118809700012207e+00
1762889782.486863136,9.299203753471374512e-03,1.193368155509233475e-02,1.118479967117309570e+00
1762889782.506998062,8.848602883517742157e-03,1.162501983344554901e-02,1.117642998695373535e+00
1762889782.526921749,8.616741746664047241e-03,1.142498105764389038e-02,1.117013692855834961e+00
1762889782.546896935,8.446994237601757050e-03,1.121280249208211899e-02,1.116458058357238770e+00
1762889782.566967487,8.548996411263942719e-03,1.121297851204872131e-02,1.116062283515930176e+00
1762889782.587093115,8.488695137202739716e-03,1.099287811666727066e-02,1.115563988685607910e+00
1762889782.606941462,8.470589295029640198e-03,1.075724046677350998e-02,1.115051746368408203e+00
1762889782.626789570,8.245302364230155945e-03,1.018405798822641373e-02,1.114325404167175293e+00
1762889782.646959543,8.375533856451511383e-03,1.000488363206386566e-02,1.113721847534179688e+00
1762889782.666754961,8.562228642404079437e-03,9.868462570011615753e-03,1.113062739372253418e+00
1762889782.686931610,8.878858759999275208e-03,9.909517131745815277e-03,1.112466454505920410e+00
1762889782.707859039,8.883882313966751099e-03,9.458071552217006683e-03,1.111388206481933594e+00
1762889782.727887154,9.111860767006874084e-03,9.356340393424034119e-03,1.110537648200988770e+00
1762889782.747930050,9.330388158559799194e-03,9.261608123779296875e-03,1.109654784202575684e+00
1762889782.767930031,9.542797692120075226e-03,9.195223450660705566e-03,1.108783483505249023e+00
1762889782.787955046,9.774361737072467804e-03,9.206684306263923645e-03,1.108011007308959961e+00
1762889782.807920933,9.915681555867195129e-03,9.151146747171878815e-03,1.107190847396850586e+00
1762889782.827931166,1.009302493184804916e-02,9.207430295646190643e-03,1.106531858444213867e+00
1762889782.847852468,1.020384766161441803e-02,9.244604036211967468e-03,1.105888009071350098e+00
1762889782.871040583,1.041992381215095520e-02,9.438802488148212433e-03,1.105416655540466309e+00
1762889782.886913061,1.057903654873371124e-02,9.599047712981700897e-03,1.105085611343383789e+00
1762889782.906986713,1.057322043925523758e-02,9.649533778429031372e-03,1.104505181312561035e+00
1762889782.927016258,1.044933032244443893e-02,9.648777544498443604e-03,1.103880643844604492e+00
1762889782.947111130,1.051801815629005432e-02,9.864320978522300720e-03,1.103265166282653809e+00
1762889782.968084097,1.035855151712894440e-02,9.859797544777393341e-03,1.102758765220642090e+00
1762889782.987975121,1.020033843815326691e-02,9.946108795702457428e-03,1.101965665817260742e+00
1762889783.007942677,1.007110159844160080e-02,1.001831889152526855e-02,1.101309537887573242e+00
1762889783.028018475,9.719580411911010742e-03,9.894264861941337585e-03,1.100623130798339844e+00
1762889783.047894478,9.652047418057918549e-03,1.003381796181201935e-02,1.099848866462707520e+00
1762889783.067902565,9.253995493054389954e-03,9.851687587797641754e-03,1.099124073982238770e+00
1762889783.086979628,9.006101638078689575e-03,9.787375107407569885e-03,1.098388671875000000e+00
1762889783.106878519,8.753320202231407166e-03,9.690375998616218567e-03,1.097682356834411621e+00
1762889783.126972437,8.662926964461803436e-03,9.689871221780776978e-03,1.097126364707946777e+00
1762889783.147071123,8.303670212626457214e-03,9.434673003852367401e-03,1.096436858177185059e+00
1762889783.166997194,8.207822218537330627e-03,9.362946264445781708e-03,1.095950722694396973e+00
1762889783.187860966,7.908063009381294250e-03,9.065690450370311737e-03,1.095383644104003906e+00
1762889783.208113194,7.780698128044605255e-03,8.883901871740818024e-03,1.094928503036499023e+00
1762889783.227992296,7.674833759665489197e-03,8.682595565915107727e-03,1.094485759735107422e+00
1762889783.247996330,7.701915223151445389e-03,8.586178533732891083e-03,1.094092249870300293e+00
1762889783.268187284,7.601122371852397919e-03,8.314482867717742920e-03,1.093600630760192871e+00
1762889783.287980795,7.573049981147050858e-03,8.092201314866542816e-03,1.093095898628234863e+00
1762889783.307918072,7.688718847930431366e-03,8.017665706574916840e-03,1.092622280120849609e+00
1762889783.328039169,7.753033656626939774e-03,7.864335551857948303e-03,1.092054009437561035e+00
1762889783.347935200,7.856151089072227478e-03,7.749758660793304443e-03,1.091454744338989258e+00
1762889783.367852688,7.958818227052688599e-03,7.633663248270750046e-03,1.090805292129516602e+00
1762889783.387924671,8.074026554822921753e-03,7.541313301771879196e-03,1.090132951736450195e+00
1762889783.409931898,8.196242153644561768e-03,7.474269252270460129e-03,1.089455008506774902e+00
1762889783.428231478,8.318440988659858704e-03,7.432112004607915878e-03,1.088787555694580078e+00
1762889783.448032141,8.310170844197273254e-03,7.306266576051712036e-03,1.088201880455017090e+00
1762889783.468014717,8.413635194301605225e-03,7.307264953851699829e-03,1.087590813636779785e+00
1762889783.487917423,8.618825115263462067e-03,7.438282016664743423e-03,1.086972951889038086e+00
1762889783.507904530,8.678554557263851166e-03,7.476049009710550308e-03,1.086449503898620605e+00
1762889783.526894093,8.579687215387821198e-03,7.399119902402162552e-03,1.085995316505432129e+00
1762889783.547984838,8.584702387452125549e-03,7.457443512976169586e-03,1.085537552833557129e+00
1762889783.567911625,8.578035049140453339e-03,7.535316981375217438e-03,1.085108518600463867e+00
1762889783.587935209,8.525414392352104187e-03,7.600017357617616653e-03,1.084675669670104980e+00
1762889783.607951880,8.443344384431838989e-03,7.660704664885997772e-03,1.084235787391662598e+00
1762889783.627936363,8.335590362548828125e-03,7.714526727795600891e-03,1.083778500556945801e+00
1762889783.647873878,8.205918595194816589e-03,7.758143823593854904e-03,1.083297133445739746e+00
1762889783.667925596,8.058537729084491730e-03,7.788567803800106049e-03,1.082789301872253418e+00
1762889783.687945604,7.898168638348579407e-03,7.803421001881361008e-03,1.082258939743041992e+00
1762889783.707877636,7.730089593678712845e-03,7.801066618412733078e-03,1.081714630126953125e+00
1762889783.726808548,7.538711186498403549e-03,7.764255627989768982e-03,1.081155776977539062e+00
1762889783.747024536,7.392484694719314575e-03,7.741091307252645493e-03,1.080632209777832031e+00
1762889783.767193079,7.235181517899036407e-03,7.685339078307151794e-03,1.080118179321289062e+00
1762889783.786937714,7.090116385370492935e-03,7.612394168972969055e-03,1.079633235931396484e+00
1762889783.807002783,6.962890736758708954e-03,7.525224704295396805e-03,1.079182028770446777e+00
1762889783.826889515,6.857187952846288681e-03,7.426551543176174164e-03,1.078763365745544434e+00
1762889783.847108841,6.775605492293834686e-03,7.319543510675430298e-03,1.078372597694396973e+00
1762889783.866937876,6.466558668762445450e-03,6.971591152250766754e-03,1.077974915504455566e+00
1762889783.887001991,6.439693737775087357e-03,6.857901811599731445e-03,1.077617883682250977e+00
1762889783.906981707,6.439592223614454269e-03,6.746835075318813324e-03,1.077259421348571777e+00
1762889783.926938295,6.464929785579442978e-03,6.641667336225509644e-03,1.076888561248779297e+00
1762889783.947932482,6.478792056441307068e-03,6.506675854325294495e-03,1.076476812362670898e+00
1762889783.967954636,6.581730209290981293e-03,6.461462005972862244e-03,1.076074361801147461e+00
1762889783.987934589,6.668363232165575027e-03,6.394411902874708176e-03,1.075625777244567871e+00
1762889784.007938623,6.765400059521198273e-03,6.341255735605955124e-03,1.075150012969970703e+00
1762889784.027885199,6.870168726891279221e-03,6.305035203695297241e-03,1.074655890464782715e+00
1762889784.046952724,6.946508772671222687e-03,6.251199170947074890e-03,1.074128866195678711e+00
1762889784.067014217,7.083374075591564178e-03,6.284484639763832092e-03,1.073652744293212891e+00
1762889784.086828232,7.184040732681751251e-03,6.300485692918300629e-03,1.073165774345397949e+00
1762889784.106987953,7.271656300872564316e-03,6.328532472252845764e-03,1.072697639465332031e+00
1762889784.126939535,7.344161625951528549e-03,6.368624977767467499e-03,1.072255492210388184e+00
1762889784.146861076,7.399414665997028351e-03,6.419313140213489532e-03,1.071840167045593262e+00
1762889784.166902542,7.770281750708818436e-03,6.778740324079990387e-03,1.071638822555541992e+00
1762889784.186962843,7.802600972354412079e-03,6.845947820693254471e-03,1.071259260177612305e+00
1762889784.206959963,7.811051327735185623e-03,6.913252174854278564e-03,1.070891618728637695e+00
1762889784.226907969,7.796996738761663437e-03,6.979240570217370987e-03,1.070530772209167480e+00
1762889784.247987747,7.763615809381008148e-03,7.043231744319200516e-03,1.070173859596252441e+00
1762889784.267843723,7.710149046033620834e-03,7.101614493876695633e-03,1.069812297821044922e+00
1762889784.287933111,7.643729913979768753e-03,7.155573926866054535e-03,1.069441556930541992e+00
1762889784.307966471,7.559492252767086029e-03,7.196472492069005966e-03,1.069055676460266113e+00
1762889784.328012705,7.461641449481248856e-03,7.223369553685188293e-03,1.068653821945190430e+00
1762889784.347828388,7.353078108280897141e-03,7.234377320855855942e-03,1.068237423896789551e+00
1762889784.368030787,7.236397825181484222e-03,7.227723021060228348e-03,1.067810893058776855e+00
1762889784.387989759,7.114911917597055435e-03,7.202577777206897736e-03,1.067379117012023926e+00
1762889784.407982826,6.991830188781023026e-03,7.158332504332065582e-03,1.066951155662536621e+00
1762889784.427887678,6.870700046420097351e-03,7.095703855156898499e-03,1.066533088684082031e+00
1762889784.447958946,6.754912436008453369e-03,7.015534210950136185e-03,1.066133379936218262e+00
1762889784.468011379,6.647855043411254883e-03,6.920182146131992340e-03,1.065756559371948242e+00
1762889784.487884521,6.552723236382007599e-03,6.811709143221378326e-03,1.065406680107116699e+00
1762889784.507865429,6.472119595855474472e-03,6.693466566503047943e-03,1.065083503723144531e+00
1762889784.527867317,6.408379413187503815e-03,6.568593438714742661e-03,1.064783215522766113e+00
1762889784.547973633,6.362944841384887695e-03,6.441099569201469421e-03,1.064498305320739746e+00
1762889784.568022966,6.325978785753250122e-03,6.304079201072454453e-03,1.064216136932373047e+00
1762889784.588046312,6.329961121082305908e-03,6.196004804223775864e-03,1.063939452171325684e+00
1762889784.608002424,6.342013832181692123e-03,6.086275447160005569e-03,1.063647627830505371e+00
1762889784.627884388,6.248946301639080048e-03,5.886532831937074661e-03,1.063366532325744629e+00
1762889784.647034407,6.291099358350038528e-03,5.802150815725326538e-03,1.063032388687133789e+00
1762889784.666998625,6.342329084873199463e-03,5.731338169425725937e-03,1.062668919563293457e+00
1762889784.686967134,6.410056725144386292e-03,5.686859600245952606e-03,1.062284588813781738e+00
1762889784.706931591,6.479955743998289108e-03,5.656994879245758057e-03,1.061879277229309082e+00
1762889784.727009296,6.551516707986593246e-03,5.645488388836383820e-03,1.061462044715881348e+00
1762889784.747949123,6.605842616409063339e-03,5.636247806251049042e-03,1.061033368110656738e+00
1762889784.767020941,6.681846920400857925e-03,5.671145394444465637e-03,1.060629367828369141e+00
1762889784.787025213,6.741384975612163544e-03,5.712030455470085144e-03,1.060231089591979980e+00
1762889784.806893110,6.784135010093450546e-03,5.760644562542438507e-03,1.059848546981811523e+00
1762889784.826942682,6.811899598687887192e-03,5.818138364702463150e-03,1.059489846229553223e+00
1762889784.846896172,6.822869181632995605e-03,5.882082041352987289e-03,1.059153914451599121e+00
1762889784.866794348,6.815773900598287582e-03,5.948892794549465179e-03,1.058840155601501465e+00
1762889784.886906862,6.789625156670808792e-03,6.015306338667869568e-03,1.058542013168334961e+00
1762889784.906884670,6.744582671672105789e-03,6.077977363020181656e-03,1.058252692222595215e+00
1762889784.926847219,6.682013627141714096e-03,6.133556365966796875e-03,1.057965993881225586e+00
1762889784.948127747,6.585138849914073944e-03,6.164581049233675003e-03,1.057669281959533691e+00
1762889784.967880249,6.513016298413276672e-03,6.212392356246709824e-03,1.057380795478820801e+00
1762889784.987938404,6.412888411432504654e-03,6.232192739844322205e-03,1.057076454162597656e+00
1762889785.007997036,6.304115522652864456e-03,6.235544104129076004e-03,1.056760907173156738e+00
1762889785.028001547,6.191096268594264984e-03,6.222429219633340836e-03,1.056436061859130859e+00
1762889785.047885418,6.077572703361511230e-03,6.192901637405157089e-03,1.056104063987731934e+00
1762889785.066912174,5.668404512107372284e-03,5.881492979824542999e-03,1.055724024772644043e+00
1762889785.086986065,5.606144666671752930e-03,5.855182651430368423e-03,1.055408120155334473e+00
1762889785.106948376,5.514034070074558258e-03,5.782005842775106430e-03,1.055086016654968262e+00
1762889785.127224684,5.431709345430135727e-03,5.695858038961887360e-03,1.054776191711425781e+00
1762889785.146968365,5.363965407013893127e-03,5.601387005299329758e-03,1.054485678672790527e+00
1762889785.166981459,5.313726142048835754e-03,5.503451917320489883e-03,1.054213762283325195e+00
1762889785.186879158,5.282490048557519913e-03,5.405277479439973831e-03,1.053957343101501465e+00
1762889785.206984043,5.270742345601320267e-03,5.309228319674730301e-03,1.053714275360107422e+00
1762889785.227018595,5.278394091874361038e-03,5.219556391239166260e-03,1.053476929664611816e+00
1762889785.247063398,5.304243881255388260e-03,5.139475688338279724e-03,1.053240299224853516e+00
1762889785.266998291,5.346746649593114853e-03,5.070988554507493973e-03,1.052997827529907227e+00
1762889785.287925482,5.397439468652009964e-03,5.009623244404792786e-03,1.052742123603820801e+00
1762889785.308043003,5.476074293255805969e-03,4.981459118425846100e-03,1.052477002143859863e+00
1762889785.328066587,5.556685850024223328e-03,4.962336272001266479e-03,1.052191972732543945e+00
1762889785.347936869,5.643704440444707870e-03,4.961313214153051376e-03,1.051890015602111816e+00
1762889785.367945194,5.733767990022897720e-03,4.978381562978029251e-03,1.051572561264038086e+00
1762889785.388018608,5.821991246193647385e-03,5.011088214814662933e-03,1.051242947578430176e+00
1762889785.407884359,5.904176272451877594e-03,5.057864356786012650e-03,1.050907731056213379e+00
1762889785.428939581,5.943855270743370056e-03,5.085832905024290085e-03,1.050554633140563965e+00
1762889785.447031260,6.369489710777997971e-03,5.488474853336811066e-03,1.050412416458129883e+00
1762889785.466932058,6.424730177968740463e-03,5.562881473451852798e-03,1.050092816352844238e+00
1762889785.486944675,6.462412886321544647e-03,5.641434341669082642e-03,1.049786448478698730e+00
1762889785.506955862,6.482912227511405945e-03,5.722797475755214691e-03,1.049497723579406738e+00
1762889785.527904034,6.476708687841892242e-03,5.797090008854866028e-03,1.049223899841308594e+00
1762889785.547951221,6.467772182077169418e-03,5.880645010620355606e-03,1.048974990844726562e+00
1762889785.568019390,6.430131383240222931e-03,5.949477665126323700e-03,1.048736810684204102e+00
1762889785.588006735,6.371403113007545471e-03,6.006659939885139465e-03,1.048509120941162109e+00
1762889785.607907534,6.293085403740406036e-03,6.049670744687318802e-03,1.048285484313964844e+00
1762889785.627963781,6.197360809892416000e-03,6.076192017644643784e-03,1.048059225082397461e+00
1762889785.648003817,6.087264977395534515e-03,6.084469147026538849e-03,1.047825694084167480e+00
1762889785.668061018,5.966350901871919632e-03,6.073532160371541977e-03,1.047582149505615234e+00
1762889785.687938690,5.731735844165086746e-03,5.938663613051176071e-03,1.047349572181701660e+00
1762889785.707966805,5.706788972020149231e-03,5.992513149976730347e-03,1.047064542770385742e+00
1762889785.727926731,5.468312650918960571e-03,5.822212435305118561e-03,1.046815395355224609e+00
1762889785.747995377,5.340707954019308090e-03,5.737277679145336151e-03,1.046541929244995117e+00
1762889785.767851830,5.326590035110712051e-03,5.733706522732973099e-03,1.046307325363159180e+00
1762889785.788031578,5.250064190477132797e-03,5.655062850564718246e-03,1.046053886413574219e+00
1762889785.807893038,5.131599958986043930e-03,5.516660399734973907e-03,1.045790433883666992e+00
1762889785.827918768,4.979172721505165100e-03,5.320611409842967987e-03,1.045524120330810547e+00
1762889785.847862959,5.014859605580568314e-03,5.291269626468420029e-03,1.045326709747314453e+00
1762889785.866972685,4.870717879384756088e-03,5.061298143118619919e-03,1.045079469680786133e+00
1762889785.887047291,4.868201445788145065e-03,4.961056169122457504e-03,1.044880151748657227e+00
1762889785.906879663,4.873917438089847565e-03,4.858074709773063660e-03,1.044684052467346191e+00
1762889785.926940441,4.960414953529834747e-03,4.835412371903657913e-03,1.044506907463073730e+00
1762889785.946911335,5.022292491048574448e-03,4.782998934388160706e-03,1.044314146041870117e+00
1762889785.967973471,5.044896155595779419e-03,4.688974469900131226e-03,1.044095754623413086e+00
1762889785.987864256,5.051007494330406189e-03,4.583846777677536011e-03,1.043850421905517578e+00
1762889786.007949591,5.113403312861919403e-03,4.551754333078861237e-03,1.043602466583251953e+00
1762889786.027941227,5.258753430098295212e-03,4.622191656380891800e-03,1.043368816375732422e+00
1762889786.047809124,5.326802842319011688e-03,4.629006609320640564e-03,1.043088436126708984e+00
1762889786.066909075,5.249727983027696609e-03,4.522186238318681717e-03,1.042810320854187012e+00
1762889786.086995840,5.310356616973876953e-03,4.563272930681705475e-03,1.042511343955993652e+00
1762889786.107189178,5.167989991605281830e-03,4.440787248313426971e-03,1.042126297950744629e+00
1762889786.127032518,5.467188544571399689e-03,4.748272243887186050e-03,1.041882038116455078e+00
1762889786.146888971,5.353252869099378586e-03,4.688714630901813507e-03,1.041622281074523926e+00
1762889786.166979313,5.328090395778417587e-03,4.734680522233247757e-03,1.041354537010192871e+00
1762889786.187044621,5.280404351651668549e-03,4.777257796376943588e-03,1.041108250617980957e+00
1762889786.206907272,5.211824551224708557e-03,4.814970772713422775e-03,1.040887117385864258e+00
1762889786.226915598,5.124183371663093567e-03,4.845901858061552048e-03,1.040687203407287598e+00
1762889786.247953415,5.125218536704778671e-03,4.975668154656887054e-03,1.040489196777343750e+00
1762889786.268102646,4.896250553429126740e-03,4.875482060015201569e-03,1.040326356887817383e+00
1762889786.287969112,4.772053565829992294e-03,4.878224339336156845e-03,1.040155768394470215e+00
1762889786.307944536,4.637522157281637192e-03,4.864792339503765106e-03,1.039981842041015625e+00
1762889786.328999758,4.501344170421361923e-03,4.838339518755674362e-03,1.039802670478820801e+00
1762889786.346847296,4.363423213362693787e-03,4.795395303517580032e-03,1.039613366127014160e+00
1762889786.366971970,4.241013433784246445e-03,4.748169332742691040e-03,1.039414405822753906e+00
1762889786.387131214,4.124284721910953522e-03,4.687158856540918350e-03,1.039202928543090820e+00
1762889786.406959295,4.021436907351016998e-03,4.617678932845592499e-03,1.038982152938842773e+00
1762889786.426884651,3.935647662729024887e-03,4.541533999145030975e-03,1.038757324218750000e+00
1762889786.446951151,3.868823871016502380e-03,4.461483098566532135e-03,1.038531661033630371e+00
1762889786.467056274,3.822371130809187889e-03,4.380209371447563171e-03,1.038307189941406250e+00
1762889786.486965418,3.797506680712103844e-03,4.299963824450969696e-03,1.038091301918029785e+00
1762889786.506964207,3.794109448790550232e-03,4.223568830639123917e-03,1.037886261940002441e+00
1762889786.526925802,3.811651607975363731e-03,4.153507761657238007e-03,1.037694096565246582e+00
1762889786.547885418,3.845210885629057884e-03,4.088611807674169540e-03,1.037513375282287598e+00
1762889786.567898989,3.903272794559597969e-03,4.042339511215686798e-03,1.037344098091125488e+00
1762889786.587992191,3.971728030592203140e-03,4.004267044365406036e-03,1.037179470062255859e+00
1762889786.608042479,4.050555638968944550e-03,3.979410510510206223e-03,1.037017345428466797e+00
1762889786.627835512,4.136723931878805161e-03,3.969098441302776337e-03,1.036851882934570312e+00
1762889786.648006916,4.226221237331628799e-03,3.973236307501792908e-03,1.036678791046142578e+00
1762889786.667991400,4.314959514886140823e-03,3.991694189608097076e-03,1.036493182182312012e+00
1762889786.687901258,4.398865159600973129e-03,4.023365210741758347e-03,1.036292791366577148e+00
1762889786.707985878,4.235327243804931641e-03,3.842142876237630844e-03,1.036056160926818848e+00
1762889786.728066683,4.537611268460750580e-03,4.119938705116510391e-03,1.035848975181579590e+00
1762889786.748046637,4.586002323776483536e-03,4.179970826953649521e-03,1.035610675811767578e+00
1762889786.766929865,4.339494276791810989e-03,3.991166129708290100e-03,1.035327076911926270e+00
1762889786.787036419,4.384303931146860123e-03,4.088837187737226486e-03,1.035095930099487305e+00
1762889786.806879282,4.376837052404880524e-03,4.156992770731449127e-03,1.034860610961914062e+00
1762889786.826940060,4.347323440015316010e-03,4.220192320644855499e-03,1.034638762474060059e+00
1762889786.846915960,4.298568703234195709e-03,4.277632106095552444e-03,1.034438133239746094e+00
1762889786.866870165,4.233780317008495331e-03,4.328319337218999863e-03,1.034261107444763184e+00
1762889786.886929035,4.155798349529504776e-03,4.371121525764465332e-03,1.034105181694030762e+00
1762889786.906933546,4.067872650921344757e-03,4.404674749821424484e-03,1.033969640731811523e+00
1762889786.927050829,3.973240964114665985e-03,4.428023006767034531e-03,1.033847093582153320e+00
1762889786.946949005,3.875893307849764824e-03,4.441142547875642776e-03,1.033729076385498047e+00
1762889786.966861725,3.780495375394821167e-03,4.444360733032226562e-03,1.033609271049499512e+00
1762889786.986957550,3.691364312544465065e-03,4.438083618879318237e-03,1.033482551574707031e+00
1762889787.007160664,3.668489865958690643e-03,4.470243118703365326e-03,1.033356070518493652e+00
1762889787.026976824,3.552010515704751015e-03,4.405237734317779541e-03,1.033196806907653809e+00
1762889787.047013521,3.497499041259288788e-03,4.372917115688323975e-03,1.033030390739440918e+00
1762889787.067017078,3.516917349770665169e-03,4.387299995869398117e-03,1.032863497734069824e+00
1762889787.087922096,3.874006215482950211e-03,4.703022539615631104e-03,1.032777428627014160e+00
1762889787.107941389,3.510455600917339325e-03,4.317901097238063812e-03,1.032483458518981934e+00
1762889787.127988338,3.670327365398406982e-03,4.417668096721172333e-03,1.032332897186279297e+00
1762889787.147990704,3.581942990422248840e-03,4.253724589943885803e-03,1.032110571861267090e+00
1762889787.167876720,3.627470694482326508e-03,4.212028346955776215e-03,1.031931996345520020e+00
1762889787.187885046,3.859010757878422737e-03,4.357841331511735916e-03,1.031812191009521484e+00
1762889787.208054304,3.937602974474430084e-03,4.340446088463068008e-03,1.031653404235839844e+00
1762889787.228204489,4.010277800261974335e-03,4.316730890423059464e-03,1.031498193740844727e+00
1762889787.247935057,4.082383122295141220e-03,4.296300467103719711e-03,1.031346559524536133e+00
1762889787.268014908,3.916873596608638763e-03,4.057128913700580597e-03,1.031177163124084473e+00
1762889787.287974834,4.212367814034223557e-03,4.268382210284471512e-03,1.031038880348205566e+00
1762889787.307938576,4.262198694050312042e-03,4.258763976395130157e-03,1.030877351760864258e+00
1762889787.327987194,4.297466017305850983e-03,4.251111298799514771e-03,1.030706882476806641e+00
1762889787.347990036,4.316076170653104782e-03,4.244822077453136444e-03,1.030527234077453613e+00
1762889787.368095636,4.075315780937671661e-03,4.014174919575452805e-03,1.030318856239318848e+00
1762889787.387962103,4.055326804518699646e-03,4.008556250482797623e-03,1.030126094818115234e+00
1762889787.407885313,4.016613587737083435e-03,4.002351779490709305e-03,1.029932260513305664e+00
1762889787.427977562,3.959482070058584213e-03,3.994849044829607010e-03,1.029742360115051270e+00
1762889787.447988510,3.885798156261444092e-03,3.985645249485969543e-03,1.029560804367065430e+00
1762889787.467854500,3.797383513301610947e-03,3.974178805947303772e-03,1.029391407966613770e+00
1762889787.488028526,3.697215579450130463e-03,3.960432950407266617e-03,1.029237151145935059e+00
1762889787.508010387,3.588700667023658752e-03,3.944651223719120026e-03,1.029098987579345703e+00
1762889787.528025866,3.476510755717754364e-03,3.928062971681356430e-03,1.028977632522583008e+00
1762889787.547953129,3.365016775205731392e-03,3.911389503628015518e-03,1.028869390487670898e+00
1762889787.567905188,3.258556826040148735e-03,3.895389148965477943e-03,1.028771162033081055e+00
1762889787.588081360,3.161167493090033531e-03,3.880972508341073990e-03,1.028676629066467285e+00
1762889787.607902527,3.076496068388223648e-03,3.869047155603766441e-03,1.028579831123352051e+00
1762889787.628023863,3.007715800777077675e-03,3.860346041619777679e-03,1.028475880622863770e+00
1762889787.647907495,2.957269549369812012e-03,3.855469636619091034e-03,1.028361320495605469e+00
1762889787.668007374,3.128181444481015205e-03,4.032139200717210770e-03,1.028272151947021484e+00
1762889787.687971354,3.172495868057012558e-03,4.087481182068586349e-03,1.028148412704467773e+00
1762889787.707952261,3.180983709171414375e-03,4.098203498870134354e-03,1.028003334999084473e+00
1762889787.727946043,3.027348313480615616e-03,3.943066112697124481e-03,1.027806639671325684e+00
1762889787.746949434,3.327745944261550903e-03,4.208672791719436646e-03,1.027757644653320312e+00
1762889787.767029285,3.295798785984516144e-03,4.143906291574239731e-03,1.027576327323913574e+00
1762889787.787003994,3.465844783931970596e-03,4.264059942215681076e-03,1.027444362640380859e+00
1762889787.806838274,3.449134761467576027e-03,4.192832857370376587e-03,1.027259707450866699e+00
1762889787.826956272,3.624588483944535255e-03,4.308115690946578979e-03,1.027131676673889160e+00
1762889787.847120047,3.713197540491819382e-03,4.334314260631799698e-03,1.026982426643371582e+00
1762889787.866953850,3.793520387262105942e-03,4.352267831563949585e-03,1.026835680007934570e+00
1762889787.886939287,3.866657381877303123e-03,4.365928471088409424e-03,1.026692152023315430e+00
1762889787.907024622,3.928980324417352676e-03,4.374363459646701813e-03,1.026550292968750000e+00
1762889787.926887274,3.976947627961635590e-03,4.376364871859550476e-03,1.026409029960632324e+00
1762889787.947972775,4.005660768598318100e-03,4.369060974568128586e-03,1.026266932487487793e+00
1762889787.966984272,3.913952969014644623e-03,4.257013089954853058e-03,1.026099443435668945e+00
1762889787.986983538,3.889883635565638542e-03,4.222979303449392319e-03,1.025952219963073730e+00
1762889788.006886482,3.971083555370569229e-03,4.298668820410966873e-03,1.025833249092102051e+00
1762889788.027069807,3.925307653844356537e-03,4.266208037734031677e-03,1.025690436363220215e+00
1762889788.046905041,3.852533176541328430e-03,4.219652619212865829e-03,1.025548100471496582e+00
1762889788.066916943,3.761969273909926414e-03,4.166693426668643951e-03,1.025409340858459473e+00
1762889788.086971998,3.657725639641284943e-03,4.109489265829324722e-03,1.025275707244873047e+00
1762889788.107160330,3.542998339980840683e-03,4.049234557896852493e-03,1.025147318840026855e+00
1762889788.126907349,3.295112168416380882e-03,3.867555642500519753e-03,1.025026798248291016e+00
1762889788.147022009,3.294085618108510971e-03,3.922801930457353592e-03,1.024907946586608887e+00
1762889788.166991472,2.792937681078910828e-03,3.526281099766492844e-03,1.024759769439697266e+00
1762889788.187057734,2.714018570259213448e-03,3.502597333863377571e-03,1.024662852287292480e+00
1762889788.207014322,2.768761245533823967e-03,3.591328859329223633e-03,1.024587988853454590e+00
1762889788.227054834,2.677971730008721352e-03,3.550231223925948143e-03,1.024491906166076660e+00
1762889788.246914864,2.751834457740187645e-03,3.654651110991835594e-03,1.024397730827331543e+00
1762889788.267905235,2.366704866290092468e-03,3.334664041176438332e-03,1.024274110794067383e+00
1762889788.287982702,2.462071599438786507e-03,3.437902778387069702e-03,1.024197459220886230e+00
1762889788.307965517,2.580442465841770172e-03,3.557171206921339035e-03,1.024095892906188965e+00
1762889788.328016043,2.433273009955883026e-03,3.424063324928283691e-03,1.023992061614990234e+00
1762889788.346820116,2.470249077305197716e-03,3.451030235737562180e-03,1.023885250091552734e+00
1762889788.366959333,2.292681951075792313e-03,3.268894972279667854e-03,1.023726820945739746e+00
1762889788.386992931,2.543511101976037025e-03,3.482210217043757439e-03,1.023643732070922852e+00
1762889788.406948328,2.438053488731384277e-03,3.351980587467551231e-03,1.023475885391235352e+00
1762889788.426995993,2.617330057546496391e-03,3.490932984277606010e-03,1.023363590240478516e+00
1762889788.446919441,2.689265878871083260e-03,3.525278298184275627e-03,1.023218512535095215e+00
1762889788.466959476,2.795350970700383186e-03,3.592381253838539124e-03,1.023080706596374512e+00
1762889788.486912012,2.694863360375165939e-03,3.460553474724292755e-03,1.022890090942382812e+00
1762889788.507069588,2.910469658672809601e-03,3.637287532910704613e-03,1.022783637046813965e+00
1762889788.526881218,2.968968823552131653e-03,3.666984150186181068e-03,1.022641062736511230e+00
1762889788.546888590,3.006934653967618942e-03,3.682903246954083443e-03,1.022500038146972656e+00
1762889788.566885233,3.030606312677264214e-03,3.692170837894082069e-03,1.022366285324096680e+00
1762889788.586832285,3.039831295609474182e-03,3.695624647662043571e-03,1.022241353988647461e+00
1762889788.606921196,3.034351626411080360e-03,3.693202510476112366e-03,1.022124409675598145e+00
1762889788.627039433,3.013639710843563080e-03,3.683999646455049515e-03,1.022014737129211426e+00
1762889788.646944761,2.977112773805856705e-03,3.667252138257026672e-03,1.021911501884460449e+00
1762889788.666837931,2.925514243543148041e-03,3.643366973847150803e-03,1.021813392639160156e+00
1762889788.687023640,2.860438311472535133e-03,3.612825414165854454e-03,1.021718144416809082e+00
1762889788.708014727,2.780160168185830116e-03,3.572984365746378899e-03,1.021623969078063965e+00
1762889788.727903605,2.699797274544835091e-03,3.535666503012180328e-03,1.021530628204345703e+00
1762889788.747942448,2.609409159049391747e-03,3.491003531962633133e-03,1.021435260772705078e+00
1762889788.767918825,2.516171662136912346e-03,3.443825058639049530e-03,1.021337509155273438e+00
1762889788.787933350,2.423727884888648987e-03,3.395922249183058739e-03,1.021237015724182129e+00
1762889788.808030605,2.335307886824011803e-03,3.348809434100985527e-03,1.021133780479431152e+00
1762889788.827896118,2.000114182010293007e-03,3.073754487559199333e-03,1.021010875701904297e+00
1762889788.847978830,1.928661600686609745e-03,3.032723208889365196e-03,1.020904541015625000e+00
1762889788.867937088,1.869512489065527916e-03,2.997142495587468147e-03,1.020798444747924805e+00
1762889788.886891365,1.785491826012730598e-03,2.932858187705278397e-03,1.020689129829406738e+00
1762889788.906907082,1.795312389731407166e-03,2.946753753349184990e-03,1.020596265792846680e+00
1762889788.927116871,1.784593798220157623e-03,2.935905708000063896e-03,1.020501852035522461e+00
1762889788.946989298,1.788234570994973183e-03,2.932247938588261604e-03,1.020411610603332520e+00
1762889788.966985226,1.808490138500928879e-03,2.938430057838559151e-03,1.020326256752014160e+00
1762889788.987019300,1.844404148869216442e-03,2.954430878162384033e-03,1.020244598388671875e+00
1762889789.007007360,1.894554472528398037e-03,2.980348886922001839e-03,1.020165085792541504e+00
1762889789.026964188,1.957962755113840103e-03,3.016631584614515305e-03,1.020086288452148438e+00
1762889789.047082901,2.032531425356864929e-03,3.062549745664000511e-03,1.020005702972412109e+00
1762889789.067164660,2.115741604939103127e-03,3.117338055744767189e-03,1.019920349121093750e+00
1762889789.086899042,2.204619580879807472e-03,3.179757623001933098e-03,1.019828438758850098e+00
1762889789.107022762,2.340653212741017342e-03,3.290678141638636589e-03,1.019736766815185547e+00
1762889789.127018213,2.435639034956693649e-03,3.367370925843715668e-03,1.019629716873168945e+00
1762889789.146898985,2.524460200220346451e-03,3.444358240813016891e-03,1.019514799118041992e+00
1762889789.167055130,2.770810155197978020e-03,3.672876162454485893e-03,1.019430160522460938e+00
1762889789.186997652,2.689076121896505356e-03,3.606566460803151131e-03,1.019270658493041992e+00
1762889789.207004309,2.740747993811964989e-03,3.669689875096082687e-03,1.019142150878906250e+00
1762889789.227816343,2.734955400228500366e-03,3.688305383548140526e-03,1.019005060195922852e+00
1762889789.247913122,2.769298152998089790e-03,3.749096300452947617e-03,1.018884420394897461e+00
1762889789.268016577,2.781406976282596588e-03,3.795061726123094559e-03,1.018769979476928711e+00
1762889789.288082123,2.825072500854730606e-03,3.872114000841975212e-03,1.018674612045288086e+00
1762889789.307914734,2.758093178272247314e-03,3.854582086205482483e-03,1.018571972846984863e+00
1762889789.326879025,3.084744093939661980e-03,4.179090727120637894e-03,1.018543362617492676e+00
1762889789.347009897,3.095064079388976097e-03,4.229139070957899094e-03,1.018473625183105469e+00
1762889789.367048025,2.993870526552200317e-03,4.180736839771270752e-03,1.018399238586425781e+00
1762889789.387100220,2.923130290582776070e-03,4.155465867370367050e-03,1.018337488174438477e+00
1762889789.407112598,2.738527953624725342e-03,4.018299747258424759e-03,1.018281340599060059e+00
1762889789.427056551,2.758918795734643936e-03,4.064139910042285919e-03,1.018238425254821777e+00
1762889789.446896553,2.710477914661169052e-03,4.043007735162973404e-03,1.018187880516052246e+00
1762889789.466929674,2.633262658491730690e-03,3.988741897046566010e-03,1.018130302429199219e+00
1762889789.487091541,2.556437859311699867e-03,3.926467616111040115e-03,1.018066167831420898e+00
1762889789.506875277,2.484054071828722954e-03,3.859753487631678581e-03,1.017994046211242676e+00
1762889789.527956009,2.409412292763590813e-03,3.782055806368589401e-03,1.017912149429321289e+00
1762889789.546987295,2.328892704099416733e-03,3.689712611958384514e-03,1.017819046974182129e+00
1762889789.567129135,2.313596894964575768e-03,3.650746075436472893e-03,1.017726778984069824e+00
1762889789.586897135,2.254601102322340012e-03,3.563105361536145210e-03,1.017620801925659180e+00
1762889789.606905460,2.249604323878884315e-03,3.521456848829984665e-03,1.017520666122436523e+00
1762889789.626872540,2.212014282122254372e-03,3.443624824285507202e-03,1.017413854598999023e+00
1762889789.646791935,2.205783035606145859e-03,3.393610939383506775e-03,1.017315506935119629e+00
1762889789.667055368,2.232288476079702377e-03,3.374822903424501419e-03,1.017228007316589355e+00
1762889789.686822653,2.245861105620861053e-03,3.344230121001601219e-03,1.017144203186035156e+00
1762889789.706959009,2.264756010845303535e-03,3.321954049170017242e-03,1.017067670822143555e+00
1762889789.726998568,2.288518240675330162e-03,3.309625433757901192e-03,1.016997575759887695e+00
1762889789.746952057,2.315080957487225533e-03,3.306920174509286880e-03,1.016932606697082520e+00
1762889789.767941236,2.340654609724879265e-03,3.311930224299430847e-03,1.016871452331542969e+00
1762889789.788024902,2.368844347074627876e-03,3.329455619677901268e-03,1.016810894012451172e+00
1762889789.808091640,2.391978632658720016e-03,3.352606203407049179e-03,1.016748189926147461e+00
1762889789.827910185,2.409881446510553360e-03,3.381929360330104828e-03,1.016681551933288574e+00
1762889789.847929955,2.421113196760416031e-03,3.416792023926973343e-03,1.016607880592346191e+00
1762889789.867793560,2.424536272883415222e-03,3.455220488831400871e-03,1.016525745391845703e+00
1762889789.886960745,2.303221495822072029e-03,3.383565926924347878e-03,1.016438961029052734e+00
1762889789.906929016,2.284568501636385918e-03,3.421096131205558777e-03,1.016339540481567383e+00
1762889789.926900864,2.263772534206509590e-03,3.463962813839316368e-03,1.016234636306762695e+00
1762889789.947002888,2.229171572253108025e-03,3.500163322314620018e-03,1.016123533248901367e+00
1762889789.966952085,2.184582175686955452e-03,3.531474620103836060e-03,1.016012549400329590e+00
1762889789.986772537,2.131820889189839363e-03,3.557027084752917290e-03,1.015905976295471191e+00
1762889790.006859779,2.072507049888372421e-03,3.575665643438696861e-03,1.015805482864379883e+00
1762889790.027041435,2.007766393944621086e-03,3.586395876482129097e-03,1.015716075897216797e+00
1762889790.046893358,1.940137473866343498e-03,3.589114639908075333e-03,1.015641570091247559e+00
1762889790.066903830,1.872044056653976440e-03,3.583386074751615524e-03,1.015582323074340820e+00
1762889790.086975813,1.805109204724431038e-03,3.568747546523809433e-03,1.015537261962890625e+00
1762889790.107049465,1.741654123179614544e-03,3.546224907040596008e-03,1.015504837036132812e+00
1762889790.126891375,1.684312010183930397e-03,3.516958327963948250e-03,1.015480518341064453e+00
1762889790.147009134,1.635366934351623058e-03,3.482223721221089363e-03,1.015460491180419922e+00
1762889790.166942596,1.596634392626583576e-03,3.443425521254539490e-03,1.015439152717590332e+00
1762889790.186940908,1.569446991197764874e-03,3.402338363230228424e-03,1.015411853790283203e+00
1762889790.206871748,1.554953283630311489e-03,3.360646311193704605e-03,1.015374302864074707e+00
1762889790.227102995,1.553699374198913574e-03,3.320121439173817635e-03,1.015322923660278320e+00
1762889790.246879578,1.566043007187545300e-03,3.282493678852915764e-03,1.015257358551025391e+00
1762889790.266967773,1.592280343174934387e-03,3.249132307246327400e-03,1.015179395675659180e+00
1762889790.286987782,1.631227205507457256e-03,3.221451537683606148e-03,1.015088677406311035e+00
1762889790.307127237,1.616346533410251141e-03,3.152602585032582283e-03,1.015004515647888184e+00
1762889790.327020407,1.726587768644094467e-03,3.192215692251920700e-03,1.014909863471984863e+00
1762889790.346996069,1.794071868062019348e-03,3.189129289239645004e-03,1.014804840087890625e+00
1762889790.366864920,1.823895494453608990e-03,3.151389537379145622e-03,1.014693856239318848e+00
1762889790.386963367,1.934036030434072018e-03,3.202458610758185387e-03,1.014606237411499023e+00
1762889790.407038212,2.007275121286511421e-03,3.225022461265325546e-03,1.014519691467285156e+00
1762889790.427081347,2.074180403724312782e-03,3.252694383263587952e-03,1.014442682266235352e+00
1762889790.446848631,2.133990405127406120e-03,3.286285791546106339e-03,1.014376163482666016e+00
1762889790.466937542,2.184046432375907898e-03,3.324578050523996353e-03,1.014317870140075684e+00
1762889790.486981392,2.221890026703476906e-03,3.365799318999052048e-03,1.014265775680541992e+00
1762889790.507034063,2.245371229946613312e-03,3.408086951822042465e-03,1.014216184616088867e+00
1762889790.526909351,2.253182698041200638e-03,3.449674230068922043e-03,1.014166355133056641e+00
1762889790.547951221,2.227291464805603027e-03,3.474123775959014893e-03,1.014110684394836426e+00
1762889790.568008900,2.219285815954208374e-03,3.523834515362977982e-03,1.014053463935852051e+00
1762889790.588113546,2.179362112656235695e-03,3.554109716787934303e-03,1.013987898826599121e+00
1762889790.607891798,2.123865997418761253e-03,3.576682647690176964e-03,1.013915777206420898e+00
1762889790.628006220,2.055600984022021294e-03,3.591172164306044579e-03,1.013838648796081543e+00
1762889790.648129463,1.977210398763418198e-03,3.596945665776729584e-03,1.013758182525634766e+00
1762889790.667878866,1.891326159238815308e-03,3.593353787437081337e-03,1.013677716255187988e+00
1762889790.687937021,1.801130827516317368e-03,3.580409334972500801e-03,1.013600111007690430e+00
1762889790.707892418,1.709774369373917580e-03,3.558235475793480873e-03,1.013529181480407715e+00
1762889790.726969481,1.620778348296880722e-03,3.527766559273004532e-03,1.013466835021972656e+00
1762889790.748090267,1.537495525553822517e-03,3.489864058792591095e-03,1.013415455818176270e+00
1762889790.767975092,1.462977495975792408e-03,3.446113783866167068e-03,1.013374805450439453e+00
1762889790.787983656,1.400014152750372887e-03,3.397886175662279129e-03,1.013344168663024902e+00
1762889790.807934999,1.350849634036421776e-03,3.347030840814113617e-03,1.013321757316589355e+00
1762889790.827939749,1.317475573159754276e-03,3.295465372502803802e-03,1.013304591178894043e+00
1762889790.847825527,1.301159267313778400e-03,3.245249157771468163e-03,1.013288855552673340e+00
1762889790.867988586,1.302647520788013935e-03,3.198423888534307480e-03,1.013270020484924316e+00
1762889790.888042450,1.321721938438713551e-03,3.156895050778985023e-03,1.013244628906250000e+00
1762889790.908061028,1.357725588604807854e-03,3.122358582913875580e-03,1.013209462165832520e+00
1762889790.927901030,1.409172546118497849e-03,3.096141619607806206e-03,1.013162136077880859e+00
1762889790.947848797,1.474163611419498920e-03,3.079390851780772209e-03,1.013101816177368164e+00
1762889790.967915535,1.549984212033450603e-03,3.072760300710797310e-03,1.013028860092163086e+00
1762889790.988040924,1.734392484650015831e-03,3.181214444339275360e-03,1.012962698936462402e+00
1762889791.007947922,1.539731281809508801e-03,2.923429710790514946e-03,1.012844562530517578e+00
1762889791.027930737,1.577199669554829597e-03,2.895249519497156143e-03,1.012736082077026367e+00
1762889791.047969580,1.899799681268632412e-03,3.152485005557537079e-03,1.012655854225158691e+00
1762889791.067993402,1.786588109098374844e-03,3.014457412064075470e-03,1.012550234794616699e+00
1762889791.087856054,2.029453171417117119e-03,3.226287430152297020e-03,1.012494444847106934e+00
1762889791.108016253,1.894416753202676773e-03,3.096169093623757362e-03,1.012381553649902344e+00
1762889791.128036499,1.918394933454692364e-03,3.133925609290599823e-03,1.012311697006225586e+00
1762889791.147940874,1.940711634233593941e-03,3.187108784914016724e-03,1.012254714965820312e+00
1762889791.167876720,1.945751835592091084e-03,3.239584853872656822e-03,1.012207627296447754e+00
1762889791.187944651,1.931884791702032089e-03,3.288411535322666168e-03,1.012166619300842285e+00
1762889791.207891226,1.899978844448924065e-03,3.332161577418446541e-03,1.012130737304687500e+00
1762889791.227979898,2.100126817822456360e-03,3.573720809072256088e-03,1.012116789817810059e+00
1762889791.248053789,1.858788775280117989e-03,3.456209087744355202e-03,1.012065887451171875e+00
1762889791.267937422,1.722968998365104198e-03,3.426406066864728928e-03,1.012021780014038086e+00
1762889791.287887096,1.692896941676735878e-03,3.480708925053477287e-03,1.011983752250671387e+00
1762889791.307942390,1.613205997273325920e-03,3.489261027425527573e-03,1.011938571929931641e+00
1762889791.327940226,1.684352173469960690e-03,3.615357680246233940e-03,1.011903882026672363e+00
1762889791.347926378,1.658216933719813824e-03,3.652479033917188644e-03,1.011856317520141602e+00
1762889791.368082762,1.580497017130255699e-03,3.635097295045852661e-03,1.011801242828369141e+00
1762889791.388076782,1.506640459410846233e-03,3.607294522225856781e-03,1.011745333671569824e+00
1762889791.407915592,1.442758133634924889e-03,3.572655376046895981e-03,1.011691212654113770e+00
1762889791.427882433,1.390381483361124992e-03,3.531633876264095306e-03,1.011639714241027832e+00
1762889791.447947025,1.350490958429872990e-03,3.484941786155104637e-03,1.011592268943786621e+00
1762889791.468151808,1.323568401858210564e-03,3.433814272284507751e-03,1.011548757553100586e+00
1762889791.487919092,1.310034771449863911e-03,3.379378933459520340e-03,1.011510252952575684e+00
1762889791.507968903,1.309715909883379936e-03,3.323343116790056229e-03,1.011476039886474609e+00
1762889791.527874231,1.322072581388056278e-03,3.267443040385842323e-03,1.011444211006164551e+00
1762889791.547971964,1.345953089185059071e-03,3.213579999282956123e-03,1.011413455009460449e+00
1762889791.567992687,1.380193629302084446e-03,3.163522807881236076e-03,1.011381506919860840e+00
1762889791.587928295,1.423081848770380020e-03,3.119086381047964096e-03,1.011346340179443359e+00
1762889791.607931376,1.472715171985328197e-03,3.081872127950191498e-03,1.011305809020996094e+00
1762889791.627911329,1.526763429865241051e-03,3.053036751225590706e-03,1.011258363723754883e+00
1762889791.647847652,1.341494265943765640e-03,2.803767798468470573e-03,1.011188983917236328e+00
1762889791.668005466,1.640140311792492867e-03,3.025181824341416359e-03,1.011142611503601074e+00
1762889791.688188314,1.695247017778456211e-03,3.027056576684117317e-03,1.011075377464294434e+00
1762889791.707846403,1.504078274592757225e-03,2.811302430927753448e-03,1.010986447334289551e+00
1762889791.726926565,1.540573081001639366e-03,2.828094176948070526e-03,1.010909795761108398e+00
1762889791.746962070,1.583931036293506622e-03,2.868685871362686157e-03,1.010835766792297363e+00
1762889791.767055750,1.609107246622443199e-03,2.909224713221192360e-03,1.010762810707092285e+00
1762889791.786950350,1.622193260118365288e-03,2.955742180347442627e-03,1.010694146156311035e+00
1762889791.806921482,1.623483723960816860e-03,3.007156541571021080e-03,1.010633349418640137e+00
1762889791.827024937,1.613886444829404354e-03,3.062342992052435875e-03,1.010581135749816895e+00
1762889791.846939564,1.835714560002088547e-03,3.320984076708555222e-03,1.010563731193542480e+00
1762889791.866939545,1.778714708052575588e-03,3.355278167873620987e-03,1.010521650314331055e+00
1762889791.887062788,1.788001391105353832e-03,3.450761782005429268e-03,1.010494470596313477e+00
1762889791.907060146,1.703743357211351395e-03,3.474520752206444740e-03,1.010464429855346680e+00
1762889791.926990271,1.702577224932610989e-03,3.565267426893115044e-03,1.010443568229675293e+00
1762889791.946865559,1.409270218573510647e-03,3.417160362005233765e-03,1.010404467582702637e+00
1762889791.966914654,1.729363924823701382e-03,3.756438149139285088e-03,1.010407447814941406e+00
1762889791.986915588,1.275197835639119148e-03,3.440433647483587265e-03,1.010356664657592773e+00
1762889792.007026672,1.251794048584997654e-03,3.481966676190495491e-03,1.010325193405151367e+00
1762889792.027044296,1.199135207571089268e-03,3.485254943370819092e-03,1.010287761688232422e+00
1762889792.046955109,1.148146344348788261e-03,3.474472556263208389e-03,1.010246396064758301e+00
1762889792.067941427,1.332944259047508240e-03,3.661195049062371254e-03,1.010216236114501953e+00
1762889792.088085890,1.313657849095761776e-03,3.645039396360516548e-03,1.010173320770263672e+00
1762889792.108010769,1.285253674723207951e-03,3.603325458243489265e-03,1.010128617286682129e+00
1762889792.128053665,1.018084818497300148e-03,3.323613665997982025e-03,1.010068774223327637e+00
1762889792.147989273,1.006266335025429726e-03,3.263944759964942932e-03,1.010028123855590820e+00
1762889792.166987896,1.258792937733232975e-03,3.456468693912029266e-03,1.010015845298767090e+00
1762889792.186804295,1.341041410341858864e-03,3.470697207376360893e-03,1.009987711906433105e+00
1762889792.206965446,1.379304449073970318e-03,3.431844525039196014e-03,1.009956598281860352e+00
1762889792.227123499,1.398750697262585163e-03,3.367216791957616806e-03,1.009924650192260742e+00
1762889792.246876955,1.423515728674829006e-03,3.303214674815535545e-03,1.009894847869873047e+00
1762889792.266973972,1.454240409657359123e-03,3.244070569053292274e-03,1.009865999221801758e+00
1762889792.286906719,1.490084803663194180e-03,3.192422911524772644e-03,1.009836435317993164e+00
1762889792.307982445,1.529288012534379959e-03,3.149218158796429634e-03,1.009804844856262207e+00
1762889792.328110456,1.568024861626327038e-03,3.113763174042105675e-03,1.009768962860107422e+00
1762889792.347894669,1.609393279068171978e-03,3.092491766437888145e-03,1.009727239608764648e+00
1762889792.367955208,1.645961427129805088e-03,3.080491209402680397e-03,1.009678840637207031e+00
1762889792.386956930,1.677955267950892448e-03,3.080204129219055176e-03,1.009623885154724121e+00
1762889792.407066107,1.678864355199038982e-03,3.067410085350275040e-03,1.009559631347656250e+00
1762889792.426889181,1.721562352031469345e-03,3.112799022346735001e-03,1.009497284889221191e+00
1762889792.446988344,1.732144504785537720e-03,3.145344089716672897e-03,1.009429454803466797e+00
1762889792.466850281,1.731281052343547344e-03,3.184437751770019531e-03,1.009361743927001953e+00
1762889792.486919880,1.719946623779833317e-03,3.229575697332620621e-03,1.009296774864196777e+00
1762889792.507069111,1.697931089438498020e-03,3.279021475464105606e-03,1.009236693382263184e+00
1762889792.526851177,1.665296498686075211e-03,3.330160165205597878e-03,1.009183764457702637e+00
1762889792.546928167,1.509501482360064983e-03,3.268158761784434319e-03,1.009136319160461426e+00
1762889792.567016602,1.457810285501182079e-03,3.316515125334262848e-03,1.009099841117858887e+00
1762889792.587038755,1.398025196976959705e-03,3.360216505825519562e-03,1.009072065353393555e+00
1762889792.607928753,1.443581422790884972e-03,3.508478403091430664e-03,1.009056925773620605e+00
1762889792.627973557,1.371079706586897373e-03,3.535090712830424309e-03,1.009043097496032715e+00
1762889792.647778749,1.301177195273339748e-03,3.555887145921587944e-03,1.009033560752868652e+00
1762889792.667895317,1.118093146942555904e-03,3.456403734162449837e-03,1.009020686149597168e+00
1762889792.687914133,1.049433019943535328e-03,3.455373225733637810e-03,1.009011745452880859e+00
1762889792.708015442,9.864887688308954239e-04,3.443738678470253944e-03,1.008999228477478027e+00
1762889792.727966785,9.314938797615468502e-04,3.421921050176024437e-03,1.008981227874755859e+00
1762889792.747931242,8.863228140398859978e-04,3.390558995306491852e-03,1.008957266807556152e+00
1762889792.767981291,8.526475285179913044e-04,3.351081162691116333e-03,1.008926749229431152e+00
1762889792.788029194,8.319100015796720982e-04,3.304973011836409569e-03,1.008890509605407715e+00
1762889792.807908535,8.043532143346965313e-04,3.233830444514751434e-03,1.008846640586853027e+00
1762889792.827983379,8.330384735018014908e-04,3.201474202796816826e-03,1.008805036544799805e+00
1762889792.847871065,8.554414962418377399e-04,3.149138996377587318e-03,1.008759856224060059e+00
1762889792.867871761,8.901383262127637863e-04,3.097346751019358635e-03,1.008715748786926270e+00
1762889792.886909723,9.211816941387951374e-04,3.032636595889925957e-03,1.008672356605529785e+00
1762889792.906913280,9.946142090484499931e-04,3.007639897987246513e-03,1.008637070655822754e+00
1762889792.926912546,1.061369082890450954e-03,2.974511589854955673e-03,1.008604168891906738e+00
1762889792.946980476,1.132932142354547977e-03,2.949402667582035065e-03,1.008574604988098145e+00
1762889792.967005491,1.207383233122527599e-03,2.934263553470373154e-03,1.008547067642211914e+00
1762889792.986912012,1.281937351450324059e-03,2.929904730990529060e-03,1.008519291877746582e+00
1762889793.006951094,1.074130181223154068e-03,2.668354660272598267e-03,1.008472323417663574e+00
1762889793.027096987,1.419535954482853413e-03,2.954482566565275192e-03,1.008455753326416016e+00
1762889793.046902180,1.477706129662692547e-03,2.982756821438670158e-03,1.008416533470153809e+00
1762889793.067025185,1.284106634557247162e-03,2.794977044686675072e-03,1.008355855941772461e+00
1762889793.086879492,1.557070878334343433e-03,3.062302945181727409e-03,1.008317708969116211e+00
1762889793.107137680,1.333609456196427345e-03,2.888770774006843567e-03,1.008243441581726074e+00
1762889793.128978729,1.511577167548239231e-03,3.106801072135567665e-03,1.008189797401428223e+00
1762889793.147049189,1.593133085407316685e-03,3.223989857360720634e-03,1.008155584335327148e+00
1762889793.166898489,1.664425595663487911e-03,3.357333596795797348e-03,1.008107900619506836e+00
1762889793.186928511,1.633544452488422394e-03,3.415087470784783363e-03,1.008052825927734375e+00
1762889793.206883430,1.465097418986260891e-03,3.369119949638843536e-03,1.007991075515747070e+00
1762889793.226822138,1.394214341416954994e-03,3.405924187973141670e-03,1.007951498031616211e+00
1762889793.246975422,1.347366021946072578e-03,3.461631247773766518e-03,1.007924318313598633e+00
1762889793.266799688,1.368914498016238213e-03,3.568407613784074783e-03,1.007910847663879395e+00
1762889793.286945343,1.292071770876646042e-03,3.590164007619023323e-03,1.007897734642028809e+00
1762889793.306993484,1.207412686198949814e-03,3.595889313146471977e-03,1.007892847061157227e+00
1762889793.326775551,1.123580732382833958e-03,3.589582629501819611e-03,1.007895946502685547e+00
1762889793.347006798,1.043245894834399223e-03,3.570998553186655045e-03,1.007902860641479492e+00
1762889793.366987228,9.684540564194321632e-04,3.540084231644868851e-03,1.007910013198852539e+00
1762889793.388189316,9.012102964334189892e-04,3.497022902593016624e-03,1.007914662361145020e+00
1762889793.407991886,8.415745105594396591e-04,3.441334702074527740e-03,1.007914066314697266e+00
1762889793.427994251,7.974767358973622322e-04,3.379973815754055977e-03,1.007907032966613770e+00
1762889793.448072195,7.639832911081612110e-04,3.308956045657396317e-03,1.007891297340393066e+00
1762889793.467890501,7.441696943715214729e-04,3.232470713555812836e-03,1.007866263389587402e+00
1762889793.487875938,7.357216090895235538e-04,3.149101277813315392e-03,1.007851839065551758e+00
1762889793.507837772,7.387971272692084312e-04,3.063530195504426956e-03,1.007908701896667480e+00
1762889793.528164387,7.807137444615364075e-04,3.018379909917712212e-03,1.008061051368713379e+00
1762889793.548038721,8.931377669796347618e-04,3.046053927391767502e-03,1.008304357528686523e+00
1762889793.567944765,1.095797517336905003e-03,3.169551491737365723e-03,1.008620619773864746e+00
1762889793.587879896,1.403417321853339672e-03,3.413203638046979904e-03,1.008980035781860352e+00
1762889793.607856274,1.830219989642500877e-03,3.798446850851178169e-03,1.009349107742309570e+00
1762889793.627945423,2.386828651651740074e-03,4.339962266385555267e-03,1.009693264961242676e+00
1762889793.648081303,3.078683977946639061e-03,5.046828649938106537e-03,1.009977221488952637e+00
1762889793.667961836,3.906511701643466949e-03,5.923338234424591064e-03,1.010170698165893555e+00
1762889793.687969685,4.867134150117635727e-03,6.969607435166835785e-03,1.010251879692077637e+00
1762889793.707897902,5.728234071284532547e-03,7.953568361699581146e-03,1.010227203369140625e+00
1762889793.728147745,7.154952269047498703e-03,9.546746499836444855e-03,1.010051369667053223e+00
1762889793.747938871,8.423134684562683105e-03,1.100106351077556610e-02,1.009807109832763672e+00
1762889793.767983675,9.843175299465656281e-03,1.267899759113788605e-02,1.009458065032958984e+00
1762889793.787867069,1.125448383390903473e-02,1.434679795056581497e-02,1.009112715721130371e+00
1762889793.807901621,1.274876017123460770e-02,1.614796370267868042e-02,1.008753538131713867e+00
1762889793.828004599,1.396779902279376984e-02,1.765756681561470032e-02,1.008474588394165039e+00
1762889793.848011971,1.550040673464536667e-02,1.954547129571437836e-02,1.008220553398132324e+00
1762889793.868035078,1.702525652945041656e-02,2.144145406782627106e-02,1.008062601089477539e+00
1762889793.887943745,1.850277930498123169e-02,2.328402735292911530e-02,1.008015513420104980e+00
1762889793.907921791,1.996790058910846710e-02,2.512658759951591492e-02,1.008065819740295410e+00
1762889793.928065777,2.139052376151084900e-02,2.691783942282199860e-02,1.008207559585571289e+00
1762889793.947897673,2.276492863893508911e-02,2.864230796694755554e-02,1.008418560028076172e+00
1762889793.967917919,2.409107796847820282e-02,3.029115498065948486e-02,1.008669614791870117e+00
1762889793.987966537,2.537301741540431976e-02,3.185996785759925842e-02,1.008928775787353516e+00
1762889794.007990599,2.661820687353610992e-02,3.334850445389747620e-02,1.009163975715637207e+00
1762889794.027861834,2.783695235848426819e-02,3.476048633456230164e-02,1.009346604347229004e+00
1762889794.047846317,2.904180809855461121e-02,3.610315173864364624e-02,1.009453773498535156e+00
1762889794.068039656,3.024741448462009430e-02,3.738774731755256653e-02,1.009473323822021484e+00
1762889794.087884665,3.146961331367492676e-02,3.862802684307098389e-02,1.009404778480529785e+00
1762889794.108038902,3.272494301199913025e-02,3.984025493264198303e-02,1.009259223937988281e+00
1762889794.127941847,3.403016552329063416e-02,4.104261472821235657e-02,1.009059429168701172e+00
1762889794.147946358,3.540159389376640320e-02,4.225488379597663879e-02,1.008835315704345703e+00
1762889794.167829514,3.685427084565162659e-02,4.349809512495994568e-02,1.008617043495178223e+00
1762889794.187938690,3.813370689749717712e-02,4.456117749214172363e-02,1.008435606956481934e+00
1762889794.207960129,3.977557271718978882e-02,4.591923207044601440e-02,1.008298039436340332e+00
1762889794.228031397,4.181865602731704712e-02,4.761587083339691162e-02,1.008232951164245605e+00
1762889794.247865915,4.340269789099693298e-02,4.891834408044815063e-02,1.008214950561523438e+00
1762889794.267923594,4.539301618933677673e-02,5.058860778808593750e-02,1.008258104324340820e+00
1762889794.286993265,4.753085225820541382e-02,5.241433158516883850e-02,1.008335471153259277e+00
1762889794.307020903,4.971430078148841858e-02,5.432335659861564636e-02,1.008418560028076172e+00
1762889794.326920033,5.202495306730270386e-02,5.639211833477020264e-02,1.008483290672302246e+00
1762889794.346886873,5.442439392209053040e-02,5.859769880771636963e-02,1.008500695228576660e+00
1762889794.366949081,5.689738690853118896e-02,6.093357503414154053e-02,1.008448481559753418e+00
1762889794.386884928,5.942924320697784424e-02,6.339116394519805908e-02,1.008314847946166992e+00
1762889794.407033443,6.172128766775131226e-02,6.566636264324188232e-02,1.008130192756652832e+00
1762889794.426930428,6.430267542600631714e-02,6.829684227705001831e-02,1.007858753204345703e+00
1762889794.446954966,6.691610813140869141e-02,7.102601230144500732e-02,1.007541418075561523e+00
1762889794.467043161,6.953260302543640137e-02,7.382123917341232300e-02,1.007212400436401367e+00
1762889794.486894846,7.213857769966125488e-02,7.666319608688354492e-02,1.006906628608703613e+00
1762889794.508030891,7.474602013826370239e-02,7.956017553806304932e-02,1.006656289100646973e+00
1762889794.527990103,7.733797281980514526e-02,8.248275518417358398e-02,1.006491541862487793e+00
1762889794.547950745,7.981107383966445923e-02,8.529223501682281494e-02,1.006441950798034668e+00
1762889794.567990780,8.257009088993072510e-02,8.848008513450622559e-02,1.006497621536254883e+00
1762889794.587842703,8.478192985057830811e-02,9.098239988088607788e-02,1.006651282310485840e+00
1762889794.606941223,8.720716834068298340e-02,9.374186396598815918e-02,1.006891965866088867e+00
1762889794.627013445,8.970935642719268799e-02,9.656815975904464722e-02,1.007204532623291016e+00
1762889794.646951914,9.231510758399963379e-02,9.946869313716888428e-02,1.007571935653686523e+00
1762889794.667020559,9.466968476772308350e-02,1.020640209317207336e-01,1.007923960685729980e+00
1762889794.686969757,9.712915122509002686e-02,1.046392470598220825e-01,1.008204698562622070e+00
1762889794.706842184,9.963018447160720825e-02,1.071789562702178955e-01,1.008410334587097168e+00
1762889794.726953983,1.021883115172386169e-01,1.096952185034751892e-01,1.008524298667907715e+00
1762889794.748860836,1.048893928527832031e-01,1.122479289770126343e-01,1.008532881736755371e+00
1762889794.767005205,1.075340285897254944e-01,1.147120893001556396e-01,1.008473396301269531e+00
1762889794.786962509,1.103461608290672302e-01,1.172415465116500854e-01,1.008340597152709961e+00
1762889794.807018518,1.132632270455360413e-01,1.198051869869232178e-01,1.008171796798706055e+00
1762889794.826903582,1.162910386919975281e-01,1.224175989627838135e-01,1.008004069328308105e+00
1762889794.847997665,1.195468455553054810e-01,1.251886785030364990e-01,1.007857203483581543e+00
1762889794.867938042,1.226923167705535889e-01,1.278502643108367920e-01,1.007777452468872070e+00
1762889794.888008595,1.260482221841812134e-01,1.306845247745513916e-01,1.007748365402221680e+00
1762889794.908049583,1.295111030340194702e-01,1.336199194192886353e-01,1.007779240608215332e+00
1762889794.927973270,1.330647319555282593e-01,1.366573274135589600e-01,1.007861852645874023e+00
1762889794.947929621,1.366956979036331177e-01,1.397989839315414429e-01,1.007980346679687500e+00
1762889794.966874599,1.404221504926681519e-01,1.430738717317581177e-01,1.008119225502014160e+00
1762889794.986957788,1.441310495138168335e-01,1.463929265737533569e-01,1.008255243301391602e+00
1762889795.006955862,1.479052454233169556e-01,1.498353630304336548e-01,1.008376359939575195e+00
1762889795.027327299,1.517005711793899536e-01,1.533685177564620972e-01,1.008470535278320312e+00
1762889795.046954632,1.547511965036392212e-01,1.562606692314147949e-01,1.008520603179931641e+00
1762889795.066955328,1.592369675636291504e-01,1.606014519929885864e-01,1.008578419685363770e+00
1762889795.087127447,1.621348857879638672e-01,1.634459644556045532e-01,1.008607387542724609e+00
1762889795.106919765,1.658422499895095825e-01,1.671487987041473389e-01,1.008654356002807617e+00
1762889795.126888752,1.697491407394409180e-01,1.711146384477615356e-01,1.008732199668884277e+00
1762889795.147026539,1.732887625694274902e-01,1.747462153434753418e-01,1.008857250213623047e+00
1762889795.166985989,1.769618093967437744e-01,1.785504072904586792e-01,1.009050011634826660e+00
1762889795.187024117,1.806224882602691650e-01,1.824040561914443970e-01,1.009317755699157715e+00
1762889795.206939459,1.842795759439468384e-01,1.861715018749237061e-01,1.009642720222473145e+00
1762889795.227034330,1.879273951053619385e-01,1.900042146444320679e-01,1.010047554969787598e+00
1762889795.247906685,1.917284131050109863e-01,1.939260363578796387e-01,1.010501146316528320e+00
1762889795.267980337,1.952879279851913452e-01,1.975000947713851929e-01,1.010908246040344238e+00
1762889795.288026810,1.990027427673339844e-01,2.012628465890884399e-01,1.011389851570129395e+00
1762889795.307992220,2.027803212404251099e-01,2.049468457698822021e-01,1.011794567108154297e+00
1762889795.327015162,2.051682472229003906e-01,2.072470337152481079e-01,1.012036085128784180e+00
1762889795.347952366,2.090552002191543579e-01,2.109509855508804321e-01,1.012412428855895996e+00
1762889795.368167400,2.129838913679122925e-01,2.146130651235580444e-01,1.012739539146423340e+00
1762889795.387932062,2.171031981706619263e-01,2.183718681335449219e-01,1.013031959533691406e+00
1762889795.407943010,2.211273908615112305e-01,2.219625562429428101e-01,1.013269186019897461e+00
1762889795.427994251,2.254268527030944824e-01,2.257266938686370850e-01,1.013494253158569336e+00
1762889795.447959185,2.300546914339065552e-01,2.296987473964691162e-01,1.013720273971557617e+00
1762889795.467959881,2.340553104877471924e-01,2.330854237079620361e-01,1.013921499252319336e+00
1762889795.487947226,2.385299801826477051e-01,2.368263602256774902e-01,1.014165639877319336e+00
1762889795.507991791,2.431217730045318604e-01,2.406302392482757568e-01,1.014448285102844238e+00
1762889795.528048038,2.478034645318984985e-01,2.444864362478256226e-01,1.014775872230529785e+00
1762889795.547904730,2.525662183761596680e-01,2.484000176191329956e-01,1.015151023864746094e+00
1762889795.568004131,2.574011087417602539e-01,2.523765265941619873e-01,1.015570998191833496e+00
1762889795.587939024,2.622979879379272461e-01,2.564197778701782227e-01,1.016028881072998047e+00
1762889795.608016968,2.672449350357055664e-01,2.605311572551727295e-01,1.016515016555786133e+00
1762889795.628043413,2.722291350364685059e-01,2.647095322608947754e-01,1.017019391059875488e+00
1762889795.647944927,2.772371768951416016e-01,2.689516544342041016e-01,1.017532706260681152e+00
1762889795.667902231,2.822561562061309814e-01,2.732520699501037598e-01,1.018047928810119629e+00
1762889795.687969923,2.872734069824218750e-01,2.776036560535430908e-01,1.018562555313110352e+00
1762889795.708175421,2.922776639461517334e-01,2.819977998733520508e-01,1.019078373908996582e+00
1762889795.727854490,2.972596883773803711e-01,2.864247262477874756e-01,1.019602656364440918e+00
1762889795.747910976,3.022118806838989258e-01,2.908736169338226318e-01,1.020147085189819336e+00
1762889795.767870426,3.071287870407104492e-01,2.953326404094696045e-01,1.020724415779113770e+00
1762889795.787137985,3.120536208152770996e-01,2.998325526714324951e-01,1.021356940269470215e+00
1762889795.806855917,3.168455362319946289e-01,3.042338192462921143e-01,1.022043466567993164e+00
1762889795.827072620,3.210764229297637939e-01,3.081293404102325439e-01,1.022727370262145996e+00
1762889795.846945047,3.258434832096099854e-01,3.125157952308654785e-01,1.023567795753479004e+00
1762889795.867927313,3.311546742916107178e-01,3.173797130584716797e-01,1.024580836296081543e+00
1762889795.887999296,3.352983891963958740e-01,3.211486041545867920e-01,1.025455594062805176e+00
1762889795.907979965,3.400069177150726318e-01,3.253849446773529053e-01,1.026469588279724121e+00
1762889795.928053379,3.452883064746856689e-01,3.300648331642150879e-01,1.027601838111877441e+00
1762889795.948175192,3.494520485401153564e-01,3.336866497993469238e-01,1.028530240058898926e+00
1762889795.967923641,3.542142510414123535e-01,3.377511501312255859e-01,1.029527306556701660e+00
1762889795.988010168,3.590203225612640381e-01,3.417622745037078857e-01,1.030474185943603516e+00
1762889796.008014202,3.638826012611389160e-01,3.457255959510803223e-01,1.031357765197753906e+00
1762889796.027858496,3.688119649887084961e-01,3.496464490890502930e-01,1.032174110412597656e+00
1762889796.047896147,3.738181591033935547e-01,3.535321652889251709e-01,1.032928228378295898e+00
1762889796.067998171,3.789087533950805664e-01,3.573907911777496338e-01,1.033632516860961914e+00
1762889796.087874174,3.840892612934112549e-01,3.612316250801086426e-01,1.034307003021240234e+00
1762889796.107970476,3.893628418445587158e-01,3.650638759136199951e-01,1.034973621368408203e+00
1762889796.127984285,3.941833078861236572e-01,3.685314357280731201e-01,1.035582304000854492e+00
1762889796.147936106,3.995930850505828857e-01,3.723469674587249756e-01,1.036291956901550293e+00
1762889796.167907238,4.051204323768615723e-01,3.761996030807495117e-01,1.037053585052490234e+00
1762889796.186830282,4.112860560417175293e-01,3.803578913211822510e-01,1.037966609001159668e+00
1762889796.207001209,4.171091616153717041e-01,3.843529820442199707e-01,1.038874983787536621e+00
1762889796.227037907,4.226171970367431641e-01,3.882247209548950195e-01,1.039758563041687012e+00
1762889796.247055769,4.279600381851196289e-01,3.919227123260498047e-01,1.040652751922607422e+00
1762889796.266974449,4.343479871749877930e-01,3.963027894496917725e-01,1.041765451431274414e+00
1762889796.287891150,4.402432143688201904e-01,4.003940224647521973e-01,1.042799115180969238e+00
1762889796.307050467,4.463239014148712158e-01,4.045602977275848389e-01,1.043900847434997559e+00
1762889796.326848507,4.520860314369201660e-01,4.086309671401977539e-01,1.044907093048095703e+00
1762889796.346952438,4.579456150531768799e-01,4.127979278564453125e-01,1.045926570892333984e+00
1762889796.367012739,4.637936949729919434e-01,4.169876277446746826e-01,1.046940803527832031e+00
1762889796.386913061,4.696142077445983887e-01,4.211848080158233643e-01,1.047955274581909180e+00
1762889796.406884432,4.753988683223724365e-01,4.253777265548706055e-01,1.048981189727783203e+00
1762889796.426924944,4.811426103115081787e-01,4.295536279678344727e-01,1.050031185150146484e+00
1762889796.447952747,4.870670735836029053e-01,4.338531196117401123e-01,1.051165461540222168e+00
1762889796.468053102,4.924950003623962402e-01,4.378001093864440918e-01,1.052249789237976074e+00
1762889796.487873316,4.980833828449249268e-01,4.418310225009918213e-01,1.053427934646606445e+00
1762889796.508062840,5.036378502845764160e-01,4.457987248897552490e-01,1.054659605026245117e+00
1762889796.527928114,5.091501474380493164e-01,4.496833682060241699e-01,1.055936932563781738e+00
1762889796.549008369,5.146259069442749023e-01,4.534743726253509521e-01,1.057250142097473145e+00
1762889796.566935062,5.201183557510375977e-01,4.571899771690368652e-01,1.058598875999450684e+00
1762889796.586991787,5.254938006401062012e-01,4.607380032539367676e-01,1.059927821159362793e+00
1762889796.606847525,5.309090018272399902e-01,4.642061293125152588e-01,1.061260819435119629e+00
1762889796.627000093,5.363278388977050781e-01,4.675627648830413818e-01,1.062567830085754395e+00
1762889796.646872997,5.417574644088745117e-01,4.708067476749420166e-01,1.063833832740783691e+00
1762889796.666929245,5.472078323364257812e-01,4.739407300949096680e-01,1.065050005912780762e+00
1762889796.687058449,5.515934824943542480e-01,4.764609336853027344e-01,1.065945982933044434e+00
1762889796.706868172,5.570273995399475098e-01,4.793802499771118164e-01,1.067054629325866699e+00
1762889796.727033377,5.625686645507812500e-01,4.822372794151306152e-01,1.068136572837829590e+00
1762889796.746949196,5.681627988815307617e-01,4.850104451179504395e-01,1.069188594818115234e+00
1762889796.767066956,5.735976099967956543e-01,4.874716103076934814e-01,1.070203185081481934e+00
1762889796.787006617,5.792813301086425781e-01,4.900901317596435547e-01,1.071243882179260254e+00
1762889796.807012558,5.850636959075927734e-01,4.926667213439941406e-01,1.072311401367187500e+00
1762889796.826921225,5.909162759780883789e-01,4.951993823051452637e-01,1.073406219482421875e+00
1762889796.847198963,5.967716574668884277e-01,4.978535771369934082e-01,1.074497103691101074e+00
1762889796.866942167,6.028252243995666504e-01,5.001705288887023926e-01,1.075674891471862793e+00
1762889796.887026787,6.088744401931762695e-01,5.026249885559082031e-01,1.076833963394165039e+00
1762889796.907064676,6.149770021438598633e-01,5.050659179687500000e-01,1.077994227409362793e+00
1762889796.926986694,6.211224794387817383e-01,5.074966549873352051e-01,1.079143643379211426e+00
1762889796.946914434,6.272985935211181641e-01,5.099176168441772461e-01,1.080271959304809570e+00
1762889796.967877150,6.335451006889343262e-01,5.123416185379028320e-01,1.081383347511291504e+00
1762889796.988095999,6.396794915199279785e-01,5.147206783294677734e-01,1.082447528839111328e+00
1762889797.007853746,6.458559036254882812e-01,5.170946121215820312e-01,1.083503842353820801e+00
1762889797.027922392,6.520060300827026367e-01,5.194408297538757324e-01,1.084556579589843750e+00
1762889797.047895908,6.581122279167175293e-01,5.217483043670654297e-01,1.085623741149902344e+00
1762889797.067928314,6.641609668731689453e-01,5.240059494972229004e-01,1.086720824241638184e+00
1762889797.087990046,6.701406836509704590e-01,5.262013673782348633e-01,1.087862014770507812e+00
1762889797.107866049,6.760421395301818848e-01,5.283216238021850586e-01,1.089055180549621582e+00
1762889797.127892733,6.818585395812988281e-01,5.303536057472229004e-01,1.090301990509033203e+00
1762889797.147971869,6.875859498977661133e-01,5.322844982147216797e-01,1.091596841812133789e+00
1762889797.167932510,6.932233572006225586e-01,5.341017842292785645e-01,1.092929720878601074e+00
1762889797.186925650,6.965976357460021973e-01,5.354584455490112305e-01,1.093690514564514160e+00
1762889797.207016230,7.021145224571228027e-01,5.370810627937316895e-01,1.095047712326049805e+00
1762889797.227074623,7.075275778770446777e-01,5.385606884956359863e-01,1.096392035484313965e+00
1762889797.247828722,7.128806114196777344e-01,5.398951172828674316e-01,1.097714543342590332e+00
1762889797.267977476,7.181825041770935059e-01,5.410760641098022461e-01,1.099000334739685059e+00
1762889797.288067579,7.234112024307250977e-01,5.420947074890136719e-01,1.100231170654296875e+00
1762889797.307863712,7.286127209663391113e-01,5.429469347000122070e-01,1.101408362388610840e+00
1762889797.328060627,7.337893843650817871e-01,5.436294078826904297e-01,1.102524876594543457e+00
1762889797.347976923,7.389538288116455078e-01,5.441414117813110352e-01,1.103583693504333496e+00
1762889797.366867065,7.434831261634826660e-01,5.443062782287597656e-01,1.104482412338256836e+00
1762889797.386955261,7.486820220947265625e-01,5.444918870925903320e-01,1.105455636978149414e+00
1762889797.406991959,7.538616061210632324e-01,5.445268154144287109e-01,1.106389760971069336e+00
1762889797.427125692,7.590978145599365234e-01,5.444045662879943848e-01,1.107309699058532715e+00
1762889797.446967125,7.643783092498779297e-01,5.441374182701110840e-01,1.108220815658569336e+00
1762889797.467864513,7.698079943656921387e-01,5.437018275260925293e-01,1.109148740768432617e+00
1762889797.487910748,7.750956416130065918e-01,5.432098507881164551e-01,1.110047459602355957e+00
1762889797.508010626,7.805303931236267090e-01,5.425773859024047852e-01,1.110969781875610352e+00
1762889797.527838707,7.860261201858520508e-01,5.418444871902465820e-01,1.111896872520446777e+00
1762889797.547922134,7.915736436843872070e-01,5.410242676734924316e-01,1.112823247909545898e+00
1762889797.567877054,7.971659302711486816e-01,5.401276350021362305e-01,1.113741755485534668e+00
1762889797.586907387,8.029006719589233398e-01,5.391165614128112793e-01,1.114662766456604004e+00
1762889797.606954336,8.084479570388793945e-01,5.381381511688232422e-01,1.115527033805847168e+00
1762889797.626962423,8.141031265258789062e-01,5.370630621910095215e-01,1.116383194923400879e+00
1762889797.647073507,8.197607398033142090e-01,5.359342098236083984e-01,1.117216587066650391e+00
1762889797.666807413,8.253996968269348145e-01,5.347551703453063965e-01,1.118031144142150879e+00
1762889797.686834097,8.310038447380065918e-01,5.335243344306945801e-01,1.118835210800170898e+00
1762889797.706856489,8.365566134452819824e-01,5.322374105453491211e-01,1.119639754295349121e+00
1762889797.727927446,8.421454429626464844e-01,5.308319926261901855e-01,1.120470046997070312e+00
1762889797.747972488,8.474467396736145020e-01,5.294653773307800293e-01,1.121290445327758789e+00
1762889797.767897606,8.527488708496093750e-01,5.279667377471923828e-01,1.122151732444763184e+00
1762889797.788010597,8.579508066177368164e-01,5.263720750808715820e-01,1.123042702674865723e+00
1762889797.807899475,8.630378842353820801e-01,5.246722102165222168e-01,1.123960852622985840e+00
1762889797.826840401,8.682171702384948730e-01,5.222437381744384766e-01,1.124959230422973633e+00
1762889797.847054005,8.728649020195007324e-01,5.204210877418518066e-01,1.125877737998962402e+00
1762889797.866977453,8.775648474693298340e-01,5.188133716583251953e-01,1.126808166503906250e+00
1762889797.887014389,8.821683526039123535e-01,5.165641903877258301e-01,1.127749562263488770e+00
1762889797.906992197,8.866599798202514648e-01,5.141475200653076172e-01,1.128662586212158203e+00
1762889797.926951408,8.910202383995056152e-01,5.110328197479248047e-01,1.129556059837341309e+00
1762889797.947059155,8.953082561492919922e-01,5.082420706748962402e-01,1.130371332168579102e+00
1762889797.966906071,8.995180726051330566e-01,5.052587389945983887e-01,1.131129622459411621e+00
1762889797.986995935,9.036631584167480469e-01,5.020776987075805664e-01,1.131827831268310547e+00
1762889798.006963253,9.078150987625122070e-01,4.992722868919372559e-01,1.132466793060302734e+00
1762889798.026935577,9.118143320083618164e-01,4.951125979423522949e-01,1.133062005043029785e+00
1762889798.047001123,9.158481359481811523e-01,4.913313090801239014e-01,1.133614063262939453e+00
1762889798.067039490,9.199404716491699219e-01,4.879784882068634033e-01,1.134153723716735840e+00
1762889798.087009430,9.231833219528198242e-01,4.844905436038970947e-01,1.134567141532897949e+00
1762889798.107126474,9.271691441535949707e-01,4.802827835083007812e-01,1.135074615478515625e+00
1762889798.126978874,9.317434430122375488e-01,4.748112559318542480e-01,1.135651350021362305e+00
1762889798.146917820,9.353207945823669434e-01,4.711406826972961426e-01,1.136116147041320801e+00
1762889798.166931391,9.393863081932067871e-01,4.664251506328582764e-01,1.136642217636108398e+00
1762889798.186973095,9.444135427474975586e-01,4.596956074237823486e-01,1.137292742729187012e+00
1762889798.206999302,9.484609365463256836e-01,4.548443555831909180e-01,1.137830734252929688e+00
1762889798.226994991,9.526585936546325684e-01,4.496291279792785645e-01,1.138381600379943848e+00
1762889798.246933460,9.568909406661987305e-01,4.442815482616424561e-01,1.138924598693847656e+00
1762889798.267835379,9.612959027290344238e-01,4.385079443454742432e-01,1.139476060867309570e+00
1762889798.287000895,9.639148116111755371e-01,4.363758862018585205e-01,1.139793515205383301e+00
1762889798.306916714,9.681794643402099609e-01,4.307683110237121582e-01,1.140275716781616211e+00
1762889798.327020168,9.724329710006713867e-01,4.250902831554412842e-01,1.140721201896667480e+00
1762889798.346900702,9.766799211502075195e-01,4.193126261234283447e-01,1.141129255294799805e+00
1762889798.367923975,9.809342026710510254e-01,4.133799970149993896e-01,1.141503572463989258e+00
1762889798.388005733,9.850741624832153320e-01,4.075235724449157715e-01,1.141846060752868652e+00
1762889798.407946110,9.891905784606933594e-01,4.015111029148101807e-01,1.142173171043395996e+00
1762889798.427883148,9.932369589805603027e-01,3.954054713249206543e-01,1.142492175102233887e+00
1762889798.448256731,9.966735839843750000e-01,3.896333277225494385e-01,1.142759203910827637e+00
1762889798.468110085,1.000544071197509766e+00,3.833419382572174072e-01,1.143090724945068359e+00
1762889798.488034010,1.004804491996765137e+00,3.764950931072235107e-01,1.143496036529541016e+00
1762889798.507903099,1.007941365242004395e+00,3.704309165477752686e-01,1.143801093101501465e+00
1762889798.527957916,1.011449456214904785e+00,3.637979924678802490e-01,1.144176244735717773e+00
1762889798.548042774,1.014822483062744141e+00,3.570378422737121582e-01,1.144557595252990723e+00
1762889798.568065643,1.018058061599731445e+00,3.501443266868591309e-01,1.144936323165893555e+00
1762889798.587981462,1.020910143852233887e+00,3.440785109996795654e-01,1.145270943641662598e+00
1762889798.607871771,1.024096131324768066e+00,3.360157907009124756e-01,1.145628929138183594e+00
1762889798.627961397,1.026727557182312012e+00,3.296366930007934570e-01,1.145906448364257812e+00
1762889798.648010492,1.029381275177001953e+00,3.224990367889404297e-01,1.146157026290893555e+00
1762889798.667872667,1.031978607177734375e+00,3.149300217628479004e-01,1.146365761756896973e+00
1762889798.686855316,1.034511089324951172e+00,3.069426119327545166e-01,1.146533131599426270e+00
1762889798.707081556,1.036906838417053223e+00,2.989926934242248535e-01,1.146656274795532227e+00
1762889798.726845264,1.039338231086730957e+00,2.899289429187774658e-01,1.146739125251770020e+00
1762889798.746979475,1.041431903839111328e+00,2.827277481555938721e-01,1.146820068359375000e+00
1762889798.766875505,1.043584704399108887e+00,2.744345068931579590e-01,1.146877527236938477e+00
1762889798.787060738,1.045693755149841309e+00,2.659291326999664307e-01,1.146927952766418457e+00
1762889798.806946278,1.047735810279846191e+00,2.575416862964630127e-01,1.146987676620483398e+00
1762889798.826927662,1.049775123596191406e+00,2.487521916627883911e-01,1.147048711776733398e+00
1762889798.847053528,1.051794409751892090e+00,2.398110777139663696e-01,1.147113680839538574e+00
1762889798.867035151,1.053799152374267578e+00,2.307391017675399780e-01,1.147180080413818359e+00
1762889798.886931896,1.055431962013244629e+00,2.222831249237060547e-01,1.147210836410522461e+00
1762889798.907059193,1.057419538497924805e+00,2.129837423563003540e-01,1.147262334823608398e+00
1762889798.927065134,1.059754610061645508e+00,2.028323858976364136e-01,1.147323727607727051e+00
1762889798.946976662,1.061717391014099121e+00,1.933401077985763550e-01,1.147336602210998535e+00
1762889798.966933727,1.063661694526672363e+00,1.837764829397201538e-01,1.147328257560729980e+00
1762889798.987910986,1.065252661705017090e+00,1.746769100427627563e-01,1.147278308868408203e+00
1762889799.007981300,1.067120313644409180e+00,1.652498394250869751e-01,1.147242546081542969e+00
1762889799.027826309,1.068956375122070312e+00,1.555754840373992920e-01,1.147197604179382324e+00
1762889799.048043489,1.070730328559875488e+00,1.458750367164611816e-01,1.147157430648803711e+00
1762889799.067952394,1.072741627693176270e+00,1.354123055934906006e-01,1.147157192230224609e+00
1762889799.088881016,1.074332118034362793e+00,1.257263571023941040e-01,1.147164225578308105e+00
1762889799.106859684,1.075519561767578125e+00,1.167660206556320190e-01,1.147176027297973633e+00
1762889799.126942873,1.076881051063537598e+00,1.071819439530372620e-01,1.147249937057495117e+00
1762889799.147075176,1.078103542327880859e+00,9.757239371538162231e-02,1.147355556488037109e+00
1762889799.166861057,1.079170227050781250e+00,8.799270540475845337e-02,1.147482037544250488e+00
1762889799.186930895,1.080068707466125488e+00,7.844724506139755249e-02,1.147610664367675781e+00
1762889799.206831217,1.080790042877197266e+00,6.893070042133331299e-02,1.147725343704223633e+00
1762889799.226828814,1.081327438354492188e+00,5.943413078784942627e-02,1.147808551788330078e+00
1762889799.246989250,1.081676006317138672e+00,4.994937777519226074e-02,1.147838115692138672e+00
1762889799.266971827,1.081833124160766602e+00,4.046826809644699097e-02,1.147794842720031738e+00
1762889799.286979914,1.081798791885375977e+00,3.098149038851261139e-02,1.147665023803710938e+00
1762889799.306781530,1.081575751304626465e+00,2.147941105067729950e-02,1.147441387176513672e+00
1762889799.327952862,1.081159710884094238e+00,1.190173067152500153e-02,1.147121310234069824e+00
1762889799.348005533,1.080583810806274414e+00,2.399966120719909668e-03,1.146721243858337402e+00
1762889799.367946148,1.079832553863525391e+00,-7.196273189038038254e-03,1.146250367164611816e+00
1762889799.387946606,1.078922867774963379e+00,-1.684124954044818878e-02,1.145733475685119629e+00
1762889799.407893419,1.077867507934570312e+00,-2.653605304658412933e-02,1.145195484161376953e+00
1762889799.427026033,1.076127529144287109e+00,-3.771962970495223999e-02,1.144537925720214844e+00
1762889799.447057247,1.074919700622558594e+00,-4.703301191329956055e-02,1.144062280654907227e+00
1762889799.467001200,1.073508501052856445e+00,-5.686238408088684082e-02,1.143597126007080078e+00
1762889799.486821413,1.072002410888671875e+00,-6.676716357469558716e-02,1.143179297447204590e+00
1762889799.506910086,1.070420980453491211e+00,-7.671215385198593140e-02,1.142810225486755371e+00
1762889799.527017355,1.068777322769165039e+00,-8.668433129787445068e-02,1.142483115196228027e+00
1762889799.546963453,1.067082643508911133e+00,-9.667172282934188843e-02,1.142189264297485352e+00
1762889799.566885233,1.065344572067260742e+00,-1.066608875989913940e-01,1.141916275024414062e+00
1762889799.586975336,1.063568234443664551e+00,-1.166366562247276306e-01,1.141658067703247070e+00
1762889799.607023001,1.061757206916809082e+00,-1.265793889760971069e-01,1.141405344009399414e+00
1762889799.626872301,1.059913635253906250e+00,-1.364690661430358887e-01,1.141150712966918945e+00
1762889799.646826267,1.058704137802124023e+00,-1.439160257577896118e-01,1.140971302986145020e+00
1762889799.666951418,1.056146144866943359e+00,-1.559071391820907593e-01,1.140622854232788086e+00
1762889799.687039852,1.054174065589904785e+00,-1.655537933111190796e-01,1.140343904495239258e+00
1762889799.706841707,1.052144646644592285e+00,-1.750720143318176270e-01,1.140068888664245605e+00
1762889799.726831913,1.050041675567626953e+00,-1.844616979360580444e-01,1.139801383018493652e+00
1762889799.746903181,1.049387812614440918e+00,-1.889741122722625732e-01,1.139715433120727539e+00
1762889799.767920256,1.045511722564697266e+00,-2.029627710580825806e-01,1.139301896095275879e+00
1762889799.787911177,1.043124318122863770e+00,-2.118515372276306152e-01,1.139036774635314941e+00
1762889799.807980776,1.040563225746154785e+00,-2.207142561674118042e-01,1.138738036155700684e+00
1762889799.827960730,1.037847757339477539e+00,-2.294508367776870728e-01,1.138392686843872070e+00
1762889799.847911596,1.034965038299560547e+00,-2.380620837211608887e-01,1.137992262840270996e+00
1762889799.867877483,1.031903743743896484e+00,-2.465508133172988892e-01,1.137520432472229004e+00
1762889799.887939215,1.028656363487243652e+00,-2.549192607402801514e-01,1.136971712112426758e+00
1762889799.907910585,1.025216341018676758e+00,-2.631721496582031250e-01,1.136350154876708984e+00
1762889799.926863194,1.023752689361572266e+00,-2.672164440155029297e-01,1.136018514633178711e+00
1762889799.946884871,1.020066142082214355e+00,-2.752024531364440918e-01,1.135315537452697754e+00
1762889799.966924667,1.016136646270751953e+00,-2.831774950027465820e-01,1.134563684463500977e+00
1762889799.986853123,1.012012243270874023e+00,-2.910566329956054688e-01,1.133790016174316406e+00
1762889800.007027388,1.007952094078063965e+00,-2.982269823551177979e-01,1.133069276809692383e+00
1762889800.027024746,1.003473639488220215e+00,-3.059262335300445557e-01,1.132305145263671875e+00
1762889800.047048569,9.988139867782592773e-01,-3.135410845279693604e-01,1.131558299064636230e+00
1762889800.067019701,9.948641061782836914e-01,-3.198446631431579590e-01,1.130958318710327148e+00
1762889800.087056637,9.887058734893798828e-01,-3.290567398071289062e-01,1.130089402198791504e+00
1762889800.107202053,9.838866591453552246e-01,-3.359760046005249023e-01,1.129452228546142578e+00
1762889800.127048254,9.793576002120971680e-01,-3.421496152877807617e-01,1.128882646560668945e+00
1762889800.147037506,9.731860160827636719e-01,-3.502751886844635010e-01,1.128131628036499023e+00
1762889800.166984320,9.676320552825927734e-01,-3.573887348175048828e-01,1.127477526664733887e+00
1762889800.186957121,9.619546532630920410e-01,-3.644278645515441895e-01,1.126817703247070312e+00
1762889800.206935644,9.561982750892639160e-01,-3.713380396366119385e-01,1.126150488853454590e+00
1762889800.226816893,9.511705040931701660e-01,-3.772610425949096680e-01,1.125565767288208008e+00
1762889800.247007608,9.444842934608459473e-01,-3.847418725490570068e-01,1.124801039695739746e+00
1762889800.267009020,9.384258389472961426e-01,-3.913354575634002686e-01,1.124099850654602051e+00
1762889800.286911488,9.331812262535095215e-01,-3.969126343727111816e-01,1.123486161231994629e+00
1762889800.306951523,9.262387156486511230e-01,-4.039193689823150635e-01,1.122691154479980469e+00
1762889800.326887608,9.199501276016235352e-01,-4.100452363491058350e-01,1.121981739997863770e+00
1762889800.346958637,9.136764407157897949e-01,-4.158938229084014893e-01,1.121295213699340820e+00
1762889800.366847754,9.072579145431518555e-01,-4.216097593307495117e-01,1.120616555213928223e+00
1762889800.386973381,9.007723927497863770e-01,-4.271011352539062500e-01,1.119966864585876465e+00
1762889800.407907486,8.941969275474548340e-01,-4.323700070381164551e-01,1.119336724281311035e+00
1762889800.427965403,8.874878883361816406e-01,-4.374279975891113281e-01,1.118711590766906738e+00
1762889800.446839333,8.796445131301879883e-01,-4.429134726524353027e-01,1.118010640144348145e+00
1762889800.467018127,8.731116652488708496e-01,-4.471959769725799561e-01,1.117406010627746582e+00
1762889800.486764669,8.668773770332336426e-01,-4.510232210159301758e-01,1.116786837577819824e+00
1762889800.506972075,8.589841723442077637e-01,-4.554893970489501953e-01,1.116016864776611328e+00
1762889800.526896715,8.524968028068542480e-01,-4.588502645492553711e-01,1.115290164947509766e+00
1762889800.546987772,8.443165421485900879e-01,-4.627753794193267822e-01,1.114381909370422363e+00
1762889800.566977978,8.367792963981628418e-01,-4.660362303256988525e-01,1.113458633422851562e+00
1762889800.587015629,8.291026949882507324e-01,-4.690456986427307129e-01,1.112471938133239746e+00
1762889800.607059002,8.212857842445373535e-01,-4.718063473701477051e-01,1.111431360244750977e+00
1762889800.626893520,8.133286237716674805e-01,-4.743215441703796387e-01,1.110355019569396973e+00
1762889800.646892309,8.052343130111694336e-01,-4.765943586826324463e-01,1.109264254570007324e+00
1762889800.667974949,7.969141602516174316e-01,-4.786466360092163086e-01,1.108166575431823730e+00
1762889800.687878847,7.886742353439331055e-01,-4.804110229015350342e-01,1.107114911079406738e+00
1762889800.707873106,7.802195549011230469e-01,-4.819727838039398193e-01,1.106088757514953613e+00
1762889800.726950645,7.760843038558959961e-01,-4.824733138084411621e-01,1.105590462684631348e+00
1762889800.746942997,7.630003690719604492e-01,-4.844025075435638428e-01,1.104169487953186035e+00
1762889800.766940594,7.542582154273986816e-01,-4.852839708328247070e-01,1.103274464607238770e+00
1762889800.786939859,7.454284429550170898e-01,-4.859463870525360107e-01,1.102420926094055176e+00
1762889800.806946754,7.365238070487976074e-01,-4.863892197608947754e-01,1.101600170135498047e+00
1762889800.827044725,7.275479435920715332e-01,-4.866152703762054443e-01,1.100799679756164551e+00
1762889800.846901894,7.185057401657104492e-01,-4.866237342357635498e-01,1.099998831748962402e+00
1762889800.866891623,7.094032764434814453e-01,-4.864113926887512207e-01,1.099183917045593262e+00
1762889800.886944294,7.033316493034362793e-01,-4.859499037265777588e-01,1.098603010177612305e+00
1762889800.906923056,6.937380433082580566e-01,-4.853489995002746582e-01,1.097710490226745605e+00
1762889800.927023888,6.844772696495056152e-01,-4.845137298107147217e-01,1.096820950508117676e+00
1762889800.947069645,6.733455061912536621e-01,-4.833261966705322266e-01,1.095747590065002441e+00
1762889800.966974974,6.679757237434387207e-01,-4.823138415813446045e-01,1.095194339752197266e+00
1762889800.988015175,6.584936976432800293e-01,-4.807994961738586426e-01,1.094274640083312988e+00
1762889801.007977247,6.491501927375793457e-01,-4.790641069412231445e-01,1.093365430831909180e+00
1762889801.028041363,6.395745873451232910e-01,-4.770680367946624756e-01,1.092438817024230957e+00
1762889801.047890186,6.298903226852416992e-01,-4.748176336288452148e-01,1.091516494750976562e+00
1762889801.067885160,6.200957298278808594e-01,-4.723078012466430664e-01,1.090590119361877441e+00
1762889801.087978840,6.101797223091125488e-01,-4.695343375205993652e-01,1.089649438858032227e+00
1762889801.108014107,6.001344919204711914e-01,-4.664937555789947510e-01,1.088687300682067871e+00
1762889801.128057957,5.899565815925598145e-01,-4.631833732128143311e-01,1.087699174880981445e+00
1762889801.148006201,5.804776549339294434e-01,-4.600373208522796631e-01,1.086777806282043457e+00
1762889801.168009758,5.700460672378540039e-01,-4.562084376811981201e-01,1.085737943649291992e+00
1762889801.188065529,5.594892501831054688e-01,-4.521065056324005127e-01,1.084679245948791504e+00
1762889801.207961559,5.479589700698852539e-01,-4.472195208072662354e-01,1.083524227142333984e+00
1762889801.227882862,5.394440889358520508e-01,-4.435829520225524902e-01,1.082700014114379883e+00
1762889801.247950554,5.276350975036621094e-01,-4.383357167243957520e-01,1.081605911254882812e+00
1762889801.267992020,5.166502594947814941e-01,-4.331447184085845947e-01,1.080656886100769043e+00
1762889801.287966251,5.056630969047546387e-01,-4.277106225490570068e-01,1.079800605773925781e+00
1762889801.307874203,4.946388006210327148e-01,-4.220195710659027100e-01,1.079056739807128906e+00
1762889801.327931881,4.849838912487030029e-01,-4.167123138904571533e-01,1.078507661819458008e+00
1762889801.347993851,4.739817976951599121e-01,-4.105837643146514893e-01,1.077979207038879395e+00
1762889801.367954493,4.628845453262329102e-01,-4.041779935359954834e-01,1.077543735504150391e+00
1762889801.387941599,4.517772495746612549e-01,-3.975358903408050537e-01,1.077187538146972656e+00
1762889801.407890320,4.406679570674896240e-01,-3.906665146350860596e-01,1.076881647109985352e+00
1762889801.427910805,4.295538365840911865e-01,-3.835761845111846924e-01,1.076594471931457520e+00
1762889801.447852135,4.184310436248779297e-01,-3.762708902359008789e-01,1.076294779777526855e+00
1762889801.467997551,4.072983860969543457e-01,-3.687567412853240967e-01,1.075954914093017578e+00
1762889801.488168001,3.961554467678070068e-01,-3.610405027866363525e-01,1.075553417205810547e+00
1762889801.507920027,3.850020170211791992e-01,-3.531290888786315918e-01,1.075076222419738770e+00
1762889801.527841568,3.738380968570709229e-01,-3.450291752815246582e-01,1.074520826339721680e+00
1762889801.548803329,3.626648783683776855e-01,-3.367469310760498047e-01,1.073898196220397949e+00
1762889801.566972256,3.523415625095367432e-01,-3.291416764259338379e-01,1.073290109634399414e+00
1762889801.586975574,3.412207961082458496e-01,-3.205723464488983154e-01,1.072608947753906250e+00
1762889801.607007265,3.291150927543640137e-01,-3.108722269535064697e-01,1.071890234947204590e+00
1762889801.627129555,3.179271221160888672e-01,-3.019240498542785645e-01,1.071287155151367188e+00
1762889801.646791697,3.067430555820465088e-01,-2.928252518177032471e-01,1.070769906044006348e+00
1762889801.666893959,2.964765727519989014e-01,-2.845492660999298096e-01,1.070375919342041016e+00
1762889801.686979055,2.853004038333892822e-01,-2.751783728599548340e-01,1.070051908493041992e+00
1762889801.706940651,2.741325795650482178e-01,-2.656734883785247803e-01,1.069824457168579102e+00
1762889801.726886034,2.629759609699249268e-01,-2.560409605503082275e-01,1.069676041603088379e+00
1762889801.746926785,2.518322467803955078e-01,-2.462861537933349609e-01,1.069580554962158203e+00
1762889801.766888857,2.407013177871704102e-01,-2.364131361246109009e-01,1.069505929946899414e+00
1762889801.786975861,2.295805215835571289e-01,-2.264241427183151245e-01,1.069415807723999023e+00
1762889801.807087660,2.184664011001586914e-01,-2.163206487894058228e-01,1.069277405738830566e+00
1762889801.826977253,2.073560506105422974e-01,-2.061041593551635742e-01,1.069062352180480957e+00
1762889801.846935511,1.962469369173049927e-01,-1.957765221595764160e-01,1.068750858306884766e+00
1762889801.869964361,1.849548965692520142e-01,-1.848421543836593628e-01,1.068307518959045410e+00
1762889801.887986898,1.740729510784149170e-01,-1.748345047235488892e-01,1.067813277244567871e+00
1762889801.907788754,1.629342734813690186e-01,-1.641693115234375000e-01,1.067209482192993164e+00
1762889801.927886486,1.518034934997558594e-01,-1.534130573272705078e-01,1.066552639007568359e+00
1762889801.947939873,1.406648606061935425e-01,-1.425570547580718994e-01,1.065874695777893066e+00
1762889801.968073130,1.295131444931030273e-01,-1.316028237342834473e-01,1.065207958221435547e+00
1762889801.986846924,1.180713921785354614e-01,-1.203163713216781616e-01,1.064566493034362793e+00
1762889802.006955147,1.071508675813674927e-01,-1.094022095203399658e-01,1.064021348953247070e+00
1762889802.027069569,9.596014022827148438e-02,-9.818435460329055786e-02,1.063537716865539551e+00
1762889802.046918392,8.473623543977737427e-02,-8.687102794647216797e-02,1.063130140304565430e+00
1762889802.067024469,7.493921369314193726e-02,-7.675418257713317871e-02,1.062836885452270508e+00
1762889802.087061644,6.414011120796203613e-02,-6.570211052894592285e-02,1.062555074691772461e+00
1762889802.107130289,5.148753523826599121e-02,-5.295313522219657898e-02,1.062259554862976074e+00
1762889802.126862764,3.977635502815246582e-02,-4.098923504352569580e-02,1.062004327774047852e+00
1762889802.146998882,3.027993440628051758e-02,-3.096110373735427856e-02,1.061794042587280273e+00
1762889802.166856050,1.911779493093490601e-02,-1.940998248755931854e-02,1.061522483825683594e+00
1762889802.187888384,6.144166924059391022e-03,-6.201885174959897995e-03,1.061160922050476074e+00
1762889802.208140373,-3.892672946676611900e-03,4.388130269944667816e-03,1.060839772224426270e+00
1762889802.227989197,-1.652235537767410278e-02,1.733281463384628296e-02,1.060403823852539062e+00
1762889802.248068333,-2.753505297005176544e-02,2.883092127740383148e-02,1.059984803199768066e+00
1762889802.267928839,-3.740700706839561462e-02,3.930474445223808289e-02,1.059591770172119141e+00
1762889802.288068295,-5.048961192369461060e-02,5.225898325443267822e-02,1.059064984321594238e+00
1762889802.308134317,-5.912880972027778625e-02,6.163181737065315247e-02,1.058733582496643066e+00
1762889802.328257322,-7.029464840888977051e-02,7.325419038534164429e-02,1.058312416076660156e+00
1762889802.347995996,-8.161793649196624756e-02,8.500318229198455811e-02,1.057914018630981445e+00
1762889802.368142128,-9.295527637004852295e-02,9.674326330423355103e-02,1.057548403739929199e+00
1762889802.387949944,-1.042955294251441956e-01,1.084608659148216248e-01,1.057222723960876465e+00
1762889802.408140898,-1.156422048807144165e-01,1.201539188623428345e-01,1.056928157806396484e+00
1762889802.428013325,-1.269977837800979614e-01,1.318190395832061768e-01,1.056653857231140137e+00
1762889802.447860003,-1.383580714464187622e-01,1.434490233659744263e-01,1.056394100189208984e+00
1762889802.467884541,-1.497188508510589600e-01,1.550375372171401978e-01,1.056134939193725586e+00
1762889802.487951994,-1.610752493143081665e-01,1.665773093700408936e-01,1.055866003036499023e+00
1762889802.507827282,-1.724199503660202026e-01,1.780588179826736450e-01,1.055586457252502441e+00
1762889802.527993679,-1.837438791990280151e-01,1.894716471433639526e-01,1.055301547050476074e+00
1762889802.547942400,-1.950369328260421753e-01,2.008041590452194214e-01,1.055023908615112305e+00
1762889802.568045616,-2.062885761260986328e-01,2.120439708232879639e-01,1.054772853851318359e+00
1762889802.587884665,-2.174878418445587158e-01,2.231780141592025757e-01,1.054570674896240234e+00
1762889802.608023405,-2.286236882209777832e-01,2.341930568218231201e-01,1.054439306259155273e+00
1762889802.628015280,-2.396858185529708862e-01,2.450764477252960205e-01,1.054396748542785645e+00
1762889802.648055792,-2.506650984287261963e-01,2.558163702487945557e-01,1.054453969001770020e+00
1762889802.667873144,-2.615539729595184326e-01,2.664017379283905029e-01,1.054614186286926270e+00
1762889802.687962532,-2.705118656158447266e-01,2.749225795269012451e-01,1.054818272590637207e+00
1762889802.708004236,-2.837881743907928467e-01,2.872331440448760986e-01,1.055215835571289062e+00
1762889802.727874517,-2.917937934398651123e-01,2.952731549739837646e-01,1.055542945861816406e+00
1762889802.747979879,-3.023342788219451904e-01,3.056327402591705322e-01,1.056000351905822754e+00
1762889802.767902851,-3.118337690830230713e-01,3.142446279525756836e-01,1.056414365768432617e+00
1762889802.786946774,-3.230323493480682373e-01,3.244696855545043945e-01,1.056900024414062500e+00
1762889802.807907104,-3.357785344123840332e-01,3.356741666793823242e-01,1.057402014732360840e+00
1762889802.827949524,-3.459748029708862305e-01,3.448327779769897461e-01,1.057732343673706055e+00
1762889802.847958326,-3.561018109321594238e-01,3.537936508655548096e-01,1.057966828346252441e+00
1762889802.868184566,-3.662005662918090820e-01,3.625798821449279785e-01,1.058097124099731445e+00
1762889802.887840748,-3.762880563735961914e-01,3.711974918842315674e-01,1.058118343353271484e+00
1762889802.907895565,-3.869903683662414551e-01,3.800512850284576416e-01,1.058035016059875488e+00
1762889802.928031921,-3.964646160602569580e-01,3.879184424877166748e-01,1.057904720306396484e+00
1762889802.948071480,-4.065298140048980713e-01,3.960060477256774902e-01,1.057747960090637207e+00
1762889802.967902660,-4.166409075260162354e-01,4.039427042007446289e-01,1.057613730430603027e+00
1762889802.987952471,-4.267592728137969971e-01,4.117006361484527588e-01,1.057551622390747070e+00
1762889803.006862640,-4.319081008434295654e-01,4.163942635059356689e-01,1.057639360427856445e+00
1762889803.026975870,-4.418935477733612061e-01,4.237935245037078857e-01,1.057757139205932617e+00
1762889803.047060013,-4.519810378551483154e-01,4.310685098171234131e-01,1.058009505271911621e+00
1762889803.067167759,-4.620544016361236572e-01,4.381497800350189209e-01,1.058410644531250000e+00
1762889803.086963177,-4.720960557460784912e-01,4.450252652168273926e-01,1.058966517448425293e+00
1762889803.106930256,-4.821017086505889893e-01,4.516852498054504395e-01,1.059664130210876465e+00
1762889803.126961708,-4.920678138732910156e-01,4.581217169761657715e-01,1.060481667518615723e+00
1762889803.147001266,-5.011767745018005371e-01,4.635645449161529541e-01,1.061295390129089355e+00
1762889803.166965246,-5.110462307929992676e-01,4.695506691932678223e-01,1.062288403511047363e+00
1762889803.187111139,-5.208497643470764160e-01,4.752859175205230713e-01,1.063336968421936035e+00
1762889803.207918882,-5.313619971275329590e-01,4.814475774765014648e-01,1.064530134201049805e+00
1762889803.226967096,-5.405069589614868164e-01,4.860676527023315430e-01,1.065549969673156738e+00
1762889803.246953249,-5.497679710388183594e-01,4.908808767795562744e-01,1.066639184951782227e+00
1762889803.266898394,-5.591998696327209473e-01,4.955115318298339844e-01,1.067775130271911621e+00
1762889803.287054062,-5.685392022132873535e-01,4.998526573181152344e-01,1.068947076797485352e+00
1762889803.306915522,-5.777612328529357910e-01,5.038890242576599121e-01,1.070181965827941895e+00
1762889803.326940060,-5.868614912033081055e-01,5.076168775558471680e-01,1.071496605873107910e+00
1762889803.348021984,-5.960592627525329590e-01,5.110811591148376465e-01,1.072935223579406738e+00
1762889803.367974281,-6.046974062919616699e-01,5.141431689262390137e-01,1.074425220489501953e+00
1762889803.387945414,-6.134160161018371582e-01,5.169447660446166992e-01,1.076055049896240234e+00
1762889803.407966137,-6.220239400863647461e-01,5.194473266601562500e-01,1.077793121337890625e+00
1762889803.427926064,-6.305098533630371094e-01,5.216535329818725586e-01,1.079624533653259277e+00
1762889803.447824001,-6.388753056526184082e-01,5.235707163810729980e-01,1.081525683403015137e+00
1762889803.467941523,-6.471229791641235352e-01,5.252062082290649414e-01,1.083472132682800293e+00
1762889803.487953901,-6.552566885948181152e-01,5.265668034553527832e-01,1.085439085960388184e+00
1762889803.507961273,-6.632799506187438965e-01,5.276592373847961426e-01,1.087404012680053711e+00
1762889803.527963877,-6.711955666542053223e-01,5.284885168075561523e-01,1.089354872703552246e+00
1762889803.547934771,-6.790078282356262207e-01,5.290593504905700684e-01,1.091282129287719727e+00
1762889803.567913532,-6.867217421531677246e-01,5.293753147125244141e-01,1.093184828758239746e+00
1762889803.587091923,-6.945305466651916504e-01,5.294073820114135742e-01,1.095112919807434082e+00
1762889803.606912136,-7.018745541572570801e-01,5.292465090751647949e-01,1.096963524818420410e+00
1762889803.626886845,-7.093082666397094727e-01,5.288088917732238770e-01,1.098873496055603027e+00
1762889803.647055864,-7.166704535484313965e-01,5.281175971031188965e-01,1.100832104682922363e+00
1762889803.666872501,-7.239536643028259277e-01,5.271726250648498535e-01,1.102859377861022949e+00
1762889803.686917305,-7.311599254608154297e-01,5.259730815887451172e-01,1.104970455169677734e+00
1762889803.706971407,-7.373544573783874512e-01,5.248547792434692383e-01,1.106929898262023926e+00
1762889803.727125645,-7.454237341880798340e-01,5.225004553794860840e-01,1.109384179115295410e+00
1762889803.746999741,-7.520593404769897461e-01,5.209432840347290039e-01,1.111771106719970703e+00
1762889803.766973495,-7.589625716209411621e-01,5.187207460403442383e-01,1.114223718643188477e+00
1762889803.786966801,-7.644107341766357422e-01,5.167056322097778320e-01,1.116209745407104492e+00
1762889803.807177544,-7.710733413696289062e-01,5.140574574470520020e-01,1.118741750717163086e+00
1762889803.826920986,-7.777634263038635254e-01,5.110892057418823242e-01,1.121339201927185059e+00
1762889803.846948624,-7.843800187110900879e-01,5.078446269035339355e-01,1.123963475227355957e+00
1762889803.866895676,-7.909144759178161621e-01,5.043210387229919434e-01,1.126611948013305664e+00
1762889803.886934519,-7.973684668540954590e-01,5.005121827125549316e-01,1.129273414611816406e+00
1762889803.906947374,-8.037443757057189941e-01,4.964131414890289307e-01,1.131936788558959961e+00
1762889803.927061081,-8.100405931472778320e-01,4.920217394828796387e-01,1.134600400924682617e+00
1762889803.947168589,-8.162534236907958984e-01,4.873358309268951416e-01,1.137264132499694824e+00
1762889803.966893435,-8.223779797554016113e-01,4.823552072048187256e-01,1.139927268028259277e+00
1762889803.986938238,-8.284085988998413086e-01,4.770810604095458984e-01,1.142590522766113281e+00
1762889804.006883621,-8.343380093574523926e-01,4.715165197849273682e-01,1.145263552665710449e+00
1762889804.027019024,-8.401587605476379395e-01,4.656658172607421875e-01,1.147955298423767090e+00
1762889804.047155380,-8.458633422851562500e-01,4.595345258712768555e-01,1.150673985481262207e+00
1762889804.067011595,-8.514441251754760742e-01,4.531304538249969482e-01,1.153427481651306152e+00
1762889804.086973667,-8.568935990333557129e-01,4.464625418186187744e-01,1.156222581863403320e+00
1762889804.107020855,-8.622044324874877930e-01,4.395410120487213135e-01,1.159063220024108887e+00
1762889804.126913786,-8.673698902130126953e-01,4.323773980140686035e-01,1.161949992179870605e+00
1762889804.147008181,-8.723841309547424316e-01,4.249840676784515381e-01,1.164880156517028809e+00
1762889804.167010069,-8.772424459457397461e-01,4.173738360404968262e-01,1.167848229408264160e+00
1762889804.187082529,-8.819414973258972168e-01,4.095594882965087891e-01,1.170845746994018555e+00
1762889804.207849741,-8.864792585372924805e-01,4.015538096427917480e-01,1.173861980438232422e+00
1762889804.227845430,-8.908783197402954102e-01,3.933213651180267334e-01,1.176895618438720703e+00
1762889804.246958971,-8.957956433296203613e-01,3.835890293121337891e-01,1.180148005485534668e+00
1762889804.267032862,-8.991160988807678223e-01,3.765138983726501465e-01,1.182889342308044434e+00
1762889804.287019730,-9.030008912086486816e-01,3.678754866123199463e-01,1.185859084129333496e+00
1762889804.307171345,-9.067302942276000977e-01,3.590863347053527832e-01,1.188806414604187012e+00
1762889804.326893568,-9.102995991706848145e-01,3.501648306846618652e-01,1.191726088523864746e+00
1762889804.346963882,-9.141519665718078613e-01,3.401174545288085938e-01,1.194730281829833984e+00
1762889804.367026567,-9.173994064331054688e-01,3.309411406517028809e-01,1.197594404220581055e+00
1762889804.386915684,-9.204964041709899902e-01,3.216441869735717773e-01,1.200432181358337402e+00
1762889804.406935215,-9.234468936920166016e-01,3.122282326221466064e-01,1.203241467475891113e+00
1762889804.427970171,-9.258536696434020996e-01,3.037168979644775391e-01,1.205912709236145020e+00
1762889804.447041512,-9.291090965270996094e-01,2.924154102802276611e-01,1.208892345428466797e+00
1762889804.466891766,-9.314468502998352051e-01,2.832814455032348633e-01,1.211437225341796875e+00
1762889804.486978769,-9.338356256484985352e-01,2.734477519989013672e-01,1.214072704315185547e+00
1762889804.506942511,-9.361043572425842285e-01,2.634683251380920410e-01,1.216671586036682129e+00
1762889804.527041674,-9.382458925247192383e-01,2.533729374408721924e-01,1.219228982925415039e+00
1762889804.546964407,-9.402642250061035156e-01,2.431646585464477539e-01,1.221737980842590332e+00
1762889804.567085266,-9.421625733375549316e-01,2.328433692455291748e-01,1.224193930625915527e+00
1762889804.587020159,-9.439432024955749512e-01,2.224076092243194580e-01,1.226591348648071289e+00
1762889804.607963562,-9.456292390823364258e-01,2.117372155189514160e-01,1.228941321372985840e+00
1762889804.627911329,-9.471535682678222656e-01,2.012065798044204712e-01,1.231179237365722656e+00
1762889804.647941828,-9.485913515090942383e-01,1.904377490282058716e-01,1.233368754386901855e+00
1762889804.668102741,-9.499182701110839844e-01,1.795508414506912231e-01,1.235487699508666992e+00
1762889804.687820911,-9.511324167251586914e-01,1.685559749603271484e-01,1.237539291381835938e+00
1762889804.706792116,-9.514272212982177734e-01,1.630827933549880981e-01,1.238737583160400391e+00
1762889804.727038145,-9.524564743041992188e-01,1.529442220926284790e-01,1.240456342697143555e+00
1762889804.746948719,-9.533883333206176758e-01,1.417179256677627563e-01,1.242363691329956055e+00
1762889804.766924143,-9.542059302330017090e-01,1.303837001323699951e-01,1.244223594665527344e+00
1762889804.786901951,-9.549043774604797363e-01,1.189641058444976807e-01,1.246042490005493164e+00
1762889804.806891203,-9.554392099380493164e-01,1.078509539365768433e-01,1.247782468795776367e+00
1762889804.826954603,-9.557598233222961426e-01,9.777979552745819092e-02,1.249361753463745117e+00
1762889804.847003460,-9.560896754264831543e-01,8.620505779981613159e-02,1.251076340675354004e+00
1762889804.866845846,-9.562966227531433105e-01,7.446085661649703979e-02,1.252760291099548340e+00
1762889804.886986256,-9.564505219459533691e-01,6.112551316618919373e-02,1.254557609558105469e+00
1762889804.906895161,-9.563724398612976074e-01,4.913914576172828674e-02,1.256136417388916016e+00
1762889804.926816702,-9.561470150947570801e-01,3.716814517974853516e-02,1.257639050483703613e+00
1762889804.947038651,-9.557470679283142090e-01,2.665066719055175781e-02,1.258923649787902832e+00
1762889804.966901064,-9.552513957023620605e-01,1.463659573346376419e-02,1.260256409645080566e+00
1762889804.987010956,-9.546144604682922363e-01,2.481790957972407341e-03,1.261496186256408691e+00
1762889805.007052183,-9.538317322731018066e-01,-9.715841151773929596e-03,1.262627601623535156e+00
1762889805.026962519,-9.529014229774475098e-01,-2.193940430879592896e-02,1.263652920722961426e+00
1762889805.046928883,-9.518225193023681641e-01,-3.418012708425521851e-02,1.264582753181457520e+00
1762889805.067925215,-9.505110383033752441e-01,-4.827776551246643066e-02,1.265510201454162598e+00
1762889805.087921381,-9.492167830467224121e-01,-5.875861644744873047e-02,1.266203045845031738e+00
1762889805.107945681,-9.477029442787170410e-01,-7.086008042097091675e-02,1.266914486885070801e+00
1762889805.127906799,-9.460414648056030273e-01,-8.302048593759536743e-02,1.267588257789611816e+00
1762889805.146887302,-9.442391991615295410e-01,-9.512301534414291382e-02,1.268233060836791992e+00
1762889805.166857481,-9.422962665557861328e-01,-1.071694269776344299e-01,1.268856048583984375e+00
1762889805.186862469,-9.402267932891845703e-01,-1.190485134720802307e-01,1.269457697868347168e+00
1762889805.206977367,-9.380259513854980469e-01,-1.308463364839553833e-01,1.270033955574035645e+00
1762889805.227074862,-9.357028007507324219e-01,-1.425157338380813599e-01,1.270572423934936523e+00
1762889805.247034550,-9.332632422447204590e-01,-1.540400236845016479e-01,1.271056890487670898e+00
1762889805.266982079,-9.307128190994262695e-01,-1.654082834720611572e-01,1.271465897560119629e+00
1762889805.286874056,-9.280578494071960449e-01,-1.766117811203002930e-01,1.271776318550109863e+00
1762889805.308029175,-9.252988100051879883e-01,-1.876697987318038940e-01,1.271964669227600098e+00
1762889805.328118086,-9.224582910537719727e-01,-1.984866559505462646e-01,1.272011160850524902e+00
1762889805.348039150,-9.195246696472167969e-01,-2.091487944126129150e-01,1.271900415420532227e+00
1762889805.367862940,-9.165071845054626465e-01,-2.196233570575714111e-01,1.271622419357299805e+00
1762889805.387857437,-9.134097099304199219e-01,-2.299060821533203125e-01,1.271174073219299316e+00
1762889805.407900095,-9.102350473403930664e-01,-2.399969995021820068e-01,1.270560264587402344e+00
1762889805.427006960,-9.073886871337890625e-01,-2.491379231214523315e-01,1.269849777221679688e+00
1762889805.447102308,-9.040858149528503418e-01,-2.588066458702087402e-01,1.268955826759338379e+00
1762889805.466825962,-9.006959795951843262e-01,-2.683438956737518311e-01,1.267930746078491211e+00
1762889805.486896753,-8.972308039665222168e-01,-2.776990532875061035e-01,1.266793727874755859e+00
1762889805.507986546,-8.936243653297424316e-01,-2.870920002460479736e-01,1.265524387359619141e+00
1762889805.527893066,-8.900663852691650391e-01,-2.958671152591705322e-01,1.264223337173461914e+00
1762889805.547916174,-8.863671422004699707e-01,-3.046745955944061279e-01,1.262801527976989746e+00
1762889805.567972183,-8.825774788856506348e-01,-3.133258521556854248e-01,1.261276721954345703e+00
1762889805.587865114,-8.786961436271667480e-01,-3.218121528625488281e-01,1.259640932083129883e+00
1762889805.606950521,-8.746428489685058594e-01,-3.303359150886535645e-01,1.257843136787414551e+00
1762889805.626918793,-8.695607781410217285e-01,-3.411042392253875732e-01,1.255363583564758301e+00
1762889805.646976709,-8.653522729873657227e-01,-3.490036427974700928e-01,1.253326296806335449e+00
1762889805.666909695,-8.610094189643859863e-01,-3.567781746387481689e-01,1.251152276992797852e+00
1762889805.687047958,-8.565409779548645020e-01,-3.643811047077178955e-01,1.248863577842712402e+00
1762889805.707008362,-8.519420027732849121e-01,-3.718017041683197021e-01,1.246493697166442871e+00
1762889805.726926327,-8.472099900245666504e-01,-3.790233731269836426e-01,1.244053244590759277e+00
1762889805.746978998,-8.442796468734741211e-01,-3.824212551116943359e-01,1.242759823799133301e+00
1762889805.766898394,-8.386066555976867676e-01,-3.905644416809082031e-01,1.239792823791503906e+00
1762889805.786938667,-8.333356976509094238e-01,-3.974519968032836914e-01,1.237111091613769531e+00
1762889805.806923389,-8.272858858108520508e-01,-4.050247967243194580e-01,1.234008789062500000e+00
1762889805.826958656,-8.229275345802307129e-01,-4.095599353313446045e-01,1.231929898262023926e+00
1762889805.847861528,-8.161433339118957520e-01,-4.170660078525543213e-01,1.228428721427917480e+00
1762889805.868072033,-8.117725253105163574e-01,-4.209205210208892822e-01,1.226318120956420898e+00
1762889805.888033628,-8.057891726493835449e-01,-4.264271259307861328e-01,1.223258018493652344e+00
1762889805.907970190,-8.001567721366882324e-01,-4.310963749885559082e-01,1.220364689826965332e+00
1762889805.927920818,-7.941330671310424805e-01,-4.357908070087432861e-01,1.217212438583374023e+00
1762889805.947978735,-7.867014408111572266e-01,-4.413567483425140381e-01,1.213167071342468262e+00
1762889805.966879129,-7.839558720588684082e-01,-4.427880644798278809e-01,1.211803436279296875e+00
1762889805.986970663,-7.770723104476928711e-01,-4.471505880355834961e-01,1.208017349243164062e+00
1762889806.006878138,-7.712252140045166016e-01,-4.503439068794250488e-01,1.204844951629638672e+00
1762889806.026933193,-7.639737725257873535e-01,-4.541658461093902588e-01,1.200831770896911621e+00
1762889806.046909571,-7.572003602981567383e-01,-4.572773873805999756e-01,1.197140693664550781e+00
1762889806.066828012,-7.510561943054199219e-01,-4.596961438655853271e-01,1.193860411643981934e+00
1762889806.086910725,-7.441464662551879883e-01,-4.621974825859069824e-01,1.190166473388671875e+00
1762889806.106986523,-7.370826005935668945e-01,-4.644161760807037354e-01,1.186445593833923340e+00
1762889806.126962185,-7.299050092697143555e-01,-4.663227498531341553e-01,1.182729482650756836e+00
1762889806.146912336,-7.226188778877258301e-01,-4.679099917411804199e-01,1.179017543792724609e+00
1762889806.167965174,-7.152251601219177246e-01,-4.691736400127410889e-01,1.175310373306274414e+00
1762889806.187872887,-7.077083587646484375e-01,-4.701104760169982910e-01,1.171605229377746582e+00
1762889806.207935333,-7.001236081123352051e-01,-4.707086980342864990e-01,1.167930006980895996e+00
1762889806.227915764,-6.924229264259338379e-01,-4.709734618663787842e-01,1.164261341094970703e+00
1762889806.247920752,-6.846264004707336426e-01,-4.708970189094543457e-01,1.160610437393188477e+00
1762889806.267887115,-6.767395138740539551e-01,-4.704760909080505371e-01,1.156978964805603027e+00
1762889806.289904833,-6.653914451599121094e-01,-4.694239199161529541e-01,1.151771187782287598e+00
1762889806.308068275,-6.607094407081604004e-01,-4.685951173305511475e-01,1.149787902832031250e+00
1762889806.327929020,-6.525712609291076660e-01,-4.671347439289093018e-01,1.146237850189208984e+00
1762889806.347849846,-6.443525552749633789e-01,-4.653283357620239258e-01,1.142726778984069824e+00
1762889806.367947817,-6.360536217689514160e-01,-4.631796479225158691e-01,1.139267206192016602e+00
1762889806.388110399,-6.276769042015075684e-01,-4.607010185718536377e-01,1.135869979858398438e+00
1762889806.407918692,-6.192207336425781250e-01,-4.578958749771118164e-01,1.132534623146057129e+00
1762889806.427853107,-6.106802225112915039e-01,-4.547671377658843994e-01,1.129257559776306152e+00
1762889806.447965384,-6.020496487617492676e-01,-4.513216316699981689e-01,1.126036643981933594e+00
1762889806.467871189,-5.933235287666320801e-01,-4.475657343864440918e-01,1.122867584228515625e+00
1762889806.487874985,-5.844956040382385254e-01,-4.435055255889892578e-01,1.119743824005126953e+00
1762889806.508084536,-5.755593180656433105e-01,-4.391472935676574707e-01,1.116659283638000488e+00
1762889806.527955532,-5.665079951286315918e-01,-4.344972074031829834e-01,1.113609313964843750e+00
1762889806.547988892,-5.573354363441467285e-01,-4.295611679553985596e-01,1.110590696334838867e+00
1762889806.568109989,-5.480357408523559570e-01,-4.243449568748474121e-01,1.107601523399353027e+00
1762889806.586944580,-5.396211743354797363e-01,-4.194467365741729736e-01,1.104950785636901855e+00
1762889806.606963158,-5.300199985504150391e-01,-4.136821627616882324e-01,1.102009296417236328e+00
1762889806.626940966,-5.203711390495300293e-01,-4.077098965644836426e-01,1.099132180213928223e+00
1762889806.646924973,-5.105352997779846191e-01,-4.014499187469482422e-01,1.096283078193664551e+00
1762889806.667899609,-5.005543828010559082e-01,-3.949317932128906250e-01,1.093479990959167480e+00
1762889806.687958479,-4.903820157051086426e-01,-3.881256282329559326e-01,1.090712547302246094e+00
1762889806.707966566,-4.801627099514007568e-01,-3.811358213424682617e-01,1.088020205497741699e+00
1762889806.726845503,-4.697017371654510498e-01,-3.738276660442352295e-01,1.085357427597045898e+00
1762889806.746976614,-4.591971039772033691e-01,-3.663439154624938965e-01,1.082773804664611816e+00
1762889806.766925812,-4.485052227973937988e-01,-3.585810065269470215e-01,1.080235481262207031e+00
1762889806.786849260,-4.376794099807739258e-01,-3.505761027336120605e-01,1.077752590179443359e+00
1762889806.806909800,-4.267286956310272217e-01,-3.423342406749725342e-01,1.075320720672607422e+00
1762889806.826874971,-4.156589508056640625e-01,-3.338583409786224365e-01,1.072938203811645508e+00
1762889806.846815109,-4.044769704341888428e-01,-3.251522481441497803e-01,1.070606231689453125e+00
1762889806.866921902,-3.931902945041656494e-01,-3.162208497524261475e-01,1.068326592445373535e+00
1762889806.887941599,-3.817539811134338379e-01,-3.070243000984191895e-01,1.066093683242797852e+00
1762889806.908019543,-3.703406453132629395e-01,-2.977056801319122314e-01,1.063941001892089844e+00
1762889806.927870512,-3.587912023067474365e-01,-2.881345748901367188e-01,1.061842083930969238e+00
1762889806.947913170,-3.471646010875701904e-01,-2.783601284027099609e-01,1.059812784194946289e+00
1762889806.967925310,-3.354706466197967529e-01,-2.683929800987243652e-01,1.057856917381286621e+00
1762889806.987941265,-3.234108984470367432e-01,-2.579709887504577637e-01,1.055931687355041504e+00
1762889807.007862568,-3.118999898433685303e-01,-2.479070127010345459e-01,1.054174065589904785e+00
1762889807.027947426,-3.000480234622955322e-01,-2.374234050512313843e-01,1.052447557449340820e+00
1762889807.048093557,-2.881254255771636963e-01,-2.267634123563766479e-01,1.050790667533874512e+00
1762889807.068045378,-2.761504352092742920e-01,-2.159501612186431885e-01,1.049196481704711914e+00
1762889807.087834835,-2.641229033470153809e-01,-2.049910128116607666e-01,1.047654986381530762e+00
1762889807.107928753,-2.520401477813720703e-01,-1.938915252685546875e-01,1.046158790588378906e+00
1762889807.127914429,-2.398995608091354370e-01,-1.826581954956054688e-01,1.044700860977172852e+00
1762889807.148076773,-2.271654009819030762e-01,-1.707408577203750610e-01,1.043239831924438477e+00
1762889807.168201447,-2.154362946748733521e-01,-1.598177701234817505e-01,1.041878342628479004e+00
1762889807.188010931,-2.031102478504180908e-01,-1.482248604297637939e-01,1.040507197380065918e+00
1762889807.208949566,-1.896257251501083374e-01,-1.354261934757232666e-01,1.039071440696716309e+00
1762889807.227082253,-1.776989549398422241e-01,-1.241376698017120361e-01,1.037812948226928711e+00
1762889807.246948719,-1.652059853076934814e-01,-1.122791245579719543e-01,1.036540508270263672e+00
1762889807.266872883,-1.526180207729339600e-01,-1.003096699714660645e-01,1.035309672355651855e+00
1762889807.286893129,-1.399655938148498535e-01,-8.826493471860885620e-02,1.034129381179809570e+00
1762889807.306945801,-1.327179819345474243e-01,-8.143194764852523804e-02,1.033463239669799805e+00
1762889807.326764584,-1.200813800096511841e-01,-6.938965618610382080e-02,1.032394886016845703e+00
1762889807.346789837,-1.073312386870384216e-01,-5.723785981535911560e-02,1.031391620635986328e+00
1762889807.366834879,-9.449602663516998291e-02,-4.500797390937805176e-02,1.030462980270385742e+00
1762889807.387051582,-8.161700516939163208e-02,-3.274315968155860901e-02,1.029621958732604980e+00
1762889807.406955242,-6.869482249021530151e-02,-2.044441364705562592e-02,1.028867840766906738e+00
1762889807.426906586,-5.572559311985969543e-02,-8.108573965728282928e-03,1.028194546699523926e+00
1762889807.446855545,-4.270830005407333374e-02,4.264148883521556854e-03,1.027591586112976074e+00
1762889807.467957735,-2.964429184794425964e-02,1.667207293212413788e-02,1.027044534683227539e+00
1762889807.487040281,-1.784191653132438660e-02,2.788380160927772522e-02,1.026599884033203125e+00
1762889807.506828070,-4.702413920313119888e-03,4.034391790628433228e-02,1.026107430458068848e+00
1762889807.526917219,9.791135787963867188e-03,5.406907573342323303e-02,1.025552630424499512e+00
1762889807.546965837,2.162204496562480927e-02,6.527382880449295044e-02,1.025122761726379395e+00
1762889807.566875219,3.486302867531776428e-02,7.779256999492645264e-02,1.024614095687866211e+00
1762889807.586902142,4.812472686171531677e-02,9.031345695257186890e-02,1.024097681045532227e+00
1762889807.606950521,6.140381842851638794e-02,1.028295531868934631e-01,1.023591041564941406e+00
1762889807.627021551,7.469380646944046021e-02,1.153289079666137695e-01,1.023116827011108398e+00
1762889807.647022247,8.798886090517044067e-02,1.278004050254821777e-01,1.022695302963256836e+00
1762889807.666954279,1.012854352593421936e-01,1.402343958616256714e-01,1.022355318069458008e+00
1762889807.687936544,1.145769357681274414e-01,1.526161283254623413e-01,1.022118806838989258e+00
1762889807.707969427,1.279181092977523804e-01,1.649876981973648071e-01,1.021997809410095215e+00
1762889807.728076220,1.411148309707641602e-01,1.771618723869323730e-01,1.022002458572387695e+00
1762889807.747890472,1.543533802032470703e-01,1.893005818128585815e-01,1.022133588790893555e+00
1762889807.767990112,1.675647050142288208e-01,2.013303041458129883e-01,1.022377848625183105e+00
1762889807.787995100,1.807384788990020752e-01,2.132334709167480469e-01,1.022709012031555176e+00
1762889807.806846380,1.941483765840530396e-01,2.252453118562698364e-01,1.023117661476135254e+00
1762889807.827019930,2.069651037454605103e-01,2.366235405206680298e-01,1.023545503616333008e+00
1762889807.847069740,2.199873775243759155e-01,2.480706423521041870e-01,1.023992776870727539e+00
1762889807.866861820,2.329725027084350586e-01,2.593664228916168213e-01,1.024422526359558105e+00
1762889807.886938334,2.459032088518142700e-01,2.704928815364837646e-01,1.024811267852783203e+00
1762889807.908858061,2.587759196758270264e-01,2.814452052116394043e-01,1.025144457817077637e+00
1762889807.926898718,2.715879380702972412e-01,2.922198474407196045e-01,1.025420308113098145e+00
1762889807.947048426,2.843360602855682373e-01,3.028132319450378418e-01,1.025645136833190918e+00
1762889807.966912746,2.970159947872161865e-01,3.132216632366180420e-01,1.025833845138549805e+00
1762889807.986997366,3.096230626106262207e-01,3.234418332576751709e-01,1.026007413864135742e+00
1762889808.008895159,3.224145770072937012e-01,3.336727619171142578e-01,1.026191592216491699e+00
1762889808.027231693,3.352285623550415039e-01,3.436969220638275146e-01,1.026400923728942871e+00
1762889808.046929836,3.469410240650177002e-01,3.529241979122161865e-01,1.026637196540832520e+00
1762889808.067018986,3.596783280372619629e-01,3.626114130020141602e-01,1.026932597160339355e+00
1762889808.086912155,3.713897764682769775e-01,3.716004788875579834e-01,1.027252078056335449e+00
1762889808.107009888,3.834780156612396240e-01,3.806392848491668701e-01,1.027603507041931152e+00
1762889808.126916885,3.959268927574157715e-01,3.896833360195159912e-01,1.027980923652648926e+00
1762889808.146955013,4.078292846679687500e-01,3.983066976070404053e-01,1.028337001800537109e+00
1762889808.166949034,4.196441471576690674e-01,4.067284464836120605e-01,1.028665781021118164e+00
1762889808.186949015,4.313716888427734375e-01,4.149457812309265137e-01,1.028950572013854980e+00
1762889808.206965685,4.430117905139923096e-01,4.229548871517181396e-01,1.029184699058532715e+00
1762889808.226858854,4.545612335205078125e-01,4.307500422000885010e-01,1.029360890388488770e+00
1762889808.246931314,4.653429388999938965e-01,4.379080235958099365e-01,1.029476284980773926e+00
1762889808.266846895,4.766373932361602783e-01,4.452262818813323975e-01,1.029558539390563965e+00
1762889808.286938906,4.878692030906677246e-01,4.523339271545410156e-01,1.029615759849548340e+00
1762889808.306987524,4.996335506439208984e-01,4.595591723918914795e-01,1.029664516448974609e+00
1762889808.326874495,5.083447098731994629e-01,4.649272263050079346e-01,1.029728055000305176e+00
1762889808.346974134,5.185773372650146484e-01,4.709613323211669922e-01,1.029797673225402832e+00
1762889808.366961718,5.293988585472106934e-01,4.771179556846618652e-01,1.029887080192565918e+00
1762889808.387126923,5.401670336723327637e-01,4.830360710620880127e-01,1.030006647109985352e+00
1762889808.406836748,5.508437156677246094e-01,4.886904656887054443e-01,1.030140399932861328e+00
1762889808.427879810,5.616468787193298340e-01,4.941685199737548828e-01,1.030276536941528320e+00
1762889808.447989225,5.719615817070007324e-01,4.992059767246246338e-01,1.030403137207031250e+00
1762889808.468000174,5.824075341224670410e-01,5.040639042854309082e-01,1.030505895614624023e+00
1762889808.487971544,5.928049683570861816e-01,5.086613297462463379e-01,1.030568122863769531e+00
1762889808.507947206,6.031430959701538086e-01,5.129916071891784668e-01,1.030578851699829102e+00
1762889808.528043509,6.134197115898132324e-01,5.170522332191467285e-01,1.030535578727722168e+00
1762889808.548032045,6.236305832862854004e-01,5.208395123481750488e-01,1.030446290969848633e+00
1762889808.568070650,6.337686777114868164e-01,5.243493318557739258e-01,1.030327320098876953e+00
1762889808.587971687,6.438243985176086426e-01,5.275769829750061035e-01,1.030202269554138184e+00
1762889808.608129263,6.537864208221435547e-01,5.305169224739074707e-01,1.030098080635070801e+00
1762889808.628053427,6.636422276496887207e-01,5.331639647483825684e-01,1.030043005943298340e+00
1762889808.646882534,6.734191775321960449e-01,5.355143547058105469e-01,1.030062317848205566e+00
1762889808.667018175,6.832187175750732422e-01,5.372318029403686523e-01,1.030131459236145020e+00
1762889808.687103033,6.926662921905517578e-01,5.389536619186401367e-01,1.030344605445861816e+00
1762889808.707040310,7.017358541488647461e-01,5.407317280769348145e-01,1.030676603317260742e+00
1762889808.726941586,7.110946774482727051e-01,5.414741635322570801e-01,1.031041502952575684e+00
1762889808.746984243,7.200555205345153809e-01,5.422703623771667480e-01,1.031491875648498535e+00
1762889808.766924381,7.252667546272277832e-01,5.432246327400207520e-01,1.031799435615539551e+00
1762889808.786864758,7.374488115310668945e-01,5.429403781890869141e-01,1.032480359077453613e+00
1762889808.807129383,7.458769679069519043e-01,5.428167581558227539e-01,1.032969832420349121e+00
1762889808.826886654,7.541266083717346191e-01,5.423875451087951660e-01,1.033427000045776367e+00
1762889808.847003937,7.622001171112060547e-01,5.416538715362548828e-01,1.033836007118225098e+00
1762889808.866966248,7.701026797294616699e-01,5.406162142753601074e-01,1.034203648567199707e+00
1762889808.887005091,7.778382301330566406e-01,5.392771363258361816e-01,1.034529447555541992e+00
1762889808.907016993,7.854104042053222656e-01,5.376386642456054688e-01,1.034823298454284668e+00
1762889808.927026749,7.928248643875122070e-01,5.357026457786560059e-01,1.035105705261230469e+00
1762889808.946834087,8.000878691673278809e-01,5.334712862968444824e-01,1.035397410392761230e+00
1762889808.966928720,8.072069287300109863e-01,5.309477448463439941e-01,1.035719633102416992e+00
1762889808.986930847,8.141902089118957520e-01,5.281359553337097168e-01,1.036090373992919922e+00
1762889809.006870270,8.210465312004089355e-01,5.250407457351684570e-01,1.036519646644592285e+00
1762889809.027809858,8.251671791076660156e-01,5.239518284797668457e-01,1.036862611770629883e+00
1762889809.048022985,8.344151973724365234e-01,5.180122852325439453e-01,1.037560582160949707e+00
1762889809.067993879,8.409267067909240723e-01,5.141181945800781250e-01,1.038155913352966309e+00
1762889809.087998152,8.448923826217651367e-01,5.126089453697204590e-01,1.038562893867492676e+00
1762889809.107941628,8.512762188911437988e-01,5.083116292953491211e-01,1.039193153381347656e+00
1762889809.127995968,8.584441542625427246e-01,5.027202963829040527e-01,1.039917230606079102e+00
1762889809.148122311,8.657263517379760742e-01,4.965022504329681396e-01,1.040654659271240234e+00
1762889809.167937756,8.707436323165893555e-01,4.928694963455200195e-01,1.041157722473144531e+00
1762889809.187917948,8.770041465759277344e-01,4.872857630252838135e-01,1.041767597198486328e+00
1762889809.207894087,8.838121891021728516e-01,4.804832637310028076e-01,1.042416930198669434e+00
1762889809.228004217,8.886836767196655273e-01,4.754149317741394043e-01,1.042887806892395020e+00
1762889809.248013735,8.943601250648498535e-01,4.696030616760253906e-01,1.043457388877868652e+00
1762889809.267942905,9.000794291496276855e-01,4.633596539497375488e-01,1.044060468673706055e+00
1762889809.287929773,9.057174921035766602e-01,4.568583965301513672e-01,1.044701576232910156e+00
1762889809.307978392,9.113004207611083984e-01,4.509596526622772217e-01,1.045392274856567383e+00
1762889809.327821493,9.166976809501647949e-01,4.431293010711669922e-01,1.046080231666564941e+00
1762889809.348054171,9.220286607742309570e-01,4.358977377414703369e-01,1.046819448471069336e+00
1762889809.368189335,9.272445440292358398e-01,4.284236729145050049e-01,1.047577857971191406e+00
1762889809.387847185,9.323378205299377441e-01,4.207110404968261719e-01,1.048347592353820801e+00
1762889809.408005238,9.373023509979248047e-01,4.127645790576934814e-01,1.049121856689453125e+00
1762889809.427886486,9.421332478523254395e-01,4.045912027359008789e-01,1.049895048141479492e+00
1762889809.446982145,9.451874494552612305e-01,4.007786810398101807e-01,1.050391793251037598e+00
1762889809.466944933,9.498112201690673828e-01,3.922542929649353027e-01,1.051169276237487793e+00
1762889809.487038851,9.542768001556396484e-01,3.835786581039428711e-01,1.051953315734863281e+00
1762889809.506985903,9.586095213890075684e-01,3.746879398822784424e-01,1.052752971649169922e+00
1762889809.526876926,9.628007411956787109e-01,3.656183779239654541e-01,1.053578376770019531e+00
1762889809.546874046,9.668505191802978516e-01,3.563714027404785156e-01,1.054441213607788086e+00
1762889809.567024946,9.707586765289306641e-01,3.469480574131011963e-01,1.055338382720947266e+00
1762889809.586896420,9.745259284973144531e-01,3.373531103134155273e-01,1.056266665458679199e+00
1762889809.607036591,9.781551957130432129e-01,3.275914490222930908e-01,1.057223796844482422e+00
1762889809.627055407,9.816502332687377930e-01,3.176683485507965088e-01,1.058199524879455566e+00
1762889809.646949530,9.850150346755981445e-01,3.075894713401794434e-01,1.059178948402404785e+00
1762889809.666961908,9.882537126541137695e-01,2.973614931106567383e-01,1.060146450996398926e+00
1762889809.686898708,9.909085631370544434e-01,2.877807021141052246e-01,1.060973882675170898e+00
1762889809.707009315,9.939190745353698730e-01,2.772890925407409668e-01,1.061880469322204590e+00
1762889809.727107763,9.972554445266723633e-01,2.658565640449523926e-01,1.062842488288879395e+00
1762889809.746897697,1.000029683113098145e+00,2.551070451736450195e-01,1.063642621040344238e+00
1762889809.766908646,1.002276659011840820e+00,2.450819760560989380e-01,1.064296007156372070e+00
1762889809.786998510,1.004631638526916504e+00,2.359422892332077026e-01,1.064928054809570312e+00
1762889809.806850195,1.007291316986083984e+00,2.232166677713394165e-01,1.065678119659423828e+00
1762889809.826921225,1.009477615356445312e+00,2.137977480888366699e-01,1.066275358200073242e+00
1762889809.847992659,1.011858224868774414e+00,2.012461870908737183e-01,1.066978693008422852e+00
1762889809.867830276,1.013923287391662598e+00,1.909131258726119995e-01,1.067606806755065918e+00
1762889809.887846708,1.016024231910705566e+00,1.785958856344223022e-01,1.068332314491271973e+00
1762889809.907832861,1.017850399017333984e+00,1.685646027326583862e-01,1.068994522094726562e+00
1762889809.927967548,1.019724965095520020e+00,1.556774675846099854e-01,1.069792747497558594e+00
1762889809.947851896,1.021396040916442871e+00,1.440137475728988647e-01,1.070541858673095703e+00
1762889809.967880964,1.022901654243469238e+00,1.334618479013442993e-01,1.071222782135009766e+00
1762889809.987942457,1.024306654930114746e+00,1.221671849489212036e-01,1.071889996528625488e+00
1762889810.008084059,1.025589346885681152e+00,1.103812828660011292e-01,1.072506904602050781e+00
1762889810.027867079,1.026729583740234375e+00,9.849330037832260132e-02,1.073033928871154785e+00
1762889810.047961950,1.027720928192138672e+00,8.653501421213150024e-02,1.073450803756713867e+00
1762889810.067981720,1.028558611869812012e+00,7.450857758522033691e-02,1.073756337165832520e+00
1762889810.087818384,1.029236555099487305e+00,6.241403520107269287e-02,1.073957562446594238e+00
1762889810.107964754,1.029748320579528809e+00,5.025782808661460876e-02,1.074068546295166016e+00
1762889810.127968311,1.030087947845458984e+00,3.804950043559074402e-02,1.074118137359619141e+00
1762889810.147866726,1.030250549316406250e+00,2.580067329108715057e-02,1.074141740798950195e+00
1762889810.167872906,1.030231952667236328e+00,1.352631207555532455e-02,1.074177622795104980e+00
1762889810.187843323,1.030029177665710449e+00,1.244033803232014179e-03,1.074262738227844238e+00
1762889810.207979679,1.029641270637512207e+00,-1.102642342448234558e-02,1.074426770210266113e+00
1762889810.227979422,1.029068470001220703e+00,-2.326425723731517792e-02,1.074688911437988281e+00
1762889810.247919321,1.028311967849731445e+00,-3.544808179140090942e-02,1.075057387351989746e+00
1762889810.268040657,1.027374863624572754e+00,-4.755645990371704102e-02,1.075527548789978027e+00
1762889810.288018703,1.026260972023010254e+00,-5.956889688968658447e-02,1.076084017753601074e+00
1762889810.308037281,1.024974703788757324e+00,-7.146638631820678711e-02,1.076702713966369629e+00
1762889810.327948093,1.023520231246948242e+00,-8.323232084512710571e-02,1.077350616455078125e+00
1762889810.347901106,1.021901845932006836e+00,-9.485273808240890503e-02,1.077992320060729980e+00
1762889810.367934942,1.020120263099670410e+00,-1.053887531161308289e-01,1.078521251678466797e+00
1762889810.387915134,1.018198251724243164e+00,-1.166994944214820862e-01,1.079048037528991699e+00
1762889810.407958269,1.016094923019409180e+00,-1.287322193384170532e-01,1.079504609107971191e+00
1762889810.426906109,1.013811588287353516e+00,-1.390621364116668701e-01,1.079743981361389160e+00
1762889810.446920395,1.011501431465148926e+00,-1.495784074068069458e-01,1.079867839813232422e+00
1762889810.466853857,1.008966326713562012e+00,-1.601644158363342285e-01,1.079844832420349121e+00
1762889810.486918449,1.006270170211791992e+00,-1.705909222364425659e-01,1.079681754112243652e+00
1762889810.507886648,1.003322124481201172e+00,-1.810958087444305420e-01,1.079383730888366699e+00
1762889810.527922630,1.000393390655517578e+00,-1.909453272819519043e-01,1.079006075859069824e+00
1762889810.547930002,9.972155690193176270e-01,-2.008775174617767334e-01,1.078543901443481445e+00
1762889810.567778111,9.938637018203735352e-01,-2.106860429048538208e-01,1.078025698661804199e+00
1762889810.587883472,9.903402328491210938e-01,-2.203681766986846924e-01,1.077469110488891602e+00
1762889810.607866049,9.866441488265991211e-01,-2.299350351095199585e-01,1.076885581016540527e+00
1762889810.628151178,9.833760857582092285e-01,-2.381874173879623413e-01,1.076372981071472168e+00
1762889810.647844553,9.787778854370117188e-01,-2.486708760261535645e-01,1.075655341148376465e+00
1762889810.667901516,9.751673340797424316e-01,-2.568383812904357910e-01,1.075086832046508789e+00
1762889810.688124418,9.708457589149475098e-01,-2.659622430801391602e-01,1.074399352073669434e+00
1762889810.707996130,9.664856195449829102e-01,-2.747853398323059082e-01,1.073687791824340820e+00
1762889810.727995634,9.618089199066162109e-01,-2.838038504123687744e-01,1.072909951210021973e+00
1762889810.747074842,9.561180472373962402e-01,-2.940923273563385010e-01,1.071943044662475586e+00
1762889810.766926765,9.511920213699340820e-01,-3.027917146682739258e-01,1.071070075035095215e+00
1762889810.787095070,9.470538496971130371e-01,-3.097577989101409912e-01,1.070330739021301270e+00
1762889810.807008982,9.414994716644287109e-01,-3.190480768680572510e-01,1.069318532943725586e+00
1762889810.826953411,9.360417723655700684e-01,-3.276081383228302002e-01,1.068353056907653809e+00
1762889810.847071171,9.304404854774475098e-01,-3.360435664653778076e-01,1.067394971847534180e+00
1762889810.866925716,9.250888824462890625e-01,-3.436388671398162842e-01,1.066530108451843262e+00
1762889810.888026476,9.187613129615783691e-01,-3.523846864700317383e-01,1.065576434135437012e+00
1762889810.908041954,9.126367568969726562e-01,-3.606845736503601074e-01,1.064740538597106934e+00
1762889810.928023100,9.067302942276000977e-01,-3.681983649730682373e-01,1.064023137092590332e+00
1762889810.947993517,9.009488821029663086e-01,-3.751069009304046631e-01,1.063396811485290527e+00
1762889810.968101025,8.946165442466735840e-01,-3.824545741081237793e-01,1.062781333923339844e+00
1762889810.988029480,8.881756663322448730e-01,-3.895582556724548340e-01,1.062213301658630371e+00
1762889811.007871628,8.816286921501159668e-01,-3.964031636714935303e-01,1.061674356460571289e+00
1762889811.028024673,8.749751448631286621e-01,-4.029769003391265869e-01,1.061141252517700195e+00
1762889811.048086882,8.682140111923217773e-01,-4.092684388160705566e-01,1.060592055320739746e+00
1762889811.067995310,8.613438606262207031e-01,-4.152683317661285400e-01,1.060004949569702148e+00
1762889811.088080406,8.543632030487060547e-01,-4.209686219692230225e-01,1.059359073638916016e+00
1762889811.107941151,8.472692370414733887e-01,-4.263643026351928711e-01,1.058640956878662109e+00
1762889811.127928019,8.400586247444152832e-01,-4.314516782760620117e-01,1.057842016220092773e+00
1762889811.147839069,8.327279090881347656e-01,-4.362288415431976318e-01,1.056960105895996094e+00
1762889811.167997837,8.252745866775512695e-01,-4.406963884830474854e-01,1.055998444557189941e+00
1762889811.187823296,8.176959753036499023e-01,-4.448576867580413818e-01,1.054959177970886230e+00
1762889811.207869291,8.099887371063232422e-01,-4.487179815769195557e-01,1.053852438926696777e+00
1762889811.227937698,8.021500706672668457e-01,-4.522836506366729736e-01,1.052693009376525879e+00
1762889811.246915340,7.939724326133728027e-01,-4.556448757648468018e-01,1.051469922065734863e+00
1762889811.266922235,7.860691547393798828e-01,-4.585623145103454590e-01,1.050285100936889648e+00
1762889811.287001371,7.769590020179748535e-01,-4.616211354732513428e-01,1.048967361450195312e+00
1762889811.306958675,7.694799304008483887e-01,-4.637731313705444336e-01,1.047863960266113281e+00
1762889811.326992035,7.600798606872558594e-01,-4.663035869598388672e-01,1.046570181846618652e+00
1762889811.347895861,7.521496415138244629e-01,-4.680632948875427246e-01,1.045472621917724609e+00
1762889811.366926193,7.425960302352905273e-01,-4.700661897659301758e-01,1.044242978096008301e+00
1762889811.386967659,7.338796854019165039e-01,-4.715820252895355225e-01,1.043132662773132324e+00
1762889811.406968832,7.249268889427185059e-01,-4.729217588901519775e-01,1.042023062705993652e+00
1762889811.427053928,7.158688902854919434e-01,-4.740581512451171875e-01,1.040924549102783203e+00
1762889811.446927786,7.067208290100097656e-01,-4.749907255172729492e-01,1.039837718009948730e+00
1762889811.466969967,6.974939107894897461e-01,-4.757178723812103271e-01,1.038761734962463379e+00
1762889811.486924410,6.881989240646362305e-01,-4.762359857559204102e-01,1.037698388099670410e+00
1762889811.507004499,6.788443922996520996e-01,-4.765393435955047607e-01,1.036650061607360840e+00
1762889811.526901245,6.694353222846984863e-01,-4.766206443309783936e-01,1.035628080368041992e+00
1762889811.547864914,6.594795584678649902e-01,-4.764812588691711426e-01,1.034588932991027832e+00
1762889811.567867279,6.504749655723571777e-01,-4.760673940181732178e-01,1.033685088157653809e+00
1762889811.587954044,6.409776806831359863e-01,-4.754169285297393799e-01,1.032778024673461914e+00
1762889811.608110189,6.314226388931274414e-01,-4.745013117790222168e-01,1.031908035278320312e+00
1762889811.628021479,6.218392848968505859e-01,-4.733084142208099365e-01,1.031074285507202148e+00
1762889811.647861242,6.122312545776367188e-01,-4.718286395072937012e-01,1.030268430709838867e+00
1762889811.667902708,6.025961041450500488e-01,-4.700541496276855469e-01,1.029479980468750000e+00
1762889811.687907934,5.929295420646667480e-01,-4.679781794548034668e-01,1.028694987297058105e+00
1762889811.707948446,5.832269191741943359e-01,-4.655954837799072266e-01,1.027898669242858887e+00
1762889811.727958918,5.734832882881164551e-01,-4.629026055335998535e-01,1.027078151702880859e+00
1762889811.747828960,5.636931061744689941e-01,-4.598981738090515137e-01,1.026223540306091309e+00
1762889811.767830133,5.538511276245117188e-01,-4.565826952457427979e-01,1.025328874588012695e+00
1762889811.787842989,5.439524650573730469e-01,-4.529580771923065186e-01,1.024394154548645020e+00
1762889811.807962894,5.339930653572082520e-01,-4.490282833576202393e-01,1.023426055908203125e+00
1762889811.828049898,5.273110866546630859e-01,-4.459179043769836426e-01,1.022737264633178711e+00
1762889811.847982883,5.141431093215942383e-01,-4.403648078441619873e-01,1.021465897560119629e+00
1762889811.867989063,5.037872791290283203e-01,-4.354918301105499268e-01,1.020468950271606445e+00
1762889811.887974977,4.969313740730285645e-01,-4.317772686481475830e-01,1.019824981689453125e+00
1762889811.908034325,4.859197735786437988e-01,-4.264134466648101807e-01,1.018898248672485352e+00
1762889811.927998781,4.755918979644775391e-01,-4.208884537220001221e-01,1.018096804618835449e+00
1762889811.947850466,4.651620984077453613e-01,-4.151068627834320068e-01,1.017368555068969727e+00
1762889811.967994452,4.546626508235931396e-01,-4.090890884399414062e-01,1.016731619834899902e+00
1762889811.987908840,4.440853595733642578e-01,-4.028472304344177246e-01,1.016153573989868164e+00
1762889812.008157015,4.334219396114349365e-01,-3.963880240917205811e-01,1.015600800514221191e+00
1762889812.027841091,4.226745367050170898e-01,-3.897179663181304932e-01,1.015056490898132324e+00
1762889812.048028946,4.118487536907196045e-01,-3.828448355197906494e-01,1.014504909515380859e+00
1762889812.067918301,4.009508192539215088e-01,-3.757746815681457520e-01,1.013929486274719238e+00
1762889812.088960409,3.894257545471191406e-01,-3.681895136833190918e-01,1.013301610946655273e+00
1762889812.107874393,3.844560980796813965e-01,-3.642428517341613770e-01,1.012996912002563477e+00
1762889812.127791643,3.735936284065246582e-01,-3.567817807197570801e-01,1.012406587600708008e+00
1762889812.147941351,3.625504672527313232e-01,-3.490462005138397217e-01,1.011833786964416504e+00
1762889812.167830944,3.514885306358337402e-01,-3.411211371421813965e-01,1.011310458183288574e+00
1762889812.188057899,3.404298424720764160e-01,-3.330127298831939697e-01,1.010868787765502930e+00
1762889812.207881451,3.293786346912384033e-01,-3.247159719467163086e-01,1.010524749755859375e+00
1762889812.227986336,3.183384835720062256e-01,-3.162255585193634033e-01,1.010282158851623535e+00
1762889812.246852398,3.071795403957366943e-01,-3.074459731578826904e-01,1.010138511657714844e+00
1762889812.266910553,2.963104248046875000e-01,-2.986514568328857422e-01,1.010085105895996094e+00
1762889812.287218809,2.853416204452514648e-01,-2.895745635032653809e-01,1.010089635848999023e+00
1762889812.306877375,2.743929028511047363e-01,-2.802951037883758545e-01,1.010119676589965820e+00
1762889812.327918530,2.620409131050109863e-01,-2.697373628616333008e-01,1.010141730308532715e+00
1762889812.347932816,2.525102794170379639e-01,-2.610965073108673096e-01,1.010102272033691406e+00
1762889812.367921352,2.417315095663070679e-01,-2.513057887554168701e-01,1.009985804557800293e+00
1762889812.387932777,2.308969348669052124e-01,-2.412728220224380493e-01,1.009765148162841797e+00
1762889812.408088207,2.200795412063598633e-01,-2.310610562562942505e-01,1.009432911872863770e+00
1762889812.428108454,2.092830985784530640e-01,-2.206831127405166626e-01,1.009000301361083984e+00
1762889812.447835207,1.984997540712356567e-01,-2.101458460092544556e-01,1.008481740951538086e+00
1762889812.467998743,1.886033564805984497e-01,-2.005690783262252808e-01,1.007954716682434082e+00
1762889812.488009691,1.769438236951828003e-01,-1.886272281408309937e-01,1.007309317588806152e+00
1762889812.507797003,1.670428663492202759e-01,-1.788033545017242432e-01,1.006775259971618652e+00
1762889812.527902126,1.562544256448745728e-01,-1.677383482456207275e-01,1.006250262260437012e+00
1762889812.548052311,1.454580724239349365e-01,-1.565703451633453369e-01,1.005810141563415527e+00
1762889812.567868233,1.346527487039566040e-01,-1.453133374452590942e-01,1.005470514297485352e+00
1762889812.588001251,1.238401234149932861e-01,-1.339830756187438965e-01,1.005240917205810547e+00
1762889812.607969761,1.130219325423240662e-01,-1.225933060050010681e-01,1.005114674568176270e+00
1762889812.627890348,1.022002026438713074e-01,-1.111564934253692627e-01,1.005074024200439453e+00
1762889812.647922754,9.137826412916183472e-02,-9.968479722738265991e-02,1.005097031593322754e+00
1762889812.667958498,8.056017011404037476e-02,-8.818923681974411011e-02,1.005156636238098145e+00
1762889812.687992573,6.974961608648300171e-02,-7.667908817529678345e-02,1.005221009254455566e+00
1762889812.707829714,5.894858762621879578e-02,-6.516025960445404053e-02,1.005256652832031250e+00
1762889812.727831602,4.816005006432533264e-02,-5.363804101943969727e-02,1.005236506462097168e+00
1762889812.750982285,3.738632798194885254e-02,-4.211590066552162170e-02,1.005139589309692383e+00
1762889812.766990423,2.657152898609638214e-02,-3.054239787161350250e-02,1.004949808120727539e+00
1762889812.786872864,1.589419133961200714e-02,-1.908381097018718719e-02,1.004667997360229492e+00
1762889812.806920528,5.172686651349067688e-03,-7.570965215563774109e-03,1.004300117492675781e+00
1762889812.827017069,-5.534857511520385742e-03,3.942932002246379852e-03,1.003867506980895996e+00
1762889812.846805096,-1.622236706316471100e-02,1.545293722301721573e-02,1.003396868705749512e+00
1762889812.867974997,-2.694766223430633545e-02,2.701359428465366364e-02,1.002902388572692871e+00
1762889812.888174295,-3.753691166639328003e-02,3.846324607729911804e-02,1.002411127090454102e+00
1762889812.907938004,-4.817223921418190002e-02,4.997091367840766907e-02,1.001933813095092773e+00
1762889812.927983284,-5.879802256822586060e-02,6.148415431380271912e-02,1.001481294631958008e+00
1762889812.947907448,-6.941212713718414307e-02,7.299956679344177246e-02,1.001052737236022949e+00
1762889812.967939854,-8.001723885536193848e-02,8.451688289642333984e-02,1.000640749931335449e+00
1762889812.987131357,-9.171384572982788086e-02,9.662432968616485596e-02,1.000186324119567871e+00
1762889813.007108688,-1.021771579980850220e-01,1.080161258578300476e-01,9.997858405113220215e-01
1762889813.026903629,-1.127614006400108337e-01,1.195151731371879578e-01,9.993642568588256836e-01
1762889813.046920300,-1.233503967523574829e-01,1.310071647167205811e-01,9.989161491394042969e-01
1762889813.066982985,-1.311614364385604858e-01,1.399291455745697021e-01,9.985629320144653320e-01
1762889813.086833000,-1.408949941396713257e-01,1.505926102399826050e-01,9.980967640876770020e-01
1762889813.106871843,-1.541254967451095581e-01,1.644250005483627319e-01,9.974386692047119141e-01
1762889813.126797676,-1.648387312889099121e-01,1.759063899517059326e-01,9.969124197959899902e-01
1762889813.146898270,-1.726908385753631592e-01,1.847510486841201782e-01,9.965623617172241211e-01
1762889813.166805029,-1.830806881189346313e-01,1.958371996879577637e-01,9.961149096488952637e-01
1762889813.187892199,-1.936936527490615845e-01,2.070503681898117065e-01,9.957029819488525391e-01
1762889813.208006620,-2.042071521282196045e-01,2.180913388729095459e-01,9.953631758689880371e-01
1762889813.227995634,-2.154320925474166870e-01,2.296686917543411255e-01,9.950697422027587891e-01
1762889813.247847319,-2.253942489624023438e-01,2.400335967540740967e-01,9.948515295982360840e-01
1762889813.267938375,-2.359705120325088501e-01,2.508299648761749268e-01,9.946285486221313477e-01
1762889813.288057089,-2.466095536947250366e-01,2.615651786327362061e-01,9.944030046463012695e-01
1762889813.307909489,-2.572762668132781982e-01,2.722031474113464355e-01,9.941579103469848633e-01
1762889813.327846766,-2.679669857025146484e-01,2.827365696430206299e-01,9.938778281211853027e-01
1762889813.348051548,-2.786795794963836670e-01,2.931598424911499023e-01,9.935569763183593750e-01
1762889813.368033648,-2.894086837768554688e-01,3.034653663635253906e-01,9.932043552398681641e-01
1762889813.387971163,-3.001461029052734375e-01,3.136438429355621338e-01,9.928403496742248535e-01
1762889813.408077240,-3.108812570571899414e-01,3.236845135688781738e-01,9.924936890602111816e-01
1762889813.427913189,-3.216010630130767822e-01,3.335758149623870850e-01,9.921990036964416504e-01
1762889813.447941542,-3.322908282279968262e-01,3.433056473731994629e-01,9.919923543930053711e-01
1762889813.468235970,-3.429341614246368408e-01,3.528618812561035156e-01,9.919040203094482422e-01
1762889813.487905979,-3.544705510139465332e-01,3.624798655509948730e-01,9.919236898422241211e-01
1762889813.508003950,-3.649712800979614258e-01,3.716431260108947754e-01,9.921376109123229980e-01
1762889813.528125525,-3.744251728057861328e-01,3.803798854351043701e-01,9.925087690353393555e-01
1762889813.548204660,-3.847272694110870361e-01,3.891396224498748779e-01,9.929970502853393555e-01
1762889813.567893744,-3.958531916141510010e-01,3.978743553161621094e-01,9.936220645904541016e-01
1762889813.587884665,-4.059036970138549805e-01,4.061810076236724854e-01,9.943233728408813477e-01
1762889813.607950687,-4.158196449279785156e-01,4.142639040946960449e-01,9.950771927833557129e-01
1762889813.628093481,-4.255996644496917725e-01,4.221221506595611572e-01,9.958485960960388184e-01
1762889813.647822380,-4.352456927299499512e-01,4.297564029693603516e-01,9.966040849685668945e-01
1762889813.667848110,-4.447610378265380859e-01,4.371680319309234619e-01,9.973185062408447266e-01
1762889813.687942982,-4.541502892971038818e-01,4.443583786487579346e-01,9.979751706123352051e-01
1762889813.706879616,-4.635165333747863770e-01,4.513823091983795166e-01,9.985744953155517578e-01
1762889813.726997375,-4.725512266159057617e-01,4.580669999122619629e-01,9.991038441658020020e-01
1762889813.747019291,-4.815897643566131592e-01,4.645996689796447754e-01,9.995942711830139160e-01
1762889813.766847134,-4.905389249324798584e-01,4.709223806858062744e-01,1.000061631202697754e+00
1762889813.787054777,-4.994035065174102783e-01,4.770336747169494629e-01,1.000534296035766602e+00
1762889813.806940079,-5.081968307495117188e-01,4.829374253749847412e-01,1.001032829284667969e+00
1762889813.826931477,-5.169327259063720703e-01,4.886375367641448975e-01,1.001575350761413574e+00
1762889813.846892834,-5.250097513198852539e-01,4.938582181930541992e-01,1.002143263816833496e+00
1762889813.866929531,-5.319371223449707031e-01,4.984470009803771973e-01,1.002693414688110352e+00
1762889813.887025118,-5.426970124244689941e-01,5.044572949409484863e-01,1.003526806831359863e+00
1762889813.906966448,-5.514488220214843750e-01,5.094330310821533203e-01,1.004295229911804199e+00
1762889813.927850962,-5.598929524421691895e-01,5.140919685363769531e-01,1.005096077919006348e+00
1762889813.946992636,-5.637349486351013184e-01,5.166138410568237305e-01,1.005523204803466797e+00
1762889813.967029095,-5.721434950828552246e-01,5.209925770759582520e-01,1.006370425224304199e+00
1762889813.986881971,-5.807422399520874023e-01,5.252457261085510254e-01,1.007254242897033691e+00
1762889814.007956743,-5.901682376861572266e-01,5.299068093299865723e-01,1.008282184600830078e+00
1762889814.026986599,-5.979730486869812012e-01,5.331667661666870117e-01,1.009107351303100586e+00
1762889814.046951056,-6.066223382949829102e-01,5.368250012397766113e-01,1.010066866874694824e+00
1762889814.066869736,-6.151912212371826172e-01,5.402461290359497070e-01,1.011038541793823242e+00
1762889814.087017775,-6.238072514533996582e-01,5.434539318084716797e-01,1.012047648429870605e+00
1762889814.106994152,-6.324135661125183105e-01,5.464247465133666992e-01,1.013111114501953125e+00
1762889814.126950741,-6.409975886344909668e-01,5.491482019424438477e-01,1.014243602752685547e+00
1762889814.146921635,-6.495506763458251953e-01,5.516145825386047363e-01,1.015460133552551270e+00
1762889814.166978359,-6.580607295036315918e-01,5.538150668144226074e-01,1.016774654388427734e+00
1762889814.187005997,-6.665110588073730469e-01,5.557407736778259277e-01,1.018201112747192383e+00
1762889814.206781626,-6.748828887939453125e-01,5.573834776878356934e-01,1.019747257232666016e+00
1762889814.226956844,-6.831575632095336914e-01,5.587370395660400391e-01,1.021414875984191895e+00
1762889814.247821569,-6.915180683135986328e-01,5.597897768020629883e-01,1.023237586021423340e+00
1762889814.267930746,-6.993453502655029297e-01,5.605601072311401367e-01,1.025095343589782715e+00
1762889814.287879467,-7.072099447250366211e-01,5.610322356224060059e-01,1.027084946632385254e+00
1762889814.307913065,-7.149216532707214355e-01,5.612108111381530762e-01,1.029157996177673340e+00
1762889814.326885939,-7.226428985595703125e-01,5.610643029212951660e-01,1.031341075897216797e+00
1762889814.347053766,-7.298057675361633301e-01,5.606988072395324707e-01,1.033479928970336914e+00
1762889814.366979122,-7.369503378868103027e-01,5.600270628929138184e-01,1.035689592361450195e+00
1762889814.386911869,-7.439099550247192383e-01,5.590826272964477539e-01,1.037916421890258789e+00
1762889814.406971693,-7.506734728813171387e-01,5.578748583793640137e-01,1.040148019790649414e+00
1762889814.426964045,-7.572438716888427734e-01,5.564125776290893555e-01,1.042375206947326660e+00
1762889814.446859837,-7.642828226089477539e-01,5.541597604751586914e-01,1.044698119163513184e+00
1762889814.467285156,-7.696158885955810547e-01,5.528609156608581543e-01,1.046727657318115234e+00
1762889814.487042904,-7.764502763748168945e-01,5.500364303588867188e-01,1.049068927764892578e+00
1762889814.506993532,-7.817473411560058594e-01,5.482019782066345215e-01,1.051164150238037109e+00
1762889814.527051449,-7.880868911743164062e-01,5.449992418289184570e-01,1.053432106971740723e+00
1762889814.547024488,-7.942861914634704590e-01,5.417754650115966797e-01,1.055802702903747559e+00
1762889814.567049503,-7.992004156112670898e-01,5.391433835029602051e-01,1.057802081108093262e+00
1762889814.587018490,-8.045759797096252441e-01,5.359570384025573730e-01,1.059985995292663574e+00
1762889814.606950998,-8.099096417427062988e-01,5.325604081153869629e-01,1.062186837196350098e+00
1762889814.626982927,-8.151826262474060059e-01,5.289774537086486816e-01,1.064393997192382812e+00
1762889814.647921801,-8.204056024551391602e-01,5.252125263214111328e-01,1.066599249839782715e+00
1762889814.668113947,-8.256469368934631348e-01,5.212115049362182617e-01,1.068814873695373535e+00
1762889814.687858105,-8.307325243949890137e-01,5.171476006507873535e-01,1.070978403091430664e+00
1762889814.707932711,-8.358556628227233887e-01,5.128476619720458984e-01,1.073152661323547363e+00
1762889814.727898359,-8.409613370895385742e-01,5.083582997322082520e-01,1.075315594673156738e+00
1762889814.747992516,-8.460485935211181641e-01,5.036778450012207031e-01,1.077463507652282715e+00
1762889814.767868280,-8.493863940238952637e-01,5.006648302078247070e-01,1.079015970230102539e+00
1762889814.788003683,-8.546526432037353516e-01,4.954056441783905029e-01,1.081218957901000977e+00
1762889814.808080196,-8.606836199760437012e-01,4.889973998069763184e-01,1.083679914474487305e+00
1762889814.827800274,-8.660635352134704590e-01,4.830442667007446289e-01,1.085952758789062500e+00
1762889814.847965717,-8.693274855613708496e-01,4.793899357318878174e-01,1.087558984756469727e+00
1762889814.868006468,-8.741024732589721680e-01,4.736381173133850098e-01,1.089733481407165527e+00
1762889814.887938499,-8.789144754409790039e-01,4.675300419330596924e-01,1.091976284980773926e+00
1762889814.907934666,-8.836617469787597656e-01,4.611721038818359375e-01,1.094254493713378906e+00
1762889814.927829742,-8.883222341537475586e-01,4.545684456825256348e-01,1.096581339836120605e+00
1762889814.948076487,-8.928847908973693848e-01,4.477091431617736816e-01,1.098947763442993164e+00
1762889814.967925549,-8.973426818847656250e-01,4.405911564826965332e-01,1.101328849792480469e+00
1762889814.987909317,-9.016863107681274414e-01,4.332166314125061035e-01,1.103708148002624512e+00
1762889815.007880926,-9.059038162231445312e-01,4.255890250205993652e-01,1.106070399284362793e+00
1762889815.028071404,-9.099827408790588379e-01,4.177143275737762451e-01,1.108399391174316406e+00
1762889815.048010349,-9.140335321426391602e-01,4.093410372734069824e-01,1.110738158226013184e+00
1762889815.068075657,-9.176694750785827637e-01,4.012559354305267334e-01,1.112920284271240234e+00
1762889815.088020325,-9.212511181831359863e-01,3.927149772644042969e-01,1.115115880966186523e+00
1762889815.108134031,-9.246531128883361816e-01,3.839572370052337646e-01,1.117288112640380859e+00
1762889815.127964973,-9.278581142425537109e-01,3.750124573707580566e-01,1.119452953338623047e+00
1762889815.147995710,-9.312720298767089844e-01,3.649184107780456543e-01,1.121681332588195801e+00
1762889815.168112040,-9.340499043464660645e-01,3.556389510631561279e-01,1.123878121376037598e+00
1762889815.188137770,-9.362289309501647949e-01,3.472291231155395508e-01,1.126047015190124512e+00
1762889815.207999706,-9.389660358428955078e-01,3.367026746273040771e-01,1.128372073173522949e+00
1762889815.227977037,-9.411048293113708496e-01,3.270841538906097412e-01,1.130662798881530762e+00
1762889815.248010159,-9.426937103271484375e-01,3.184154629707336426e-01,1.132890582084655762e+00
1762889815.270001173,-9.444895386695861816e-01,3.084257841110229492e-01,1.135234951972961426e+00
1762889815.287964582,-9.453046917915344238e-01,3.029024899005889893e-01,1.136604189872741699e+00
1762889815.307856321,-9.467144012451171875e-01,2.932506799697875977e-01,1.138828158378601074e+00
1762889815.327923536,-9.479800462722778320e-01,2.834357321262359619e-01,1.141028046607971191e+00
1762889815.347923517,-9.490857124328613281e-01,2.735989987850189209e-01,1.143161654472351074e+00
1762889815.367872477,-9.500449299812316895e-01,2.637498378753662109e-01,1.145212411880493164e+00
1762889815.387766361,-9.508726000785827637e-01,2.538847327232360840e-01,1.147171020507812500e+00
1762889815.407834053,-9.515832066535949707e-01,2.439968734979629517e-01,1.149032235145568848e+00
1762889815.428039074,-9.521917104721069336e-01,2.340787649154663086e-01,1.150791645050048828e+00
1762889815.447909117,-9.527130126953125000e-01,2.241216897964477539e-01,1.152446866035461426e+00
1762889815.468034029,-9.531616568565368652e-01,2.141151577234268188e-01,1.153998494148254395e+00
1762889815.487900972,-9.535506963729858398e-01,2.040484398603439331e-01,1.155449748039245605e+00
1762889815.507978439,-9.538916945457458496e-01,1.939107775688171387e-01,1.156805992126464844e+00
1762889815.527875900,-9.541941881179809570e-01,1.836917251348495483e-01,1.158073663711547852e+00
1762889815.547929764,-9.544657468795776367e-01,1.733813881874084473e-01,1.159260272979736328e+00
1762889815.567013025,-9.548109173774719238e-01,1.635327041149139404e-01,1.160258889198303223e+00
1762889815.587138653,-9.550173282623291016e-01,1.532798409461975098e-01,1.161293864250183105e+00
1762889815.606988430,-9.552201032638549805e-01,1.426759362220764160e-01,1.162289500236511230e+00
1762889815.626970053,-9.553993940353393555e-01,1.319411844015121460e-01,1.163233399391174316e+00
1762889815.646962166,-9.555491805076599121e-01,1.210883632302284241e-01,1.164132952690124512e+00
1762889815.666938305,-9.556615352630615234e-01,1.101166829466819763e-01,1.164994835853576660e+00
1762889815.686889887,-9.557273387908935547e-01,9.902811795473098755e-02,1.165819168090820312e+00
1762889815.707031250,-9.557352066040039062e-01,8.782647550106048584e-02,1.166607737541198730e+00
1762889815.726938725,-9.556723833084106445e-01,7.651776820421218872e-02,1.167361617088317871e+00
1762889815.746981621,-9.555256962776184082e-01,6.511287391185760498e-02,1.168076276779174805e+00
1762889815.767955542,-9.552807807922363281e-01,5.362588539719581604e-02,1.168751478195190430e+00
1762889815.786979198,-9.549300670623779297e-01,4.172294959425926208e-02,1.169402360916137695e+00
1762889815.806943417,-9.544316530227661133e-01,3.046204149723052979e-02,1.169996619224548340e+00
1762889815.826902390,-9.538033604621887207e-01,1.883748359978199005e-02,1.170572042465209961e+00
1762889815.846971989,-9.530228972434997559e-01,7.174326106905937195e-03,1.171124577522277832e+00
1762889815.866955042,-9.520792961120605469e-01,-4.489085171371698380e-03,1.171660304069519043e+00
1762889815.887102365,-9.509643316268920898e-01,-1.613448560237884521e-02,1.172183156013488770e+00
1762889815.906927586,-9.496729969978332520e-01,-2.774565480649471283e-02,1.172694087028503418e+00
1762889815.926903248,-9.482038617134094238e-01,-3.930585458874702454e-02,1.173191070556640625e+00
1762889815.946980476,-9.465578198432922363e-01,-5.079868063330650330e-02,1.173669219017028809e+00
1762889815.966957569,-9.447379708290100098e-01,-6.220870837569236755e-02,1.174119830131530762e+00
1762889815.986982584,-9.427500367164611816e-01,-7.352188974618911743e-02,1.174530744552612305e+00
1762889816.006859541,-9.407764673233032227e-01,-8.327626436948776245e-02,1.174860477447509766e+00
1762889816.027028561,-9.388827681541442871e-01,-9.303944557905197144e-02,1.175105929374694824e+00
1762889816.047008038,-9.363957047462463379e-01,-1.046587750315666199e-01,1.175337553024291992e+00
1762889816.066874743,-9.335631728172302246e-01,-1.160747334361076355e-01,1.175485610961914062e+00
1762889816.087089777,-9.307418465614318848e-01,-1.277889311313629150e-01,1.175485968589782715e+00
1762889816.107000828,-9.284666180610656738e-01,-1.369319856166839600e-01,1.175389409065246582e+00
1762889816.127106428,-9.257913827896118164e-01,-1.466080546379089355e-01,1.175194263458251953e+00
1762889816.146826506,-9.229165315628051758e-01,-1.569160521030426025e-01,1.174864053726196289e+00
1762889816.166923285,-9.199777245521545410e-01,-1.671663969755172729e-01,1.174407482147216797e+00
1762889816.187050343,-9.169948101043701172e-01,-1.773227155208587646e-01,1.173824071884155273e+00
1762889816.207925081,-9.139772057533264160e-01,-1.873940825462341309e-01,1.173116445541381836e+00
1762889816.227894306,-9.109202027320861816e-01,-1.974450051784515381e-01,1.172286510467529297e+00
1762889816.247999430,-9.078649282455444336e-01,-2.073262929916381836e-01,1.171360373497009277e+00
1762889816.268028021,-9.047777056694030762e-01,-2.172097861766815186e-01,1.170330882072448730e+00
1762889816.288083315,-9.016699790954589844e-01,-2.270486056804656982e-01,1.169214129447937012e+00
1762889816.307953835,-8.985400795936584473e-01,-2.368407696485519409e-01,1.168014407157897949e+00
1762889816.327875137,-8.948036432266235352e-01,-2.491131722927093506e-01,1.166396260261535645e+00
1762889816.346853018,-8.921585679054260254e-01,-2.564138472080230713e-01,1.165384888648986816e+00
1762889816.366841078,-8.889537453651428223e-01,-2.659118771553039551e-01,1.164009213447570801e+00
1762889816.386993170,-8.856613636016845703e-01,-2.754864394664764404e-01,1.162566781044006348e+00
1762889816.406895876,-8.822999000549316406e-01,-2.849914729595184326e-01,1.161091923713684082e+00
1762889816.427882433,-8.787975907325744629e-01,-2.946260273456573486e-01,1.159550070762634277e+00
1762889816.447982311,-8.753186464309692383e-01,-3.037057220935821533e-01,1.158050537109375000e+00
1762889816.467950583,-8.716762661933898926e-01,-3.128783106803894043e-01,1.156485676765441895e+00
1762889816.487916946,-8.679106831550598145e-01,-3.219323158264160156e-01,1.154879212379455566e+00
1762889816.506871223,-8.654833436012268066e-01,-3.271404206752777100e-01,1.153906822204589844e+00
1762889816.527020931,-8.599758148193359375e-01,-3.403660655021667480e-01,1.151387572288513184e+00
1762889816.547092199,-8.558007478713989258e-01,-3.481373786926269531e-01,1.149735689163208008e+00
1762889816.567059994,-8.514525294303894043e-01,-3.572558760643005371e-01,1.147764563560485840e+00
1762889816.586940765,-8.469888567924499512e-01,-3.646674752235412598e-01,1.145970940589904785e+00
1762889816.607990742,-8.422697186470031738e-01,-3.734137415885925293e-01,1.143835306167602539e+00
1762889816.627989292,-8.375158309936523438e-01,-3.810057938098907471e-01,1.141800284385681152e+00
1762889816.647876263,-8.326435685157775879e-01,-3.877590894699096680e-01,1.139806389808654785e+00
1762889816.668011665,-8.275065422058105469e-01,-3.956245779991149902e-01,1.137468934059143066e+00
1762889816.688136101,-8.223087191581726074e-01,-4.025365114212036133e-01,1.135195612907409668e+00
1762889816.707970381,-8.169980645179748535e-01,-4.091718196868896484e-01,1.132852435111999512e+00
1762889816.728029966,-8.115869760513305664e-01,-4.155260920524597168e-01,1.130442380905151367e+00
1762889816.748145342,-8.060886263847351074e-01,-4.215978384017944336e-01,1.127970933914184570e+00
1762889816.767935514,-8.005158901214599609e-01,-4.273853302001953125e-01,1.125447511672973633e+00
1762889816.787944078,-7.948818802833557129e-01,-4.328870177268981934e-01,1.122873544692993164e+00
1762889816.807924509,-7.891982197761535645e-01,-4.381050765514373779e-01,1.120243668556213379e+00
1762889816.827899933,-7.834746837615966797e-01,-4.430463016033172607e-01,1.117559194564819336e+00
1762889816.848020077,-7.777197360992431641e-01,-4.477184414863586426e-01,1.114821314811706543e+00
1762889816.867998123,-7.719392776489257812e-01,-4.521290659904479980e-01,1.112032890319824219e+00
1762889816.887882233,-7.661374211311340332e-01,-4.562853574752807617e-01,1.109191060066223145e+00
1762889816.907950640,-7.603153586387634277e-01,-4.601964950561523438e-01,1.106302499771118164e+00
1762889816.927895546,-7.544714808464050293e-01,-4.638710916042327881e-01,1.103371024131774902e+00
1762889816.948102713,-7.486023902893066406e-01,-4.673169255256652832e-01,1.100398421287536621e+00
1762889816.967930317,-7.427026629447937012e-01,-4.705413579940795898e-01,1.097388386726379395e+00
1762889816.987934589,-7.367648482322692871e-01,-4.735504686832427979e-01,1.094346404075622559e+00
1762889817.008036375,-7.307806611061096191e-01,-4.763489961624145508e-01,1.091276407241821289e+00
1762889817.028125763,-7.247403264045715332e-01,-4.789400994777679443e-01,1.088184833526611328e+00
1762889817.047913551,-7.186346054077148438e-01,-4.813247621059417725e-01,1.085076451301574707e+00
1762889817.067049265,-7.149285078048706055e-01,-4.822469651699066162e-01,1.083359956741333008e+00
1762889817.086953878,-7.094738483428955078e-01,-4.841868579387664795e-01,1.080575466156005859e+00
1762889817.106980562,-7.031748890876770020e-01,-4.860550463199615479e-01,1.077450990676879883e+00
1762889817.126986742,-6.960385441780090332e-01,-4.877606332302093506e-01,1.074013113975524902e+00
1762889817.146965265,-6.895247697830200195e-01,-4.891679883003234863e-01,1.070883512496948242e+00
1762889817.166996956,-6.843495368957519531e-01,-4.901300370693206787e-01,1.068427205085754395e+00
1762889817.187002420,-6.771491765975952148e-01,-4.912237823009490967e-01,1.065060138702392578e+00
1762889817.207112312,-6.700841784477233887e-01,-4.919799268245697021e-01,1.061841011047363281e+00
1762889817.227030277,-6.632703542709350586e-01,-4.923861324787139893e-01,1.058830142021179199e+00
1762889817.246941566,-6.561723947525024414e-01,-4.925549030303955078e-01,1.055754423141479492e+00
1762889817.268026114,-6.479023098945617676e-01,-4.923443794250488281e-01,1.052285671234130859e+00
1762889817.287023783,-6.411634087562561035e-01,-4.920540452003479004e-01,1.049483656883239746e+00
1762889817.306911945,-6.338335871696472168e-01,-4.913479089736938477e-01,1.046553969383239746e+00
1762889817.327030897,-6.262150406837463379e-01,-4.903485178947448730e-01,1.043584346771240234e+00
1762889817.347089291,-6.184699535369873047e-01,-4.890480339527130127e-01,1.040656447410583496e+00
1762889817.366891623,-6.106175780296325684e-01,-4.874462187290191650e-01,1.037779569625854492e+00
1762889817.386964798,-6.026673316955566406e-01,-4.855464100837707520e-01,1.034955024719238281e+00
1762889817.406894207,-5.946260690689086914e-01,-4.833531975746154785e-01,1.032187938690185547e+00
1762889817.427062988,-5.865010619163513184e-01,-4.808727800846099854e-01,1.029484868049621582e+00
1762889817.446851015,-5.782998204231262207e-01,-4.781128168106079102e-01,1.026851177215576172e+00
1762889817.466909170,-5.700296759605407715e-01,-4.750821590423583984e-01,1.024290561676025391e+00
1762889817.486863852,-5.616970062255859375e-01,-4.717900454998016357e-01,1.021805286407470703e+00
1762889817.507858992,-5.533711910247802734e-01,-4.682674109935760498e-01,1.019418716430664062e+00
1762889817.527971268,-5.457879900932312012e-01,-4.648663997650146484e-01,1.017324090003967285e+00
1762889817.547941446,-5.373612046241760254e-01,-4.609040617942810059e-01,1.015070199966430664e+00
1762889817.567976236,-5.288361907005310059e-01,-4.566977620124816895e-01,1.012868404388427734e+00
1762889817.587965250,-5.204793810844421387e-01,-4.523868560791015625e-01,1.010774135589599609e+00
1762889817.607915878,-5.118606090545654297e-01,-4.477654099464416504e-01,1.008661746978759766e+00
1762889817.627944946,-5.031681060791015625e-01,-4.429318010807037354e-01,1.006568431854248047e+00
1762889817.647897243,-4.944038689136505127e-01,-4.378935694694519043e-01,1.004484891891479492e+00
1762889817.667914629,-4.855584502220153809e-01,-4.326509833335876465e-01,1.002403259277343750e+00
1762889817.688023329,-4.766220748424530029e-01,-4.272026717662811279e-01,1.000320434570312500e+00
1762889817.708151340,-4.685959815979003906e-01,-4.221717715263366699e-01,9.984694123268127441e-01
1762889817.727987766,-4.594635665416717529e-01,-4.163267016410827637e-01,9.963916540145874023e-01
1762889817.747977972,-4.502224922180175781e-01,-4.102703928947448730e-01,9.943302869796752930e-01
1762889817.767893314,-4.398363232612609863e-01,-4.033144116401672363e-01,9.920796155929565430e-01
1762889817.787867785,-4.303682446479797363e-01,-3.968089818954467773e-01,9.900952577590942383e-01
1762889817.808069944,-4.218451678752899170e-01,-3.908144235610961914e-01,9.883704185485839844e-01
1762889817.828201056,-4.121769070625305176e-01,-3.838952779769897461e-01,9.865017533302307129e-01
1762889817.847882509,-4.024139344692230225e-01,-3.767587244510650635e-01,9.847074747085571289e-01
1762889817.867955685,-3.925666809082031250e-01,-3.694068789482116699e-01,9.829924106597900391e-01
1762889817.887957811,-3.826465010643005371e-01,-3.618427515029907227e-01,9.813589453697204590e-01
1762889817.908058167,-3.726638555526733398e-01,-3.540697395801544189e-01,9.798061251640319824e-01
1762889817.927910805,-3.626295626163482666e-01,-3.460924029350280762e-01,9.783307909965515137e-01
1762889817.947869062,-3.525544703006744385e-01,-3.379160761833190918e-01,9.769276976585388184e-01
1762889817.967776060,-3.424472808837890625e-01,-3.295450508594512939e-01,9.755927920341491699e-01
1762889817.986809969,-3.323164880275726318e-01,-3.209865689277648926e-01,9.743179678916931152e-01
1762889818.007001400,-3.221228718757629395e-01,-3.122050166130065918e-01,9.730895161628723145e-01
1762889818.026979685,-3.120135962963104248e-01,-3.033358752727508545e-01,9.719155430793762207e-01
1762889818.046991587,-3.018462061882019043e-01,-2.942574918270111084e-01,9.707752466201782227e-01
1762889818.066897392,-2.916678488254547119e-01,-2.850169539451599121e-01,9.696701169013977051e-01
1762889818.087003469,-2.814808487892150879e-01,-2.756241261959075928e-01,9.685955643653869629e-01
1762889818.106904030,-2.708972692489624023e-01,-2.656447291374206543e-01,9.675274491310119629e-01
1762889818.126977444,-2.634855210781097412e-01,-2.586995661258697510e-01,9.667704701423645020e-01
1762889818.147024870,-2.528918981552124023e-01,-2.485629767179489136e-01,9.657387137413024902e-01
1762889818.167071581,-2.420498281717300415e-01,-2.381418496370315552e-01,9.647049903869628906e-01
1762889818.186914444,-2.329045236110687256e-01,-2.291829138994216919e-01,9.638772606849670410e-01
1762889818.206919670,-2.225784361362457275e-01,-2.190443128347396851e-01,9.629643559455871582e-01
1762889818.226925850,-2.121995687484741211e-01,-2.087869793176651001e-01,9.620718359947204590e-01
1762889818.248019457,-2.005870789289474487e-01,-1.972882151603698730e-01,9.610863924026489258e-01
1762889818.267941475,-1.884017437696456909e-01,-1.849861741065979004e-01,9.600940942764282227e-01
1762889818.287976742,-1.782064884901046753e-01,-1.747773140668869019e-01,9.592572450637817383e-01
1762889818.308131933,-1.687152087688446045e-01,-1.653490662574768066e-01,9.584684967994689941e-01
1762889818.327887297,-1.591790020465850830e-01,-1.557007282972335815e-01,9.576992392539978027e-01
1762889818.347957611,-1.477397978305816650e-01,-1.441379785537719727e-01,9.567814469337463379e-01
1762889818.367997885,-1.373170018196105957e-01,-1.336109042167663574e-01,9.559572935104370117e-01
1762889818.388249159,-1.257283389568328857e-01,-1.218570545315742493e-01,9.550616741180419922e-01
1762889818.406961918,-1.120641753077507019e-01,-1.079222112894058228e-01,9.540544748306274414e-01
1762889818.426983118,-1.014445126056671143e-01,-9.713066369295120239e-02,9.533315896987915039e-01
1762889818.446926117,-9.261521697044372559e-02,-8.818333595991134644e-02,9.527837634086608887e-01
1762889818.466822147,-7.794770598411560059e-02,-7.312121987342834473e-02,9.519867300987243652e-01
1762889818.486949921,-6.673230975866317749e-02,-6.162837520241737366e-02,9.515137672424316406e-01
1762889818.506917000,-5.544337630271911621e-02,-5.002891272306442261e-02,9.511480331420898438e-01
1762889818.526784897,-4.401145875453948975e-02,-3.824532404541969299e-02,9.508813023567199707e-01
1762889818.546886444,-3.255679458379745483e-02,-2.639972977340221405e-02,9.507330060005187988e-01
1762889818.567957401,-2.099526301026344299e-02,-1.440653018653392792e-02,9.506943225860595703e-01
1762889818.588086843,-9.669288992881774902e-03,-2.629019785672426224e-03,9.507372975349426270e-01
1762889818.608217716,1.745058689266443253e-03,9.275017306208610535e-03,9.508470296859741211e-01
1762889818.627932549,1.313485857099294662e-02,2.118264697492122650e-02,9.510122537612915039e-01
1762889818.647922993,2.448510937392711639e-02,3.307222947478294373e-02,9.512223601341247559e-01
1762889818.667903900,3.578936308622360229e-02,4.493112862110137939e-02,9.514678716659545898e-01
1762889818.686903954,4.236306250095367432e-02,5.175213143229484558e-02,9.515676498413085938e-01
1762889818.706987381,5.347124114632606506e-02,6.341887265443801880e-02,9.518551230430603027e-01
1762889818.727105379,6.463315337896347046e-02,7.514369487762451172e-02,9.521751999855041504e-01
1762889818.747146368,7.574757933616638184e-02,8.681016415357589722e-02,9.525279998779296875e-01
1762889818.767858505,8.680942654609680176e-02,9.840381145477294922e-02,9.529201388359069824e-01
1762889818.788012743,9.785067290067672729e-02,1.099495962262153625e-01,9.533547163009643555e-01
1762889818.808088064,1.088052764534950256e-01,1.213677451014518738e-01,9.538229703903198242e-01
1762889818.828128338,1.197595298290252686e-01,1.327401846647262573e-01,9.543195366859436035e-01
1762889818.847919464,1.295056790113449097e-01,1.428316384553909302e-01,9.547889828681945801e-01
1762889818.867945910,1.404345035552978516e-01,1.540665924549102783e-01,9.552911520004272461e-01
1762889818.887910366,1.501838862895965576e-01,1.640193909406661987e-01,9.557024836540222168e-01
1762889818.907950401,1.607479453086853027e-01,1.747489720582962036e-01,9.561182260513305664e-01
1762889818.928009748,1.716655194759368896e-01,1.857679933309555054e-01,9.564988613128662109e-01
1762889818.947974443,1.837832182645797729e-01,1.979131996631622314e-01,9.568606019020080566e-01
1762889818.967993021,1.939450800418853760e-01,2.080128192901611328e-01,9.570884704589843750e-01
1762889818.987909317,2.048833370208740234e-01,2.188095152378082275e-01,9.572808742523193359e-01
1762889819.007996559,2.156166136264801025e-01,2.293267399072647095e-01,9.574287533760070801e-01
1762889819.027994633,2.266623526811599731e-01,2.400736659765243530e-01,9.575745463371276855e-01
1762889819.047864914,2.377546727657318115e-01,2.507869601249694824e-01,9.577381610870361328e-01
1762889819.067895174,2.488723993301391602e-01,2.614485621452331543e-01,9.579325318336486816e-01
1762889819.087874651,2.600123286247253418e-01,2.720581293106079102e-01,9.581802487373352051e-01
1762889819.106915951,2.712825536727905273e-01,2.827177941799163818e-01,9.585102200508117676e-01
1762889819.126990795,2.823353111743927002e-01,2.931037545204162598e-01,9.589339494705200195e-01
1762889819.146852493,2.934875488281250000e-01,3.035134971141815186e-01,9.594753384590148926e-01
1762889819.166989326,3.046275079250335693e-01,3.138423264026641846e-01,9.601393342018127441e-01
1762889819.188942194,3.157335519790649414e-01,3.240700960159301758e-01,9.609255790710449219e-01
1762889819.207116365,3.267894685268402100e-01,3.341807126998901367e-01,9.618305563926696777e-01
1762889819.226998329,3.377801477909088135e-01,3.441575169563293457e-01,9.628478884696960449e-01
1762889819.246947765,3.486907184123992920e-01,3.539828956127166748e-01,9.639669060707092285e-01
1762889819.266989946,3.595069348812103271e-01,3.636389672756195068e-01,9.651739597320556641e-01
1762889819.287010431,3.702155649662017822e-01,3.731089234352111816e-01,9.664527773857116699e-01
1762889819.308013201,3.808053135871887207e-01,3.823767006397247314e-01,9.677861332893371582e-01
1762889819.327995539,3.912896811962127686e-01,3.914454281330108643e-01,9.691593647003173828e-01
1762889819.347973824,4.004671573638916016e-01,3.992529809474945068e-01,9.704122543334960938e-01
1762889819.368112803,4.117802977561950684e-01,4.088196158409118652e-01,9.719280004501342773e-01
1762889819.387979031,4.218322038650512695e-01,4.171474874019622803e-01,9.732900261878967285e-01
1762889819.408163548,4.317471385002136230e-01,4.252194762229919434e-01,9.746069312095642090e-01
1762889819.428099632,4.404563307762145996e-01,4.321371018886566162e-01,9.757448434829711914e-01
1762889819.448111534,4.501284658908843994e-01,4.397188127040863037e-01,9.769279956817626953e-01
1762889819.468164206,4.596867263317108154e-01,4.470462501049041748e-01,9.780231118202209473e-01
1762889819.487916470,4.701852202415466309e-01,4.549510776996612549e-01,9.791094660758972168e-01
1762889819.507951975,4.784987270832061768e-01,4.609539210796356201e-01,9.799050688743591309e-01
1762889819.528019428,4.877752363681793213e-01,4.675500094890594482e-01,9.806857705116271973e-01
1762889819.548053980,4.969819486141204834e-01,4.739203453063964844e-01,9.813656210899353027e-01
1762889819.568001270,5.061295628547668457e-01,4.800743460655212402e-01,9.819561839103698730e-01
1762889819.587949038,5.152270197868347168e-01,4.860213398933410645e-01,9.824697375297546387e-01
1762889819.608065605,5.242850184440612793e-01,4.917731881141662598e-01,9.829281568527221680e-01
1762889819.627980709,5.333115458488464355e-01,4.973399341106414795e-01,9.833522439002990723e-01
1762889819.647768497,5.423110723495483398e-01,5.027304291725158691e-01,9.837571978569030762e-01
1762889819.667991877,5.503438115119934082e-01,5.074808597564697266e-01,9.841310977935791016e-01
1762889819.687927961,5.592371821403503418e-01,5.125312209129333496e-01,9.845460057258605957e-01
1762889819.707923651,5.681657791137695312e-01,5.174553394317626953e-01,9.849852919578552246e-01
1762889819.727875471,5.779983997344970703e-01,5.226395130157470703e-01,9.854937195777893066e-01
1762889819.748090506,5.857915878295898438e-01,5.267814397811889648e-01,9.859450459480285645e-01
1762889819.767891884,5.945852398872375488e-01,5.312334299087524414e-01,9.864673614501953125e-01
1762889819.788028955,6.034119725227355957e-01,5.355642437934875488e-01,9.870193004608154297e-01
1762889819.808142185,6.122077107429504395e-01,5.397428870201110840e-01,9.875984191894531250e-01
1762889819.827924013,6.209607720375061035e-01,5.437612533569335938e-01,9.881972074508666992e-01
1762889819.847907543,6.296648383140563965e-01,5.476125478744506836e-01,9.888119101524353027e-01
1762889819.868014812,6.373249292373657227e-01,5.507494807243347168e-01,9.893641471862792969e-01
1762889819.888126373,6.468991041183471680e-01,5.547743439674377441e-01,9.900847673416137695e-01
1762889819.907905579,6.544398665428161621e-01,5.575625300407409668e-01,9.906620383262634277e-01
1762889819.927868366,6.628768444061279297e-01,5.606545209884643555e-01,9.913357496261596680e-01
1762889819.947915077,6.712198853492736816e-01,5.635187625885009766e-01,9.920315742492675781e-01
1762889819.967946529,6.794599294662475586e-01,5.661425590515136719e-01,9.927574396133422852e-01
1762889819.987923384,6.875876784324645996e-01,5.685118436813354492e-01,9.935171604156494141e-01
1762889820.007960796,6.955953240394592285e-01,5.706145763397216797e-01,9.943126440048217773e-01
1762889820.027903080,7.034770250320434570e-01,5.724403262138366699e-01,9.951431751251220703e-01
1762889820.047869205,7.112281322479248047e-01,5.739800930023193359e-01,9.960041046142578125e-01
1762889820.067900896,7.188453078269958496e-01,5.752270221710205078e-01,9.968883395195007324e-01
1762889820.087968826,7.263270616531372070e-01,5.761758685111999512e-01,9.977855682373046875e-01
1762889820.108041048,7.336744070053100586e-01,5.768246650695800781e-01,9.986851215362548828e-01
1762889820.127997637,7.408899664878845215e-01,5.771740674972534180e-01,9.995744824409484863e-01
1762889820.147982121,7.479771971702575684e-01,5.772266983985900879e-01,1.000442266464233398e+00
1762889820.167914152,7.549399137496948242e-01,5.769870281219482422e-01,1.001279473304748535e+00
1762889820.188094854,7.617827057838439941e-01,5.764613747596740723e-01,1.002079963684082031e+00
1762889820.207953691,7.678357958793640137e-01,5.759162902832031250e-01,1.002767801284790039e+00
1762889820.227901459,7.744192481040954590e-01,5.748930573463439941e-01,1.003496170043945312e+00
1762889820.247883320,7.807805538177490234e-01,5.736695528030395508e-01,1.004186868667602539e+00
1762889820.267961502,7.871996760368347168e-01,5.721303820610046387e-01,1.004880070686340332e+00
1762889820.287941933,7.935340404510498047e-01,5.703465938568115234e-01,1.005572795867919922e+00
1762889820.307951927,7.997827529907226562e-01,5.683307051658630371e-01,1.006283521652221680e+00
1762889820.327906132,8.059541583061218262e-01,5.660912990570068359e-01,1.007028102874755859e+00
1762889820.347949505,8.120562434196472168e-01,5.636374950408935547e-01,1.007816791534423828e+00
1762889820.367885113,8.180959820747375488e-01,5.609776973724365234e-01,1.008654713630676270e+00
1762889820.387989998,8.240786194801330566e-01,5.581201314926147461e-01,1.009539961814880371e+00
1762889820.407953024,8.300080895423889160e-01,5.550716519355773926e-01,1.010465145111083984e+00
1762889820.427897453,8.351627588272094727e-01,5.519438385963439941e-01,1.011303186416625977e+00
1762889820.448002815,8.409970402717590332e-01,5.485488176345825195e-01,1.012271404266357422e+00
1762889820.467988968,8.467803001403808594e-01,5.449772477149963379e-01,1.013239979743957520e+00
1762889820.487917185,8.525097370147705078e-01,5.412312150001525879e-01,1.014193534851074219e+00
1762889820.507920265,8.581807613372802734e-01,5.373112559318542480e-01,1.015120625495910645e+00
1762889820.528038979,8.637883663177490234e-01,5.332158207893371582e-01,1.016014695167541504e+00
1762889820.547884226,8.693264722824096680e-01,5.289420485496520996e-01,1.016876697540283203e+00
1762889820.568000317,8.747878670692443848e-01,5.244861245155334473e-01,1.017710804939270020e+00
1762889820.587983847,8.801642656326293945e-01,5.198432803153991699e-01,1.018527150154113770e+00
1762889820.607991219,8.854482769966125488e-01,5.150075554847717285e-01,1.019342184066772461e+00
1762889820.627933025,8.906323909759521484e-01,5.099728107452392578e-01,1.020171284675598145e+00
1762889820.648057699,8.957081437110900879e-01,5.047339797019958496e-01,1.021025180816650391e+00
1762889820.667876005,9.006677269935607910e-01,4.992859661579132080e-01,1.021914839744567871e+00
1762889820.688033104,9.055053591728210449e-01,4.936241209506988525e-01,1.022849082946777344e+00
1762889820.707939386,9.102166295051574707e-01,4.877448081970214844e-01,1.023830056190490723e+00
1762889820.726938486,9.148762822151184082e-01,4.814770221710205078e-01,1.024873137474060059e+00
1762889820.747004986,9.192470312118530273e-01,4.753192961215972900e-01,1.025913119316101074e+00
1762889820.767129660,9.235588908195495605e-01,4.687883257865905762e-01,1.026991844177246094e+00
1762889820.787063837,9.277434945106506348e-01,4.620285928249359131e-01,1.028075814247131348e+00
1762889820.807001591,9.314489960670471191e-01,4.560342729091644287e-01,1.029038906097412109e+00
1762889820.827021360,9.353738427162170410e-01,4.489390552043914795e-01,1.030082941055297852e+00
1762889820.846948385,9.391262531280517578e-01,4.418240189552307129e-01,1.031076788902282715e+00
1762889820.866983891,9.429252743721008301e-01,4.327331781387329102e-01,1.032124400138854980e+00
1762889820.886885166,9.467960596084594727e-01,4.253954291343688965e-01,1.033092379570007324e+00
1762889820.907088280,9.502624273300170898e-01,4.162751436233520508e-01,1.034016728401184082e+00
1762889820.927048206,9.530488252639770508e-01,4.108550250530242920e-01,1.034698605537414551e+00
1762889820.947037697,9.564254283905029297e-01,4.026911258697509766e-01,1.035589575767517090e+00
1762889820.966928959,9.597891569137573242e-01,3.941861689090728760e-01,1.036515474319458008e+00
1762889820.986847162,9.631103277206420898e-01,3.854944407939910889e-01,1.037476658821105957e+00
1762889821.006906986,9.663949608802795410e-01,3.766354024410247803e-01,1.038476467132568359e+00
1762889821.027913809,9.701495766639709473e-01,3.651347458362579346e-01,1.039719343185424805e+00
1762889821.048110723,9.729166626930236816e-01,3.582982122898101807e-01,1.040597677230834961e+00
1762889821.067875624,9.761084914207458496e-01,3.491058349609375000e-01,1.041662931442260742e+00
1762889821.087897062,9.793141484260559082e-01,3.396353721618652344e-01,1.042726755142211914e+00
1762889821.107878208,9.825072288513183594e-01,3.300260305404663086e-01,1.043757915496826172e+00
1762889821.128053904,9.856817722320556641e-01,3.203030526638031006e-01,1.044729709625244141e+00
1762889821.147852182,9.888329505920410156e-01,3.104761838912963867e-01,1.045630931854248047e+00
1762889821.168035746,9.919536113739013672e-01,3.005539476871490479e-01,1.046452760696411133e+00
1762889821.187962770,9.950330257415771484e-01,2.905478477478027344e-01,1.047191858291625977e+00
1762889821.207916498,9.980599880218505859e-01,2.804674208164215088e-01,1.047862291336059570e+00
1762889821.227908373,1.001021504402160645e+00,2.703214883804321289e-01,1.048483371734619141e+00
1762889821.247833490,1.003902792930603027e+00,2.601193785667419434e-01,1.049076437950134277e+00
1762889821.267880678,1.006688475608825684e+00,2.498699277639389038e-01,1.049666047096252441e+00
1762889821.288036585,1.009363174438476562e+00,2.395809739828109741e-01,1.050272703170776367e+00
1762889821.307874680,1.011911273002624512e+00,2.292594313621520996e-01,1.050909876823425293e+00
1762889821.327836514,1.014317989349365234e+00,2.189111858606338501e-01,1.051583051681518555e+00
1762889821.347936869,1.016570091247558594e+00,2.085409462451934814e-01,1.052289605140686035e+00
1762889821.368116140,1.018655657768249512e+00,1.981523036956787109e-01,1.053018927574157715e+00
1762889821.387881517,1.020564794540405273e+00,1.877468377351760864e-01,1.053755164146423340e+00
1762889821.407950640,1.022290229797363281e+00,1.773245334625244141e-01,1.054476737976074219e+00
1762889821.428186178,1.023826122283935547e+00,1.668845266103744507e-01,1.055157423019409180e+00
1762889821.447785139,1.025169372558593750e+00,1.564250141382217407e-01,1.055772900581359863e+00
1762889821.467020750,1.026048302650451660e+00,1.443758010864257812e-01,1.056309461593627930e+00
1762889821.487069130,1.026986598968505859e+00,1.344030499458312988e-01,1.056712627410888672e+00
1762889821.507101059,1.027738451957702637e+00,1.238978356122970581e-01,1.057023406028747559e+00
1762889821.527016163,1.028304696083068848e+00,1.133275330066680908e-01,1.057227253913879395e+00
1762889821.546947002,1.028691172599792480e+00,1.027176603674888611e-01,1.057335853576660156e+00
1762889821.567018747,1.029248356819152832e+00,9.308298677206039429e-02,1.057432174682617188e+00
1762889821.588127851,1.028945446014404297e+00,8.126092702150344849e-02,1.057364821434020996e+00
1762889821.608011723,1.028862118721008301e+00,7.066799700260162354e-02,1.057341456413269043e+00
1762889821.628068686,1.028630971908569336e+00,5.990821495652198792e-02,1.057330012321472168e+00
1762889821.647952080,1.028664588928222656e+00,5.011912062764167786e-02,1.057414412498474121e+00
1762889821.666913509,1.027728080749511719e+00,3.770693764090538025e-02,1.057381749153137207e+00
1762889821.687074184,1.027235865592956543e+00,2.738137729465961456e-02,1.057476043701171875e+00
1762889821.706875801,1.026585578918457031e+00,1.651947386562824249e-02,1.057583689689636230e+00
1762889821.726927996,1.025853872299194336e+00,5.608783569186925888e-03,1.057704210281372070e+00
1762889821.746969461,1.025052189826965332e+00,-5.314178764820098877e-03,1.057826757431030273e+00
1762889821.767110348,1.024187207221984863e+00,-1.622983068227767944e-02,1.057922244071960449e+00
1762889821.786872864,1.023264408111572266e+00,-2.712392061948776245e-02,1.057974338531494141e+00
1762889821.806919336,1.022422432899475098e+00,-3.722245991230010986e-02,1.057980775833129883e+00
1762889821.827125549,1.021923422813415527e+00,-4.519421234726905823e-02,1.057971000671386719e+00
1762889821.846816540,1.020346403121948242e+00,-5.853563919663429260e-02,1.057807564735412598e+00
1762889821.866922140,1.019575238227844238e+00,-6.731070578098297119e-02,1.057696223258972168e+00
1762889821.887020588,1.018515110015869141e+00,-7.712497562170028687e-02,1.057516932487487793e+00
1762889821.907205105,1.016799926757812500e+00,-8.850310742855072021e-02,1.057226777076721191e+00
1762889821.926930666,1.015403151512145996e+00,-9.894065558910369873e-02,1.056999683380126953e+00
1762889821.946915865,1.013891935348510742e+00,-1.092943176627159119e-01,1.056759238243103027e+00
1762889821.966913462,1.012252688407897949e+00,-1.195610612630844116e-01,1.056500792503356934e+00
1762889821.987942457,1.010095119476318359e+00,-1.319795846939086914e-01,1.056158781051635742e+00
1762889822.007943630,1.008433222770690918e+00,-1.401933878660202026e-01,1.055879235267639160e+00
1762889822.027942657,1.006416201591491699e+00,-1.498549133539199829e-01,1.055502295494079590e+00
1762889822.047994375,1.004121184349060059e+00,-1.597943902015686035e-01,1.055045843124389648e+00
1762889822.068028450,1.001627206802368164e+00,-1.696758568286895752e-01,1.054532170295715332e+00
1762889822.087955713,9.994501471519470215e-01,-1.786262392997741699e-01,1.054035305976867676e+00
1762889822.106839180,9.979270696640014648e-01,-1.842999160289764404e-01,1.053692936897277832e+00
