1762897122.128365040,9.093842708648990283e-19,-3.170631677981589430e-18,1.497181074228137732e-04
1762897122.147903204,9.102789700949516968e-19,-3.174254315474265415e-18,1.497181801823899150e-04
1762897122.167727709,9.111175244409273286e-19,-3.177649064708183040e-18,1.497182820457965136e-04
1762897122.187912464,9.118461671630099769e-19,-3.180599204362853413e-18,1.497183257015421987e-04
1762897122.207830429,9.125063606894038621e-19,-3.183272445307471661e-18,1.497183548053726554e-04
1762897122.227852106,9.131255053778998033e-19,-3.185779422948966749e-18,1.497183839092031121e-04
1762897122.247871876,9.137082541194434113e-19,-3.188137301285049155e-18,1.497184421168640256e-04
1762897122.267977715,9.142532627455392874e-19,-3.190344632749646909e-18,1.497184712206944823e-04
1762897122.287845135,9.147635297859079364e-19,-3.192409482353732404e-18,1.497185148764401674e-04
1762897122.307868958,9.152342989520271782e-19,-3.194314479304442027e-18,1.497185585321858525e-04
1762897122.327813387,9.156724978815271447e-19,-3.196087954537755718e-18,1.497185876360163093e-04
1762897122.347847462,9.160758518277233148e-19,-3.197720809066935395e-18,1.497186603955924511e-04
1762897122.367897511,9.164444641881922577e-19,-3.199213249687134195e-18,1.497187040513381362e-04
1762897122.387942553,9.167800927217356487e-19,-3.200572514228711958e-18,1.497187040513381362e-04
1762897122.407946587,8.370293351188137298e-19,-2.877704068814563984e-18,1.497076736995950341e-04
1762897122.428077936,6.131881092061585778e-19,-1.971489037069085312e-18,1.496759796282276511e-04
1762897122.447861195,8.141695785054513952e-19,-2.785157033930599865e-18,1.497046323493123055e-04
1762897122.467893124,5.352916320426391241e-19,-1.656127255713856064e-18,1.496654876973479986e-04
1762897122.487908363,5.178986087000631803e-19,-1.585712472094513892e-18,1.496633049100637436e-04
1762897122.507833481,8.090209478789799281e-19,-2.764313116470029259e-18,1.497042685514315963e-04
1762897122.527752876,9.047771850457083715e-19,-3.151979582349131209e-18,1.497173216193914413e-04
1762897122.548835278,9.864074003979273385e-19,-3.482457262218154485e-18,1.497288321843370795e-04
1762897122.568951607,9.040067697026917954e-19,-3.148860904644653156e-18,1.497177872806787491e-04
1762897122.588745356,9.000491240619318344e-19,-3.132839036564960425e-18,1.497173507232218981e-04
1762897122.608845234,9.012272360493604841e-19,-3.137608146386634906e-18,1.497175690019503236e-04
1762897122.628042459,1.802429656680344377e-18,-6.786099996288577041e-18,1.498502824688330293e-04
1762897122.648114204,9.029513906386507012e-19,-3.144587689600204215e-18,1.497179619036614895e-04
1762897122.667943716,1.682364080575542703e-18,-6.300016821898834688e-18,1.498328783782199025e-04
1762897122.688277245,1.684849241328381706e-18,-6.310079060460235993e-18,1.498331985203549266e-04
1762897122.707872629,9.033627061982426942e-19,-3.146252804173273460e-18,1.497179619036614895e-04
1762897122.728262424,1.690283404362548821e-18,-6.332079996802615147e-18,1.498338097007945180e-04
1762897122.748036385,1.692762257863217107e-18,-6.342115351994108478e-18,1.498340425314381719e-04
1762897122.767900229,1.695074848060762234e-18,-6.351476554986371093e-18,1.498342171544209123e-04
1762897122.787850380,1.697228205990390903e-18,-6.360193384281454898e-18,1.498344499850645661e-04
1762897122.807924509,1.699226881145472156e-18,-6.368285278623754891e-18,1.498345955042168498e-04
1762897122.828946590,9.098858525088358704e-19,-3.172661579204794560e-18,1.497185585321858525e-04
1762897122.847802877,1.702756564216812494e-18,-6.382576064476527274e-18,1.498348428867757320e-04
1762897122.867891073,9.375060335474408793e-19,-3.284481095180631670e-18,1.497229095548391342e-04
1762897122.887916327,8.912669474984563396e-19,-3.097284332295593636e-18,1.497167395427823067e-04
1762897122.907837391,1.033473667059464906e-18,-3.673003279403419728e-18,1.497362245572730899e-04
1762897122.927834988,1.650241348667658426e-18,-6.169969967535085336e-18,1.498263591201975942e-04
1762897122.947861910,9.314924304941803681e-19,-3.260135308596817822e-18,1.497217162977904081e-04
1762897122.967913389,1.483090894337536741e-18,-5.493265502524335414e-18,1.498025376349687576e-04
1762897122.988030910,9.206941045851834374e-19,-3.216418399633084033e-18,1.497203920735046268e-04
1762897123.007940531,8.874880762675844018e-19,-3.081985006480965975e-18,1.497160992585122585e-04
1762897123.027918816,8.877241329348917221e-19,-3.082940400088464722e-18,1.497162884334102273e-04
1762897123.048080444,8.900517157810393728e-19,-3.092363641626668813e-18,1.497166813351213932e-04
1762897123.067776918,8.923829175423669431e-19,-3.101801979211051997e-18,1.497170160291716456e-04
1762897123.090854883,8.945718442383353926e-19,-3.110663565113332583e-18,1.497173361713066697e-04
1762897123.109018564,9.068356240000465809e-19,-3.160313633815756101e-18,1.497190969530493021e-04
1762897123.128893137,8.948513278878017468e-19,-3.111794941396151986e-18,1.497174816904589534e-04
1762897123.148928404,8.960192035151500527e-19,-3.116523726162964507e-18,1.497176126576960087e-04
1762897123.169454813,1.005212214250978162e-18,-3.558588484255697493e-18,1.497328630648553371e-04
1762897123.188971996,8.974734904295948445e-19,-3.122410977377657543e-18,1.497179473517462611e-04
1762897123.209001303,1.035966582630546593e-18,-3.683096123647485495e-18,1.497368939453735948e-04
1762897123.228781462,3.368986952233602954e-19,-8.529392753218703795e-19,1.496379554737359285e-04
1762897123.249378920,9.245813364762998218e-19,-3.232157992328743043e-18,1.497209741501137614e-04
1762897123.269420385,8.906126476339268947e-19,-3.094636733949964533e-18,1.497165212640538812e-04
1762897123.289696455,1.661366824508920079e-18,-6.215015328562579287e-18,1.498306373832747340e-04
1762897123.309415817,1.665807853820140716e-18,-6.232996167127950727e-18,1.498313067713752389e-04
1762897123.328894615,1.670277834452800708e-18,-6.251091570208160760e-18,1.498319325037300587e-04
1762897123.348831654,8.970267095012396405e-19,-3.120603174148922901e-18,1.497174816904589534e-04
1762897123.367912292,5.211755363954802840e-19,-1.598979828734405041e-18,1.496638578828424215e-04
1762897123.387896061,6.079941387423615479e-19,-1.950462933078599901e-18,1.496755285188555717e-04
1762897123.407985449,5.235150616617216690e-19,-1.608451356940866915e-18,1.496640325058251619e-04
1762897123.427897930,5.189622595702298047e-19,-1.590019808339230645e-18,1.496634795330464840e-04
1762897123.447960615,5.196726009212597172e-19,-1.592895501738771246e-18,1.496635813964530826e-04
1762897123.468035698,5.206700256436338149e-19,-1.596933383898948850e-18,1.496637269156053662e-04
1762897123.487851381,5.216243852753668706e-19,-1.600797144540184043e-18,1.496638433309271932e-04
1762897123.510859728,1.683721380563165652e-18,-6.305516332201393492e-18,1.498332712799310684e-04
1762897123.528916359,5.509040974179063912e-19,-1.719335124848753413e-18,1.496678305556997657e-04
1762897123.548743248,5.235455639468095619e-19,-1.608574813647290454e-18,1.496640616096556187e-04
1762897123.568794489,5.224956132555383470e-19,-1.604324035876957014e-18,1.496639015385881066e-04
1762897123.588979483,5.231569441552744926e-19,-1.607001516122214596e-18,1.496639451943337917e-04
1762897123.608926535,5.238853800822040026e-19,-1.609950311608389570e-18,1.496640034019947052e-04
1762897123.628839970,5.245770064718749029e-19,-1.612750731572187846e-18,1.496640616096556187e-04
1762897123.649321318,5.252226726387608256e-19,-1.615364208717549137e-18,1.496641052654013038e-04
1762897123.668870926,5.258257390041002673e-19,-1.617806045885805674e-18,1.496641489211469889e-04
1762897123.688065290,9.083522596531625571e-19,-3.166454622683349778e-18,1.497182529419660568e-04
1762897123.708673716,9.196558895188528186e-19,-3.212217149301927205e-18,1.497198536526411772e-04
1762897123.728283882,9.064107633579240320e-19,-3.158594545707717771e-18,1.497180346632376313e-04
1762897123.748067379,5.255146156962037598e-19,-1.616546249812887413e-18,1.496640616096556187e-04
1762897123.768548727,5.260359979760535900e-19,-1.618656904543393032e-18,1.496641198173165321e-04
1762897123.787930965,9.086876813915528098e-19,-3.167813266839468126e-18,1.497181801823899150e-04
1762897123.808495522,9.096503128294113958e-19,-3.171710114705205440e-18,1.497182529419660568e-04
1762897123.828466415,9.105462528303828939e-19,-3.175336888100944190e-18,1.497183257015421987e-04
1762897123.848466635,5.279003596791715453e-19,-1.626205341223245686e-18,1.496642653364688158e-04
1762897123.867935896,9.121495356526637998e-19,-3.181828808343413489e-18,1.497184712206944823e-04
1762897123.888074160,9.128604973891531271e-19,-3.184706569694485472e-18,1.497185585321858525e-04
1762897123.908332586,5.289695423196846181e-19,-1.630533770573582542e-18,1.496643526479601860e-04
1762897123.927867174,9.141198798717651117e-19,-3.189805931375721750e-18,1.497186603955924511e-04
1762897123.947928667,9.146712991476082738e-19,-3.192037664668389818e-18,1.497187040513381362e-04
1762897123.967825413,9.151738113697342381e-19,-3.194072115384963990e-18,1.497187331551685929e-04
1762897123.987756968,9.156296912848275255e-19,-3.195916934946110380e-18,1.497187768109142780e-04
1762897124.007969141,6.198000223362363508e-19,-1.998258669642832670e-18,1.496770273661240935e-04
1762897124.027973890,5.984797522404117699e-19,-1.911943613493843062e-18,1.496741315349936485e-04
1762897124.047985315,5.223601107314445042e-19,-1.603775718528410926e-18,1.496638724347576499e-04
1762897124.067803383,5.913002381137577662e-19,-1.882877727539648499e-18,1.496732438681647182e-04
1762897124.087873697,5.214326861684077064e-19,-1.600020938932879595e-18,1.496637996751815081e-04
1762897124.107873440,5.179104477225803455e-19,-1.585760965557924813e-18,1.496634358773007989e-04
1762897124.128244877,5.187403683709124551e-19,-1.589120869808538642e-18,1.496635959483683109e-04
1762897124.148310184,5.197912496403727921e-19,-1.593376093674664555e-18,1.496637705713510513e-04
1762897124.168247461,8.972745534922758414e-19,-3.121607578207715415e-18,1.497176999691873789e-04
1762897124.187944174,5.217249394185803480e-19,-1.601204634389442978e-18,1.496640325058251619e-04
1762897124.207740068,5.225932722666078888e-19,-1.604720255390369915e-18,1.496641343692317605e-04
1762897124.228851080,5.509943635022512404e-19,-1.719701255667384697e-18,1.496680488344281912e-04
1762897124.249362230,5.236732599538724356e-19,-1.609092111722865804e-18,1.496642944402992725e-04
1762897124.269416094,5.226533979573828370e-19,-1.604963756683190212e-18,1.496641489211469889e-04
1762897124.288913965,5.233293596142035143e-19,-1.607700483739821904e-18,1.496642216807231307e-04
1762897124.308872938,5.240650850702811479e-19,-1.610679161125625357e-18,1.496642653364688158e-04
1762897124.329208851,9.051263586617823183e-19,-3.153396542738434545e-18,1.497185294283553958e-04
1762897124.348931313,9.063930823723307111e-19,-3.158525062536263317e-18,1.497186312917619944e-04
1762897124.368916273,9.075625089633275539e-19,-3.163259223977057432e-18,1.497187040513381362e-04
1762897124.389063597,9.086402219039075799e-19,-3.167622394913121515e-18,1.497187622589990497e-04
1762897124.407869339,9.200105432064849292e-19,-3.213654375616238091e-18,1.497203775215893984e-04
1762897124.427977085,9.066976916329033635e-19,-3.159757768444120466e-18,1.497185148764401674e-04
1762897124.447866440,9.068320050848666614e-19,-3.160300605721108391e-18,1.497184566687792540e-04
1762897124.467942238,9.077950501130315239e-19,-3.164199935128683363e-18,1.497185148764401674e-04
1762897124.487820148,9.087492029496114413e-19,-3.168063075384459141e-18,1.497185585321858525e-04
1762897124.507900000,9.096414206378264508e-19,-3.171673925553406245e-18,1.497186167398467660e-04
1762897124.527895689,9.104692216358388932e-19,-3.175025247805164836e-18,1.497186749475076795e-04
1762897124.547868729,9.112380860152069324e-19,-3.178138962425967571e-18,1.497187040513381362e-04
1762897124.567874432,9.119498749323088127e-19,-3.181019825704336628e-18,1.497187477070838213e-04
1762897124.588761330,9.675705332961400849e-19,-3.406198654366278310e-18,1.497264456702396274e-04
1762897124.608940601,9.120888412752177214e-19,-3.181583342496638378e-18,1.497187768109142780e-04
1762897124.628963947,9.091727194232385914e-19,-3.169777200408822152e-18,1.497183839092031121e-04
1762897124.648895025,9.097180382420641749e-19,-3.171983911487960492e-18,1.497183984611183405e-04
1762897124.668729305,9.104465775665702541e-19,-3.174933637552324589e-18,1.497184712206944823e-04
1762897124.688868284,9.111469927502495302e-19,-3.177769212692156367e-18,1.497185294283553958e-04
1762897124.707960367,1.822790293868030877e-18,-6.868531439461630185e-18,1.498521160101518035e-04
1762897124.728339911,1.704240836428462333e-18,-6.388586772397643850e-18,1.498349010944366455e-04
1762897124.748298407,9.083945492619793307e-19,-3.166624401504076287e-18,1.497182092862203717e-04
1762897124.767906427,9.089611679815781546e-19,-3.168918586932992110e-18,1.497182529419660568e-04
1762897124.788368940,1.700814447536114554e-18,-6.374715367115435852e-18,1.498342899139970541e-04
1762897124.809395075,9.207203675696319960e-19,-3.216525519522409650e-18,1.497198973083868623e-04
1762897124.829040289,1.695680551064304188e-18,-6.353929559092897096e-18,1.498337660450488329e-04
1762897124.849193096,1.695564332188240488e-18,-6.353458893324354423e-18,1.498336932854726911e-04
1762897124.867918730,1.719172687255963312e-18,-6.449036717972712836e-18,1.498373021604493260e-04
1762897124.887887478,1.691153184776648329e-18,-6.335601304670253385e-18,1.498333003837615252e-04
1762897124.907895088,5.245521393547100275e-19,-1.612648884959267254e-18,1.496639742981642485e-04
1762897124.927883863,1.693262495338658550e-18,-6.344140290133638290e-18,1.498334459029138088e-04
1762897124.947863340,1.695239250207507148e-18,-6.352142848969782556e-18,1.498336641816422343e-04
1762897124.967981577,1.697123981233209221e-18,-6.359774003710890513e-18,1.498338242527097464e-04
1762897124.987885475,1.698910587958747192e-18,-6.367008111757973017e-18,1.498340425314381719e-04
1762897125.008018970,1.700597829613202230e-18,-6.373840210027354749e-18,1.498342171544209123e-04
1762897125.027952671,1.702186636774763458e-18,-6.380271952880260815e-18,1.498343626735731959e-04
1762897125.047897100,1.703679387587691966e-18,-6.386314920845266959e-18,1.498344499850645661e-04
1762897125.068075657,5.279306551691062999e-19,-1.626327660556326965e-18,1.496642798883840442e-04
1762897125.088491201,9.389087250711776759e-19,-3.290161964832492726e-18,1.497229968663305044e-04
1762897125.108014822,8.927167883171086589e-19,-3.103155039898035612e-18,1.497169723734259605e-04
1762897125.128528833,8.918079236190660197e-19,-3.099474706557634054e-18,1.497169432695955038e-04
1762897125.148662329,8.937856090661037398e-19,-3.107482228477453638e-18,1.497172779636457562e-04
1762897125.167978048,1.040091732345348542e-18,-3.699798554576156230e-18,1.497372868470847607e-04
1762897125.188434124,9.021925558242098674e-19,-3.141517815551866791e-18,1.497181365266442299e-04
1762897125.208316565,8.950039427108177804e-19,-3.112414706470107342e-18,1.497172925155609846e-04
1762897125.227876425,1.673243690539109589e-18,-6.263098923979980510e-18,1.498325000284239650e-04
1762897125.248480558,8.982749250455821592e-19,-3.125657247691621900e-18,1.497177581768482924e-04
1762897125.268258572,1.680726779950570554e-18,-6.293392759553510042e-18,1.498335041105747223e-04
1762897125.288637400,5.501439184349701588e-19,-1.716257599379749874e-18,1.496679178671911359e-04
1762897125.308161497,6.087412379318617856e-19,-1.953487105398093771e-18,1.496757759014144540e-04
1762897125.328171015,5.959020506565433974e-19,-1.901507489295567788e-18,1.496739278081804514e-04
1762897125.347804785,5.207446786939167257e-19,-1.597235304822530705e-18,1.496637269156053662e-04
1762897125.368838310,5.169008737849593752e-19,-1.581673762753723734e-18,1.496632903581485152e-04
1762897125.388893604,8.944995693323135718e-19,-3.110372397537713917e-18,1.497161574661731720e-04
1762897125.409101009,6.130438178880563590e-19,-1.970906081532388566e-18,1.496762415627017617e-04
1762897125.429139137,5.202552979640150407e-19,-1.595254310653042773e-18,1.496636978117749095e-04
1762897125.448883295,5.877033466176474945e-19,-1.868315419650805585e-18,1.496728655183687806e-04
1762897125.468987465,5.185443265657373875e-19,-1.588326983215640874e-18,1.496634795330464840e-04
1762897125.489043474,5.152560251368976797e-19,-1.575014648629942154e-18,1.496631302870810032e-04
1762897125.508900642,5.162863819874090448e-19,-1.579185810266317365e-18,1.496633194619789720e-04
1762897125.528866053,5.175287555686754078e-19,-1.584215792173675757e-18,1.496635086368769407e-04
1762897125.548946857,5.187144672779818884e-19,-1.589015921268320977e-18,1.496636687079444528e-04
1762897125.569077015,5.198237681782037830e-19,-1.593506581416294795e-18,1.496638142270967364e-04
1762897125.588959932,5.208608975699804261e-19,-1.597705763795920240e-18,1.496639160905033350e-04
1762897125.608904123,5.218273030193837852e-19,-1.601617500912683508e-18,1.496640179539099336e-04
1762897125.628815651,5.227256211646163733e-19,-1.605254614066079171e-18,1.496641052654013038e-04
1762897125.649001598,5.235577648608447191e-19,-1.608623720701007652e-18,1.496641780249774456e-04
1762897125.668918848,5.243282836014378644e-19,-1.611742915393368550e-18,1.496642362326383591e-04
1762897125.688797712,5.250396589282334682e-19,-1.614623054888701624e-18,1.496642798883840442e-04
1762897125.708959103,5.256951478648934580e-19,-1.617276960486501444e-18,1.496643235441297293e-04
1762897125.728958607,5.262984727241743226e-19,-1.619719624835370535e-18,1.496643671998754144e-04
1762897125.748793840,5.268523218430668592e-19,-1.621961801283272085e-18,1.496643963037058711e-04
1762897125.768012524,5.552076596510783714e-19,-1.736757926693381266e-18,1.496682671131566167e-04
1762897125.788930893,6.140798616052790262e-19,-1.975100921213798107e-18,1.496761105954647064e-04
1762897125.808903456,5.266352386310599740e-19,-1.621083128677587632e-18,1.496642507845535874e-04
1762897125.828819036,5.216303306360195955e-19,-1.600821029380371511e-18,1.496636396041139960e-04
1762897125.850936174,5.220699254328032451e-19,-1.602600294877973074e-18,1.496637123636901379e-04
1762897125.868973732,5.228054957925160250e-19,-1.605578455275893681e-18,1.496638142270967364e-04
1762897125.889261961,9.026640487733650932e-19,-3.143425500839567211e-18,1.497176563134416938e-04
1762897125.908965588,5.241741178147732938e-19,-1.611119014416350429e-18,1.496639597462490201e-04
1762897125.928920031,5.248005520324173586e-19,-1.613655253572014581e-18,1.496640179539099336e-04
1762897125.949962616,5.253855755206454874e-19,-1.616023264870600761e-18,1.496640761615708470e-04
1762897125.967903376,9.177390018468377460e-19,-3.204456954385260976e-18,1.497196353739127517e-04
1762897125.987980843,9.045907592151542329e-19,-3.151227468377167368e-18,1.497178454883396626e-04
1762897126.007753611,9.048698292743143106e-19,-3.152358637864833634e-18,1.497178454883396626e-04
1762897126.027851105,9.059793886684776281e-19,-3.156851676157068542e-18,1.497179619036614895e-04
1762897126.047858953,9.070774709316417723e-19,-3.161296737973775374e-18,1.497180637670680881e-04
1762897126.067937851,9.727489941234517455e-19,-3.427166855713885009e-18,1.497273187851533294e-04
1762897126.087994337,9.041705514639772948e-19,-3.149528439398983450e-18,1.497179036960005760e-04
1762897126.107913971,9.009368956543543714e-19,-3.136436651844106681e-18,1.497174380347132683e-04
1762897126.127923250,9.020078877524574040e-19,-3.140772732615109652e-18,1.497175253462046385e-04
1762897126.147881985,9.033072850972016413e-19,-3.146032360540028078e-18,1.497176417615264654e-04
1762897126.168323040,9.045575685930755427e-19,-3.151094499093699469e-18,1.497177581768482924e-04
1762897126.188046455,9.057460203381611052e-19,-3.155905174741154740e-18,1.497178745921701193e-04
1762897126.207867384,9.068658160924047664e-19,-3.160439158473711023e-18,1.497179764555767179e-04
1762897126.227987766,9.079212985540224297e-19,-3.164712787108466240e-18,1.497180637670680881e-04
1762897126.248395920,9.089126745181672334e-19,-3.168726887826032945e-18,1.497181656304746866e-04
1762897126.268240690,1.701001390354551539e-18,-6.375481336362659956e-18,1.498341298429295421e-04
1762897126.288215637,1.702779621876387410e-18,-6.382679462053096402e-18,1.498342899139970541e-04
1762897126.308386803,1.704434189896646604e-18,-6.389377143472938268e-18,1.498344354331493378e-04
1762897126.327956676,1.705970884679616991e-18,-6.395598782450255865e-18,1.498345372965559363e-04
1762897126.347924232,1.707391670779253385e-18,-6.401349755659030790e-18,1.498346682637929916e-04
1762897126.367984056,1.708700890893771689e-18,-6.406651156204883144e-18,1.498348283348605037e-04
1762897126.387770891,1.709902887721387808e-18,-6.411519114109757712e-18,1.498349010944366455e-04
1762897126.407896042,1.711004692297308441e-18,-6.415979271972643638e-18,1.498350029578432441e-04
1762897126.428336859,1.712014576427659118e-18,-6.420065957788961871e-18,1.498350757174193859e-04
1762897126.447966099,1.712936779413079175e-18,-6.423798610303107408e-18,1.498351484769955277e-04
1762897126.467938185,1.092192323612460405e-18,-3.910728783596565734e-18,1.497439079685136676e-04
1762897126.487913370,1.664849254887768326e-18,-6.229118758006608409e-18,1.498281344538554549e-04
1762897126.507915258,1.085766060831112502e-18,-3.884712712560854184e-18,1.497429329901933670e-04
1762897126.527861834,1.046620875715382728e-18,-3.726234419772738441e-18,1.497376069892197847e-04
1762897126.547847271,1.041492149122400818e-18,-3.705470532036432340e-18,1.497369230492040515e-04
1762897126.567831516,1.646983394427541758e-18,-6.156787190112827734e-18,1.498256024206057191e-04
1762897126.588095665,9.299439483874811003e-19,-3.253870242637341190e-18,1.497215707786381245e-04
1762897126.607832432,8.871815024530569359e-19,-3.080747130694280369e-18,1.497161574661731720e-04
1762897126.627988815,8.868735844700340714e-19,-3.079500155920856680e-18,1.497163320891559124e-04
1762897126.647967577,8.892412855758905440e-19,-3.089086352039733717e-18,1.497167831985279918e-04
1762897126.668056726,8.916413501232131538e-19,-3.098802001924475304e-18,1.497171906521543860e-04
1762897126.687813282,8.938975886415281059e-19,-3.107936350633745250e-18,1.497175107942894101e-04
1762897126.707760096,8.960048312520069439e-19,-3.116467477881310901e-18,1.497178018325939775e-04
1762897126.727845192,8.979687648213609698e-19,-3.124418337929170603e-18,1.497180201113224030e-04
1762897126.748346329,8.997926980720403959e-19,-3.131802372462278343e-18,1.497182092862203717e-04
1762897126.767960548,9.014853164004770287e-19,-3.138655357042127039e-18,1.497183548053726554e-04
1762897126.787804842,9.030534440467244310e-19,-3.145004381833777803e-18,1.497185003245249391e-04
1762897126.808025360,1.732707843619168504e-18,-6.503842396638026237e-18,1.498414785601198673e-04
1762897126.828530550,1.676491408419145914e-18,-6.276250682129267373e-18,1.498334459029138088e-04
1762897126.847915888,8.977715856428436419e-19,-3.123621556204128899e-18,1.497178163845092058e-04
1762897126.868138552,8.993284429532450091e-19,-3.129925292857242385e-18,1.497179182479158044e-04
1762897126.889387369,9.550606673021943708e-19,-3.355555762133638020e-18,1.497256453149020672e-04
1762897126.907846928,8.774674035319638863e-19,-3.041421103217131189e-18,1.497139164712280035e-04
1762897126.927907944,8.308329768489672840e-19,-2.852622505075884217e-18,1.497072080383077264e-04
1762897126.947893858,8.256462442155300931e-19,-2.831624111635919333e-18,1.497063640272244811e-04
1762897126.967906237,5.343736166590701170e-19,-1.652412904570763262e-18,1.496654149377718568e-04
1762897126.988293886,8.052633248500929462e-19,-2.749103746547016739e-18,1.497036864748224616e-04
1762897127.008847713,8.994188124351664274e-19,-3.130290699892837685e-18,1.497165212640538812e-04
1762897127.028959274,5.307216142546484998e-19,-1.637627981699567015e-18,1.496645709266886115e-04
1762897127.049096107,9.042037420860559851e-19,-3.149660788296991934e-18,1.497173943789675832e-04
1762897127.068945408,9.044832257355223393e-19,-3.150791750989505061e-18,1.497174671385437250e-04
1762897127.089879036,3.764342061906385296e-19,-1.012998361959363243e-18,1.496432087151333690e-04
1762897127.108900785,9.477983317167084952e-19,-3.326150938923449854e-18,1.497235789429396391e-04
1762897127.128823996,8.980149835380873703e-19,-3.124604246771841896e-18,1.497168268542736769e-04
1762897127.148937464,8.963422175443520101e-19,-3.117832532687176535e-18,1.497166813351213932e-04
1762897127.168896914,8.977999165788235831e-19,-3.123734673152895526e-18,1.497168996138498187e-04
1762897127.188915014,8.993903781016099170e-19,-3.130172826655548879e-18,1.497171324444934726e-04
1762897127.208893776,9.009112530553652275e-19,-3.136329738749934202e-18,1.497173216193914413e-04
1762897127.228347778,9.023422755150819654e-19,-3.142123725350561884e-18,1.497174962423741817e-04
1762897127.248018503,9.678936507229186113e-19,-3.407507047300184062e-18,1.497267367085441947e-04
1762897127.268285036,9.101606832673566139e-19,-3.173776205080209765e-18,1.497189223300665617e-04
1762897127.288328171,8.934448106537318924e-19,-3.106101870830255773e-18,1.497167249908670783e-04
1762897127.307859898,8.942369394878279855e-19,-3.109309884040889553e-18,1.497168414061889052e-04
1762897127.328375340,1.672696303768752623e-18,-6.260882079938338395e-18,1.498316414654254913e-04
1762897127.348767042,9.519241018169698590e-19,-3.342854403827886280e-18,1.497248740633949637e-04
1762897127.368859529,8.986679392341214165e-19,-3.127248743190173926e-18,1.497174962423741817e-04
1762897127.388895273,8.968574476683959772e-19,-3.119917855011422718e-18,1.497172343079000711e-04
1762897127.409016848,8.983891793676910462e-19,-3.126118814473426490e-18,1.497173652751371264e-04
1762897127.428808689,9.000487104716255579e-19,-3.132838002589194734e-18,1.497175398981198668e-04
1762897127.448916912,1.684082238105391911e-18,-6.306976719572855863e-18,1.498329656897112727e-04
1762897127.468914509,9.031073141841169469e-19,-3.145220689563960420e-18,1.497178018325939775e-04
1762897127.489194155,1.689970316500697500e-18,-6.330814824055715291e-18,1.498334459029138088e-04
1762897127.509332180,1.692629495374902346e-18,-6.341580579728092946e-18,1.498336787335574627e-04
1762897127.529023647,1.695108142080417493e-18,-6.351614694148667448e-18,1.498338970122858882e-04
1762897127.548942804,9.080971778317665172e-19,-3.165421060507964770e-18,1.497182383900508285e-04
1762897127.569490910,1.699342272840923303e-18,-6.368754703621378735e-18,1.498341589467599988e-04
1762897127.588887215,1.700905540801071957e-18,-6.375084289668634502e-18,1.498340716352686286e-04
1762897127.608887434,1.702381334411443127e-18,-6.381057360871879915e-18,1.498340570833534002e-04
1762897127.628791571,1.703787748247936412e-18,-6.386750845028082405e-18,1.498340570833534002e-04
1762897127.648909807,1.705122610961443861e-18,-6.392155643150503887e-18,1.498341443948447704e-04
1762897127.667963743,1.728245617804751196e-18,-6.485769327434355136e-18,1.498375640949234366e-04
1762897127.687962294,1.699486202267507530e-18,-6.369338279543534896e-18,1.498334459029138088e-04
1762897127.707977772,1.699162257660116451e-18,-6.368027198272638347e-18,1.498333731433376670e-04
1762897127.727983713,1.700653974497279267e-18,-6.374067684695806831e-18,1.498335186624899507e-04
1762897127.747722149,1.702189842099637101e-18,-6.380286842131286770e-18,1.498336641816422343e-04
1762897127.767836809,1.703652194025054285e-18,-6.386206560185022512e-18,1.498338242527097464e-04
1762897127.787924767,5.279204188090259562e-19,-1.626286404923275883e-18,1.496641198173165321e-04
1762897127.807990313,1.087539536064426193e-18,-3.891890158735976805e-18,1.497431803727522492e-04
1762897127.828013659,1.045931007084513503e-18,-3.723438549302309208e-18,1.497374032624065876e-04
1762897127.848010778,8.969245526955893415e-19,-3.120190617818412079e-18,1.497170451330021024e-04
1762897127.867891312,1.486501876990975720e-18,-5.507078177983052147e-18,1.498029014328494668e-04
1762897127.887943506,1.522410821357668343e-18,-5.652455170639246760e-18,1.498076890129595995e-04
1762897127.908430815,9.240557665945989419e-19,-3.230030690588409794e-18,1.497206540079787374e-04
1762897127.928223133,3.561246474057771793e-19,-9.307756784934031696e-19,1.496405020589008927e-04
1762897127.948809147,5.095589737643035552e-19,-1.551951095393162067e-18,1.496618642704561353e-04
1762897127.968002558,8.969429574642186464e-19,-3.120266098049307543e-18,1.497165649197995663e-04
1762897127.987964630,5.220501247968902570e-19,-1.602520678744014845e-18,1.496635522926226258e-04
1762897128.007852077,5.503767180786155515e-19,-1.717200068290177480e-18,1.496674522059038281e-04
1762897128.027926922,9.117661374387454715e-19,-3.180276603923957733e-18,1.497188495704904199e-04
1762897128.047990561,5.199879635297955590e-19,-1.594172565206976551e-18,1.496634213253855705e-04
1762897128.068047285,8.962760430953477678e-19,-3.117565973734781322e-18,1.497168268542736769e-04
1762897128.087849617,5.211228553302183130e-19,-1.598767036521825774e-18,1.496635668445378542e-04
1762897128.108953714,9.536093789174700838e-19,-3.349679471062061312e-18,1.497247721999883652e-04
1762897128.129080296,5.222042388847665430e-19,-1.603144786516186104e-18,1.496637560194358230e-04
1762897128.148896694,5.212106398727255031e-19,-1.599121483414304747e-18,1.496635959483683109e-04
1762897128.168937922,8.994802305956484897e-19,-3.130536786125072211e-18,1.497172343079000711e-04
1762897128.188879013,9.010364675205904421e-19,-3.136837214055735484e-18,1.497173943789675832e-04
1762897128.209307671,9.025213601176996959e-19,-3.142847921976852060e-18,1.497175690019503236e-04
1762897128.228836775,9.039171240038063610e-19,-3.148497565560589239e-18,1.497176854172721505e-04
1762897128.248926878,9.052289290577388937e-19,-3.153810133044711059e-18,1.497178309364244342e-04
1762897128.268906593,9.064527427740110982e-19,-3.158764531323597418e-18,1.497179473517462611e-04
1762897128.289188623,9.075948724047936912e-19,-3.163388264152615705e-18,1.497180637670680881e-04
1762897128.308210135,8.322709269463141535e-19,-2.858441307094888490e-18,1.497076445957645774e-04
1762897128.327918768,8.959382432126964252e-19,-3.116196783025852923e-18,1.497164921602234244e-04
1762897128.348350525,9.015785810145423826e-19,-3.139031103835379252e-18,1.497172488598152995e-04
1762897128.367919445,9.032600324047095496e-19,-3.145838800276690670e-18,1.497174816904589534e-04
1762897128.387961149,9.045983072382437793e-19,-3.151256833288913001e-18,1.497176708653569221e-04
1762897128.408057928,1.079543594673182351e-18,-3.859517618283101514e-18,1.497427147114649415e-04
1762897128.427909136,1.039071094867034675e-18,-3.695665133055228750e-18,1.497371267760172486e-04
1762897128.448392153,1.034473521624888378e-18,-3.677051914911560522e-18,1.497364282840862870e-04
1762897128.468139648,5.895256772058900990e-19,-1.875693043534166039e-18,1.496731129009276628e-04
1762897128.487819672,1.030722567739690105e-18,-3.661866119636005763e-18,1.497359189670532942e-04
1762897128.507934093,8.017326595017752013e-19,-2.734806756839650209e-18,1.497034681960940361e-04
1762897128.527867317,1.058232423564095854e-18,-3.773238544490757962e-18,1.497398334322497249e-04
1762897128.547966719,8.886241054413494162e-19,-3.086585164662526500e-18,1.497165794717147946e-04
1762897128.567838430,8.804400838583263295e-19,-3.053452238431561838e-18,1.497157354606315494e-04
1762897128.587769032,8.828449046941711192e-19,-3.063187740651004697e-18,1.497162302257493138e-04
1762897128.607801914,8.857706425207711781e-19,-3.075032967022764054e-18,1.497166667832061648e-04
1762897128.627880812,8.885511067522916115e-19,-3.086290274774151346e-18,1.497170742368325591e-04
1762897128.647946119,8.911500048393566553e-19,-3.096811184985213305e-18,1.497173943789675832e-04
1762897128.667917490,8.935718862753353512e-19,-3.106616170376110618e-18,1.497176854172721505e-04
1762897128.687876225,8.958203699754076187e-19,-3.115718672631797273e-18,1.497179036960005760e-04
1762897128.709155560,9.518732302092978478e-19,-3.342646161108676056e-18,1.497257471783086658e-04
1762897128.728913307,8.987819867610771652e-19,-3.127708448815600271e-18,1.497182383900508285e-04
1762897128.748800755,8.971493390270506268e-19,-3.121098241745535888e-18,1.497179619036614895e-04
1762897128.768881083,8.988193132862186206e-19,-3.127859822867697475e-18,1.497180492151528597e-04
1762897128.788926601,9.005851370988661964e-19,-3.135008317721380740e-18,1.497181801823899150e-04
1762897128.808971167,9.022350522281797792e-19,-3.141687594372593300e-18,1.497182965977117419e-04
1762897128.828935862,9.037659567468622952e-19,-3.147886279087912551e-18,1.497184130130335689e-04
1762897128.849031925,9.051784710403731591e-19,-3.153604785457644770e-18,1.497184857726097107e-04
1762897128.868855715,9.064790057584596568e-19,-3.158869996851697929e-18,1.497185585321858525e-04
1762897128.889005661,9.076773836708958557e-19,-3.163721824734627713e-18,1.497186312917619944e-04
1762897128.908817768,9.087785678613570738e-19,-3.168179294260522841e-18,1.497186749475076795e-04
1762897128.928038359,9.201655361737620527e-19,-3.214280344544787594e-18,1.497202902100980282e-04
1762897128.947920799,9.068644719239093677e-19,-3.160431507053044907e-18,1.497184421168640256e-04
1762897128.968640327,1.695180416986439314e-18,-6.351907516085511220e-18,1.498343772254884243e-04
1762897128.988402128,1.697173198479656127e-18,-6.359976249370659728e-18,1.498345227446407080e-04
1762897129.008316994,1.699140647566613503e-18,-6.367941585079239108e-18,1.498346100561320782e-04
1762897129.028202534,1.700972645828265321e-18,-6.375359740812614661e-18,1.498347555752843618e-04
1762897129.047905922,1.702669813650070995e-18,-6.382231130161092661e-18,1.498348283348605037e-04
1762897129.068899155,9.663492011217055395e-19,-3.401255629820814555e-18,1.497263292549178004e-04
1762897129.088888407,9.110978789013791942e-19,-3.177570896140296779e-18,1.497187040513381362e-04
1762897129.109341383,1.697826360970843311e-18,-6.362622400150216864e-18,1.498342026025056839e-04
1762897129.128954649,1.699067235287249422e-18,-6.367647108781170231e-18,1.498342899139970541e-04
1762897129.148890734,9.096615831652574308e-19,-3.171756436819508409e-18,1.497183984611183405e-04
1762897129.169164658,1.702241747683074804e-18,-6.380496946006875239e-18,1.498345227446407080e-04
1762897129.188853979,1.703640406701325404e-18,-6.386157756528881884e-18,1.498346100561320782e-04
1762897129.208987951,1.704859153936345721e-18,-6.391092302473066970e-18,1.498346100561320782e-04
1762897129.228867769,1.706004178699272250e-18,-6.395728236216120414e-18,1.498346828157082200e-04
1762897129.248931408,1.707083029013194536e-18,-6.400095749850400400e-18,1.498347410233691335e-04
1762897129.268929720,1.708097876227220532e-18,-6.404206010314176395e-18,1.498348283348605037e-04
1762897129.288866043,1.089317043803226081e-18,-3.899086630065188146e-18,1.497436751378700137e-04
1762897129.308903456,1.502123182859039648e-18,-5.570322339667325260e-18,1.498051860835403204e-04
1762897129.329050779,1.072865662190465190e-18,-3.832483701503643463e-18,1.497413468314334750e-04
1762897129.347949266,1.770238889167077614e-18,-6.655781413093604020e-18,1.498437341069802642e-04
1762897129.367941618,1.527620094662797604e-18,-5.673544553946592478e-18,1.498087658546864986e-04
1762897129.388271809,9.175553677508509739e-19,-3.203713939400035219e-18,1.497201010352000594e-04
1762897129.408087730,1.471170497927611629e-18,-5.445009439949216885e-18,1.498014462413266301e-04
1762897129.428323746,1.059658379542560704e-18,-3.779013505937296925e-18,1.497399935033172369e-04
1762897129.447857618,1.479163027198828690e-18,-5.477367091151066222e-18,1.498026686022058129e-04
1762897129.468367100,1.711062594940187153e-18,-6.416205505870176891e-18,1.498380297562107444e-04
1762897129.488487720,1.641994874948387586e-18,-6.136586612373670245e-18,1.498288183938711882e-04
1762897129.508107901,1.643367994765225612e-18,-6.142146093270639144e-18,1.498293859185650945e-04
1762897129.528010845,8.847182619864505887e-19,-3.070773607253575376e-18,1.497165212640538812e-04
1762897129.547968149,8.874704986795676500e-19,-3.081916350490124074e-18,1.497169287176802754e-04
1762897129.568185568,1.660085314944922301e-18,-6.209828492531565527e-18,1.498320052633062005e-04
1762897129.588005781,1.665076522761067270e-18,-6.230035274125317164e-18,1.498326309956610203e-04
1762897129.607950926,1.669733549609740816e-18,-6.248887961056319494e-18,1.498331112088635564e-04
1762897129.628036976,1.674067148838906128e-18,-6.266432461848569211e-18,1.498335768701508641e-04
1762897129.647901058,1.678092933482625145e-18,-6.282729987867395239e-18,1.498339552199468017e-04
1762897129.667789459,1.681825069008887836e-18,-6.297838855345982566e-18,1.498342753620818257e-04
1762897129.687951803,1.685277824283260743e-18,-6.311816966927209904e-18,1.498345081927254796e-04
1762897129.708094835,1.688464951183427559e-18,-6.324720984483037136e-18,1.498347410233691335e-04
1762897129.727900028,1.691400925370107961e-18,-6.336608397066036697e-18,1.498349156463518739e-04
1762897129.747941732,1.694102807443435857e-18,-6.347546619896131658e-18,1.498350611655041575e-04
1762897129.767863512,1.696583935690788664e-18,-6.357591901254975626e-18,1.498352212365716696e-04
1762897129.787869215,1.698798298190593119e-18,-6.366556057553212787e-18,1.498353085480630398e-04
1762897129.807777882,1.700732763450624943e-18,-6.374387803592864853e-18,1.498353085480630398e-04
1762897129.828008890,1.702503136756641560e-18,-6.381556150781249391e-18,1.498353085480630398e-04
1762897129.847893238,5.276891184302408158e-19,-1.625350346662595563e-18,1.496644836151972413e-04
1762897129.867981434,1.705611991691345546e-18,-6.394141703801243707e-18,1.498353813076391816e-04
1762897129.887927771,1.706968878088662219e-18,-6.399635423839514640e-18,1.498354395153000951e-04
1762897129.907919407,1.541962165713548274e-18,-5.731609324225364808e-18,1.498113560955971479e-04
1762897129.928857803,1.642715969647380688e-18,-6.139508214297207539e-18,1.498260244261473417e-04
1762897129.948807240,1.683674851653709544e-18,-6.305327735021731402e-18,1.498319179518148303e-04
1762897129.968972445,1.688418732466701158e-18,-6.324533214483987599e-18,1.498325436841696501e-04
1762897129.989103317,9.309097851502133292e-19,-3.257778257441347969e-18,1.497219782322645187e-04
1762897130.007953644,5.024692087341115550e-19,-1.523247721342418869e-18,1.496608892921358347e-04
1762897130.029041052,5.469488299214075203e-19,-1.703322045563069058e-18,1.496669428888708353e-04
1762897130.048864841,5.208674633160925657e-19,-1.597732233575521937e-18,1.496634504292160273e-04
1762897130.069006920,5.199200313219896416e-19,-1.593896493677536978e-18,1.496633340138942003e-04
1762897130.089459658,5.206172411807952748e-19,-1.596718937325144478e-18,1.496634358773007989e-04
1762897130.109525204,5.213917407280863316e-19,-1.599855089220062713e-18,1.496635522926226258e-04
1762897130.128875971,6.097995121280468154e-19,-1.957771487380812177e-18,1.496760232839733362e-04
1762897130.149443150,8.034249159386938422e-19,-2.741659121034039490e-18,1.497038319939747453e-04
1762897130.169264555,6.028046143743569905e-19,-1.929452545519752998e-18,1.496750483056530356e-04
1762897130.188866377,5.885437621200013706e-19,-1.871718027100542464e-18,1.496730837970972061e-04
1762897130.208835363,5.091729389121827141e-19,-1.550387620637860276e-18,1.496618351666256785e-04
1762897130.228923082,6.064776581856104253e-19,-1.944323805367384468e-18,1.496755139669403434e-04
1762897130.248996735,5.158824076557534599e-19,-1.577551197978336013e-18,1.496632903581485152e-04
1762897130.269020319,5.114597831131621283e-19,-1.559645839643860038e-18,1.496628246968612075e-04
1762897130.288899899,5.126891285997807811e-19,-1.564622881992015036e-18,1.496630575275048614e-04
1762897130.308900356,5.142014215546808539e-19,-1.570745569488555978e-18,1.496633049100637436e-04
1762897130.327875376,5.427240566415812160e-19,-1.686218949025192950e-18,1.496672775829210877e-04
1762897130.347911596,5.165543368070879412e-19,-1.580271484820293214e-18,1.496636832598596811e-04
1762897130.368004560,5.160947345792381652e-19,-1.578410948827508316e-18,1.496635959483683109e-04
1762897130.387941837,5.172700031333111638e-19,-1.583169201903643039e-18,1.496637123636901379e-04
1762897130.408759832,8.138886989887013577e-19,-2.784022969310789664e-18,1.497056800872087479e-04
1762897130.428120136,1.302545570069923997e-06,-2.681922069314168766e-06,1.570405293023213744e-04
1762897130.447942257,6.638515333179384470e-05,-2.851899262168444693e-05,4.403071652632206678e-04
1762897130.468903542,4.517833876889199018e-04,-4.396981676109135151e-04,2.382445614784955978e-03
1762897130.489004612,1.141658751294016838e-03,-1.767945708706974983e-03,6.340160034596920013e-03
1762897130.507821560,2.015036996454000473e-03,-4.186043515801429749e-03,1.219972595572471619e-02
1762897130.527885675,3.400683403015136719e-03,-7.371982559561729431e-03,1.955476403236389160e-02
1762897130.547917843,5.212331656366586685e-03,-1.148676220327615738e-02,2.919477783143520355e-02
1762897130.567795515,7.396818138659000397e-03,-1.620807871222496033e-02,4.005677998065948486e-02
1762897130.587845564,9.866384789347648621e-03,-2.121979929506778717e-02,5.054422840476036072e-02
1762897130.607863188,1.252831518650054932e-02,-2.631106786429882050e-02,5.902750045061111450e-02
1762897130.627850533,1.527907885611057281e-02,-3.134494274854660034e-02,6.369862705469131470e-02
1762897130.647782564,1.769534125924110413e-02,-3.497594222426414490e-02,6.361981481313705444e-02
1762897130.667939425,2.089084871113300323e-02,-4.119573161005973816e-02,6.153338029980659485e-02
1762897130.688036680,2.351703867316246033e-02,-4.502680152654647827e-02,5.896712094545364380e-02
1762897130.707797050,2.693894319236278534e-02,-5.096635594964027405e-02,5.658624321222305298e-02
1762897130.727981806,2.986375242471694946e-02,-5.484921485185623169e-02,5.755030736327171326e-02
1762897130.748908520,3.301998600363731384e-02,-5.911916866898536682e-02,6.097333505749702454e-02
1762897130.768834829,3.625379130244255066e-02,-6.355199962854385376e-02,6.847631931304931641e-02
1762897130.788920403,3.875330090522766113e-02,-6.548174470663070679e-02,7.629366219043731689e-02
1762897130.809052944,4.117076098918914795e-02,-6.763813644647598267e-02,8.996731042861938477e-02
1762897130.828736782,4.330190643668174744e-02,-6.852875649929046631e-02,1.011183112859725952e-01
1762897130.849853039,4.521962627768516541e-02,-6.914947181940078735e-02,1.146460101008415222e-01
1762897130.868060350,4.723872616887092590e-02,-6.951550394296646118e-02,1.227394714951515198e-01
1762897130.887748480,4.912263900041580200e-02,-6.981796026229858398e-02,1.314819008111953735e-01
1762897130.907850981,5.102536827325820923e-02,-7.005597651004791260e-02,1.367771029472351074e-01
1762897130.928862810,5.293291807174682617e-02,-7.021844387054443359e-02,1.386214345693588257e-01
1762897130.947909117,5.429991334676742554e-02,-7.016143947839736938e-02,1.377817988395690918e-01
1762897130.968778610,5.654854327440261841e-02,-6.975439190864562988e-02,1.352802664041519165e-01
1762897130.988852024,5.798520892858505249e-02,-6.882537901401519775e-02,1.338589638471603394e-01
1762897131.008842230,5.905042216181755066e-02,-6.741493940353393555e-02,1.346084624528884888e-01
1762897131.028777122,5.982761830091476440e-02,-6.575981527566909790e-02,1.378579437732696533e-01
1762897131.048826694,6.042121723294258118e-02,-6.406532973051071167e-02,1.436473727226257324e-01
1762897131.068938971,6.093607842922210693e-02,-6.249963119626045227e-02,1.518540084362030029e-01
1762897131.088963270,6.098723411560058594e-02,-6.118735298514366150e-02,1.607946604490280151e-01
1762897131.108774662,6.208642944693565369e-02,-6.004882231354713440e-02,1.727039515972137451e-01
1762897131.128974676,6.231189146637916565e-02,-5.913841351866722107e-02,1.819274723529815674e-01
1762897131.148833275,6.314956396818161011e-02,-5.833759158849716187e-02,1.900635957717895508e-01
1762897131.168875456,6.407858431339263916e-02,-5.759926140308380127e-02,1.951199769973754883e-01
1762897131.188923120,6.507686525583267212e-02,-5.688939616084098816e-02,1.966914832592010498e-01
1762897131.208877087,6.615782529115676880e-02,-5.618697777390480042e-02,1.951814144849777222e-01
1762897131.228940487,6.736687570810317993e-02,-5.550549551844596863e-02,1.919849365949630737e-01
1762897131.248795986,6.874840706586837769e-02,-5.491014569997787476e-02,1.891577392816543579e-01
1762897131.268874884,7.031323015689849854e-02,-5.443301796913146973e-02,1.884391754865646362e-01
1762897131.288978338,7.203401625156402588e-02,-5.407215282320976257e-02,1.903480291366577148e-01
1762897131.308961630,7.386437803506851196e-02,-5.379964038729667664e-02,1.949442625045776367e-01
1762897131.328833580,7.575544714927673340e-02,-5.358947068452835083e-02,2.022061049938201904e-01
1762897131.348888159,7.766916602849960327e-02,-5.341166257858276367e-02,2.116916924715042114e-01
1762897131.368823767,7.966265082359313965e-02,-5.327150598168373108e-02,2.210056632757186890e-01
1762897131.388746977,8.152157068252563477e-02,-5.305702984333038330e-02,2.322358936071395874e-01
1762897131.408923626,8.349218219518661499e-02,-5.287126824259757996e-02,2.399584650993347168e-01
1762897131.428846836,8.554551005363464355e-02,-5.270609632134437561e-02,2.441277354955673218e-01
1762897131.449002504,8.753111958503723145e-02,-5.246054008603096008e-02,2.461558431386947632e-01
1762897131.468949795,8.961082249879837036e-02,-5.220830067992210388e-02,2.447367161512374878e-01
1762897131.488920450,9.163822978734970093e-02,-5.179388448596000671e-02,2.418633252382278442e-01
1762897131.508814096,9.348156303167343140e-02,-5.114860832691192627e-02,2.394064664840698242e-01
1762897131.528806686,9.500415623188018799e-02,-5.024294182658195496e-02,2.390060424804687500e-01
1762897131.548813343,9.614443778991699219e-02,-4.912751913070678711e-02,2.411801069974899292e-01
1762897131.567923784,9.644888341426849365e-02,-4.796021804213523865e-02,2.451945543289184570e-01
1762897131.587875366,9.688860177993774414e-02,-4.667239636182785034e-02,2.522593438625335693e-01
1762897131.607878208,9.697849303483963013e-02,-4.535592347383499146e-02,2.615994215011596680e-01
1762897131.627780199,9.683318436145782471e-02,-4.407791793346405029e-02,2.722974121570587158e-01
1762897131.648030043,9.656757861375808716e-02,-4.285519197583198547e-02,2.828945517539978027e-01
1762897131.667885542,9.627157449722290039e-02,-4.168056696653366089e-02,2.920107245445251465e-01
1762897131.687888145,9.600131958723068237e-02,-4.054196551442146301e-02,2.984654009342193604e-01
1762897131.708859921,9.577071666717529297e-02,-3.942986950278282166e-02,3.016524612903594971e-01
1762897131.728827238,9.556032717227935791e-02,-3.830573707818984985e-02,3.017282783985137939e-01
1762897131.748898029,9.538411349058151245e-02,-3.716135397553443909e-02,2.999783754348754883e-01
1762897131.767735958,9.511289000511169434e-02,-3.599058836698532104e-02,2.983086407184600830e-01
1762897131.787806034,9.492855519056320190e-02,-3.492372855544090271e-02,2.985692918300628662e-01
1762897131.807958841,9.469993412494659424e-02,-3.393596783280372620e-02,3.011827170848846436e-01
1762897131.827822685,9.452080726623535156e-02,-3.308074548840522766e-02,3.062323927879333496e-01
1762897131.847863436,9.442582726478576660e-02,-3.238333761692047119e-02,3.137035667896270752e-01
1762897131.867867947,9.443632513284683228e-02,-3.185054659843444824e-02,3.233566582202911377e-01
1762897131.887741566,9.456192702054977417e-02,-3.146294131875038147e-02,3.343450725078582764e-01
1762897131.907811165,9.480012953281402588e-02,-3.118404000997543335e-02,3.454441726207733154e-01
1762897131.927767754,9.514090418815612793e-02,-3.097173571586608887e-02,3.552555739879608154e-01
1762897131.947850227,9.556996822357177734e-02,-3.079616464674472809e-02,3.627837896347045898e-01
1762897131.967911482,9.607213735580444336e-02,-3.064627572894096375e-02,3.674873113632202148e-01
1762897131.988004208,9.660544246435165405e-02,-3.048724494874477386e-02,3.695321679115295410e-01
1762897132.008258581,9.665577858686447144e-02,-3.033009357750415802e-02,3.698292076587677002e-01
1762897132.027970791,9.733726084232330322e-02,-3.009956516325473785e-02,3.702978491783142090e-01
1762897132.047981262,9.857416898012161255e-02,-2.978882566094398499e-02,3.732173740863800049e-01
1762897132.067938805,9.907653182744979858e-02,-2.945612743496894836e-02,3.783403337001800537e-01
1762897132.087823153,9.941565990447998047e-02,-2.907926402986049652e-02,3.860574066638946533e-01
1762897132.109002590,9.955459088087081909e-02,-2.867098525166511536e-02,3.963122367858886719e-01
1762897132.128972292,9.953718632459640503e-02,-2.825246565043926239e-02,4.082335531711578369e-01
1762897132.148880959,9.869982302188873291e-02,-2.782461792230606079e-02,4.216376841068267822e-01
1762897132.167853117,9.958133846521377563e-02,-2.756794355809688568e-02,4.277260601520538330e-01
1762897132.187789440,9.927887469530105591e-02,-2.713697217404842377e-02,4.385697543621063232e-01
1762897132.207844257,9.906646609306335449e-02,-2.672535553574562073e-02,4.465005695819854736e-01
1762897132.227967501,9.892693907022476196e-02,-2.630936354398727417e-02,4.515613317489624023e-01
1762897132.247756481,9.872867166996002197e-02,-2.584564127027988434e-02,4.545121192932128906e-01
1762897132.267775536,9.848361462354660034e-02,-2.532768249511718750e-02,4.562386870384216309e-01
1762897132.287880898,9.812281280755996704e-02,-2.475105971097946167e-02,4.582909941673278809e-01
1762897132.307841301,9.758467227220535278e-02,-2.412819676101207733e-02,4.621396362781524658e-01
1762897132.327902555,9.686596691608428955e-02,-2.349632047116756439e-02,4.683766663074493408e-01
1762897132.347921133,9.599905461072921753e-02,-2.289500273764133453e-02,4.770657718181610107e-01
1762897132.367920637,9.502509236335754395e-02,-2.235903777182102203e-02,4.881688654422760010e-01
1762897132.387966633,9.398947656154632568e-02,-2.191202156245708466e-02,5.013650059700012207e-01
1762897132.407791138,9.294461458921432495e-02,-2.155868150293827057e-02,5.157438516616821289e-01
1762897132.427852631,9.193571656942367554e-02,-2.128277905285358429e-02,5.300403237342834473e-01
1762897132.449000120,9.095811843872070312e-02,-2.105674706399440765e-02,5.429616570472717285e-01
1762897132.468837976,9.011343121528625488e-02,-2.086758054792881012e-02,5.528905391693115234e-01
1762897132.488838196,8.929622173309326172e-02,-2.069475501775741577e-02,5.597035884857177734e-01
1762897132.507823944,8.850918710231781006e-02,-2.050126530230045319e-02,5.634455084800720215e-01
1762897132.527919054,8.762545138597488403e-02,-2.030436880886554718e-02,5.648997426033020020e-01
1762897132.547966957,8.724627643823623657e-02,-1.995095983147621155e-02,5.666143298149108887e-01
1762897132.567827225,8.647184073925018311e-02,-1.963791623711585999e-02,5.690780282020568848e-01
1762897132.587846279,8.599790930747985840e-02,-1.922081969678401947e-02,5.745234489440917969e-01
1762897132.607897997,8.559059351682662964e-02,-1.878304034471511841e-02,5.825033783912658691e-01
1762897132.627919436,8.524620532989501953e-02,-1.835373789072036743e-02,5.929993987083435059e-01
1762897132.647850275,8.495966345071792603e-02,-1.795616932213306427e-02,6.060036420822143555e-01
1762897132.667902708,8.472915738821029663e-02,-1.760938018560409546e-02,6.210017204284667969e-01
1762897132.687975883,8.455903083086013794e-02,-1.731408946216106415e-02,6.368240714073181152e-01
1762897132.708765268,8.441565930843353271e-02,-1.705350913107395172e-02,6.521868109703063965e-01
1762897132.728902340,8.442167937755584717e-02,-1.683063432574272156e-02,6.645480394363403320e-01
1762897132.749073982,8.444558829069137573e-02,-1.662268862128257751e-02,6.739575266838073730e-01
1762897132.768897533,8.451279997825622559e-02,-1.641733199357986450e-02,6.798827648162841797e-01
1762897132.788750410,8.462608605623245239e-02,-1.615765877068042755e-02,6.828584671020507812e-01
1762897132.808923006,8.472542464733123779e-02,-1.577626727521419525e-02,6.845489144325256348e-01
1762897132.829030752,8.485946804285049438e-02,-1.528176106512546539e-02,6.872094273567199707e-01
1762897132.848899841,8.484008908271789551e-02,-1.467335037887096405e-02,6.922035217285156250e-01
1762897132.868866682,8.467322587966918945e-02,-1.401417236775159836e-02,6.997520327568054199e-01
1762897132.888802052,8.435045182704925537e-02,-1.335940975695848465e-02,7.098514437675476074e-01
1762897132.908859968,8.387752622365951538e-02,-1.276157796382904053e-02,7.224037051200866699e-01
1762897132.928933859,8.328076452016830444e-02,-1.225511543452739716e-02,7.369405031204223633e-01
1762897132.948861361,8.260991424322128296e-02,-1.184931956231594086e-02,7.523594498634338379e-01
1762897132.968824863,8.192496746778488159e-02,-1.152507588267326355e-02,7.671756148338317871e-01
1762897132.988838673,8.127004653215408325e-02,-1.125313248485326767e-02,7.799944877624511719e-01
1762897133.008152485,8.065257221460342407e-02,-1.101295277476310730e-02,7.898351550102233887e-01
1762897133.027868509,7.951287925243377686e-02,-1.081196684390306473e-02,7.969424724578857422e-01
1762897133.047911406,7.900261133909225464e-02,-1.059256587177515030e-02,8.000876903533935547e-01
1762897133.068233728,7.850437611341476440e-02,-1.032620947808027267e-02,8.019125461578369141e-01
1762897133.087973118,7.799096405506134033e-02,-1.004436425864696503e-02,8.045422434806823730e-01
1762897133.107800245,7.802586257457733154e-02,-9.756570681929588318e-03,8.100422620773315430e-01
1762897133.128010988,7.690207660198211670e-02,-9.561351500451564789e-03,8.173867464065551758e-01
1762897133.147969484,7.637961208820343018e-02,-9.413520805537700653e-03,8.276743292808532715e-01
1762897133.167912960,7.590597122907638550e-02,-9.354417212307453156e-03,8.403700590133666992e-01
1762897133.187862635,7.550236582756042480e-02,-9.383786469697952271e-03,8.547960519790649414e-01
1762897133.207948685,7.518521696329116821e-02,-9.479971602559089661e-03,8.694249987602233887e-01
1762897133.227948904,7.544156908988952637e-02,-9.552893228828907013e-03,8.793545961380004883e-01
1762897133.247820377,7.497632503509521484e-02,-9.751504287123680115e-03,8.918995857238769531e-01
1762897133.267907381,7.529846578836441040e-02,-9.860665537416934967e-03,8.970786929130554199e-01
1762897133.287978411,7.518581300973892212e-02,-1.002410706132650375e-02,9.017314910888671875e-01
1762897133.307893753,7.530930638313293457e-02,-1.008761115372180939e-02,9.035579562187194824e-01
1762897133.328781366,7.498027384281158447e-02,-1.010743808001279831e-02,9.050692319869995117e-01
1762897133.348924160,7.552605122327804565e-02,-9.925114922225475311e-03,9.078750014305114746e-01
1762897133.368880749,7.522469758987426758e-02,-9.634373709559440613e-03,9.141632318496704102e-01
1762897133.388796806,7.573324441909790039e-02,-9.333649650216102600e-03,9.209764599800109863e-01
1762897133.408805847,7.539805024862289429e-02,-8.904731832444667816e-03,9.334562420845031738e-01
1762897133.429008245,7.573264092206954956e-02,-8.596553467214107513e-03,9.436317682266235352e-01
1762897133.449013710,7.568992674350738525e-02,-8.255562745034694672e-03,9.566680192947387695e-01
1762897133.468890190,7.563190907239913940e-02,-7.937877438962459564e-03,9.691581726074218750e-01
1762897133.488881588,7.560714334249496460e-02,-7.640887517482042313e-03,9.796215295791625977e-01
1762897133.508929968,7.562832534313201904e-02,-7.362156640738248825e-03,9.871116876602172852e-01
1762897133.528836012,7.569172233343124390e-02,-7.095313630998134613e-03,9.912976026535034180e-01
1762897133.548854113,7.578822225332260132e-02,-6.793656852096319199e-03,9.926941394805908203e-01
1762897133.569189548,7.588437944650650024e-02,-6.427737418562173843e-03,9.928137063980102539e-01
1762897133.588800192,7.591892033815383911e-02,-6.019831169396638870e-03,9.936034083366394043e-01
1762897133.607924223,7.523546367883682251e-02,-5.587942432612180710e-03,9.960775971412658691e-01
1762897133.627909899,7.511334121227264404e-02,-5.229828413575887680e-03,1.001655817031860352e+00
1762897133.647827864,7.482396066188812256e-02,-4.950521048158407211e-03,1.009740352630615234e+00
1762897133.668907404,7.444516569375991821e-02,-4.798414185643196106e-03,1.020129442214965820e+00
1762897133.688981533,7.466349005699157715e-02,-4.749482963234186172e-03,1.030910253524780273e+00
1762897133.708792686,7.432606071233749390e-02,-4.799000918865203857e-03,1.041833400726318359e+00
1762897133.727821827,7.439567148685455322e-02,-4.846185911446809769e-03,1.047555446624755859e+00
1762897133.747849703,7.417407631874084473e-02,-4.975056741386651993e-03,1.054951429367065430e+00
1762897133.767813921,7.398594915866851807e-02,-5.132906604558229446e-03,1.059342384338378906e+00
1762897133.787821293,7.385070621967315674e-02,-5.275372881442308426e-03,1.060618162155151367e+00
1762897133.807813883,7.377427071332931519e-02,-5.369512364268302917e-03,1.059514403343200684e+00
1762897133.828937292,7.372890412807464600e-02,-5.412250291556119919e-03,1.057411313056945801e+00
1762897133.848798275,7.374375313520431519e-02,-5.387126468122005463e-03,1.056278824806213379e+00
1762897133.868847132,7.374113798141479492e-02,-5.313991103321313858e-03,1.057206153869628906e+00
1762897133.888926983,7.373024523258209229e-02,-5.219172220677137375e-03,1.060584187507629395e+00
1762897133.908844471,7.371110469102859497e-02,-5.133396945893764496e-03,1.066453218460083008e+00
1762897133.927705526,7.347985357046127319e-02,-5.087219644337892532e-03,1.075685977935791016e+00
1762897133.947899580,7.365407049655914307e-02,-5.080567207187414169e-03,1.084934949874877930e+00
1762897133.967870235,7.367260754108428955e-02,-5.126693751662969589e-03,1.095553636550903320e+00
1762897133.987931967,7.372745871543884277e-02,-5.207949317991733551e-03,1.105189800262451172e+00
1762897134.007875204,7.383808493614196777e-02,-5.311348475515842438e-03,1.112285017967224121e+00
1762897134.027763128,7.399614900350570679e-02,-5.407596472650766373e-03,1.115879893302917480e+00
1762897134.048835278,7.419509440660476685e-02,-5.468379240483045578e-03,1.115793943405151367e+00
1762897134.068974018,7.443606853485107422e-02,-5.498870275914669037e-03,1.112629413604736328e+00
1762897134.088940144,7.472148537635803223e-02,-5.607401952147483826e-03,1.108137130737304688e+00
1762897134.108833313,7.501772046089172363e-02,-6.022311281412839890e-03,1.104438900947570801e+00
1762897134.128859997,7.532005757093429565e-02,-6.933954078704118729e-03,1.102619290351867676e+00
1762897134.148778200,7.563985884189605713e-02,-8.434919640421867371e-03,1.102809548377990723e+00
1762897134.168010235,7.597292959690093994e-02,-1.056499592959880829e-02,1.105061650276184082e+00
1762897134.188041687,7.607380300760269165e-02,-1.294764038175344467e-02,1.108669519424438477e+00
1762897134.207871914,7.647878676652908325e-02,-1.606494188308715820e-02,1.114798307418823242e+00
1762897134.227865934,7.691518217325210571e-02,-1.953786425292491913e-02,1.122175455093383789e+00
1762897134.247874260,7.738962769508361816e-02,-2.321653068065643311e-02,1.129636406898498535e+00
1762897134.268048763,7.791036367416381836e-02,-2.698400802910327911e-02,1.135820388793945312e+00
1762897134.287729263,7.848371565341949463e-02,-3.078255243599414825e-02,1.139435887336730957e+00
1762897134.307817221,7.910528779029846191e-02,-3.458563610911369324e-02,1.139873504638671875e+00
1762897134.327747583,7.976856082677841187e-02,-3.832698613405227661e-02,1.137356281280517578e+00
1762897134.348012447,8.044643700122833252e-02,-4.190744459629058838e-02,1.133073329925537109e+00
1762897134.367759466,8.105107396841049194e-02,-4.515550658106803894e-02,1.129085421562194824e+00
1762897134.387914896,8.146640658378601074e-02,-4.784584790468215942e-02,1.127186775207519531e+00
1762897134.408009768,8.162712305784225464e-02,-4.985915124416351318e-02,1.127978563308715820e+00
1762897134.427776575,8.150754123926162720e-02,-5.115775391459465027e-02,1.131518840789794922e+00
1762897134.447739601,8.111637085676193237e-02,-5.177761241793632507e-02,1.137645363807678223e+00
1762897134.467882156,8.048696815967559814e-02,-5.178785696625709534e-02,1.145899176597595215e+00
1762897134.488039255,7.969402521848678589e-02,-5.133324861526489258e-02,1.155156016349792480e+00
1762897134.507963657,7.883251458406448364e-02,-5.059687048196792603e-02,1.163812756538391113e+00
1762897134.527842522,7.732661068439483643e-02,-4.961379617452621460e-02,1.171065330505371094e+00
1762897134.548273802,7.719129323959350586e-02,-4.902610182762145996e-02,1.172754883766174316e+00
1762897134.567897320,7.599855214357376099e-02,-4.795009642839431763e-02,1.172531604766845703e+00
1762897134.589154720,7.607007026672363281e-02,-4.721991717815399170e-02,1.168750166893005371e+00
1762897134.608903170,7.497674971818923950e-02,-4.586892202496528625e-02,1.162362098693847656e+00
1762897134.628753424,7.419053465127944946e-02,-4.441169649362564087e-02,1.156744837760925293e+00
1762897134.648945808,7.274956256151199341e-02,-4.258870333433151245e-02,1.152295589447021484e+00
1762897134.668866873,7.283870875835418701e-02,-4.130482301115989685e-02,1.152605414390563965e+00
1762897134.688840866,7.189180701971054077e-02,-3.963983803987503052e-02,1.153800010681152344e+00
1762897134.708870888,7.117884606122970581e-02,-3.852357715368270874e-02,1.156612753868103027e+00
1762897134.729032278,7.087146490812301636e-02,-3.749741986393928528e-02,1.163190126419067383e+00
1762897134.747808695,6.991527229547500610e-02,-3.670603409409523010e-02,1.171160340309143066e+00
1762897134.767857552,6.997589766979217529e-02,-3.642126917839050293e-02,1.178256988525390625e+00
1762897134.787929296,7.048599421977996826e-02,-3.630825132131576538e-02,1.182474374771118164e+00
1762897134.807726383,7.070299237966537476e-02,-3.616483882069587708e-02,1.185962200164794922e+00
1762897134.827902794,7.097545266151428223e-02,-3.605683892965316772e-02,1.186351656913757324e+00
1762897134.847940207,7.132708281278610229e-02,-3.594481572508811951e-02,1.183643698692321777e+00
1762897134.867876530,7.185334712266921997e-02,-3.581238165497779846e-02,1.179160118103027344e+00
1762897134.887903214,7.242801040410995483e-02,-3.566722199320793152e-02,1.174355149269104004e+00
1762897134.908030033,7.307235896587371826e-02,-3.550323843955993652e-02,1.171052217483520508e+00
1762897134.927956104,7.372040301561355591e-02,-3.531012311577796936e-02,1.170223474502563477e+00
1762897134.947869301,7.430469244718551636e-02,-3.508267179131507874e-02,1.172056674957275391e+00
1762897134.967982054,7.478302717208862305e-02,-3.482677787542343140e-02,1.176439046859741211e+00
1762897134.987919807,7.514630258083343506e-02,-3.455153107643127441e-02,1.182797431945800781e+00
1762897135.007849932,7.542163133621215820e-02,-3.426354378461837769e-02,1.189993619918823242e+00
1762897135.027955055,7.566306740045547485e-02,-3.397098556160926819e-02,1.196448326110839844e+00
1762897135.047962666,7.591875642538070679e-02,-3.368890285491943359e-02,1.200666189193725586e+00
1762897135.067878246,7.568927109241485596e-02,-3.339027985930442810e-02,1.202251195907592773e+00
1762897135.088900328,7.651323825120925903e-02,-3.310168161988258362e-02,1.199386715888977051e+00
1762897135.109037161,7.689329981803894043e-02,-3.271168470382690430e-02,1.194584012031555176e+00
1762897135.128797054,7.720875740051269531e-02,-3.217341005802154541e-02,1.188915252685546875e+00
1762897135.147830248,7.737257331609725952e-02,-3.146465122699737549e-02,1.184283137321472168e+00
1762897135.167902470,7.692036777734756470e-02,-3.063327819108963013e-02,1.181526064872741699e+00
1762897135.187764168,7.681239396333694458e-02,-2.978578582406044006e-02,1.182087540626525879e+00
1762897135.207860470,7.659940421581268311e-02,-2.898397296667098999e-02,1.185075163841247559e+00
1762897135.227934837,7.632275670766830444e-02,-2.827779017388820648e-02,1.190230846405029297e+00
1762897135.247862339,7.602980732917785645e-02,-2.768226340413093567e-02,1.196628093719482422e+00
1762897135.267884493,7.576829195022583008e-02,-2.718127332627773285e-02,1.202893972396850586e+00
1762897135.287851572,7.557251304388046265e-02,-2.674245834350585938e-02,1.207436800003051758e+00
1762897135.307900190,7.544921338558197021e-02,-2.634617500007152557e-02,1.209033250808715820e+00
1762897135.327842951,7.538847625255584717e-02,-2.596828341484069824e-02,1.207335472106933594e+00
1762897135.347819567,7.539091259241104126e-02,-2.555398829281330109e-02,1.202810525894165039e+00
1762897135.367873907,7.545797526836395264e-02,-2.509026601910591125e-02,1.196859955787658691e+00
1762897135.387949467,7.557520270347595215e-02,-2.459906041622161865e-02,1.191559433937072754e+00
1762897135.407947540,7.571817189455032349e-02,-2.410923875868320465e-02,1.188721537590026855e+00
1762897135.427821636,7.587409019470214844e-02,-2.366646751761436462e-02,1.188652038574218750e+00
1762897135.447972775,7.643134146928787231e-02,-2.338817715644836426e-02,1.190889596939086914e+00
1762897135.467805147,7.670932263135910034e-02,-2.312318608164787292e-02,1.194989562034606934e+00
1762897135.488845587,7.639330625534057617e-02,-2.286735549569129944e-02,1.202684760093688965e+00
1762897135.508903265,7.658443599939346313e-02,-2.276756986975669861e-02,1.209213495254516602e+00
1762897135.528879642,7.683879137039184570e-02,-2.271220460534095764e-02,1.214059591293334961e+00
1762897135.549128294,7.783604413270950317e-02,-2.269782125949859619e-02,1.214447617530822754e+00
1762897135.568916559,7.794943451881408691e-02,-2.267611399292945862e-02,1.214182615280151367e+00
1762897135.589098215,7.805614173412322998e-02,-2.262441441416740417e-02,1.209531068801879883e+00
1762897135.608946800,7.877614349126815796e-02,-2.248879894614219666e-02,1.204830288887023926e+00
1762897135.628964901,7.919228821992874146e-02,-2.225857414305210114e-02,1.199475407600402832e+00
1762897135.648887873,7.915724813938140869e-02,-2.187712490558624268e-02,1.194917321205139160e+00
1762897135.667832851,7.982746511697769165e-02,-2.170918695628643036e-02,1.195228099822998047e+00
1762897135.687860250,7.972463965415954590e-02,-2.130249701440334320e-02,1.195721983909606934e+00
1762897135.707836866,7.972371578216552734e-02,-2.097738161683082581e-02,1.199025988578796387e+00
1762897135.727808237,7.958108931779861450e-02,-2.070657722651958466e-02,1.204457044601440430e+00
1762897135.747826815,7.954553514719009399e-02,-2.052534744143486023e-02,1.210513234138488770e+00
1762897135.767818451,7.916599512100219727e-02,-2.037301659584045410e-02,1.217640757560729980e+00
1762897135.787958384,7.919487357139587402e-02,-2.029461041092872620e-02,1.221775174140930176e+00
1762897135.808001757,7.906351238489151001e-02,-2.022526413202285767e-02,1.223880290985107422e+00
1762897135.827859402,7.896714657545089722e-02,-2.016238309442996979e-02,1.222690939903259277e+00
1762897135.847839117,7.891868799924850464e-02,-2.006791718304157257e-02,1.218195438385009766e+00
1762897135.867788076,7.891488075256347656e-02,-1.989331655204296112e-02,1.211270451545715332e+00
1762897135.887722254,7.892138510942459106e-02,-1.961239799857139587e-02,1.203768134117126465e+00
1762897135.907917500,7.888938486576080322e-02,-1.921962574124336243e-02,1.197598695755004883e+00
1762897135.927826643,7.879690825939178467e-02,-1.876116171479225159e-02,1.193745255470275879e+00
1762897135.947824955,7.865095883607864380e-02,-1.830154098570346832e-02,1.192367315292358398e+00
1762897135.967895031,7.846953719854354858e-02,-1.790151931345462799e-02,1.193433761596679688e+00
1762897135.987848520,7.827201485633850098e-02,-1.760383881628513336e-02,1.196896910667419434e+00
1762897136.007808447,7.807902246713638306e-02,-1.742986403405666351e-02,1.202389836311340332e+00
1762897136.027956486,7.791700959205627441e-02,-1.737160980701446533e-02,1.208921194076538086e+00
1762897136.047903538,7.781000435352325439e-02,-1.739774458110332489e-02,1.215048909187316895e+00
1762897136.068959713,7.774735242128372192e-02,-1.748302765190601349e-02,1.219322562217712402e+00
1762897136.088815689,7.778453081846237183e-02,-1.759267970919609070e-02,1.220451593399047852e+00
1762897136.108887434,7.785329967737197876e-02,-1.770337484776973724e-02,1.218224287033081055e+00
1762897136.128994226,7.797635346651077271e-02,-1.776193082332611084e-02,1.212840437889099121e+00
1762897136.148972511,7.815661281347274780e-02,-1.771404407918453217e-02,1.205571889877319336e+00
1762897136.167843819,7.808189094066619873e-02,-1.758749224245548248e-02,1.198818445205688477e+00
1762897136.188980579,7.821547985076904297e-02,-1.727468147873878479e-02,1.193110108375549316e+00
1762897136.208899260,7.863538712263107300e-02,-1.684865728020668030e-02,1.190440893173217773e+00
1762897136.228832245,7.867738604545593262e-02,-1.646751910448074341e-02,1.190159440040588379e+00
1762897136.247883797,7.835970073938369751e-02,-1.616080664098262787e-02,1.191874504089355469e+00
1762897136.268109798,7.832381129264831543e-02,-1.591757126152515411e-02,1.196193575859069824e+00
1762897136.287859917,7.822012901306152344e-02,-1.576930284500122070e-02,1.202272057533264160e+00
1762897136.308867931,7.811027020215988159e-02,-1.571015454828739166e-02,1.208782434463500977e+00
1762897136.329048872,7.805901765823364258e-02,-1.570856757462024689e-02,1.213979125022888184e+00
1762897136.348946810,7.805428653955459595e-02,-1.574408635497093201e-02,1.216646552085876465e+00
1762897136.368714809,7.810202240943908691e-02,-1.580123230814933777e-02,1.216071128845214844e+00
1762897136.388905048,7.819863408803939819e-02,-1.583965495228767395e-02,1.212285637855529785e+00
1762897136.409072876,7.833657413721084595e-02,-1.581214554607868195e-02,1.206229090690612793e+00
1762897136.428826571,7.848301529884338379e-02,-1.570269465446472168e-02,1.199746489524841309e+00
1762897136.448822737,7.858712971210479736e-02,-1.551007945090532303e-02,1.194791913032531738e+00
1762897136.468888044,7.862471044063568115e-02,-1.527023874223232269e-02,1.192270517349243164e+00
1762897136.488753557,7.859778404235839844e-02,-1.502940803766250610e-02,1.192265868186950684e+00
1762897136.508884192,7.851947844028472900e-02,-1.482961885631084442e-02,1.194706320762634277e+00
1762897136.528957605,7.840781658887863159e-02,-1.469917409121990204e-02,1.199354648590087891e+00
1762897136.549100399,7.829081267118453979e-02,-1.464426610618829727e-02,1.205352425575256348e+00
1762897136.568681955,7.820130139589309692e-02,-1.465012226253747940e-02,1.211327433586120605e+00
1762897136.587796688,7.812439650297164917e-02,-1.469751540571451187e-02,1.215901732444763184e+00
1762897136.607917309,7.818868756294250488e-02,-1.477337628602981567e-02,1.217520713806152344e+00
1762897136.628015757,7.826864719390869141e-02,-1.486570760607719421e-02,1.216023445129394531e+00
1762897136.647867918,7.784759998321533203e-02,-1.494290586560964584e-02,1.211563825607299805e+00
1762897136.668791771,7.853731513023376465e-02,-1.488175801932811737e-02,1.205306887626647949e+00
1762897136.688933611,7.875340431928634644e-02,-1.474925130605697632e-02,1.199548840522766113e+00
1762897136.708786249,7.889675348997116089e-02,-1.453000865876674652e-02,1.195664286613464355e+00
1762897136.728894472,7.843393087387084961e-02,-1.426767930388450623e-02,1.193668127059936523e+00
1762897136.748883963,7.845170795917510986e-02,-1.401167083531618118e-02,1.195073485374450684e+00
1762897136.768887758,7.841795682907104492e-02,-1.381241437047719955e-02,1.198914051055908203e+00
1762897136.789822102,7.892321795225143433e-02,-1.370912976562976837e-02,1.204403638839721680e+00
1762897136.807900667,7.827544957399368286e-02,-1.364618819206953049e-02,1.210987448692321777e+00
1762897136.828035355,7.827761769294738770e-02,-1.365199871361255646e-02,1.216131925582885742e+00
1762897136.847875357,7.831918448209762573e-02,-1.368904206901788712e-02,1.218871474266052246e+00
1762897136.867878199,7.842290401458740234e-02,-1.374472118914127350e-02,1.218324184417724609e+00
1762897136.887844086,7.858394831418991089e-02,-1.378567889332771301e-02,1.214545607566833496e+00
1762897136.907989502,7.879441231489181519e-02,-1.375166326761245728e-02,1.208613276481628418e+00
1762897136.927873135,7.902599871158599854e-02,-1.362588722258806229e-02,1.202455878257751465e+00
1762897136.947962999,7.923307269811630249e-02,-1.342144981026649475e-02,1.197989940643310547e+00
1762897136.967902184,7.938308268785476685e-02,-1.317850127816200256e-02,1.196253180503845215e+00
1762897136.988443136,7.947262376546859741e-02,-1.295243762433528900e-02,1.197177529335021973e+00
1762897137.007918119,7.950812578201293945e-02,-1.278402563184499741e-02,1.200572729110717773e+00
1762897137.027805805,7.950546592473983765e-02,-1.269719656556844711e-02,1.205962538719177246e+00
1762897137.049009562,7.941082119941711426e-02,-1.268681138753890991e-02,1.212419867515563965e+00
1762897137.068709373,7.951886951923370361e-02,-1.273613050580024719e-02,1.217529773712158203e+00
1762897137.088833570,7.960298657417297363e-02,-1.281367428600788116e-02,1.220657110214233398e+00
1762897137.108922958,7.974413037300109863e-02,-1.291518379002809525e-02,1.220613956451416016e+00
1762897137.127840757,8.078507333993911743e-02,-1.297576539218425751e-02,1.218384027481079102e+00
1762897137.147967577,8.061320334672927856e-02,-1.304214540868997574e-02,1.214598298072814941e+00
1762897137.167773485,8.114130049943923950e-02,-1.303094904869794846e-02,1.208334565162658691e+00
1762897137.188138962,8.108871430158615112e-02,-1.298500504344701767e-02,1.203167915344238281e+00
1762897137.207780838,8.145765960216522217e-02,-1.287823542952537537e-02,1.199682950973510742e+00
1762897137.227846146,8.143878728151321411e-02,-1.273172535002231598e-02,1.197540521621704102e+00
1762897137.247973680,8.144554495811462402e-02,-1.260838657617568970e-02,1.198307275772094727e+00
1762897137.267702818,8.137646317481994629e-02,-1.253888104110956192e-02,1.201528429985046387e+00
1762897137.287825584,8.146236836910247803e-02,-1.254972349852323532e-02,1.206267476081848145e+00
1762897137.309003830,8.098496496677398682e-02,-1.263111829757690430e-02,1.213704109191894531e+00
1762897137.328803778,8.090435713529586792e-02,-1.277791801840066910e-02,1.219849467277526855e+00
1762897137.348824263,8.072568476200103760e-02,-1.297179795801639557e-02,1.224692583084106445e+00
1762897137.368878603,8.092541247606277466e-02,-1.315779332071542740e-02,1.225879430770874023e+00
1762897137.388943195,8.091292530298233032e-02,-1.336937583982944489e-02,1.224546670913696289e+00
1762897137.408981800,8.093275129795074463e-02,-1.355167198926210403e-02,1.219962716102600098e+00
1762897137.428903818,8.099487423896789551e-02,-1.364481821656227112e-02,1.213068485260009766e+00
1762897137.448920012,8.106160163879394531e-02,-1.361488923430442810e-02,1.205739855766296387e+00
1762897137.468908787,8.107475936412811279e-02,-1.344785094261169434e-02,1.199926853179931641e+00
1762897137.488891840,8.100786060094833374e-02,-1.319099310785531998e-02,1.196485161781311035e+00
1762897137.508872032,8.086426556110382080e-02,-1.290782634168863297e-02,1.195526003837585449e+00
1762897137.529079437,8.066099882125854492e-02,-1.266107894480228424e-02,1.197001814842224121e+00
1762897137.548762083,8.041634410619735718e-02,-1.249457336962223053e-02,1.200853824615478516e+00
1762897137.568867922,8.015514165163040161e-02,-1.242852769792079926e-02,1.206586003303527832e+00
1762897137.588919401,7.991142570972442627e-02,-1.245639100670814514e-02,1.213069438934326172e+00
1762897137.608882189,7.971452176570892334e-02,-1.255283504724502563e-02,1.218857288360595703e+00
1762897137.627867937,7.931113243103027344e-02,-1.267443783581256866e-02,1.222551941871643066e+00
1762897137.647965670,7.949280738830566406e-02,-1.286808960139751434e-02,1.222966432571411133e+00
1762897137.667750120,7.919923216104507446e-02,-1.301890145987272263e-02,1.220734357833862305e+00
1762897137.688857555,7.946950942277908325e-02,-1.312924921512603760e-02,1.214197158813476562e+00
1762897137.707750797,7.881549000740051270e-02,-1.315702311694622040e-02,1.205249071121215820e+00
1762897137.727914095,7.935843616724014282e-02,-1.299363188445568085e-02,1.200402140617370605e+00
1762897137.748225689,7.944624125957489014e-02,-1.272371318191289902e-02,1.195585250854492188e+00
1762897137.767846107,7.946451753377914429e-02,-1.240433752536773682e-02,1.193130970001220703e+00
1762897137.787945747,7.943695038557052612e-02,-1.209752075374126434e-02,1.193173289299011230e+00
1762897137.808128834,7.937029749155044556e-02,-1.186168286949396133e-02,1.195641517639160156e+00
1762897137.827868938,7.927762717008590698e-02,-1.172812189906835556e-02,1.200267672538757324e+00
1762897137.848951340,7.917441427707672119e-02,-1.170017290860414505e-02,1.206257581710815430e+00
1762897137.868964672,7.911653816699981689e-02,-1.175701059401035309e-02,1.212172865867614746e+00
1762897137.888821602,7.909993082284927368e-02,-1.186772808432579041e-02,1.216621160507202148e+00
1762897137.908912897,7.914171367883682251e-02,-1.201519183814525604e-02,1.218353986740112305e+00
1762897137.928965569,7.923617959022521973e-02,-1.218180358409881592e-02,1.216850399971008301e+00
1762897137.948879719,7.938162237405776978e-02,-1.231460552662611008e-02,1.212326169013977051e+00
1762897137.968852520,7.957018911838531494e-02,-1.237013656646013260e-02,1.205994844436645508e+00
1762897137.988908768,7.976414263248443604e-02,-1.234088186174631119e-02,1.199781656265258789e+00
1762897138.008930206,7.991108298301696777e-02,-1.222993992269039154e-02,1.195465683937072754e+00
1762897138.028761625,7.998801022768020630e-02,-1.208041235804557800e-02,1.193681120872497559e+00
1762897138.048908710,7.999382168054580688e-02,-1.193695422261953354e-02,1.194413185119628906e+00
1762897138.068021059,8.014871180057525635e-02,-1.185327116400003433e-02,1.197265386581420898e+00
1762897138.087965965,7.984085381031036377e-02,-1.181174255907535553e-02,1.202793836593627930e+00
1762897138.108009100,7.972182333469390869e-02,-1.185281109064817429e-02,1.208992242813110352e+00
1762897138.128211498,7.962957024574279785e-02,-1.194757502526044846e-02,1.214670777320861816e+00
1762897138.147768259,7.958611845970153809e-02,-1.207782700657844543e-02,1.218344092369079590e+00
1762897138.168887377,7.894228398799896240e-02,-1.222698949277400970e-02,1.219629526138305664e+00
1762897138.188951254,7.966501265764236450e-02,-1.237781625241041183e-02,1.216241359710693359e+00
1762897138.209017754,7.923366874456405640e-02,-1.248423755168914795e-02,1.210667729377746582e+00
1762897138.229121447,7.993352413177490234e-02,-1.242872979491949081e-02,1.204449295997619629e+00
1762897138.248940945,8.006885647773742676e-02,-1.227924972772598267e-02,1.199087381362915039e+00
1762897138.268871307,8.015122264623641968e-02,-1.204171124845743179e-02,1.196013569831848145e+00
1762897138.289334774,8.012261986732482910e-02,-1.177088078111410141e-02,1.195484399795532227e+00
1762897138.308928728,7.956443727016448975e-02,-1.151621155440807343e-02,1.197275400161743164e+00
1762897138.328973770,7.947091758251190186e-02,-1.135309599339962006e-02,1.201803803443908691e+00
1762897138.349060774,7.935106009244918823e-02,-1.127784140408039093e-02,1.207724452018737793e+00
1762897138.368823290,7.924846559762954712e-02,-1.127605512738227844e-02,1.213535308837890625e+00
1762897138.388777256,7.919590175151824951e-02,-1.132067199796438217e-02,1.217682480812072754e+00
1762897138.408850670,7.920735329389572144e-02,-1.139925513416528702e-02,1.218955159187316895e+00
1762897138.428772688,7.927695661783218384e-02,-1.149023883044719696e-02,1.216972470283508301e+00
1762897138.448844433,7.939852774143218994e-02,-1.153600402176380157e-02,1.212223052978515625e+00
1762897138.468870163,7.955412566661834717e-02,-1.150898169726133347e-02,1.206245779991149902e+00
1762897138.489056110,7.970599085092544556e-02,-1.141545083373785019e-02,1.201034784317016602e+00
1762897138.508798599,7.981244474649429321e-02,-1.127913035452365875e-02,1.198266983032226562e+00
1762897138.528913498,7.986411452293395996e-02,-1.115070097148418427e-02,1.198259711265563965e+00
1762897138.548949242,7.986815273761749268e-02,-1.106990687549114227e-02,1.200782895088195801e+00
1762897138.568911314,8.069097250699996948e-02,-1.109660882502794266e-02,1.203701257705688477e+00
1762897138.588837385,8.035966008901596069e-02,-1.113629713654518127e-02,1.209768533706665039e+00
1762897138.608837366,8.037967234849929810e-02,-1.124625839293003082e-02,1.215149044990539551e+00
1762897138.628922224,7.987447082996368408e-02,-1.142159570008516312e-02,1.220739483833312988e+00
1762897138.649078369,8.047110587358474731e-02,-1.157999597489833832e-02,1.220988154411315918e+00
1762897138.668871641,8.064245432615280151e-02,-1.176011282950639725e-02,1.219576478004455566e+00
1762897138.688738823,8.074633032083511353e-02,-1.190904155373573303e-02,1.215429425239562988e+00
1762897138.708199263,8.101317286491394043e-02,-1.196958310902118683e-02,1.211704730987548828e+00
1762897138.727797508,8.140197396278381348e-02,-1.199606712907552719e-02,1.207040905952453613e+00
1762897138.747728586,8.163303136825561523e-02,-1.196732744574546814e-02,1.203416228294372559e+00
1762897138.768791676,8.173251152038574219e-02,-1.190535072237253189e-02,1.201888680458068848e+00
1762897138.788938999,8.173496276140213013e-02,-1.184282731264829636e-02,1.202828764915466309e+00
1762897138.808794975,8.144370466470718384e-02,-1.180446147918701172e-02,1.206552624702453613e+00
1762897138.828769207,8.144266158342361450e-02,-1.184146758168935776e-02,1.211692094802856445e+00
1762897138.847986221,8.127027004957199097e-02,-1.193104125559329987e-02,1.218019008636474609e+00
1762897138.867876291,8.115159720182418823e-02,-1.206676103174686432e-02,1.223623991012573242e+00
1762897138.887859583,8.097282797098159790e-02,-1.224182639271020889e-02,1.227475166320800781e+00
1762897138.907844543,8.094195276498794556e-02,-1.243308093398809433e-02,1.227985501289367676e+00
1762897138.928211927,8.085105568170547485e-02,-1.262440253049135208e-02,1.225252866744995117e+00
1762897138.947768927,8.085463941097259521e-02,-1.274443604052066803e-02,1.219428777694702148e+00
1762897138.968978405,8.092412352561950684e-02,-1.272398699074983597e-02,1.212140202522277832e+00
1762897138.988997936,8.091975003480911255e-02,-1.254798844456672668e-02,1.205014348030090332e+00
1762897139.008771420,8.087810128927230835e-02,-1.221922039985656738e-02,1.199975371360778809e+00
1762897139.028960705,8.081719279289245605e-02,-1.183682866394519806e-02,1.197516918182373047e+00
1762897139.049906015,8.064610511064529419e-02,-1.145830564200878143e-02,1.197313547134399414e+00
1762897139.067754030,8.013194799423217773e-02,-1.110413577407598495e-02,1.199750542640686035e+00
1762897139.088869333,8.016958087682723999e-02,-1.097103673964738846e-02,1.203881740570068359e+00
1762897139.108932972,7.964992523193359375e-02,-1.089691929519176483e-02,1.210502505302429199e+00
1762897139.128843546,7.944364100694656372e-02,-1.094953902065753937e-02,1.216346144676208496e+00
1762897139.147876501,7.863215357065200806e-02,-1.106145232915878296e-02,1.221545338630676270e+00
1762897139.168036699,7.865664362907409668e-02,-1.121028698980808258e-02,1.222544431686401367e+00
1762897139.187835932,7.865406572818756104e-02,-1.138359401375055313e-02,1.220359325408935547e+00
1762897139.207876682,7.869807630777359009e-02,-1.153454463928937912e-02,1.215084314346313477e+00
1762897139.227824450,7.878769189119338989e-02,-1.159632392227649689e-02,1.208179712295532227e+00
1762897139.247757673,7.889337092638015747e-02,-1.156549900770187378e-02,1.201742410659790039e+00
1762897139.267740965,7.896889001131057739e-02,-1.144906226545572281e-02,1.197745203971862793e+00
1762897139.287839890,7.951211929321289062e-02,-1.132578682154417038e-02,1.197467803955078125e+00
1762897139.308066607,7.902133464813232422e-02,-1.115139480680227280e-02,1.198055624961853027e+00
1762897139.327877045,7.948128879070281982e-02,-1.108061242848634720e-02,1.201085925102233887e+00
1762897139.347876549,7.902074605226516724e-02,-1.101850811392068863e-02,1.207265734672546387e+00
1762897139.367931604,7.938012480735778809e-02,-1.103503629565238953e-02,1.211964249610900879e+00
1762897139.387859106,7.938211411237716675e-02,-1.108383852988481522e-02,1.217277526855468750e+00
1762897139.407850742,7.941052317619323730e-02,-1.116598024964332581e-02,1.220711350440979004e+00
1762897139.427795172,7.949474453926086426e-02,-1.126729883253574371e-02,1.221161961555480957e+00
1762897139.448945045,7.960108667612075806e-02,-1.135187223553657532e-02,1.218346834182739258e+00
1762897139.468891382,7.982981950044631958e-02,-1.136205438524484634e-02,1.213132262229919434e+00
1762897139.488792658,8.005354553461074829e-02,-1.127253845334053040e-02,1.207019448280334473e+00
1762897139.508890390,8.025091886520385742e-02,-1.107944920659065247e-02,1.201922059059143066e+00
1762897139.529081345,8.037894219160079956e-02,-1.081275101751089096e-02,1.199064612388610840e+00
1762897139.548889160,8.042334765195846558e-02,-1.053039822727441788e-02,1.198717713356018066e+00
1762897139.568031073,8.037771284580230713e-02,-1.028165034949779510e-02,1.200863361358642578e+00
1762897139.588468552,8.028254657983779907e-02,-1.010707113891839981e-02,1.205186843872070312e+00
1762897139.608865976,8.013262599706649780e-02,-1.001404784619808197e-02,1.210901498794555664e+00
1762897139.627954006,8.031152933835983276e-02,-9.997466579079627991e-03,1.214228987693786621e+00
1762897139.647986174,8.000494539737701416e-02,-9.997336193919181824e-03,1.219365954399108887e+00
1762897139.667891979,8.015700429677963257e-02,-1.003768201917409897e-02,1.221050858497619629e+00
1762897139.688823462,7.985999435186386108e-02,-1.010585390031337738e-02,1.220322728157043457e+00
1762897139.708950520,7.993256300687789917e-02,-1.014918647706508636e-02,1.215962409973144531e+00
1762897139.728872538,8.027070015668869019e-02,-1.011593174189329147e-02,1.210254669189453125e+00
1762897139.748804569,8.015549182891845703e-02,-1.000827644020318985e-02,1.202346682548522949e+00
1762897139.768789053,8.045418560504913330e-02,-9.831800125539302826e-03,1.197772383689880371e+00
1762897139.789963484,8.044110983610153198e-02,-9.599896147847175598e-03,1.194248795509338379e+00
1762897139.807758331,8.018027991056442261e-02,-9.348725900053977966e-03,1.193165779113769531e+00
1762897139.827901125,8.034454286098480225e-02,-9.206584654748439789e-03,1.194942593574523926e+00
1762897139.848004341,7.995876669883728027e-02,-9.106589481234550476e-03,1.199345707893371582e+00
1762897139.867917061,7.978878915309906006e-02,-9.131804108619689941e-03,1.205439090728759766e+00
1762897139.887753725,7.993058860301971436e-02,-9.230096824467182159e-03,1.210936903953552246e+00
1762897139.907837391,7.985166460275650024e-02,-9.387795813381671906e-03,1.216409444808959961e+00
1762897139.927899837,7.981097698211669922e-02,-9.586196392774581909e-03,1.219644069671630859e+00
1762897139.948201895,7.982087880373001099e-02,-9.807057678699493408e-03,1.219752430915832520e+00
1762897139.967815638,7.987573742866516113e-02,-1.002085022628307343e-02,1.216539382934570312e+00
1762897139.987773418,7.997968792915344238e-02,-1.015813276171684265e-02,1.210588335990905762e+00
1762897140.007893801,8.011584728956222534e-02,-1.017188001424074173e-02,1.203445911407470703e+00
1762897140.027899504,8.022860437631607056e-02,-1.004267204552888870e-02,1.197155594825744629e+00
1762897140.048866272,8.027499914169311523e-02,-9.790973737835884094e-03,1.192981123924255371e+00
1762897140.068967104,8.023939281702041626e-02,-9.480999782681465149e-03,1.191272735595703125e+00
1762897140.088826895,8.014123141765594482e-02,-9.176798164844512939e-03,1.192050933837890625e+00
1762897140.109792233,7.997949421405792236e-02,-8.929487317800521851e-03,1.195232868194580078e+00
1762897140.127890825,7.952375710010528564e-02,-8.778040297329425812e-03,1.199861764907836914e+00
1762897140.148009777,7.932809740304946899e-02,-8.704484440386295319e-03,1.206206321716308594e+00
1762897140.167957783,7.915035635232925415e-02,-8.705796673893928528e-03,1.212359309196472168e+00
1762897140.187889576,7.902488112449645996e-02,-8.757949806749820709e-03,1.216689944267272949e+00
1762897140.207830667,7.923024892807006836e-02,-8.840349502861499786e-03,1.217772841453552246e+00
1762897140.228930473,7.895258069038391113e-02,-8.917850442230701447e-03,1.216172575950622559e+00
1762897140.248938084,7.899238914251327515e-02,-8.962166495621204376e-03,1.211140513420104980e+00
1762897140.268902063,7.910145074129104614e-02,-8.911831304430961609e-03,1.204399704933166504e+00
1762897140.288960934,7.949511706829071045e-02,-8.726646192371845245e-03,1.197592020034790039e+00
1762897140.308789015,7.931730151176452637e-02,-8.527763187885284424e-03,1.193346619606018066e+00
1762897140.328858137,7.936952263116836548e-02,-8.262513205409049988e-03,1.191304683685302734e+00
1762897140.348978758,7.937474548816680908e-02,-8.021633140742778778e-03,1.191766619682312012e+00
1762897140.368771553,7.933720201253890991e-02,-7.851123809814453125e-03,1.194655060768127441e+00
1762897140.389084816,7.927102595567703247e-02,-7.773898076266050339e-03,1.199620127677917480e+00
1762897140.408965588,7.920224964618682861e-02,-7.788314484059810638e-03,1.205700397491455078e+00
1762897140.428737879,7.916150242090225220e-02,-7.872923277318477631e-03,1.211501240730285645e+00
1762897140.447969913,7.913324236869812012e-02,-8.004182949662208557e-03,1.215667366981506348e+00
1762897140.467910290,7.924121618270874023e-02,-8.159315213561058044e-03,1.216805696487426758e+00
1762897140.487846613,7.936277985572814941e-02,-8.333529345691204071e-03,1.214854001998901367e+00
1762897140.507817984,7.953017950057983398e-02,-8.464451879262924194e-03,1.210113763809204102e+00
1762897140.528115988,7.919006049633026123e-02,-8.542953990399837494e-03,1.203530907630920410e+00
1762897140.547740936,7.938180118799209595e-02,-8.484314195811748505e-03,1.197851538658142090e+00
1762897140.567858219,8.005263656377792358e-02,-8.322454057633876801e-03,1.195297956466674805e+00
1762897140.587935448,7.956008613109588623e-02,-8.163695223629474640e-03,1.193865537643432617e+00
1762897140.608165264,7.953736186027526855e-02,-8.000768721103668213e-03,1.195804953575134277e+00
1762897140.627825022,7.945271581411361694e-02,-7.891362532973289490e-03,1.200176358222961426e+00
1762897140.647942305,7.932894676923751831e-02,-7.855046540498733521e-03,1.206404566764831543e+00
1762897140.667953968,7.920657843351364136e-02,-7.886549457907676697e-03,1.213097333908081055e+00
1762897140.687759399,7.912704348564147949e-02,-7.962088100612163544e-03,1.218490958213806152e+00
1762897140.707771778,7.911162078380584717e-02,-8.066974580287933350e-03,1.221137404441833496e+00
1762897140.727922201,7.970034331083297729e-02,-8.159248158335685730e-03,1.220024228096008301e+00
1762897140.747889280,7.970879226922988892e-02,-8.267248980700969696e-03,1.216778397560119629e+00
1762897140.768907070,7.941831648349761963e-02,-8.322016336023807526e-03,1.209367871284484863e+00
1762897140.788921118,7.955902814865112305e-02,-8.212760090827941895e-03,1.202558398246765137e+00
1762897140.808774233,7.956762611865997314e-02,-7.970266975462436676e-03,1.197356462478637695e+00
1762897140.828898191,7.969578355550765991e-02,-7.685457821935415268e-03,1.195612430572509766e+00
1762897140.848910093,7.967355102300643921e-02,-7.409545592963695526e-03,1.196106791496276855e+00
1762897140.869045019,7.959942519664764404e-02,-7.198766805231571198e-03,1.199026226997375488e+00
1762897140.888725042,7.950012385845184326e-02,-7.085205987095832825e-03,1.204007267951965332e+00
1762897140.907794237,8.026832342147827148e-02,-7.089098915457725525e-03,1.207324504852294922e+00
1762897140.928072929,8.022473752498626709e-02,-7.110553793609142303e-03,1.212726116180419922e+00
1762897140.947923183,8.020991086959838867e-02,-7.186709437519311905e-03,1.216946482658386230e+00
1762897140.967844009,8.025044202804565430e-02,-7.301552221179008484e-03,1.218806385993957520e+00
1762897140.987942219,8.034724742174148560e-02,-7.428754586726427078e-03,1.217737317085266113e+00
1762897141.007786751,8.050369471311569214e-02,-7.531215902417898178e-03,1.213725924491882324e+00
1762897141.027899265,8.039117604494094849e-02,-7.598669733852148056e-03,1.208132266998291016e+00
1762897141.047985077,8.095926791429519653e-02,-7.593839894980192184e-03,1.200998902320861816e+00
1762897141.067810535,8.119206130504608154e-02,-7.546583656221628189e-03,1.195798873901367188e+00
1762897141.087905884,8.136694133281707764e-02,-7.478227838873863220e-03,1.192864537239074707e+00
1762897141.107912302,8.120104670524597168e-02,-7.427451200783252716e-03,1.192076921463012695e+00
1762897141.127864838,8.150734007358551025e-02,-7.426816970109939575e-03,1.194404721260070801e+00
1762897141.149068117,8.147135376930236816e-02,-7.503100670874118805e-03,1.198793053627014160e+00
1762897141.168992758,8.138179033994674683e-02,-7.664119359105825424e-03,1.204971194267272949e+00
1762897141.189082861,8.129028230905532837e-02,-7.895219139754772186e-03,1.211609482765197754e+00
1762897141.208869696,8.094520866870880127e-02,-8.140990510582923889e-03,1.217019677162170410e+00
1762897141.228903294,8.091602474451065063e-02,-8.448355831205844879e-03,1.220520496368408203e+00
1762897141.248827219,8.093807101249694824e-02,-8.774714544415473938e-03,1.220740914344787598e+00
1762897141.268790483,8.100261539220809937e-02,-9.101459756493568420e-03,1.217517256736755371e+00
1762897141.288865566,8.110591024160385132e-02,-9.361973032355308533e-03,1.211388349533081055e+00
1762897141.309039593,8.122659474611282349e-02,-9.483970701694488525e-03,1.203947901725769043e+00
1762897141.328964233,8.130409568548202515e-02,-9.452498517930507660e-03,1.197389602661132812e+00
1762897141.348759651,8.129362016916275024e-02,-9.282352402806282043e-03,1.193136453628540039e+00
1762897141.368789673,8.119980245828628540e-02,-9.054829366505146027e-03,1.191374540328979492e+00
1762897141.388762951,8.103716373443603516e-02,-8.831715211272239685e-03,1.192103147506713867e+00
1762897141.409001827,8.082562685012817383e-02,-8.670349605381488800e-03,1.195235848426818848e+00
1762897141.428832054,8.058982342481613159e-02,-8.599041029810905457e-03,1.200452685356140137e+00
1762897141.448901176,8.036295324563980103e-02,-8.618788793683052063e-03,1.206760644912719727e+00
1762897141.468719482,8.017798513174057007e-02,-8.708026260137557983e-03,1.212679266929626465e+00
1762897141.488872051,8.028028160333633423e-02,-8.828570134937763214e-03,1.216169476509094238e+00
1762897141.508965969,8.022613823413848877e-02,-8.984926156699657440e-03,1.217654943466186523e+00
1762897141.528790951,8.000568300485610962e-02,-9.173145517706871033e-03,1.215839743614196777e+00
1762897141.548758030,8.009112626314163208e-02,-9.307565167546272278e-03,1.210891246795654297e+00
1762897141.568909168,8.032634854316711426e-02,-9.357039816677570343e-03,1.205014467239379883e+00
1762897141.589064837,8.048673719167709351e-02,-9.336646646261215210e-03,1.199065327644348145e+00
1762897141.608863354,8.056735992431640625e-02,-9.242134168744087219e-03,1.194657564163208008e+00
1762897141.628946781,8.059654384851455688e-02,-9.109680540859699249e-03,1.192623734474182129e+00
1762897141.648889065,8.056971430778503418e-02,-8.981534279882907867e-03,1.193075180053710938e+00
1762897141.667797089,8.023705333471298218e-02,-8.896497078239917755e-03,1.195405602455139160e+00
1762897141.687968493,8.010819554328918457e-02,-8.876188658177852631e-03,1.200350761413574219e+00
1762897141.708129883,7.998098433017730713e-02,-8.932802826166152954e-03,1.206561923027038574e+00
1762897141.727983952,7.985947281122207642e-02,-9.051228873431682587e-03,1.212815165519714355e+00
1762897141.747776031,7.978281378746032715e-02,-9.208635427057743073e-03,1.217517018318176270e+00
1762897141.767824888,7.976268976926803589e-02,-9.392037056386470795e-03,1.219493746757507324e+00
1762897141.787867308,7.979410141706466675e-02,-9.592630900442600250e-03,1.218203425407409668e+00
1762897141.807876587,7.987375557422637939e-02,-9.768177755177021027e-03,1.213769078254699707e+00
1762897141.827964306,7.999189198017120361e-02,-9.867300279438495636e-03,1.207241415977478027e+00
1762897141.848319769,8.010921627283096313e-02,-9.872787632048130035e-03,1.200657844543457031e+00
1762897141.867745161,8.017526566982269287e-02,-9.784386493265628815e-03,1.195853233337402344e+00
1762897141.887823582,8.017072826623916626e-02,-9.645205922424793243e-03,1.193544030189514160e+00
1762897141.907727480,8.010133355855941772e-02,-9.504985064268112183e-03,1.193730711936950684e+00
1762897141.927720785,7.997969537973403931e-02,-9.408745914697647095e-03,1.196349024772644043e+00
1762897141.947850943,7.982581108808517456e-02,-9.383819065988063812e-03,1.201117515563964844e+00
1762897141.967846394,7.966753840446472168e-02,-9.434004314243793488e-03,1.207205533981323242e+00
1762897141.987847328,7.953863590955734253e-02,-9.545139037072658539e-03,1.213186502456665039e+00
1762897142.007824898,7.946343719959259033e-02,-9.695105254650115967e-03,1.217589020729064941e+00
1762897142.027896166,7.944856584072113037e-02,-9.872579015791416168e-03,1.219273090362548828e+00
1762897142.047742844,7.948739826679229736e-02,-1.006526406854391098e-02,1.217695713043212891e+00
1762897142.067802906,7.957840710878372192e-02,-1.022404152899980545e-02,1.213058710098266602e+00
1762897142.088008165,7.971606403589248657e-02,-1.029892917722463608e-02,1.206570625305175781e+00
1762897142.107883215,7.991591840982437134e-02,-1.027168333530426025e-02,1.200324058532714844e+00
1762897142.127856493,8.017454296350479126e-02,-1.015769504010677338e-02,1.196283221244812012e+00
1762897142.148047447,8.010219782590866089e-02,-9.971466846764087677e-03,1.193810343742370605e+00
1762897142.167801857,8.029402792453765869e-02,-9.817311540246009827e-03,1.194343686103820801e+00
1762897142.189908743,8.020169287919998169e-02,-9.677082300186157227e-03,1.196983337402343750e+00
1762897142.208168507,7.990291714668273926e-02,-9.599385783076286316e-03,1.202352881431579590e+00
1762897142.227995157,7.923059910535812378e-02,-9.596841409802436829e-03,1.209047317504882812e+00
1762897142.247891903,7.914386689662933350e-02,-9.684267453849315643e-03,1.215192794799804688e+00
1762897142.269280672,7.964987307786941528e-02,-9.817010723054409027e-03,1.218465566635131836e+00
1762897142.289011478,7.971725612878799438e-02,-9.955334477126598358e-03,1.219279170036315918e+00
1762897142.308841467,7.924444228410720825e-02,-1.010322198271751404e-02,1.217256426811218262e+00
1762897142.329067945,7.934843003749847412e-02,-1.022776868194341660e-02,1.211437702178955078e+00
1762897142.348874092,8.007232844829559326e-02,-1.022571045905351639e-02,1.205243349075317383e+00
1762897142.368946075,8.019774407148361206e-02,-1.015305053442716599e-02,1.199620723724365234e+00
1762897142.393080711,8.021837472915649414e-02,-1.000554393976926804e-02,1.196146965026855469e+00
1762897142.408817768,8.049192279577255249e-02,-9.911332279443740845e-03,1.195666909217834473e+00
1762897142.428934336,8.046467602252960205e-02,-9.768714196979999542e-03,1.196265816688537598e+00
1762897142.448818684,8.035779744386672974e-02,-9.670773521065711975e-03,1.199229598045349121e+00
1762897142.468911409,8.020998537540435791e-02,-9.640870615839958191e-03,1.204271674156188965e+00
1762897142.488778114,8.005188405513763428e-02,-9.682494215667247772e-03,1.210505008697509766e+00
1762897142.508889914,7.991574704647064209e-02,-9.784420952200889587e-03,1.216583847999572754e+00
1762897142.529105425,7.982651144266128540e-02,-9.926074184477329254e-03,1.220989227294921875e+00
1762897142.548717260,7.979360222816467285e-02,-1.008788775652647018e-02,1.222587943077087402e+00
1762897142.568831682,7.981167733669281006e-02,-1.025710068643093109e-02,1.220877408981323242e+00
1762897142.588850021,7.988123595714569092e-02,-1.039185374975204468e-02,1.215971589088439941e+00
1762897142.608939409,7.999742031097412109e-02,-1.044118963181972504e-02,1.208964943885803223e+00
1762897142.628864765,8.012580126523971558e-02,-1.037730649113655090e-02,1.201793432235717773e+00
1762897142.648796082,8.021595329046249390e-02,-1.019415538758039474e-02,1.196275353431701660e+00
1762897142.668968201,8.024397492408752441e-02,-9.938881732523441315e-03,1.193178772926330566e+00
1762897142.688970566,8.020939677953720093e-02,-9.672117419540882111e-03,1.192580699920654297e+00
1762897142.708740711,8.012324571609497070e-02,-9.448738768696784973e-03,1.194440603256225586e+00
1762897142.728874207,7.974359393119812012e-02,-9.305956773459911346e-03,1.198013424873352051e+00
1762897142.748904467,7.960147410631179810e-02,-9.257748723030090332e-03,1.204037785530090332e+00
1762897142.768839121,7.947371900081634521e-02,-9.301715530455112457e-03,1.210764408111572266e+00
1762897142.789010048,7.961096614599227905e-02,-9.400447830557823181e-03,1.215849995613098145e+00
1762897142.809120655,7.943917065858840942e-02,-9.553781710565090179e-03,1.219992756843566895e+00
1762897142.828780413,7.940887659788131714e-02,-9.727620519697666168e-03,1.220495581626892090e+00
1762897142.848791838,7.948509603738784790e-02,-9.900131262838840485e-03,1.217297434806823730e+00
1762897142.868925095,7.984556257724761963e-02,-9.992316365242004395e-03,1.211862087249755859e+00
1762897142.887790680,8.001954108476638794e-02,-9.992285631597042084e-03,1.204533815383911133e+00
1762897142.907879353,7.994498312473297119e-02,-9.849516674876213074e-03,1.196310043334960938e+00
1762897142.927803278,8.026522397994995117e-02,-9.591449983417987823e-03,1.192425847053527832e+00
1762897142.947769403,8.011548221111297607e-02,-9.231156669557094574e-03,1.189410448074340820e+00
1762897142.967865229,8.025837689638137817e-02,-8.941893465816974640e-03,1.189641118049621582e+00
1762897142.987887383,7.990293204784393311e-02,-8.644187822937965393e-03,1.192155361175537109e+00
1762897143.007955790,8.000937104225158691e-02,-8.520248346030712128e-03,1.196411728858947754e+00
1762897143.028840065,7.984137535095214844e-02,-8.468446321785449982e-03,1.202463388442993164e+00
1762897143.048830509,7.949553430080413818e-02,-8.510327897965908051e-03,1.209464192390441895e+00
1762897143.068762302,7.933027297258377075e-02,-8.615499362349510193e-03,1.214608907699584961e+00
1762897143.089768648,7.955631613731384277e-02,-8.735399693250656128e-03,1.216222643852233887e+00
1762897143.108166218,7.888917624950408936e-02,-8.918075822293758392e-03,1.215954303741455078e+00
1762897143.127894163,7.934812456369400024e-02,-9.024950675666332245e-03,1.212310194969177246e+00
1762897143.147935152,7.899060845375061035e-02,-9.155995212495326996e-03,1.204367518424987793e+00
1762897143.168004036,7.908417284488677979e-02,-9.122651070356369019e-03,1.197163343429565430e+00
1762897143.187891245,7.926248013973236084e-02,-8.975577540695667267e-03,1.192500352859497070e+00
1762897143.208866358,7.955288141965866089e-02,-8.788841776549816132e-03,1.190744042396545410e+00
1762897143.229023695,7.987194508314132690e-02,-8.564986288547515869e-03,1.190975189208984375e+00
1762897143.248776674,7.903409749269485474e-02,-8.367124944925308228e-03,1.193243741989135742e+00
1762897143.267965794,7.939277589321136475e-02,-8.287696167826652527e-03,1.197155594825744629e+00
1762897143.288115978,7.932826876640319824e-02,-8.240844123065471649e-03,1.202714800834655762e+00
1762897143.307902336,7.921497523784637451e-02,-8.249278180301189423e-03,1.208573102951049805e+00
1762897143.327865839,7.914356142282485962e-02,-8.298746310174465179e-03,1.213145494461059570e+00
1762897143.347780943,7.912997156381607056e-02,-8.380156941711902618e-03,1.215198636054992676e+00
1762897143.367832184,7.875835895538330078e-02,-8.503540419042110443e-03,1.214010119438171387e+00
1762897143.387944460,7.923936098814010620e-02,-8.544146083295345306e-03,1.210025072097778320e+00
1762897143.407757998,7.940061390399932861e-02,-8.520795032382011414e-03,1.204110383987426758e+00
1762897143.427830696,7.955047488212585449e-02,-8.407468907535076141e-03,1.198193192481994629e+00
1762897143.448903561,7.919669151306152344e-02,-8.164893835783004761e-03,1.192579507827758789e+00
1762897143.468324423,7.998346537351608276e-02,-7.998205721378326416e-03,1.192607045173645020e+00
1762897143.487913847,7.958822697401046753e-02,-7.715626619756221771e-03,1.193129539489746094e+00
1762897143.507932901,7.955913245677947998e-02,-7.545020896941423416e-03,1.196577668190002441e+00
1762897143.527853251,7.902095466852188110e-02,-7.428580429404973984e-03,1.203125953674316406e+00
1762897143.547863722,7.947660982608795166e-02,-7.432862184941768646e-03,1.207486152648925781e+00
1762897143.567883253,7.946607470512390137e-02,-7.469025440514087677e-03,1.212439894676208496e+00
1762897143.587961435,7.947730273008346558e-02,-7.545133586972951889e-03,1.215318441390991211e+00
1762897143.607889175,7.982735335826873779e-02,-7.617180701345205307e-03,1.215263128280639648e+00
1762897143.628241301,7.906361669301986694e-02,-7.717263419181108475e-03,1.212306141853332520e+00
1762897143.647848606,7.930789887905120850e-02,-7.725163828581571579e-03,1.206894874572753906e+00
1762897143.667880058,7.951398193836212158e-02,-7.666998542845249176e-03,1.201294779777526855e+00
1762897143.687850237,8.042642474174499512e-02,-7.578613702207803726e-03,1.199501752853393555e+00
1762897143.707895517,7.981533557176589966e-02,-7.399445399641990662e-03,1.195684432983398438e+00
1762897143.727856874,7.986842840909957886e-02,-7.267832756042480469e-03,1.196783065795898438e+00
1762897143.747862577,7.985723018646240234e-02,-7.189407944679260254e-03,1.200323224067687988e+00
1762897143.767770767,7.980026304721832275e-02,-7.184110116213560104e-03,1.205715179443359375e+00
1762897143.789939165,8.022848516702651978e-02,-7.251602131873369217e-03,1.211554050445556641e+00
1762897143.807822466,8.054512739181518555e-02,-7.312204223126173019e-03,1.214445352554321289e+00
1762897143.827855110,8.048959821462631226e-02,-7.453295402228832245e-03,1.220031619071960449e+00
1762897143.847878218,8.052284270524978638e-02,-7.621949538588523865e-03,1.226407885551452637e+00
1762897143.867938280,8.079294115304946899e-02,-7.808231748640537262e-03,1.233474612236022949e+00
1762897143.888944626,8.136700093746185303e-02,-7.994272746145725250e-03,1.241082668304443359e+00
1762897143.908879519,8.225832134485244751e-02,-8.153555914759635925e-03,1.249230384826660156e+00
1762897143.928943634,8.358359336853027344e-02,-8.248494938015937805e-03,1.256718993186950684e+00
1762897143.949026823,8.524527400732040405e-02,-8.278538472950458527e-03,1.263936519622802734e+00
1762897143.967866659,8.726043254137039185e-02,-8.225190453231334686e-03,1.270358204841613770e+00
1762897143.988872051,8.960705250501632690e-02,-8.076904341578483582e-03,1.275595307350158691e+00
1762897144.009016037,9.239237010478973389e-02,-7.783072069287300110e-03,1.280172586441040039e+00
1762897144.028904915,9.541281312704086304e-02,-7.372980937361717224e-03,1.283384919166564941e+00
1762897144.048788309,9.853034466505050659e-02,-6.872143130749464035e-03,1.285951018333435059e+00
1762897144.068863153,1.020987182855606079e-01,-6.129841320216655731e-03,1.289031624794006348e+00
1762897144.087745667,1.059378087520599365e-01,-5.167446564882993698e-03,1.292786121368408203e+00
1762897144.108805656,1.102620586752891541e-01,-3.830510890111327171e-03,1.297986149787902832e+00
1762897144.128887177,1.143088787794113159e-01,-2.471129875630140305e-03,1.303644776344299316e+00
1762897144.148957729,1.183183193206787109e-01,-9.839911945164203644e-04,1.309927225112915039e+00
1762897144.169075489,1.222410649061203003e-01,5.915474030189216137e-04,1.316370844841003418e+00
1762897144.187858343,1.259317398071289062e-01,2.487307647243142128e-03,1.323167681694030762e+00
1762897144.207845449,1.294967532157897949e-01,4.065621178597211838e-03,1.328009843826293945e+00
1762897144.228098154,1.332997232675552368e-01,5.545583087950944901e-03,1.331440806388854980e+00
1762897144.247909546,1.364515870809555054e-01,7.398197893053293228e-03,1.334305405616760254e+00
1762897144.267813206,1.396863460540771484e-01,9.051205590367317200e-03,1.335794448852539062e+00
1762897144.287948608,1.426692008972167969e-01,1.066728215664625168e-02,1.337031126022338867e+00
1762897144.307738304,1.453354954719543457e-01,1.221208274364471436e-02,1.338733553886413574e+00
1762897144.327828884,1.474915444850921631e-01,1.324167940765619278e-02,1.341073989868164062e+00
1762897144.347800016,1.495690196752548218e-01,1.480762567371129990e-02,1.345465540885925293e+00
1762897144.367905855,1.512893736362457275e-01,1.606105081737041473e-02,1.350932240486145020e+00
1762897144.387755156,1.528725475072860718e-01,1.669925451278686523e-02,1.355325222015380859e+00
1762897144.407765150,1.543133556842803955e-01,1.760194450616836548e-02,1.361074209213256836e+00
1762897144.428921938,1.555276364088058472e-01,1.873686164617538452e-02,1.367850542068481445e+00
1762897144.448994160,1.570831686258316040e-01,1.924199797213077545e-02,1.370215535163879395e+00
1762897144.468885183,1.585162729024887085e-01,1.997997239232063293e-02,1.372300624847412109e+00
1762897144.488814354,1.598469763994216919e-01,2.096522599458694458e-02,1.372767448425292969e+00
1762897144.509197712,1.615379303693771362e-01,2.149401418864727020e-02,1.371877431869506836e+00
1762897144.528865576,1.631911396980285645e-01,2.227595075964927673e-02,1.370740056037902832e+00
1762897144.548873901,1.649680882692337036e-01,2.314852364361286163e-02,1.370320200920104980e+00
1762897144.568806171,1.669142693281173706e-01,2.413903176784515381e-02,1.371446847915649414e+00
1762897144.587864161,1.685823500156402588e-01,2.537799254059791565e-02,1.374303221702575684e+00
1762897144.607915878,1.709383130073547363e-01,2.667785994708538055e-02,1.379204869270324707e+00
1762897144.627893209,1.739079207181930542e-01,2.801339887082576752e-02,1.384918689727783203e+00
1762897144.647848845,1.761734336614608765e-01,2.972670830786228180e-02,1.391115903854370117e+00
1762897144.667812109,1.789915114641189575e-01,3.140051290392875671e-02,1.395896792411804199e+00
1762897144.687958717,1.822872310876846313e-01,3.296152129769325256e-02,1.398133277893066406e+00
1762897144.707831860,1.849105805158615112e-01,3.491266444325447083e-02,1.398685216903686523e+00
1762897144.728759766,1.884405761957168579e-01,3.672655299305915833e-02,1.396440863609313965e+00
1762897144.748851538,1.915777772665023804e-01,3.867509961128234863e-02,1.393029332160949707e+00
1762897144.768983603,1.946827322244644165e-01,4.066729545593261719e-02,1.389931321144104004e+00
1762897144.788917542,1.975136846303939819e-01,4.313501343131065369e-02,1.387527108192443848e+00
1762897144.808838606,2.006217986345291138e-01,4.557999595999717712e-02,1.388210177421569824e+00
1762897144.829031229,2.036189436912536621e-01,4.810929670929908752e-02,1.391589879989624023e+00
1762897144.848930359,2.065026909112930298e-01,5.066341534256935120e-02,1.397096276283264160e+00
1762897144.868899822,2.093041390180587769e-01,5.320417135953903198e-02,1.403680324554443359e+00
1762897144.888987541,2.120769172906875610e-01,5.571881309151649475e-02,1.409865021705627441e+00
1762897144.908873320,2.148712724447250366e-01,5.820931866765022278e-02,1.414116740226745605e+00
1762897144.928829432,2.177103012800216675e-01,6.067406758666038513e-02,1.415397405624389648e+00
1762897144.948945999,2.205915004014968872e-01,6.313049048185348511e-02,1.413462281227111816e+00
1762897144.968968391,2.235078960657119751e-01,6.563817709684371948e-02,1.408945560455322266e+00
1762897144.988833189,2.264316380023956299e-01,6.822917610406875610e-02,1.403498053550720215e+00
1762897145.008861542,2.293209880590438843e-01,7.089592516422271729e-02,1.399095296859741211e+00
1762897145.028805017,2.321483194828033447e-01,7.360820472240447998e-02,1.397336721420288086e+00
1762897145.047881842,2.344473451375961304e-01,7.499628514051437378e-02,1.398673415184020996e+00
1762897145.067836046,2.371921539306640625e-01,7.763096690177917480e-02,1.401306509971618652e+00
1762897145.087832689,2.399372309446334839e-01,8.023516833782196045e-02,1.406229972839355469e+00
1762897145.107889175,2.427011281251907349e-01,8.277638256549835205e-02,1.412691950798034668e+00
1762897145.129142761,2.455224096775054932e-01,8.529483526945114136e-02,1.419533491134643555e+00
1762897145.148924589,2.483814507722854614e-01,8.771879971027374268e-02,1.425028204917907715e+00
1762897145.168924332,2.513153553009033203e-01,9.014459699392318726e-02,1.428064703941345215e+00
1762897145.188904285,2.543029785156250000e-01,9.255696088075637817e-02,1.427832961082458496e+00
1762897145.208985329,2.573523223400115967e-01,9.500651061534881592e-02,1.424154996871948242e+00
1762897145.228935003,2.604345381259918213e-01,9.748572856187820435e-02,1.417730212211608887e+00
1762897145.249102116,2.635877132415771484e-01,1.001294702291488647e-01,1.410184144973754883e+00
1762897145.268970013,2.662227153778076172e-01,1.026945710182189941e-01,1.403806805610656738e+00
1762897145.288860798,2.694197297096252441e-01,1.057472452521324158e-01,1.399313330650329590e+00
1762897145.308979511,2.725992202758789062e-01,1.089436262845993042e-01,1.397718310356140137e+00
1762897145.328849316,2.757543921470642090e-01,1.122089177370071411e-01,1.399016857147216797e+00
1762897145.348883867,2.788888514041900635e-01,1.154801249504089355e-01,1.403126597404479980e+00
1762897145.368963480,2.820183932781219482e-01,1.187203377485275269e-01,1.409537196159362793e+00
1762897145.388771296,2.851718664169311523e-01,1.219173669815063477e-01,1.416921019554138184e+00
1762897145.408729553,2.883762419223785400e-01,1.250794231891632080e-01,1.423555374145507812e+00
1762897145.428893805,2.916431427001953125e-01,1.282128691673278809e-01,1.427760124206542969e+00
1762897145.449001789,2.949642837047576904e-01,1.313272416591644287e-01,1.428593158721923828e+00
1762897145.468860388,2.983289062976837158e-01,1.344387978315353394e-01,1.425851941108703613e+00
1762897145.487868547,3.017836809158325195e-01,1.376717686653137207e-01,1.419854521751403809e+00
1762897145.508864403,3.052483201026916504e-01,1.409582048654556274e-01,1.412299275398254395e+00
1762897145.528935194,3.086905181407928467e-01,1.443194895982742310e-01,1.405448555946350098e+00
1762897145.548903465,3.121645152568817139e-01,1.479034721851348877e-01,1.400765180587768555e+00
1762897145.568964481,3.156208097934722900e-01,1.515657007694244385e-01,1.398991942405700684e+00
1762897145.588732243,3.190622925758361816e-01,1.552287936210632324e-01,1.400126695632934570e+00
1762897145.608887434,3.225045502185821533e-01,1.588336825370788574e-01,1.404053211212158203e+00
1762897145.629008055,3.259700834751129150e-01,1.623538732528686523e-01,1.410230636596679688e+00
1762897145.648979664,3.294830322265625000e-01,1.657944917678833008e-01,1.417360424995422363e+00
1762897145.668815613,3.330622613430023193e-01,1.691790670156478882e-01,1.423677086830139160e+00
1762897145.688884258,3.367101848125457764e-01,1.725250929594039917e-01,1.427496910095214844e+00
1762897145.708910704,3.404143750667572021e-01,1.758508384227752686e-01,1.427936077117919922e+00
1762897145.728791952,3.439037501811981201e-01,1.794080585241317749e-01,1.425212860107421875e+00
1762897145.748924255,3.477199673652648926e-01,1.827798485755920410e-01,1.418779253959655762e+00
1762897145.768984318,3.517910838127136230e-01,1.859862506389617920e-01,1.411900043487548828e+00
1762897145.788900375,3.553818762302398682e-01,1.897278279066085815e-01,1.404964804649353027e+00
1762897145.808884859,3.593311905860900879e-01,1.935417503118515015e-01,1.401190400123596191e+00
1762897145.828796864,3.628747761249542236e-01,1.967370957136154175e-01,1.400884866714477539e+00
1762897145.849021196,3.666594028472900391e-01,2.003426998853683472e-01,1.402719855308532715e+00
1762897145.869097233,3.705978095531463623e-01,2.041552960872650146e-01,1.407113552093505859e+00
1762897145.889021873,3.745625317096710205e-01,2.079189121723175049e-01,1.413540840148925781e+00
1762897145.909260988,3.785715699195861816e-01,2.116267830133438110e-01,1.420510292053222656e+00
1762897145.928777933,3.826433122158050537e-01,2.152951657772064209e-01,1.426264047622680664e+00
1762897145.948794127,3.867795765399932861e-01,2.189348787069320679e-01,1.429324865341186523e+00
1762897145.968911171,3.909686803817749023e-01,2.225537598133087158e-01,1.429002165794372559e+00
1762897145.989036322,3.952017724514007568e-01,2.261703759431838989e-01,1.425223231315612793e+00
1762897146.008871317,3.994905948638916016e-01,2.298562675714492798e-01,1.418753266334533691e+00
1762897146.028923988,4.038404822349548340e-01,2.336756885051727295e-01,1.411396145820617676e+00
1762897146.047811031,4.082389771938323975e-01,2.376589030027389526e-01,1.405267715454101562e+00
1762897146.067735434,4.126109182834625244e-01,2.417095154523849487e-01,1.401859045028686523e+00
1762897146.087835312,4.169840514659881592e-01,2.458090931177139282e-01,1.401394248008728027e+00
1762897146.107867479,4.213427305221557617e-01,2.498749047517776489e-01,1.403866171836853027e+00
1762897146.128889322,4.257588982582092285e-01,2.539504170417785645e-01,1.409046530723571777e+00
1762897146.148977757,4.300673305988311768e-01,2.577548921108245850e-01,1.415561079978942871e+00
1762897146.168770313,4.344764053821563721e-01,2.615693509578704834e-01,1.422128438949584961e+00
1762897146.188965321,4.389490783214569092e-01,2.653418481349945068e-01,1.426931142807006836e+00
1762897146.208924770,4.434815645217895508e-01,2.690839171409606934e-01,1.428722620010375977e+00
1762897146.228812218,4.480635523796081543e-01,2.728074193000793457e-01,1.427090525627136230e+00
1762897146.248854160,4.526956975460052490e-01,2.765493392944335938e-01,1.422289371490478516e+00
1762897146.269023895,4.573825597763061523e-01,2.803540825843811035e-01,1.415583610534667969e+00
1762897146.288842916,4.621073305606842041e-01,2.842326164245605469e-01,1.409054994583129883e+00
1762897146.309028864,4.668352007865905762e-01,2.881744801998138428e-01,1.404695034027099609e+00
1762897146.328949213,4.715446233749389648e-01,2.921316921710968018e-01,1.403268814086914062e+00
1762897146.349037886,4.762295484542846680e-01,2.960580885410308838e-01,1.404846906661987305e+00
1762897146.368993282,4.806829690933227539e-01,3.001666665077209473e-01,1.409213066101074219e+00
1762897146.388908863,4.855589866638183594e-01,3.036907315254211426e-01,1.415607452392578125e+00
1762897146.409016848,4.900355339050292969e-01,3.076380789279937744e-01,1.422941923141479492e+00
1762897146.429153919,4.947808682918548584e-01,3.112902939319610596e-01,1.428417205810546875e+00
1762897146.448957682,4.998050928115844727e-01,3.146758079528808594e-01,1.430019378662109375e+00
1762897146.469007969,5.044527649879455566e-01,3.185105025768280029e-01,1.429612159729003906e+00
1762897146.488893032,5.093594193458557129e-01,3.221109807491302490e-01,1.424919605255126953e+00
1762897146.509139061,5.143156647682189941e-01,3.257927894592285156e-01,1.417885303497314453e+00
1762897146.527851820,5.193462371826171875e-01,3.296347856521606445e-01,1.410610437393188477e+00
1762897146.547966480,5.243030786514282227e-01,3.334936797618865967e-01,1.405640482902526855e+00
1762897146.567746162,5.292688608169555664e-01,3.374179899692535400e-01,1.403661727905273438e+00
1762897146.587768555,5.342031121253967285e-01,3.412950634956359863e-01,1.404837727546691895e+00
1762897146.608836412,5.391430854797363281e-01,3.451055586338043213e-01,1.409045934677124023e+00
1762897146.628979206,5.440057516098022461e-01,3.487110435962677002e-01,1.415342688560485840e+00
1762897146.648767948,5.489268302917480469e-01,3.522490859031677246e-01,1.422347068786621094e+00
1762897146.668845654,5.539022088050842285e-01,3.557197749614715576e-01,1.428064346313476562e+00
1762897146.688837051,5.589411854743957520e-01,3.591512143611907959e-01,1.430763125419616699e+00
1762897146.708794594,5.640342235565185547e-01,3.625593483448028564e-01,1.429802060127258301e+00
1762897146.728845119,5.683388710021972656e-01,3.651695251464843750e-01,1.426109194755554199e+00
1762897146.748918533,5.740875601768493652e-01,3.691964149475097656e-01,1.418971300125122070e+00
1762897146.769124508,5.785149335861206055e-01,3.720025122165679932e-01,1.413802385330200195e+00
1762897146.788853168,5.839155912399291992e-01,3.757759630680084229e-01,1.408303499221801758e+00
1762897146.808856487,5.889443755149841309e-01,3.792147040367126465e-01,1.406134486198425293e+00
1762897146.828951597,5.941371321678161621e-01,3.827778697013854980e-01,1.406564593315124512e+00
1762897146.849008083,5.991114377975463867e-01,3.864378929138183594e-01,1.409802794456481934e+00
1762897146.868855238,6.042871475219726562e-01,3.897819221019744873e-01,1.415645718574523926e+00
1762897146.888883829,6.094863414764404297e-01,3.930162489414215088e-01,1.422235131263732910e+00
1762897146.908828497,6.147350668907165527e-01,3.961772024631500244e-01,1.427790760993957520e+00
1762897146.928893566,6.200445890426635742e-01,3.992904722690582275e-01,1.430687546730041504e+00
1762897146.948941469,6.254081130027770996e-01,4.023761451244354248e-01,1.430118680000305176e+00
1762897146.968909740,6.308235526084899902e-01,4.054722487926483154e-01,1.426177620887756348e+00
1762897146.988816023,6.362992525100708008e-01,4.086271822452545166e-01,1.419908642768859863e+00
1762897147.008839130,6.418246030807495117e-01,4.118416309356689453e-01,1.413228392601013184e+00
1762897147.028923512,6.473618745803833008e-01,4.150763452053070068e-01,1.408200144767761230e+00
1762897147.049091816,6.528688073158264160e-01,4.182644486427307129e-01,1.406186580657958984e+00
1762897147.068788290,6.583231091499328613e-01,4.213359057903289795e-01,1.407309532165527344e+00
1762897147.088867188,6.637187600135803223e-01,4.242476820945739746e-01,1.411339998245239258e+00
1762897147.108961105,6.690699458122253418e-01,4.269853830337524414e-01,1.417502999305725098e+00
1762897147.128938437,6.726951003074645996e-01,4.284138679504394531e-01,1.421033501625061035e+00
1762897147.148941517,6.797879338264465332e-01,4.320822656154632568e-01,1.429598331451416016e+00
1762897147.168931246,6.852156519889831543e-01,4.345335960388183594e-01,1.432094693183898926e+00
1762897147.188892365,6.906940340995788574e-01,4.369601905345916748e-01,1.431031584739685059e+00
1762897147.208770514,6.962175965309143066e-01,4.394001364707946777e-01,1.426627755165100098e+00
1762897147.227913380,6.992655396461486816e-01,4.405967891216278076e-01,1.423472166061401367e+00
1762897147.247945070,7.047474980354309082e-01,4.430545568466186523e-01,1.417302131652832031e+00
1762897147.267891407,7.110678553581237793e-01,4.458155035972595215e-01,1.411862134933471680e+00
1762897147.287867069,7.157818078994750977e-01,4.479998052120208740e-01,1.409039258956909180e+00
1762897147.307975531,7.219513058662414551e-01,4.505486786365509033e-01,1.409541010856628418e+00
1762897147.327706575,7.265275120735168457e-01,4.524793028831481934e-01,1.411932468414306641e+00
1762897147.347882271,7.318000793457031250e-01,4.544430971145629883e-01,1.417389035224914551e+00
1762897147.368076324,7.366157174110412598e-01,4.560313224792480469e-01,1.423662900924682617e+00
1762897147.387987852,7.421482205390930176e-01,4.577994048595428467e-01,1.431455135345458984e+00
1762897147.407767057,7.475530505180358887e-01,4.594007730484008789e-01,1.437312602996826172e+00
1762897147.427885056,7.527835965156555176e-01,4.608742296695709229e-01,1.439709186553955078e+00
1762897147.448973417,7.587745785713195801e-01,4.625020325183868408e-01,1.438094615936279297e+00
1762897147.468874454,7.636733651161193848e-01,4.639483690261840820e-01,1.434025883674621582e+00
1762897147.488963842,7.690388560295104980e-01,4.654956459999084473e-01,1.426585197448730469e+00
1762897147.508820057,7.745293974876403809e-01,4.669539630413055420e-01,1.418096065521240234e+00
1762897147.528849602,7.801560163497924805e-01,4.680556058883666992e-01,1.410589814186096191e+00
1762897147.548782349,7.856921553611755371e-01,4.685045480728149414e-01,1.405734419822692871e+00
1762897147.567974091,7.908158898353576660e-01,4.682990610599517822e-01,1.403741240501403809e+00
1762897147.588973522,7.967872023582458496e-01,4.672944843769073486e-01,1.403307437896728516e+00
1762897147.608813047,8.024778962135314941e-01,4.656995832920074463e-01,1.405490994453430176e+00
1762897147.628798246,8.081654906272888184e-01,4.635770618915557861e-01,1.409791946411132812e+00
1762897147.649014950,8.137685060501098633e-01,4.611743092536926270e-01,1.414982318878173828e+00
1762897147.669112921,8.196466565132141113e-01,4.584083259105682373e-01,1.420056700706481934e+00
1762897147.688861847,8.254730701446533203e-01,4.556363821029663086e-01,1.423080205917358398e+00
1762897147.708907843,8.313418626785278320e-01,4.528404176235198975e-01,1.423093914985656738e+00
1762897147.728880882,8.371240496635437012e-01,4.501372277736663818e-01,1.419781327247619629e+00
1762897147.748781681,8.430552482604980469e-01,4.473749995231628418e-01,1.413691997528076172e+00
1762897147.768891573,8.485023379325866699e-01,4.450932145118713379e-01,1.407144308090209961e+00
1762897147.788950920,8.543274402618408203e-01,4.426396191120147705e-01,1.400626182556152344e+00
1762897147.808941126,8.599896430969238281e-01,4.405002892017364502e-01,1.396321654319763184e+00
1762897147.828894377,8.654033541679382324e-01,4.387672543525695801e-01,1.394836544990539551e+00
1762897147.848865986,8.705471754074096680e-01,4.374606311321258545e-01,1.396258473396301270e+00
1762897147.869875193,8.754280805587768555e-01,4.365522563457489014e-01,1.400474071502685547e+00
1762897147.887773275,8.793770670890808105e-01,4.359703958034515381e-01,1.406243205070495605e+00
1762897147.907799244,8.838683366775512695e-01,4.356290996074676514e-01,1.413844823837280273e+00
1762897147.927892685,8.883082270622253418e-01,4.354146718978881836e-01,1.420940518379211426e+00
1762897147.948949575,8.938375115394592285e-01,4.351990222930908203e-01,1.426575303077697754e+00
1762897147.968801022,8.974277377128601074e-01,4.350539743900299072e-01,1.427611589431762695e+00
1762897147.988875866,9.019162654876708984e-01,4.348891675472259521e-01,1.425261020660400391e+00
1762897148.008994341,9.063084125518798828e-01,4.347820281982421875e-01,1.419922828674316406e+00
1762897148.028888702,9.108381867408752441e-01,4.347799718379974365e-01,1.412695646286010742e+00
1762897148.048926115,9.153232574462890625e-01,4.348603785037994385e-01,1.405784845352172852e+00
1762897148.068952799,9.197449684143066406e-01,4.349046051502227783e-01,1.400962471961975098e+00
1762897148.088822365,9.241545796394348145e-01,4.347499907016754150e-01,1.398648858070373535e+00
1762897148.108777523,9.286130666732788086e-01,4.342750608921051025e-01,1.398795843124389648e+00
1762897148.128895760,9.331675767898559570e-01,4.334009587764739990e-01,1.401352882385253906e+00
1762897148.148919106,9.378483891487121582e-01,4.321064352989196777e-01,1.406036615371704102e+00
1762897148.168755293,9.426645040512084961e-01,4.304422736167907715e-01,1.411957383155822754e+00
1762897148.188865900,9.476063847541809082e-01,4.285066425800323486e-01,1.417759060859680176e+00
1762897148.208780527,9.526525139808654785e-01,4.264100492000579834e-01,1.421962141990661621e+00
1762897148.228761196,9.577767848968505859e-01,4.242306053638458252e-01,1.423372983932495117e+00
1762897148.248607635,9.629637002944946289e-01,4.220142066478729248e-01,1.421515941619873047e+00
1762897148.267849922,9.682338237762451172e-01,4.197746515274047852e-01,1.416594028472900391e+00
1762897148.289055109,9.735533595085144043e-01,4.175113439559936523e-01,1.409904718399047852e+00
1762897148.308859825,9.788893461227416992e-01,4.151560664176940918e-01,1.403549909591674805e+00
1762897148.328825712,9.842007756233215332e-01,4.126305580139160156e-01,1.399219870567321777e+00
1762897148.348879337,9.893954992294311523e-01,4.099327027797698975e-01,1.397507309913635254e+00
1762897148.367904902,9.944338798522949219e-01,4.070510566234588623e-01,1.398434162139892578e+00
1762897148.387891531,9.992355108261108398e-01,4.040346741676330566e-01,1.401867866516113281e+00
1762897148.407902479,1.003562688827514648e+00,4.005463719367980957e-01,1.407504916191101074e+00
1762897148.428214073,1.008336782455444336e+00,3.975030481815338135e-01,1.413425803184509277e+00
1762897148.447827578,1.012397050857543945e+00,3.937525451183319092e-01,1.419587850570678711e+00
1762897148.467843771,1.016784667968750000e+00,3.902611732482910156e-01,1.422819018363952637e+00
1762897148.487842321,1.021204829216003418e+00,3.867430090904235840e-01,1.422803282737731934e+00
1762897148.507823229,1.025647997856140137e+00,3.832155466079711914e-01,1.419520020484924316e+00
1762897148.527838945,1.030066609382629395e+00,3.797094821929931641e-01,1.413907885551452637e+00
1762897148.547909260,1.034375667572021484e+00,3.761883676052093506e-01,1.407772779464721680e+00
1762897148.567950487,1.038475990295410156e+00,3.725696802139282227e-01,1.403237700462341309e+00
1762897148.587770939,1.042351365089416504e+00,3.687841296195983887e-01,1.401153922080993652e+00
1762897148.607898951,1.046038985252380371e+00,3.647836148738861084e-01,1.401527285575866699e+00
1762897148.628075838,1.049584507942199707e+00,3.605399727821350098e-01,1.404181599617004395e+00
1762897148.647835255,1.053029417991638184e+00,3.560403585433959961e-01,1.408826351165771484e+00
1762897148.668871641,1.056490778923034668e+00,3.510743081569671631e-01,1.414735317230224609e+00
1762897148.689070702,1.059829473495483398e+00,3.464094102382659912e-01,1.419766187667846680e+00
1762897148.708817482,1.063267827033996582e+00,3.414337038993835449e-01,1.423189043998718262e+00
1762897148.728868246,1.066766619682312012e+00,3.363953828811645508e-01,1.423704981803894043e+00
1762897148.748888016,1.070318102836608887e+00,3.313359320163726807e-01,1.421063542366027832e+00
1762897148.769047022,1.073903203010559082e+00,3.262584507465362549e-01,1.415958881378173828e+00
1762897148.788764000,1.077487945556640625e+00,3.211131989955902100e-01,1.409997582435607910e+00
1762897148.808873653,1.081021666526794434e+00,3.158159255981445312e-01,1.405120730400085449e+00
1762897148.828832388,1.084365725517272949e+00,3.106688559055328369e-01,1.402853250503540039e+00
1762897148.849061489,1.087383866310119629e+00,3.063849210739135742e-01,1.402937531471252441e+00
1762897148.868761539,1.090629935264587402e+00,3.005636930465698242e-01,1.404325723648071289e+00
1762897148.887820482,1.092826008796691895e+00,2.969710230827331543e-01,1.406235098838806152e+00
1762897148.907999516,1.095982909202575684e+00,2.904855906963348389e-01,1.410534620285034180e+00
1762897148.927917719,1.099035143852233887e+00,2.840533852577209473e-01,1.415323376655578613e+00
1762897148.947881460,1.102154254913330078e+00,2.768415510654449463e-01,1.420058608055114746e+00
1762897148.967859507,1.105103492736816406e+00,2.707067430019378662e-01,1.422454953193664551e+00
1762897148.987837791,1.108122348785400391e+00,2.641732692718505859e-01,1.422832369804382324e+00
1762897149.008893251,1.111346602439880371e+00,2.563826739788055420e-01,1.420462131500244141e+00
1762897149.028898001,1.114315748214721680e+00,2.502481639385223389e-01,1.416204094886779785e+00
1762897149.048895836,1.117317080497741699e+00,2.435567080974578857e-01,1.410707592964172363e+00
1762897149.068789959,1.120243191719055176e+00,2.364773601293563843e-01,1.405419349670410156e+00
1762897149.087843895,1.123103380203247070e+00,2.281332761049270630e-01,1.401001214981079102e+00
1762897149.108836174,1.125642895698547363e+00,2.204245924949645996e-01,1.399435043334960938e+00
1762897149.128931284,1.127975225448608398e+00,2.126691341400146484e-01,1.400010943412780762e+00
1762897149.148852825,1.130133152008056641e+00,2.046596854925155640e-01,1.402567028999328613e+00
1762897149.168764591,1.132138133049011230e+00,1.964465975761413574e-01,1.406813383102416992e+00
1762897149.188762188,1.134033560752868652e+00,1.880731135606765747e-01,1.411938548088073730e+00
1762897149.208851337,1.135871410369873047e+00,1.795908808708190918e-01,1.416785717010498047e+00
1762897149.229047775,1.137732386589050293e+00,1.720909029245376587e-01,1.419659376144409180e+00
1762897149.248773336,1.139549255371093750e+00,1.625560820102691650e-01,1.421066641807556152e+00
1762897149.268722534,1.141452908515930176e+00,1.552122086286544800e-01,1.419306278228759766e+00
1762897149.288871288,1.143307566642761230e+00,1.456883251667022705e-01,1.414899945259094238e+00
1762897149.309158564,1.145133256912231445e+00,1.370697021484375000e-01,1.409325242042541504e+00
1762897149.328918219,1.146862030029296875e+00,1.295172423124313354e-01,1.404898166656494141e+00
1762897149.348810673,1.148384690284729004e+00,1.209774762392044067e-01,1.401344656944274902e+00
1762897149.368897200,1.149705767631530762e+00,1.123397201299667358e-01,1.399701595306396484e+00
1762897149.388808727,1.150840401649475098e+00,1.036475151777267456e-01,1.400036931037902832e+00
1762897149.408846378,1.151058316230773926e+00,9.317564964294433594e-02,1.402443766593933105e+00
1762897149.428975105,1.152462124824523926e+00,8.493749797344207764e-02,1.406814098358154297e+00
1762897149.448915720,1.153118729591369629e+00,7.574952393770217896e-02,1.412111163139343262e+00
1762897149.468804598,1.153207659721374512e+00,6.673515588045120239e-02,1.417275547981262207e+00
1762897149.488911629,1.154222488403320312e+00,5.987887829542160034e-02,1.419775485992431641e+00
1762897149.508751392,1.154820203781127930e+00,5.045532062649726868e-02,1.421445488929748535e+00
1762897149.529028654,1.155590534210205078e+00,4.191022366285324097e-02,1.420100450515747070e+00
1762897149.548934221,1.156291484832763672e+00,3.290334716439247131e-02,1.416479945182800293e+00
1762897149.568859100,1.156948804855346680e+00,2.387999743223190308e-02,1.411495089530944824e+00
1762897149.588794947,1.157493948936462402e+00,1.484040357172489166e-02,1.406720519065856934e+00
1762897149.610308170,1.157865881919860840e+00,5.751742515712976456e-03,1.403437614440917969e+00
1762897149.628884792,1.158052563667297363e+00,-3.411300946027040482e-03,1.402050971984863281e+00
1762897149.648969650,1.158069133758544922e+00,-1.266357302665710449e-02,1.402539014816284180e+00
1762897149.668776035,1.157930016517639160e+00,-2.201463095843791962e-02,1.404862403869628906e+00
1762897149.688993454,1.157658457756042480e+00,-3.146112710237503052e-02,1.408741354942321777e+00
1762897149.708954334,1.157292008399963379e+00,-4.098322615027427673e-02,1.413434982299804688e+00
1762897149.727851868,1.156864523887634277e+00,-5.060131102800369263e-02,1.417893767356872559e+00
1762897149.747911215,1.156454563140869141e+00,-6.014335155487060547e-02,1.420923709869384766e+00
1762897149.767852545,1.156048297882080078e+00,-6.974081695079803467e-02,1.421783328056335449e+00
1762897149.788062334,1.155657887458801270e+00,-7.933019101619720459e-02,1.420166373252868652e+00
1762897149.809089661,1.155202031135559082e+00,-8.910568803548812866e-02,1.416442275047302246e+00
1762897149.828839064,1.154789328575134277e+00,-9.840849041938781738e-02,1.412004709243774414e+00
1762897149.849011898,1.154180765151977539e+00,-1.078509539365768433e-01,1.408069491386413574e+00
1762897149.868926287,1.153361916542053223e+00,-1.172369420528411865e-01,1.405780196189880371e+00
1762897149.887770414,1.151574254035949707e+00,-1.272430270910263062e-01,1.405003070831298828e+00
1762897149.907850742,1.150337696075439453e+00,-1.363828629255294800e-01,1.406736969947814941e+00
1762897149.928063631,1.148870825767517090e+00,-1.455630958080291748e-01,1.410259008407592773e+00
1762897149.948880672,1.147202134132385254e+00,-1.547867953777313232e-01,1.415064334869384766e+00
1762897149.968958855,1.145515322685241699e+00,-1.637729108333587646e-01,1.419909715652465820e+00
1762897149.989948988,1.144464135169982910e+00,-1.724729090929031372e-01,1.423312187194824219e+00
1762897150.007745504,1.143821358680725098e+00,-1.776744574308395386e-01,1.424399137496948242e+00
1762897150.027942657,1.142070531845092773e+00,-1.866494268178939819e-01,1.424792170524597168e+00
1762897150.047841549,1.140311002731323242e+00,-1.956018954515457153e-01,1.422898411750793457e+00
1762897150.067736626,1.138530015945434570e+00,-2.044928967952728271e-01,1.419130206108093262e+00
1762897150.087795019,1.136676192283630371e+00,-2.132994085550308228e-01,1.414456367492675781e+00
1762897150.107903719,1.134675264358520508e+00,-2.220027446746826172e-01,1.410150647163391113e+00
1762897150.128163099,1.132465362548828125e+00,-2.305991649627685547e-01,1.407279491424560547e+00
1762897150.147836208,1.130033612251281738e+00,-2.391004115343093872e-01,1.406230211257934570e+00
1762897150.167828321,1.127392888069152832e+00,-2.475235015153884888e-01,1.407034635543823242e+00
1762897150.188874960,1.124504208564758301e+00,-2.559733986854553223e-01,1.409694314002990723e+00
1762897150.208819628,1.121561884880065918e+00,-2.641820907592773438e-01,1.413866758346557617e+00
1762897150.228774309,1.118448734283447266e+00,-2.724272012710571289e-01,1.418895959854125977e+00
1762897150.248869658,1.115266084671020508e+00,-2.806311845779418945e-01,1.423694849014282227e+00
1762897150.267968893,1.112005233764648438e+00,-2.888875901699066162e-01,1.427141308784484863e+00
1762897150.287755013,1.108879566192626953e+00,-2.969406843185424805e-01,1.428109049797058105e+00
1762897150.307971954,1.105723738670349121e+00,-3.050292730331420898e-01,1.426325678825378418e+00
1762897150.328018904,1.102574229240417480e+00,-3.130351603031158447e-01,1.422034025192260742e+00
1762897150.347821951,1.099379777908325195e+00,-3.209023475646972656e-01,1.416338682174682617e+00
1762897150.368933916,1.095985054969787598e+00,-3.286493420600891113e-01,1.410855889320373535e+00
1762897150.388998270,1.092542529106140137e+00,-3.352952003479003906e-01,1.407027363777160645e+00
1762897150.408992052,1.088741540908813477e+00,-3.431907594203948975e-01,1.404982209205627441e+00
1762897150.428912401,1.084776520729064941e+00,-3.502079844474792480e-01,1.404853940010070801e+00
1762897150.448947191,1.080630302429199219e+00,-3.570676743984222412e-01,1.406607627868652344e+00
1762897150.468972445,1.076324343681335449e+00,-3.637947142124176025e-01,1.410131812095642090e+00
1762897150.488917589,1.071895956993103027e+00,-3.704117834568023682e-01,1.414848327636718750e+00
1762897150.508883238,1.067392468452453613e+00,-3.769372999668121338e-01,1.419802665710449219e+00
1762897150.529154062,1.062860727310180664e+00,-3.833899796009063721e-01,1.423873424530029297e+00
1762897150.548942566,1.058431863784790039e+00,-3.891499936580657959e-01,1.426159024238586426e+00
1762897150.568894386,1.053933620452880859e+00,-3.955186009407043457e-01,1.425957441329956055e+00
1762897150.588914633,1.049461841583251953e+00,-4.018227458000183105e-01,1.422992348670959473e+00
1762897150.607794762,1.044833660125732422e+00,-4.081288874149322510e-01,1.417887210845947266e+00
1762897150.627814293,1.040410518646240234e+00,-4.139571487903594971e-01,1.412502527236938477e+00
1762897150.647993326,1.035674691200256348e+00,-4.196319878101348877e-01,1.408064723014831543e+00
1762897150.668961287,1.030543208122253418e+00,-4.251344799995422363e-01,1.405511498451232910e+00
1762897150.688776016,1.025508642196655273e+00,-4.301498532295227051e-01,1.405117034912109375e+00
1762897150.708892584,1.020131707191467285e+00,-4.350578486919403076e-01,1.406602025032043457e+00
1762897150.728829861,1.014565706253051758e+00,-4.397832453250885010e-01,1.409985065460205078e+00
1762897150.748857975,1.008856654167175293e+00,-4.443520605564117432e-01,1.414746165275573730e+00
1762897150.768984795,1.003059864044189453e+00,-4.487977325916290283e-01,1.419811367988586426e+00
1762897150.788769722,9.972297549247741699e-01,-4.531514942646026611e-01,1.423948645591735840e+00
1762897150.808731794,9.914095401763916016e-01,-4.574473500251770020e-01,1.426010012626647949e+00
1762897150.828951120,9.856214523315429688e-01,-4.616920351982116699e-01,1.425311565399169922e+00
1762897150.849073887,9.798642992973327637e-01,-4.658434092998504639e-01,1.421879291534423828e+00
1762897150.868944168,9.740953445434570312e-01,-4.698258042335510254e-01,1.416675209999084473e+00
1762897150.888958693,9.682296514511108398e-01,-4.735384881496429443e-01,1.411309123039245605e+00
1762897150.908840418,9.621722698211669922e-01,-4.768949151039123535e-01,1.407424211502075195e+00
1762897150.928780317,9.558899998664855957e-01,-4.798968136310577393e-01,1.405680775642395020e+00
1762897150.948960066,9.509048461914062500e-01,-4.819609820842742920e-01,1.405868411064147949e+00
1762897150.969024658,9.438451528549194336e-01,-4.847487211227416992e-01,1.408209204673767090e+00
1762897150.988929510,9.371140599250793457e-01,-4.867863357067108154e-01,1.411618828773498535e+00
1762897151.008863449,9.280238747596740723e-01,-4.892162680625915527e-01,1.417742252349853516e+00
1762897151.027776718,9.233832359313964844e-01,-4.907099902629852295e-01,1.421314835548400879e+00
1762897151.047844410,9.140125513076782227e-01,-4.928504824638366699e-01,1.426031947135925293e+00
1762897151.067868948,9.074239134788513184e-01,-4.945273399353027344e-01,1.426673054695129395e+00
1762897151.087993860,8.999190330505371094e-01,-4.962797462940216064e-01,1.424615144729614258e+00
1762897151.107760668,8.929196000099182129e-01,-4.978393316268920898e-01,1.419857263565063477e+00
1762897151.127807379,8.880518078804016113e-01,-4.989389479160308838e-01,1.415320992469787598e+00
1762897151.147908211,8.815550208091735840e-01,-4.999196827411651611e-01,1.410577297210693359e+00
1762897151.167926073,8.742234706878662109e-01,-5.005943179130554199e-01,1.407155871391296387e+00
1762897151.187830687,8.666219711303710938e-01,-5.009164214134216309e-01,1.405812501907348633e+00
1762897151.207757473,8.587855696678161621e-01,-5.009278059005737305e-01,1.406625628471374512e+00
1762897151.227725267,8.507337570190429688e-01,-5.006741285324096680e-01,1.409492254257202148e+00
1762897151.247968435,8.425049185752868652e-01,-5.002034902572631836e-01,1.413894176483154297e+00
1762897151.268076181,8.341563940048217773e-01,-4.995636641979217529e-01,1.418841361999511719e+00
1762897151.287814617,8.257541060447692871e-01,-4.988006353378295898e-01,1.423109173774719238e+00
1762897151.307790279,8.173556923866271973e-01,-4.979676008224487305e-01,1.425414562225341797e+00
1762897151.327815294,8.085275888442993164e-01,-4.970141053199768066e-01,1.424957990646362305e+00
1762897151.347989082,8.006615042686462402e-01,-4.960923194885253906e-01,1.421675324440002441e+00
1762897151.367898464,7.912387847900390625e-01,-4.947269260883331299e-01,1.416084170341491699e+00
1762897151.387879848,7.828762531280517578e-01,-4.932333528995513916e-01,1.410248756408691406e+00
1762897151.407821894,7.743533849716186523e-01,-4.912861883640289307e-01,1.406064033508300781e+00
1762897151.428138256,7.656393647193908691e-01,-4.888920187950134277e-01,1.404324889183044434e+00
1762897151.447834015,7.567535638809204102e-01,-4.861241877079010010e-01,1.404953479766845703e+00
1762897151.467859983,7.477254867553710938e-01,-4.830570518970489502e-01,1.407744050025939941e+00
1762897151.487870693,7.385894060134887695e-01,-4.797475337982177734e-01,1.412231445312500000e+00
1762897151.507878304,7.293975353240966797e-01,-4.762584865093231201e-01,1.417364716529846191e+00
1762897151.527889729,7.202032804489135742e-01,-4.726487100124359131e-01,1.421805977821350098e+00
1762897151.548844099,7.109392285346984863e-01,-4.689367711544036865e-01,1.424145936965942383e+00
1762897151.568883181,7.019752860069274902e-01,-4.652787744998931885e-01,1.423535108566284180e+00
1762897151.589190483,6.929551362991333008e-01,-4.614899456501007080e-01,1.420033335685729980e+00
1762897151.607754230,6.889961957931518555e-01,-4.595392644405364990e-01,1.416999101638793945e+00
1762897151.627765179,6.801223754882812500e-01,-4.554011225700378418e-01,1.411782741546630859e+00
1762897151.648919582,6.709560751914978027e-01,-4.507973194122314453e-01,1.407261848449707031e+00
1762897151.669085979,6.619112491607666016e-01,-4.459110796451568604e-01,1.404776573181152344e+00
1762897151.688795328,6.525911688804626465e-01,-4.406038522720336914e-01,1.404594421386718750e+00
1762897151.708890915,6.430894136428833008e-01,-4.349902570247650146e-01,1.406725049018859863e+00
1762897151.728879690,6.334179639816284180e-01,-4.291329085826873779e-01,1.410875439643859863e+00
1762897151.748759031,6.236068606376647949e-01,-4.230860769748687744e-01,1.416294336318969727e+00
1762897151.768768787,6.137133836746215820e-01,-4.169083833694458008e-01,1.421755790710449219e+00
1762897151.788896561,6.037971377372741699e-01,-4.106604158878326416e-01,1.425847291946411133e+00
1762897151.809023857,5.939061045646667480e-01,-4.043721258640289307e-01,1.427386999130249023e+00
1762897151.827810287,5.846266150474548340e-01,-3.985359966754913330e-01,1.426277041435241699e+00
1762897151.848011255,5.748937726020812988e-01,-3.922049403190612793e-01,1.421703577041625977e+00
1762897151.867853880,5.645073056221008301e-01,-3.850747942924499512e-01,1.413930058479309082e+00
1762897151.887884855,5.553580522537231445e-01,-3.788048624992370605e-01,1.406845092773437500e+00
1762897151.907887697,5.454422831535339355e-01,-3.714836835861206055e-01,1.400425195693969727e+00
1762897151.927814245,5.353280901908874512e-01,-3.637208342552185059e-01,1.396451592445373535e+00
1762897151.947721243,5.244665145874023438e-01,-3.552515804767608643e-01,1.394881844520568848e+00
1762897151.967882395,5.145233273506164551e-01,-3.473375737667083740e-01,1.395899891853332520e+00
1762897151.987910986,5.039236545562744141e-01,-3.389493525028228760e-01,1.399100065231323242e+00
1762897152.007776260,4.931790530681610107e-01,-3.304696977138519287e-01,1.404119491577148438e+00
1762897152.028762817,4.820880889892578125e-01,-3.217530548572540283e-01,1.410044908523559570e+00
1762897152.048939943,4.715624153614044189e-01,-3.134165108203887939e-01,1.415054440498352051e+00
1762897152.069117069,4.608078002929687500e-01,-3.048890531063079834e-01,1.418216109275817871e+00
1762897152.088933706,4.500897228717803955e-01,-2.963484525680541992e-01,1.418540000915527344e+00
1762897152.108888388,4.394259452819824219e-01,-2.877890467643737793e-01,1.415758967399597168e+00
1762897152.128884315,4.288213253021240234e-01,-2.791316807270050049e-01,1.410372614860534668e+00
1762897152.148884296,4.182495474815368652e-01,-2.702682614326477051e-01,1.403835892677307129e+00
1762897152.168791056,4.076395928859710693e-01,-2.611087560653686523e-01,1.398008704185485840e+00
1762897152.188907385,3.969266712665557861e-01,-2.516157329082489014e-01,1.394271254539489746e+00
1762897152.209092140,3.860831856727600098e-01,-2.418452054262161255e-01,1.393054962158203125e+00
1762897152.228858709,3.751097917556762695e-01,-2.318715751171112061e-01,1.394341468811035156e+00
1762897152.248897552,3.640183508396148682e-01,-2.217644751071929932e-01,1.398010969161987305e+00
1762897152.268907547,3.528415262699127197e-01,-2.115789651870727539e-01,1.403442144393920898e+00
1762897152.288804293,3.416321575641632080e-01,-2.013550251722335815e-01,1.409392118453979492e+00
1762897152.308754444,3.304444849491119385e-01,-1.911188960075378418e-01,1.414361119270324707e+00
1762897152.327877760,3.190182745456695557e-01,-1.806483715772628784e-01,1.417084932327270508e+00
1762897152.348048687,3.082390427589416504e-01,-1.706544458866119385e-01,1.416608452796936035e+00
1762897152.367869139,2.959391176700592041e-01,-1.596936583518981934e-01,1.413259863853454590e+00
1762897152.387908220,2.863025069236755371e-01,-1.500844061374664307e-01,1.407357931137084961e+00
1762897152.408065081,2.753930985927581787e-01,-1.395646780729293823e-01,1.401001930236816406e+00
1762897152.427896261,2.644555866718292236e-01,-1.288175135850906372e-01,1.395982861518859863e+00
1762897152.447854042,2.521548271179199219e-01,-1.171393096446990967e-01,1.392530202865600586e+00
1762897152.468501568,2.410519123077392578e-01,-1.060676276683807373e-01,1.392629861831665039e+00
1762897152.487789869,2.298659533262252808e-01,-9.497417509555816650e-02,1.395218491554260254e+00
1762897152.508894682,2.198740988969802856e-01,-8.463938534259796143e-02,1.400056600570678711e+00
1762897152.528967142,2.073499411344528198e-01,-7.294664531946182251e-02,1.406222343444824219e+00
1762897152.548864841,1.961053907871246338e-01,-6.203915178775787354e-02,1.412178039550781250e+00
1762897152.568931580,1.849144697189331055e-01,-5.118026584386825562e-02,1.416463613510131836e+00
1762897152.589946032,1.751260012388229370e-01,-4.109091684222221375e-02,1.417193889617919922e+00
1762897152.607773066,1.621673554182052612e-01,-2.900867164134979248e-02,1.415924310684204102e+00
1762897152.627954960,1.518169343471527100e-01,-1.865044236183166504e-02,1.411137223243713379e+00
1762897152.649045944,1.403917223215103149e-01,-7.186973467469215393e-03,1.404645919799804688e+00
1762897152.668898344,1.301575303077697754e-01,3.419927787035703659e-03,1.399356365203857422e+00
1762897152.688765764,1.193587929010391235e-01,1.461534760892391205e-02,1.396222352981567383e+00
1762897152.708817720,1.084787920117378235e-01,2.586857602000236511e-02,1.395851373672485352e+00
1762897152.728932381,9.754116088151931763e-02,3.707195818424224854e-02,1.398024916648864746e+00
1762897152.748869419,8.654175698757171631e-02,4.816355556249618530e-02,1.402590274810791016e+00
1762897152.768899202,7.550319284200668335e-02,5.911801755428314209e-02,1.408751726150512695e+00
1762897152.788751364,6.447292864322662354e-02,6.994888931512832642e-02,1.415014266967773438e+00
1762897152.807813168,5.951983854174613953e-02,7.564514875411987305e-02,1.417217612266540527e+00
1762897152.828907490,4.855445027351379395e-02,8.638782054185867310e-02,1.420350790023803711e+00
1762897152.849130154,3.768761828541755676e-02,9.705661982297897339e-02,1.420611619949340820e+00
1762897152.868764877,2.691731043159961700e-02,1.076815500855445862e-01,1.417827963829040527e+00
1762897152.888934851,1.619181782007217407e-02,1.183710247278213501e-01,1.412509560585021973e+00
1762897152.909312487,5.527049768716096878e-03,1.291180104017257690e-01,1.406100273132324219e+00
1762897152.928860664,-5.140241701155900955e-03,1.399119049310684204e-01,1.400417447090148926e+00
1762897152.947998762,-1.540058851242065430e-02,1.499145328998565674e-01,1.396556258201599121e+00
1762897152.967868090,-2.596678957343101501e-02,1.604131758213043213e-01,1.395219326019287109e+00
1762897152.988268614,-3.692270070314407349e-02,1.709857434034347534e-01,1.396245598793029785e+00
1762897153.007829666,-4.801725596189498901e-02,1.813526302576065063e-01,1.399594545364379883e+00
1762897153.027917147,-5.921232700347900391e-02,1.914669573307037354e-01,1.404902219772338867e+00
1762897153.048750162,-7.075931876897811890e-02,2.015518099069595337e-01,1.411466836929321289e+00
1762897153.068898201,-8.172243088483810425e-02,2.110059261322021484e-01,1.417461037635803223e+00
1762897153.088936567,-9.290907531976699829e-02,2.205281704664230347e-01,1.421852350234985352e+00
1762897153.108794928,-1.040445715188980103e-01,2.299896478652954102e-01,1.423458576202392578e+00
1762897153.128863335,-1.151104345917701721e-01,2.394198030233383179e-01,1.421855807304382324e+00
1762897153.148845673,-1.260945498943328857e-01,2.488597929477691650e-01,1.417293071746826172e+00
1762897153.168908358,-1.369849592447280884e-01,2.583206593990325928e-01,1.411013841629028320e+00
1762897153.188840151,-1.477981805801391602e-01,2.677583992481231689e-01,1.404977321624755859e+00
1762897153.208870649,-1.585602611303329468e-01,2.771063446998596191e-01,1.400746345520019531e+00
1762897153.228916645,-1.692878901958465576e-01,2.862742543220520020e-01,1.398904204368591309e+00
1762897153.248693705,-1.799872964620590210e-01,2.951913177967071533e-01,1.399450540542602539e+00
1762897153.268846750,-1.891770660877227783e-01,3.028082847595214844e-01,1.402030587196350098e+00
1762897153.288880587,-1.997025758028030396e-01,3.110390603542327881e-01,1.406623125076293945e+00
1762897153.309326649,-2.099034786224365234e-01,3.187704384326934814e-01,1.412447452545166016e+00
1762897153.328845501,-2.203727960586547852e-01,3.264446556568145752e-01,1.418604731559753418e+00
1762897153.349834919,-2.328196913003921509e-01,3.351119756698608398e-01,1.424704313278198242e+00
1762897153.367899656,-2.434987276792526245e-01,3.426635265350341797e-01,1.427271842956542969e+00
1762897153.387904882,-2.543753683567047119e-01,3.499303162097930908e-01,1.426993608474731445e+00
1762897153.407974482,-2.644447088241577148e-01,3.571296036243438721e-01,1.423172593116760254e+00
1762897153.428144217,-2.733482122421264648e-01,3.640581965446472168e-01,1.417785525321960449e+00
1762897153.447810173,-2.833224833011627197e-01,3.711600303649902344e-01,1.412333965301513672e+00
1762897153.467875242,-2.944016456604003906e-01,3.783538937568664551e-01,1.407742738723754883e+00
1762897153.487962961,-3.043366968631744385e-01,3.849713504314422607e-01,1.406318306922912598e+00
1762897153.507959127,-3.142879903316497803e-01,3.912559449672698975e-01,1.407274007797241211e+00
1762897153.527770281,-3.242538273334503174e-01,3.971652984619140625e-01,1.410476088523864746e+00
1762897153.547953606,-3.342091739177703857e-01,4.026833772659301758e-01,1.415558457374572754e+00
1762897153.567735434,-3.441173732280731201e-01,4.078496694564819336e-01,1.421515941619873047e+00
1762897153.589771748,-3.527679145336151123e-01,4.126212894916534424e-01,1.426318049430847168e+00
1762897153.608011723,-3.602356910705566406e-01,4.162557721138000488e-01,1.429088950157165527e+00
1762897153.627891302,-3.730480074882507324e-01,4.220458865165710449e-01,1.431063532829284668e+00
1762897153.647885561,-3.794486522674560547e-01,4.255315959453582764e-01,1.429031491279602051e+00
1762897153.667768955,-3.913396000862121582e-01,4.309383630752563477e-01,1.424119114875793457e+00
1762897153.687956810,-3.982405662536621094e-01,4.345386028289794922e-01,1.419866800308227539e+00
1762897153.707921743,-4.073545336723327637e-01,4.387356042861938477e-01,1.415196061134338379e+00
1762897153.727849007,-4.165340960025787354e-01,4.426633119583129883e-01,1.412244677543640137e+00
1762897153.748023987,-4.256605207920074463e-01,4.462166428565979004e-01,1.411355733871459961e+00
1762897153.767915010,-4.347469210624694824e-01,4.493558406829833984e-01,1.412553191184997559e+00
1762897153.788869143,-4.438071250915527344e-01,4.520533382892608643e-01,1.415814042091369629e+00
1762897153.808890343,-4.528823792934417725e-01,4.543234705924987793e-01,1.420640468597412109e+00
1762897153.828924894,-4.617925286293029785e-01,4.562145173549652100e-01,1.425925970077514648e+00
1762897153.848801851,-4.706808924674987793e-01,4.578454792499542236e-01,1.430493593215942383e+00
1762897153.868855715,-4.794874489307403564e-01,4.593051075935363770e-01,1.433084249496459961e+00
1762897153.888845921,-4.882096648216247559e-01,4.606692194938659668e-01,1.432934641838073730e+00
1762897153.908773899,-4.968438148498535156e-01,4.619848430156707764e-01,1.429970860481262207e+00
1762897153.928846598,-5.053772926330566406e-01,4.632257521152496338e-01,1.425008535385131836e+00
1762897153.948911905,-5.138027667999267578e-01,4.642897844314575195e-01,1.419589161872863770e+00
1762897153.968958855,-5.221233963966369629e-01,4.650524854660034180e-01,1.415388345718383789e+00
1762897153.989941835,-5.303432345390319824e-01,4.654343128204345703e-01,1.413106083869934082e+00
1762897154.007887840,-5.396065115928649902e-01,4.651897251605987549e-01,1.412409901618957520e+00
1762897154.028030396,-5.475074648857116699e-01,4.646923243999481201e-01,1.414267420768737793e+00
1762897154.047953367,-5.554041862487792969e-01,4.637396037578582764e-01,1.417870998382568359e+00
1762897154.067773819,-5.631868243217468262e-01,4.623802900314331055e-01,1.422500967979431152e+00
1762897154.088186026,-5.708381533622741699e-01,4.607070982456207275e-01,1.427004218101501465e+00
1762897154.107770205,-5.783570408821105957e-01,4.588185250759124756e-01,1.430231809616088867e+00
1762897154.127971649,-5.857563018798828125e-01,4.567995667457580566e-01,1.431197047233581543e+00
1762897154.147791386,-5.930479168891906738e-01,4.546869993209838867e-01,1.429528713226318359e+00
1762897154.167896509,-6.002293825149536133e-01,4.524728357791900635e-01,1.425552368164062500e+00
1762897154.187891960,-6.031991839408874512e-01,4.515627026557922363e-01,1.422724843025207520e+00
1762897154.207749367,-6.141853928565979004e-01,4.474188685417175293e-01,1.415717124938964844e+00
1762897154.227776766,-6.209357380867004395e-01,4.443632364273071289e-01,1.412827134132385254e+00
1762897154.247777700,-6.275452971458435059e-01,4.408995509147644043e-01,1.411984205245971680e+00
1762897154.268101931,-6.340339183807373047e-01,4.370325803756713867e-01,1.413097858428955078e+00
1762897154.287895203,-6.379829049110412598e-01,4.342463910579681396e-01,1.415436029434204102e+00
1762897154.307768822,-6.459878087043762207e-01,4.285765588283538818e-01,1.419954180717468262e+00
1762897154.328060150,-6.508461833000183105e-01,4.246522784233093262e-01,1.423392057418823242e+00
1762897154.347779274,-6.581603884696960449e-01,4.186408519744873047e-01,1.427394151687622070e+00
1762897154.367963314,-6.623737215995788574e-01,4.147986769676208496e-01,1.428196072578430176e+00
1762897154.387952328,-6.681203246116638184e-01,4.096139371395111084e-01,1.427569985389709473e+00
1762897154.407790899,-6.738776564598083496e-01,4.042635262012481689e-01,1.424718737602233887e+00
1762897154.428057194,-6.795489192008972168e-01,3.987852632999420166e-01,1.420384407043457031e+00
1762897154.447863340,-6.859685182571411133e-01,3.925559222698211670e-01,1.415399193763732910e+00
1762897154.467895269,-6.914876699447631836e-01,3.865512013435363770e-01,1.411972641944885254e+00
1762897154.487931728,-6.969572305679321289e-01,3.801786005496978760e-01,1.410398483276367188e+00
1762897154.507959843,-7.023817896842956543e-01,3.734331429004669189e-01,1.410673141479492188e+00
1762897154.527996540,-7.077485918998718262e-01,3.663263916969299316e-01,1.412696003913879395e+00
1762897154.547878027,-7.130377292633056641e-01,3.588818311691284180e-01,1.416058659553527832e+00
1762897154.567924023,-7.173851728439331055e-01,3.518442213535308838e-01,1.419687509536743164e+00
1762897154.588911057,-7.236328721046447754e-01,3.428227305412292480e-01,1.423480868339538574e+00
1762897154.608878613,-7.282960414886474609e-01,3.351573646068572998e-01,1.425123214721679688e+00
1762897154.629027367,-7.331431508064270020e-01,3.270361721515655518e-01,1.424818396568298340e+00
1762897154.648815632,-7.379012107849121094e-01,3.188171088695526123e-01,1.422342181205749512e+00
1762897154.668841362,-7.425424456596374512e-01,3.105019032955169678e-01,1.418373823165893555e+00
1762897154.689075470,-7.470426559448242188e-01,3.020388782024383545e-01,1.414192438125610352e+00
1762897154.709511042,-7.513813972473144531e-01,2.933690249919891357e-01,1.411080002784729004e+00
1762897154.728763103,-7.555435895919799805e-01,2.844682633876800537e-01,1.409747123718261719e+00
1762897154.748823881,-7.595242857933044434e-01,2.753400802612304688e-01,1.410279393196105957e+00
1762897154.767795801,-7.607646584510803223e-01,2.706353366374969482e-01,1.411860466003417969e+00
1762897154.787902355,-7.644811272621154785e-01,2.611605525016784668e-01,1.414743781089782715e+00
1762897154.807927132,-7.679953575134277344e-01,2.515631318092346191e-01,1.418435454368591309e+00
1762897154.827826500,-7.713573575019836426e-01,2.418056577444076538e-01,1.422179341316223145e+00
1762897154.847906351,-7.745682597160339355e-01,2.319465428590774536e-01,1.425120830535888672e+00
1762897154.867861986,-7.776461839675903320e-01,2.220155000686645508e-01,1.426474690437316895e+00
1762897154.887709856,-7.806069254875183105e-01,2.120351940393447876e-01,1.425729393959045410e+00
1762897154.907873392,-7.834557890892028809e-01,2.020173668861389160e-01,1.422835469245910645e+00
1762897154.927911758,-7.861787676811218262e-01,1.928377300500869751e-01,1.418872356414794922e+00
1762897154.947909594,-7.887769937515258789e-01,1.818082481622695923e-01,1.413361310958862305e+00
1762897154.967884302,-7.912544012069702148e-01,1.724578738212585449e-01,1.409249901771545410e+00
1762897154.988144159,-7.935416698455810547e-01,1.611071079969406128e-01,1.406461119651794434e+00
1762897155.007709980,-7.957753539085388184e-01,1.514586508274078369e-01,1.405335068702697754e+00
1762897155.027927399,-7.978460788726806641e-01,1.406929343938827515e-01,1.406047224998474121e+00
1762897155.048026562,-7.997951507568359375e-01,1.297476589679718018e-01,1.408527374267578125e+00
1762897155.067749739,-8.012167215347290039e-01,1.199983656406402588e-01,1.412052750587463379e+00
1762897155.087768793,-8.028048872947692871e-01,1.091882809996604919e-01,1.416429877281188965e+00
1762897155.107850552,-8.043881654739379883e-01,9.788365662097930908e-02,1.420712709426879883e+00
1762897155.128888845,-8.058941960334777832e-01,8.636717498302459717e-02,1.423778176307678223e+00
1762897155.148862839,-8.072295188903808594e-01,7.508066296577453613e-02,1.424629807472229004e+00
1762897155.168797255,-8.085882663726806641e-01,6.332752108573913574e-02,1.422966957092285156e+00
1762897155.188898802,-8.097020387649536133e-01,5.223474279046058655e-02,1.418952465057373047e+00
1762897155.208926916,-8.107938766479492188e-01,4.085010290145874023e-02,1.413543224334716797e+00
1762897155.228804111,-8.117799162864685059e-01,2.945122867822647095e-02,1.408176541328430176e+00
1762897155.247845888,-8.127427697181701660e-01,1.758025400340557098e-02,1.403896689414978027e+00
1762897155.268023729,-8.133853077888488770e-01,6.596293766051530838e-03,1.401806235313415527e+00
1762897155.287812233,-8.139777183532714844e-01,-4.842746537178754807e-03,1.401328444480895996e+00
1762897155.307922125,-8.147135376930236816e-01,-1.804993115365505219e-02,1.402822136878967285e+00
1762897155.327933311,-8.149840831756591797e-01,-2.970987372100353241e-02,1.406276702880859375e+00
1762897155.347775698,-8.148673176765441895e-01,-3.992317616939544678e-02,1.410442352294921875e+00
1762897155.368905544,-8.147481083869934082e-01,-5.123613774776458740e-02,1.415202021598815918e+00
1762897155.388945341,-8.145000338554382324e-01,-6.269892305135726929e-02,1.419247508049011230e+00
1762897155.408908367,-8.141350150108337402e-01,-7.429094612598419189e-02,1.421615362167358398e+00
1762897155.428769112,-8.136581182479858398e-01,-8.586849272251129150e-02,1.421560049057006836e+00
1762897155.448776960,-8.131065964698791504e-01,-9.773819893598556519e-02,1.418943643569946289e+00
1762897155.468965769,-8.123862743377685547e-01,-1.088887602090835571e-01,1.414514899253845215e+00
1762897155.489105225,-8.115492463111877441e-01,-1.202361211180686951e-01,1.409559965133666992e+00
1762897155.508907318,-8.105507493019104004e-01,-1.314669698476791382e-01,1.405570864677429199e+00
1762897155.529007673,-8.093824982643127441e-01,-1.425550132989883423e-01,1.403385877609252930e+00
1762897155.548898935,-8.080452680587768555e-01,-1.535083055496215820e-01,1.403213024139404297e+00
1762897155.567837000,-8.069265484809875488e-01,-1.635392755270004272e-01,1.404701113700866699e+00
1762897155.588106632,-8.052626252174377441e-01,-1.740267574787139893e-01,1.408384084701538086e+00
1762897155.607940674,-8.034285306930541992e-01,-1.846330463886260986e-01,1.413557171821594238e+00
1762897155.627995253,-8.014345169067382812e-01,-1.951591372489929199e-01,1.419077873229980469e+00
1762897155.648014307,-7.992991209030151367e-01,-2.056067585945129395e-01,1.423706889152526855e+00
1762897155.667821407,-7.970481514930725098e-01,-2.159992456436157227e-01,1.426230192184448242e+00
1762897155.687842131,-7.947068214416503906e-01,-2.263469845056533813e-01,1.425961256027221680e+00
1762897155.708220243,-7.922869324684143066e-01,-2.366309016942977905e-01,1.422861814498901367e+00
1762897155.727811098,-7.897810339927673340e-01,-2.467900067567825317e-01,1.417734742164611816e+00
1762897155.748879671,-7.871418595314025879e-01,-2.569608390331268311e-01,1.411986947059631348e+00
1762897155.768793583,-7.844266295433044434e-01,-2.664052844047546387e-01,1.407852768898010254e+00
1762897155.788840771,-7.815473675727844238e-01,-2.757543921470642090e-01,1.405787110328674316e+00
1762897155.808883905,-7.785130143165588379e-01,-2.848464250564575195e-01,1.405999302864074707e+00
1762897155.829074621,-7.753099203109741211e-01,-2.937034070491790771e-01,1.408467292785644531e+00
1762897155.848837137,-7.718997597694396973e-01,-3.024298250675201416e-01,1.413030385971069336e+00
1762897155.868939638,-7.683454155921936035e-01,-3.108162879943847656e-01,1.418651580810546875e+00
1762897155.888984442,-7.646049261093139648e-01,-3.191544413566589355e-01,1.424157500267028809e+00
1762897155.907790422,-7.606709599494934082e-01,-3.275784850120544434e-01,1.428188681602478027e+00
1762897155.928001642,-7.566009759902954102e-01,-3.360511660575866699e-01,1.429524302482604980e+00
1762897155.949131966,-7.518932223320007324e-01,-3.461196124553680420e-01,1.427168011665344238e+00
1762897155.968998432,-7.484838366508483887e-01,-3.518665134906768799e-01,1.423139810562133789e+00
1762897155.988908529,-7.440918684005737305e-01,-3.599581122398376465e-01,1.417353630065917969e+00
1762897156.008996725,-7.396395206451416016e-01,-3.674174249172210693e-01,1.412600159645080566e+00
1762897156.028841257,-7.351890802383422852e-01,-3.740657866001129150e-01,1.410437822341918945e+00
1762897156.048918724,-7.306113243103027344e-01,-3.810345530509948730e-01,1.410104036331176758e+00
1762897156.068964481,-7.254254221916198730e-01,-3.871870040893554688e-01,1.412990331649780273e+00
1762897156.088754177,-7.204437851905822754e-01,-3.935784995555877686e-01,1.417750120162963867e+00
1762897156.108912230,-7.150943279266357422e-01,-3.995490968227386475e-01,1.423533678054809570e+00
1762897156.129018068,-7.095958590507507324e-01,-4.053868651390075684e-01,1.428695321083068848e+00
1762897156.148816347,-7.039837837219238281e-01,-4.111475646495819092e-01,1.431672692298889160e+00
1762897156.168850183,-6.982892155647277832e-01,-4.168750345706939697e-01,1.431550741195678711e+00
1762897156.188965321,-6.925221085548400879e-01,-4.225486814975738525e-01,1.428250908851623535e+00
1762897156.208905935,-6.866666674613952637e-01,-4.280639290809631348e-01,1.422653079032897949e+00
1762897156.227753162,-6.827723979949951172e-01,-4.310519695281982422e-01,1.419411420822143555e+00
1762897156.248064995,-6.767069101333618164e-01,-4.360257387161254883e-01,1.414315700531005859e+00
1762897156.267838001,-6.705296039581298828e-01,-4.405261576175689697e-01,1.411279082298278809e+00
1762897156.287788630,-6.642096042633056641e-01,-4.445850849151611328e-01,1.410934448242187500e+00
1762897156.307798147,-6.577551364898681641e-01,-4.482148587703704834e-01,1.413410425186157227e+00
1762897156.327825308,-6.511608362197875977e-01,-4.514636099338531494e-01,1.418441772460937500e+00
1762897156.348798990,-6.444261074066162109e-01,-4.543935358524322510e-01,1.425174832344055176e+00
1762897156.368826389,-6.375463008880615234e-01,-4.570884406566619873e-01,1.432127594947814941e+00
1762897156.388911009,-6.305863261222839355e-01,-4.596274197101593018e-01,1.437544345855712891e+00
1762897156.408955574,-6.235365271568298340e-01,-4.621087610721588135e-01,1.440122604370117188e+00
1762897156.428743124,-6.164413690567016602e-01,-4.645608365535736084e-01,1.439079999923706055e+00
1762897156.447989464,-6.092455387115478516e-01,-4.669709205627441406e-01,1.434317469596862793e+00
1762897156.468007565,-6.030238866806030273e-01,-4.689415097236633301e-01,1.427636384963989258e+00
1762897156.487942457,-5.948019623756408691e-01,-4.713596701622009277e-01,1.418165206909179688e+00
1762897156.508015394,-5.882408618927001953e-01,-4.731732010841369629e-01,1.411132454872131348e+00
1762897156.528049469,-5.803160071372985840e-01,-4.753966033458709717e-01,1.405853390693664551e+00
1762897156.547828674,-5.713039636611938477e-01,-4.781188666820526123e-01,1.403580427169799805e+00
1762897156.567931890,-5.628448128700256348e-01,-4.808276593685150146e-01,1.403773665428161621e+00
1762897156.587855339,-5.551035404205322266e-01,-4.834085702896118164e-01,1.406059026718139648e+00
1762897156.609333277,-5.448704361915588379e-01,-4.868264198303222656e-01,1.411333560943603516e+00
1762897156.628842831,-5.354533195495605469e-01,-4.898981451988220215e-01,1.416759252548217773e+00
1762897156.648899317,-5.270360112190246582e-01,-4.925705492496490479e-01,1.421058535575866699e+00
1762897156.668921471,-5.173740983009338379e-01,-4.955441653728485107e-01,1.423276901245117188e+00
1762897156.688914061,-5.065133571624755859e-01,-4.988167583942413330e-01,1.421544432640075684e+00
1762897156.708049297,-4.976721405982971191e-01,-5.014535784721374512e-01,1.417467713356018066e+00
1762897156.727808714,-4.879988729953765869e-01,-5.040952563285827637e-01,1.410488486289978027e+00
1762897156.747888565,-4.780761897563934326e-01,-5.062926411628723145e-01,1.402996659278869629e+00
1762897156.767951012,-4.681478440761566162e-01,-5.075550079345703125e-01,1.397583484649658203e+00
1762897156.788055897,-4.583303630352020264e-01,-5.076435208320617676e-01,1.395388960838317871e+00
1762897156.807774544,-4.486946463584899902e-01,-5.065464973449707031e-01,1.396449923515319824e+00
1762897156.827885866,-4.392711222171783447e-01,-5.043501853942871094e-01,1.400521516799926758e+00
1762897156.847814798,-4.300486147403717041e-01,-5.011704564094543457e-01,1.407096266746520996e+00
1762897156.867803812,-4.209655523300170898e-01,-4.972259700298309326e-01,1.414921402931213379e+00
1762897156.887836218,-4.119377434253692627e-01,-4.928133487701416016e-01,1.422167062759399414e+00
1762897156.907950640,-4.028957784175872803e-01,-4.882224500179290771e-01,1.426934003829956055e+00
1762897156.927917719,-3.937850594520568848e-01,-4.829872250556945801e-01,1.428804755210876465e+00
1762897156.947827816,-3.846578598022460938e-01,-4.783661663532257080e-01,1.425792932510375977e+00
1762897156.967871666,-3.755044639110565186e-01,-4.736519455909729004e-01,1.419383525848388672e+00
1762897156.988057613,-3.663288056850433350e-01,-4.687069356441497803e-01,1.411018490791320801e+00
1762897157.007760048,-3.571281135082244873e-01,-4.634489715099334717e-01,1.403228521347045898e+00
1762897157.028807163,-3.477135598659515381e-01,-4.584278762340545654e-01,1.399051666259765625e+00
1762897157.049167395,-3.384315371513366699e-01,-4.530964493751525879e-01,1.397405862808227539e+00
1762897157.068743706,-3.287070691585540771e-01,-4.471240639686584473e-01,1.398349523544311523e+00
1762897157.088819504,-3.187184929847717285e-01,-4.419030249118804932e-01,1.403150796890258789e+00
1762897157.109153509,-3.084418475627899170e-01,-4.367778003215789795e-01,1.410161733627319336e+00
1762897157.128753424,-2.979370653629302979e-01,-4.316665232181549072e-01,1.417510390281677246e+00
1762897157.148753166,-2.872872948646545410e-01,-4.265366792678833008e-01,1.423021674156188965e+00
1762897157.169157028,-2.765645980834960938e-01,-4.214034080505371094e-01,1.425030231475830078e+00
1762897157.188710451,-2.658088207244873047e-01,-4.162720143795013428e-01,1.422932147979736328e+00
1762897157.207869530,-2.545846998691558838e-01,-4.108588993549346924e-01,1.416829347610473633e+00
1762897157.228067398,-2.441425770521163940e-01,-4.059035480022430420e-01,1.408503770828247070e+00
1762897157.247794628,-2.331881970167160034e-01,-4.004969298839569092e-01,1.399765610694885254e+00
1762897157.267882824,-2.221298664808273315e-01,-3.946589827537536621e-01,1.393611550331115723e+00
1762897157.287850857,-2.110871076583862305e-01,-3.882753551006317139e-01,1.391011118888854980e+00
1762897157.307874918,-2.001332193613052368e-01,-3.813054859638214111e-01,1.391777396202087402e+00
1762897157.328789949,-1.888805031776428223e-01,-3.733659684658050537e-01,1.395713329315185547e+00
1762897157.348927498,-1.786230504512786865e-01,-3.655862808227539062e-01,1.401902079582214355e+00
1762897157.368734598,-1.680629700422286987e-01,-3.570059239864349365e-01,1.409256219863891602e+00
1762897157.388718367,-1.575045883655548096e-01,-3.481377661228179932e-01,1.415622353553771973e+00
1762897157.408078432,-1.527525484561920166e-01,-3.446209132671356201e-01,1.416894793510437012e+00
1762897157.427958965,-1.417295038700103760e-01,-3.355478346347808838e-01,1.418584823608398438e+00
1762897157.447871923,-1.310590058565139771e-01,-3.265824317932128906e-01,1.416850447654724121e+00
1762897157.467885971,-1.203858032822608948e-01,-3.175828158855438232e-01,1.411728501319885254e+00
1762897157.487953424,-1.096727699041366577e-01,-3.084174394607543945e-01,1.404027104377746582e+00
1762897157.507834196,-9.892470389604568481e-02,-2.988417148590087891e-01,1.395746588706970215e+00
1762897157.528816223,-8.686356991529464722e-02,-2.876536548137664795e-01,1.388966202735900879e+00
1762897157.548902035,-7.740248739719390869e-02,-2.777824401855468750e-01,1.385370969772338867e+00
1762897157.569056749,-6.660642474889755249e-02,-2.663680315017700195e-01,1.384691834449768066e+00
1762897157.588804483,-5.574615672230720520e-02,-2.545115947723388672e-01,1.387037634849548340e+00
1762897157.607988834,-4.459361732006072998e-02,-2.420347332954406738e-01,1.392280220985412598e+00
1762897157.627911091,-3.374913707375526428e-02,-2.299090474843978882e-01,1.399116039276123047e+00
1762897157.647695303,-2.260291576385498047e-02,-2.173918336629867554e-01,1.406264305114746094e+00
1762897157.667813540,-1.135068573057651520e-02,-2.048155665397644043e-01,1.411891579627990723e+00
1762897157.688045740,-2.757706897682510316e-05,-1.922419667243957520e-01,1.414528131484985352e+00
1762897157.707847118,1.134771946817636490e-02,-1.796796470880508423e-01,1.413599014282226562e+00
1762897157.727825642,2.277120202779769897e-02,-1.671161055564880371e-01,1.409134507179260254e+00
1762897157.747855902,3.428888320922851562e-02,-1.544930338859558105e-01,1.401871323585510254e+00
1762897157.769149780,4.596634209156036377e-02,-1.417438089847564697e-01,1.393502593040466309e+00
1762897157.788855076,5.789534747600555420e-02,-1.287815421819686890e-01,1.386289954185485840e+00
1762897157.808944941,6.990950554609298706e-02,-1.158657148480415344e-01,1.381940722465515137e+00
1762897157.828947544,8.212681114673614502e-02,-1.028954833745956421e-01,1.380682468414306641e+00
1762897157.848758698,9.445701539516448975e-02,-9.002336859703063965e-02,1.382470607757568359e+00
1762897157.868824959,1.068714335560798645e-01,-7.730636745691299438e-02,1.387258768081665039e+00
1762897157.888964176,1.190171614289283752e-01,-6.516460329294204712e-02,1.394215941429138184e+00
1762897157.909084320,1.305767297744750977e-01,-5.389948189258575439e-02,1.401409149169921875e+00
1762897157.928817987,1.427999883890151978e-01,-4.202148690819740295e-02,1.408382296562194824e+00
1762897157.948887825,1.570339649915695190e-01,-2.798698656260967255e-02,1.414400458335876465e+00
1762897157.967870235,1.698993295431137085e-01,-1.561392191797494888e-02,1.415835022926330566e+00
1762897157.988115788,1.825969070196151733e-01,-3.494072472676634789e-03,1.413601875305175781e+00
1762897158.007899284,1.950554847717285156e-01,8.311791345477104187e-03,1.408286929130554199e+00
1762897158.027851343,2.077544927597045898e-01,2.080552279949188232e-02,1.400861144065856934e+00
1762897158.048023939,2.208278775215148926e-01,3.274129703640937805e-02,1.394437193870544434e+00
1762897158.067807436,2.310227602720260620e-01,4.248055070638656616e-02,1.390671968460083008e+00
1762897158.088777781,2.468554526567459106e-01,5.751273036003112793e-02,1.388644695281982422e+00
1762897158.110901833,2.598563134670257568e-01,6.996722519397735596e-02,1.390434026718139648e+00
1762897158.129118443,2.726211845874786377e-01,8.220586180686950684e-02,1.395236968994140625e+00
1762897158.148884058,2.854810953140258789e-01,9.505918622016906738e-02,1.402525186538696289e+00
1762897158.168917418,2.981205880641937256e-01,1.071514412760734558e-01,1.410671949386596680e+00
1762897158.188905954,3.075942099094390869e-01,1.156537085771560669e-01,1.415205955505371094e+00
1762897158.207865238,3.226025402545928955e-01,1.302209347486495972e-01,1.420997023582458496e+00
1762897158.227890968,3.353847265243530273e-01,1.422363966703414917e-01,1.421546220779418945e+00
1762897158.248037338,3.481174111366271973e-01,1.541357040405273438e-01,1.418459892272949219e+00
1762897158.267751694,3.608814775943756104e-01,1.660397946834564209e-01,1.412518382072448730e+00
1762897158.287908077,3.736729025840759277e-01,1.779648363590240479e-01,1.405558347702026367e+00
1762897158.309159994,3.841878771781921387e-01,1.874153167009353638e-01,1.401222467422485352e+00
1762897158.328843355,3.995992839336395264e-01,2.020747065544128418e-01,1.396786451339721680e+00
1762897158.348828793,4.116802215576171875e-01,2.130350470542907715e-01,1.397673726081848145e+00
1762897158.368863583,4.240718483924865723e-01,2.241595238447189331e-01,1.401476263999938965e+00
1762897158.388839960,4.340459704399108887e-01,2.326040714979171753e-01,1.406579256057739258e+00
1762897158.408943176,4.461974501609802246e-01,2.431192249059677124e-01,1.413896441459655762e+00
1762897158.429091215,4.584561288356781006e-01,2.535540759563446045e-01,1.421303749084472656e+00
1762897158.448868036,4.707350730895996094e-01,2.638601660728454590e-01,1.426955342292785645e+00
1762897158.469030857,4.854830801486968994e-01,2.764065861701965332e-01,1.430357575416564941e+00
1762897158.488804817,4.978615045547485352e-01,2.866053283214569092e-01,1.428656458854675293e+00
1762897158.508815289,5.108700990676879883e-01,2.973403632640838623e-01,1.423646688461303711e+00
1762897158.528880358,5.226907134056091309e-01,3.068853914737701416e-01,1.417371273040771484e+00
1762897158.548979044,5.356419086456298828e-01,3.173420727252960205e-01,1.411234974861145020e+00
1762897158.568886280,5.472835302352905273e-01,3.264109492301940918e-01,1.408531785011291504e+00
1762897158.588865519,5.571452975273132324e-01,3.340528011322021484e-01,1.408584475517272949e+00
1762897158.608963013,5.687099099159240723e-01,3.423338532447814941e-01,1.412072539329528809e+00
1762897158.629060507,5.803138017654418945e-01,3.510257899761199951e-01,1.418024778366088867e+00
1762897158.648885727,5.918231010437011719e-01,3.588086366653442383e-01,1.425331592559814453e+00
1762897158.668878078,6.032182574272155762e-01,3.665920794010162354e-01,1.432642102241516113e+00
1762897158.687977076,6.103636622428894043e-01,3.712884187698364258e-01,1.435809969902038574e+00
1762897158.707879543,6.217865347862243652e-01,3.788987994194030762e-01,1.439189910888671875e+00
1762897158.727854729,6.331865787506103516e-01,3.864192366600036621e-01,1.439187407493591309e+00
1762897158.747851133,6.446302533149719238e-01,3.939224481582641602e-01,1.435763120651245117e+00
1762897158.767761230,6.560927629470825195e-01,4.014025926589965820e-01,1.429525852203369141e+00
1762897158.787734985,6.675330996513366699e-01,4.087858498096466064e-01,1.422012090682983398e+00
1762897158.807816744,6.788609623908996582e-01,4.159327447414398193e-01,1.415329098701477051e+00
1762897158.827894688,6.899871826171875000e-01,4.227026998996734619e-01,1.411144495010375977e+00
1762897158.847818851,7.008667588233947754e-01,4.289916157722473145e-01,1.410101175308227539e+00
1762897158.868922234,7.115817070007324219e-01,4.347989559173583984e-01,1.412285804748535156e+00
1762897158.888916969,7.218478322029113770e-01,4.399216473102569580e-01,1.417583346366882324e+00
1762897158.908904314,7.319750785827636719e-01,4.445519149303436279e-01,1.425367236137390137e+00
1762897158.929000139,7.419556379318237305e-01,4.487478137016296387e-01,1.434108257293701172e+00
1762897158.948909760,7.518749237060546875e-01,4.526701271533966064e-01,1.441861033439636230e+00
1762897158.968746424,7.617985606193542480e-01,4.564678370952606201e-01,1.446959018707275391e+00
1762897158.988890409,7.717478871345520020e-01,4.602413773536682129e-01,1.448446512222290039e+00
1762897159.009097338,7.817180752754211426e-01,4.640243649482727051e-01,1.446059107780456543e+00
1762897159.028924942,7.917112112045288086e-01,4.678032100200653076e-01,1.440116167068481445e+00
1762897159.048927546,8.017001748085021973e-01,4.714211523532867432e-01,1.431950211524963379e+00
1762897159.068907022,8.115882873535156250e-01,4.745165705680847168e-01,1.423791050910949707e+00
1762897159.088890553,8.200800418853759766e-01,4.765414893627166748e-01,1.417617917060852051e+00
1762897159.108863592,8.295618891716003418e-01,4.778628051280975342e-01,1.413506627082824707e+00
1762897159.128959417,8.399770259857177734e-01,4.782252907752990723e-01,1.412088751792907715e+00
1762897159.148863792,8.489894270896911621e-01,4.775483012199401855e-01,1.413086891174316406e+00
1762897159.168739080,8.566543459892272949e-01,4.761209785938262939e-01,1.415919899940490723e+00
1762897159.188910961,8.652611970901489258e-01,4.739794433116912842e-01,1.421283960342407227e+00
1762897159.208866596,8.748393654823303223e-01,4.712401330471038818e-01,1.427942276000976562e+00
1762897159.229133368,8.813671469688415527e-01,4.689318537712097168e-01,1.432156085968017578e+00
1762897159.248828173,8.904359936714172363e-01,4.654723107814788818e-01,1.435912489891052246e+00
1762897159.268825531,8.986921906471252441e-01,4.625095427036285400e-01,1.435599565505981445e+00
1762897159.288838387,9.071063399314880371e-01,4.594481587409973145e-01,1.431889057159423828e+00
1762897159.308863878,9.147894978523254395e-01,4.568702578544616699e-01,1.425945878028869629e+00
1762897159.327869177,9.238429069519042969e-01,4.533781707286834717e-01,1.417172551155090332e+00
1762897159.347914219,9.315310120582580566e-01,4.506392478942871094e-01,1.410548448562622070e+00
1762897159.367774010,9.391674399375915527e-01,4.477895498275756836e-01,1.405756831169128418e+00
1762897159.387795925,9.475259184837341309e-01,4.442949593067169189e-01,1.402730107307434082e+00
1762897159.407754660,9.542033672332763672e-01,4.418164789676666260e-01,1.403478980064392090e+00
1762897159.427884817,9.611681699752807617e-01,4.389916956424713135e-01,1.406560659408569336e+00
1762897159.447950602,9.678182601928710938e-01,4.362382292747497559e-01,1.411847352981567383e+00
1762897159.467894316,9.744480252265930176e-01,4.333429336547851562e-01,1.418578982353210449e+00
1762897159.487954617,9.800147414207458496e-01,4.305859506130218506e-01,1.424879193305969238e+00
1762897159.507857561,9.865570664405822754e-01,4.275765419006347656e-01,1.430141329765319824e+00
1762897159.527879477,9.931267499923706055e-01,4.245321154594421387e-01,1.432454466819763184e+00
1762897159.547904015,1.000705599784851074e+00,4.212385714054107666e-01,1.430731773376464844e+00
1762897159.568049908,1.006350994110107422e+00,4.183933436870574951e-01,1.426758766174316406e+00
1762897159.587811708,1.012974023818969727e+00,4.153180718421936035e-01,1.419618606567382812e+00
1762897159.607876062,1.019524335861206055e+00,4.121358394622802734e-01,1.411858081817626953e+00
1762897159.627903938,1.026843786239624023e+00,4.083527028560638428e-01,1.405227899551391602e+00
1762897159.647914648,1.032154321670532227e+00,4.047732353210449219e-01,1.401276350021362305e+00
1762897159.667851210,1.038240313529968262e+00,4.003762304782867432e-01,1.399366140365600586e+00
1762897159.687925100,1.044211030006408691e+00,3.954404294490814209e-01,1.399654746055603027e+00
1762897159.707856894,1.050087094306945801e+00,3.899469077587127686e-01,1.402095079421997070e+00
1762897159.728004217,1.055880188941955566e+00,3.839119672775268555e-01,1.406484484672546387e+00
1762897159.747759819,1.061617851257324219e+00,3.774196207523345947e-01,1.411924362182617188e+00
1762897159.768861771,1.067410945892333984e+00,3.704284131526947021e-01,1.417298316955566406e+00
1762897159.789045334,1.073056697845458984e+00,3.635766506195068359e-01,1.420782089233398438e+00
1762897159.808917999,1.078802347183227539e+00,3.564776182174682617e-01,1.421679973602294922e+00
1762897159.828837872,1.084580898284912109e+00,3.493261039257049561e-01,1.419423103332519531e+00
1762897159.848970890,1.090374827384948730e+00,3.421453535556793213e-01,1.414297461509704590e+00
1762897159.869162560,1.096130013465881348e+00,3.348854482173919678e-01,1.407520174980163574e+00
1762897159.888776064,1.101733922958374023e+00,3.274517357349395752e-01,1.400990128517150879e+00
1762897159.908997059,1.107061386108398438e+00,3.197846412658691406e-01,1.396245360374450684e+00
1762897159.928914547,1.112054705619812012e+00,3.118792176246643066e-01,1.393706560134887695e+00
1762897159.948752880,1.116696596145629883e+00,3.037500977516174316e-01,1.393337607383728027e+00
1762897159.968856812,1.120653271675109863e+00,2.967182397842407227e-01,1.394972920417785645e+00
1762897159.988795996,1.124627590179443359e+00,2.882648408412933350e-01,1.398400306701660156e+00
1762897160.008730173,1.128523826599121094e+00,2.781642675399780273e-01,1.404132246971130371e+00
1762897160.028035879,1.131803989410400391e+00,2.701987326145172119e-01,1.409259080886840820e+00
1762897160.047780752,1.134635925292968750e+00,2.594842910766601562e-01,1.415524840354919434e+00
1762897160.067851543,1.138404846191406250e+00,2.508931756019592285e-01,1.417838096618652344e+00
1762897160.088820219,1.141589641571044922e+00,2.419740408658981323e-01,1.417785286903381348e+00
1762897160.108906984,1.144827246665954590e+00,2.324336022138595581e-01,1.414831876754760742e+00
1762897160.129065990,1.147469520568847656e+00,2.225321233272552490e-01,1.409364819526672363e+00
1762897160.148809910,1.150436043739318848e+00,2.138393670320510864e-01,1.403374671936035156e+00
1762897160.168812513,1.153183817863464355e+00,2.044211924076080322e-01,1.398373484611511230e+00
1762897160.189060211,1.156186819076538086e+00,1.950555592775344849e-01,1.395998835563659668e+00
1762897160.208792448,1.158434033393859863e+00,1.851125210523605347e-01,1.394856214523315430e+00
1762897160.228782415,1.159886837005615234e+00,1.736185103654861450e-01,1.395211935043334961e+00
1762897160.248962641,1.161782860755920410e+00,1.634173542261123657e-01,1.397859930992126465e+00
1762897160.268979788,1.163553357124328613e+00,1.526564061641693115e-01,1.401959776878356934e+00
1762897160.288720846,1.165248394012451172e+00,1.416567564010620117e-01,1.406671881675720215e+00
1762897160.308819056,1.166916489601135254e+00,1.305023133754730225e-01,1.410796403884887695e+00
1762897160.330003977,1.168592691421508789e+00,1.192569360136985779e-01,1.413235425949096680e+00
1762897160.347952604,1.170291662216186523e+00,1.078458800911903381e-01,1.413167357444763184e+00
1762897160.367775440,1.172024488449096680e+00,9.665121138095855713e-02,1.410524487495422363e+00
1762897160.387979507,1.173728585243225098e+00,8.529705554246902466e-02,1.406091451644897461e+00
1762897160.407869101,1.175336956977844238e+00,7.386741042137145996e-02,1.401286721229553223e+00
1762897160.427813053,1.176755428314208984e+00,6.234344094991683960e-02,1.397677779197692871e+00
1762897160.447937012,1.177922248840332031e+00,5.073447152972221375e-02,1.396053194999694824e+00
1762897160.467861414,1.178825616836547852e+00,3.906743228435516357e-02,1.396357536315917969e+00
1762897160.487829685,1.179554104804992676e+00,2.813037671148777008e-02,1.398470878601074219e+00
1762897160.507853508,1.179949402809143066e+00,1.649381779134273529e-02,1.402173280715942383e+00
1762897160.527835608,1.180108308792114258e+00,4.807983525097370148e-03,1.406927227973937988e+00
1762897160.547827721,1.180104017257690430e+00,-6.871178746223449707e-03,1.411627769470214844e+00
1762897160.567897320,1.180584549903869629e+00,-1.579038240015506744e-02,1.414201021194458008e+00
1762897160.587957382,1.180484771728515625e+00,-2.730240114033222198e-02,1.416114926338195801e+00
1762897160.607829571,1.180315494537353516e+00,-3.895475715398788452e-02,1.415906429290771484e+00
1762897160.627888918,1.180088520050048828e+00,-5.058505386114120483e-02,1.413694858551025391e+00
1762897160.648951530,1.179683566093444824e+00,-6.244110316038131714e-02,1.410248517990112305e+00
1762897160.669042110,1.179176568984985352e+00,-7.376092672348022461e-02,1.407102227210998535e+00
1762897160.689063072,1.178323030471801758e+00,-8.531083166599273682e-02,1.405169725418090820e+00
1762897160.707993269,1.177926540374755859e+00,-9.428843855857849121e-02,1.405153393745422363e+00
1762897160.727975130,1.176140546798706055e+00,-1.054880693554878235e-01,1.405756235122680664e+00
1762897160.747713327,1.175042390823364258e+00,-1.154827177524566650e-01,1.408139467239379883e+00
1762897160.767874241,1.173256278038024902e+00,-1.269957721233367920e-01,1.411869525909423828e+00
1762897160.787850857,1.171265840530395508e+00,-1.386066675186157227e-01,1.416367769241333008e+00
1762897160.807791471,1.169156789779663086e+00,-1.502112001180648804e-01,1.420754194259643555e+00
1762897160.827937603,1.166987895965576172e+00,-1.617951989173889160e-01,1.424043059349060059e+00
1762897160.847923994,1.164798617362976074e+00,-1.733572036027908325e-01,1.425413727760314941e+00
1762897160.868929863,1.162604451179504395e+00,-1.848877221345901489e-01,1.424406647682189941e+00
1762897160.888983250,1.160381913185119629e+00,-1.963916122913360596e-01,1.421107172966003418e+00
1762897160.908755541,1.158118247985839844e+00,-2.077492177486419678e-01,1.416338443756103516e+00
1762897160.928880215,1.155052304267883301e+00,-2.205732315778732300e-01,1.410590887069702148e+00
1762897160.948948860,1.152285218238830566e+00,-2.318458557128906250e-01,1.406833648681640625e+00
1762897160.968767643,1.149383783340454102e+00,-2.426487654447555542e-01,1.405008912086486816e+00
1762897160.988763094,1.146868228912353516e+00,-2.520540952682495117e-01,1.405073046684265137e+00
1762897161.008822203,1.143596410751342773e+00,-2.624477446079254150e-01,1.406541824340820312e+00
1762897161.028907061,1.140275716781616211e+00,-2.724297046661376953e-01,1.409638881683349609e+00
1762897161.048945904,1.135806083679199219e+00,-2.839555442333221436e-01,1.414671182632446289e+00
1762897161.068840504,1.132008194923400879e+00,-2.939703762531280518e-01,1.419713497161865234e+00
1762897161.088900328,1.129097819328308105e+00,-3.023779690265655518e-01,1.423306345939636230e+00
1762897161.108981848,1.125344634056091309e+00,-3.120261430740356445e-01,1.426067948341369629e+00
1762897161.129391193,1.121544122695922852e+00,-3.216865956783294678e-01,1.426585197448730469e+00
1762897161.148905277,1.117744326591491699e+00,-3.312694132328033447e-01,1.424623370170593262e+00
1762897161.168865919,1.113962054252624512e+00,-3.397770524024963379e-01,1.421187758445739746e+00
1762897161.188812971,1.109964370727539062e+00,-3.499865531921386719e-01,1.416154265403747559e+00
1762897161.208953381,1.105912089347839355e+00,-3.581097424030303955e-01,1.412326693534851074e+00
1762897161.228963375,1.101388812065124512e+00,-3.677338957786560059e-01,1.409898877143859863e+00
1762897161.249007940,1.096700906753540039e+00,-3.762157559394836426e-01,1.409358143806457520e+00
1762897161.269867182,1.091768264770507812e+00,-3.844653069972991943e-01,1.410620808601379395e+00
1762897161.288906097,1.086756467819213867e+00,-3.917279541492462158e-01,1.413159251213073730e+00
1762897161.309063673,1.081439852714538574e+00,-3.995799720287322998e-01,1.417525649070739746e+00
1762897161.327759743,1.075872063636779785e+00,-4.073949754238128662e-01,1.422504305839538574e+00
1762897161.348838329,1.069934606552124023e+00,-4.153613448143005371e-01,1.427065372467041016e+00
1762897161.368906975,1.064588189125061035e+00,-4.226697981357574463e-01,1.429505228996276855e+00
1762897161.389171839,1.059120297431945801e+00,-4.300453364849090576e-01,1.429530382156372070e+00
1762897161.408904314,1.051844120025634766e+00,-4.389358162879943848e-01,1.426393747329711914e+00
1762897161.428809166,1.046226978302001953e+00,-4.461326003074645996e-01,1.421491384506225586e+00
1762897161.448787689,1.042879462242126465e+00,-4.510278701782226562e-01,1.418182849884033203e+00
1762897161.468773365,1.036773681640625000e+00,-4.577766060829162598e-01,1.414490222930908203e+00
1762897161.488903046,1.031174421310424805e+00,-4.635717272758483887e-01,1.413137555122375488e+00
1762897161.508919954,1.024966120719909668e+00,-4.693483710289001465e-01,1.413413763046264648e+00
1762897161.528773069,1.018540978431701660e+00,-4.748409092426300049e-01,1.415531039237976074e+00
1762897161.548770428,1.011944890022277832e+00,-4.800679385662078857e-01,1.419198751449584961e+00
1762897161.568854094,1.005226016044616699e+00,-4.850765466690063477e-01,1.423606038093566895e+00
1762897161.587826014,9.969357252120971680e-01,-4.902049303054809570e-01,1.428277373313903809e+00
1762897161.607869148,9.916293025016784668e-01,-4.946330487728118896e-01,1.430251359939575195e+00
1762897161.627878189,9.848440289497375488e-01,-4.992480874061584473e-01,1.430666208267211914e+00
1762897161.647847891,9.769828319549560547e-01,-5.038520693778991699e-01,1.428770780563354492e+00
1762897161.667853117,9.701871871948242188e-01,-5.082127451896667480e-01,1.424679160118103027e+00
1762897161.687948227,9.633028507232666016e-01,-5.123050212860107422e-01,1.419990897178649902e+00
1762897161.707814455,9.562483429908752441e-01,-5.160298347473144531e-01,1.416155934333801270e+00
1762897161.727863312,9.489709734916687012e-01,-5.193210244178771973e-01,1.414358735084533691e+00
1762897161.748904705,9.410393238067626953e-01,-5.223080515861511230e-01,1.414732098579406738e+00
1762897161.769057274,9.338240623474121094e-01,-5.247029662132263184e-01,1.417238950729370117e+00
1762897161.788810492,9.260724186897277832e-01,-5.268778800964355469e-01,1.421333909034729004e+00
1762897161.808878183,9.182248115539550781e-01,-5.287961363792419434e-01,1.426082968711853027e+00
1762897161.828921318,9.103587865829467773e-01,-5.305219888687133789e-01,1.430212378501892090e+00
1762897161.848990202,9.025169610977172852e-01,-5.321201086044311523e-01,1.432535171508789062e+00
1762897161.868698359,8.947181105613708496e-01,-5.336378216743469238e-01,1.432275295257568359e+00
1762897161.888911247,8.869613409042358398e-01,-5.350477099418640137e-01,1.429333806037902832e+00
1762897161.909046412,8.792173266410827637e-01,-5.362451672554016113e-01,1.424509167671203613e+00
1762897161.928819180,8.714162707328796387e-01,-5.370966196060180664e-01,1.419347167015075684e+00
1762897161.948885441,8.634755611419677734e-01,-5.374775528907775879e-01,1.415522933006286621e+00
1762897161.968853712,8.553525805473327637e-01,-5.373635888099670410e-01,1.413991212844848633e+00
1762897161.988934278,8.470529317855834961e-01,-5.368134379386901855e-01,1.414812564849853516e+00
1762897162.008920670,8.386033773422241211e-01,-5.359020829200744629e-01,1.417728185653686523e+00
1762897162.028875113,8.300440311431884766e-01,-5.347007513046264648e-01,1.422110557556152344e+00
1762897162.048855543,8.214275240898132324e-01,-5.332837700843811035e-01,1.426831960678100586e+00
1762897162.068892956,8.128079175949096680e-01,-5.317249298095703125e-01,1.430524826049804688e+00
1762897162.088885784,8.068165779113769531e-01,-5.306600332260131836e-01,1.431410551071166992e+00
1762897162.108948469,7.990548610687255859e-01,-5.291528105735778809e-01,1.430532336235046387e+00
1762897162.128791094,7.874733209609985352e-01,-5.266436934471130371e-01,1.426342368125915527e+00
1762897162.148917675,7.787976264953613281e-01,-5.245348215103149414e-01,1.420693516731262207e+00
1762897162.168814182,7.756907939910888672e-01,-5.236405134201049805e-01,1.418440937995910645e+00
1762897162.188870192,7.648261785507202148e-01,-5.201961398124694824e-01,1.413498044013977051e+00
1762897162.208986044,7.559540867805480957e-01,-5.169855356216430664e-01,1.411939978599548340e+00
1762897162.228936434,7.456639409065246582e-01,-5.130087137222290039e-01,1.412202477455139160e+00
1762897162.247815609,7.415836453437805176e-01,-5.111923813819885254e-01,1.414025545120239258e+00
1762897162.268020630,7.317515611648559570e-01,-5.069969296455383301e-01,1.417596936225891113e+00
1762897162.287947655,7.225335240364074707e-01,-5.028973221778869629e-01,1.421787381172180176e+00
1762897162.307876587,7.128744125366210938e-01,-4.985010623931884766e-01,1.425802707672119141e+00
1762897162.327917337,7.031596899032592773e-01,-4.939907193183898926e-01,1.428480982780456543e+00
1762897162.347741365,6.934521198272705078e-01,-4.894052147865295410e-01,1.428888320922851562e+00
1762897162.368846655,6.837711334228515625e-01,-4.847519099712371826e-01,1.426524400711059570e+00
1762897162.388941288,6.740935444831848145e-01,-4.799530506134033203e-01,1.421492457389831543e+00
1762897162.409003735,6.644640564918518066e-01,-4.749480783939361572e-01,1.414853811264038086e+00
1762897162.429033041,6.547046899795532227e-01,-4.695708155632019043e-01,1.408122777938842773e+00
1762897162.448875666,6.447530388832092285e-01,-4.637295901775360107e-01,1.402900218963623047e+00
1762897162.468898058,6.345763802528381348e-01,-4.574423730373382568e-01,1.399959206581115723e+00
1762897162.487824678,6.240547299385070801e-01,-4.507087469100952148e-01,1.399383425712585449e+00
1762897162.507937670,6.136388182640075684e-01,-4.438571333885192871e-01,1.401147961616516113e+00
1762897162.527915716,6.029677987098693848e-01,-4.367217123508453369e-01,1.404990673065185547e+00
1762897162.547771931,5.922127366065979004e-01,-4.294286370277404785e-01,1.410224318504333496e+00
1762897162.567849398,5.814394354820251465e-01,-4.220338761806488037e-01,1.415621399879455566e+00
1762897162.587994576,5.706928968429565430e-01,-4.145811498165130615e-01,1.419834375381469727e+00
1762897162.607902050,5.600035190582275391e-01,-4.070921242237091064e-01,1.421648502349853516e+00
1762897162.627907515,5.493778586387634277e-01,-3.995728790760040283e-01,1.420436143875122070e+00
1762897162.647937059,5.388182401657104492e-01,-3.919943571090698242e-01,1.416154980659484863e+00
1762897162.667964458,5.283380746841430664e-01,-3.842434883117675781e-01,1.409626483917236328e+00
1762897162.687887907,5.186031460762023926e-01,-3.769401311874389648e-01,1.403045296669006348e+00
1762897162.707947254,5.081783533096313477e-01,-3.685387372970581055e-01,1.396832346916198730e+00
1762897162.727904558,4.970020055770874023e-01,-3.589085936546325684e-01,1.392945170402526855e+00
1762897162.747883081,4.864543676376342773e-01,-3.497614264488220215e-01,1.391706347465515137e+00
1762897162.767979860,4.765481352806091309e-01,-3.412392735481262207e-01,1.392467498779296875e+00
1762897162.788280725,4.651229977607727051e-01,-3.309011161327362061e-01,1.396591305732727051e+00
1762897162.808855534,4.550262689590454102e-01,-3.221175372600555420e-01,1.401518821716308594e+00
1762897162.828850746,4.443119466304779053e-01,-3.125595748424530029e-01,1.407904744148254395e+00
1762897162.848924875,4.335497021675109863e-01,-3.029334247112274170e-01,1.413770794868469238e+00
1762897162.869134426,4.221193790435791016e-01,-2.924552857875823975e-01,1.417502284049987793e+00
1762897162.888797998,4.121821522712707520e-01,-2.836785912513732910e-01,1.418405890464782715e+00
1762897162.907840490,4.015301465988159180e-01,-2.739985883235931396e-01,1.415874719619750977e+00
1762897162.927895308,3.910606503486633301e-01,-2.643621861934661865e-01,1.410469889640808105e+00
1762897162.947944880,3.805606067180633545e-01,-2.545082569122314453e-01,1.403504967689514160e+00
1762897162.967902899,3.700232505798339844e-01,-2.443881481885910034e-01,1.396950483322143555e+00
1762897162.988034487,3.593607544898986816e-01,-2.339524328708648682e-01,1.392572760581970215e+00
1762897163.008772373,3.482597768306732178e-01,-2.230322211980819702e-01,1.390684604644775391e+00
1762897163.028774500,3.375647068023681641e-01,-2.124446183443069458e-01,1.391462802886962891e+00
1762897163.048845530,3.264637589454650879e-01,-2.015555351972579956e-01,1.394590735435485840e+00
1762897163.068824291,3.152374029159545898e-01,-1.906299442052841187e-01,1.399678349494934082e+00
1762897163.088873625,3.039546906948089600e-01,-1.797112077474594116e-01,1.405664443969726562e+00
1762897163.108877897,2.926764786243438721e-01,-1.688111722469329834e-01,1.411070466041564941e+00
1762897163.128822088,2.814447879791259766e-01,-1.579346656799316406e-01,1.414490222930908203e+00
1762897163.148982048,2.702775001525878906e-01,-1.470712423324584961e-01,1.415001869201660156e+00
1762897163.168857336,2.591773867607116699e-01,-1.361980736255645752e-01,1.412349820137023926e+00
1762897163.188684702,2.468526810407638550e-01,-1.245109066367149353e-01,1.406987547874450684e+00
1762897163.208909512,2.389986068010330200e-01,-1.161010712385177612e-01,1.401878237724304199e+00
1762897163.228834629,2.260210812091827393e-01,-1.029943078756332397e-01,1.394983887672424316e+00
1762897163.248840332,2.141936719417572021e-01,-9.067483991384506226e-02,1.391148447990417480e+00
1762897163.268946886,2.031834274530410767e-01,-7.898330688476562500e-02,1.390512228012084961e+00
1762897163.288971663,1.952646076679229736e-01,-7.011970132589340210e-02,1.392395138740539551e+00
1762897163.309020996,1.821522563695907593e-01,-5.658410489559173584e-02,1.396882295608520508e+00
1762897163.328879356,1.740027517080307007e-01,-4.764570668339729309e-02,1.401686549186706543e+00
1762897163.348873377,1.631265729665756226e-01,-3.629509732127189636e-02,1.407970905303955078e+00
1762897163.368929148,1.521207243204116821e-01,-2.485583163797855377e-02,1.413625717163085938e+00
1762897163.388888836,1.411651223897933960e-01,-1.345555577427148819e-02,1.417238235473632812e+00
1762897163.408937931,1.302759349346160889e-01,-2.085463609546422958e-03,1.417951464653015137e+00
1762897163.428911686,1.194509044289588928e-01,9.276687167584896088e-03,1.415521144866943359e+00
1762897163.448766708,1.086965203285217285e-01,2.069203928112983704e-02,1.410460233688354492e+00
1762897163.468850374,9.799789637327194214e-02,3.221902996301651001e-02,1.404271602630615234e+00
1762897163.488881350,8.729174733161926270e-02,4.387357085943222046e-02,1.398837208747863770e+00
1762897163.508973837,7.638823240995407104e-02,5.574480816721916199e-02,1.395573616027832031e+00
1762897163.528882504,6.563491374254226685e-02,6.738486140966415405e-02,1.394907951354980469e+00
1762897163.549126863,5.464282631874084473e-02,7.907708734273910522e-02,1.396712183952331543e+00
1762897163.568728924,3.984208777546882629e-02,9.390909969806671143e-02,1.402050852775573730e+00
1762897163.587940454,3.521177917718887329e-02,9.915748983621597290e-02,1.404985904693603516e+00
1762897163.607886076,2.318591065704822540e-02,1.115415692329406738e-01,1.411562323570251465e+00
1762897163.627866983,1.209296751767396927e-02,1.226227208971977234e-01,1.416424393653869629e+00
1762897163.647874832,1.035628607496619225e-03,1.336596608161926270e-01,1.419090032577514648e+00
1762897163.668061972,-9.942563250660896301e-03,1.446639448404312134e-01,1.418909072875976562e+00
1762897163.687758207,-2.083682641386985779e-02,1.556568890810012817e-01,1.415715813636779785e+00
1762897163.708840370,-3.088219650089740753e-02,1.660420298576354980e-01,1.410479307174682617e+00
1762897163.729063511,-4.226914420723915100e-02,1.777066439390182495e-01,1.403816103935241699e+00
1762897163.748772383,-5.211244150996208191e-02,1.876583248376846313e-01,1.398567438125610352e+00
1762897163.768827438,-6.262296438217163086e-02,1.986122578382492065e-01,1.394951939582824707e+00
1762897163.788915634,-7.309415936470031738e-02,2.093897014856338501e-01,1.393840670585632324e+00
1762897163.808731556,-8.354819566011428833e-02,2.199180722236633301e-01,1.395183563232421875e+00
1762897163.828908443,-9.220308065414428711e-02,2.286606281995773315e-01,1.398494839668273926e+00
1762897163.849142551,-1.039492711424827576e-01,2.396276891231536865e-01,1.404562592506408691e+00
1762897163.869185448,-1.148101016879081726e-01,2.495579868555068970e-01,1.411712050437927246e+00
1762897163.888909578,-1.237845271825790405e-01,2.578550577163696289e-01,1.417663455009460449e+00
1762897163.909003973,-1.350475698709487915e-01,2.677500545978546143e-01,1.423409700393676758e+00
1762897163.928983450,-1.453282088041305542e-01,2.768937349319458008e-01,1.425745010375976562e+00
1762897163.948754311,-1.558458656072616577e-01,2.862274646759033203e-01,1.424787640571594238e+00
1762897163.967936754,-1.658649146556854248e-01,2.952428460121154785e-01,1.420408844947814941e+00
1762897163.987853527,-1.759425252676010132e-01,3.044018447399139404e-01,1.413840889930725098e+00
1762897164.007774830,-1.858975589275360107e-01,3.135264217853546143e-01,1.406937122344970703e+00
1762897164.027863026,-1.941667944192886353e-01,3.213434219360351562e-01,1.402756929397583008e+00
1762897164.048002481,-2.040663361549377441e-01,3.302173018455505371e-01,1.399748206138610840e+00
1762897164.067776203,-2.141463458538055420e-01,3.389698565006256104e-01,1.399064064025878906e+00
1762897164.087690353,-2.243178635835647583e-01,3.474579155445098877e-01,1.400668025016784668e+00
1762897164.107790232,-2.345784008502960205e-01,3.556241393089294434e-01,1.404527068138122559e+00
1762897164.127990484,-2.449068427085876465e-01,3.634488284587860107e-01,1.410155892372131348e+00
1762897164.147845745,-2.552545368671417236e-01,3.709641098976135254e-01,1.416503548622131348e+00
1762897164.167943478,-2.648415565490722656e-01,3.774655163288116455e-01,1.421966552734375000e+00
1762897164.187796354,-2.758300304412841797e-01,3.853645026683807373e-01,1.426031708717346191e+00
1762897164.207682848,-2.853043079376220703e-01,3.916432261466979980e-01,1.427264571189880371e+00
1762897164.227917671,-2.954290509223937988e-01,3.986420035362243652e-01,1.425239920616149902e+00
1762897164.247802496,-3.054724931716918945e-01,4.056338667869567871e-01,1.420308589935302734e+00
1762897164.267760754,-3.154133260250091553e-01,4.125987887382507324e-01,1.413720726966857910e+00
1762897164.287818193,-3.252466619014739990e-01,4.194272756576538086e-01,1.407521486282348633e+00
1762897164.307985544,-3.349732458591461182e-01,4.260156452655792236e-01,1.403128027915954590e+00
1762897164.327821970,-3.445877134799957275e-01,4.322724044322967529e-01,1.400935411453247070e+00
1762897164.347815514,-3.540875315666198730e-01,4.381371140480041504e-01,1.400962471961975098e+00
1762897164.368033648,-3.634654581546783447e-01,4.435621500015258789e-01,1.403160452842712402e+00
1762897164.387769938,-3.727110624313354492e-01,4.485146403312683105e-01,1.407487392425537109e+00
1762897164.407882452,-3.818168640136718750e-01,4.530001282691955566e-01,1.413466930389404297e+00
1762897164.427960634,-3.907798826694488525e-01,4.571009874343872070e-01,1.419928193092346191e+00
1762897164.447861910,-3.983613252639770508e-01,4.605568349361419678e-01,1.424757719039916992e+00
1762897164.467837572,-4.066993892192840576e-01,4.641297757625579834e-01,1.428192853927612305e+00
1762897164.487798929,-4.168072044849395752e-01,4.681484699249267578e-01,1.429260611534118652e+00
1762897164.507750988,-4.251217246055603027e-01,4.716440141201019287e-01,1.426457405090332031e+00
1762897164.528937817,-4.327132999897003174e-01,4.749439656734466553e-01,1.421616673469543457e+00
1762897164.548978329,-4.406387507915496826e-01,4.782913923263549805e-01,1.415628075599670410e+00
1762897164.568761826,-4.491193592548370361e-01,4.816557168960571289e-01,1.409817099571228027e+00
1762897164.588836193,-4.570164382457733154e-01,4.846284091472625732e-01,1.406071186065673828e+00
1762897164.608830214,-4.665584564208984375e-01,4.876737892627716064e-01,1.403779745101928711e+00
1762897164.627783060,-4.735174775123596191e-01,4.897991418838500977e-01,1.404472470283508301e+00
1762897164.647839546,-4.829657077789306641e-01,4.919772148132324219e-01,1.407132029533386230e+00
1762897164.668112278,-4.901763796806335449e-01,4.934468269348144531e-01,1.411179900169372559e+00
1762897164.687918186,-4.995344281196594238e-01,4.947367608547210693e-01,1.417205452919006348e+00
1762897164.707866192,-5.064272880554199219e-01,4.956217110157012939e-01,1.421631097793579102e+00
1762897164.727993727,-5.145463347434997559e-01,4.963752031326293945e-01,1.425425767898559570e+00
1762897164.749125957,-5.230017900466918945e-01,4.970031380653381348e-01,1.426922559738159180e+00
1762897164.768832445,-5.310264229774475098e-01,4.975665211677551270e-01,1.425293922424316406e+00
1762897164.788915157,-5.387432575225830078e-01,4.981058239936828613e-01,1.421094059944152832e+00
1762897164.808809519,-5.466505289077758789e-01,4.985545277595520020e-01,1.415476202964782715e+00
1762897164.828814507,-5.547775626182556152e-01,4.988037645816802979e-01,1.409905791282653809e+00
1762897164.848970890,-5.618146061897277832e-01,4.987150132656097412e-01,1.406215190887451172e+00
1762897164.869018555,-5.700706243515014648e-01,4.984131455421447754e-01,1.404148340225219727e+00
1762897164.889089823,-5.772433280944824219e-01,4.976634085178375244e-01,1.403784155845642090e+00
1762897164.908859015,-5.853486657142639160e-01,4.964966177940368652e-01,1.405839920043945312e+00
1762897164.928767920,-5.923581719398498535e-01,4.949928224086761475e-01,1.408886551856994629e+00
1762897164.949042559,-5.997395515441894531e-01,4.930477142333984375e-01,1.413543462753295898e+00
1762897164.968823671,-6.069843769073486328e-01,4.907805323600769043e-01,1.418339252471923828e+00
1762897164.988839626,-6.140918731689453125e-01,4.882826209068298340e-01,1.422145605087280273e+00
1762897165.008942127,-6.210728287696838379e-01,4.856360852718353271e-01,1.423981904983520508e+00
1762897165.028750896,-6.279405355453491211e-01,4.828914105892181396e-01,1.423287272453308105e+00
1762897165.048871994,-6.346961259841918945e-01,4.800616502761840820e-01,1.420156598091125488e+00
1762897165.068947315,-6.413196325302124023e-01,4.771050214767456055e-01,1.415477871894836426e+00
1762897165.089132547,-6.477856636047363281e-01,4.739385247230529785e-01,1.410615563392639160e+00
1762897165.108884811,-6.540797352790832520e-01,4.704693555831909180e-01,1.407057046890258789e+00
1762897165.128886223,-6.602066159248352051e-01,4.666596949100494385e-01,1.405385732650756836e+00
1762897165.147857904,-6.674269437789916992e-01,4.618369936943054199e-01,1.405249834060668945e+00
1762897165.167846918,-6.728972196578979492e-01,4.575429260730743408e-01,1.407635688781738281e+00
1762897165.188070536,-6.785635948181152344e-01,4.527226388454437256e-01,1.411627411842346191e+00
1762897165.207883120,-6.832605004310607910e-01,4.481357634067535400e-01,1.416089057922363281e+00
1762897165.227890015,-6.887013316154479980e-01,4.428419768810272217e-01,1.420381546020507812e+00
1762897165.247879267,-6.940272450447082520e-01,4.374113678932189941e-01,1.423248171806335449e+00
1762897165.268910170,-6.994025707244873047e-01,4.317566454410552979e-01,1.423864603042602539e+00
1762897165.287681580,-7.020850777626037598e-01,4.286707937717437744e-01,1.422747015953063965e+00
1762897165.307823181,-7.102439999580383301e-01,4.201418757438659668e-01,1.417674541473388672e+00
1762897165.327884912,-7.151758074760437012e-01,4.144280254840850830e-01,1.412550449371337891e+00
1762897165.347791195,-7.200442552566528320e-01,4.085054397583007812e-01,1.408301711082458496e+00
1762897165.367846966,-7.248532176017761230e-01,4.023258686065673828e-01,1.405883312225341797e+00
1762897165.388998985,-7.296694517135620117e-01,3.957960307598114014e-01,1.405455470085144043e+00
1762897165.408756971,-7.342903017997741699e-01,3.891406655311584473e-01,1.406873941421508789e+00
1762897165.428910971,-7.389112114906311035e-01,3.821295797824859619e-01,1.409998297691345215e+00
1762897165.449033737,-7.434498071670532227e-01,3.748565018177032471e-01,1.414194703102111816e+00
1762897165.468824863,-7.478862404823303223e-01,3.673835694789886475e-01,1.418366432189941406e+00
1762897165.487857103,-7.494149208068847656e-01,3.635989129543304443e-01,1.419747591018676758e+00
1762897165.507817030,-7.536975741386413574e-01,3.559265136718750000e-01,1.421593904495239258e+00
1762897165.527823687,-7.578529119491577148e-01,3.482202887535095215e-01,1.421289801597595215e+00
1762897165.547731638,-7.619293332099914551e-01,3.404353559017181396e-01,1.418712019920349121e+00
1762897165.567901850,-7.659053206443786621e-01,3.325823545455932617e-01,1.414327979087829590e+00
1762897165.587901354,-7.697681784629821777e-01,3.246124684810638428e-01,1.409263730049133301e+00
1762897165.607758999,-7.735107541084289551e-01,3.164608180522918701e-01,1.404799699783325195e+00
1762897165.627966642,-7.771304845809936523e-01,3.080756068229675293e-01,1.401813268661499023e+00
1762897165.647837400,-7.806276082992553711e-01,2.994383573532104492e-01,1.400562882423400879e+00
1762897165.668122292,-7.840015292167663574e-01,2.905432581901550293e-01,1.401068687438964844e+00
1762897165.687873363,-7.872505187988281250e-01,2.813888490200042725e-01,1.403326630592346191e+00
1762897165.708738327,-7.903706431388854980e-01,2.719875276088714600e-01,1.407084107398986816e+00
1762897165.729008436,-7.933700680732727051e-01,2.623517811298370361e-01,1.411628484725952148e+00
1762897165.748948574,-7.962179780006408691e-01,2.526167035102844238e-01,1.415909051895141602e+00
1762897165.768920183,-7.989591956138610840e-01,2.427588254213333130e-01,1.418946504592895508e+00
1762897165.788982153,-8.015969395637512207e-01,2.328434735536575317e-01,1.419849395751953125e+00
1762897165.808914661,-8.041455745697021484e-01,2.229008823633193970e-01,1.418166041374206543e+00
1762897165.828927040,-8.066098690032958984e-01,2.129505276679992676e-01,1.414107203483581543e+00
1762897165.847791433,-8.091036677360534668e-01,2.036324292421340942e-01,1.409031510353088379e+00
1762897165.867807150,-8.113066554069519043e-01,1.938741356134414673e-01,1.403490424156188965e+00
1762897165.887881756,-8.135053515434265137e-01,1.838447451591491699e-01,1.399147510528564453e+00
1762897165.907748938,-8.156265020370483398e-01,1.737307906150817871e-01,1.396645069122314453e+00
1762897165.927852869,-8.176653385162353516e-01,1.635320037603378296e-01,1.395982623100280762e+00
1762897165.947926044,-8.196164965629577637e-01,1.532342880964279175e-01,1.397143602371215820e+00
1762897165.967900276,-8.214702606201171875e-01,1.428224444389343262e-01,1.400083899497985840e+00
1762897165.987913370,-8.232139945030212402e-01,1.322945058345794678e-01,1.404444932937622070e+00
1762897166.007822037,-8.248372077941894531e-01,1.216676607728004456e-01,1.409408450126647949e+00
1762897166.027878284,-8.263380527496337891e-01,1.109732463955879211e-01,1.413846969604492188e+00
1762897166.047840118,-8.277246356010437012e-01,1.002428457140922546e-01,1.416682004928588867e+00
1762897166.067845106,-8.289175033569335938e-01,8.984170854091644287e-02,1.417047619819641113e+00
1762897166.087858200,-8.301951289176940918e-01,7.879171520471572876e-02,1.414897441864013672e+00
1762897166.107857466,-8.312188386917114258e-01,6.838299334049224854e-02,1.410539388656616211e+00
1762897166.127892733,-8.319073915481567383e-01,5.897988379001617432e-02,1.405865788459777832e+00
1762897166.147850990,-8.327742815017700195e-01,4.835536330938339233e-02,1.401149749755859375e+00
1762897166.167950869,-8.335284590721130371e-01,3.764474391937255859e-02,1.397851467132568359e+00
1762897166.187980890,-8.341497182846069336e-01,2.689778059720993042e-02,1.396368265151977539e+00
1762897166.207830906,-8.346377611160278320e-01,1.609211973845958710e-02,1.396739959716796875e+00
1762897166.228844643,-8.349899053573608398e-01,5.208130460232496262e-03,1.398962378501892090e+00
1762897166.249004841,-8.352053165435791016e-01,-5.791726056486368179e-03,1.402892708778381348e+00
1762897166.269114971,-8.352692723274230957e-01,-1.681471243500709534e-02,1.407843470573425293e+00
1762897166.289113283,-8.352003693580627441e-01,-2.791820280253887177e-02,1.412825822830200195e+00
1762897166.308895111,-8.350069522857666016e-01,-3.904713690280914307e-02,1.416678309440612793e+00
1762897166.328866005,-8.347077965736389160e-01,-5.018191039562225342e-02,1.418398261070251465e+00
1762897166.348896027,-8.346040844917297363e-01,-6.026026234030723572e-02,1.417871713638305664e+00
1762897166.368854284,-8.341447114944458008e-01,-7.135997712612152100e-02,1.414492368698120117e+00
1762897166.388952017,-8.336005806922912598e-01,-8.239631354808807373e-02,1.409338355064392090e+00
1762897166.408926010,-8.329605460166931152e-01,-9.333921968936920166e-02,1.403965711593627930e+00
1762897166.428751707,-8.322213888168334961e-01,-1.041632145643234253e-01,1.399925351142883301e+00
1762897166.448939800,-8.313835263252258301e-01,-1.148643866181373596e-01,1.397899270057678223e+00
1762897166.468819618,-8.304434418678283691e-01,-1.254539638757705688e-01,1.397902131080627441e+00
1762897166.489028931,-8.293941617012023926e-01,-1.359429955482482910e-01,1.399928212165832520e+00
1762897166.508816481,-8.282269239425659180e-01,-1.463523954153060913e-01,1.403905034065246582e+00
1762897166.528736591,-8.269231915473937988e-01,-1.566771119832992554e-01,1.409618735313415527e+00
1762897166.547823191,-8.254569172859191895e-01,-1.667606681585311890e-01,1.416888475418090820e+00
1762897166.568836451,-8.238319754600524902e-01,-1.763693839311599731e-01,1.425328016281127930e+00
1762897166.588958502,-8.220902681350708008e-01,-1.850502192974090576e-01,1.433633089065551758e+00
1762897166.608981371,-8.202632665634155273e-01,-1.930398046970367432e-01,1.441485524177551270e+00
1762897166.628892899,-8.183881044387817383e-01,-2.001263350248336792e-01,1.448740124702453613e+00
1762897166.648936749,-8.165199160575866699e-01,-2.060559839010238647e-01,1.455766081809997559e+00
1762897166.668939114,-8.147258162498474121e-01,-2.106138467788696289e-01,1.462829351425170898e+00
1762897166.689098597,-8.130930066108703613e-01,-2.135133892297744751e-01,1.470369815826416016e+00
1762897166.708762407,-8.117287158966064453e-01,-2.144198864698410034e-01,1.478910565376281738e+00
1762897166.728899240,-8.107195496559143066e-01,-2.131811678409576416e-01,1.488603591918945312e+00
1762897166.748851538,-8.100926876068115234e-01,-2.099993675947189331e-01,1.499086976051330566e+00
1762897166.767751932,-8.098312020301818848e-01,-2.051753103733062744e-01,1.509706735610961914e+00
1762897166.787909746,-8.097003698348999023e-01,-1.997230947017669678e-01,1.518464207649230957e+00
1762897166.807957172,-8.103007674217224121e-01,-1.928140670061111450e-01,1.525450468063354492e+00
1762897166.828037024,-8.095763921737670898e-01,-1.878273189067840576e-01,1.527215242385864258e+00
1762897166.847996950,-8.094600439071655273e-01,-1.818587779998779297e-01,1.525801062583923340e+00
1762897166.868918657,-8.093650937080383301e-01,-1.756937205791473389e-01,1.520361304283142090e+00
1762897166.889015675,-8.097811341285705566e-01,-1.688198149204254150e-01,1.511071443557739258e+00
1762897166.909086943,-8.093198537826538086e-01,-1.634139865636825562e-01,1.501063823699951172e+00
1762897166.928911924,-8.097382783889770508e-01,-1.572611778974533081e-01,1.490981340408325195e+00
1762897166.948876619,-8.102771639823913574e-01,-1.520345360040664673e-01,1.482687830924987793e+00
1762897166.968916893,-8.106380105018615723e-01,-1.482067108154296875e-01,1.475925445556640625e+00
1762897166.989014864,-8.112096786499023438e-01,-1.451916396617889404e-01,1.469166278839111328e+00
1762897167.008977175,-8.106023073196411133e-01,-1.446126550436019897e-01,1.464162468910217285e+00
1762897167.028979540,-8.093717694282531738e-01,-1.455316543579101562e-01,1.459987759590148926e+00
1762897167.049132347,-8.074781894683837891e-01,-1.478327512741088867e-01,1.457465052604675293e+00
1762897167.068802357,-8.049627542495727539e-01,-1.512397825717926025e-01,1.457144260406494141e+00
1762897167.089331627,-8.015688061714172363e-01,-1.553130596876144409e-01,1.459581851959228516e+00
1762897167.107714176,-7.993419766426086426e-01,-1.580381244421005249e-01,1.462041616439819336e+00
1762897167.127847195,-7.949506044387817383e-01,-1.646914035081863403e-01,1.469542145729064941e+00
1762897167.147888184,-7.912886142730712891e-01,-1.693018525838851929e-01,1.475318312644958496e+00
1762897167.168074608,-7.876040339469909668e-01,-1.737733632326126099e-01,1.479594469070434570e+00
1762897167.187899828,-7.844260334968566895e-01,-1.770569831132888794e-01,1.480604767799377441e+00
1762897167.207835197,-7.802475690841674805e-01,-1.822479516267776489e-01,1.480263829231262207e+00
1762897167.228054762,-7.770900726318359375e-01,-1.853020042181015015e-01,1.477869629859924316e+00
1762897167.247972727,-7.738189697265625000e-01,-1.885514557361602783e-01,1.475188493728637695e+00
1762897167.267886639,-7.708671689033508301e-01,-1.912993192672729492e-01,1.473601341247558594e+00
1762897167.288039207,-7.689505219459533691e-01,-1.931682974100112915e-01,1.474127531051635742e+00
1762897167.307842255,-7.672015428543090820e-01,-1.936561018228530884e-01,1.478125333786010742e+00
1762897167.327845812,-7.670536637306213379e-01,-1.932585686445236206e-01,1.484388470649719238e+00
1762897167.347982407,-7.671573758125305176e-01,-1.920442581176757812e-01,1.492438912391662598e+00
1762897167.368901968,-7.670015692710876465e-01,-1.906111687421798706e-01,1.499758362770080566e+00
1762897167.388811827,-7.675284743309020996e-01,-1.888507455587387085e-01,1.505353808403015137e+00
1762897167.408890247,-7.690625190734863281e-01,-1.864397376775741577e-01,1.508485794067382812e+00
1762897167.429136992,-7.684947252273559570e-01,-1.852363198995590210e-01,1.505417585372924805e+00
1762897167.448956251,-7.689288854598999023e-01,-1.834093034267425537e-01,1.499618530273437500e+00
1762897167.468943357,-7.694009542465209961e-01,-1.814933270215988159e-01,1.491068243980407715e+00
1762897167.488921165,-7.706461548805236816e-01,-1.792921274900436401e-01,1.481131792068481445e+00
1762897167.508836508,-7.713370919227600098e-01,-1.777619123458862305e-01,1.473858833312988281e+00
1762897167.528849363,-7.719284892082214355e-01,-1.768903732299804688e-01,1.468952894210815430e+00
1762897167.548777819,-7.722575068473815918e-01,-1.767538636922836304e-01,1.465952157974243164e+00
1762897167.569002151,-7.722241282463073730e-01,-1.773437261581420898e-01,1.464741468429565430e+00
1762897167.587745428,-7.710939645767211914e-01,-1.782072931528091431e-01,1.465583086013793945e+00
1762897167.607893467,-7.704485058784484863e-01,-1.797084808349609375e-01,1.467160224914550781e+00
1762897167.627790451,-7.694889903068542480e-01,-1.816352158784866333e-01,1.469618916511535645e+00
1762897167.647819757,-7.682806849479675293e-01,-1.838055700063705444e-01,1.471816420555114746e+00
1762897167.667932272,-7.668994665145874023e-01,-1.860909014940261841e-01,1.472530722618103027e+00
1762897167.688129425,-7.654118537902832031e-01,-1.884180009365081787e-01,1.470552206039428711e+00
1762897167.707815170,-7.638553977012634277e-01,-1.907570809125900269e-01,1.465264916419982910e+00
1762897167.727753401,-7.622342705726623535e-01,-1.930742114782333374e-01,1.456749916076660156e+00
1762897167.748871088,-7.605464458465576172e-01,-1.953106373548507690e-01,1.445924282073974609e+00
1762897167.769014120,-7.588528990745544434e-01,-1.973237842321395874e-01,1.434638977050781250e+00
1762897167.788802147,-7.573046088218688965e-01,-1.989326179027557373e-01,1.424919128417968750e+00
1762897167.808789015,-7.560592293739318848e-01,-1.999890506267547607e-01,1.417877197265625000e+00
1762897167.829898357,-7.552071809768676758e-01,-2.004628032445907593e-01,1.413663744926452637e+00
1762897167.847775936,-7.550515532493591309e-01,-2.004415243864059448e-01,1.412047863006591797e+00
1762897167.868903160,-7.547773718833923340e-01,-1.997944414615631104e-01,1.413497447967529297e+00
1762897167.888986826,-7.550966739654541016e-01,-1.988269537687301636e-01,1.416498780250549316e+00
1762897167.908836842,-7.555816173553466797e-01,-1.976310908794403076e-01,1.419583320617675781e+00
1762897167.928846121,-7.561050057411193848e-01,-1.963422596454620361e-01,1.420742750167846680e+00
1762897167.947813272,-7.575457096099853516e-01,-1.946736127138137817e-01,1.418937563896179199e+00
1762897167.967944145,-7.573273777961730957e-01,-1.937633305788040161e-01,1.413330674171447754e+00
1762897167.987974644,-7.577157616615295410e-01,-1.924437433481216431e-01,1.403629064559936523e+00
1762897168.007749557,-7.581263780593872070e-01,-1.910523027181625366e-01,1.390593171119689941e+00
1762897168.027867317,-7.585805058479309082e-01,-1.896334141492843628e-01,1.376149177551269531e+00
1762897168.047933340,-7.590860128402709961e-01,-1.884062439203262329e-01,1.362602949142456055e+00
1762897168.068874598,-7.596112489700317383e-01,-1.875841021537780762e-01,1.350911378860473633e+00
1762897168.088874102,-7.598903179168701172e-01,-1.873472332954406738e-01,1.341800212860107422e+00
1762897168.108942509,-7.599855065345764160e-01,-1.876295506954193115e-01,1.334346532821655273e+00
1762897168.128876448,-7.598204016685485840e-01,-1.884020268917083740e-01,1.328944563865661621e+00
1762897168.148901463,-7.594041228294372559e-01,-1.895526498556137085e-01,1.325432181358337402e+00
1762897168.168845177,-7.587875127792358398e-01,-1.909299790859222412e-01,1.322900176048278809e+00
1762897168.188906670,-7.580295205116271973e-01,-1.924047619104385376e-01,1.320032119750976562e+00
1762897168.208797216,-7.571718096733093262e-01,-1.939017325639724731e-01,1.315442800521850586e+00
1762897168.228853464,-7.562415003776550293e-01,-1.954001933336257935e-01,1.308012366294860840e+00
1762897168.249018908,-7.552555799484252930e-01,-1.968927383422851562e-01,1.297317147254943848e+00
1762897168.268821716,-7.542215585708618164e-01,-1.983205378055572510e-01,1.283790707588195801e+00
1762897168.287896395,-7.531854510307312012e-01,-1.996190249919891357e-01,1.268510222434997559e+00
1762897168.307953835,-7.522096037864685059e-01,-2.005640715360641479e-01,1.254505157470703125e+00
1762897168.327872753,-7.514479756355285645e-01,-2.011504322290420532e-01,1.242463111877441406e+00
1762897168.347890377,-7.509474158287048340e-01,-2.013425081968307495e-01,1.233156323432922363e+00
1762897168.367889404,-7.507098317146301270e-01,-2.011774927377700806e-01,1.226577997207641602e+00
1762897168.387987375,-7.506974935531616211e-01,-2.007209807634353638e-01,1.222418785095214844e+00
1762897168.407840252,-7.508337497711181641e-01,-2.000503093004226685e-01,1.219709277153015137e+00
1762897168.428009510,-7.510287165641784668e-01,-1.992473006248474121e-01,1.216922521591186523e+00
1762897168.447765350,-7.518211603164672852e-01,-1.983245760202407837e-01,1.212500095367431641e+00
1762897168.467814207,-7.519356012344360352e-01,-1.974496841430664062e-01,1.204011440277099609e+00
1762897168.489828825,-7.514517903327941895e-01,-1.966120153665542603e-01,1.191195130348205566e+00
1762897168.507975578,-7.520458102226257324e-01,-1.956342309713363647e-01,1.174612283706665039e+00
1762897168.527875900,-7.520059347152709961e-01,-1.946927011013031006e-01,1.156192064285278320e+00
1762897168.547844887,-7.519407868385314941e-01,-1.938465386629104614e-01,1.138100028038024902e+00
1762897168.568996906,-7.518879771232604980e-01,-1.933200508356094360e-01,1.121632218360900879e+00
1762897168.588955879,-7.515878677368164062e-01,-1.932914555072784424e-01,1.109205245971679688e+00
1762897168.608883142,-7.512642741203308105e-01,-1.936517506837844849e-01,1.098192811012268066e+00
1762897168.628880262,-7.508596777915954590e-01,-1.943546086549758911e-01,1.089397192001342773e+00
1762897168.648954391,-7.503976821899414062e-01,-1.952864080667495728e-01,1.082558989524841309e+00
1762897168.668850660,-7.499005794525146484e-01,-1.963191181421279907e-01,1.076662182807922363e+00
1762897168.688855648,-7.493721842765808105e-01,-1.973692923784255981e-01,1.070334911346435547e+00
1762897168.708969116,-7.488017082214355469e-01,-1.984020024538040161e-01,1.062218666076660156e+00
1762897168.728842497,-7.481815814971923828e-01,-1.994208693504333496e-01,1.051282525062561035e+00
1762897168.748866796,-7.475141286849975586e-01,-2.004039138555526733e-01,1.037386059761047363e+00
1762897168.768838167,-7.468199729919433594e-01,-2.012862563133239746e-01,1.021367788314819336e+00
1762897168.788936615,-7.456220388412475586e-01,-2.015586346387863159e-01,1.012507200241088867e+00
1762897168.808901787,-7.456147074699401855e-01,-2.024494111537933350e-01,9.899107217788696289e-01
1762897168.828953266,-7.452525496482849121e-01,-2.026076018810272217e-01,9.776309728622436523e-01
1762897168.848983288,-7.450746893882751465e-01,-2.024923115968704224e-01,9.681964516639709473e-01
1762897168.868772268,-7.450583577156066895e-01,-2.021433264017105103e-01,9.613694548606872559e-01
1762897168.888849497,-7.446609735488891602e-01,-2.017118036746978760e-01,9.575276970863342285e-01
1762897168.908847570,-7.452228665351867676e-01,-2.009743601083755493e-01,9.514386653900146484e-01
1762897168.928956032,-7.452062964439392090e-01,-2.003005594015121460e-01,9.452255964279174805e-01
1762897168.948747396,-7.452167868614196777e-01,-1.995954364538192749e-01,9.358360767364501953e-01
1762897168.969810724,-7.447235584259033203e-01,-1.990662217140197754e-01,9.255092144012451172e-01
1762897168.987880707,-7.444041967391967773e-01,-1.986337602138519287e-01,9.164139628410339355e-01
1762897169.008888960,-7.442746162414550781e-01,-1.975905895233154297e-01,8.958271741867065430e-01
1762897169.028963089,-7.442113161087036133e-01,-1.965371072292327881e-01,8.783499598503112793e-01
1762897169.048838615,-7.441785931587219238e-01,-1.953114569187164307e-01,8.620446920394897461e-01
1762897169.068843365,-7.442044615745544434e-01,-1.939607709646224976e-01,8.478524088859558105e-01
1762897169.087932110,-7.445533871650695801e-01,-1.927042603492736816e-01,8.369241356849670410e-01
1762897169.107991457,-7.446616291999816895e-01,-1.913318783044815063e-01,8.275218605995178223e-01
1762897169.127864599,-7.447445392608642578e-01,-1.900497078895568848e-01,8.206424713134765625e-01
1762897169.147957563,-7.448049783706665039e-01,-1.888379603624343872e-01,8.156470060348510742e-01
1762897169.167747021,-7.448084354400634766e-01,-1.876794099807739258e-01,8.112868070602416992e-01
1762897169.187689304,-7.447405457496643066e-01,-1.865471601486206055e-01,8.060370087623596191e-01
1762897169.207952499,-7.443971633911132812e-01,-1.855641007423400879e-01,7.990416288375854492e-01
1762897169.227975130,-7.443357706069946289e-01,-1.843635588884353638e-01,7.874823212623596191e-01
1762897169.247913599,-7.441453337669372559e-01,-1.831613332033157349e-01,7.724680304527282715e-01
1762897169.267752647,-7.436331510543823242e-01,-1.820802986621856689e-01,7.573788762092590332e-01
1762897169.287944317,-7.433291673660278320e-01,-1.808627992868423462e-01,7.390009760856628418e-01
1762897169.308046341,-7.429445385932922363e-01,-1.799449324607849121e-01,7.225841283798217773e-01
1762897169.327792406,-7.425918579101562500e-01,-1.794322282075881958e-01,7.076939940452575684e-01
1762897169.347839117,-7.422303557395935059e-01,-1.794345825910568237e-01,6.948366761207580566e-01
1762897169.367751360,-7.418568730354309082e-01,-1.799439489841461182e-01,6.840611696243286133e-01
1762897169.387789011,-7.417888641357421875e-01,-1.807997524738311768e-01,6.761335134506225586e-01
1762897169.407940865,-7.414231896400451660e-01,-1.820544302463531494e-01,6.694782376289367676e-01
1762897169.427872658,-7.410796284675598145e-01,-1.834990978240966797e-01,6.643937826156616211e-01
1762897169.447797298,-7.404443621635437012e-01,-1.851031780242919922e-01,6.592095494270324707e-01
1762897169.467901707,-7.404288053512573242e-01,-1.865219771862030029e-01,6.546785831451416016e-01
1762897169.487774611,-7.400833368301391602e-01,-1.880002915859222412e-01,6.477728486061096191e-01
1762897169.508839369,-7.397093772888183594e-01,-1.894423961639404297e-01,6.384547352790832520e-01
1762897169.528976917,-7.393181324005126953e-01,-1.908336132764816284e-01,6.265836358070373535e-01
1762897169.549025059,-7.389180660247802734e-01,-1.920841038227081299e-01,6.131615042686462402e-01
1762897169.568891048,-7.385972738265991211e-01,-1.931301802396774292e-01,5.995020270347595215e-01
1762897169.587861061,-7.384423017501831055e-01,-1.938518732786178589e-01,5.872851014137268066e-01
1762897169.607767820,-7.384717464447021484e-01,-1.941828280687332153e-01,5.776854753494262695e-01
1762897169.627856016,-7.387042641639709473e-01,-1.941476762294769287e-01,5.706722140312194824e-01
1762897169.647948503,-7.391046881675720215e-01,-1.937777101993560791e-01,5.662457942962646484e-01
1762897169.667858839,-7.396271824836730957e-01,-1.931314170360565186e-01,5.639857053756713867e-01
1762897169.687705994,-7.402114272117614746e-01,-1.922809928655624390e-01,5.629151463508605957e-01
1762897169.708803892,-7.408097386360168457e-01,-1.912982612848281860e-01,5.615602135658264160e-01
1762897169.729023218,-7.413433790206909180e-01,-1.902700811624526978e-01,5.583882331848144531e-01
1762897169.748818636,-7.418315410614013672e-01,-1.892162412405014038e-01,5.522804856300354004e-01
1762897169.768865585,-7.422657608985900879e-01,-1.881438195705413818e-01,5.428562164306640625e-01
1762897169.788879395,-7.426475882530212402e-01,-1.869816035032272339e-01,5.306669473648071289e-01
1762897169.808810472,-7.429912090301513672e-01,-1.856482774019241333e-01,5.173237919807434082e-01
1762897169.828908920,-7.433321475982666016e-01,-1.841257810592651367e-01,5.049766302108764648e-01
1762897169.848868370,-7.436884045600891113e-01,-1.824766099452972412e-01,4.949513673782348633e-01
1762897169.868884325,-7.440481185913085938e-01,-1.808165311813354492e-01,4.874912798404693604e-01
1762897169.888760090,-7.443891763687133789e-01,-1.792316287755966187e-01,4.825372993946075439e-01
1762897169.908913851,-7.446895837783813477e-01,-1.777747571468353271e-01,4.799897670745849609e-01
1762897169.928993940,-7.449315190315246582e-01,-1.764554381370544434e-01,4.794321656227111816e-01
1762897169.948842525,-7.451017498970031738e-01,-1.752514392137527466e-01,4.798519313335418701e-01
1762897169.968863249,-7.451916337013244629e-01,-1.741249710321426392e-01,4.798845648765563965e-01
1762897169.987969160,-7.458127140998840332e-01,-1.729814559221267700e-01,4.786901772022247314e-01
1762897170.007772207,-7.457160949707031250e-01,-1.719428449869155884e-01,4.740212857723236084e-01
1762897170.027918577,-7.455779910087585449e-01,-1.709039807319641113e-01,4.660918712615966797e-01
1762897170.047772884,-7.453798055648803711e-01,-1.698222607374191284e-01,4.555928111076354980e-01
1762897170.067751646,-7.451320886611938477e-01,-1.686595976352691650e-01,4.443504512310028076e-01
1762897170.088843346,-7.443673014640808105e-01,-1.674270033836364746e-01,4.351341724395751953e-01
1762897170.108846903,-7.446722984313964844e-01,-1.661261469125747681e-01,4.270987212657928467e-01
1762897170.128973961,-7.445278763771057129e-01,-1.648356616497039795e-01,4.226236939430236816e-01
1762897170.148881197,-7.444587349891662598e-01,-1.635825932025909424e-01,4.207212328910827637e-01
1762897170.168707132,-7.444581389427185059e-01,-1.624013632535934448e-01,4.212395250797271729e-01
1762897170.189106703,-7.439404726028442383e-01,-1.615989655256271362e-01,4.227929413318634033e-01
1762897170.208773851,-7.440458536148071289e-01,-1.605061143636703491e-01,4.249869585037231445e-01
1762897170.228881121,-7.440550923347473145e-01,-1.595008373260498047e-01,4.261092841625213623e-01
1762897170.248855114,-7.443339824676513672e-01,-1.583852916955947876e-01,4.248175621032714844e-01
1762897170.268926859,-7.438308000564575195e-01,-1.576112508773803711e-01,4.207637012004852295e-01
1762897170.288853407,-7.436557412147521973e-01,-1.566387861967086792e-01,4.138375818729400635e-01
1762897170.308869839,-7.434560656547546387e-01,-1.556101143360137939e-01,4.050201475620269775e-01
1762897170.329008579,-7.432448267936706543e-01,-1.545343399047851562e-01,3.960849344730377197e-01
1762897170.348815918,-7.430727481842041016e-01,-1.534261256456375122e-01,3.887292146682739258e-01
1762897170.368883371,-7.429745793342590332e-01,-1.523249447345733643e-01,3.837950527667999268e-01
1762897170.389026880,-7.429593801498413086e-01,-1.512692868709564209e-01,3.813844323158264160e-01
1762897170.407720089,-7.435669898986816406e-01,-1.500629782676696777e-01,3.814059495925903320e-01
1762897170.428817749,-7.432178854942321777e-01,-1.493826806545257568e-01,3.834997117519378662e-01
1762897170.448026896,-7.429851889610290527e-01,-1.487104892730712891e-01,3.857895433902740479e-01
1762897170.467890501,-7.431342005729675293e-01,-1.479637324810028076e-01,3.883834481239318848e-01
1762897170.487761736,-7.432375550270080566e-01,-1.472658514976501465e-01,3.894149065017700195e-01
1762897170.509006262,-7.432908415794372559e-01,-1.465969383716583252e-01,3.879390954971313477e-01
1762897170.527779102,-7.435885667800903320e-01,-1.460165977478027344e-01,3.843437433242797852e-01
1762897170.547842026,-7.435156106948852539e-01,-1.453382968902587891e-01,3.775222897529602051e-01
1762897170.568069220,-7.434207201004028320e-01,-1.446213424205780029e-01,3.690800070762634277e-01
1762897170.587975979,-7.433224320411682129e-01,-1.438695043325424194e-01,3.607109487056732178e-01
1762897170.607703686,-7.432698607444763184e-01,-1.430939137935638428e-01,3.541838228702545166e-01
1762897170.628069401,-7.432879209518432617e-01,-1.423273980617523193e-01,3.501813709735870361e-01
1762897170.647936106,-7.433776855468750000e-01,-1.416007280349731445e-01,3.487006723880767822e-01
1762897170.667906761,-7.435330748558044434e-01,-1.409411132335662842e-01,3.496789038181304932e-01
1762897170.687881708,-7.437407374382019043e-01,-1.403637230396270752e-01,3.528575897216796875e-01
1762897170.707959890,-7.439710497856140137e-01,-1.398665308952331543e-01,3.573335707187652588e-01
1762897170.727744341,-7.441883087158203125e-01,-1.394305080175399780e-01,3.617782890796661377e-01
1762897170.747951031,-7.441241145133972168e-01,-1.390585154294967651e-01,3.641736209392547607e-01
1762897170.767939091,-7.444019913673400879e-01,-1.386682242155075073e-01,3.646587729454040527e-01
1762897170.787861586,-7.442621588706970215e-01,-1.383331716060638428e-01,3.618556857109069824e-01
1762897170.807778358,-7.442780137062072754e-01,-1.379430741071701050e-01,3.561408221721649170e-01
1762897170.827843428,-7.445177435874938965e-01,-1.374423056840896606e-01,3.471505939960479736e-01
1762897170.847882509,-7.445172071456909180e-01,-1.368681192398071289e-01,3.388035595417022705e-01
1762897170.867819309,-7.443046569824218750e-01,-1.362603455781936646e-01,3.335573673248291016e-01
1762897170.887945652,-7.444129586219787598e-01,-1.355541050434112549e-01,3.294517397880554199e-01
1762897170.908071518,-7.446164488792419434e-01,-1.348441243171691895e-01,3.277482092380523682e-01
1762897170.927839994,-7.448853850364685059e-01,-1.341854482889175415e-01,3.284624814987182617e-01
1762897170.947901487,-7.459633350372314453e-01,-1.335897743701934814e-01,3.317496776580810547e-01
1762897170.968013287,-7.456324100494384766e-01,-1.331227272748947144e-01,3.363362550735473633e-01
1762897170.987856865,-7.461868524551391602e-01,-1.327154934406280518e-01,3.421264886856079102e-01
1762897171.007887125,-7.464187741279602051e-01,-1.323985308408737183e-01,3.459449112415313721e-01
1762897171.027902365,-7.464636564254760742e-01,-1.321242004632949829e-01,3.470700979232788086e-01
1762897171.049102306,-7.469802498817443848e-01,-1.319025009870529175e-01,3.459808826446533203e-01
1762897171.068957806,-7.469071149826049805e-01,-1.315493285655975342e-01,3.402087986469268799e-01
1762897171.088994741,-7.467754483222961426e-01,-1.311949491500854492e-01,3.338001370429992676e-01
1762897171.108912468,-7.470157146453857422e-01,-1.307235211133956909e-01,3.255518376827239990e-01
1762897171.128308296,-7.471982240676879883e-01,-1.302997767925262451e-01,3.206432759761810303e-01
1762897171.147822142,-7.477025389671325684e-01,-1.296568065881729126e-01,3.161253929138183594e-01
1762897171.167861700,-7.479251623153686523e-01,-1.290966421365737915e-01,3.155024945735931396e-01
1762897171.187879562,-7.477029561996459961e-01,-1.286809593439102173e-01,3.171660602092742920e-01
1762897171.208152771,-7.479496002197265625e-01,-1.282737106084823608e-01,3.206459879875183105e-01
1762897171.227843046,-7.482309341430664062e-01,-1.279549896717071533e-01,3.255233168601989746e-01
1762897171.248887062,-7.485309243202209473e-01,-1.277112066745758057e-01,3.306212127208709717e-01
1762897171.268922806,-7.486912608146667480e-01,-1.275206506252288818e-01,3.341354727745056152e-01
1762897171.287859201,-7.488414645195007324e-01,-1.273662298917770386e-01,3.351992666721343994e-01
1762897171.307886600,-7.489211559295654297e-01,-1.272253990173339844e-01,3.331968188285827637e-01
1762897171.327920675,-7.493783831596374512e-01,-1.270509660243988037e-01,3.273349106311798096e-01
1762897171.348081112,-7.489655613899230957e-01,-1.267971098423004150e-01,3.221193253993988037e-01
1762897171.367850780,-7.489178180694580078e-01,-1.264843940734863281e-01,3.162401914596557617e-01
1762897171.388875008,-7.493543624877929688e-01,-1.260773539543151855e-01,3.112141489982604980e-01
1762897171.408869982,-7.490041255950927734e-01,-1.257395893335342407e-01,3.108057379722595215e-01
1762897171.428907633,-7.495333552360534668e-01,-1.253546476364135742e-01,3.120747506618499756e-01
1762897171.448935270,-7.492601275444030762e-01,-1.251019984483718872e-01,3.151982426643371582e-01
1762897171.467961788,-7.490714788436889648e-01,-1.249412447214126587e-01,3.179296255111694336e-01
1762897171.487806559,-7.492876052856445312e-01,-1.247541680932044983e-01,3.229862153530120850e-01
1762897171.507865667,-7.493461370468139648e-01,-1.246169060468673706e-01,3.269673287868499756e-01
1762897171.527819633,-7.494139075279235840e-01,-1.245074719190597534e-01,3.292497694492340088e-01
1762897171.547756433,-7.494325637817382812e-01,-1.244228482246398926e-01,3.289172947406768799e-01
1762897171.567962885,-7.493993043899536133e-01,-1.243350207805633545e-01,3.256930112838745117e-01
1762897171.588147640,-7.493633031845092773e-01,-1.242070198059082031e-01,3.199737668037414551e-01
1762897171.607792854,-7.492030262947082520e-01,-1.240259632468223572e-01,3.133416771888732910e-01
1762897171.627757549,-7.490997910499572754e-01,-1.237902343273162842e-01,3.071815371513366699e-01
1762897171.647839546,-7.490543127059936523e-01,-1.235164403915405273e-01,3.029366135597229004e-01
1762897171.668196440,-7.490811347961425781e-01,-1.232404410839080811e-01,3.011052310466766357e-01
1762897171.687734842,-7.492201924324035645e-01,-1.229969561100006104e-01,3.017545342445373535e-01
1762897171.707818508,-7.496201395988464355e-01,-1.228171736001968384e-01,3.052387833595275879e-01
1762897171.727920294,-7.495568394660949707e-01,-1.227261573076248169e-01,3.100014626979827881e-01
1762897171.747745991,-7.499834895133972168e-01,-1.227226480841636658e-01,3.168788552284240723e-01
1762897171.767889023,-7.499502301216125488e-01,-1.227450370788574219e-01,3.217914402484893799e-01
1762897171.787923813,-7.501295208930969238e-01,-1.228294298052787781e-01,3.255701363086700439e-01
1762897171.807827711,-7.501607537269592285e-01,-1.229216307401657104e-01,3.260676264762878418e-01
1762897171.827881813,-7.501955628395080566e-01,-1.230098009109497070e-01,3.233948051929473877e-01
1762897171.847779751,-7.501809597015380859e-01,-1.230255141854286194e-01,3.178428411483764648e-01
1762897171.868061066,-7.503912448883056641e-01,-1.229777485132217407e-01,3.114061057567596436e-01
1762897171.887980938,-7.500755190849304199e-01,-1.226792633533477783e-01,3.043089807033538818e-01
1762897171.907841206,-7.500789165496826172e-01,-1.223088353872299194e-01,2.997837662696838379e-01
1762897171.927886009,-7.501503825187683105e-01,-1.218810901045799255e-01,2.976917028427124023e-01
1762897171.948023319,-7.502870559692382812e-01,-1.214607805013656616e-01,2.980873584747314453e-01
1762897171.967849016,-7.507206797599792480e-01,-1.211540102958679199e-01,3.003202676773071289e-01
1762897171.987805605,-7.509426474571228027e-01,-1.208925321698188782e-01,3.051447272300720215e-01
1762897172.008951902,-7.512160539627075195e-01,-1.207427680492401123e-01,3.115489184856414795e-01
1762897172.029233217,-7.513740658760070801e-01,-1.206845343112945557e-01,3.177155852317810059e-01
1762897172.048869848,-7.512564063072204590e-01,-1.206643208861351013e-01,3.226322531700134277e-01
1762897172.068736553,-7.513400912284851074e-01,-1.207006871700286865e-01,3.244529068470001221e-01
1762897172.089004278,-7.516394853591918945e-01,-1.207694858312606812e-01,3.235845565795898438e-01
1762897172.108927727,-7.516200542449951172e-01,-1.208083331584930420e-01,3.192476332187652588e-01
1762897172.128811359,-7.515532374382019043e-01,-1.207881718873977661e-01,3.126460611820220947e-01
1762897172.148880005,-7.514681220054626465e-01,-1.206942424178123474e-01,3.056941330432891846e-01
1762897172.168861151,-7.514140605926513672e-01,-1.205301955342292786e-01,3.003967404365539551e-01
1762897172.188790321,-7.514158487319946289e-01,-1.203325390815734863e-01,2.976092696189880371e-01
1762897172.209096670,-7.514715790748596191e-01,-1.201463118195533752e-01,2.973341941833496094e-01
1762897172.228741646,-7.515709400177001953e-01,-1.200114190578460693e-01,2.995015680789947510e-01
1762897172.248731613,-7.517015933990478516e-01,-1.199533939361572266e-01,3.039614260196685791e-01
1762897172.268747807,-7.518399357795715332e-01,-1.199775487184524536e-01,3.099900186061859131e-01
1762897172.287858248,-7.519952654838562012e-01,-1.200743094086647034e-01,3.163784742355346680e-01
1762897172.307845116,-7.520152330398559570e-01,-1.202038004994392395e-01,3.210905790328979492e-01
1762897172.327915907,-7.520141601562500000e-01,-1.203656569123268127e-01,3.233295679092407227e-01
1762897172.348136902,-7.519610524177551270e-01,-1.205438226461410522e-01,3.222838640213012695e-01
1762897172.367766619,-7.518571615219116211e-01,-1.206968054175376892e-01,3.180157840251922607e-01
1762897172.387741089,-7.517079710960388184e-01,-1.207707077264785767e-01,3.115236461162567139e-01
1762897172.407902241,-7.516963481903076172e-01,-1.207655295729637146e-01,3.057090044021606445e-01
1762897172.428123951,-7.513651251792907715e-01,-1.205876618623733521e-01,2.996166050434112549e-01
1762897172.447796583,-7.519044876098632812e-01,-1.204059422016143799e-01,2.958086133003234863e-01
1762897172.468230486,-7.518348097801208496e-01,-1.201610565185546875e-01,2.959846854209899902e-01
1762897172.487842083,-7.514245510101318359e-01,-1.199295893311500549e-01,2.986229360103607178e-01
1762897172.508912086,-7.515967488288879395e-01,-1.197903007268905640e-01,3.031529784202575684e-01
1762897172.528920650,-7.517625689506530762e-01,-1.197316199541091919e-01,3.091259300708770752e-01
1762897172.548910141,-7.516191601753234863e-01,-1.197248697280883789e-01,3.141780495643615723e-01
1762897172.568787575,-7.517452836036682129e-01,-1.197716221213340759e-01,3.189532756805419922e-01
1762897172.589843988,-7.524294853210449219e-01,-1.198914796113967896e-01,3.218364119529724121e-01
1762897172.608061075,-7.524199485778808594e-01,-1.199927031993865967e-01,3.202119171619415283e-01
1762897172.628980160,-7.523311376571655273e-01,-1.200655251741409302e-01,3.153362870216369629e-01
1762897172.649984837,-7.517724037170410156e-01,-1.199949309229850769e-01,3.088108599185943604e-01
1762897172.667896271,-7.522017955780029297e-01,-1.199244856834411621e-01,3.017581105232238770e-01
1762897172.687857151,-7.521162629127502441e-01,-1.197047233581542969e-01,2.975718080997467041e-01
1762897172.707825422,-7.521142363548278809e-01,-1.194590628147125244e-01,2.961054146289825439e-01
1762897172.727811098,-7.521743774414062500e-01,-1.192411556839942932e-01,2.972441613674163818e-01
1762897172.748887300,-7.522970438003540039e-01,-1.190962865948677063e-01,3.008720278739929199e-01
1762897172.767769814,-7.515432834625244141e-01,-1.190326139330863953e-01,3.040699660778045654e-01
1762897172.787827730,-7.516287565231323242e-01,-1.190267726778984070e-01,3.095974028110504150e-01
1762897172.807947874,-7.517026066780090332e-01,-1.190855726599693298e-01,3.149476647377014160e-01
1762897172.827941656,-7.517257928848266602e-01,-1.191884055733680725e-01,3.188362419605255127e-01
1762897172.847804308,-7.516927123069763184e-01,-1.193257868289947510e-01,3.202341198921203613e-01
1762897172.867766142,-7.516055107116699219e-01,-1.194694861769676208e-01,3.186089694499969482e-01
1762897172.887887001,-7.517465353012084961e-01,-1.195892989635467529e-01,3.148348331451416016e-01
1762897172.907959938,-7.512704133987426758e-01,-1.196251288056373596e-01,3.078130781650543213e-01
1762897172.928712368,-7.510814070701599121e-01,-1.196053698658943176e-01,3.012574315071105957e-01
1762897172.948768616,-7.511723041534423828e-01,-1.195441335439682007e-01,2.965550124645233154e-01
1762897172.968079567,-7.507959604263305664e-01,-1.193894743919372559e-01,2.941209077835083008e-01
1762897172.987854004,-7.510226964950561523e-01,-1.192960366606712341e-01,2.938423454761505127e-01
1762897173.007886171,-7.510495185852050781e-01,-1.192231476306915283e-01,2.961808443069458008e-01
1762897173.027883053,-7.508702874183654785e-01,-1.192236617207527161e-01,3.014470040798187256e-01
1762897173.047743559,-7.509763836860656738e-01,-1.193148195743560791e-01,3.075484037399291992e-01
1762897173.067900419,-7.513419389724731445e-01,-1.194611042737960815e-01,3.133372664451599121e-01
1762897173.089003086,-7.514454722404479980e-01,-1.196618974208831787e-01,3.185381889343261719e-01
1762897173.108839989,-7.514108419418334961e-01,-1.198793128132820129e-01,3.208875656127929688e-01
1762897173.128986120,-7.510827183723449707e-01,-1.201329976320266724e-01,3.195713758468627930e-01
1762897173.148943186,-7.512686252593994141e-01,-1.203428730368614197e-01,3.160822093486785889e-01
1762897173.168895483,-7.508547306060791016e-01,-1.204762682318687439e-01,3.090150654315948486e-01
1762897173.188854456,-7.510671615600585938e-01,-1.205453798174858093e-01,3.024594485759735107e-01
1762897173.208915949,-7.509129643440246582e-01,-1.204672753810882568e-01,2.974955439567565918e-01
1762897173.229032040,-7.509016394615173340e-01,-1.203209832310676575e-01,2.946760058403015137e-01
1762897173.248886824,-7.509686350822448730e-01,-1.201505511999130249e-01,2.943489849567413330e-01
1762897173.268790722,-7.510946989059448242e-01,-1.200045943260192871e-01,2.964550852775573730e-01
1762897173.288892269,-7.512623667716979980e-01,-1.199159994721412659e-01,3.008226454257965088e-01
1762897173.308828354,-7.514436244964599609e-01,-1.198987588286399841e-01,3.066934943199157715e-01
1762897173.327915907,-7.516108751296997070e-01,-1.199446767568588257e-01,3.127523064613342285e-01
1762897173.347847939,-7.517073154449462891e-01,-1.200308501720428467e-01,3.173573613166809082e-01
1762897173.367917538,-7.517539858818054199e-01,-1.201489195227622986e-01,3.193952143192291260e-01
1762897173.387994528,-7.517466545104980469e-01,-1.202819868922233582e-01,3.182441294193267822e-01
1762897173.407811642,-7.516852021217346191e-01,-1.203771978616714478e-01,3.140991628170013428e-01
1762897173.428931713,-7.515817284584045410e-01,-1.203903183341026306e-01,3.080533742904663086e-01
1762897173.449086189,-7.514434456825256348e-01,-1.203131973743438721e-01,3.020237088203430176e-01
1762897173.468817234,-7.513412833213806152e-01,-1.201487779617309570e-01,2.977494001388549805e-01
1762897173.489001513,-7.512899041175842285e-01,-1.199435740709304810e-01,2.959697246551513672e-01
1762897173.509119511,-7.512921094894409180e-01,-1.197469756007194519e-01,2.967082560062408447e-01
1762897173.528928518,-7.519057393074035645e-01,-1.196082234382629395e-01,2.997285127639770508e-01
1762897173.548848152,-7.519889473915100098e-01,-1.195437982678413391e-01,3.051075637340545654e-01
1762897173.568850994,-7.520709037780761719e-01,-1.195579171180725098e-01,3.112596869468688965e-01
1762897173.588757753,-7.521168589591979980e-01,-1.196259856224060059e-01,3.166144788265228271e-01
1762897173.607828379,-7.521183490753173828e-01,-1.197242215275764465e-01,3.196577727794647217e-01
1762897173.628022909,-7.520189285278320312e-01,-1.198397278785705566e-01,3.195140659809112549e-01
1762897173.648200750,-7.518849372863769531e-01,-1.199591234326362610e-01,3.162367343902587891e-01
1762897173.667793512,-7.517095804214477539e-01,-1.200301647186279297e-01,3.106416761875152588e-01
1762897173.687746763,-7.515197396278381348e-01,-1.200280413031578064e-01,3.045671284198760986e-01
1762897173.708043337,-7.513583898544311523e-01,-1.199611425399780273e-01,2.999020516872406006e-01
1762897173.727838755,-7.512586712837219238e-01,-1.198553144931793213e-01,2.978298366069793701e-01
1762897173.747914553,-7.512220740318298340e-01,-1.197540462017059326e-01,2.984186708927154541e-01
1762897173.767972231,-7.512391805648803711e-01,-1.196892186999320984e-01,3.014859557151794434e-01
1762897173.787998438,-7.512931823730468750e-01,-1.196827590465545654e-01,3.065797388553619385e-01
1762897173.807733297,-7.513529062271118164e-01,-1.197332963347434998e-01,3.126209378242492676e-01
1762897173.828811407,-7.513971328735351562e-01,-1.198268681764602661e-01,3.180380165576934814e-01
1762897173.848932505,-7.513441443443298340e-01,-1.199394911527633667e-01,3.211512565612792969e-01
1762897173.868891001,-7.512485980987548828e-01,-1.200726330280303955e-01,3.211975693702697754e-01
1762897173.888715744,-7.510989904403686523e-01,-1.202019900083541870e-01,3.180373311042785645e-01
1762897173.909003496,-7.509043812751770020e-01,-1.202721819281578064e-01,3.125181496143341064e-01
1762897173.927832127,-7.499768137931823730e-01,-1.202100217342376709e-01,3.092948496341705322e-01
1762897173.947884798,-7.500567436218261719e-01,-1.201732307672500610e-01,3.046950101852416992e-01
1762897173.968077421,-7.496404051780700684e-01,-1.200156733393669128e-01,3.017209470272064209e-01
1762897173.987838984,-7.495756149291992188e-01,-1.198641732335090637e-01,3.013148903846740723e-01
1762897174.007740498,-7.498452067375183105e-01,-1.197473853826522827e-01,3.028198778629302979e-01
1762897174.027840614,-7.499139308929443359e-01,-1.196513175964355469e-01,3.071037530899047852e-01
1762897174.047762871,-7.500291466712951660e-01,-1.196220815181732178e-01,3.132039010524749756e-01
1762897174.067826748,-7.501560449600219727e-01,-1.196561157703399658e-01,3.199243247509002686e-01
1762897174.087885380,-7.499744892120361328e-01,-1.197136491537094116e-01,3.246536850929260254e-01
1762897174.107951880,-7.502264976501464844e-01,-1.198338046669960022e-01,3.287016749382019043e-01
1762897174.127744675,-7.502904534339904785e-01,-1.199629977345466614e-01,3.289107978343963623e-01
1762897174.147938490,-7.499958276748657227e-01,-1.200637891888618469e-01,3.257453143596649170e-01
1762897174.167952776,-7.499010562896728516e-01,-1.201359033584594727e-01,3.197471499443054199e-01
1762897174.187731028,-7.497901320457458496e-01,-1.200929731130599976e-01,3.120369315147399902e-01
1762897174.207870960,-7.496989965438842773e-01,-1.199140027165412903e-01,3.046183884143829346e-01
1762897174.228911161,-7.496845722198486328e-01,-1.196044236421585083e-01,2.991153299808502197e-01
1762897174.248829126,-7.497439980506896973e-01,-1.192422956228256226e-01,2.960327267646789551e-01
1762897174.268856764,-7.498818635940551758e-01,-1.188948005437850952e-01,2.953913509845733643e-01
1762897174.288978338,-7.500758171081542969e-01,-1.186292096972465515e-01,2.971587479114532471e-01
1762897174.309073448,-7.503053545951843262e-01,-1.184844970703125000e-01,3.012629747390747070e-01
1762897174.327743292,-7.505663037300109863e-01,-1.184742897748947144e-01,3.072025477886199951e-01
1762897174.347942591,-7.507588863372802734e-01,-1.185765713453292847e-01,3.135749399662017822e-01
1762897174.367763758,-7.509212493896484375e-01,-1.187560781836509705e-01,3.190813660621643066e-01
1762897174.387878418,-7.510239481925964355e-01,-1.189852207899093628e-01,3.222641944885253906e-01
1762897174.407983303,-7.510719299316406250e-01,-1.192397102713584900e-01,3.222959935665130615e-01
1762897174.427978516,-7.510699629783630371e-01,-1.194827109575271606e-01,3.190013170242309570e-01
1762897174.447764397,-7.510129809379577637e-01,-1.196592748165130615e-01,3.129712641239166260e-01
1762897174.467848063,-7.509143948554992676e-01,-1.197344809770584106e-01,3.058197796344757080e-01
1762897174.488004446,-7.508181333541870117e-01,-1.196888312697410583e-01,2.995074093341827393e-01
1762897174.507821560,-7.507623434066772461e-01,-1.195387095212936401e-01,2.952746748924255371e-01
1762897174.527831316,-7.507628202438354492e-01,-1.193343251943588257e-01,2.935014665126800537e-01
1762897174.547850132,-7.510758042335510254e-01,-1.191612407565116882e-01,2.938095629215240479e-01
1762897174.567926645,-7.509264349937438965e-01,-1.189621090888977051e-01,2.973335981369018555e-01
1762897174.587934256,-7.513190507888793945e-01,-1.188807114958763123e-01,3.018473684787750244e-01
1762897174.607817173,-7.514643073081970215e-01,-1.188481450080871582e-01,3.081158697605133057e-01
1762897174.627867699,-7.515826225280761719e-01,-1.188746616244316101e-01,3.141785264015197754e-01
1762897174.648005009,-7.516495585441589355e-01,-1.189385727047920227e-01,3.185814321041107178e-01
1762897174.667759418,-7.516575455665588379e-01,-1.190274134278297424e-01,3.201568424701690674e-01
1762897174.688875437,-7.516509890556335449e-01,-1.191363483667373657e-01,3.183789551258087158e-01
1762897174.708964348,-7.515190243721008301e-01,-1.192118450999259949e-01,3.134900331497192383e-01
1762897174.728739023,-7.513802051544189453e-01,-1.192141175270080566e-01,3.065619468688964844e-01
1762897174.748952627,-7.512378096580505371e-01,-1.191249713301658630e-01,2.996196746826171875e-01
1762897174.768840075,-7.511395812034606934e-01,-1.189468652009963989e-01,2.945473492145538330e-01
1762897174.789112329,-7.511038780212402344e-01,-1.187298223376274109e-01,2.919935882091522217e-01
1762897174.807884932,-7.511675953865051270e-01,-1.185235381126403809e-01,2.919479906558990479e-01
1762897174.827881813,-7.512027025222778320e-01,-1.183816790580749512e-01,2.943920791149139404e-01
1762897174.847859859,-7.513079047203063965e-01,-1.183249801397323608e-01,2.990479767322540283e-01
1762897174.867904902,-7.514228820800781250e-01,-1.183601096272468567e-01,3.051318824291229248e-01
1762897174.887888193,-7.515137195587158203e-01,-1.184686869382858276e-01,3.113126754760742188e-01
1762897174.908953428,-7.515609264373779297e-01,-1.186243668198585510e-01,3.160569667816162109e-01
1762897174.928721905,-7.515302896499633789e-01,-1.188081279397010803e-01,3.181293010711669922e-01
1762897174.948928833,-7.514551281929016113e-01,-1.190103739500045776e-01,3.170060217380523682e-01
1762897174.967957735,-7.513293027877807617e-01,-1.191836819052696228e-01,3.127951920032501221e-01
1762897174.988921881,-7.512014508247375488e-01,-1.192854270339012146e-01,3.064460456371307373e-01
1762897175.008873940,-7.509823441505432129e-01,-1.192803606390953064e-01,3.004530072212219238e-01
1762897175.028882265,-7.508479356765747070e-01,-1.191875860095024109e-01,2.961255311965942383e-01
1762897175.048955679,-7.507835626602172852e-01,-1.190418452024459839e-01,2.942839562892913818e-01
1762897175.068734169,-7.507879137992858887e-01,-1.188893318176269531e-01,2.949486076831817627e-01
1762897175.087979555,-7.508938908576965332e-01,-1.187713071703910828e-01,2.981036603450775146e-01
1762897175.107861996,-7.515346407890319824e-01,-1.187316402792930603e-01,3.033309280872344971e-01
1762897175.127811193,-7.516555786132812500e-01,-1.187423616647720337e-01,3.095823228359222412e-01
1762897175.148000717,-7.517504692077636719e-01,-1.187999099493026733e-01,3.150808215141296387e-01
1762897175.167993307,-7.517888545989990234e-01,-1.188846156001091003e-01,3.183874785900115967e-01
1762897175.187944412,-7.517639994621276855e-01,-1.189888864755630493e-01,3.185437619686126709e-01
1762897175.207830906,-7.516838908195495605e-01,-1.190935224294662476e-01,3.154768645763397217e-01
1762897175.228009224,-7.515581250190734863e-01,-1.191401779651641846e-01,3.100388944149017334e-01
1762897175.247790575,-7.514125108718872070e-01,-1.191030591726303101e-01,3.040331304073333740e-01
1762897175.267798424,-7.512890696525573730e-01,-1.189920455217361450e-01,2.993671298027038574e-01
1762897175.287740946,-7.512181997299194336e-01,-1.188369318842887878e-01,2.972841560840606689e-01
1762897175.307936430,-7.512009143829345703e-01,-1.186890527606010437e-01,2.978695929050445557e-01
1762897175.328853130,-7.512448430061340332e-01,-1.185880973935127258e-01,3.010030686855316162e-01
1762897175.348839045,-7.512742877006530762e-01,-1.185591369867324829e-01,3.060706555843353271e-01
1762897175.368793249,-7.513190507888793945e-01,-1.185976788401603699e-01,3.120457231998443604e-01
1762897175.389045477,-7.513267993927001953e-01,-1.186850517988204956e-01,3.173260390758514404e-01
1762897175.407750845,-7.504609227180480957e-01,-1.187259107828140259e-01,3.185595571994781494e-01
1762897175.427867889,-7.503559589385986328e-01,-1.188535690307617188e-01,3.198127150535583496e-01
1762897175.447797537,-7.502154707908630371e-01,-1.189841851592063904e-01,3.181298077106475830e-01
1762897175.467806816,-7.500229477882385254e-01,-1.190823316574096680e-01,3.136624991893768311e-01
