1762890113.661857605,1.213159836777674587e-18,-3.195843729461899437e-18,1.497200864832848310e-04
1762890113.681818724,1.164803581950860573e-18,-3.052698470098372892e-18,1.497155171819031239e-04
1762890113.702729702,2.130420418037726975e-18,-5.911151771312143401e-18,1.498189085396006703e-04
1762890113.723122358,6.649018384405370465e-19,-1.572872147445853243e-18,1.496627373853698373e-04
1762890113.742797136,2.255117688584942759e-18,-6.280284014796075936e-18,1.498316705692559481e-04
1762890113.762720823,4.729170439773123809e-19,-1.004551917327007708e-18,1.496430777478963137e-04
1762890113.782806396,7.666229784019619416e-19,-1.873990499038378769e-18,1.496732875239104033e-04
1762890113.804298401,1.427153115606367952e-18,-3.829315186167259091e-18,1.497422490501776338e-04
1762890113.822828054,6.169623275460849048e-19,-1.430959904182913555e-18,1.496579498052597046e-04
1762890113.842750311,1.186213704540723726e-18,-3.116077462222492149e-18,1.497169723734259605e-04
1762890113.862925768,6.670588152853456353e-19,-1.579257464786879771e-18,1.496631157351657748e-04
1762890113.882842541,1.178196980236589490e-18,-3.092346891219264614e-18,1.497163611929863691e-04
1762890113.902968645,1.180916853488240414e-18,-3.100398046916396371e-18,1.497166522312909365e-04
1762890113.922113895,1.197480835061885085e-18,-3.149430832086702192e-18,1.497184421168640256e-04
1762890113.941679716,1.180872185735162550e-18,-3.100265698018387886e-18,1.497167831985279918e-04
1762890113.961784601,1.182220386736047416e-18,-3.104256844473956245e-18,1.497169141657650471e-04
1762890113.981662273,1.184622105644595132e-18,-3.111366461838849518e-18,1.497171324444934726e-04
1762890114.001765490,1.186946586563445709e-18,-3.118247156969218740e-18,1.497173070674762130e-04
1762890114.021733046,1.189129929790279425e-18,-3.124710539480554960e-18,1.497174671385437250e-04
1762890114.041749716,7.944806636739462385e-19,-1.956455856616546587e-18,1.496762997703626752e-04
1762890114.061672211,7.667943081863369875e-19,-1.874497974344180052e-18,1.496735058026388288e-04
1762890114.081648111,6.654040921687215880e-19,-1.574358901199340741e-18,1.496634067734703422e-04
1762890114.101641655,6.606781508352647181e-19,-1.560369002294384522e-18,1.496630429755896330e-04
1762890114.123025656,6.692246843217391692e-19,-1.585669251907507996e-18,1.496639742981642485e-04
1762890114.142163515,7.597791962064278980e-19,-1.853731811861189430e-18,1.496730110375210643e-04
1762890114.161793947,1.173410603019627964e-18,-3.078178321301996941e-18,1.497159537393599749e-04
1762890114.181865692,1.183011274799224680e-18,-3.106599419968706419e-18,1.497168996138498187e-04
1762890114.202033758,1.185819966569148485e-18,-3.114913205510323762e-18,1.497171615483239293e-04
1762890114.221682787,1.188043221260537885e-18,-3.121494461258948789e-18,1.497173652751371264e-04
1762890114.242020130,7.938225380990837359e-19,-1.954508259864290483e-18,1.496762561146169901e-04
1762890114.261880636,6.675200718744205174e-19,-1.580622933183051682e-18,1.496636541560292244e-04
1762890114.281889439,1.970504278549840932e-18,-5.437764578554171193e-18,1.498026394983753562e-04
1762890114.303246021,1.256448369581682477e-18,-3.323989309187695655e-18,1.497243356425315142e-04
1762890114.322215319,2.259340445612025965e-18,-6.292785195393589843e-18,1.498330821050330997e-04
1762890114.341955185,2.283609924784331797e-18,-6.364628313135657956e-18,1.498358615208417177e-04
1762890114.361720562,2.246317934433450513e-18,-6.254235270126168542e-18,1.498318160884082317e-04
1762890114.381672382,2.247559118942586331e-18,-6.257908365636210261e-18,1.498317433288320899e-04
1762890114.401671648,2.251223735851349381e-18,-6.268756425779536942e-18,1.498319470556452870e-04
1762890114.421694517,2.312890464107483871e-18,-6.451304847212333237e-18,1.498386700404807925e-04
1762890114.442765713,2.265783768993507775e-18,-6.311857085186918726e-18,1.498341589467599988e-04
1762890114.462861300,2.225762496211507775e-18,-6.193384969134623890e-18,1.498300407547503710e-04
1762890114.482853174,2.228295116451992007e-18,-6.200883361387417086e-18,1.498301862739026546e-04
1762890114.502774954,2.233443074994215775e-18,-6.216124577764012898e-18,1.498306228313595057e-04
1762890114.522829294,2.238540368723920670e-18,-6.231214006498205228e-18,1.498310884926468134e-04
1762890114.542789698,2.243402536364507366e-18,-6.245608189927546739e-18,1.498314813943579793e-04
1762890114.562921762,2.248015722640715602e-18,-6.259264528250490950e-18,1.498318015364930034e-04
1762890114.582737207,2.252376825625248302e-18,-6.272174749660912329e-18,1.498321798862889409e-04
1762890114.602759361,2.256488947245402541e-18,-6.284347953145548961e-18,1.498325000284239650e-04
1762890114.622756958,2.260350019549646936e-18,-6.295777521259500421e-18,1.498328056186437607e-04
1762890114.643071175,6.755274386978752481e-19,-1.604327447996983796e-18,1.496639015385881066e-04
1762890114.662944555,2.267345072399701614e-18,-6.316484333533540363e-18,1.498333440395072103e-04
1762890114.682970762,2.270488772317709396e-18,-6.325790115424761924e-18,1.498335768701508641e-04
1762890114.702784300,2.273408099494562169e-18,-6.334432498464715957e-18,1.498337514931336045e-04
1762890114.723025322,2.276114014073376261e-18,-6.342442088336066924e-18,1.498339843237772584e-04
1762890114.742955208,6.792305195051220147e-19,-1.615289038679383380e-18,1.496641634730622172e-04
1762890114.762746811,2.055230941127575589e-18,-5.688574012086374714e-18,1.498102938057854772e-04
1762890114.782890558,1.221568644692158959e-18,-3.220737523201529667e-18,1.497211051173508167e-04
1762890114.802749872,1.982902681956245126e-18,-5.474466582333149030e-18,1.498030760558322072e-04
1762890114.822223186,6.969033883886823047e-19,-1.667604696905759030e-18,1.496659679105505347e-04
1762890114.842788458,1.207641818308909908e-18,-3.179510841471886767e-18,1.497191406087949872e-04
1762890114.863308668,6.726687541996802690e-19,-1.595864356354800631e-18,1.496636687079444528e-04
1762890114.883332729,1.187777592886331794e-18,-3.120707605701257721e-18,1.497172925155609846e-04
1762890114.903302193,1.189548172987501550e-18,-3.125948415267240566e-18,1.497174671385437250e-04
1762890114.923249006,1.191307172560095563e-18,-3.131156137608721290e-18,1.497176126576960087e-04
1762890114.942759037,1.192967944434948905e-18,-3.136073105964889625e-18,1.497177727287635207e-04
1762890114.962738037,1.268704394525150980e-18,-3.360270071239730863e-18,1.497254997957497835e-04
1762890114.982863426,1.208242144638470268e-18,-3.181288245813110085e-18,1.497194607509300113e-04
1762890115.002724886,1.185779021128827110e-18,-3.114792643936044158e-18,1.497172634117305279e-04
1762890115.022769928,1.186183305653212403e-18,-3.115988747101795836e-18,1.497172779636457562e-04
1762890115.042735338,1.188018095649431587e-18,-3.121420015003819016e-18,1.497174234827980399e-04
1762890115.063224554,1.189850093911083405e-18,-3.126843217894869804e-18,1.497175690019503236e-04
1762890115.082649231,1.191586759607138487e-18,-3.131984352197040009e-18,1.497177290730178356e-04
1762890115.102775097,1.193222095678155822e-18,-3.136824599551394051e-18,1.497178454883396626e-04
1762890115.122834682,1.194760548219927885e-18,-3.141378228823498468e-18,1.497179619036614895e-04
1762890115.142748833,1.196197360943932494e-18,-3.145631177942939860e-18,1.497180637670680881e-04
1762890115.162722588,1.197542253222367148e-18,-3.149612191436004444e-18,1.497181801823899150e-04
1762890115.182725906,1.198790055176403390e-18,-3.153306173256513127e-18,1.497182529419660568e-04
1762890115.202758074,6.974002654428852515e-19,-1.669075424034878313e-18,1.496664481237530708e-04
1762890115.222879648,7.645122202738797532e-19,-1.867742183486306337e-18,1.496732147643342614e-04
1762890115.242788792,1.061303331588198969e-18,-2.746313666340875377e-18,1.497042103437706828e-04
1762890115.262806892,6.863797898406295484e-19,-1.636451834266093178e-18,1.496653276262804866e-04
1762890115.282698631,6.632097887987715439e-19,-1.567862431463502400e-18,1.496631448389962316e-04
1762890115.301776171,7.365643723151271763e-19,-1.785009439775130753e-18,1.496706827310845256e-04
1762890115.322068214,1.169801820802212243e-18,-3.067493422534496345e-18,1.497158082202076912e-04
1762890115.341785669,2.237248519402265979e-18,-6.227386228213616093e-18,1.498312922194600105e-04
1762890115.361822128,1.183685737191185105e-18,-3.108593545630418631e-18,1.497171615483239293e-04
1762890115.381717205,2.247896815427661104e-18,-6.258907599816174318e-18,1.498323254054412246e-04
1762890115.401715994,2.252199602179008816e-18,-6.271644940478572115e-18,1.498327328590676188e-04
1762890115.422727108,1.263873349555111591e-18,-3.345968325243842153e-18,1.497253542765974998e-04
1762890115.443359137,1.190373699238829472e-18,-3.128392113591875348e-18,1.497178745921701193e-04
1762890115.462851048,1.187424696957501359e-18,-3.119661842611837556e-18,1.497175398981198668e-04
1762890115.482845306,1.189067787846761379e-18,-3.124525251023343082e-18,1.497176563134416938e-04
1762890115.502839804,2.445215373878204261e-18,-6.843017467057738322e-18,1.498536876169964671e-04
1762890115.522845268,2.247999799413923956e-18,-6.259212415871900109e-18,1.498326455475762486e-04
1762890115.542850733,2.239669263464902414e-18,-6.234550853089244142e-18,1.498317287769168615e-04
1762890115.562850237,2.243475535053565171e-18,-6.245818293803135209e-18,1.498320343671366572e-04
1762890115.582831383,2.247865175769230951e-18,-6.258812474045730720e-18,1.498323399573564529e-04
1762890115.601613045,7.099393412522117443e-19,-1.706193292866817186e-18,1.496675831731408834e-04
1762890115.621649027,6.727955196285540205e-19,-1.596238552184404307e-18,1.496638578828424215e-04
1762890115.641616344,6.712726801208438966e-19,-1.591730728038720014e-18,1.496636541560292244e-04
1762890115.661714554,6.720371501032077478e-19,-1.593993584001935390e-18,1.496636687079444528e-04
1762890115.681803465,6.728940058202361154e-19,-1.596529823157599542e-18,1.496636832598596811e-04
1762890115.701742887,6.737320948771171861e-19,-1.599011261597682056e-18,1.496637123636901379e-04
1762890115.721955776,6.745456787083513734e-19,-1.601419701348706765e-18,1.496637414675205946e-04
1762890115.741743088,7.129749390039165022e-19,-1.715179472848863571e-18,1.496675831731408834e-04
1762890115.761806250,6.824696036875148174e-19,-1.624876785761908955e-18,1.496645709266886115e-04
1762890115.781919956,6.711962693117593106e-19,-1.591504700936339899e-18,1.496634940849617124e-04
1762890115.802270174,6.715053246681244356e-19,-1.592419355898670409e-18,1.496635377407073975e-04
1762890115.821669102,6.725339237598341255e-19,-1.595464414528631242e-18,1.496636250521987677e-04
1762890115.843352318,6.806776719867835367e-19,-1.619571869698453250e-18,1.496644836151972413e-04
1762890115.862723351,6.719241365520176904e-19,-1.593659609829617105e-18,1.496636250521987677e-04
1762890115.882682085,7.726359610697630380e-19,-1.891789771459294819e-18,1.496734912507236004e-04
1762890115.902787209,6.764207937594325180e-19,-1.606971013837126703e-18,1.496638869866728783e-04
1762890115.922722578,6.711678349782028003e-19,-1.591420948899318905e-18,1.496634504292160273e-04
1762890115.942784786,6.719179326974235427e-19,-1.593641101663411231e-18,1.496635377407073975e-04
1762890115.962716103,6.730058302992956278e-19,-1.596861729378386444e-18,1.496636687079444528e-04
1762890115.982724905,1.189961039510742080e-18,-3.127170574622287665e-18,1.497174380347132683e-04
1762890116.001703501,1.265910902198982837e-18,-3.351999299089966278e-18,1.497251796536147594e-04
1762890116.021765232,1.192263289950630294e-18,-3.133984888508499507e-18,1.497177581768482924e-04
1762890116.041766405,1.189298674635240243e-18,-3.125209122594771298e-18,1.497174671385437250e-04
1762890116.062348843,1.190937526223860929e-18,-3.130060536887394805e-18,1.497175835538655519e-04
1762890116.081689119,1.192771799232197268e-18,-3.135491184403958570e-18,1.497177290730178356e-04
1762890116.101748228,1.194510222687054025e-18,-3.140637488584957232e-18,1.497178745921701193e-04
1762890116.122794151,1.270495447346481424e-18,-3.365571885375889494e-18,1.497256307629868388e-04
1762890116.143104792,1.196287523630700774e-18,-3.145898977666253902e-18,1.497180783189833164e-04
1762890116.162746906,1.192985211830235949e-18,-3.136123357187102221e-18,1.497177145211026073e-04
1762890116.182689190,1.194319247363130845e-18,-3.140072317431430375e-18,1.497178018325939775e-04
1762890116.202770472,1.195870521204397479e-18,-3.144663583421405956e-18,1.497179182479158044e-04
1762890116.222751856,1.197343212887471575e-18,-3.149022825249560411e-18,1.497180201113224030e-04
1762890116.242855310,1.198722329763750611e-18,-3.153104754777356465e-18,1.497181365266442299e-04
1762890116.262833118,1.200003839327748389e-18,-3.156898618656830926e-18,1.497182092862203717e-04
1762890116.282779455,1.201198908517734376e-18,-3.160436676931873364e-18,1.497182965977117419e-04
1762890116.302687168,1.229888013702911035e-18,-3.245362690037233300e-18,1.497213088441640139e-04
1762890116.322747231,1.192199390248310573e-18,-3.133795877738531140e-18,1.497175835538655519e-04
1762890116.342804670,1.191220008403047788e-18,-3.130896609691532778e-18,1.497174525866284966e-04
1762890116.362650156,1.192624044095279983e-18,-3.135053399064764880e-18,1.497175544500350952e-04
1762890116.382708073,1.194121344401577533e-18,-3.139486673557742832e-18,1.497176708653569221e-04
1762890116.402661562,1.195557846932852434e-18,-3.143739622677184224e-18,1.497177581768482924e-04
1762890116.423213482,1.196924866292672882e-18,-3.147786810619253050e-18,1.497178745921701193e-04
1762890116.442667723,1.198217542794940126e-18,-3.151613141337770218e-18,1.497179473517462611e-04
1762890116.462699652,1.199438254583915256e-18,-3.155226266253401842e-18,1.497180637670680881e-04
1762890116.482774734,1.200582245371076094e-18,-3.158612330090887661e-18,1.497181365266442299e-04
1762890116.502921104,1.201657993757701306e-18,-3.161796975449216818e-18,1.497182092862203717e-04
1762890116.522926807,1.202659502684349884e-18,-3.164761383969453731e-18,1.497182965977117419e-04
1762890116.542725801,2.284276011972590123e-18,-6.366600725306290651e-18,1.498343626735731959e-04
1762890116.563211679,2.286057552216876206e-18,-6.371875242482235031e-18,1.498345227446407080e-04
1762890116.582799673,2.287706123177694390e-18,-6.376755608096297895e-18,1.498346100561320782e-04
1762890116.602833509,2.289225033577494888e-18,-6.381250507544911047e-18,1.498347555752843618e-04
1762890116.624233246,1.206672362630997760e-18,-3.176640317951174623e-18,1.497185876360163093e-04
1762890116.641825199,2.321777279018447324e-18,-6.477612913004276006e-18,1.498382771387696266e-04
1762890116.662777901,2.311920181248959170e-18,-6.448432876125549125e-18,1.498376514064148068e-04
1762890116.683028698,2.270399436811553669e-18,-6.325521281725682190e-18,1.498334604548290372e-04
1762890116.702773094,2.269967234941494712e-18,-6.324242046908368933e-18,1.498333731433376670e-04
1762890116.723245144,2.272165053829048107e-18,-6.330748236016404772e-18,1.498335186624899507e-04
1762890116.743186712,2.274433803454127923e-18,-6.337465356180641633e-18,1.498337369412183762e-04
1762890116.761723518,7.166143269039966857e-19,-1.725953190134637049e-18,1.496679324191063643e-04
1762890116.781913280,6.785689818102327309e-19,-1.613329964796128103e-18,1.496641634730622172e-04
1762890116.801763058,6.766634161728519779e-19,-1.607688903211246162e-18,1.496639742981642485e-04
1762890116.821728706,6.771393035190113916e-19,-1.609097695192000537e-18,1.496640034019947052e-04
1762890116.841706753,6.777447480286119233e-19,-1.610889678591520102e-18,1.496640616096556187e-04
1762890116.861602306,6.783297715168400522e-19,-1.612621794794206142e-18,1.496640907134860754e-04
1762890116.881585598,6.788842410211920035e-19,-1.614262714334358211e-18,1.496641489211469889e-04
1762890116.901664734,6.794035553495104512e-19,-1.615800236297941151e-18,1.496641780249774456e-04
1762890116.921875954,6.797847305155325433e-19,-1.616928510653463481e-18,1.496641780249774456e-04
1762890116.941803455,6.801078996410993543e-19,-1.617885041634304488e-18,1.496641489211469889e-04
1762890116.961720467,6.804285355260402216e-19,-1.618834334784785657e-18,1.496641489211469889e-04
1762890116.982203722,6.807438464357877789e-19,-1.619767601310898610e-18,1.496641489211469889e-04
1762890117.002853155,7.190598863850097121e-19,-1.733192157867818302e-18,1.496679760748520494e-04
1762890117.021929264,7.183698109589873487e-19,-1.731149228549965462e-18,1.496679469710215926e-04
1762890117.042281866,1.197300613085925095e-18,-3.148896887001299213e-18,1.497177727287635207e-04
1762890117.061788321,6.756687314862569621e-19,-1.604743933435404245e-18,1.496637414675205946e-04
1762890117.081840992,1.194179867429915659e-18,-3.139657693149388170e-18,1.497174525866284966e-04
1762890117.101683855,1.195426738805762779e-18,-3.143348779837752918e-18,1.497175690019503236e-04
1762890117.121778727,1.196650449124458415e-18,-3.146971210535275765e-18,1.497176854172721505e-04
1762890117.141799688,1.197823701425788315e-18,-3.150444955517692204e-18,1.497177872806787491e-04
1762890117.161681890,1.198944324360644530e-18,-3.153762570159489260e-18,1.497179036960005760e-04
1762890117.181586266,1.200006941255045463e-18,-3.156908544824181563e-18,1.497179910074919462e-04
1762890117.201979399,1.201009173964730025e-18,-3.159874607705643582e-18,1.497180928708985448e-04
1762890117.221797228,1.201954744802454705e-18,-3.162673786898523027e-18,1.497181801823899150e-04
1762890117.242768764,1.216985443713155771e-18,-3.207168245638056662e-18,1.497197808930650353e-04
1762890117.262773275,1.272724595699735264e-18,-3.372169271146459305e-18,1.497255580034106970e-04
1762890117.283185005,1.210450303283680575e-18,-3.187822145471666451e-18,1.497193152317777276e-04
1762890117.301776409,1.261208277019042305e-18,-3.338077228995239407e-18,1.497246557846665382e-04
1762890117.321979284,1.186398062419746482e-18,-3.116621540270398903e-18,1.497171469964087009e-04
1762890117.341726780,1.183375441063901150e-18,-3.107674754765025355e-18,1.497168414061889052e-04
1762890117.361808062,1.185077365174229005e-18,-3.112712491490626432e-18,1.497170014772564173e-04
1762890117.381824255,1.186798521233798717e-18,-3.117807303678493668e-18,1.497170742368325591e-04
1762890117.402599096,1.262125723715940182e-18,-3.340793896922016688e-18,1.497246703365817666e-04
1762890117.422818422,1.188471080432380939e-18,-3.122759220415542368e-18,1.497171615483239293e-04
1762890117.442893982,1.185363776461325490e-18,-3.113561178799105839e-18,1.497167831985279918e-04
1762890117.462789774,1.186914429917132710e-18,-3.118151204018162589e-18,1.497169141657650471e-04
1762890117.482678652,1.188720682182218815e-18,-3.123498513088011636e-18,1.497170305810868740e-04
1762890117.501744747,1.264350632768554688e-18,-3.347380736139776448e-18,1.497247139923274517e-04
1762890117.522344351,1.190664246428988723e-18,-3.129251347453164806e-18,1.497172925155609846e-04
1762890117.542332649,2.251566809010405750e-18,-6.269771789981445784e-18,1.498314959462732077e-04
1762890117.562253714,2.254795501736353355e-18,-6.279328621188577189e-18,1.498318015364930034e-04
1762890117.582139015,2.258513264999472938e-18,-6.290334259238595222e-18,1.498321071267127991e-04
1762890117.602246761,2.262099713340349728e-18,-6.300952363171632162e-18,1.498323545092716813e-04
1762890117.622529268,2.265507077078608787e-18,-6.311039417151410058e-18,1.498326455475762486e-04
1762890117.641947269,2.268733495057871871e-18,-6.320590044503947316e-18,1.498329656897112727e-04
1762890117.661845684,2.271775038170229354e-18,-6.329593905471587022e-18,1.498331985203549266e-04
1762890117.681723356,2.274634601547825171e-18,-6.338058444679842154e-18,1.498334313509985805e-04
1762890117.701636314,2.277312391985812459e-18,-6.345983662128712712e-18,1.498335914220660925e-04
1762890117.721666098,2.279811718206641433e-18,-6.353383206298305821e-18,1.498338242527097464e-04
1762890117.741719246,2.282137129703681132e-18,-6.360266176175359565e-18,1.498339843237772584e-04
1762890117.761889458,2.284290280838156663e-18,-6.366641257156305749e-18,1.498342026025056839e-04
1762890117.781736612,2.286282131753184353e-18,-6.372537814152890007e-18,1.498343626735731959e-04
1762890117.801731110,2.288119299893664628e-18,-6.377975285909507334e-18,1.498344499850645661e-04
1762890117.822830200,2.450577365403926125e-18,-6.858890235832018370e-18,1.498518831795081496e-04
1762890117.841752291,7.647553596751820588e-19,-1.868461830619227471e-18,1.496725890319794416e-04
1762890117.861696720,1.273414050740298213e-18,-3.374210752898240177e-18,1.497246848884969950e-04
1762890117.881792784,1.218953926775878838e-18,-3.212995733053492742e-18,1.497192715760320425e-04
1762890117.901699781,1.195568393485662485e-18,-3.143769194384082994e-18,1.497169869253411889e-04
1762890117.921769857,1.194946146869869470e-18,-3.141927890340539955e-18,1.497168996138498187e-04
1762890117.941761255,1.195854701375182402e-18,-3.144616434126490433e-18,1.497169723734259605e-04
1762890117.963080406,1.284500855887923012e-18,-3.407031004857659794e-18,1.497260673204436898e-04
1762890117.982711315,1.204523967785044409e-18,-3.170280746606713808e-18,1.497182092862203717e-04
1762890118.002795219,1.180927193245897326e-18,-3.100429066189367109e-18,1.497159682912752032e-04
1762890118.022741556,1.181385347907675135e-18,-3.101785642393954075e-18,1.497160556027665734e-04
1762890118.041738987,1.256768385081163929e-18,-3.324936637784222010e-18,1.497237535659223795e-04
1762890118.061679840,1.380532492499843329e-18,-3.691307131997993124e-18,1.497359771747142076e-04
1762890118.083298445,1.260370756648832365e-18,-3.335600857036408781e-18,1.497239718446508050e-04
1762890118.103134155,1.988452650276169665e-18,-5.490894802888758437e-18,1.498016790719702840e-04
1762890118.123193979,1.417352266118533404e-18,-3.800303480543186751e-18,1.497395714977756143e-04
1762890118.142859459,1.377903298922843530e-18,-3.683525430385400516e-18,1.497355842730030417e-04
1762890118.163187981,1.177487672861325268e-18,-3.090248127210064445e-18,1.497156481491401792e-04
1762890118.183727503,2.345601114635740212e-18,-6.548139572801465975e-18,1.498392084613442421e-04
1762890118.203111410,4.773537305903171140e-19,-1.017686097888277820e-18,1.496431941632181406e-04
1762890118.222847462,1.171040730564663540e-18,-3.071163002526934714e-18,1.497143966844305396e-04
1762890118.243206978,1.177857112402406764e-18,-3.091340832799246994e-18,1.497152261435985565e-04
1762890118.262795210,1.180683381760347322e-18,-3.099707557900067731e-18,1.497156627010554075e-04
1762890118.282783747,1.077030413177093115e-18,-2.792870493142656848e-18,1.497052289778366685e-04
1762890118.302879572,6.812246968656225108e-19,-1.621191696132985216e-18,1.496645563747733831e-04
1762890118.322725058,6.571742654592783774e-19,-1.549996674400852401e-18,1.496623590355738997e-04
1762890118.342678070,7.552730781207569952e-19,-1.840392283712853030e-18,1.496721379226073623e-04
1762890118.362702847,6.629623066992533349e-19,-1.567130273223816402e-18,1.496629702160134912e-04
1762890118.382731915,1.049433186400486453e-18,-2.711174620329316484e-18,1.497030025348067284e-04
1762890118.401669264,1.147811224217490002e-18,-3.002396789868410726e-18,1.497128832852467895e-04
1762890118.421836376,1.178322711689697550e-18,-3.092717881723994647e-18,1.497160119470208883e-04
1762890118.441751242,6.885054889185259758e-19,-1.642744093788207491e-18,1.496655022492632270e-04
1762890118.461893559,6.582614909769027632e-19,-1.553214820573989955e-18,1.496626791777089238e-04
1762890118.481739998,6.584906717053682364e-19,-1.553893315471436576e-18,1.496627810411155224e-04
1762890118.501738310,1.127023244845843294e-18,-2.940859928968447061e-18,1.497112534707412124e-04
1762890118.522173405,1.195899058935530558e-18,-3.144747749048733226e-18,1.497181365266442299e-04
1762890118.542428017,1.182712765995669606e-18,-3.105714129918121541e-18,1.497168123023584485e-04
1762890118.562317133,1.184264453427242517e-18,-3.110306843474169089e-18,1.497168996138498187e-04
1762890118.582718611,1.080154984543435608e-18,-2.802118579186152836e-18,1.497061894042417407e-04
1762890118.602973938,1.190787082749952847e-18,-3.129615100127535000e-18,1.497174816904589534e-04
1762890118.622703075,1.180550826067185699e-18,-3.099313199543033075e-18,1.497165212640538812e-04
1762890118.642804623,1.182404537819917034e-18,-3.104800302136403584e-18,1.497167249908670783e-04
1762890118.662745237,1.078608156797961446e-18,-2.797539100519906136e-18,1.497061020927503705e-04
1762890118.682755470,1.175218716441092313e-18,-3.083529145889449339e-18,1.497158809797838330e-04
1762890118.702681065,1.184033153048457376e-18,-3.109622144722128321e-18,1.497167686466127634e-04
1762890118.722677469,1.421145716407701589e-18,-3.811530802997368996e-18,1.497416378697380424e-04
1762890118.743273735,1.173511829247089141e-18,-3.078476933503128584e-18,1.497165794717147946e-04
1762890118.763251543,1.150711836432983762e-18,-3.010983751807323706e-18,1.497133052907884121e-04
1762890118.782711983,6.889606450505832793e-19,-1.644091674403632942e-18,1.496655313530936837e-04
1762890118.801732540,1.176150638798709868e-18,-3.086288413617773101e-18,1.497170160291716456e-04
1762890118.821966171,1.157823211556678711e-18,-3.032034257625879431e-18,1.497153280070051551e-04
1762890118.841779470,1.353198102362875391e-18,-3.610389429345912021e-18,1.497350604040548205e-04
1762890118.861714363,1.973792321484739217e-18,-5.447494704099632457e-18,1.498024939792230725e-04
1762890118.882753849,2.260541098271146685e-18,-6.296338349714811374e-18,1.498327910667285323e-04
1762890118.902670622,1.417430951674302511e-18,-3.800534677524395322e-18,1.497413759352639318e-04
1762890118.922644615,1.362382495499204795e-18,-3.637577615309611211e-18,1.497357006883248687e-04
1762890118.942984343,1.962135692292641951e-18,-5.412988037666370355e-18,1.498010824434459209e-04
1762890118.962692738,1.199929599867771755e-18,-3.156679208999351236e-18,1.497190532973036170e-04
1762890118.982672215,1.953969558490365324e-18,-5.388814511445120674e-18,1.498003402957692742e-04
1762890119.001692057,2.249372919230761982e-18,-6.263278422172904517e-18,1.498314813943579793e-04
1762890119.022652149,2.261356491559970832e-18,-6.298752476332547385e-18,1.498330821050330997e-04
1762890119.042823315,2.225766838909723678e-18,-6.193399031205037292e-18,1.498294732300564647e-04
1762890119.062840700,2.229078663287232863e-18,-6.203202775825015776e-18,1.498298661317676306e-04
1762890119.082878828,2.234690049767639464e-18,-6.219812562525080571e-18,1.498304627602919936e-04
1762890119.102790117,2.240160195158452636e-18,-6.236005863786724918e-18,1.498309429734945297e-04
1762890119.122753382,2.245328006035377677e-18,-6.251304155625586888e-18,1.498314086347818375e-04
1762890119.142759800,2.250186451363207885e-18,-6.265685104165127551e-18,1.498318742960691452e-04
1762890119.161716938,6.731724554939367783e-19,-1.597354315433161772e-18,1.496636832598596811e-04
1762890119.184150219,7.185704539563197425e-19,-1.731742834037048828e-18,1.496682816650718451e-04
1762890119.201980114,1.199002950786559226e-18,-3.153935244112359705e-18,1.497185876360163093e-04
1762890119.223644018,6.671858909069490942e-19,-1.579632901387402277e-18,1.496632175985723734e-04
1762890119.241642237,1.177360804034874948e-18,-3.089869485284668296e-18,1.497164048487320542e-04
1762890119.261740923,1.179891149528674659e-18,-3.097360432911948515e-18,1.497165794717147946e-04
1762890119.281801701,1.182328954191445001e-18,-3.104577170166167405e-18,1.497167540946975350e-04
1762890119.301976204,1.184648161833890552e-18,-3.111442355660051258e-18,1.497169141657650471e-04
1762890119.321720839,1.186850323419659850e-18,-3.117961159272428531e-18,1.497170742368325591e-04
1762890119.341700315,1.188933267599644943e-18,-3.124127170353551938e-18,1.497171906521543860e-04
1762890119.361697674,1.264884060866074822e-18,-3.348959203543680763e-18,1.497249322710558772e-04
1762890119.381792784,1.291000220755905288e-18,-3.426269778339571250e-18,1.497279008617624640e-04
1762890119.401825905,1.176367463516775331e-18,-3.086929478592501698e-18,1.497165212640538812e-04
1762890119.421711206,1.985241741933391950e-18,-5.481387188928073937e-18,1.498028577771037817e-04
1762890119.441648245,1.419318991422454796e-18,-3.806123936923416130e-18,1.497407502029091120e-04
1762890119.462638140,2.153763661719126555e-18,-5.980251958142985673e-18,1.498202618677169085e-04
1762890119.482865572,2.249531117522912749e-18,-6.263744952038384424e-18,1.498302153777331114e-04
1762890119.502697945,1.226948937588933558e-18,-3.236662611149553694e-18,1.497212651884183288e-04
1762890119.522727966,1.971591193874735611e-18,-5.440976107282408323e-18,1.498013880336657166e-04
1762890119.542752266,2.017849201680232301e-18,-5.577909653835967906e-18,1.498059573350474238e-04
1762890119.562763691,2.236850645527627973e-18,-6.226205014298890369e-18,1.498289930168539286e-04
1762890119.582299709,1.237135046447064679e-18,-3.266813964862570967e-18,1.497224729973822832e-04
1762890119.601934671,1.957165370786963946e-18,-5.398271253798133163e-18,1.498004130553454161e-04
1762890119.621968746,1.398377776842332640e-18,-3.744130058735016918e-18,1.497391494922339916e-04
1762890119.641926527,1.361467426946568009e-18,-3.634867358032581216e-18,1.497354533057659864e-04
1762890119.662800550,2.203165369442631027e-18,-6.126489632226541713e-18,1.498266501585021615e-04
1762890119.682747602,2.223471619505042165e-18,-6.186601674521382787e-18,1.498290512245148420e-04
1762890119.701782227,1.248974068964229888e-18,-3.301861400621289611e-18,1.497235643910244107e-04
1762890119.722277880,1.177665103102717893e-18,-3.090770491766891682e-18,1.497164485044777393e-04
1762890119.741816998,1.175794434147429221e-18,-3.085232724361002300e-18,1.497163466410711408e-04
1762890119.763327599,6.682043053373667250e-19,-1.582647664527428355e-18,1.496633776696398854e-04
1762890119.782849073,6.766266583343816527e-19,-1.607579922165542300e-18,1.496642507845535874e-04
1762890119.802704811,6.682987590235626238e-19,-1.582927458369624417e-18,1.496634358773007989e-04
1762890119.823148489,6.690626603192553449e-19,-1.585188659971614687e-18,1.496634940849617124e-04
1762890119.842116356,1.196550050077609791e-18,-3.146674459490522366e-18,1.497186458436772227e-04
1762890119.862204552,1.179983897154857168e-18,-3.097635470465622397e-18,1.497169723734259605e-04
1762890119.882196903,1.181371182439685164e-18,-3.101742629002101317e-18,1.497170596849173307e-04
1762890119.901683331,1.183809710885491490e-18,-3.108960813822392175e-18,1.497172343079000711e-04
1762890119.921715260,1.186175964425275994e-18,-3.115965379249491213e-18,1.497173943789675832e-04
1762890119.942076206,1.188397254562710581e-18,-3.122540431143522092e-18,1.497175398981198668e-04
1762890119.961722612,1.190471513346263867e-18,-3.128681213215962631e-18,1.497176854172721505e-04
1762890119.981770992,1.192401015522620373e-18,-3.134392688550488149e-18,1.497178309364244342e-04
1762890120.002862692,1.194195377066401029e-18,-3.139704635649150555e-18,1.497179473517462611e-04
1762890120.022716045,1.209790626745169536e-18,-3.185870619611500720e-18,1.497195480624213815e-04
1762890120.042598724,1.265949262699889983e-18,-3.352114277195111149e-18,1.497253397246822715e-04
1762890120.062786579,1.290448698082485557e-18,-3.424638164581310403e-18,1.497280754847452044e-04
1762890120.082844973,1.175596220993146201e-18,-3.084648114463080447e-18,1.497165940236300230e-04
1762890120.102756977,2.195065410089358641e-18,-6.102517938074754971e-18,1.498249330325052142e-04
1762890120.121775627,2.425953025748835044e-18,-6.785998253073233019e-18,1.498492056271061301e-04
1762890120.141825438,2.270688950025947229e-18,-6.326379895201512233e-18,1.498326892033219337e-04
1762890120.162885189,2.422087817541527884e-18,-6.774557104430705816e-18,1.498490019002929330e-04
1762890120.182959318,2.262736022026556144e-18,-6.302837921377946789e-18,1.498321653343737125e-04
1762890120.202706814,2.255641087117535687e-18,-6.281834978444612863e-18,1.498313940828666091e-04
1762890120.222763777,2.258363545308600840e-18,-6.289893785562410735e-18,1.498316560173407197e-04
1762890120.242746592,2.261599062274602008e-18,-6.299471709875162243e-18,1.498319616075605154e-04
1762890120.262739897,2.264724564219133623e-18,-6.308724138616874134e-18,1.498322671977803111e-04
1762890120.282746315,2.267694556208505268e-18,-6.317516654938006541e-18,1.498325727880001068e-04
1762890120.302229881,1.196202944413067227e-18,-3.145648962326109750e-18,1.497175690019503236e-04
1762890120.321753263,1.211479419363273111e-18,-3.190871546799843188e-18,1.497191551607102156e-04
1762890120.341794252,1.193431682565861446e-18,-3.137445812191421374e-18,1.497174089308828115e-04
1762890120.361856222,1.193685627013915225e-18,-3.138197512573078938e-18,1.497174380347132683e-04
1762890120.382359028,6.766171974561255775e-19,-1.607552832000481189e-18,1.496638433309271932e-04
1762890120.403244019,6.773126495561295355e-19,-1.609611477749972536e-18,1.496639160905033350e-04
1762890120.422211170,1.285529868569938978e-18,-3.410077097463386319e-18,1.497268385719507933e-04
1762890120.441910982,1.192056598195068606e-18,-3.133375049601894787e-18,1.497174816904589534e-04
1762890120.462307215,1.187633663459747568e-18,-3.120281607685792912e-18,1.497170742368325591e-04
1762890120.481801271,1.189067477654031672e-18,-3.124525457818496220e-18,1.497172197559848428e-04
1762890120.502194643,1.190806211301618136e-18,-3.129671555204341744e-18,1.497173798270523548e-04
1762890120.523224115,1.192478563705047220e-18,-3.134621817580165338e-18,1.497175253462046385e-04
1762890120.542968035,1.207962764386580483e-18,-3.180458170068413122e-18,1.497191551607102156e-04
1762890120.562798500,1.190219740247318039e-18,-3.127934682713133524e-18,1.497173943789675832e-04
1762890120.582674026,1.190705708857192943e-18,-3.129373149798363239e-18,1.497174234827980399e-04
1762890120.602777958,1.192317573678329087e-18,-3.134144741161875379e-18,1.497175690019503236e-04
1762890120.621839046,1.268033757843523613e-18,-3.358282356227765938e-18,1.497253106208518147e-04
1762890120.641779661,1.193914135658132999e-18,-3.138870837591697103e-18,1.497177872806787491e-04
1762890120.661778450,1.190649977563422183e-18,-3.129208540856465187e-18,1.497174816904589534e-04
1762890120.682795763,1.192024544946332177e-18,-3.133277649084766668e-18,1.497175690019503236e-04
1762890120.702749729,1.207514432494576742e-18,-3.179131579161031204e-18,1.497191988164559007e-04
1762890120.722704887,1.263616406577337307e-18,-3.345207112285140229e-18,1.497250341344624758e-04
1762890120.742192507,1.188854788839028975e-18,-3.123895146191730813e-18,1.497174671385437250e-04
1762890120.761787176,1.185535623233583382e-18,-3.114069481285519674e-18,1.497170305810868740e-04
1762890120.782359600,1.186946689961022278e-18,-3.118246536583759326e-18,1.497170451330021024e-04
1762890120.802731991,1.202445986688734634e-18,-3.164128384005697526e-18,1.497186021879315376e-04
1762890120.823177814,1.184935090108869884e-18,-3.112293110920062047e-18,1.497168268542736769e-04
1762890120.842182398,2.405018532011189881e-18,-6.724026295171066462e-18,1.498483179602771997e-04
1762890120.861778498,2.248150346285408607e-18,-6.259659506992985021e-18,1.498314668424427509e-04
1762890120.882826328,1.256293583409558491e-18,-3.323529810357422448e-18,1.497241319157183170e-04
1762890120.903408527,1.183313919505842519e-18,-3.107492361439957413e-18,1.497167249908670783e-04
1762890120.921776772,1.142960947298208755e-18,-2.988037968410255857e-18,1.497117191320285201e-04
1762890120.941744089,1.196262501417171045e-18,-3.145823497435358439e-18,1.497168268542736769e-04
1762890120.961803198,1.200472023554453403e-18,-3.158285180158622939e-18,1.497171615483239293e-04
1762890120.981739759,6.981415226693093334e-19,-1.671269210416945512e-18,1.496658660471439362e-04
1762890121.001782417,6.662715461373482912e-19,-1.576926676615858477e-18,1.496628829045221210e-04
1762890121.021665573,6.656505402924741057e-19,-1.575088164306882804e-18,1.496628974564373493e-04
1762890121.041702032,1.165842934390533452e-18,-3.055774754796457602e-18,1.497138437116518617e-04
1762890121.062688351,1.167248107456107908e-18,-3.059935266482446193e-18,1.497138873673975468e-04
1762890121.081905365,1.087489078047060459e-18,-2.823830829494750983e-18,1.497060293331742287e-04
1762890121.101766348,1.175320976644319181e-18,-3.083834375535481406e-18,1.497149787610396743e-04
1762890121.121818066,1.183307819048824940e-18,-3.107476851803472043e-18,1.497158955316990614e-04
1762890121.141759872,1.185870734779243927e-18,-3.115063131996348999e-18,1.497162593295797706e-04
1762890121.161647558,1.187986972978884279e-18,-3.121327577570366215e-18,1.497165358159691095e-04
1762890121.182763815,1.189975308376308620e-18,-3.127213588014140422e-18,1.497167977504432201e-04
1762890121.201851606,1.219272598106864892e-18,-3.213940373313028300e-18,1.497199700679630041e-04
1762890121.221739769,1.182824228583211126e-18,-3.106044174982530200e-18,1.497164776083081961e-04
1762890121.241783381,1.182667064266826051e-18,-3.105578885887969121e-18,1.497164921602234244e-04
1762890121.261697054,1.184820835786760997e-18,-3.111955000844680997e-18,1.497167104389518499e-04
1762890121.281667948,1.187024134745872555e-18,-3.118476906384355344e-18,1.497169432695955038e-04
1762890121.301829100,1.189119176442316236e-18,-3.124678899822124807e-18,1.497171178925782442e-04
1762890121.321719408,1.191093553166903744e-18,-3.130523137644965086e-18,1.497173216193914413e-04
1762890121.342074871,1.192949849859049307e-18,-3.136018718839614263e-18,1.497174671385437250e-04
1762890121.362656593,1.194682379652041624e-18,-3.141147031842289897e-18,1.497176126576960087e-04
1762890121.381747484,2.457229138299771297e-18,-6.878583338265374577e-18,1.498535566497594118e-04
1762890121.401906013,1.190883345893738706e-18,-3.129901097824325209e-18,1.497174525866284966e-04
1762890121.421716452,2.249598739537988959e-18,-6.263947197698153640e-18,1.498316414654254913e-04
1762890121.442218304,2.252957092824954251e-18,-6.273887840709509650e-18,1.498319470556452870e-04
1762890121.462836266,1.264164827323459964e-18,-3.346830867827581823e-18,1.497249031672254205e-04
1762890121.482706785,1.190645945057935987e-18,-3.129197580713348859e-18,1.497174816904589534e-04
1762890121.502740145,1.274824290287124556e-18,-3.378384913064335893e-18,1.497261982876807451e-04
1762890121.522869587,2.241973788651475149e-18,-6.241374679552500344e-18,1.498315396020188928e-04
1762890121.543232679,2.234476843964753921e-18,-6.219182250898315164e-18,1.498307829024270177e-04
1762890121.563166618,2.239051979932784717e-18,-6.232726919838564716e-18,1.498312485637143254e-04
1762890121.582754850,2.244147205710958230e-18,-6.247811385489081729e-18,1.498317142250016332e-04
1762890121.602760077,6.717354876735673155e-19,-1.593101676506450088e-18,1.496636687079444528e-04
1762890121.621763945,6.727759774865824552e-19,-1.596181269926985010e-18,1.496637269156053662e-04
1762890121.641788483,6.807759513833124933e-19,-1.619863244069225054e-18,1.496644981671124697e-04
1762890121.661844492,6.719611528844294384e-19,-1.593769418055933520e-18,1.496635959483683109e-04
1762890121.681725740,6.723608362166574045e-19,-1.594952493127037487e-18,1.496635959483683109e-04
1762890121.702659130,6.733250703169528119e-19,-1.597806990023381417e-18,1.496636541560292244e-04
1762890121.722699642,6.813473263914334971e-19,-1.621555035217049134e-18,1.496644690632820129e-04
1762890121.742801189,6.725342339525638329e-19,-1.595466172287432918e-18,1.496635813964530826e-04
1762890121.762730122,6.729361403326880352e-19,-1.596655864803437310e-18,1.496636105002835393e-04
1762890121.781670570,6.738986166741817675e-19,-1.599505088423376213e-18,1.496636832598596811e-04
1762890121.802698135,7.192026784382516785e-19,-1.733615674341445452e-18,1.496682525612413883e-04
1762890121.822757006,6.723074830671477342e-19,-1.594795122015499274e-18,1.496635959483683109e-04
1762890121.842920065,1.172174898582050310e-18,-3.074519908247828038e-18,1.497144839959219098e-04
1762890121.862647533,1.206023232645296771e-18,-3.174719397773673354e-18,1.497176854172721505e-04
1762890121.882719040,1.099769608216175846e-18,-2.860184176645537719e-18,1.497068733442574739e-04
1762890121.902788639,7.505995540668664034e-07,-6.650833483945461921e-07,1.526822452433407307e-04
1762890121.922671795,6.167710125737357885e-06,-4.818896286451490596e-06,1.728405914036557078e-04
1762890121.943858862,1.230027555720880628e-04,-3.207299596397206187e-05,2.347615809412673116e-04
1762890121.961975574,5.314001464284956455e-04,-2.069496840704232454e-04,5.111051723361015320e-04
1762890121.981681108,1.344773452728986740e-03,-5.001235986128449440e-04,1.118091866374015808e-03
1762890122.001742363,2.699854550883173943e-03,-8.981848950497806072e-04,2.047937130555510521e-03
1762890122.021789074,4.279579967260360718e-03,-1.429786323569715023e-03,3.101589623838663101e-03
1762890122.041802645,6.498409900814294815e-03,-2.511675935238599777e-03,4.659601952880620956e-03
1762890122.062726021,9.064564481377601624e-03,-3.262658836320042610e-03,6.112678442150354385e-03
1762890122.082735062,1.200822927057743073e-02,-4.356243181973695755e-03,7.766513619571924210e-03
1762890122.102823734,1.581751182675361633e-02,-6.206740159541368484e-03,9.935954585671424866e-03
1762890122.124056339,1.914695836603641510e-02,-6.970835383981466293e-03,1.130441483110189438e-02
1762890122.141754866,2.365917712450027466e-02,-9.007645770907402039e-03,1.338839437812566757e-02
1762890122.161827326,2.626460418105125427e-02,-9.336840361356735229e-03,1.420058310031890869e-02
1762890122.181660891,3.224150091409683228e-02,-1.163588371127843857e-02,1.637514494359493256e-02
1762890122.201726913,3.660361841320991516e-02,-1.274835504591464996e-02,1.766299456357955933e-02
1762890122.221705675,4.094657301902770996e-02,-1.368475146591663361e-02,1.885603368282318115e-02
1762890122.241698265,4.518940672278404236e-02,-1.439818460494279861e-02,1.999772712588310242e-02
1762890122.261744976,4.926089942455291748e-02,-1.485204417258501053e-02,2.112722210586071014e-02
1762890122.281886816,5.309690907597541809e-02,-1.501983497291803360e-02,2.229025401175022125e-02
1762890122.301727772,5.664261430501937866e-02,-1.488659717142581940e-02,2.353194542229175568e-02
1762890122.322685957,5.995471775531768799e-02,-1.447704341262578964e-02,2.494887448847293854e-02
1762890122.342799664,6.268576532602310181e-02,-1.369551941752433777e-02,2.638219110667705536e-02
1762890122.362765789,6.449436396360397339e-02,-1.261487882584333420e-02,2.730355970561504364e-02
1762890122.382750988,6.674923002719879150e-02,-1.144244987517595291e-02,2.896583639085292816e-02
1762890122.402742386,6.862572580575942993e-02,-1.002808008342981339e-02,3.072639927268028259e-02
1762890122.422779083,7.012224942445755005e-02,-8.399318903684616089e-03,3.255175799131393433e-02
1762890122.442737341,7.125083357095718384e-02,-6.591681391000747681e-03,3.441673517227172852e-02
1762890122.462595940,7.203052937984466553e-02,-4.642197862267494202e-03,3.629472851753234863e-02
1762890122.481839895,7.247234135866165161e-02,-2.576121594756841660e-03,3.816778957843780518e-02
1762890122.501741886,7.242022454738616943e-02,-8.323977235704660416e-04,3.977057337760925293e-02
1762890122.521741867,7.233107089996337891e-02,1.319116330705583096e-03,4.150138795375823975e-02
1762890122.542757034,7.217733561992645264e-02,3.847979009151458740e-03,4.333417117595672607e-02
1762890122.562704563,7.167670130729675293e-02,5.946498364210128784e-03,4.487779363989830017e-02
1762890122.581712484,7.078852504491806030e-02,7.657647132873535156e-03,4.623304679989814758e-02
1762890122.601974487,7.006607949733734131e-02,9.599300101399421692e-03,4.763390496373176575e-02
1762890122.622970819,6.939213722944259644e-02,1.178927067667245865e-02,4.919295385479927063e-02
1762890122.642781734,6.756991893053054810e-02,1.335391681641340256e-02,5.080288276076316833e-02
1762890122.662779808,6.744575500488281250e-02,1.478220522403717041e-02,5.187966302037239075e-02
1762890122.682756662,6.651861965656280518e-02,1.624376513063907623e-02,5.342351272702217102e-02
1762890122.701708078,6.521314382553100586e-02,1.755289174616336823e-02,5.531987920403480530e-02
1762890122.721683502,6.519101560115814209e-02,1.870970986783504486e-02,5.662874504923820496e-02
1762890122.742765188,6.405743211507797241e-02,1.969159767031669617e-02,5.886345356702804565e-02
1762890122.762769222,6.359162181615829468e-02,2.058866992592811584e-02,6.088559329509735107e-02
1762890122.782685518,6.387805193662643433e-02,2.153530158102512360e-02,6.242626905441284180e-02
1762890122.802710772,6.332606822252273560e-02,2.218071185052394867e-02,6.505784392356872559e-02
1762890122.822720766,6.355188786983489990e-02,2.299008518457412720e-02,6.703007966279983521e-02
1762890122.842671871,6.331025809049606323e-02,2.352416142821311951e-02,6.993594765663146973e-02
1762890122.862629890,6.346864998340606689e-02,2.417936921119689941e-02,7.250663638114929199e-02
1762890122.882716894,6.427752226591110229e-02,2.515299245715141296e-02,7.396567612886428833e-02
1762890122.902752638,6.406132131814956665e-02,2.556578069925308228e-02,7.776442915201187134e-02
1762890122.922649860,6.442383676767349243e-02,2.631525509059429169e-02,8.046843856573104858e-02
1762890122.942714214,6.479986757040023804e-02,2.711645513772964478e-02,8.321072906255722046e-02
1762890122.962765455,6.516778469085693359e-02,2.797759324312210083e-02,8.599230647087097168e-02
1762890122.982792377,6.550488620996475220e-02,2.890314720571041107e-02,8.881235122680664062e-02
1762890123.001615047,6.627821177244186401e-02,3.003309667110443115e-02,9.038947522640228271e-02
1762890123.022746563,6.651800870895385742e-02,3.105468302965164185e-02,9.328942745923995972e-02
1762890123.042841196,6.669306755065917969e-02,3.213981166481971741e-02,9.621753543615341187e-02
1762890123.062707186,6.677345186471939087e-02,3.327987715601921082e-02,9.922675788402557373e-02
1762890123.081643820,6.656778603792190552e-02,3.416476026177406311e-02,1.019977554678916931e-01
1762890123.101742983,6.661673635244369507e-02,3.569434210658073425e-02,1.055376902222633362e-01
1762890123.121753216,6.620624661445617676e-02,3.664204478263854980e-02,1.085025891661643982e-01
1762890123.143024445,6.599123775959014893e-02,3.820873796939849854e-02,1.123094037175178528e-01
1762890123.162749529,6.534185260534286499e-02,3.917026519775390625e-02,1.155429035425186157e-01
1762890123.182636023,6.473717838525772095e-02,4.041694477200508118e-02,1.192513182759284973e-01
1762890123.202872753,6.400569528341293335e-02,4.163381084799766541e-02,1.231276541948318481e-01
1762890123.223138332,6.316358596086502075e-02,4.280684515833854675e-02,1.271565854549407959e-01
1762890123.242780685,6.222230568528175354e-02,4.392311722040176392e-02,1.313357651233673096e-01
1762890123.262896538,6.119521334767341614e-02,4.497044906020164490e-02,1.356660276651382446e-01
1762890123.281676531,6.004318594932556152e-02,4.593465104699134827e-02,1.402429789304733276e-01
1762890123.301721334,5.892882496118545532e-02,4.681825265288352966e-02,1.447943300008773804e-01
1762890123.321907043,5.773958191275596619e-02,4.760694503784179688e-02,1.495541632175445557e-01
1762890123.341645479,5.653767660260200500e-02,4.830127954483032227e-02,1.544391065835952759e-01
1762890123.361710787,5.531591176986694336e-02,4.889489337801933289e-02,1.594925224781036377e-01
1762890123.382696629,5.404807254672050476e-02,4.937484860420227051e-02,1.648042351007461548e-01
1762890123.402653456,5.291197076439857483e-02,4.978822544217109680e-02,1.700392067432403564e-01
1762890123.422730207,5.176137015223503113e-02,5.009780824184417725e-02,1.755254715681076050e-01
1762890123.442740440,5.065472796559333801e-02,5.032203719019889832e-02,1.811652630567550659e-01
1762890123.462873220,4.960442706942558289e-02,5.046956613659858704e-02,1.869524717330932617e-01
1762890123.482803106,4.799314588308334351e-02,5.022539570927619934e-02,1.945657134056091309e-01
1762890123.502771139,4.767329245805740356e-02,5.055685341358184814e-02,1.990396529436111450e-01
1762890123.522857666,4.639583453536033630e-02,5.026565119624137878e-02,2.065905481576919556e-01
1762890123.542797565,4.562017694115638733e-02,5.018562823534011841e-02,2.130462974309921265e-01
1762890123.562705517,4.526023566722869873e-02,5.032558366656303406e-02,2.184315919876098633e-01
1762890123.582786322,4.465523362159729004e-02,5.024421960115432739e-02,2.249788343906402588e-01
1762890123.602777243,4.455055668950080872e-02,5.049455538392066956e-02,2.298693358898162842e-01
1762890123.622552156,4.400432854890823364e-02,5.038629099726676941e-02,2.367896288633346558e-01
1762890123.642732382,4.264232516288757324e-02,4.951389878988265991e-02,2.465593665838241577e-01
1762890123.662956953,4.244255647063255310e-02,4.963972792029380798e-02,2.527643740177154541e-01
1762890123.682720423,4.239362105727195740e-02,4.997456073760986328e-02,2.597166299819946289e-01
1762890123.702728033,4.168303310871124268e-02,4.963433369994163513e-02,2.675327956676483154e-01
1762890123.722805977,4.130730777978897095e-02,4.967871308326721191e-02,2.751649618148803711e-01
1762890123.742879629,4.124834388494491577e-02,5.009838193655014038e-02,2.825638353824615479e-01
1762890123.762662172,4.084767773747444153e-02,5.021145194768905640e-02,2.904595136642456055e-01
1762890123.782873869,4.009727016091346741e-02,5.002697184681892395e-02,2.988834977149963379e-01
1762890123.803053856,3.963485732674598694e-02,5.020662769675254822e-02,3.070288002490997314e-01
1762890123.822693586,3.913061693310737610e-02,5.041165649890899658e-02,3.152744472026824951e-01
1762890123.842652321,3.857973963022232056e-02,5.063634365797042847e-02,3.236097991466522217e-01
1762890123.862691402,3.797876462340354919e-02,5.087402462959289551e-02,3.320190906524658203e-01
1762890123.882830620,3.732660412788391113e-02,5.111878365278244019e-02,3.404895365238189697e-01
1762890123.902676105,3.662439063191413879e-02,5.136479064822196960e-02,3.490141928195953369e-01
1762890123.922643423,3.587480634450912476e-02,5.160510540008544922e-02,3.575894236564636230e-01
1762890123.941740751,3.589501231908798218e-02,5.221040546894073486e-02,3.623058795928955078e-01
1762890123.961828709,3.507870808243751526e-02,5.242412537336349487e-02,3.709781467914581299e-01
1762890123.981770039,3.423701971769332886e-02,5.261884257197380066e-02,3.796612918376922607e-01
1762890124.001837492,3.336362540721893311e-02,5.278222262859344482e-02,3.884234130382537842e-01
1762890124.022025108,3.247094899415969849e-02,5.291043967008590698e-02,3.972625732421875000e-01
1762890124.041781425,3.156627714633941650e-02,5.299674347043037415e-02,4.061949253082275391e-01
1762890124.061817646,3.065684810280799866e-02,5.303559452295303345e-02,4.152262508869171143e-01
1762890124.081785917,2.975120954215526581e-02,5.302326008677482605e-02,4.243579208850860596e-01
1762890124.101731300,2.879717946052551270e-02,5.281247571110725403e-02,4.326513707637786865e-01
1762890124.121629238,2.798662893474102020e-02,5.283510312438011169e-02,4.429116249084472656e-01
1762890124.141784668,2.707789465785026550e-02,5.252313613891601562e-02,4.513685107231140137e-01
1762890124.162772179,2.632279880344867706e-02,5.241218581795692444e-02,4.618998765945434570e-01
1762890124.182763100,2.550948224961757660e-02,5.201642215251922607e-02,4.703793227672576904e-01
1762890124.202725172,2.476052567362785339e-02,5.165471136569976807e-02,4.801965653896331787e-01
1762890124.222913742,2.415659837424755096e-02,5.132236704230308533e-02,4.895597398281097412e-01
1762890124.242810011,2.357407286763191223e-02,5.091913789510726929e-02,4.991841614246368408e-01
1762890124.262799978,2.305668033659458160e-02,5.048417299985885620e-02,5.088346004486083984e-01
1762890124.282824516,2.271080762147903442e-02,5.014063790440559387e-02,5.194743275642395020e-01
1762890124.301696301,2.220480144023895264e-02,4.952260106801986694e-02,5.283593535423278809e-01
1762890124.321707964,2.192563936114311218e-02,4.907891899347305298e-02,5.378106236457824707e-01
1762890124.341922522,2.168626338243484497e-02,4.860717430710792542e-02,5.474411845207214355e-01
1762890124.361688852,2.150799520313739777e-02,4.814483225345611572e-02,5.570597052574157715e-01
1762890124.381715536,2.138742804527282715e-02,4.770166426897048950e-02,5.666484832763671875e-01
1762890124.401634932,2.131815813481807709e-02,4.728504270315170288e-02,5.762082934379577637e-01
1762890124.421696424,2.126939408481121063e-02,4.686411842703819275e-02,5.859776139259338379e-01
1762890124.442732573,2.128475345671176910e-02,4.652895405888557434e-02,5.954176187515258789e-01
1762890124.462655544,2.114222943782806396e-02,4.594219848513603210e-02,6.067754626274108887e-01
1762890124.482758522,2.118870243430137634e-02,4.568629339337348938e-02,6.162520647048950195e-01
1762890124.501700640,2.121355757117271423e-02,4.544125869870185852e-02,6.259688735008239746e-01
1762890124.522647619,2.124878764152526855e-02,4.527378827333450317e-02,6.354656815528869629e-01
1762890124.542792797,2.129674889147281647e-02,4.519610852003097534e-02,6.445823907852172852e-01
1762890124.562860012,2.131351269781589508e-02,4.515239968895912170e-02,6.536996960639953613e-01
1762890124.582679033,2.129952050745487213e-02,4.515128955245018005e-02,6.627355813980102539e-01
1762890124.602653742,2.124939300119876862e-02,4.518825560808181763e-02,6.716828346252441406e-01
1762890124.622737408,2.115814574062824249e-02,4.525679349899291992e-02,6.805363297462463379e-01
1762890124.642695665,2.102202922105789185e-02,4.535000398755073547e-02,6.892904043197631836e-01
1762890124.662786961,2.109366655349731445e-02,4.567804932594299316e-02,6.959763765335083008e-01
1762890124.682791948,2.095221355557441711e-02,4.585786536335945129e-02,7.039474844932556152e-01
1762890124.702973127,2.069524675607681274e-02,4.598071798682212830e-02,7.123802304267883301e-01
1762890124.722952604,2.032358199357986450e-02,4.604751244187355042e-02,7.211817502975463867e-01
1762890124.742684364,1.967108063399791718e-02,4.593223705887794495e-02,7.313028573989868164e-01
1762890124.761677265,1.983241550624370575e-02,4.640310257673263550e-02,7.361543774604797363e-01
1762890124.781729460,1.948771625757217407e-02,4.642287641763687134e-02,7.424816489219665527e-01
1762890124.801695585,1.905955374240875244e-02,4.645869135856628418e-02,7.505260109901428223e-01
1762890124.822022915,1.848025992512702942e-02,4.636072739958763123e-02,7.592127919197082520e-01
1762890124.842888355,1.813616603612899780e-02,4.647246375679969788e-02,7.677410244941711426e-01
1762890124.861674786,1.746871322393417358e-02,4.615260660648345947e-02,7.752548456192016602e-01
1762890124.881682634,1.697142049670219421e-02,4.597640410065650940e-02,7.830989956855773926e-01
1762890124.901896715,1.650101691484451294e-02,4.576022922992706299e-02,7.907680869102478027e-01
1762890124.921625137,1.604072190821170807e-02,4.548417776823043823e-02,7.983778119087219238e-01
1762890124.941664934,1.560487691313028336e-02,4.515470936894416809e-02,8.058876395225524902e-01
1762890124.962779284,1.520141307264566422e-02,4.477566480636596680e-02,8.132884502410888672e-01
1762890124.982739687,1.483205892145633698e-02,4.434514418244361877e-02,8.205984830856323242e-01
1762890125.002784491,1.452095713466405869e-02,4.389119893312454224e-02,8.277122378349304199e-01
1762890125.022797585,1.424947753548622131e-02,4.339187219738960266e-02,8.347463607788085938e-01
1762890125.042698860,1.403944939374923706e-02,4.287727549672126770e-02,8.415916562080383301e-01
1762890125.062700510,1.389170438051223755e-02,4.235640540719032288e-02,8.482506871223449707e-01
1762890125.082861185,1.379701308906078339e-02,4.182208329439163208e-02,8.547853231430053711e-01
1762890125.102635145,1.376112271100282669e-02,4.129095375537872314e-02,8.611637353897094727e-01
1762890125.122617245,1.378261577337980270e-02,4.077218845486640930e-02,8.673893213272094727e-01
1762890125.142915010,1.382470317184925079e-02,4.020781815052032471e-02,8.737064003944396973e-01
1762890125.162687063,1.398355606943368912e-02,3.980504348874092102e-02,8.793920278549194336e-01
1762890125.182703495,1.415337249636650085e-02,3.937593847513198853e-02,8.851637840270996094e-01
1762890125.202724934,1.435806509107351303e-02,3.898480534553527832e-02,8.908078074455261230e-01
1762890125.222646713,1.459199748933315277e-02,3.864008560776710510e-02,8.963170051574707031e-01
1762890125.242779493,1.483208499848842621e-02,3.831166774034500122e-02,9.018222093582153320e-01
1762890125.262907267,1.511476095765829086e-02,3.810422495007514954e-02,9.069400429725646973e-01
1762890125.282858849,1.524876523762941360e-02,3.763191774487495422e-02,9.131374955177307129e-01
1762890125.302706242,1.546828914433717728e-02,3.741608560085296631e-02,9.184545278549194336e-01
1762890125.322881699,1.571307331323623657e-02,3.733580559492111206e-02,9.233132004737854004e-01
1762890125.342649460,1.612458936870098114e-02,3.761996701359748840e-02,9.267453551292419434e-01
1762890125.362736464,1.630410738289356232e-02,3.757630661129951477e-02,9.315226674079895020e-01
1762890125.382908583,1.650969125330448151e-02,3.765928372740745544e-02,9.357698559761047363e-01
1762890125.402728796,1.639169082045555115e-02,3.741776570677757263e-02,9.402041435241699219e-01
1762890125.422673941,1.674420759081840515e-02,3.780077770352363586e-02,9.443184733390808105e-01
1762890125.442816734,1.680055446922779083e-02,3.789634257555007935e-02,9.484301209449768066e-01
1762890125.462997675,1.694176532328128815e-02,3.810234740376472473e-02,9.509001374244689941e-01
1762890125.482766151,1.651722006499767303e-02,3.780240938067436218e-02,9.564401507377624512e-01
1762890125.502823353,1.644783839583396912e-02,3.789453580975532532e-02,9.602473378181457520e-01
1762890125.523776531,1.629649661481380463e-02,3.792808204889297485e-02,9.641069173812866211e-01
1762890125.542801619,1.666534319519996643e-02,3.843775391578674316e-02,9.661311507225036621e-01
1762890125.561567068,1.649084314703941345e-02,3.845300525426864624e-02,9.697659015655517578e-01
1762890125.581798077,1.635936461389064789e-02,3.849782422184944153e-02,9.730959534645080566e-01
1762890125.601844788,1.617537066340446472e-02,3.847785666584968567e-02,9.764419794082641602e-01
1762890125.621754885,1.595037057995796204e-02,3.839395567774772644e-02,9.797737002372741699e-01
1762890125.642753601,1.573971845209598541e-02,3.828867152333259583e-02,9.829521179199218750e-01
1762890125.661621571,1.543213520199060440e-02,3.804343193769454956e-02,9.862804412841796875e-01
1762890125.681802034,1.523338258266448975e-02,3.785861283540725708e-02,9.892575740814208984e-01
1762890125.701910257,1.506610307842493057e-02,3.765657544136047363e-02,9.921029806137084961e-01
1762890125.721674919,1.491230819374322891e-02,3.741650655865669250e-02,9.948760271072387695e-01
1762890125.742557764,1.475835032761096954e-02,3.711865842342376709e-02,9.976178407669067383e-01
1762890125.762834072,1.467413455247879028e-02,3.685010969638824463e-02,1.000176191329956055e+00
1762890125.782926083,1.459753047674894333e-02,3.653660044074058533e-02,1.002702236175537109e+00
1762890125.802765369,1.455005537718534470e-02,3.620728477835655212e-02,1.005150437355041504e+00
1762890125.822686434,1.453391835093498230e-02,3.586930036544799805e-02,1.007518529891967773e+00
1762890125.842920065,1.454901043325662613e-02,3.552870079874992371e-02,1.009806275367736816e+00
1762890125.861586809,1.428121235221624374e-02,3.479029238224029541e-02,1.012139439582824707e+00
1762890125.884692907,1.465123239904642105e-02,3.483252227306365967e-02,1.014178752899169922e+00
1762890125.902912378,1.476905401796102524e-02,3.454732522368431091e-02,1.016182184219360352e+00
1762890125.922696829,1.462749298661947250e-02,3.391690552234649658e-02,1.018173456192016602e+00
1762890125.941820621,1.473641395568847656e-02,3.358127921819686890e-02,1.020131468772888184e+00
1762890125.961796761,1.525217201560735703e-02,3.396884724497795105e-02,1.021165728569030762e+00
1762890125.981761217,1.509577315300703049e-02,3.316741064190864563e-02,1.023602128028869629e+00
1762890126.001801014,1.526757050305604935e-02,3.296886384487152100e-02,1.025271058082580566e+00
1762890126.021641254,1.543985959142446518e-02,3.279722109436988831e-02,1.026872754096984863e+00
1762890126.042741537,1.557607948780059814e-02,3.259886428713798523e-02,1.028469562530517578e+00
1762890126.064687252,1.601286977529525757e-02,3.282861784100532532e-02,1.029898881912231445e+00
1762890126.082926989,1.623881049454212189e-02,3.292787447571754456e-02,1.030772328376770020e+00
1762890126.102777719,1.639216765761375427e-02,3.285908699035644531e-02,1.032133698463439941e+00
1762890126.122667551,1.652264595031738281e-02,3.279701247811317444e-02,1.033452987670898438e+00
1762890126.142820120,1.663641817867755890e-02,3.275127708911895752e-02,1.034717917442321777e+00
1762890126.162551165,1.673204079270362854e-02,3.271811828017234802e-02,1.035929441452026367e+00
1762890126.181736708,1.679919660091400146e-02,3.268205374479293823e-02,1.037098407745361328e+00
1762890126.201756001,1.686204411089420319e-02,3.267119452357292175e-02,1.038194537162780762e+00
1762890126.221837282,1.689528115093708038e-02,3.264940157532691956e-02,1.039250016212463379e+00
1762890126.241708040,1.690637320280075073e-02,3.262203559279441833e-02,1.040256738662719727e+00
1762890126.261611700,1.689670048654079437e-02,3.258609026670455933e-02,1.041215658187866211e+00
1762890126.281804323,1.686792634427547455e-02,3.253826871514320374e-02,1.042128801345825195e+00
1762890126.303081989,1.682230830192565918e-02,3.247578069567680359e-02,1.042997956275939941e+00
1762890126.322714806,1.676014624536037445e-02,3.239386528730392456e-02,1.043826103210449219e+00
1762890126.342798710,1.669145002961158752e-02,3.229892626404762268e-02,1.044610619544982910e+00
1762890126.362706900,1.661231741309165955e-02,3.218203783035278320e-02,1.045357942581176758e+00
1762890126.382627487,1.640425994992256165e-02,3.191316127777099609e-02,1.045976638793945312e+00
1762890126.402715921,1.631874218583106995e-02,3.175890073180198669e-02,1.046656131744384766e+00
1762890126.422798157,1.623510196805000305e-02,3.158640861511230469e-02,1.047302246093750000e+00
1762890126.442721128,1.628253981471061707e-02,3.152576088905334473e-02,1.047997117042541504e+00
1762890126.462788820,1.608543470501899719e-02,3.119289502501487732e-02,1.048500299453735352e+00
1762890126.483050585,1.602461189031600952e-02,3.097678348422050476e-02,1.049054265022277832e+00
1762890126.502817154,1.597633585333824158e-02,3.075124882161617279e-02,1.049580097198486328e+00
1762890126.522742510,1.594218425452709198e-02,3.051926754415035248e-02,1.050078034400939941e+00
1762890126.542660713,1.592315360903739929e-02,3.028402477502822876e-02,1.050547361373901367e+00
1762890126.562606573,1.592008583247661591e-02,3.004792146384716034e-02,1.050989985466003418e+00
1762890126.582710028,1.591418497264385223e-02,2.978692576289176941e-02,1.051412224769592285e+00
1762890126.602892399,1.595775596797466278e-02,2.957898192107677460e-02,1.051796317100524902e+00
1762890126.622636080,1.600624993443489075e-02,2.936558797955513000e-02,1.052158236503601074e+00
1762890126.642724991,1.606217212975025177e-02,2.915398031473159790e-02,1.052496552467346191e+00
1762890126.661781788,1.610811799764633179e-02,2.892202697694301605e-02,1.052814722061157227e+00
1762890126.681703329,1.601295918226242065e-02,2.848142944276332855e-02,1.053138375282287598e+00
1762890126.702727318,1.605608500540256500e-02,2.825015969574451447e-02,1.053408861160278320e+00
1762890126.722734928,1.613142527639865875e-02,2.807581983506679535e-02,1.053651452064514160e+00
1762890126.742806196,1.621887087821960449e-02,2.793229371309280396e-02,1.053870916366577148e+00
1762890126.761681080,1.666661910712718964e-02,2.832048386335372925e-02,1.054028391838073730e+00
1762890126.781840563,1.660935953259468079e-02,2.805485762655735016e-02,1.054184913635253906e+00
1762890126.802073002,1.669235341250896454e-02,2.794750407338142395e-02,1.054355502128601074e+00
1762890126.821761370,1.676435396075248718e-02,2.784524299204349518e-02,1.054507493972778320e+00
1762890126.841724396,1.682784222066402435e-02,2.775279805064201355e-02,1.054641366004943848e+00
1762890126.862022877,1.701580546796321869e-02,2.780768834054470062e-02,1.054782748222351074e+00
1762890126.881727695,1.705718226730823517e-02,2.772844582796096802e-02,1.054880857467651367e+00
1762890126.901894093,1.695388369262218475e-02,2.751243487000465393e-02,1.054941058158874512e+00
1762890126.921709299,1.709216460585594177e-02,2.758861146867275238e-02,1.055009961128234863e+00
1762890126.941711664,1.710404641926288605e-02,2.752180583775043488e-02,1.055061936378479004e+00
1762890126.961690664,1.699527539312839508e-02,2.732308767735958099e-02,1.055093050003051758e+00
1762890126.982899904,1.691988669335842133e-02,2.717673964798450470e-02,1.055110335350036621e+00
1762890127.001579285,1.692760363221168518e-02,2.713668160140514374e-02,1.055119872093200684e+00
1762890127.022689342,1.698683388531208038e-02,2.716065943241119385e-02,1.055124282836914062e+00
1762890127.042852402,1.683055423200130463e-02,2.693524770438671112e-02,1.055097222328186035e+00
1762890127.062752962,1.683595031499862671e-02,2.689794078469276428e-02,1.055078983306884766e+00
1762890127.082630157,1.679270341992378235e-02,2.680010721087455750e-02,1.055048108100891113e+00
1762890127.102619171,1.668881811201572418e-02,2.662483789026737213e-02,1.055001735687255859e+00
1762890127.123657227,1.663148961961269379e-02,2.649486623704433441e-02,1.054952502250671387e+00
1762890127.142691612,1.643831282854080200e-02,2.619113586843013763e-02,1.054876923561096191e+00
1762890127.162583590,1.631744392216205597e-02,2.595902048051357269e-02,1.054804444313049316e+00
1762890127.182703495,1.634621992707252502e-02,2.589499577879905701e-02,1.054747581481933594e+00
1762890127.201679468,1.614616625010967255e-02,2.553343959152698517e-02,1.054648160934448242e+00
1762890127.222669840,1.606482081115245819e-02,2.530216611921787262e-02,1.054560542106628418e+00
1762890127.242727757,1.601669564843177795e-02,2.509802766144275665e-02,1.054471492767333984e+00
1762890127.262695074,1.595603302121162415e-02,2.486369013786315918e-02,1.054372549057006836e+00
1762890127.282711267,1.590253040194511414e-02,2.462376467883586884e-02,1.054268598556518555e+00
1762890127.302685738,1.585761085152626038e-02,2.438215538859367371e-02,1.054158687591552734e+00
1762890127.321641684,1.580194197595119476e-02,2.411524392664432526e-02,1.054037809371948242e+00
1762890127.341797590,1.578641124069690704e-02,2.389249764382839203e-02,1.053917646408081055e+00
1762890127.361721516,1.577849127352237701e-02,2.367361262440681458e-02,1.053791284561157227e+00
1762890127.381836414,1.550043653696775436e-02,2.313373982906341553e-02,1.053629994392395020e+00
1762890127.401794195,1.549621019512414932e-02,2.291490323841571808e-02,1.053487181663513184e+00
1762890127.421772003,1.549802068620920181e-02,2.270547859370708466e-02,1.053338050842285156e+00
1762890127.442795515,1.575333438813686371e-02,2.279444597661495209e-02,1.053205251693725586e+00
1762890127.462708950,1.551338285207748413e-02,2.231688983738422394e-02,1.053021311759948730e+00
1762890127.482883215,1.579198241233825684e-02,2.245347015559673309e-02,1.052880764007568359e+00
1762890127.502751589,1.580224558711051941e-02,2.228645794093608856e-02,1.052705645561218262e+00
1762890127.522804022,1.554474607110023499e-02,2.182065881788730621e-02,1.052497506141662598e+00
1762890127.542781353,1.555103994905948639e-02,2.167635969817638397e-02,1.052312493324279785e+00
1762890127.562695503,1.582080870866775513e-02,2.185075916349887848e-02,1.052150964736938477e+00
1762890127.582843542,1.555027719587087631e-02,2.141563035547733307e-02,1.051928877830505371e+00
1762890127.602818012,1.554100681096315384e-02,2.129751257598400116e-02,1.051731586456298828e+00
1762890127.622678041,1.552555710077285767e-02,2.118692360818386078e-02,1.051532387733459473e+00
1762890127.643825054,1.546295080333948135e-02,2.103259973227977753e-02,1.051320910453796387e+00
1762890127.661698103,1.588577590882778168e-02,2.147073484957218170e-02,1.051248669624328613e+00
1762890127.682678699,1.584829762578010559e-02,2.136434987187385559e-02,1.051045775413513184e+00
1762890127.702735424,1.582271233201026917e-02,2.128147706389427185e-02,1.050847411155700684e+00
1762890127.722756386,1.578334718942642212e-02,2.118946239352226257e-02,1.050646066665649414e+00
1762890127.742830038,1.573887281119823456e-02,2.109738998115062714e-02,1.050443053245544434e+00
1762890127.761672020,1.569011621177196503e-02,2.100514434278011322e-02,1.050237298011779785e+00
1762890127.782747269,1.563757099211215973e-02,2.091114595532417297e-02,1.050029039382934570e+00
1762890127.802829504,1.558165904134511948e-02,2.081361599266529083e-02,1.049818038940429688e+00
1762890127.822716713,1.552262622863054276e-02,2.071136794984340668e-02,1.049603581428527832e+00
1762890127.842736483,1.546077243983745575e-02,2.060332894325256348e-02,1.049385547637939453e+00
1762890127.863793373,1.539661921560764313e-02,2.048866264522075653e-02,1.049163579940795898e+00
1762890127.882735729,1.531852502375841141e-02,2.035242691636085510e-02,1.048934221267700195e+00
1762890127.902760983,1.526378840208053589e-02,2.023664116859436035e-02,1.048709630966186523e+00
1762890127.922711372,1.519680302590131760e-02,2.009945735335350037e-02,1.048479676246643066e+00
1762890127.942739964,1.500723231583833694e-02,1.982615515589714050e-02,1.048262953758239746e+00
1762890127.962750435,1.506464648991823196e-02,1.980273984372615814e-02,1.048013567924499512e+00
1762890127.982766628,1.487854495644569397e-02,1.951682753860950470e-02,1.047794938087463379e+00
1762890128.002832413,1.481856591999530792e-02,1.935336738824844360e-02,1.047561883926391602e+00
1762890128.022638798,1.488672383129596710e-02,1.931353472173213959e-02,1.047313570976257324e+00
1762890128.042727709,1.470626424998044968e-02,1.901078224182128906e-02,1.047096490859985352e+00
1762890128.062796116,1.435791142284870148e-02,1.846487633883953094e-02,1.046777367591857910e+00
1762890128.082685232,1.433698926120996475e-02,1.831840351223945618e-02,1.046555638313293457e+00
1762890128.102760553,1.430260296911001205e-02,1.815069280564785004e-02,1.046329259872436523e+00
1762890128.122725964,1.427256874740123749e-02,1.798444241285324097e-02,1.046103596687316895e+00
1762890128.142973661,1.424783468246459961e-02,1.782172173261642456e-02,1.045880675315856934e+00
1762890128.162778139,1.422860007733106613e-02,1.766536198556423187e-02,1.045659780502319336e+00
1762890128.182645559,1.442879717797040939e-02,1.778719015419483185e-02,1.045503973960876465e+00
1762890128.202850819,1.443456392735242844e-02,1.766506396234035492e-02,1.045291185379028320e+00
1762890128.222592115,1.427838765084743500e-02,1.734294183552265167e-02,1.045030117034912109e+00
1762890128.242695093,1.442487351596355438e-02,1.740594580769538879e-02,1.044854640960693359e+00
1762890128.261824369,1.419414393603801727e-02,1.700566522777080536e-02,1.044565796852111816e+00
1762890128.282844543,1.418783143162727356e-02,1.689373515546321869e-02,1.044340372085571289e+00
1762890128.302777052,1.423565205186605453e-02,1.685642078518867493e-02,1.044129610061645508e+00
1762890128.322793722,1.424336340278387070e-02,1.677850633859634399e-02,1.043904185295104980e+00
1762890128.342936516,1.424519624561071396e-02,1.670300774276256561e-02,1.043675184249877930e+00
1762890128.363039017,1.424280554056167603e-02,1.663189940154552460e-02,1.043443202972412109e+00
1762890128.382683039,1.423628721386194229e-02,1.656506024301052094e-02,1.043208241462707520e+00
1762890128.401661396,1.449916977435350418e-02,1.683300547301769257e-02,1.043115139007568359e+00
1762890128.421771288,1.461120322346687317e-02,1.690452359616756439e-02,1.042856931686401367e+00
1762890128.441831589,1.459568645805120468e-02,1.684775389730930328e-02,1.042613983154296875e+00
1762890128.461672068,1.444710697978734970e-02,1.665417850017547607e-02,1.042385458946228027e+00
1762890128.482708454,1.453415304422378540e-02,1.672249846160411835e-02,1.042114496231079102e+00
1762890128.502740383,1.450923271477222443e-02,1.667594909667968750e-02,1.041868448257446289e+00
1762890128.521545172,1.434551831334829330e-02,1.648141071200370789e-02,1.041638493537902832e+00
1762890128.541678667,1.429551374167203903e-02,1.641315221786499023e-02,1.041388034820556641e+00
1762890128.561714411,1.424834597855806351e-02,1.634977757930755615e-02,1.041140317916870117e+00
1762890128.581794024,1.419073250144720078e-02,1.627512276172637939e-02,1.040893077850341797e+00
1762890128.602644920,1.423954125493764877e-02,1.631454005837440491e-02,1.040627479553222656e+00
1762890128.622716427,1.405867654830217361e-02,1.610212586820125580e-02,1.040406227111816406e+00
1762890128.642866373,1.398709788918495178e-02,1.600466482341289520e-02,1.040169000625610352e+00
1762890128.662899971,1.391170080751180649e-02,1.589787006378173828e-02,1.039936065673828125e+00
1762890128.682964087,1.383487135171890259e-02,1.578278280794620514e-02,1.039707422256469727e+00
1762890128.702765703,1.375749614089727402e-02,1.565908454358577728e-02,1.039483785629272461e+00
1762890128.722742796,1.368069183081388474e-02,1.552783790975809097e-02,1.039264917373657227e+00
1762890128.742788553,1.360595691949129105e-02,1.539054699242115021e-02,1.039050459861755371e+00
1762890128.762742281,1.353461388498544693e-02,1.524859201163053513e-02,1.038839221000671387e+00
1762890128.782792807,1.346775703132152557e-02,1.510346867144107819e-02,1.038630485534667969e+00
1762890128.802637100,1.340641733258962631e-02,1.495618466287851334e-02,1.038424491882324219e+00
1762890128.821665525,1.333130616694688797e-02,1.478447299450635910e-02,1.038214921951293945e+00
1762890128.842001677,1.330270525068044662e-02,1.466210559010505676e-02,1.038016319274902344e+00
1762890128.862716198,1.326283067464828491e-02,1.452033314853906631e-02,1.037813425064086914e+00
1762890128.882633448,1.322581153362989426e-02,1.437612064182758331e-02,1.037610054016113281e+00
1762890128.902637959,1.320528052747249603e-02,1.424796599894762039e-02,1.037408709526062012e+00
1762890128.922736168,1.318722125142812729e-02,1.412101089954376221e-02,1.037205100059509277e+00
1762890128.942796469,1.317563001066446304e-02,1.400164421647787094e-02,1.037001013755798340e+00
1762890128.962785482,1.316986978054046631e-02,1.389059145003557205e-02,1.036796569824218750e+00
1762890128.982686043,1.316858734935522079e-02,1.378823444247245789e-02,1.036591172218322754e+00
1762890129.002871990,1.317080482840538025e-02,1.369525399059057236e-02,1.036385059356689453e+00
1762890129.022867918,1.317523140460252762e-02,1.361129805445671082e-02,1.036178469657897949e+00
1762890129.042656660,1.318028196692466736e-02,1.353568956255912781e-02,1.035971403121948242e+00
1762890129.062747478,1.318466663360595703e-02,1.346816774457693100e-02,1.035763382911682129e+00
1762890129.081918240,1.287752948701381683e-02,1.305788941681385040e-02,1.035517811775207520e+00
1762890129.101641417,1.291703619062900543e-02,1.305222138762474060e-02,1.035320281982421875e+00
1762890129.121781588,1.291528716683387756e-02,1.300867367535829544e-02,1.035112738609313965e+00
1762890129.141914368,1.290670316666364670e-02,1.296751759946346283e-02,1.034906148910522461e+00
1762890129.161671877,1.289273239672183990e-02,1.292957272380590439e-02,1.034701108932495117e+00
1762890129.181748629,1.306814514100551605e-02,1.311241835355758667e-02,1.034552335739135742e+00
1762890129.201685905,1.285564620047807693e-02,1.287011522799730301e-02,1.034301400184631348e+00
1762890129.221894741,1.282358821481466293e-02,1.283580996096134186e-02,1.034103870391845703e+00
1762890129.242578745,1.274692732840776443e-02,1.275809202343225479e-02,1.033898591995239258e+00
1762890129.261685848,1.315170153975486755e-02,1.320830732583999634e-02,1.033821225166320801e+00
1762890129.283714294,1.311368122696876526e-02,1.317845471203327179e-02,1.033631443977355957e+00
1762890129.302712202,1.307802647352218628e-02,1.315235625952482224e-02,1.033446073532104492e+00
1762890129.322650194,1.290166284888982773e-02,1.297436468303203583e-02,1.033227920532226562e+00
1762890129.342845917,1.284971926361322403e-02,1.292903348803520203e-02,1.033042907714843750e+00
1762890129.362836599,1.279916055500507355e-02,1.288154348731040955e-02,1.032860040664672852e+00
1762890129.382664919,1.274700369685888290e-02,1.282717939466238022e-02,1.032677531242370605e+00
1762890129.402041197,1.267302315682172775e-02,1.274286396801471710e-02,1.032489776611328125e+00
1762890129.422009945,1.263629365712404251e-02,1.269243471324443817e-02,1.032311677932739258e+00
1762890129.441792488,1.257945224642753601e-02,1.261266693472862244e-02,1.032128691673278809e+00
1762890129.462650061,1.250074245035648346e-02,1.250053942203521729e-02,1.031940340995788574e+00
1762890129.481668472,1.244152896106243134e-02,1.240144483745098114e-02,1.031758069992065430e+00
1762890129.502827644,1.238390430808067322e-02,1.229619793593883514e-02,1.031576395034790039e+00
1762890129.521846294,1.206728164106607437e-02,1.189688500016927719e-02,1.031373023986816406e+00
1762890129.541848660,1.202413439750671387e-02,1.179286371916532516e-02,1.031194686889648438e+00
1762890129.561791658,1.224020030349493027e-02,1.197017543017864227e-02,1.031038761138916016e+00
1762890129.581899405,1.233700942248106003e-02,1.203613914549350739e-02,1.030937790870666504e+00
1762890129.601627588,1.228849217295646667e-02,1.191139966249465942e-02,1.030758976936340332e+00
1762890129.622735739,1.182008069008588791e-02,1.128272432833909988e-02,1.030478358268737793e+00
1762890129.642875910,1.179040968418121338e-02,1.117016561329364777e-02,1.030304670333862305e+00
1762890129.663716793,1.200455147773027420e-02,1.132763270288705826e-02,1.030147671699523926e+00
1762890129.681573153,1.212976593524217606e-02,1.141850836575031281e-02,1.030053138732910156e+00
1762890129.702718258,1.200089417397975922e-02,1.118682790547609329e-02,1.029853940010070801e+00
1762890129.722880602,1.204044278711080551e-02,1.115757506340742111e-02,1.029696106910705566e+00
1762890129.742677450,1.202725525945425034e-02,1.106795389205217361e-02,1.029524803161621094e+00
1762890129.762750626,1.190869789570569992e-02,1.085746288299560547e-02,1.029326677322387695e+00
1762890129.782702923,1.191098615527153015e-02,1.079514250159263611e-02,1.029158115386962891e+00
1762890129.803013325,1.199529785662889481e-02,1.083402056246995926e-02,1.029010176658630371e+00
1762890129.821679592,1.184619311243295670e-02,1.060588099062442780e-02,1.028806209564208984e+00
1762890129.841882706,1.184212602674961090e-02,1.055381353944540024e-02,1.028638720512390137e+00
1762890129.861655474,1.194932404905557632e-02,1.063652243465185165e-02,1.028498768806457520e+00
1762890129.881628990,1.181567087769508362e-02,1.045127306133508682e-02,1.028300762176513672e+00
1762890129.901712656,1.190910674631595612e-02,1.053163222968578339e-02,1.028158426284790039e+00
1762890129.921761751,1.177200861275196075e-02,1.036097947508096695e-02,1.027960777282714844e+00
1762890129.942662954,1.172323059290647507e-02,1.029817201197147369e-02,1.027785778045654297e+00
1762890129.962733984,1.168496347963809967e-02,1.025405898690223694e-02,1.027615666389465332e+00
1762890129.983272314,1.164548192173242569e-02,1.021409220993518829e-02,1.027447700500488281e+00
1762890130.002776861,1.159429084509611130e-02,1.016652025282382965e-02,1.027278542518615723e+00
1762890130.022562981,1.153511088341474533e-02,1.011500414460897446e-02,1.027109861373901367e+00
1762890130.042718172,1.146880164742469788e-02,1.005926635116338730e-02,1.026942968368530273e+00
1762890130.061694384,1.108353771269321442e-02,9.659213945269584656e-03,1.026746988296508789e+00
1762890130.081700325,1.131872925907373428e-02,9.932462126016616821e-03,1.026617169380187988e+00
1762890130.101765871,1.096750050783157349e-02,9.568285197019577026e-03,1.026436328887939453e+00
1762890130.121735096,1.088260859251022339e-02,9.491198696196079254e-03,1.026279926300048828e+00
1762890130.141765356,1.074334513396024704e-02,9.351719170808792114e-03,1.026115894317626953e+00
1762890130.161653280,1.071147061884403229e-02,9.323813021183013916e-03,1.025976300239562988e+00
1762890130.181743860,1.063105277717113495e-02,9.238960221409797668e-03,1.025829195976257324e+00
1762890130.201722622,1.055143680423498154e-02,9.149176999926567078e-03,1.025683760643005371e+00
1762890130.221626282,1.047667954117059708e-02,9.058269672095775604e-03,1.025539159774780273e+00
1762890130.242643118,1.065969467163085938e-02,9.242779575288295746e-03,1.025412797927856445e+00
1762890130.262738705,1.034555211663246155e-02,8.877604268491268158e-03,1.025253772735595703e+00
1762890130.283087969,1.029445510357618332e-02,8.795337751507759094e-03,1.025113344192504883e+00
1762890130.302770376,1.025023218244314194e-02,8.715428411960601807e-03,1.024973273277282715e+00
1762890130.322685003,1.021604146808385849e-02,8.641630411148071289e-03,1.024835109710693359e+00
1762890130.342672825,1.019141729921102524e-02,8.574224077165126801e-03,1.024698376655578613e+00
1762890130.362685442,1.017491240054368973e-02,8.513163775205612183e-03,1.024562239646911621e+00
1762890130.382758141,1.016570534557104111e-02,8.459099568426609039e-03,1.024425745010375977e+00
1762890130.402910471,1.016325037926435471e-02,8.412503637373447418e-03,1.024290084838867188e+00
1762890130.422785521,1.016608532518148422e-02,8.372935466468334198e-03,1.024155020713806152e+00
1762890130.442605734,1.055562589317560196e-02,8.779078722000122070e-03,1.024098515510559082e+00
1762890130.462661266,1.057050190865993500e-02,8.758103474974632263e-03,1.023962855339050293e+00
1762890130.481860876,1.057378295809030533e-02,8.728289976716041565e-03,1.023823022842407227e+00
1762890130.501929283,1.057010702788829803e-02,8.696015924215316772e-03,1.023680329322814941e+00
1762890130.521799803,1.060456223785877228e-02,8.712882176041603088e-03,1.023545622825622559e+00
1762890130.541703463,1.061620004475116730e-02,8.709784597158432007e-03,1.023407459259033203e+00
1762890130.561663389,1.062362454831600189e-02,8.708233945071697235e-03,1.023269295692443848e+00
1762890130.581723928,1.062667835503816605e-02,8.708947338163852692e-03,1.023130893707275391e+00
1762890130.601802826,1.049849297851324081e-02,8.571522310376167297e-03,1.023000478744506836e+00
1762890130.621869564,1.048994902521371841e-02,8.571702055633068085e-03,1.022863388061523438e+00
1762890130.641851187,1.059822365641593933e-02,8.707843720912933350e-03,1.022718310356140137e+00
1762890130.661672831,1.057270541787147522e-02,8.701534010469913483e-03,1.022580027580261230e+00
1762890130.681792259,1.039573084563016891e-02,8.532026782631874084e-03,1.022444725036621094e+00
1762890130.701865911,1.036728732287883759e-02,8.530981838703155518e-03,1.022309780120849609e+00
1762890130.721667767,1.032085344195365906e-02,8.513920009136199951e-03,1.022173762321472168e+00
1762890130.741715908,1.026114821434020996e-02,8.484213612973690033e-03,1.022038102149963379e+00
1762890130.761797667,1.019430533051490784e-02,8.446751162409782410e-03,1.021904706954956055e+00
1762890130.782961369,1.012193411588668823e-02,8.402206003665924072e-03,1.021773576736450195e+00
1762890130.801791668,1.002576202154159546e-02,8.329924196004867554e-03,1.021641135215759277e+00
1762890130.822649240,9.967555291950702667e-03,8.293785154819488525e-03,1.021518707275390625e+00
1762890130.842687607,9.889850392937660217e-03,8.232290856540203094e-03,1.021395206451416016e+00
1762890130.862658978,9.811912663280963898e-03,8.165150880813598633e-03,1.021273732185363770e+00
1762890130.882774591,9.736311621963977814e-03,8.094041608273983002e-03,1.021154522895812988e+00
1762890130.902726650,9.664339944720268250e-03,8.020265027880668640e-03,1.021036744117736816e+00
1762890130.922874928,9.597265161573886871e-03,7.945377379655838013e-03,1.020919561386108398e+00
1762890130.942643642,9.536257945001125336e-03,7.870338857173919678e-03,1.020803213119506836e+00
1762890130.962724924,9.482055902481079102e-03,7.795989513397216797e-03,1.020686626434326172e+00
1762890130.982775450,9.435103274881839752e-03,7.723276503384113312e-03,1.020569324493408203e+00
1762890131.001565695,9.376596659421920776e-03,7.631114218384027481e-03,1.020448088645935059e+00
1762890131.021618128,9.365007281303405762e-03,7.585568819195032120e-03,1.020334720611572266e+00
1762890131.041777134,9.343455545604228973e-03,7.523622829467058182e-03,1.020218729972839355e+00
1762890131.061691761,9.327968582510948181e-03,7.465421687811613083e-03,1.020101666450500488e+00
1762890131.081644297,9.319137781858444214e-03,7.413010112941265106e-03,1.019985437393188477e+00
1762890131.102727652,9.316081181168556213e-03,7.366796489804983139e-03,1.019869923591613770e+00
1762890131.122709751,9.313774295151233673e-03,7.322755642235279083e-03,1.019754052162170410e+00
1762890131.142785311,9.323290549218654633e-03,7.295365445315837860e-03,1.019639492034912109e+00
1762890131.162697315,9.330993518233299255e-03,7.270022295415401459e-03,1.019524455070495605e+00
1762890131.182637215,9.339901618659496307e-03,7.251338567584753036e-03,1.019409060478210449e+00
1762890131.202793121,9.349437430500984192e-03,7.239844184368848801e-03,1.019293427467346191e+00
1762890131.222764969,9.093713946640491486e-03,6.941491737961769104e-03,1.019158363342285156e+00
1762890131.242791891,9.367125108838081360e-03,7.237674668431282043e-03,1.019065737724304199e+00
1762890131.262789965,9.107016958296298981e-03,6.950648501515388489e-03,1.018933534622192383e+00
1762890131.282782793,9.373975917696952820e-03,7.254682481288909912e-03,1.018841266632080078e+00
1762890131.302641392,9.104308672249317169e-03,6.975383497774600983e-03,1.018708109855651855e+00
1762890131.322843790,9.094973094761371613e-03,6.991835311055183411e-03,1.018595218658447266e+00
1762890131.343015194,9.079701267182826996e-03,7.009828463196754456e-03,1.018483400344848633e+00
1762890131.362684965,9.058007039129734039e-03,7.028712891042232513e-03,1.018371582031250000e+00
1762890131.382776737,9.029381908476352692e-03,7.047879509627819061e-03,1.018259525299072266e+00
1762890131.403836727,8.994324132800102234e-03,7.066316902637481689e-03,1.018148660659790039e+00
1762890131.421622753,8.945922367274761200e-03,7.074692286550998688e-03,1.018039464950561523e+00
1762890131.441743851,8.913418278098106384e-03,7.101326249539852142e-03,1.017934679985046387e+00
1762890131.461808920,8.869349025189876556e-03,7.116241846233606339e-03,1.017829537391662598e+00
1762890131.481708527,8.823922835290431976e-03,7.128503639250993729e-03,1.017726063728332520e+00
1762890131.501673222,8.779416792094707489e-03,7.138813845813274384e-03,1.017624378204345703e+00
1762890131.521626472,8.737128227949142456e-03,7.146959193050861359e-03,1.017524242401123047e+00
1762890131.541841984,9.102176874876022339e-03,7.574406918138265610e-03,1.017490744590759277e+00
1762890131.561714649,9.072913788259029388e-03,7.587163243442773819e-03,1.017393350601196289e+00
1762890131.581878424,9.043088182806968689e-03,7.592871785163879395e-03,1.017295837402343750e+00
1762890131.601751089,9.015265852212905884e-03,7.593473885208368301e-03,1.017198443412780762e+00
1762890131.622884035,8.983433246612548828e-03,7.581872399896383286e-03,1.017101168632507324e+00
1762890131.642757177,8.975882083177566528e-03,7.587745320051908493e-03,1.017009139060974121e+00
1762890131.662736416,8.963795378804206848e-03,7.580312900245189667e-03,1.016916990280151367e+00
1762890131.682989597,8.954666554927825928e-03,7.568059954792261124e-03,1.016825199127197266e+00
1762890131.702678442,8.948705159127712250e-03,7.551190908998250961e-03,1.016734480857849121e+00
1762890131.721883059,8.935666643083095551e-03,7.518928498029708862e-03,1.016643047332763672e+00
1762890131.741809130,8.815041743218898773e-03,7.364836987107992172e-03,1.016556501388549805e+00
1762890131.762691259,8.794597350060939789e-03,7.313013542443513870e-03,1.016462445259094238e+00
1762890131.782807827,8.935051038861274719e-03,7.432005833834409714e-03,1.016371130943298340e+00
1762890131.802871943,8.804488927125930786e-03,7.253528572618961334e-03,1.016281962394714355e+00
1762890131.822761774,8.796922862529754639e-03,7.204307243227958679e-03,1.016189932823181152e+00
1762890131.841641188,8.782383054494857788e-03,7.146151736378669739e-03,1.016095995903015137e+00
1762890131.862800837,8.768865838646888733e-03,7.089527789503335953e-03,1.016001462936401367e+00
1762890131.882619381,8.755514398217201233e-03,7.034179754555225372e-03,1.015907645225524902e+00
1762890131.902778387,8.733376860618591309e-03,6.971133872866630554e-03,1.015812993049621582e+00
1762890131.922823191,8.706904947757720947e-03,6.906790193170309067e-03,1.015717744827270508e+00
1762890131.941725254,8.657493628561496735e-03,6.820474751293659210e-03,1.015618920326232910e+00
1762890131.961773396,8.432189933955669403e-03,6.539477966725826263e-03,1.015491962432861328e+00
1762890131.982796669,8.574848994612693787e-03,6.681712809950113297e-03,1.015423536300659180e+00
1762890132.002681494,8.513793349266052246e-03,6.599021144211292267e-03,1.015323877334594727e+00
1762890132.022739649,8.306717500090599060e-03,6.360314786434173584e-03,1.015203356742858887e+00
1762890132.042752266,8.192409761250019073e-03,6.232431624084711075e-03,1.015100955963134766e+00
1762890132.062824965,8.406141772866249084e-03,6.472535897046327591e-03,1.015051722526550293e+00
1762890132.082610607,8.371452800929546356e-03,6.442143116146326065e-03,1.014968633651733398e+00
1762890132.102732897,8.321832865476608276e-03,6.399605888873338699e-03,1.014886975288391113e+00
1762890132.122763157,8.271973580121994019e-03,6.361318752169609070e-03,1.014808058738708496e+00
1762890132.142741442,8.224175311625003815e-03,6.329350173473358154e-03,1.014732241630554199e+00
1762890132.162651300,8.178893476724624634e-03,6.302559748291969299e-03,1.014659762382507324e+00
1762890132.182651043,8.135578595101833344e-03,6.279713474214076996e-03,1.014589428901672363e+00
1762890132.202839375,8.093755692243576050e-03,6.260496098548173904e-03,1.014519572257995605e+00
1762890132.222640276,8.053340949118137360e-03,6.244508083909749985e-03,1.014450073242187500e+00
1762890132.242761374,8.014290593564510345e-03,6.231324747204780579e-03,1.014380335807800293e+00
1762890132.262734890,7.976503111422061920e-03,6.220587529242038727e-03,1.014310121536254883e+00
1762890132.281759977,8.081589825451374054e-03,6.355187855660915375e-03,1.014274239540100098e+00
1762890132.301680088,7.635904941707849503e-03,5.911561660468578339e-03,1.014148950576782227e+00
1762890132.321902037,7.603541947901248932e-03,5.909066647291183472e-03,1.014073371887207031e+00
1762890132.341596365,7.569568697363138199e-03,5.905207246541976929e-03,1.013994574546813965e+00
1762890132.361770153,7.536209188401699066e-03,5.902155302464962006e-03,1.013912677764892578e+00
1762890132.381727934,7.503519766032695770e-03,5.899723619222640991e-03,1.013827800750732422e+00
1762890132.401779890,7.471387274563312531e-03,5.897684488445520401e-03,1.013739943504333496e+00
1762890132.421641827,7.439810782670974731e-03,5.895851179957389832e-03,1.013648867607116699e+00
1762890132.441621542,7.408777251839637756e-03,5.893991794437170029e-03,1.013554930686950684e+00
1762890132.461772919,7.378189358860254288e-03,5.891980603337287903e-03,1.013457894325256348e+00
1762890132.482702255,7.306666579097509384e-03,5.845533683896064758e-03,1.013354420661926270e+00
1762890132.502734184,7.318383082747459412e-03,5.886802449822425842e-03,1.013266444206237793e+00
1762890132.522713900,7.294202223420143127e-03,5.888052750378847122e-03,1.013174057006835938e+00
1762890132.542626143,7.270901463925838470e-03,5.887934472411870956e-03,1.013082981109619141e+00
1762890132.562645197,7.251138798892498016e-03,5.889149848371744156e-03,1.012993097305297852e+00
1762890132.582781792,7.235496304929256439e-03,5.892163142561912537e-03,1.012904167175292969e+00
1762890132.602663040,7.224415428936481476e-03,5.897196475416421890e-03,1.012816548347473145e+00
1762890132.622829676,7.218371611088514328e-03,5.904482677578926086e-03,1.012729883193969727e+00
1762890132.641773462,7.610893342643976212e-03,6.343278102576732635e-03,1.012705206871032715e+00
1762890132.661734343,7.463578134775161743e-03,6.189167965203523636e-03,1.012617945671081543e+00
1762890132.682777166,7.611286360770463943e-03,6.357629783451557159e-03,1.012536525726318359e+00
1762890132.702766657,7.636995054781436920e-03,6.387700792402029037e-03,1.012460708618164062e+00
1762890132.722836256,7.656012196093797684e-03,6.407893262803554535e-03,1.012387871742248535e+00
1762890132.742647886,7.677427027374505997e-03,6.428359076380729675e-03,1.012319564819335938e+00
1762890132.762751102,7.700126618146896362e-03,6.448350381106138229e-03,1.012254714965820312e+00
1762890132.782844067,7.722163107246160507e-03,6.466515362262725830e-03,1.012192487716674805e+00
1762890132.802917957,7.596608251333236694e-03,6.321475841104984283e-03,1.012129545211791992e+00
1762890132.823016405,7.634703069925308228e-03,6.355836987495422363e-03,1.012058138847351074e+00
1762890132.842616558,7.378034759312868118e-03,6.065409630537033081e-03,1.011982798576354980e+00
1762890132.862789154,7.433535531163215637e-03,6.122045218944549561e-03,1.011929750442504883e+00
1762890132.881755590,7.394594140350818634e-03,6.074800621718168259e-03,1.011865258216857910e+00
1762890132.901740789,7.622806821018457413e-03,6.325318478047847748e-03,1.011833190917968750e+00
1762890132.921722174,7.571083027869462967e-03,6.266328040510416031e-03,1.011766910552978516e+00
1762890132.941746235,7.388627622276544571e-03,6.064231041818857193e-03,1.011684298515319824e+00
1762890132.961731195,7.501673419028520584e-03,6.190271116793155670e-03,1.011638164520263672e+00
1762890132.981626987,7.521766237914562225e-03,6.214466411620378494e-03,1.011582016944885254e+00
1762890133.002745628,7.235635071992874146e-03,5.901468917727470398e-03,1.011490583419799805e+00
1762890133.021598577,7.176664192229509354e-03,5.838998593389987946e-03,1.011428475379943848e+00
1762890133.041734457,7.114583626389503479e-03,5.773633252829313278e-03,1.011367082595825195e+00
1762890133.061711550,7.062111981213092804e-03,5.719212349504232407e-03,1.011307716369628906e+00
1762890133.081837654,7.010882254689931870e-03,5.665668286383152008e-03,1.011248588562011719e+00
1762890133.102077723,6.960875354707241058e-03,5.612920038402080536e-03,1.011188268661499023e+00
1762890133.122675657,7.304240483790636063e-03,5.993722006678581238e-03,1.011172890663146973e+00
1762890133.142881155,7.275382988154888153e-03,5.963465198874473572e-03,1.011112928390502930e+00
1762890133.162681818,7.235740777105093002e-03,5.920767318457365036e-03,1.011050105094909668e+00
1762890133.182681322,7.196116261184215546e-03,5.877506453543901443e-03,1.010985374450683594e+00
1762890133.202680111,7.160205859690904617e-03,5.837786011397838593e-03,1.010919570922851562e+00
1762890133.222729683,7.128740195184946060e-03,5.802483297884464264e-03,1.010853409767150879e+00
1762890133.242603540,7.101536262780427933e-03,5.771121941506862640e-03,1.010787963867187500e+00
1762890133.262756824,7.077810354530811310e-03,5.742935463786125183e-03,1.010722637176513672e+00
1762890133.282607317,7.056919392198324203e-03,5.717747844755649567e-03,1.010656476020812988e+00
1762890133.302700520,7.037290371954441071e-03,5.693926941603422165e-03,1.010596990585327148e+00
1762890133.322839737,7.015349809080362320e-03,5.668017081916332245e-03,1.010590195655822754e+00
1762890133.342905045,6.880227942019701004e-03,5.520768929272890091e-03,1.010643243789672852e+00
1762890133.362776518,7.040741387754678726e-03,5.700894631445407867e-03,1.010834574699401855e+00
1762890133.382768154,7.131973281502723694e-03,5.797538440674543381e-03,1.011078953742980957e+00
1762890133.402985811,7.294508162885904312e-03,5.969166290014982224e-03,1.011386990547180176e+00
1762890133.422804832,7.383725605905056000e-03,6.058183033019304276e-03,1.011703372001647949e+00
1762890133.442746162,7.716865278780460358e-03,6.411891896277666092e-03,1.012091279029846191e+00
1762890133.462854624,8.152329362928867340e-03,6.873880047351121902e-03,1.012494087219238281e+00
1762890133.481786966,8.688333444297313690e-03,7.443239446729421616e-03,1.012902021408081055e+00
1762890133.501678944,9.341830387711524963e-03,8.142991922795772552e-03,1.013271927833557129e+00
1762890133.522731543,1.009318232536315918e-02,8.952419273555278778e-03,1.013616204261779785e+00
1762890133.542869568,1.094576809555292130e-02,9.877672418951988220e-03,1.013917326927185059e+00
1762890133.562680721,1.188982278108596802e-02,1.091079134494066238e-02,1.014164090156555176e+00
1762890133.581688881,1.291844062507152557e-02,1.204688195139169693e-02,1.014358043670654297e+00
1762890133.601782799,1.402514800429344177e-02,1.328159589320421219e-02,1.014497160911560059e+00
1762890133.621681929,1.519269403070211411e-02,1.459718123078346252e-02,1.014584183692932129e+00
1762890133.641584158,1.641633547842502594e-02,1.598959416151046753e-02,1.014627337455749512e+00
1762890133.661642313,1.768406666815280914e-02,1.744660735130310059e-02,1.014632940292358398e+00
1762890133.681734562,1.898575760424137115e-02,1.895755715668201447e-02,1.014610052108764648e+00
1762890133.702909470,2.031575143337249756e-02,2.051604166626930237e-02,1.014567852020263672e+00
1762890133.722800255,2.165624313056468964e-02,2.209931239485740662e-02,1.014515876770019531e+00
1762890133.742716551,2.301034890115261078e-02,2.371067367494106293e-02,1.014459729194641113e+00
1762890133.762757778,2.437019348144531250e-02,2.533921226859092712e-02,1.014407157897949219e+00
1762890133.782740593,2.573231980204582214e-02,2.697730809450149536e-02,1.014365077018737793e+00
1762890133.802712440,2.709510736167430878e-02,2.861887402832508087e-02,1.014336824417114258e+00
1762890133.821756363,2.831593900918960571e-02,3.011448867619037628e-02,1.014308214187622070e+00
1762890133.841680765,2.982393652200698853e-02,3.189493715763092041e-02,1.014328002929687500e+00
1762890133.861790895,3.119439445436000824e-02,3.352452814579010010e-02,1.014346599578857422e+00
1762890133.882738352,3.258863463997840881e-02,3.516621142625808716e-02,1.014378190040588379e+00
1762890133.901724100,3.352454304695129395e-02,3.624595701694488525e-02,1.014407873153686523e+00
1762890133.921763182,3.522831574082374573e-02,3.821631520986557007e-02,1.014462947845458984e+00
1762890133.941833973,3.666631504893302917e-02,3.982723504304885864e-02,1.014516472816467285e+00
1762890133.962274790,3.813606873154640198e-02,4.144186154007911682e-02,1.014569401741027832e+00
1762890133.981676817,3.964251279830932617e-02,4.306415095925331116e-02,1.014618158340454102e+00
1762890134.002781868,4.135470837354660034e-02,4.488227516412734985e-02,1.014666557312011719e+00
1762890134.021770716,4.240720719099044800e-02,4.598531499505043030e-02,1.014691710472106934e+00
1762890134.041682482,4.402068257331848145e-02,4.764305055141448975e-02,1.014719963073730469e+00
1762890134.061702490,4.569843783974647522e-02,4.933828487992286682e-02,1.014737844467163086e+00
1762890134.081828356,4.743363335728645325e-02,5.106619745492935181e-02,1.014744639396667480e+00
1762890134.101728916,4.922728613018989563e-02,5.283073708415031433e-02,1.014740109443664551e+00
1762890134.121683359,5.108076333999633789e-02,5.463643744587898254e-02,1.014723896980285645e+00
1762890134.141778946,5.299570411443710327e-02,5.648788809776306152e-02,1.014696359634399414e+00
1762890134.161604404,5.497259274125099182e-02,5.838867649435997009e-02,1.014657974243164062e+00
1762890134.182641745,5.701074004173278809e-02,6.034188345074653625e-02,1.014609575271606445e+00
1762890134.202647686,5.911235138773918152e-02,6.235308572649955750e-02,1.014551281929016113e+00
1762890134.222753525,6.126447767019271851e-02,6.441459804773330688e-02,1.014485001564025879e+00
1762890134.243000031,6.347530335187911987e-02,6.653647124767303467e-02,1.014411211013793945e+00
1762890134.262589931,6.573871523141860962e-02,6.871642172336578369e-02,1.014330983161926270e+00
1762890134.282670259,6.805115938186645508e-02,7.095378637313842773e-02,1.014245271682739258e+00
1762890134.302778244,7.040916383266448975e-02,7.324752956628799438e-02,1.014154911041259766e+00
1762890134.322778702,7.280915230512619019e-02,7.559574395418167114e-02,1.014060735702514648e+00
1762890134.343149424,7.524776458740234375e-02,7.799635827541351318e-02,1.013963580131530762e+00
1762890134.362804413,7.772172242403030396e-02,8.044659346342086792e-02,1.013864040374755859e+00
1762890134.382692814,8.022800832986831665e-02,8.294359594583511353e-02,1.013762593269348145e+00
1762890134.402886629,8.276411145925521851e-02,8.548483997583389282e-02,1.013659477233886719e+00
1762890134.422633171,8.532805740833282471e-02,8.806780725717544556e-02,1.013555526733398438e+00
1762890134.442718744,8.791831135749816895e-02,9.069008380174636841e-02,1.013451814651489258e+00
1762890134.462832928,9.017679840326309204e-02,9.297224879264831543e-02,1.013355374336242676e+00
1762890134.482816458,9.317406266927719116e-02,9.603864699602127075e-02,1.013250231742858887e+00
1762890134.502845287,9.547726064920425415e-02,9.837802499532699585e-02,1.013157963752746582e+00
1762890134.521604061,9.820991009473800659e-02,1.011675596237182617e-01,1.013060092926025391e+00
1762890134.541822910,1.008792892098426819e-01,1.038937643170356750e-01,1.012970805168151855e+00
1762890134.561972857,1.036175638437271118e-01,1.066834554076194763e-01,1.012882709503173828e+00
1762890134.581649303,1.063879579305648804e-01,1.094972416758537292e-01,1.012798309326171875e+00
1762890134.601623058,1.091900691390037537e-01,1.123317852616310120e-01,1.012717247009277344e+00
1762890134.622696638,1.121342107653617859e-01,1.152911633253097534e-01,1.012634754180908203e+00
1762890134.642928839,1.149026378989219666e-01,1.180656030774116516e-01,1.012563824653625488e+00
1762890134.662729740,1.178100109100341797e-01,1.209584996104240417e-01,1.012489676475524902e+00
1762890134.682770252,1.207660213112831116e-01,1.238808035850524902e-01,1.012415409088134766e+00
1762890134.702666998,1.237671524286270142e-01,1.268281340599060059e-01,1.012340068817138672e+00
1762890134.722620249,1.268151849508285522e-01,1.298022568225860596e-01,1.012262701988220215e+00
1762890134.742726326,1.299667805433273315e-01,1.328555494546890259e-01,1.012179970741271973e+00
1762890134.762765169,1.330741941928863525e-01,1.358516812324523926e-01,1.012096762657165527e+00
1762890134.782851458,1.362570375204086304e-01,1.389022767543792725e-01,1.012008309364318848e+00
1762890134.802980900,1.395079791545867920e-01,1.420008540153503418e-01,1.011914372444152832e+00
1762890134.822769642,1.428129673004150391e-01,1.451351344585418701e-01,1.011816382408142090e+00
1762890134.842710733,1.461704224348068237e-01,1.483057439327239990e-01,1.011714339256286621e+00
1762890134.862677813,1.495790779590606689e-01,1.515140533447265625e-01,1.011608123779296875e+00
1762890134.881732464,1.530636548995971680e-01,1.547370404005050659e-01,1.011483192443847656e+00
1762890134.901765108,1.565453857183456421e-01,1.580468863248825073e-01,1.011383771896362305e+00
1762890134.922044992,1.601028740406036377e-01,1.613273024559020996e-01,1.011254906654357910e+00
1762890134.941670418,1.637070327997207642e-01,1.646963506937026978e-01,1.011136770248413086e+00
1762890134.962713242,1.674105674028396606e-01,1.682030558586120605e-01,1.011026740074157715e+00
1762890134.982856035,1.710296720266342163e-01,1.715900003910064697e-01,1.010908007621765137e+00
1762890135.002673626,1.747494935989379883e-01,1.750695854425430298e-01,1.010785818099975586e+00
1762890135.022689819,1.785111278295516968e-01,1.785902976989746094e-01,1.010663509368896484e+00
1762890135.042733192,1.823096424341201782e-01,1.821480989456176758e-01,1.010542273521423340e+00
1762890135.062888622,1.846910715103149414e-01,1.844026893377304077e-01,1.010474443435668945e+00
1762890135.081730366,1.885450929403305054e-01,1.880158931016921997e-01,1.010358572006225586e+00
1762890135.102764845,1.924398541450500488e-01,1.916681379079818726e-01,1.010246396064758301e+00
1762890135.122873068,1.967401504516601562e-01,1.956846565008163452e-01,1.010123491287231445e+00
1762890135.142683506,2.004122734069824219e-01,1.991409659385681152e-01,1.010030388832092285e+00
1762890135.162703753,2.042761296033859253e-01,2.027682960033416748e-01,1.009935021400451660e+00
1762890135.181787252,2.087440192699432373e-01,2.069333046674728394e-01,1.009824275970458984e+00
1762890135.201632738,2.128360569477081299e-01,2.107580304145812988e-01,1.009732365608215332e+00
1762890135.221709490,2.169151455163955688e-01,2.145650088787078857e-01,1.009647369384765625e+00
1762890135.241750717,2.206188440322875977e-01,2.180304974317550659e-01,1.009578824043273926e+00
1762890135.261658669,2.250373661518096924e-01,2.221211493015289307e-01,1.009495854377746582e+00
1762890135.281661749,2.289268672466278076e-01,2.257318794727325439e-01,1.009430766105651855e+00
1762890135.302717209,2.331238090991973877e-01,2.296011447906494141e-01,1.009361982345581055e+00
1762890135.322730064,2.373963892459869385e-01,2.335218638181686401e-01,1.009294509887695312e+00
1762890135.342914820,2.415733486413955688e-01,2.373431622982025146e-01,1.009231090545654297e+00
1762890135.362604856,2.460108548402786255e-01,2.413743585348129272e-01,1.009162902832031250e+00
1762890135.382765055,2.508329451084136963e-01,2.457170635461807251e-01,1.009087085723876953e+00
1762890135.401673079,2.552720904350280762e-01,2.496576458215713501e-01,1.009011983871459961e+00
1762890135.421707869,2.596781253814697266e-01,2.536564171314239502e-01,1.008949637413024902e+00
1762890135.441736221,2.643448114395141602e-01,2.577510178089141846e-01,1.008866667747497559e+00
1762890135.461725950,2.687253654003143311e-01,2.616394758224487305e-01,1.008796095848083496e+00
1762890135.481681824,2.734606862068176270e-01,2.658645212650299072e-01,1.008724689483642578e+00
1762890135.502706766,2.774191498756408691e-01,2.693161070346832275e-01,1.008656144142150879e+00
1762890135.522947788,2.830102145671844482e-01,2.742140293121337891e-01,1.008563637733459473e+00
1762890135.542690039,2.872623801231384277e-01,2.779356539249420166e-01,1.008494496345520020e+00
1762890135.562774658,2.924165129661560059e-01,2.823192477226257324e-01,1.008396029472351074e+00
1762890135.583799601,2.974812686443328857e-01,2.867379486560821533e-01,1.008315563201904297e+00
1762890135.601617098,3.023457825183868408e-01,2.908527255058288574e-01,1.008226633071899414e+00
1762890135.621662617,3.075782656669616699e-01,2.953136861324310303e-01,1.008141756057739258e+00
1762890135.641714096,3.126495778560638428e-01,2.996303141117095947e-01,1.008065581321716309e+00
1762890135.662822723,3.165931701660156250e-01,3.030366301536560059e-01,1.008017182350158691e+00
1762890135.683055401,3.227945864200592041e-01,3.082229197025299072e-01,1.007928490638732910e+00
1762890135.701833725,3.280870318412780762e-01,3.126720190048217773e-01,1.007864832878112793e+00
1762890135.721686602,3.332595229148864746e-01,3.170112073421478271e-01,1.007809281349182129e+00
1762890135.741718292,3.385056555271148682e-01,3.213922679424285889e-01,1.007760882377624512e+00
1762890135.761767864,3.437857925891876221e-01,3.257832229137420654e-01,1.007722139358520508e+00
1762890135.783001900,3.493036627769470215e-01,3.303392529487609863e-01,1.007690429687500000e+00
1762890135.802675962,3.544402122497558594e-01,3.345806896686553955e-01,1.007669448852539062e+00
1762890135.821696281,3.577443659305572510e-01,3.374031186103820801e-01,1.007664442062377930e+00
1762890135.841675997,3.630656003952026367e-01,3.417541682720184326e-01,1.007651090621948242e+00
1762890135.861807346,3.684541881084442139e-01,3.461329340934753418e-01,1.007642865180969238e+00
1762890135.881677628,3.738632500171661377e-01,3.505015373229980469e-01,1.007640600204467773e+00
1762890135.901884079,3.792876899242401123e-01,3.548544347286224365e-01,1.007644176483154297e+00
1762890135.921729803,3.842844963073730469e-01,3.587857484817504883e-01,1.007651209831237793e+00
1762890135.941843033,3.895358145236968994e-01,3.629520833492279053e-01,1.007669210433959961e+00
1762890135.962700129,3.956461846828460693e-01,3.677888810634613037e-01,1.007700443267822266e+00
1762890135.982741594,4.011424183845520020e-01,3.720609843730926514e-01,1.007735729217529297e+00
1762890136.001836777,4.072843492031097412e-01,3.767496943473815918e-01,1.007784008979797363e+00
1762890136.022749662,4.132533669471740723e-01,3.811731636524200439e-01,1.007839918136596680e+00
1762890136.042840242,4.184870123863220215e-01,3.851299285888671875e-01,1.007901430130004883e+00
1762890136.062744617,4.239650070667266846e-01,3.893102109432220459e-01,1.007972836494445801e+00
1762890136.082690954,4.295452535152435303e-01,3.934211730957031250e-01,1.008050560951232910e+00
1762890136.102759361,4.352175295352935791e-01,3.974453806877136230e-01,1.008133292198181152e+00
1762890136.122979641,4.408421814441680908e-01,4.014905095100402832e-01,1.008219361305236816e+00
1762890136.141678810,4.467107057571411133e-01,4.056446552276611328e-01,1.008310317993164062e+00
1762890136.161846876,4.521601200103759766e-01,4.094880223274230957e-01,1.008396029472351074e+00
1762890136.181685448,4.578357040882110596e-01,4.134297370910644531e-01,1.008485078811645508e+00
1762890136.201757908,4.635449051856994629e-01,4.173475205898284912e-01,1.008573532104492188e+00
1762890136.222717524,4.695013761520385742e-01,4.213681817054748535e-01,1.008664488792419434e+00
1762890136.242965937,4.750267565250396729e-01,4.250892400741577148e-01,1.008747577667236328e+00
1762890136.262741327,4.807757139205932617e-01,4.289014637470245361e-01,1.008831143379211426e+00
1762890136.282738686,4.865516722202301025e-01,4.326877593994140625e-01,1.008914828300476074e+00
1762890136.302755594,4.923415482044219971e-01,4.364399611949920654e-01,1.009000420570373535e+00
1762890136.322745800,4.981424212455749512e-01,4.401564002037048340e-01,1.009087800979614258e+00
1762890136.341723204,5.016395449638366699e-01,4.425809979438781738e-01,1.009148001670837402e+00
1762890136.361735821,5.074639320373535156e-01,4.462466239929199219e-01,1.009239673614501953e+00
1762890136.381918907,5.132696032524108887e-01,4.498597681522369385e-01,1.009334683418273926e+00
1762890136.401788712,5.190935134887695312e-01,4.534398019313812256e-01,1.009433865547180176e+00
1762890136.421766758,5.249221920967102051e-01,4.569784700870513916e-01,1.009537458419799805e+00
1762890136.441877127,5.300690531730651855e-01,4.599929153919219971e-01,1.009630799293518066e+00
1762890136.462978840,5.365921854972839355e-01,4.639212191104888916e-01,1.009761691093444824e+00
1762890136.482691050,5.424471497535705566e-01,4.673267900943756104e-01,1.009883522987365723e+00
1762890136.502632380,5.482821464538574219e-01,4.706694781780242920e-01,1.010010719299316406e+00
1762890136.521666527,5.535596013069152832e-01,4.735553562641143799e-01,1.010127663612365723e+00
1762890136.541835308,5.599992871284484863e-01,4.772076904773712158e-01,1.010282874107360840e+00
1762890136.562710285,5.658767223358154297e-01,4.803956747055053711e-01,1.010426998138427734e+00
1762890136.582779169,5.710439085960388184e-01,4.830665588378906250e-01,1.010554552078247070e+00
1762890136.602832794,5.769238471984863281e-01,4.861354231834411621e-01,1.010704755783081055e+00
1762890136.622798920,5.828132033348083496e-01,4.891431033611297607e-01,1.010859489440917969e+00
1762890136.641621351,5.887113809585571289e-01,4.920879006385803223e-01,1.011018872261047363e+00
1762890136.663668871,5.953144431114196777e-01,4.953923523426055908e-01,1.011201620101928711e+00
1762890136.681828737,6.005569100379943848e-01,4.977895915508270264e-01,1.011343479156494141e+00
1762890136.701616049,6.064515113830566406e-01,5.005263686180114746e-01,1.011505603790283203e+00
1762890136.721762419,6.123798489570617676e-01,5.032048821449279785e-01,1.011667728424072266e+00
1762890136.742764711,6.183171272277832031e-01,5.058156251907348633e-01,1.011831045150756836e+00
1762890136.761761665,6.243987083435058594e-01,5.083962678909301758e-01,1.011999011039733887e+00
1762890136.782712460,6.305501461029052734e-01,5.109214782714843750e-01,1.012168407440185547e+00
1762890136.802897692,6.373363137245178223e-01,5.135255455970764160e-01,1.012354373931884766e+00
1762890136.823772430,6.421564221382141113e-01,5.155578255653381348e-01,1.012492656707763672e+00
1762890136.841676235,6.495717763900756836e-01,5.181412696838378906e-01,1.012692809104919434e+00
1762890136.862715721,6.544833779335021973e-01,5.200765132904052734e-01,1.012832283973693848e+00
1762890136.881826639,6.591711044311523438e-01,5.219118595123291016e-01,1.012969136238098145e+00
1762890136.901771069,6.651382446289062500e-01,5.239515900611877441e-01,1.013139247894287109e+00
1762890136.921799898,6.710984706878662109e-01,5.259123444557189941e-01,1.013314127922058105e+00
1762890136.941745758,6.770569086074829102e-01,5.277941226959228516e-01,1.013494372367858887e+00
1762890136.961807966,6.830143928527832031e-01,5.295967459678649902e-01,1.013679385185241699e+00
1762890136.981764317,6.889731287956237793e-01,5.313176512718200684e-01,1.013871431350708008e+00
1762890137.002861261,6.949331164360046387e-01,5.329535007476806641e-01,1.014068007469177246e+00
1762890137.022926092,7.009053826332092285e-01,5.345021486282348633e-01,1.014266848564147949e+00
1762890137.042936087,7.068505287170410156e-01,5.359577536582946777e-01,1.014466166496276855e+00
1762890137.062746286,7.128056287765502930e-01,5.373207330703735352e-01,1.014666557312011719e+00
1762890137.082724094,7.187561392784118652e-01,5.385869145393371582e-01,1.014866232872009277e+00
1762890137.102708340,7.246981263160705566e-01,5.397532582283020020e-01,1.015064001083374023e+00
1762890137.123021126,7.299186587333679199e-01,5.405539870262145996e-01,1.015233516693115234e+00
1762890137.142734289,7.365459203720092773e-01,5.417761802673339844e-01,1.015457391738891602e+00
1762890137.162655354,7.417399883270263672e-01,5.423845052719116211e-01,1.015626668930053711e+00
1762890137.182726860,7.476224899291992188e-01,5.431371331214904785e-01,1.015824675559997559e+00
1762890137.202696562,7.534821629524230957e-01,5.437787175178527832e-01,1.016024708747863770e+00
1762890137.222768068,7.593163251876831055e-01,5.443076491355895996e-01,1.016228914260864258e+00
1762890137.241754532,7.652319073677062988e-01,5.447056293487548828e-01,1.016441106796264648e+00
1762890137.261719227,7.709002494812011719e-01,5.450199842453002930e-01,1.016651511192321777e+00
1762890137.282690287,7.766375541687011719e-01,5.452042818069458008e-01,1.016870856285095215e+00
1762890137.302774191,7.823705077171325684e-01,5.452641248703002930e-01,1.017097353935241699e+00
1762890137.322707415,7.880201339721679688e-01,5.452177524566650391e-01,1.017326712608337402e+00
1762890137.343072891,7.937862873077392578e-01,5.450100302696228027e-01,1.017565727233886719e+00
1762890137.362856627,7.992644906044006348e-01,5.447565913200378418e-01,1.017802238464355469e+00
1762890137.382726192,8.048298954963684082e-01,5.443508028984069824e-01,1.018047094345092773e+00
1762890137.402755260,8.103688955307006836e-01,5.438227057456970215e-01,1.018293619155883789e+00
1762890137.421737909,8.158961534500122070e-01,5.431637763977050781e-01,1.018540263175964355e+00
1762890137.442797661,8.213663101196289062e-01,5.423927903175354004e-01,1.018785476684570312e+00
1762890137.462835550,8.267841339111328125e-01,5.415120720863342285e-01,1.019030213356018066e+00
1762890137.482670784,8.321986198425292969e-01,5.404988527297973633e-01,1.019274234771728516e+00
1762890137.501672029,8.376083970069885254e-01,5.393493771553039551e-01,1.019514799118041992e+00
1762890137.521855116,8.422463536262512207e-01,5.385014414787292480e-01,1.019724965095520020e+00
1762890137.541663885,8.469758033752441406e-01,5.370659232139587402e-01,1.019924998283386230e+00
1762890137.561802387,8.522739410400390625e-01,5.355978608131408691e-01,1.020153880119323730e+00
1762890137.581754208,8.575660586357116699e-01,5.339927673339843750e-01,1.020378589630126953e+00
1762890137.601827145,8.628339171409606934e-01,5.322599411010742188e-01,1.020599842071533203e+00
1762890137.621759176,8.679434061050415039e-01,5.304906368255615234e-01,1.020814538002014160e+00
1762890137.641826630,8.727785944938659668e-01,5.287880897521972656e-01,1.021018743515014648e+00
1762890137.662697077,8.790308833122253418e-01,5.263047814369201660e-01,1.021279215812683105e+00
1762890137.682748795,8.836118578910827637e-01,5.240035057067871094e-01,1.021458506584167480e+00
1762890137.702790022,8.887131810188293457e-01,5.216056704521179199e-01,1.021666288375854492e+00
1762890137.722773075,8.937913775444030762e-01,5.190551877021789551e-01,1.021872520446777344e+00
1762890137.741750479,8.989235758781433105e-01,5.162700414657592773e-01,1.022084951400756836e+00
1762890137.762760162,9.038422703742980957e-01,5.135076642036437988e-01,1.022295713424682617e+00
1762890137.782647610,9.088230729103088379e-01,5.104948282241821289e-01,1.022508978843688965e+00
1762890137.802781582,9.137290120124816895e-01,5.073694586753845215e-01,1.022723078727722168e+00
1762890137.822872877,9.186139106750488281e-01,5.040705800056457520e-01,1.022937655448913574e+00
1762890137.842720509,9.234575629234313965e-01,5.006179213523864746e-01,1.023151755332946777e+00
1762890137.861618757,9.283412098884582520e-01,4.969043433666229248e-01,1.023368597030639648e+00
1762890137.882722616,9.330329895019531250e-01,4.932253360748291016e-01,1.023581862449645996e+00
1762890137.903024912,9.377186894416809082e-01,4.893485903739929199e-01,1.023795962333679199e+00
1762890137.922664404,9.423799514770507812e-01,4.852907061576843262e-01,1.024008274078369141e+00
1762890137.942633390,9.469917416572570801e-01,4.810826182365417480e-01,1.024217605590820312e+00
1762890137.962733507,9.515504837036132812e-01,4.767279922962188721e-01,1.024423837661743164e+00
1762890137.981642962,9.560706615447998047e-01,4.721995890140533447e-01,1.024629831314086914e+00
1762890138.002785683,9.605152606964111328e-01,4.675578474998474121e-01,1.024833321571350098e+00
1762890138.021665335,9.649010896682739258e-01,4.627768099308013916e-01,1.025035381317138672e+00
1762890138.041990757,9.692132472991943359e-01,4.578874111175537109e-01,1.025236964225769043e+00
1762890138.061798334,9.734841585159301758e-01,4.528289139270782471e-01,1.025439023971557617e+00
1762890138.082628727,9.786350727081298828e-01,4.456650912761688232e-01,1.025667667388916016e+00
1762890138.101793289,9.814175367355346680e-01,4.432376325130462646e-01,1.025833368301391602e+00
1762890138.121753693,9.855287075042724609e-01,4.377742409706115723e-01,1.026040554046630859e+00
1762890138.141762257,9.889807701110839844e-01,4.326583147048950195e-01,1.026211142539978027e+00
1762890138.161809444,9.929714798927307129e-01,4.269773960113525391e-01,1.026430010795593262e+00
1762890138.181725025,9.969103336334228516e-01,4.211598038673400879e-01,1.026658773422241211e+00
1762890138.202707052,1.000791549682617188e+00,4.152196645736694336e-01,1.026894927024841309e+00
1762890138.222800255,1.004627823829650879e+00,4.091184139251708984e-01,1.027138471603393555e+00
1762890138.242971420,1.008378386497497559e+00,4.029651284217834473e-01,1.027383208274841309e+00
1762890138.262748957,1.012143969535827637e+00,3.964791595935821533e-01,1.027630448341369629e+00
1762890138.282746792,1.015910387039184570e+00,3.896811604499816895e-01,1.027879476547241211e+00
1762890138.302641869,1.019329309463500977e+00,3.836125731468200684e-01,1.028110742568969727e+00
1762890138.322854042,1.022853136062622070e+00,3.769350945949554443e-01,1.028341889381408691e+00
1762890138.342747927,1.026327729225158691e+00,3.700977563858032227e-01,1.028566956520080566e+00
1762890138.363260269,1.029742956161499023e+00,3.631291985511779785e-01,1.028783679008483887e+00
1762890138.382702112,1.033097505569458008e+00,3.560310602188110352e-01,1.028992295265197754e+00
1762890138.401847839,1.036391496658325195e+00,3.488014936447143555e-01,1.029196739196777344e+00
1762890138.421772957,1.039634108543395996e+00,3.413977324962615967e-01,1.029396057128906250e+00
1762890138.441689491,1.042792320251464844e+00,3.339508175849914551e-01,1.029589891433715820e+00
1762890138.461715937,1.045897722244262695e+00,3.263311684131622314e-01,1.029780149459838867e+00
1762890138.481683254,1.048938035964965820e+00,3.185821473598480225e-01,1.029966592788696289e+00
1762890138.502719402,1.052430033683776855e+00,3.081441819667816162e-01,1.030162096023559570e+00
1762890138.522652626,1.054947495460510254e+00,3.020510375499725342e-01,1.030331850051879883e+00
1762890138.542780399,1.057644128799438477e+00,2.945960462093353271e-01,1.030507683753967285e+00
1762890138.562781811,1.060391187667846680e+00,2.864162623882293701e-01,1.030687451362609863e+00
1762890138.582723141,1.063068151473999023e+00,2.780906260013580322e-01,1.030875802040100098e+00
1762890138.601655722,1.065670847892761230e+00,2.696195840835571289e-01,1.031074404716491699e+00
1762890138.622672558,1.068648099899291992e+00,2.578445971012115479e-01,1.031311273574829102e+00
1762890138.642057896,1.070015549659729004e+00,2.546663284301757812e-01,1.031455278396606445e+00
1762890138.661768913,1.072759151458740234e+00,2.453314661979675293e-01,1.031733989715576172e+00
1762890138.681718588,1.075021147727966309e+00,2.365851253271102905e-01,1.031977295875549316e+00
1762890138.701746464,1.077196240425109863e+00,2.277247160673141479e-01,1.032236814498901367e+00
1762890138.721851349,1.078922271728515625e+00,2.194750607013702393e-01,1.032463431358337402e+00
1762890138.741663933,1.080888628959655762e+00,2.107804864645004272e-01,1.032745003700256348e+00
1762890138.761939526,1.082787156105041504e+00,2.017313688993453979e-01,1.033040761947631836e+00
1762890138.781667948,1.084610342979431152e+00,1.922780722379684448e-01,1.033341169357299805e+00
1762890138.801698685,1.086214900016784668e+00,1.845378726720809937e-01,1.033605098724365234e+00
1762890138.821969986,1.087814331054687500e+00,1.753387153148651123e-01,1.033883810043334961e+00
1762890138.841727495,1.089315056800842285e+00,1.659792065620422363e-01,1.034156560897827148e+00
1762890138.861652374,1.090710163116455078e+00,1.565375924110412598e-01,1.034419894218444824e+00
1762890138.881740332,1.091998100280761719e+00,1.470189392566680908e-01,1.034671664237976074e+00
1762890138.903620481,1.093179345130920410e+00,1.372753679752349854e-01,1.034918546676635742e+00
1762890138.921869278,1.094248056411743164e+00,1.261727511882781982e-01,1.035171747207641602e+00
1762890138.941672802,1.095216870307922363e+00,1.175685748457908630e-01,1.035387516021728516e+00
1762890138.961763620,1.096080780029296875e+00,1.080970913171768188e-01,1.035597681999206543e+00
1762890138.982666731,1.096835613250732422e+00,9.817692637443542480e-02,1.035795450210571289e+00
1762890139.001759529,1.097484827041625977e+00,8.815395087003707886e-02,1.035978078842163086e+00
1762890139.021782637,1.098029613494873047e+00,7.805769145488739014e-02,1.036145567893981934e+00
1762890139.042932272,1.098370552062988281e+00,6.620569527149200439e-02,1.036303400993347168e+00
1762890139.062809229,1.098715543746948242e+00,5.627426132559776306e-02,1.036451220512390137e+00
1762890139.082733154,1.099045276641845703e+00,4.732326045632362366e-02,1.036592483520507812e+00
1762890139.102828264,1.099074602127075195e+00,3.576143458485603333e-02,1.036726474761962891e+00
1762890139.121755600,1.099067926406860352e+00,2.506470307707786560e-02,1.036861658096313477e+00
1762890139.142774820,1.099150061607360840e+00,1.622727140784263611e-02,1.037001848220825195e+00
1762890139.162701130,1.098800659179687500e+00,4.211430437862873077e-03,1.037145137786865234e+00
1762890139.182822943,1.098512291908264160e+00,-6.258870474994182587e-03,1.037311315536499023e+00
1762890139.201742887,1.098090052604675293e+00,-1.695223711431026459e-02,1.037496924400329590e+00
1762890139.221663713,1.097249984741210938e+00,-2.805726230144500732e-02,1.037664294242858887e+00
1762890139.242795467,1.096565008163452148e+00,-3.898222744464874268e-02,1.037906646728515625e+00
1762890139.263041019,1.095928072929382324e+00,-4.888509958982467651e-02,1.038163542747497559e+00
1762890139.282844067,1.095106244087219238e+00,-5.925433710217475891e-02,1.038432240486145020e+00
1762890139.302651405,1.094167470932006836e+00,-6.962704658508300781e-02,1.038708329200744629e+00
1762890139.322727680,1.093114376068115234e+00,-7.996888458728790283e-02,1.038985848426818848e+00
1762890139.341608286,1.091836810111999512e+00,-9.079204499721527100e-02,1.039263486862182617e+00
1762890139.362741947,1.091032028198242188e+00,-9.986423701047897339e-02,1.039543628692626953e+00
1762890139.381763220,1.090402364730834961e+00,-1.057042106986045837e-01,1.039711236953735352e+00
1762890139.401781797,1.088968515396118164e+00,-1.157186701893806458e-01,1.039952039718627930e+00
1762890139.421695948,1.087381720542907715e+00,-1.258167475461959839e-01,1.040181994438171387e+00
1762890139.441676617,1.085670232772827148e+00,-1.358541697263717651e-01,1.040401935577392578e+00
1762890139.461738586,1.083835840225219727e+00,-1.458175927400588989e-01,1.040616393089294434e+00
1762890139.481829405,1.081875562667846680e+00,-1.557075828313827515e-01,1.040827393531799316e+00
1762890139.501737595,1.079784393310546875e+00,-1.655246615409851074e-01,1.041030645370483398e+00
1762890139.521786690,1.077558398246765137e+00,-1.752676665782928467e-01,1.041222333908081055e+00
1762890139.541676521,1.075194835662841797e+00,-1.849351227283477783e-01,1.041400551795959473e+00
1762890139.561661482,1.072691321372985840e+00,-1.945252865552902222e-01,1.041562795639038086e+00
1762890139.581721306,1.070046305656433105e+00,-2.040356397628784180e-01,1.041705369949340820e+00
1762890139.602804184,1.067214727401733398e+00,-2.135778665542602539e-01,1.041825056076049805e+00
1762890139.622686863,1.064327716827392578e+00,-2.228048145771026611e-01,1.041920065879821777e+00
1762890139.642616749,1.061259269714355469e+00,-2.320473939180374146e-01,1.041989207267761230e+00
1762890139.662868023,1.058047890663146973e+00,-2.412010580301284790e-01,1.042032241821289062e+00
1762890139.682894230,1.054698228836059570e+00,-2.502543926239013672e-01,1.042049646377563477e+00
1762890139.702721357,1.051212668418884277e+00,-2.592023611068725586e-01,1.042044281959533691e+00
1762890139.722748518,1.047593712806701660e+00,-2.680408656597137451e-01,1.042019844055175781e+00
1762890139.742665291,1.043844342231750488e+00,-2.767651379108428955e-01,1.041979193687438965e+00
1762890139.762627840,1.039967894554138184e+00,-2.853700816631317139e-01,1.041925787925720215e+00
1762890139.781700611,1.036064505577087402e+00,-2.933904826641082764e-01,1.041846632957458496e+00
1762890139.801668644,1.031922101974487305e+00,-3.017935454845428467e-01,1.041777253150939941e+00
1762890139.821707487,1.027844429016113281e+00,-3.097572624683380127e-01,1.041710734367370605e+00
1762890139.841807604,1.023511290550231934e+00,-3.178307712078094482e-01,1.041636824607849121e+00
1762890139.861645937,1.019057750701904297e+00,-3.257743716239929199e-01,1.041561245918273926e+00
1762890139.881682158,1.014466047286987305e+00,-3.336084783077239990e-01,1.041484951972961426e+00
1762890139.902665138,1.008136868476867676e+00,-3.436100184917449951e-01,1.041362881660461426e+00
1762890139.922733784,1.003182649612426758e+00,-3.512662649154663086e-01,1.041295647621154785e+00
1762890139.942746401,9.982492923736572266e-01,-3.585768938064575195e-01,1.041230320930480957e+00
1762890139.962803841,9.932149052619934082e-01,-3.657213151454925537e-01,1.041158676147460938e+00
1762890139.982716560,9.880701899528503418e-01,-3.727105259895324707e-01,1.041081547737121582e+00
1762890140.002679110,9.828153848648071289e-01,-3.795413374900817871e-01,1.040991306304931641e+00
1762890140.022664309,9.774540662765502930e-01,-3.862051069736480713e-01,1.040881276130676270e+00
1762890140.042691469,9.735850691795349121e-01,-3.909529745578765869e-01,1.040804505348205566e+00
1762890140.062752962,9.669579267501831055e-01,-3.984315991401672363e-01,1.040619611740112305e+00
1762890140.082767010,9.628436565399169922e-01,-4.030225574970245361e-01,1.040511131286621094e+00
1762890140.102850199,9.572020173072814941e-01,-4.089235663414001465e-01,1.040329933166503906e+00
1762890140.122741222,9.509816169738769531e-01,-4.150928258895874023e-01,1.040117859840393066e+00
1762890140.141780138,9.452707171440124512e-01,-4.204818904399871826e-01,1.039931535720825195e+00
1762890140.161909342,9.390028119087219238e-01,-4.260887801647186279e-01,1.039722800254821777e+00
1762890140.181728125,9.311143159866333008e-01,-4.326847195625305176e-01,1.039444804191589355e+00
1762890140.201737404,9.268901348114013672e-01,-4.360857605934143066e-01,1.039313197135925293e+00
1762890140.221852303,9.206227660179138184e-01,-4.408396184444427490e-01,1.039084315299987793e+00
1762890140.241734505,9.168241620063781738e-01,-4.436137080192565918e-01,1.038941502571105957e+00
1762890140.261713743,9.091530442237854004e-01,-4.488830566406250000e-01,1.038622140884399414e+00
1762890140.281878233,9.018743038177490234e-01,-4.535611569881439209e-01,1.038305997848510742e+00
1762890140.301888227,8.949754834175109863e-01,-4.577033817768096924e-01,1.037986159324645996e+00
1762890140.322722197,8.879414200782775879e-01,-4.616626203060150146e-01,1.037643790245056152e+00
1762890140.342769861,8.807466030120849609e-01,-4.654465019702911377e-01,1.037268996238708496e+00
1762890140.362896919,8.734527230262756348e-01,-4.690190553665161133e-01,1.036859273910522461e+00
1762890140.382887363,8.665574193000793457e-01,-4.721866548061370850e-01,1.036446094512939453e+00
1762890140.402745008,8.589771389961242676e-01,-4.753998219966888428e-01,1.035969614982604980e+00
1762890140.422745943,8.512657284736633301e-01,-4.784102737903594971e-01,1.035460948944091797e+00
1762890140.442942381,8.428412079811096191e-01,-4.813739061355590820e-01,1.034885883331298828e+00
1762890140.462704897,8.365451693534851074e-01,-4.834332168102264404e-01,1.034446120262145996e+00
1762890140.481728792,8.270331621170043945e-01,-4.862872362136840820e-01,1.033775568008422852e+00
1762890140.502763987,8.192012310028076172e-01,-4.883249104022979736e-01,1.033229112625122070e+00
1762890140.522935629,8.110026717185974121e-01,-4.902298748493194580e-01,1.032668113708496094e+00
1762890140.542694807,8.026433587074279785e-01,-4.919265508651733398e-01,1.032117128372192383e+00
1762890140.562787771,7.941923737525939941e-01,-4.933921098709106445e-01,1.031587839126586914e+00
1762890140.582712650,7.856545448303222656e-01,-4.946246445178985596e-01,1.031081199645996094e+00
1762890140.601700783,7.768127918243408203e-01,-4.956555366516113281e-01,1.030585885047912598e+00
1762890140.621761084,7.683168053627014160e-01,-4.963865876197814941e-01,1.030136585235595703e+00
1762890140.641709089,7.595382332801818848e-01,-4.969152510166168213e-01,1.029692292213439941e+00
1762890140.661800861,7.506653666496276855e-01,-4.972104430198669434e-01,1.029260516166687012e+00
1762890140.681846380,7.417110204696655273e-01,-4.972691833972930908e-01,1.028835415840148926e+00
1762890140.701777458,7.326772212982177734e-01,-4.970903992652893066e-01,1.028410315513610840e+00
1762890140.721665621,7.235651612281799316e-01,-4.966732561588287354e-01,1.027980923652648926e+00
1762890140.741632700,7.143762707710266113e-01,-4.960167109966278076e-01,1.027542710304260254e+00
1762890140.761749268,7.048788070678710938e-01,-4.951084554195404053e-01,1.027080178260803223e+00
1762890140.781712532,6.957187056541442871e-01,-4.939707517623901367e-01,1.026622295379638672e+00
1762890140.801884174,6.842008233070373535e-01,-4.925748705863952637e-01,1.026035428047180176e+00
1762890140.821871996,6.759372949600219727e-01,-4.910252392292022705e-01,1.025598526000976562e+00
1762890140.842791319,6.671452522277832031e-01,-4.890615642070770264e-01,1.025124669075012207e+00
1762890140.863239050,6.571635603904724121e-01,-4.868847429752349854e-01,1.024583220481872559e+00
1762890140.882711411,6.455699205398559570e-01,-4.841642677783966064e-01,1.023952245712280273e+00
1762890140.903721809,6.352223157882690430e-01,-4.813770651817321777e-01,1.023388981819152832e+00
1762890140.921692610,6.302860975265502930e-01,-4.795352220535278320e-01,1.023121476173400879e+00
1762890140.941725254,6.225005984306335449e-01,-4.771654307842254639e-01,1.022704005241394043e+00
1762890140.961760998,6.126903295516967773e-01,-4.739348590373992920e-01,1.022184729576110840e+00
1762890140.981968641,6.030527949333190918e-01,-4.705287814140319824e-01,1.021681904792785645e+00
1762890141.001703501,5.914542675018310547e-01,-4.663392901420593262e-01,1.021096229553222656e+00
1762890141.022783279,5.825664997100830078e-01,-4.627203345298767090e-01,1.020665764808654785e+00
1762890141.042836428,5.711473822593688965e-01,-4.580705761909484863e-01,1.020124554634094238e+00
1762890141.063038349,5.622106790542602539e-01,-4.540410339832305908e-01,1.019708275794982910e+00
1762890141.082709074,5.523157119750976562e-01,-4.494788348674774170e-01,1.019250273704528809e+00
1762890141.102724314,5.416384935379028320e-01,-4.444156885147094727e-01,1.018758296966552734e+00
1762890141.122664213,5.301602482795715332e-01,-4.387925267219543457e-01,1.018229961395263672e+00
1762890141.141761065,5.208730101585388184e-01,-4.338747560977935791e-01,1.017795681953430176e+00
1762890141.162961483,5.099261403083801270e-01,-4.280505776405334473e-01,1.017275094985961914e+00
1762890141.182667255,4.978371858596801758e-01,-4.214766919612884521e-01,1.016682624816894531e+00
1762890141.202737570,4.869801998138427734e-01,-4.152614176273345947e-01,1.016129970550537109e+00
1762890141.222794771,4.760533273220062256e-01,-4.088172018527984619e-01,1.015559673309326172e+00
1762890141.242658138,4.650441110134124756e-01,-4.021407961845397949e-01,1.014973878860473633e+00
1762890141.261749744,4.536836743354797363e-01,-3.950905799865722656e-01,1.014360070228576660e+00
1762890141.281857967,4.427755475044250488e-01,-3.880977630615234375e-01,1.013763308525085449e+00
1762890141.301869392,4.315531253814697266e-01,-3.807571530342102051e-01,1.013148784637451172e+00
1762890141.322798252,4.202568531036376953e-01,-3.731970787048339844e-01,1.012536644935607910e+00
1762890141.341792107,4.092911481857299805e-01,-3.656536340713500977e-01,1.011955261230468750e+00
1762890141.362688780,3.973014354705810547e-01,-3.573304116725921631e-01,1.011341333389282227e+00
1762890141.382827759,3.861438333988189697e-01,-3.493296504020690918e-01,1.010803937911987305e+00
1762890141.402939320,3.747397661209106445e-01,-3.410078883171081543e-01,1.010295510292053223e+00
1762890141.422797203,3.633184432983398438e-01,-3.325038850307464600e-01,1.009842514991760254e+00
1762890141.442749023,3.519002199172973633e-01,-3.238315880298614502e-01,1.009452581405639648e+00
1762890141.461889029,3.404915034770965576e-01,-3.149964809417724609e-01,1.009126901626586914e+00
1762890141.482786894,3.273869752883911133e-01,-3.051437139511108398e-01,1.008820891380310059e+00
1762890141.502883911,3.167147636413574219e-01,-2.964651584625244141e-01,1.008651733398437500e+00
1762890141.522768259,3.054016530513763428e-01,-2.871902883052825928e-01,1.008526563644409180e+00
1762890141.542849779,2.940725982189178467e-01,-2.777442932128906250e-01,1.008454799652099609e+00
1762890141.562666416,2.821961641311645508e-01,-2.677348554134368896e-01,1.008428573608398438e+00
1762890141.582842588,2.713581323623657227e-01,-2.583269476890563965e-01,1.008444905281066895e+00
1762890141.603067875,2.602753639221191406e-01,-2.485964149236679077e-01,1.008487105369567871e+00
1762890141.621601820,2.547037005424499512e-01,-2.429897040128707886e-01,1.008519530296325684e+00
1762890141.641731262,2.434546351432800293e-01,-2.329082489013671875e-01,1.008583784103393555e+00
1762890141.661732197,2.322822064161300659e-01,-2.227463573217391968e-01,1.008651494979858398e+00
1762890141.682675600,2.210903316736221313e-01,-2.124338001012802124e-01,1.008717775344848633e+00
1762890141.702615738,2.098754197359085083e-01,-2.019710540771484375e-01,1.008782744407653809e+00
1762890141.722702980,1.987213343381881714e-01,-1.914324760437011719e-01,1.008840441703796387e+00
1762890141.742784500,1.875247210264205933e-01,-1.807381063699722290e-01,1.008881568908691406e+00
1762890141.762639046,1.763074100017547607e-01,-1.699104756116867065e-01,1.008901000022888184e+00
1762890141.782596827,1.650653034448623657e-01,-1.589516848325729370e-01,1.008896589279174805e+00
1762890141.801918983,1.537629812955856323e-01,-1.478367596864700317e-01,1.008863210678100586e+00
1762890141.821865082,1.424876004457473755e-01,-1.366483569145202637e-01,1.008797526359558105e+00
1762890141.841694117,1.311419308185577393e-01,-1.253090202808380127e-01,1.008696556091308594e+00
1762890141.861650944,1.197543293237686157e-01,-1.138496175408363342e-01,1.008561611175537109e+00
1762890141.881903410,1.083269417285919189e-01,-1.022791340947151184e-01,1.008396625518798828e+00
1762890141.902646542,9.686064720153808594e-02,-9.060527384281158447e-02,1.008206605911254883e+00
1762890141.922822475,8.532696962356567383e-02,-7.880932837724685669e-02,1.007998228073120117e+00
1762890141.942790031,7.382352650165557861e-02,-6.698635220527648926e-02,1.007783412933349609e+00
1762890141.962693453,6.225818768143653870e-02,-5.506093800067901611e-02,1.007572054862976074e+00
1762890141.982643843,5.066632851958274841e-02,-4.307124763727188110e-02,1.007376670837402344e+00
1762890142.002970219,3.905571624636650085e-02,-3.103073313832283020e-02,1.007210969924926758e+00
1762890142.022816896,2.838857658207416534e-02,-2.020332030951976776e-02,1.007082819938659668e+00
1762890142.042798996,1.675455830991268158e-02,-8.096355944871902466e-03,1.007003068923950195e+00
1762890142.062789202,5.117466207593679428e-03,4.029110074043273926e-03,1.006982207298278809e+00
1762890142.082638264,-7.468844298273324966e-03,1.741834357380867004e-02,1.007046341896057129e+00
1762890142.102694988,-1.909245550632476807e-02,2.954911626875400543e-02,1.007165312767028809e+00
1762890142.121661425,-3.003991954028606415e-02,4.067232087254524231e-02,1.007324337959289551e+00
1762890142.143020153,-4.141797125339508057e-02,5.257721245288848877e-02,1.007573246955871582e+00
1762890142.162776470,-5.290823057293891907e-02,6.457772105932235718e-02,1.007885217666625977e+00
1762890142.182698011,-6.445601582527160645e-02,7.662049680948257446e-02,1.008257150650024414e+00
1762890142.202699423,-7.598088681697845459e-02,8.862854540348052979e-02,1.008688449859619141e+00
1762890142.222746134,-8.747792989015579224e-02,1.005945801734924316e-01,1.009168863296508789e+00
1762890142.242644310,-9.894904494285583496e-02,1.125173196196556091e-01,1.009686589241027832e+00
1762890142.262732506,-1.103971228003501892e-01,1.243958696722984314e-01,1.010231971740722656e+00
1762890142.282715559,-1.218254193663597107e-01,1.362299174070358276e-01,1.010793328285217285e+00
1762890142.302697420,-1.332364827394485474e-01,1.480183303356170654e-01,1.011359333992004395e+00
1762890142.322702885,-1.446322500705718994e-01,1.597590595483779907e-01,1.011919498443603516e+00
1762890142.342872381,-1.560142189264297485e-01,1.714495867490768433e-01,1.012463092803955078e+00
1762890142.362622976,-1.673835963010787964e-01,1.830864399671554565e-01,1.012980699539184570e+00
1762890142.382596493,-1.787412762641906738e-01,1.946652382612228394e-01,1.013466954231262207e+00
1762890142.401667118,-1.903649866580963135e-01,2.064212411642074585e-01,1.013927936553955078e+00
1762890142.422654867,-2.014861851930618286e-01,2.176811397075653076e-01,1.014338016510009766e+00
1762890142.442785501,-2.127248048782348633e-01,2.289786040782928467e-01,1.014722585678100586e+00
1762890142.462627172,-2.240304648876190186e-01,2.402617186307907104e-01,1.015085101127624512e+00
1762890142.481622696,-2.369147092103958130e-01,2.523551583290100098e-01,1.015441298484802246e+00
1762890142.501751900,-2.476349025964736938e-01,2.629724442958831787e-01,1.015770196914672852e+00
1762890142.521889210,-2.533017992973327637e-01,2.693504989147186279e-01,1.015996932983398438e+00
1762890142.541772127,-2.644533812999725342e-01,2.801853418350219727e-01,1.016344785690307617e+00
1762890142.561908245,-2.774429023265838623e-01,2.924075722694396973e-01,1.016746044158935547e+00
1762890142.581682682,-2.873387336730957031e-01,3.020072877407073975e-01,1.017096877098083496e+00
1762890142.602726936,-2.984524071216583252e-01,3.124770820140838623e-01,1.017504453659057617e+00
1762890142.622239113,-3.111032843589782715e-01,3.240198791027069092e-01,1.017987728118896484e+00
1762890142.641682386,-3.223534822463989258e-01,3.343220949172973633e-01,1.018457412719726562e+00
1762890142.661750317,-3.334408998489379883e-01,3.443592488765716553e-01,1.018953561782836914e+00
1762890142.681630135,-3.445682823657989502e-01,3.542807102203369141e-01,1.019482374191284180e+00
1762890142.701643467,-3.556818068027496338e-01,3.640395998954772949e-01,1.020024895668029785e+00
1762890142.722722292,-3.670477271080017090e-01,3.738199770450592041e-01,1.020583271980285645e+00
1762890142.741939545,-3.778643012046813965e-01,3.830482661724090576e-01,1.021121263504028320e+00
1762890142.761734247,-3.889654874801635742e-01,3.923132419586181641e-01,1.021662473678588867e+00
1762890142.781730890,-3.999369740486145020e-01,4.013234078884124756e-01,1.022182941436767578e+00
1762890142.802717209,-4.109440445899963379e-01,4.101880192756652832e-01,1.022683382034301758e+00
1762890142.822616816,-4.219785630702972412e-01,4.188928306102752686e-01,1.023165583610534668e+00
1762890142.842706680,-4.328533709049224854e-01,4.273179471492767334e-01,1.023622632026672363e+00
1762890142.862918854,-4.440105259418487549e-01,4.357315599918365479e-01,1.024066448211669922e+00
1762890142.882805347,-4.546588957309722900e-01,4.436487853527069092e-01,1.024478197097778320e+00
1762890142.902801037,-4.653787612915039062e-01,4.514231085777282715e-01,1.024884343147277832e+00
1762890142.922767878,-4.761175215244293213e-01,4.590152204036712646e-01,1.025285601615905762e+00
1762890142.941653013,-4.870568513870239258e-01,4.665122330188751221e-01,1.025691390037536621e+00
1762890142.962683678,-4.981943666934967041e-01,4.738990664482116699e-01,1.026108980178833008e+00
1762890142.982838869,-5.086168646812438965e-01,4.806998968124389648e-01,1.026515126228332520e+00
1762890143.002733469,-5.210550427436828613e-01,4.882226288318634033e-01,1.026979327201843262e+00
1762890143.022660732,-5.295732021331787109e-01,4.937210381031036377e-01,1.027354955673217773e+00
1762890143.042633772,-5.391213297843933105e-01,4.994862675666809082e-01,1.027766227722167969e+00
1762890143.061797857,-5.463693737983703613e-01,5.037339329719543457e-01,1.028080105781555176e+00
1762890143.082619905,-5.570012331008911133e-01,5.095967650413513184e-01,1.028527140617370605e+00
1762890143.102888107,-5.671160221099853516e-01,5.150095820426940918e-01,1.028966307640075684e+00
1762890143.122906208,-5.770676136016845703e-01,5.201311707496643066e-01,1.029407501220703125e+00
1762890143.142751694,-5.878273844718933105e-01,5.256628394126892090e-01,1.029894232749938965e+00
1762890143.162866354,-5.968493223190307617e-01,5.296285748481750488e-01,1.030248045921325684e+00
1762890143.181761980,-6.066199541091918945e-01,5.339696407318115234e-01,1.030643463134765625e+00
1762890143.202930212,-6.159818768501281738e-01,5.379434227943420410e-01,1.031005382537841797e+00
1762890143.222759247,-6.246559023857116699e-01,5.415174961090087891e-01,1.031321763992309570e+00
1762890143.242635965,-6.350052952766418457e-01,5.452051162719726562e-01,1.031638979911804199e+00
1762890143.262719154,-6.432961821556091309e-01,5.482106804847717285e-01,1.031893134117126465e+00
1762890143.282863140,-6.537261605262756348e-01,5.513116717338562012e-01,1.032142877578735352e+00
1762890143.302665234,-6.618666052818298340e-01,5.537903904914855957e-01,1.032344460487365723e+00
1762890143.322782278,-6.709454059600830078e-01,5.561192631721496582e-01,1.032529115676879883e+00
1762890143.342789888,-6.799954175949096680e-01,5.581536889076232910e-01,1.032689929008483887e+00
1762890143.362704992,-6.889578700065612793e-01,5.598836541175842285e-01,1.032828688621520996e+00
1762890143.382625580,-6.978293061256408691e-01,5.613079667091369629e-01,1.032948374748229980e+00
1762890143.401804924,-7.067149281501770020e-01,5.624216198921203613e-01,1.033047556877136230e+00
1762890143.422685146,-7.156717181205749512e-01,5.632143020629882812e-01,1.033121109008789062e+00
1762890143.442852497,-7.239043712615966797e-01,5.637448430061340332e-01,1.033176422119140625e+00
1762890143.462741375,-7.323873043060302734e-01,5.639505386352539062e-01,1.033206939697265625e+00
1762890143.482920408,-7.407928705215454102e-01,5.638501048088073730e-01,1.033216238021850586e+00
1762890143.502728462,-7.490959167480468750e-01,5.634449124336242676e-01,1.033206343650817871e+00
1762890143.521781445,-7.586307525634765625e-01,5.623993873596191406e-01,1.033146977424621582e+00
1762890143.541959763,-7.648453116416931152e-01,5.615741014480590820e-01,1.033103227615356445e+00
1762890143.561756611,-7.752094268798828125e-01,5.594853758811950684e-01,1.032967686653137207e+00
1762890143.581740141,-7.826575636863708496e-01,5.579504370689392090e-01,1.032892823219299316e+00
1762890143.602663279,-7.901242971420288086e-01,5.563849806785583496e-01,1.032839775085449219e+00
1762890143.621740580,-7.988005876541137695e-01,5.533300042152404785e-01,1.032667040824890137e+00
1762890143.641736031,-8.058797717094421387e-01,5.509158372879028320e-01,1.032582879066467285e+00
1762890143.661748171,-8.131662607192993164e-01,5.480519533157348633e-01,1.032485008239746094e+00
1762890143.681677103,-8.203314542770385742e-01,5.448866486549377441e-01,1.032392144203186035e+00
1762890143.701764107,-8.273542523384094238e-01,5.414305329322814941e-01,1.032301545143127441e+00
1762890143.721700430,-8.342323899269104004e-01,5.376905798912048340e-01,1.032207965850830078e+00
1762890143.741683245,-8.404889106750488281e-01,5.340164303779602051e-01,1.032131075859069824e+00
1762890143.761808634,-8.453503847122192383e-01,5.311317443847656250e-01,1.032097101211547852e+00
1762890143.781661987,-8.517199158668518066e-01,5.267326831817626953e-01,1.031997919082641602e+00
1762890143.801588058,-8.580425977706909180e-01,5.219901800155639648e-01,1.031887650489807129e+00
1762890143.821755409,-8.646058440208435059e-01,5.166159272193908691e-01,1.031759977340698242e+00
1762890143.841904640,-8.702572584152221680e-01,5.116960406303405762e-01,1.031665802001953125e+00
1762890143.861725330,-8.761147260665893555e-01,5.061799883842468262e-01,1.031559944152832031e+00
1762890143.881617308,-8.818582296371459961e-01,5.003753304481506348e-01,1.031449198722839355e+00
1762890143.901767254,-8.874735832214355469e-01,4.943018555641174316e-01,1.031333088874816895e+00
1762890143.922980070,-8.929634094238281250e-01,4.879604279994964600e-01,1.031213283538818359e+00
1762890143.942660809,-8.983591198921203613e-01,4.813090860843658447e-01,1.031083226203918457e+00
1762890143.962788343,-9.035767316818237305e-01,4.744750857353210449e-01,1.030941963195800781e+00
1762890143.982600451,-9.087087512016296387e-01,4.673353731632232666e-01,1.030783414840698242e+00
1762890144.002625465,-9.137256145477294922e-01,4.599313139915466309e-01,1.030609011650085449e+00
1762890144.022744417,-9.186235070228576660e-01,4.522690773010253906e-01,1.030420184135437012e+00
1762890144.042659760,-9.234001636505126953e-01,4.443534612655639648e-01,1.030217409133911133e+00
1762890144.062724352,-9.280530214309692383e-01,4.361899197101593018e-01,1.030001401901245117e+00
1762890144.082688570,-9.325785040855407715e-01,4.277847707271575928e-01,1.029774785041809082e+00
1762890144.102763176,-9.374508857727050781e-01,4.181507229804992676e-01,1.029479265213012695e+00
1762890144.122838020,-9.412209987640380859e-01,4.102780520915985107e-01,1.029315710067749023e+00
1762890144.142631531,-9.453213810920715332e-01,4.011923372745513916e-01,1.029095053672790527e+00
1762890144.162860870,-9.497240185737609863e-01,3.908585906028747559e-01,1.028824567794799805e+00
1762890144.182800055,-9.534878134727478027e-01,3.813483417034149170e-01,1.028639912605285645e+00
1762890144.202675581,-9.566273093223571777e-01,3.727117776870727539e-01,1.028544068336486816e+00
1762890144.221581697,-9.606543183326721191e-01,3.612343072891235352e-01,1.028347253799438477e+00
1762890144.241770506,-9.636619091033935547e-01,3.517023921012878418e-01,1.028272151947021484e+00
1762890144.261624813,-9.666451215744018555e-01,3.415226340293884277e-01,1.028221726417541504e+00
1762890144.281672955,-9.694300889968872070e-01,3.311626613140106201e-01,1.028211474418640137e+00
1762890144.301630735,-9.720024466514587402e-01,3.206584453582763672e-01,1.028245210647583008e+00
1762890144.321740389,-9.743601679801940918e-01,3.100250661373138428e-01,1.028317332267761230e+00
1762890144.341688633,-9.765025377273559570e-01,2.992745041847229004e-01,1.028424263000488281e+00
1762890144.362677574,-9.784514307975769043e-01,2.882891893386840820e-01,1.028560638427734375e+00
1762890144.382682562,-9.801376461982727051e-01,2.774650454521179199e-01,1.028719544410705566e+00
1762890144.402705669,-9.816479682922363281e-01,2.664149999618530273e-01,1.028895974159240723e+00
1762890144.422714949,-9.829608201980590820e-01,2.552672326564788818e-01,1.029084920883178711e+00
1762890144.442599297,-9.840818047523498535e-01,2.440340369939804077e-01,1.029282808303833008e+00
1762890144.462698460,-9.850195646286010742e-01,2.327190339565277100e-01,1.029484629631042480e+00
1762890144.482802868,-9.857835173606872559e-01,2.213243991136550903e-01,1.029685974121093750e+00
1762890144.502673388,-9.863836169242858887e-01,2.098520994186401367e-01,1.029883265495300293e+00
1762890144.522612095,-9.868291616439819336e-01,1.983038634061813354e-01,1.030074000358581543e+00
1762890144.542686939,-9.871294498443603516e-01,1.866813153028488159e-01,1.030255675315856934e+00
1762890144.562780857,-9.872931838035583496e-01,1.749865263700485229e-01,1.030426859855651855e+00
1762890144.581745386,-9.870275855064392090e-01,1.693340986967086792e-01,1.030554771423339844e+00
1762890144.601794958,-9.870375990867614746e-01,1.599414050579071045e-01,1.030673265457153320e+00
1762890144.621843576,-9.869571924209594727e-01,1.467295736074447632e-01,1.030824542045593262e+00
1762890144.642735481,-9.865841269493103027e-01,1.337479501962661743e-01,1.030989050865173340e+00
1762890144.661763668,-9.862156510353088379e-01,1.215728521347045898e-01,1.031120538711547852e+00
1762890144.682871819,-9.858807325363159180e-01,1.103178635239601135e-01,1.031225919723510742e+00
1762890144.702802658,-9.853056073188781738e-01,9.540064632892608643e-02,1.031392693519592285e+00
1762890144.722768068,-9.846003651618957520e-01,8.227229118347167969e-02,1.031577110290527344e+00
1762890144.743001461,-9.838274717330932617e-01,7.311445474624633789e-02,1.031748294830322266e+00
1762890144.762859344,-9.829493761062622070e-01,6.172459200024604797e-02,1.031940817832946777e+00
1762890144.782726526,-9.819545149803161621e-01,4.933539777994155884e-02,1.032149195671081543e+00
1762890144.802800179,-9.808502793312072754e-01,3.681000322103500366e-02,1.032357811927795410e+00
1762890144.822774649,-9.796353578567504883e-01,2.421486936509609222e-02,1.032560944557189941e+00
1762890144.842617750,-9.783049821853637695e-01,1.156012155115604401e-02,1.032760262489318848e+00
1762890144.861661911,-9.768350124359130859e-01,-1.457898062653839588e-03,1.032954096794128418e+00
1762890144.882806540,-9.750515222549438477e-01,-1.722503453493118286e-02,1.033150434494018555e+00
1762890144.902851105,-9.735660552978515625e-01,-2.686027996242046356e-02,1.033297896385192871e+00
1762890144.922834158,-9.717494845390319824e-01,-3.947763890027999878e-02,1.033452868461608887e+00
1762890144.942684174,-9.697865843772888184e-01,-5.227900668978691101e-02,1.033603668212890625e+00
1762890144.962687254,-9.673442840576171875e-01,-6.831175833940505981e-02,1.033777832984924316e+00
1762890144.983801126,-9.653382301330566406e-01,-7.880551367998123169e-02,1.033945918083190918e+00
1762890145.002737761,-9.625694155693054199e-01,-9.443425387144088745e-02,1.034176349639892578e+00
1762890145.022764206,-9.599762558937072754e-01,-1.073093414306640625e-01,1.034425973892211914e+00
1762890145.042722940,-9.572759270668029785e-01,-1.198329702019691467e-01,1.034716486930847168e+00
1762890145.062646627,-9.544453024864196777e-01,-1.322184950113296509e-01,1.035054802894592285e+00
1762890145.082670450,-9.514846801757812500e-01,-1.444663405418395996e-01,1.035449862480163574e+00
1762890145.101935148,-9.498710632324218750e-01,-1.497826427221298218e-01,1.035672903060913086e+00
1762890145.121786118,-9.467872977256774902e-01,-1.615161448717117310e-01,1.036113619804382324e+00
1762890145.141732216,-9.435433149337768555e-01,-1.733419448137283325e-01,1.036588907241821289e+00
1762890145.161926031,-9.397596120834350586e-01,-1.859577298164367676e-01,1.037140250205993652e+00
1762890145.182858229,-9.367395043373107910e-01,-1.964389979839324951e-01,1.037592411041259766e+00
1762890145.202773333,-9.327414631843566895e-01,-2.086269706487655640e-01,1.038158893585205078e+00
1762890145.222614288,-9.295663833618164062e-01,-2.186849862337112427e-01,1.038618087768554688e+00
1762890145.242720366,-9.262137413024902344e-01,-2.281266450881958008e-01,1.039072632789611816e+00
1762890145.262677431,-9.220901727676391602e-01,-2.399792820215225220e-01,1.039625883102416992e+00
1762890145.282765388,-9.186736345291137695e-01,-2.488075196743011475e-01,1.040042996406555176e+00
1762890145.302746296,-9.144027829170227051e-01,-2.601697742938995361e-01,1.040547847747802734e+00
1762890145.322772264,-9.106802344322204590e-01,-2.692791819572448730e-01,1.040938377380371094e+00
1762890145.341608524,-9.062789082527160645e-01,-2.801357507705688477e-01,1.041364550590515137e+00
1762890145.361695051,-9.022212624549865723e-01,-2.895196080207824707e-01,1.041704654693603516e+00
1762890145.381962061,-8.983485698699951172e-01,-2.980269193649291992e-01,1.041987657546997070e+00
1762890145.401669502,-8.938258290290832520e-01,-3.080301880836486816e-01,1.042270660400390625e+00
1762890145.421835899,-8.898136019706726074e-01,-3.162798583507537842e-01,1.042467474937438965e+00
1762890145.441848278,-8.854645490646362305e-01,-3.251008987426757812e-01,1.042627215385437012e+00
1762890145.461851835,-8.811306953430175781e-01,-3.335406482219696045e-01,1.042727112770080566e+00
1762890145.482974768,-8.765813112258911133e-01,-3.421756625175476074e-01,1.042774677276611328e+00
1762890145.502768040,-8.719207644462585449e-01,-3.507177233695983887e-01,1.042765498161315918e+00
1762890145.522745609,-8.668966293334960938e-01,-3.596895933151245117e-01,1.042688012123107910e+00
1762890145.542759895,-8.624458312988281250e-01,-3.670333325862884521e-01,1.042581439018249512e+00
1762890145.562614918,-8.577155470848083496e-01,-3.746192753314971924e-01,1.042423009872436523e+00
1762890145.582716703,-8.521727919578552246e-01,-3.834268152713775635e-01,1.042179346084594727e+00
1762890145.601930141,-8.470190763473510742e-01,-3.910315036773681641e-01,1.041929006576538086e+00
1762890145.621878862,-8.418066501617431641e-01,-3.988189697265625000e-01,1.041621208190917969e+00
1762890145.641664267,-8.365011215209960938e-01,-4.058432579040527344e-01,1.041316986083984375e+00
1762890145.661769152,-8.311427235603332520e-01,-4.120824038982391357e-01,1.041033864021301270e+00
1762890145.681789398,-8.256261944770812988e-01,-4.186218082904815674e-01,1.040703177452087402e+00
1762890145.701643229,-8.200032711029052734e-01,-4.248897135257720947e-01,1.040364623069763184e+00
1762890145.722768307,-8.142520189285278320e-01,-4.308977425098419189e-01,1.040019392967224121e+00
1762890145.742676258,-8.084543347358703613e-01,-4.365377724170684814e-01,1.039673805236816406e+00
1762890145.762622356,-8.024341464042663574e-01,-4.423713684082031250e-01,1.039288401603698730e+00
1762890145.782775879,-7.964224219322204590e-01,-4.473817646503448486e-01,1.038932800292968750e+00
1762890145.802925110,-7.903314828872680664e-01,-4.520488977432250977e-01,1.038570284843444824e+00
1762890145.822803736,-7.841686606407165527e-01,-4.563639163970947266e-01,1.038198113441467285e+00
1762890145.842753172,-7.779409289360046387e-01,-4.603210389614105225e-01,1.037812829017639160e+00
1762890145.861736774,-7.715981602668762207e-01,-4.639482200145721436e-01,1.037406206130981445e+00
1762890145.881799936,-7.653216719627380371e-01,-4.671291410923004150e-01,1.036986470222473145e+00
1762890145.901694298,-7.589402794837951660e-01,-4.699912667274475098e-01,1.036536097526550293e+00
1762890145.921746016,-7.525126934051513672e-01,-4.724922180175781250e-01,1.036054611206054688e+00
1762890145.941806793,-7.487055659294128418e-01,-4.734413027763366699e-01,1.035773396492004395e+00
1762890145.961746454,-7.421559691429138184e-01,-4.754162132740020752e-01,1.035230398178100586e+00
1762890145.981689930,-7.356826663017272949e-01,-4.769871234893798828e-01,1.034659385681152344e+00
1762890146.001716852,-7.291433215141296387e-01,-4.782269299030303955e-01,1.034045577049255371e+00
1762890146.021713972,-7.225477099418640137e-01,-4.791328907012939453e-01,1.033388853073120117e+00
1762890146.042651176,-7.158944606781005859e-01,-4.797061681747436523e-01,1.032690644264221191e+00
1762890146.062693596,-7.092225551605224609e-01,-4.799464941024780273e-01,1.031956911087036133e+00
1762890146.082819223,-7.024788260459899902e-01,-4.798640310764312744e-01,1.031181335449218750e+00
1762890146.102939844,-6.956686377525329590e-01,-4.794611036777496338e-01,1.030367374420166016e+00
1762890146.122619152,-6.887834668159484863e-01,-4.787425696849822998e-01,1.029517173767089844e+00
1762890146.142806292,-6.818132400512695312e-01,-4.777130186557769775e-01,1.028632164001464844e+00
1762890146.162890434,-6.747477650642395020e-01,-4.763771295547485352e-01,1.027714967727661133e+00
1762890146.182648182,-6.675773859024047852e-01,-4.747391641139984131e-01,1.026768088340759277e+00
1762890146.202788115,-6.602936387062072754e-01,-4.728025794029235840e-01,1.025793433189392090e+00
1762890146.222767830,-6.528887152671813965e-01,-4.705703854560852051e-01,1.024792194366455078e+00
1762890146.242660522,-6.453559398651123047e-01,-4.680450260639190674e-01,1.023765563964843750e+00
1762890146.263661861,-6.376898884773254395e-01,-4.652285277843475342e-01,1.022714734077453613e+00
1762890146.281939030,-6.307235956192016602e-01,-4.624778926372528076e-01,1.021744370460510254e+00
1762890146.301828146,-6.228299140930175781e-01,-4.591252207756042480e-01,1.020655632019042969e+00
1762890146.322746277,-6.147583723068237305e-01,-4.554723203182220459e-01,1.019539594650268555e+00
1762890146.343019247,-6.056107282638549805e-01,-4.510681629180908203e-01,1.018284559249877930e+00
1762890146.362792015,-5.981851220130920410e-01,-4.473040401935577393e-01,1.017247915267944336e+00
1762890146.382627487,-5.896857976913452148e-01,-4.427941441535949707e-01,1.016074419021606445e+00
1762890146.402844906,-5.810404419898986816e-01,-4.379978775978088379e-01,1.014883756637573242e+00
1762890146.423855782,-5.722527503967285156e-01,-4.329176843166351318e-01,1.013679623603820801e+00
1762890146.441617489,-5.632854104042053223e-01,-4.275287687778472900e-01,1.012459278106689453e+00
1762890146.461725235,-5.542685985565185547e-01,-4.219150245189666748e-01,1.011241674423217773e+00
1762890146.481895924,-5.450770258903503418e-01,-4.159993827342987061e-01,1.010010480880737305e+00
1762890146.502774477,-5.355577468872070312e-01,-4.096740186214447021e-01,1.008747696876525879e+00
1762890146.522627354,-5.262940526008605957e-01,-4.033381044864654541e-01,1.007536172866821289e+00
1762890146.542700052,-5.167288780212402344e-01,-3.966152966022491455e-01,1.006301522254943848e+00
1762890146.562756538,-5.070309638977050781e-01,-3.896216452121734619e-01,1.005069494247436523e+00
1762890146.582610607,-4.972134530544281006e-01,-3.823690116405487061e-01,1.003844976425170898e+00
1762890146.602760553,-4.872800409793853760e-01,-3.748633265495300293e-01,1.002630829811096191e+00
1762890146.622714520,-4.772331416606903076e-01,-3.671101629734039307e-01,1.001429915428161621e+00
1762890146.642784595,-4.670752882957458496e-01,-3.591156601905822754e-01,1.000245094299316406e+00
1762890146.661647797,-4.565926194190979004e-01,-3.507076501846313477e-01,9.990546703338623047e-01
1762890146.681745529,-4.459992945194244385e-01,-3.420108258724212646e-01,9.978819489479064941e-01
1762890146.701755285,-4.359669685363769531e-01,-3.337559401988983154e-01,9.968156218528747559e-01
1762890146.721722603,-4.249559044837951660e-01,-3.244388103485107422e-01,9.956740140914916992e-01
1762890146.741682291,-4.142697453498840332e-01,-3.153295218944549561e-01,9.946109056472778320e-01
1762890146.761795282,-4.039346873760223389e-01,-3.064738512039184570e-01,9.936214685440063477e-01
1762890146.781636477,-3.926040828227996826e-01,-2.965245842933654785e-01,9.925772547721862793e-01
1762890146.801640511,-3.816262185573577881e-01,-2.868431508541107178e-01,9.916104078292846680e-01
1762890146.821684599,-3.705528080463409424e-01,-2.769852876663208008e-01,9.906787872314453125e-01
1762890146.841766596,-3.593854308128356934e-01,-2.669588923454284668e-01,9.897840619087219238e-01
1762890146.861632824,-3.481248021125793457e-01,-2.567708492279052734e-01,9.889261722564697266e-01
1762890146.881588936,-3.367718458175659180e-01,-2.464278042316436768e-01,9.881051778793334961e-01
1762890146.902678728,-3.252194225788116455e-01,-2.358349263668060303e-01,9.873145818710327148e-01
1762890146.922926426,-3.138113617897033691e-01,-2.253220826387405396e-01,9.865736365318298340e-01
1762890146.942752361,-3.022049665451049805e-01,-2.145736366510391235e-01,9.858608841896057129e-01
1762890146.962750912,-2.905082702636718750e-01,-2.036951929330825806e-01,9.851858019828796387e-01
1762890146.982780933,-2.787294983863830566e-01,-1.926996856927871704e-01,9.845483899116516113e-01
1762890147.002753258,-2.668715417385101318e-01,-1.815948784351348877e-01,9.839484691619873047e-01
1762890147.022655964,-2.576251029968261719e-01,-1.729536652565002441e-01,9.835007190704345703e-01
1762890147.042762756,-2.464616149663925171e-01,-1.624606698751449585e-01,9.830004572868347168e-01
1762890147.062665939,-2.344470173120498657e-01,-1.511347144842147827e-01,9.825018048286437988e-01
1762890147.082703829,-2.216617316007614136e-01,-1.390538960695266724e-01,9.820169210433959961e-01
1762890147.102737427,-2.073944360017776489e-01,-1.255372166633605957e-01,9.815433025360107422e-01
1762890147.122727394,-1.976766437292098999e-01,-1.163675338029861450e-01,9.812443256378173828e-01
1762890147.142628193,-1.854559183120727539e-01,-1.047904416918754578e-01,9.809193611145019531e-01
1762890147.162672281,-1.729917973279953003e-01,-9.297385066747665405e-02,9.806278944015502930e-01
1762890147.182828903,-1.604219228029251099e-01,-8.105205744504928589e-02,9.803712964057922363e-01
1762890147.203015804,-1.477568447589874268e-01,-6.903944909572601318e-02,9.801460504531860352e-01
1762890147.222762585,-1.349964439868927002e-01,-5.693870782852172852e-02,9.799420833587646484e-01
1762890147.242671728,-1.221376657485961914e-01,-4.474878311157226562e-02,9.797459840774536133e-01
1762890147.262774944,-1.091820448637008667e-01,-3.247496858239173889e-02,9.795467853546142578e-01
1762890147.283693314,-9.552733600139617920e-02,-1.954913698136806488e-02,9.793315529823303223e-01
1762890147.301704407,-8.669629693031311035e-02,-1.120390091091394424e-02,9.791791439056396484e-01
1762890147.321790218,-7.312928885221481323e-02,1.608501537702977657e-03,9.789427518844604492e-01
1762890147.341855049,-5.844993144273757935e-02,1.543571986258029938e-02,9.786688089370727539e-01
1762890147.361628056,-4.512074589729309082e-02,2.796678058803081512e-02,9.784307479858398438e-01
1762890147.382675409,-3.159807249903678894e-02,4.064508900046348572e-02,9.782043695449829102e-01
1762890147.402697563,-1.831122115254402161e-02,5.306120589375495911e-02,9.780087471008300781e-01
1762890147.422694206,-4.858786705881357193e-03,6.558482348918914795e-02,9.778528809547424316e-01
1762890147.441692352,7.220776751637458801e-03,7.678280770778656006e-02,9.777626991271972656e-01
1762890147.461731195,2.078319154679775238e-02,8.929491043090820312e-02,9.777298569679260254e-01
1762890147.481687546,3.422005847096443176e-02,1.016224622726440430e-01,9.777805805206298828e-01
1762890147.501893044,4.772099480032920837e-02,1.139322444796562195e-01,9.779260754585266113e-01
1762890147.522765160,6.121659651398658752e-02,1.261526644229888916e-01,9.781759977340698242e-01
1762890147.542623997,7.476001977920532227e-02,1.383232921361923218e-01,9.785366058349609375e-01
1762890147.562764168,8.844206482172012329e-02,1.505174040794372559e-01,9.790126681327819824e-01
1762890147.582753420,1.016728058457374573e-01,1.622088402509689331e-01,9.795737862586975098e-01
1762890147.602731943,1.150243207812309265e-01,1.739004999399185181e-01,9.802302122116088867e-01
1762890147.621852160,1.287228763103485107e-01,1.857751905918121338e-01,9.809873104095458984e-01
1762890147.642904282,1.421331018209457397e-01,1.972814202308654785e-01,9.817904233932495117e-01
1762890147.662618399,1.581684947013854980e-01,2.108460813760757446e-01,9.828311800956726074e-01
1762890147.682857990,1.716817319393157959e-01,2.221645265817642212e-01,9.837192893028259277e-01
1762890147.702728748,1.821106225252151489e-01,2.308567911386489868e-01,9.843809008598327637e-01
1762890147.722671986,1.952840387821197510e-01,2.416711300611495972e-01,9.852443933486938477e-01
1762890147.742671967,2.093237787485122681e-01,2.530474364757537842e-01,9.861576557159423828e-01
1762890147.762873888,2.219714671373367310e-01,2.631891667842864990e-01,9.869457483291625977e-01
1762890147.782680988,2.352390885353088379e-01,2.736884653568267822e-01,9.877527356147766113e-01
1762890147.802676678,2.485256046056747437e-01,2.840709388256072998e-01,9.885330796241760254e-01
1762890147.822832346,2.617976665496826172e-01,2.943100035190582275e-01,9.892817139625549316e-01
1762890147.842728615,2.750526666641235352e-01,3.044024705886840820e-01,9.899964332580566406e-01
1762890147.862797022,2.882889211177825928e-01,3.143471479415893555e-01,9.906801581382751465e-01
1762890147.882804871,3.015041053295135498e-01,3.241415023803710938e-01,9.913350343704223633e-01
1762890147.902912140,3.146934807300567627e-01,3.337808251380920410e-01,9.919633269309997559e-01
1762890147.922816277,3.278504312038421631e-01,3.432589173316955566e-01,9.925682544708251953e-01
1762890147.941803694,3.415898978710174561e-01,3.528583645820617676e-01,9.931812286376953125e-01
1762890147.961995840,3.545213639736175537e-01,3.618870377540588379e-01,9.937483668327331543e-01
1762890147.981728077,3.675229847431182861e-01,3.708156943321228027e-01,9.943174719810485840e-01
1762890148.001612663,3.804630339145660400e-01,3.795516490936279297e-01,9.948910474777221680e-01
1762890148.021714211,3.933236300945281982e-01,3.880793154239654541e-01,9.954780936241149902e-01
1762890148.041705847,4.060936570167541504e-01,3.963880836963653564e-01,9.960852861404418945e-01
1762890148.062683105,4.193083941936492920e-01,4.047854542732238770e-01,9.967491626739501953e-01
1762890148.082803726,4.313368499279022217e-01,4.123111069202423096e-01,9.973956346511840820e-01
1762890148.102731466,4.437549114227294922e-01,4.198888242244720459e-01,9.981026053428649902e-01
1762890148.122643232,4.560842812061309814e-01,4.272312819957733154e-01,9.988476634025573730e-01
1762890148.145758629,4.680944085121154785e-01,4.343863427639007568e-01,9.996194839477539062e-01
1762890148.161722183,4.752253890037536621e-01,4.385480880737304688e-01,1.000092983245849609e+00
1762890148.181746483,4.871985018253326416e-01,4.452043771743774414e-01,1.000909447669982910e+00
1762890148.201757669,4.990696310997009277e-01,4.516035020351409912e-01,1.001745939254760742e+00
1762890148.221673727,5.108122825622558594e-01,4.577282667160034180e-01,1.002592325210571289e+00
1762890148.241603851,5.224274396896362305e-01,4.635766446590423584e-01,1.003441929817199707e+00
1762890148.261703968,5.339196324348449707e-01,4.691454470157623291e-01,1.004290342330932617e+00
1762890148.282068968,5.452939271926879883e-01,4.744304716587066650e-01,1.005128383636474609e+00
1762890148.301559210,5.565544366836547852e-01,4.794296026229858398e-01,1.005944371223449707e+00
1762890148.321709156,5.677288770675659180e-01,4.841481447219848633e-01,1.006730437278747559e+00
1762890148.341841936,5.787682533264160156e-01,4.885672628879547119e-01,1.007474899291992188e+00
1762890148.362696171,5.896787047386169434e-01,4.926914572715759277e-01,1.008171319961547852e+00
1762890148.382670403,6.005377173423767090e-01,4.965400695800781250e-01,1.008818745613098145e+00
1762890148.402689457,6.112468242645263672e-01,5.000882744789123535e-01,1.009407401084899902e+00
1762890148.422792673,6.218807697296142578e-01,5.033558607101440430e-01,1.009939908981323242e+00
1762890148.442674875,6.324170827865600586e-01,5.063389539718627930e-01,1.010418415069580078e+00
1762890148.462606668,6.428552269935607910e-01,5.090398192405700684e-01,1.010845780372619629e+00
1762890148.482833624,6.523013710975646973e-01,5.110623836517333984e-01,1.011177778244018555e+00
1762890148.502778769,6.636980175971984863e-01,5.136287212371826172e-01,1.011572957038879395e+00
1762890148.522646904,6.724534630775451660e-01,5.151017904281616211e-01,1.011822462081909180e+00
1762890148.541770458,6.824724078178405762e-01,5.167274475097656250e-01,1.012099862098693848e+00
1762890148.561802864,6.951020359992980957e-01,5.180442333221435547e-01,1.012376546859741211e+00
1762890148.581903458,7.049750089645385742e-01,5.190566778182983398e-01,1.012603878974914551e+00
1762890148.601683378,7.146744132041931152e-01,5.198052525520324707e-01,1.012817978858947754e+00
1762890148.622718334,7.242583632469177246e-01,5.202935934066772461e-01,1.013024687767028809e+00
1762890148.642889500,7.338104844093322754e-01,5.205050706863403320e-01,1.013233780860900879e+00
1762890148.662845373,7.430675625801086426e-01,5.204876661300659180e-01,1.013441443443298340e+00
1762890148.682684660,7.522900700569152832e-01,5.202026367187500000e-01,1.013646960258483887e+00
1762890148.702729940,7.613864541053771973e-01,5.196607708930969238e-01,1.013850927352905273e+00
1762890148.722738504,7.703455686569213867e-01,5.188623666763305664e-01,1.014052391052246094e+00
1762890148.742688417,7.773261666297912598e-01,5.184147357940673828e-01,1.014245390892028809e+00
1762890148.762643337,7.854672074317932129e-01,5.173500776290893555e-01,1.014443159103393555e+00
1762890148.782693386,7.939990758895874023e-01,5.158658623695373535e-01,1.014642477035522461e+00
1762890148.802786350,8.024114966392517090e-01,5.141105651855468750e-01,1.014840722084045410e+00
1762890148.822831869,8.106693029403686523e-01,5.120926499366760254e-01,1.015034675598144531e+00
1762890148.842711210,8.187719583511352539e-01,5.098085403442382812e-01,1.015226602554321289e+00
1762890148.862792969,8.267247080802917480e-01,5.072525143623352051e-01,1.015422344207763672e+00
1762890148.882755518,8.345319628715515137e-01,5.044203996658325195e-01,1.015618443489074707e+00
1762890148.902624846,8.421968221664428711e-01,5.013085603713989258e-01,1.015810489654541016e+00
1762890148.922673225,8.497219085693359375e-01,4.979139566421508789e-01,1.015996217727661133e+00
1762890148.942830324,8.571094274520874023e-01,4.942344129085540771e-01,1.016171813011169434e+00
1762890148.962802410,8.643608689308166504e-01,4.902688860893249512e-01,1.016333222389221191e+00
1762890148.982782125,8.714770674705505371e-01,4.860170483589172363e-01,1.016476988792419434e+00
1762890149.002827883,8.784579634666442871e-01,4.814797043800354004e-01,1.016600847244262695e+00
1762890149.021695852,8.854173421859741211e-01,4.758295118808746338e-01,1.016653537750244141e+00
1762890149.042793036,8.921067714691162109e-01,4.707060754299163818e-01,1.016730785369873047e+00
1762890149.062647104,8.985708355903625488e-01,4.661774933338165283e-01,1.016842126846313477e+00
1762890149.082828045,9.050011038780212402e-01,4.605248272418975830e-01,1.016882777214050293e+00
1762890149.102963686,9.113109111785888672e-01,4.537732005119323730e-01,1.016849875450134277e+00
1762890149.122768879,9.174412488937377930e-01,4.484121501445770264e-01,1.016917705535888672e+00
1762890149.141683817,9.212076067924499512e-01,4.448202252388000488e-01,1.016949534416198730e+00
1762890149.161900043,9.278534650802612305e-01,4.369963705539703369e-01,1.016923069953918457e+00
1762890149.181780815,9.329382777214050293e-01,4.313127398490905762e-01,1.016952037811279297e+00
1762890149.201767683,9.385244846343994141e-01,4.242963492870330811e-01,1.016958713531494141e+00
1762890149.221777678,9.440035820007324219e-01,4.169766604900360107e-01,1.016972422599792480e+00
1762890149.242915869,9.493816494941711426e-01,4.093171954154968262e-01,1.017001390457153320e+00
1762890149.262628794,9.545152783393859863e-01,4.016248285770416260e-01,1.017048358917236328e+00
1762890149.282847881,9.595402479171752930e-01,3.936115205287933350e-01,1.017109036445617676e+00
1762890149.302771568,9.644198417663574219e-01,3.853619992733001709e-01,1.017189502716064453e+00
1762890149.322681904,9.691547751426696777e-01,3.768830001354217529e-01,1.017284989356994629e+00
1762890149.342720747,9.737492203712463379e-01,3.681775927543640137e-01,1.017391681671142578e+00
1762890149.362784386,9.782083034515380859e-01,3.592489361763000488e-01,1.017508745193481445e+00
1762890149.382851601,9.825373291969299316e-01,3.501012921333312988e-01,1.017632246017456055e+00
1762890149.402649403,9.867414832115173340e-01,3.407403826713562012e-01,1.017757654190063477e+00
1762890149.422583103,9.908256530761718750e-01,3.311726748943328857e-01,1.017881870269775391e+00
1762890149.442788601,9.947938919067382812e-01,3.214057087898254395e-01,1.018001914024353027e+00
1762890149.462719679,9.986498951911926270e-01,3.114478588104248047e-01,1.018116593360900879e+00
1762890149.482768536,1.002396583557128906e+00,3.013080358505249023e-01,1.018225789070129395e+00
1762890149.502787352,1.006035566329956055e+00,2.909955382347106934e-01,1.018331289291381836e+00
1762890149.522720337,1.009568214416503906e+00,2.805202305316925049e-01,1.018435239791870117e+00
1762890149.542712450,1.012994289398193359e+00,2.698922753334045410e-01,1.018541216850280762e+00
1762890149.561589479,1.015840291976928711e+00,2.598826885223388672e-01,1.018612980842590332e+00
1762890149.582640886,1.019524216651916504e+00,2.481912076473236084e-01,1.018777251243591309e+00
1762890149.602992058,1.022613883018493652e+00,2.372003495693206787e-01,1.018918156623840332e+00
1762890149.622744799,1.025143265724182129e+00,2.269280999898910522e-01,1.019034504890441895e+00
1762890149.642729998,1.028015017509460449e+00,2.156937122344970703e-01,1.019219040870666504e+00
1762890149.662850380,1.030762434005737305e+00,2.043611109256744385e-01,1.019434809684753418e+00
1762890149.682759285,1.033380985260009766e+00,1.929360926151275635e-01,1.019686341285705566e+00
1762890149.702728033,1.035865902900695801e+00,1.814248710870742798e-01,1.019971609115600586e+00
1762890149.722702265,1.038211584091186523e+00,1.698323488235473633e-01,1.020291209220886230e+00
1762890149.742753029,1.040413498878479004e+00,1.581625342369079590e-01,1.020645022392272949e+00
1762890149.762814999,1.042466402053833008e+00,1.464202404022216797e-01,1.021027565002441406e+00
1762890149.782680511,1.044366240501403809e+00,1.346085667610168457e-01,1.021437644958496094e+00
1762890149.802748203,1.046108365058898926e+00,1.227314844727516174e-01,1.021869182586669922e+00
1762890149.822640896,1.047688245773315430e+00,1.107943505048751831e-01,1.022312164306640625e+00
1762890149.841870308,1.049107789993286133e+00,9.850239753723144531e-02,1.022771120071411133e+00
1762890149.861697435,1.050347089767456055e+00,8.645046502351760864e-02,1.023225903511047363e+00
1762890149.881833553,1.051415324211120605e+00,7.460345327854156494e-02,1.023669481277465820e+00
1762890149.902689934,1.052309274673461914e+00,6.225965172052383423e-02,1.024116873741149902e+00
1762890149.922682047,1.053040504455566406e+00,5.038009583950042725e-02,1.024542212486267090e+00
1762890149.942877769,1.053593516349792480e+00,3.818603232502937317e-02,1.024959921836853027e+00
1762890149.962702990,1.053725242614746094e+00,2.208840847015380859e-02,1.025434732437133789e+00
1762890149.982745409,1.053919434547424316e+00,1.033145934343338013e-02,1.025815844535827637e+00
1762890150.002793074,1.054133653640747070e+00,4.495976609177887440e-04,1.026159405708312988e+00
1762890150.022765398,1.054071187973022461e+00,-1.094390824437141418e-02,1.026522517204284668e+00
1762890150.042984247,1.053771734237670898e+00,-2.323574945330619812e-02,1.026900053024291992e+00
1762890150.062754393,1.053212642669677734e+00,-3.634674102067947388e-02,1.027285337448120117e+00
1762890150.082826614,1.052906155586242676e+00,-4.444512352347373962e-02,1.027547478675842285e+00
1762890150.102705479,1.052120327949523926e+00,-5.707813799381256104e-02,1.027933716773986816e+00
1762890150.122749567,1.051191329956054688e+00,-6.958290934562683105e-02,1.028328418731689453e+00
1762890150.142806053,1.050141692161560059e+00,-8.185389637947082520e-02,1.028719544410705566e+00
1762890150.162766457,1.048929572105407715e+00,-9.417396783828735352e-02,1.029110193252563477e+00
1762890150.181718588,1.047863721847534180e+00,-1.049308776855468750e-01,1.029482245445251465e+00
1762890150.201797962,1.046057581901550293e+00,-1.187184378504753113e-01,1.029911637306213379e+00
1762890150.221652269,1.044383525848388672e+00,-1.309987008571624756e-01,1.030300974845886230e+00
1762890150.241597652,1.042557597160339355e+00,-1.432221382856369019e-01,1.030675053596496582e+00
1762890150.261859894,1.040576696395874023e+00,-1.553921103477478027e-01,1.031034588813781738e+00
1762890150.281667948,1.038439869880676270e+00,-1.675027906894683838e-01,1.031384468078613281e+00
1762890150.303892136,1.036145448684692383e+00,-1.795470565557479858e-01,1.031724572181701660e+00
1762890150.321717024,1.034225344657897949e+00,-1.896256059408187866e-01,1.032021403312683105e+00
1762890150.341931343,1.031671404838562012e+00,-2.013904154300689697e-01,1.032328605651855469e+00
1762890150.362715721,1.028471231460571289e+00,-2.146214544773101807e-01,1.032639861106872559e+00
1762890150.381652832,1.026003837585449219e+00,-2.248942703008651733e-01,1.032907247543334961e+00
1762890150.401793718,1.022237300872802734e+00,-2.384429872035980225e-01,1.033202528953552246e+00
1762890150.422959089,1.019052147865295410e+00,-2.496176809072494507e-01,1.033485054969787598e+00
1762890150.442632675,1.015679836273193359e+00,-2.607295215129852295e-01,1.033781766891479492e+00
1762890150.462654114,1.012120485305786133e+00,-2.717480063438415527e-01,1.034089326858520508e+00
1762890150.481767416,1.008289217948913574e+00,-2.828480005264282227e-01,1.034414529800415039e+00
1762890150.502973795,1.004401445388793945e+00,-2.935034632682800293e-01,1.034745931625366211e+00
1762890150.523025274,1.000479459762573242e+00,-3.037040531635284424e-01,1.035073280334472656e+00
1762890150.542659283,9.962915182113647461e-01,-3.139531016349792480e-01,1.035400152206420898e+00
1762890150.561970234,9.910444021224975586e-01,-3.253233730792999268e-01,1.035703539848327637e+00
1762890150.582753181,9.873060584068298340e-01,-3.340891301631927490e-01,1.036015748977661133e+00
1762890150.602851391,9.821220040321350098e-01,-3.442592918872833252e-01,1.036263823509216309e+00
1762890150.622987270,9.779877066612243652e-01,-3.528681993484497070e-01,1.036532044410705566e+00
1762890150.642728090,9.730378985404968262e-01,-3.620527386665344238e-01,1.036747097969055176e+00
1762890150.661638498,9.701953530311584473e-01,-3.673233687877655029e-01,1.036874890327453613e+00
1762890150.682760000,9.641100764274597168e-01,-3.774721920490264893e-01,1.037037611007690430e+00
1762890150.702953339,9.588956236839294434e-01,-3.858519792556762695e-01,1.037153959274291992e+00
1762890150.722668648,9.540197849273681641e-01,-3.933843374252319336e-01,1.037236928939819336e+00
1762890150.742727041,9.476752877235412598e-01,-4.024425745010375977e-01,1.037276268005371094e+00
1762890150.762827158,9.418823719024658203e-01,-4.103421270847320557e-01,1.037286043167114258e+00
1762890150.782908678,9.359970688819885254e-01,-4.179367423057556152e-01,1.037256240844726562e+00
1762890150.803644657,9.308255910873413086e-01,-4.243501722812652588e-01,1.037208795547485352e+00
1762890150.821998358,9.240896105766296387e-01,-4.320746362209320068e-01,1.037091374397277832e+00
1762890150.841635942,9.186578392982482910e-01,-4.380783438682556152e-01,1.036984920501708984e+00
1762890150.861726522,9.120953083038330078e-01,-4.448391795158386230e-01,1.036809921264648438e+00
1762890150.881730318,9.048789739608764648e-01,-4.517696797847747803e-01,1.036576986312866211e+00
1762890150.902703762,8.979856967926025391e-01,-4.579978585243225098e-01,1.036332845687866211e+00
1762890150.922592878,8.911047577857971191e-01,-4.638348519802093506e-01,1.036065220832824707e+00
1762890150.941738367,8.850476741790771484e-01,-4.687007367610931396e-01,1.035816431045532227e+00
1762890150.961898565,8.771308064460754395e-01,-4.745709300041198730e-01,1.035455107688903809e+00
1762890150.981732607,8.698514103889465332e-01,-4.796223342418670654e-01,1.035103559494018555e+00
1762890151.001723051,8.624882698059082031e-01,-4.843808412551879883e-01,1.034723997116088867e+00
1762890151.022656679,8.550694584846496582e-01,-4.888325929641723633e-01,1.034319758415222168e+00
1762890151.042900324,8.474067449569702148e-01,-4.931041598320007324e-01,1.033884048461914062e+00
1762890151.062678814,8.396608233451843262e-01,-4.970965981483459473e-01,1.033423542976379395e+00
1762890151.082633018,8.317970633506774902e-01,-5.008318424224853516e-01,1.032933950424194336e+00
1762890151.101796865,8.231452703475952148e-01,-5.045649409294128418e-01,1.032366156578063965e+00
1762890151.121614933,8.149444460868835449e-01,-5.078188180923461914e-01,1.031820535659790039e+00
1762890151.142719746,8.062977790832519531e-01,-5.109214186668395996e-01,1.031232714653015137e+00
1762890151.162776232,7.984120845794677734e-01,-5.134574174880981445e-01,1.030690073966979980e+00
1762890151.182781219,7.900386452674865723e-01,-5.158724188804626465e-01,1.030109047889709473e+00
1762890151.202869654,7.815544009208679199e-01,-5.180281996726989746e-01,1.029522061347961426e+00
1762890151.222703695,7.729895114898681641e-01,-5.199129581451416016e-01,1.028933525085449219e+00
1762890151.242709875,7.643505930900573730e-01,-5.215231776237487793e-01,1.028349518775939941e+00
1762890151.262753010,7.556412220001220703e-01,-5.228562355041503906e-01,1.027774453163146973e+00
1762890151.282635450,7.468648552894592285e-01,-5.239087343215942383e-01,1.027208328247070312e+00
1762890151.303758621,7.380252480506896973e-01,-5.246771574020385742e-01,1.026651978492736816e+00
1762890151.322004795,7.290244698524475098e-01,-5.251603126525878906e-01,1.026101589202880859e+00
1762890151.341671705,7.201837301254272461e-01,-5.253376364707946777e-01,1.025571703910827637e+00
1762890151.361723900,7.111875414848327637e-01,-5.252317786216735840e-01,1.025041580200195312e+00
1762890151.381803274,7.021380662918090820e-01,-5.248293280601501465e-01,1.024519085884094238e+00
1762890151.402747393,6.925631761550903320e-01,-5.241090655326843262e-01,1.023973822593688965e+00
1762890151.421631813,6.886712908744812012e-01,-5.234161615371704102e-01,1.023745298385620117e+00
1762890151.442749739,6.795157194137573242e-01,-5.222499966621398926e-01,1.023222327232360840e+00
1762890151.462857723,6.703208088874816895e-01,-5.207836031913757324e-01,1.022695899009704590e+00
1762890151.482628584,6.611108183860778809e-01,-5.190221667289733887e-01,1.022165894508361816e+00
1762890151.502612591,6.518346667289733887e-01,-5.169591903686523438e-01,1.021637797355651855e+00
1762890151.522880316,6.425134539604187012e-01,-5.145951509475708008e-01,1.021111369132995605e+00
1762890151.542791605,6.331395506858825684e-01,-5.119278430938720703e-01,1.020576715469360352e+00
1762890151.562859535,6.237056851387023926e-01,-5.089576840400695801e-01,1.020028710365295410e+00
1762890151.581687927,6.140868067741394043e-01,-5.056523680686950684e-01,1.019456744194030762e+00
1762890151.601648331,6.053819656372070312e-01,-5.025289058685302734e-01,1.018928766250610352e+00
1762890151.621678591,5.955161452293395996e-01,-4.986115694046020508e-01,1.018302559852600098e+00
1762890151.641713858,5.859836339950561523e-01,-4.945308864116668701e-01,1.017669320106506348e+00
1762890151.662998438,5.762645602226257324e-01,-4.901307523250579834e-01,1.016996502876281738e+00
1762890151.682692289,5.637639164924621582e-01,-4.843632280826568604e-01,1.016104340553283691e+00
1762890151.701662540,5.532141923904418945e-01,-4.790562093257904053e-01,1.015314340591430664e+00
1762890151.723772764,5.436987876892089844e-01,-4.737132787704467773e-01,1.014572739601135254e+00
1762890151.741638184,5.327600240707397461e-01,-4.679427742958068848e-01,1.013734579086303711e+00
1762890151.761699677,5.227400064468383789e-01,-4.621320962905883789e-01,1.012953042984008789e+00
1762890151.781749249,5.125148296356201172e-01,-4.560008347034454346e-01,1.012162089347839355e+00
1762890151.802828550,5.017043352127075195e-01,-4.493363797664642334e-01,1.011348605155944824e+00
1762890151.822721958,4.918998181819915771e-01,-4.429841339588165283e-01,1.010637402534484863e+00
1762890151.842612028,4.815738499164581299e-01,-4.361464083194732666e-01,1.009921073913574219e+00
1762890151.861753225,4.763893187046051025e-01,-4.321072995662689209e-01,1.009570240974426270e+00
1762890151.882782221,4.661269485950469971e-01,-4.249810874462127686e-01,1.008919358253479004e+00
1762890151.902681828,4.557077884674072266e-01,-4.175541698932647705e-01,1.008306503295898438e+00
1762890151.922746420,4.453358948230743408e-01,-4.099502265453338623e-01,1.007749080657958984e+00
1762890151.942768812,4.349362850189208984e-01,-4.021240472793579102e-01,1.007253766059875488e+00
1762890151.962674379,4.245369136333465576e-01,-3.940923810005187988e-01,1.006823539733886719e+00
1762890151.982706785,4.141357541084289551e-01,-3.858535885810852051e-01,1.006449699401855469e+00
1762890152.002905846,4.037302136421203613e-01,-3.774068951606750488e-01,1.006126403808593750e+00
1762890152.022829056,3.933172821998596191e-01,-3.687519133090972900e-01,1.005846142768859863e+00
1762890152.042644501,3.828942775726318359e-01,-3.598884940147399902e-01,1.005598068237304688e+00
1762890152.062853575,3.724591434001922607e-01,-3.508173525333404541e-01,1.005369186401367188e+00
1762890152.081703186,3.618815243244171143e-01,-3.414401412010192871e-01,1.005144596099853516e+00
1762890152.101705313,3.515442311763763428e-01,-3.320555388927459717e-01,1.004920959472656250e+00
1762890152.121752024,3.410729765892028809e-01,-3.223800957202911377e-01,1.004681348800659180e+00
1762890152.141807079,3.305788338184356689e-01,-3.125027120113372803e-01,1.004421114921569824e+00
1762890152.161950111,3.209162056446075439e-01,-3.034795522689819336e-01,1.004164457321166992e+00
1762890152.181788921,3.095442950725555420e-01,-2.921790778636932373e-01,1.003828644752502441e+00
1762890152.202655315,2.988741695880889893e-01,-2.816318273544311523e-01,1.003494739532470703e+00
1762890152.222717047,2.884457409381866455e-01,-2.711332440376281738e-01,1.003152728080749512e+00
1762890152.243745804,2.778831720352172852e-01,-2.603667676448822021e-01,1.002799153327941895e+00
1762890152.261753798,2.673685252666473389e-01,-2.498595118522644043e-01,1.002446293830871582e+00
1762890152.281676054,2.575410604476928711e-01,-2.394815832376480103e-01,1.002125024795532227e+00
1762890152.301722527,2.469772994518280029e-01,-2.283143103122711182e-01,1.001798629760742188e+00
1762890152.321765661,2.363564670085906982e-01,-2.169740498065948486e-01,1.001497983932495117e+00
1762890152.342774153,2.254622578620910645e-01,-2.052620798349380493e-01,1.001230478286743164e+00
1762890152.362713814,2.150698155164718628e-01,-1.939184516668319702e-01,1.001022458076477051e+00
1762890152.382720947,2.044221311807632446e-01,-1.822390258312225342e-01,1.000854730606079102e+00
1762890152.401709795,1.904376745223999023e-01,-1.672658026218414307e-01,1.000692963600158691e+00
1762890152.421740532,1.828695386648178101e-01,-1.583767533302307129e-01,1.000659465789794922e+00
1762890152.441695213,1.723365783691406250e-01,-1.465681791305541992e-01,1.000630259513854980e+00
1762890152.461743116,1.615975946187973022e-01,-1.344951838254928589e-01,1.000633955001831055e+00
1762890152.481680870,1.508227288722991943e-01,-1.223284304141998291e-01,1.000666856765747070e+00
1762890152.501735687,1.400291919708251953e-01,-1.100900769233703613e-01,1.000745058059692383e+00
1762890152.521569490,1.292175352573394775e-01,-9.778551012277603149e-02,1.000858902931213379e+00
1762890152.542762041,1.181186288595199585e-01,-8.515258878469467163e-02,1.000993013381958008e+00
1762890152.562901735,1.075182184576988220e-01,-7.297986745834350586e-02,1.001135945320129395e+00
1762890152.582689047,9.665364027023315430e-02,-6.051274389028549194e-02,1.001291513442993164e+00
1762890152.602753878,8.575443178415298462e-02,-4.798416420817375183e-02,1.001449704170227051e+00
1762890152.622795820,7.483764737844467163e-02,-3.541599586606025696e-02,1.001606583595275879e+00
1762890152.642839193,6.390742957592010498e-02,-2.281700633466243744e-02,1.001762628555297852e+00
1762890152.662677288,5.296663567423820496e-02,-1.019479241222143173e-02,1.001917958259582520e+00
1762890152.682693005,3.778086230158805847e-02,6.667190231382846832e-03,1.002117753028869629e+00
1762890152.703166485,2.805621176958084106e-02,1.808512583374977112e-02,1.002271533012390137e+00
1762890152.722633362,1.999758370220661163e-02,2.784475125372409821e-02,1.002421975135803223e+00
1762890152.741679907,1.238098833709955215e-02,3.672309592366218567e-02,1.002563953399658203e+00
1762890152.761713028,9.678087662905454636e-04,4.980779811739921570e-02,1.002791047096252441e+00
1762890152.781679153,-8.184698410332202911e-03,6.062285229563713074e-02,1.003031611442565918e+00
1762890152.801743984,-2.034534513950347900e-02,7.441038638353347778e-02,1.003393054008483887e+00
1762890152.821901083,-3.129438683390617371e-02,8.696360886096954346e-02,1.003796339035034180e+00
1762890152.841629267,-4.080121964216232300e-02,9.806002676486968994e-02,1.004205584526062012e+00
1762890152.861708164,-5.157976225018501282e-02,1.103729009628295898e-01,1.004717707633972168e+00
1762890152.882911682,-6.256521493196487427e-02,1.228408589959144592e-01,1.005297422409057617e+00
1762890152.902758121,-7.500467449426651001e-02,1.366631090641021729e-01,1.005988001823425293e+00
1762890152.922771931,-8.427330106496810913e-02,1.473512202501296997e-01,1.006551980972290039e+00
1762890152.942732811,-9.540253132581710815e-02,1.597747206687927246e-01,1.007219195365905762e+00
1762890152.962751627,-1.060034707188606262e-01,1.716214418411254883e-01,1.007842779159545898e+00
1762890152.982667685,-1.169413626194000244e-01,1.837146878242492676e-01,1.008447051048278809e+00
1762890153.002781630,-1.279280930757522583e-01,1.957727372646331787e-01,1.009010434150695801e+00
1762890153.022787809,-1.389448791742324829e-01,2.077728658914566040e-01,1.009520888328552246e+00
1762890153.042681456,-1.499934196472167969e-01,2.197106629610061646e-01,1.009965777397155762e+00
1762890153.062583685,-1.610751301050186157e-01,2.315809577703475952e-01,1.010340929031372070e+00
1762890153.082781792,-1.723208874464035034e-01,2.434948682785034180e-01,1.010652780532836914e+00
1762890153.101724625,-1.847788095474243164e-01,2.563713192939758301e-01,1.010920286178588867e+00
1762890153.121771336,-1.963066160678863525e-01,2.682914435863494873e-01,1.011123776435852051e+00
1762890153.141725302,-2.075043916702270508e-01,2.797933518886566162e-01,1.011294007301330566e+00
1762890153.161878347,-2.186807990074157715e-01,2.911458015441894531e-01,1.011455416679382324e+00
1762890153.181624413,-2.298459708690643311e-01,3.023519515991210938e-01,1.011628031730651855e+00
1762890153.202658892,-2.395734339952468872e-01,3.122228085994720459e-01,1.011820673942565918e+00
1762890153.222773314,-2.520523071289062500e-01,3.242279887199401855e-01,1.012077927589416504e+00
1762890153.242761850,-2.631381452083587646e-01,3.349274694919586182e-01,1.012388229370117188e+00
1762890153.262678862,-2.741533815860748291e-01,3.454127609729766846e-01,1.012770175933837891e+00
1762890153.281730175,-2.853661775588989258e-01,3.558870851993560791e-01,1.013246178627014160e+00
1762890153.302794456,-2.962481677532196045e-01,3.659344017505645752e-01,1.013798356056213379e+00
1762890153.322846651,-3.067833483219146729e-01,3.755555450916290283e-01,1.014410018920898438e+00
1762890153.341776848,-3.185393512248992920e-01,3.854410052299499512e-01,1.015118122100830078e+00
1762890153.361697674,-3.290573358535766602e-01,3.947032988071441650e-01,1.015864729881286621e+00
1762890153.381808043,-3.396184444427490234e-01,4.038278758525848389e-01,1.016651153564453125e+00
1762890153.402775049,-3.494479060173034668e-01,4.127380549907684326e-01,1.017440915107727051e+00
1762890153.422671318,-3.605201244354248047e-01,4.214074909687042236e-01,1.018248081207275391e+00
1762890153.442760468,-3.708162605762481689e-01,4.298413395881652832e-01,1.019018411636352539e+00
1762890153.462693930,-3.810622394084930420e-01,4.380761384963989258e-01,1.019753932952880859e+00
1762890153.483009100,-3.912298083305358887e-01,4.460946917533874512e-01,1.020443677902221680e+00
1762890153.502756596,-4.013222157955169678e-01,4.538994431495666504e-01,1.021072983741760254e+00
1762890153.522749424,-4.113439619541168213e-01,4.614940583705902100e-01,1.021632790565490723e+00
1762890153.542914391,-4.212960600852966309e-01,4.688799679279327393e-01,1.022124528884887695e+00
1762890153.562651157,-4.311797916889190674e-01,4.760578274726867676e-01,1.022546887397766113e+00
1762890153.582639217,-4.409971237182617188e-01,4.830276370048522949e-01,1.022903203964233398e+00
1762890153.602644444,-4.507518112659454346e-01,4.897888898849487305e-01,1.023195505142211914e+00
1762890153.622774124,-4.604457616806030273e-01,4.963406026363372803e-01,1.023430109024047852e+00
1762890153.641669750,-4.652902185916900635e-01,5.003767609596252441e-01,1.023589611053466797e+00
1762890153.662077188,-4.747719168663024902e-01,5.065436363220214844e-01,1.023756146430969238e+00
1762890153.682783604,-4.843030869960784912e-01,5.125489830970764160e-01,1.023885607719421387e+00
1762890153.702702999,-4.938063323497772217e-01,5.183487534523010254e-01,1.023984789848327637e+00
1762890153.722934961,-5.031968355178833008e-01,5.239037871360778809e-01,1.024065613746643066e+00
1762890153.742652416,-5.125579833984375000e-01,5.292429327964782715e-01,1.024133682250976562e+00
1762890153.762710571,-5.218709111213684082e-01,5.343498587608337402e-01,1.024188756942749023e+00
1762890153.781873941,-5.303879380226135254e-01,5.385769009590148926e-01,1.024209499359130859e+00
1762890153.803089619,-5.398892760276794434e-01,5.433157086372375488e-01,1.024246096611022949e+00
1762890153.822737217,-5.488001704216003418e-01,5.476284027099609375e-01,1.024276852607727051e+00
1762890153.842781782,-5.579319596290588379e-01,5.517818927764892578e-01,1.024292826652526855e+00
1762890153.862863779,-5.677794814109802246e-01,5.562421679496765137e-01,1.024317741394042969e+00
1762890153.881698132,-5.763305425643920898e-01,5.593914389610290527e-01,1.024284362792968750e+00
1762890153.901657581,-5.851411819458007812e-01,5.627357363700866699e-01,1.024256944656372070e+00
1762890153.922808886,-5.941617488861083984e-01,5.658792853355407715e-01,1.024203658103942871e+00
1762890153.942703247,-6.030504107475280762e-01,5.687510967254638672e-01,1.024129509925842285e+00
1762890153.962611675,-6.119424104690551758e-01,5.713734030723571777e-01,1.024035692214965820e+00
1762890153.982693195,-6.207851171493530273e-01,5.737356543540954590e-01,1.023923158645629883e+00
1762890154.003867388,-6.295728087425231934e-01,5.758383274078369141e-01,1.023788332939147949e+00
1762890154.021693230,-6.389492750167846680e-01,5.777174234390258789e-01,1.023615837097167969e+00
1762890154.042656422,-6.470189690589904785e-01,5.792582035064697266e-01,1.023466944694519043e+00
1762890154.061690092,-6.577696204185485840e-01,5.805357098579406738e-01,1.023213267326354980e+00
1762890154.081891060,-6.669196486473083496e-01,5.815165638923645020e-01,1.022998690605163574e+00
1762890154.101733923,-6.753752231597900391e-01,5.822357535362243652e-01,1.022806286811828613e+00
1762890154.121638298,-6.837037205696105957e-01,5.826954245567321777e-01,1.022618889808654785e+00
1762890154.141731024,-6.919406652450561523e-01,5.828974843025207520e-01,1.022431254386901855e+00
1762890154.162779093,-7.005025744438171387e-01,5.827745795249938965e-01,1.022228360176086426e+00
1762890154.183276415,-7.081278562545776367e-01,5.825356245040893555e-01,1.022063732147216797e+00
1762890154.202724934,-7.160297632217407227e-01,5.819903016090393066e-01,1.021890401840209961e+00
1762890154.222750664,-7.238371968269348145e-01,5.811964869499206543e-01,1.021717429161071777e+00
1762890154.242834806,-7.315219640731811523e-01,5.801607370376586914e-01,1.021546721458435059e+00
1762890154.262740135,-7.390773892402648926e-01,5.788860321044921875e-01,1.021381497383117676e+00
1762890154.281755924,-7.427369952201843262e-01,5.787056088447570801e-01,1.021351695060729980e+00
1762890154.302001953,-7.499977350234985352e-01,5.770995616912841797e-01,1.021191000938415527e+00
1762890154.321750164,-7.566581368446350098e-01,5.752172470092773438e-01,1.021025538444519043e+00
1762890154.341723204,-7.637596726417541504e-01,5.731382966041564941e-01,1.020865797996520996e+00
1762890154.361631155,-7.707301378250122070e-01,5.708295106887817383e-01,1.020711064338684082e+00
1762890154.383886337,-7.793639302253723145e-01,5.675422549247741699e-01,1.020527005195617676e+00
1762890154.402741432,-7.847353219985961914e-01,5.654585361480712891e-01,1.020431280136108398e+00
1762890154.422855854,-7.908636927604675293e-01,5.624889135360717773e-01,1.020282149314880371e+00
1762890154.441781282,-7.973639965057373047e-01,5.592138171195983887e-01,1.020134806632995605e+00
1762890154.461767435,-8.037855029106140137e-01,5.556665658950805664e-01,1.019986867904663086e+00
1762890154.481732607,-8.100360631942749023e-01,5.519232153892517090e-01,1.019833087921142578e+00
1762890154.501987934,-8.162333369255065918e-01,5.479081273078918457e-01,1.019659280776977539e+00
1762890154.521605492,-8.223456144332885742e-01,5.436416864395141602e-01,1.019470810890197754e+00
1762890154.541733027,-8.283728957176208496e-01,5.391248464584350586e-01,1.019265294075012207e+00
1762890154.561751604,-8.343176841735839844e-01,5.343584418296813965e-01,1.019036054611206055e+00
1762890154.581610680,-8.401812314987182617e-01,5.293439626693725586e-01,1.018782377243041992e+00
1762890154.602721691,-8.459633588790893555e-01,5.240837335586547852e-01,1.018505692481994629e+00
1762890154.622709036,-8.516920208930969238e-01,5.185452103614807129e-01,1.018206954002380371e+00
1762890154.643026829,-8.572680950164794922e-01,5.128403902053833008e-01,1.017896533012390137e+00
1762890154.662660837,-8.627872467041015625e-01,5.068669319152832031e-01,1.017571806907653809e+00
1762890154.682794809,-8.682128190994262695e-01,5.006623864173889160e-01,1.017241358757019043e+00
1762890154.702602148,-8.735370635986328125e-01,4.942348003387451172e-01,1.016914010047912598e+00
1762890154.723723888,-8.787540793418884277e-01,4.875898361206054688e-01,1.016595959663391113e+00
1762890154.741783857,-8.838859796524047852e-01,4.806919991970062256e-01,1.016290187835693359e+00
1762890154.761654139,-8.888405561447143555e-01,4.736759364604949951e-01,1.016010046005249023e+00
1762890154.781726360,-8.937029838562011719e-01,4.664205908775329590e-01,1.015753030776977539e+00
1762890154.801644087,-8.984396457672119141e-01,4.589717388153076172e-01,1.015524625778198242e+00
1762890154.822747231,-9.031628370285034180e-01,4.511353075504302979e-01,1.015319705009460449e+00
1762890154.842758179,-9.075102210044860840e-01,4.435222148895263672e-01,1.015162229537963867e+00
1762890154.862655401,-9.118261337280273438e-01,4.355524182319641113e-01,1.015029788017272949e+00
1762890154.882701874,-9.160004258155822754e-01,4.274052679538726807e-01,1.014928579330444336e+00
1762890154.902702808,-9.194623827934265137e-01,4.202399551868438721e-01,1.014879584312438965e+00
1762890154.921672821,-9.244884848594665527e-01,4.093993604183197021e-01,1.014773130416870117e+00
1762890154.941852570,-9.280351400375366211e-01,4.010846614837646484e-01,1.014765858650207520e+00
1762890154.963006973,-9.317472577095031738e-01,3.918604552745819092e-01,1.014773011207580566e+00
1762890154.982741594,-9.349075555801391602e-01,3.834111094474792480e-01,1.014814853668212891e+00
1762890155.002886057,-9.382959008216857910e-01,3.737945854663848877e-01,1.014881014823913574e+00
1762890155.022639036,-9.410910010337829590e-01,3.651887774467468262e-01,1.014968752861022949e+00
1762890155.041763544,-9.423055648803710938e-01,3.608264327049255371e-01,1.015067577362060547e+00
1762890155.061669350,-9.455862045288085938e-01,3.498140871524810791e-01,1.015177369117736816e+00
1762890155.081701756,-9.476921558380126953e-01,3.418185710906982422e-01,1.015292048454284668e+00
1762890155.101758003,-9.500973224639892578e-01,3.322571516036987305e-01,1.015412330627441406e+00
1762890155.121706963,-9.523733854293823242e-01,3.224800527095794678e-01,1.015531420707702637e+00
1762890155.141759157,-9.544961452484130859e-01,3.125692009925842285e-01,1.015650510787963867e+00
1762890155.161602020,-9.564660787582397461e-01,3.025291264057159424e-01,1.015771746635437012e+00
1762890155.181691170,-9.582862257957458496e-01,2.923568487167358398e-01,1.015895724296569824e+00
1762890155.201710224,-9.599610567092895508e-01,2.820467650890350342e-01,1.016019463539123535e+00
1762890155.221652985,-9.614955782890319824e-01,2.715975940227508545e-01,1.016138315200805664e+00
1762890155.241724253,-9.628936052322387695e-01,2.610106766223907471e-01,1.016250252723693848e+00
1762890155.262738943,-9.641789197921752930e-01,2.501545846462249756e-01,1.016353130340576172e+00
1762890155.281771421,-9.652919769287109375e-01,2.394320666790008545e-01,1.016443967819213867e+00
1762890155.301693439,-9.663003087043762207e-01,2.284330129623413086e-01,1.016520857810974121e+00
1762890155.321748972,-9.671765565872192383e-01,2.173730880022048950e-01,1.016584753990173340e+00
1762890155.341719389,-9.679642319679260254e-01,2.070763707160949707e-01,1.016617059707641602e+00
1762890155.361623287,-9.686114192008972168e-01,1.957859098911285400e-01,1.016663908958435059e+00
1762890155.382822037,-9.690948724746704102e-01,1.833502352237701416e-01,1.016729831695556641e+00
1762890155.402599573,-9.696397185325622559e-01,1.699689328670501709e-01,1.016771316528320312e+00
1762890155.422774076,-9.698932766914367676e-01,1.585292220115661621e-01,1.016834855079650879e+00
1762890155.442802191,-9.700380563735961914e-01,1.469381302595138550e-01,1.016917347908020020e+00
1762890155.462645054,-9.700689315795898438e-01,1.352952420711517334e-01,1.017025828361511230e+00
1762890155.482706547,-9.699872136116027832e-01,1.236165016889572144e-01,1.017166733741760254e+00
1762890155.502698898,-9.699950814247131348e-01,1.108131930232048035e-01,1.017317533493041992e+00
1762890155.523068666,-9.696617126464843750e-01,9.992121160030364990e-02,1.017525911331176758e+00
1762890155.542745352,-9.692512154579162598e-01,8.828759193420410156e-02,1.017772912979125977e+00
1762890155.562704563,-9.687021970748901367e-01,7.960420101881027222e-02,1.018010735511779785e+00
1762890155.582792521,-9.681115150451660156e-01,6.737035512924194336e-02,1.018325924873352051e+00
1762890155.602824211,-9.673946499824523926e-01,5.196216702461242676e-02,1.018745183944702148e+00
1762890155.622790098,-9.665707349777221680e-01,4.084348306059837341e-02,1.019118428230285645e+00
1762890155.642887831,-9.656469821929931641e-01,2.925986051559448242e-02,1.019533276557922363e+00
1762890155.662660837,-9.646261930465698242e-01,1.766777969896793365e-02,1.019980907440185547e+00
1762890155.681743145,-9.634888172149658203e-01,5.503578111529350281e-03,1.020483493804931641e+00
1762890155.702745199,-9.622930884361267090e-01,-5.613451823592185974e-03,1.020970702171325684e+00
1762890155.722887993,-9.610043168067932129e-01,-1.698236539959907532e-02,1.021467328071594238e+00
1762890155.742771149,-9.596210122108459473e-01,-2.849688753485679626e-02,1.021962761878967285e+00
1762890155.762689114,-9.581503272056579590e-01,-4.000132530927658081e-02,1.022441387176513672e+00
1762890155.782876253,-9.565947651863098145e-01,-5.147822946310043335e-02,1.022891521453857422e+00
1762890155.802676916,-9.549547433853149414e-01,-6.292076408863067627e-02,1.023308396339416504e+00
1762890155.822784185,-9.532300233840942383e-01,-7.432584464550018311e-02,1.023690223693847656e+00
1762890155.842905045,-9.514213800430297852e-01,-8.568729460239410400e-02,1.024034738540649414e+00
1762890155.862621069,-9.495293498039245605e-01,-9.699710458517074585e-02,1.024345159530639648e+00
1762890155.882659912,-9.475538134574890137e-01,-1.082470864057540894e-01,1.024628281593322754e+00
1762890155.902842045,-9.454947113990783691e-01,-1.194285824894905090e-01,1.024891018867492676e+00
1762890155.922758818,-9.434408545494079590e-01,-1.297631412744522095e-01,1.025129675865173340e+00
1762890155.942905664,-9.414932131767272949e-01,-1.386225372552871704e-01,1.025346994400024414e+00
1762890155.962878466,-9.389446377754211426e-01,-1.514877676963806152e-01,1.025620579719543457e+00
1762890155.981796741,-9.377621412277221680e-01,-1.553958207368850708e-01,1.025750398635864258e+00
1762890156.002607584,-9.347813129425048828e-01,-1.685098856687545776e-01,1.026070713996887207e+00
1762890156.022723436,-9.322386384010314941e-01,-1.793147921562194824e-01,1.026352167129516602e+00
1762890156.042854786,-9.300202131271362305e-01,-1.888556033372879028e-01,1.026615738868713379e+00
1762890156.062870502,-9.273626208305358887e-01,-1.992109715938568115e-01,1.026949882507324219e+00
1762890156.082669020,-9.246129989624023438e-01,-2.095351815223693848e-01,1.027307033538818359e+00
1762890156.101730347,-9.217333197593688965e-01,-2.200033068656921387e-01,1.027688622474670410e+00
1762890156.121755838,-9.188660383224487305e-01,-2.298865020275115967e-01,1.028057932853698730e+00
1762890156.141798258,-9.158753156661987305e-01,-2.398933917284011841e-01,1.028423905372619629e+00
1762890156.161659956,-9.128008484840393066e-01,-2.498147785663604736e-01,1.028771519660949707e+00
1762890156.181627035,-9.096458554267883301e-01,-2.596350312232971191e-01,1.029089570045471191e+00
1762890156.202704906,-9.063541889190673828e-01,-2.695816159248352051e-01,1.029374957084655762e+00
1762890156.221799135,-9.030801653861999512e-01,-2.790066897869110107e-01,1.029608368873596191e+00
1762890156.241919279,-8.997026085853576660e-01,-2.884277105331420898e-01,1.029800772666931152e+00
1762890156.261871576,-8.962303400039672852e-01,-2.977928519248962402e-01,1.029949426651000977e+00
1762890156.281677246,-8.926793932914733887e-01,-3.070300221443176270e-01,1.030056953430175781e+00
1762890156.301708698,-8.890519142150878906e-01,-3.161241412162780762e-01,1.030129075050354004e+00
1762890156.321777344,-8.853489160537719727e-01,-3.250660896301269531e-01,1.030173182487487793e+00
1762890156.342888594,-8.815560936927795410e-01,-3.338910937309265137e-01,1.030196547508239746e+00
1762890156.362829208,-8.777227401733398438e-01,-3.424488902091979980e-01,1.030206799507141113e+00
1762890156.382735014,-8.738036155700683594e-01,-3.508749604225158691e-01,1.030210494995117188e+00
1762890156.401758194,-8.705673813819885254e-01,-3.570555448532104492e-01,1.030225038528442383e+00
1762890156.422894716,-8.656386137008666992e-01,-3.674660325050354004e-01,1.030218124389648438e+00
1762890156.442682028,-8.616449236869812012e-01,-3.749575018882751465e-01,1.030231475830078125e+00
1762890156.462799311,-8.564731478691101074e-01,-3.849793076515197754e-01,1.030241012573242188e+00
1762890156.482821703,-8.523702025413513184e-01,-3.919457197189331055e-01,1.030269861221313477e+00
1762890156.502762079,-8.480777740478515625e-01,-3.990105092525482178e-01,1.030299663543701172e+00
1762890156.522758245,-8.445477485656738281e-01,-4.041208028793334961e-01,1.030331611633300781e+00
1762890156.543838024,-8.401103615760803223e-01,-4.108769595623016357e-01,1.030371427536010742e+00
1762890156.562027454,-8.369807600975036621e-01,-4.153608679771423340e-01,1.030398845672607422e+00
1762890156.581738472,-8.324744701385498047e-01,-4.216933250427246094e-01,1.030425071716308594e+00
1762890156.601618767,-8.278216123580932617e-01,-4.279647469520568848e-01,1.030428409576416016e+00
1762890156.622621536,-8.236628770828247070e-01,-4.330685436725616455e-01,1.030407428741455078e+00
1762890156.642756939,-8.190311193466186523e-01,-4.386901855468750000e-01,1.030358791351318359e+00
1762890156.662722826,-8.139089941978454590e-01,-4.447568953037261963e-01,1.030267834663391113e+00
1762890156.682729483,-8.096928000450134277e-01,-4.491522014141082764e-01,1.030163049697875977e+00
1762890156.702643633,-8.048035502433776855e-01,-4.542509913444519043e-01,1.030000448226928711e+00
1762890156.722576618,-7.994582653045654297e-01,-4.596257507801055908e-01,1.029767990112304688e+00
1762890156.741626501,-7.950752973556518555e-01,-4.634653031826019287e-01,1.029548168182373047e+00
1762890156.761706114,-7.900921106338500977e-01,-4.677754342555999756e-01,1.029256224632263184e+00
1762890156.781804323,-7.850259542465209961e-01,-4.718900620937347412e-01,1.028922557830810547e+00
1762890156.801898718,-7.798722982406616211e-01,-4.758059680461883545e-01,1.028551697731018066e+00
1762890156.821660995,-7.741327285766601562e-01,-4.799819290637969971e-01,1.028096795082092285e+00
1762890156.841648817,-7.691748142242431641e-01,-4.831314384937286377e-01,1.027694940567016602e+00
1762890156.861858606,-7.639337182044982910e-01,-4.862581491470336914e-01,1.027247071266174316e+00
1762890156.881676912,-7.584685683250427246e-01,-4.892928302288055420e-01,1.026763081550598145e+00
1762890156.901647568,-7.529125213623046875e-01,-4.921098947525024414e-01,1.026260375976562500e+00
1762890156.921732903,-7.472759485244750977e-01,-4.946951866149902344e-01,1.025741696357727051e+00
1762890156.941766977,-7.422482967376708984e-01,-4.968994557857513428e-01,1.025258660316467285e+00
1762890156.962787628,-7.357706427574157715e-01,-4.991461038589477539e-01,1.024661064147949219e+00
1762890156.982826710,-7.298935651779174805e-01,-5.010049939155578613e-01,1.024102568626403809e+00
1762890157.002739668,-7.239728569984436035e-01,-5.025973320007324219e-01,1.023537278175354004e+00
1762890157.022789955,-7.179737687110900879e-01,-5.039347410202026367e-01,1.022961378097534180e+00
1762890157.042587280,-7.116781473159790039e-01,-5.050748586654663086e-01,1.022350907325744629e+00
1762890157.062663317,-7.050145864486694336e-01,-5.059834122657775879e-01,1.021696925163269043e+00
1762890157.081926823,-6.986340284347534180e-01,-5.066720247268676758e-01,1.021050810813903809e+00
1762890157.101756573,-6.924496293067932129e-01,-5.068504810333251953e-01,1.020443677902221680e+00
1762890157.121752977,-6.861665844917297363e-01,-5.067628622055053711e-01,1.019819974899291992e+00
1762890157.141702414,-6.798345446586608887e-01,-5.063992142677307129e-01,1.019183635711669922e+00
1762890157.161686897,-6.763368844985961914e-01,-5.058497786521911621e-01,1.018862605094909668e+00
1762890157.181734085,-6.670731306076049805e-01,-5.048363208770751953e-01,1.017889261245727539e+00
1762890157.201819658,-6.605979204177856445e-01,-5.036607980728149414e-01,1.017223715782165527e+00
1762890157.221603394,-6.540759205818176270e-01,-5.022217035293579102e-01,1.016547918319702148e+00
1762890157.241710424,-6.475028991699218750e-01,-5.005233883857727051e-01,1.015862464904785156e+00
1762890157.261755466,-6.408709883689880371e-01,-4.985708296298980713e-01,1.015169262886047363e+00
1762890157.282595873,-6.368992328643798828e-01,-4.972052574157714844e-01,1.014781832695007324e+00
1762890157.302674770,-6.273965835571289062e-01,-4.939161837100982666e-01,1.013763546943664551e+00
1762890157.322760582,-6.205704808235168457e-01,-4.912392795085906982e-01,1.013049006462097168e+00
1762890157.343067646,-6.136506199836730957e-01,-4.883244335651397705e-01,1.012322068214416504e+00
1762890157.362705708,-6.066473722457885742e-01,-4.851799607276916504e-01,1.011584401130676270e+00
1762890157.382668734,-5.995550155639648438e-01,-4.818087816238403320e-01,1.010836482048034668e+00
1762890157.402772903,-5.923686027526855469e-01,-4.782140254974365234e-01,1.010079622268676758e+00
1762890157.422774076,-5.850853919982910156e-01,-4.743983447551727295e-01,1.009314537048339844e+00
1762890157.442728758,-5.777031779289245605e-01,-4.703633487224578857e-01,1.008539676666259766e+00
1762890157.461799860,-5.733357071876525879e-01,-4.679139256477355957e-01,1.008104324340820312e+00
1762890157.481850863,-5.666155219078063965e-01,-4.640171229839324951e-01,1.007394433021545410e+00
1762890157.501732826,-5.581650733947753906e-01,-4.589571058750152588e-01,1.006521821022033691e+00
1762890157.521825314,-5.512934327125549316e-01,-4.546897709369659424e-01,1.005804300308227539e+00
1762890157.541874886,-5.425824522972106934e-01,-4.491330981254577637e-01,1.004922032356262207e+00
1762890157.562702894,-5.346342921257019043e-01,-4.438909888267517090e-01,1.004123926162719727e+00
1762890157.582688332,-5.265585184097290039e-01,-4.384080171585083008e-01,1.003326177597045898e+00
1762890157.602866650,-5.193156599998474121e-01,-4.333451092243194580e-01,1.002616286277770996e+00
1762890157.622939348,-5.101295113563537598e-01,-4.267895519733428955e-01,1.001742839813232422e+00
1762890157.642703772,-5.026625990867614746e-01,-4.212908446788787842e-01,1.001033186912536621e+00
1762890157.662742615,-4.950831234455108643e-01,-4.156181216239929199e-01,1.000327825546264648e+00
1762890157.681774139,-4.855952858924865723e-01,-4.083157181739807129e-01,9.994439482688903809e-01
1762890157.701695681,-4.768741130828857422e-01,-4.014583826065063477e-01,9.986380338668823242e-01
1762890157.721654177,-4.680587649345397949e-01,-3.943779170513153076e-01,9.978269338607788086e-01
1762890157.741718531,-4.591440558433532715e-01,-3.870718777179718018e-01,9.970120191574096680e-01
1762890157.761734247,-4.501301944255828857e-01,-3.795416057109832764e-01,9.961941242218017578e-01
1762890157.781805515,-4.410170018672943115e-01,-3.717899322509765625e-01,9.953740239143371582e-01
1762890157.802708387,-4.317638576030731201e-01,-3.637833595275878906e-01,9.945509433746337891e-01
1762890157.822667599,-4.225034713745117188e-01,-3.556464016437530518e-01,9.937400817871093750e-01
1762890157.842745781,-4.131073057651519775e-01,-3.472682833671569824e-01,9.929320216178894043e-01
1762890157.862677813,-4.036191701889038086e-01,-3.386926054954528809e-01,9.921339154243469238e-01
1762890157.881622076,-3.938459753990173340e-01,-3.297415971755981445e-01,9.913340210914611816e-01
1762890157.901839256,-3.843833208084106445e-01,-3.209837973117828369e-01,9.905852675437927246e-01
1762890157.921767235,-3.746590018272399902e-01,-3.118858933448791504e-01,9.898440837860107422e-01
1762890157.942669153,-3.648470044136047363e-01,-3.026174008846282959e-01,9.891300201416015625e-01
1762890157.962709427,-3.549158275127410889e-01,-2.931520938873291016e-01,9.884451627731323242e-01
1762890157.983077288,-3.450087606906890869e-01,-2.836379110813140869e-01,9.878023862838745117e-01
1762890158.002820969,-3.349858224391937256e-01,-2.739433348178863525e-01,9.871954917907714844e-01
1762890158.022702932,-3.248929083347320557e-01,-2.641191184520721436e-01,9.866303205490112305e-01
1762890158.042817354,-3.147345185279846191e-01,-2.541754543781280518e-01,9.861092567443847656e-01
1762890158.062725544,-3.045118451118469238e-01,-2.441185265779495239e-01,9.856327176094055176e-01
1762890158.082720280,-2.938231825828552246e-01,-2.334793657064437866e-01,9.851896166801452637e-01
1762890158.102761269,-2.834685146808624268e-01,-2.232081443071365356e-01,9.848020076751708984e-01
1762890158.122740269,-2.753613889217376709e-01,-2.151988595724105835e-01,9.845222830772399902e-01
1762890158.142700672,-2.645013034343719482e-01,-2.044136822223663330e-01,9.841838479042053223e-01
1762890158.162693501,-2.524193227291107178e-01,-1.922905296087265015e-01,9.838657379150390625e-01
1762890158.182790756,-2.415051460266113281e-01,-1.812791675329208374e-01,9.836245179176330566e-01
1762890158.201627016,-2.307589799165725708e-01,-1.704826802015304565e-01,9.834133386611938477e-01
1762890158.221765041,-2.201533466577529907e-01,-1.598154157400131226e-01,9.832407832145690918e-01
1762890158.241925478,-2.093758881092071533e-01,-1.489595174789428711e-01,9.830958247184753418e-01
1762890158.261873960,-1.985239386558532715e-01,-1.380184292793273926e-01,9.829722642898559570e-01
1762890158.281622410,-1.876062750816345215e-01,-1.270037740468978882e-01,9.828654527664184570e-01
1762890158.301761389,-1.766260713338851929e-01,-1.159206554293632507e-01,9.827677607536315918e-01
1762890158.321939945,-1.655852943658828735e-01,-1.047729626297950745e-01,9.826723933219909668e-01
1762890158.341879606,-1.544869691133499146e-01,-9.356603026390075684e-02,9.825761318206787109e-01
1762890158.361724377,-1.433351337909698486e-01,-8.230599015951156616e-02,9.824789762496948242e-01
1762890158.383731604,-1.311614662408828735e-01,-7.000435888767242432e-02,9.823791980743408203e-01
1762890158.401578903,-1.257236748933792114e-01,-6.459055840969085693e-02,9.823107719421386719e-01
1762890158.422586441,-1.144008710980415344e-01,-5.316534638404846191e-02,9.822270870208740234e-01
1762890158.442938089,-1.032194122672080994e-01,-4.189368709921836853e-02,9.821581244468688965e-01
1762890158.462879181,-9.189523756504058838e-02,-3.048872202634811401e-02,9.821115136146545410e-01
1762890158.482708454,-8.053632825613021851e-02,-1.906305924057960510e-02,9.820955395698547363e-01
1762890158.502779484,-6.914763152599334717e-02,-7.624491583555936813e-03,9.821171760559082031e-01
1762890158.521726370,-5.760659649968147278e-02,3.946335520595312119e-03,9.821814894676208496e-01
1762890158.541659594,-4.748388752341270447e-02,1.408307068049907684e-02,9.822773933410644531e-01
1762890158.561830521,-3.600722923874855042e-02,2.553557604551315308e-02,9.824203848838806152e-01
1762890158.581846952,-2.324963733553886414e-02,3.821907192468643188e-02,9.826166629791259766e-01
1762890158.601761103,-1.291570626199245453e-02,4.847425967454910278e-02,9.828138947486877441e-01
1762890158.621763706,-1.316496985964477062e-03,5.993632972240447998e-02,9.830496311187744141e-01
1762890158.641688585,1.155358273535966873e-02,7.259730994701385498e-02,9.833225607872009277e-01
1762890158.662692785,2.324848063290119171e-02,8.405517041683197021e-02,9.835895895957946777e-01
1762890158.682886839,3.367282822728157043e-02,9.422390908002853394e-02,9.838409423828125000e-01
1762890158.702698946,4.539127275347709656e-02,1.055979952216148376e-01,9.841177463531494141e-01
1762890158.722886086,5.838271230459213257e-02,1.181389912962913513e-01,9.844191074371337891e-01
1762890158.742771387,6.889639794826507568e-02,1.282262355089187622e-01,9.846768975257873535e-01
1762890158.762757778,8.191503584384918213e-02,1.406495571136474609e-01,9.849857091903686523e-01
1762890158.783840179,9.269237518310546875e-02,1.508570015430450439e-01,9.852589368820190430e-01
1762890158.801814556,1.042308211326599121e-01,1.617230474948883057e-01,9.855570197105407715e-01
1762890158.821787119,1.159926205873489380e-01,1.727215349674224854e-01,9.858807325363159180e-01
1762890158.841765404,1.277595460414886475e-01,1.836432069540023804e-01,9.862310886383056641e-01
1762890158.861801863,1.395132243633270264e-01,1.944675445556640625e-01,9.866119027137756348e-01
1762890158.881780624,1.512483060359954834e-01,2.051867842674255371e-01,9.870241284370422363e-01
1762890158.901669025,1.629632711410522461e-01,2.157968431711196899e-01,9.874716401100158691e-01
1762890158.921692133,1.746578365564346313e-01,2.262941449880599976e-01,9.879558086395263672e-01
1762890158.941736698,1.863304376602172852e-01,2.366743385791778564e-01,9.884732961654663086e-01
1762890158.961852312,1.979794204235076904e-01,2.469332814216613770e-01,9.890200495719909668e-01
1762890158.982665062,2.096551507711410522e-01,2.571103572845458984e-01,9.895938038825988770e-01
1762890159.002805948,2.211927473545074463e-01,2.670640051364898682e-01,9.901794791221618652e-01
1762890159.022745132,2.327578067779541016e-01,2.769327461719512939e-01,9.907789230346679688e-01
1762890159.042646170,2.442954480648040771e-01,2.866672575473785400e-01,9.913823604583740234e-01
1762890159.062653542,2.557998299598693848e-01,2.962607443332672119e-01,9.919831752777099609e-01
1762890159.082882404,2.672690749168395996e-01,3.057101368904113770e-01,9.925773143768310547e-01
1762890159.102721691,2.787018716335296631e-01,3.150129616260528564e-01,9.931619167327880859e-01
1762890159.121736526,2.905376851558685303e-01,3.244271874427795410e-01,9.937654733657836914e-01
1762890159.141857624,3.015008866786956787e-01,3.332043588161468506e-01,9.942949414253234863e-01
1762890159.161708117,3.131831586360931396e-01,3.422354757785797119e-01,9.948620200157165527e-01
1762890159.181719780,3.244393467903137207e-01,3.509056568145751953e-01,9.953889846801757812e-01
1762890159.202775478,3.357561826705932617e-01,3.594904243946075439e-01,9.959084987640380859e-01
1762890159.222932577,3.468018174171447754e-01,3.677532672882080078e-01,9.964062571525573730e-01
1762890159.242780447,3.579038977622985840e-01,3.759294748306274414e-01,9.969010353088378906e-01
1762890159.262753725,3.689571321010589600e-01,3.839410543441772461e-01,9.973901510238647461e-01
1762890159.282740355,3.805201947689056396e-01,3.921547234058380127e-01,9.978966712951660156e-01
1762890159.302661419,3.908801972866058350e-01,3.994335234165191650e-01,9.983488917350769043e-01
1762890159.322793245,4.017207920551300049e-01,4.069018661975860596e-01,9.988198280334472656e-01
1762890159.342709303,4.125325083732604980e-01,4.142156541347503662e-01,9.992873072624206543e-01
1762890159.362773657,4.232819080352783203e-01,4.213513433933258057e-01,9.997481107711791992e-01
1762890159.382700443,4.339661300182342529e-01,4.283065199851989746e-01,1.000202178955078125e+00
1762890159.402821064,4.445845782756805420e-01,4.350804090499877930e-01,1.000647068023681641e+00
1762890159.422690153,4.551367163658142090e-01,4.416714906692504883e-01,1.001083970069885254e+00
1762890159.442692280,4.656209051609039307e-01,4.480777382850646973e-01,1.001509070396423340e+00
1762890159.462993860,4.760353267192840576e-01,4.542966783046722412e-01,1.001922845840454102e+00
1762890159.481659889,4.821041822433471680e-01,4.581220746040344238e-01,1.002173423767089844e+00
1762890159.501626730,4.923020601272583008e-01,4.639940857887268066e-01,1.002563118934631348e+00
1762890159.521670341,5.025216937065124512e-01,4.697235524654388428e-01,1.002942204475402832e+00
1762890159.541734219,5.126680731773376465e-01,4.752587080001831055e-01,1.003306865692138672e+00
1762890159.561688662,5.227317214012145996e-01,4.805936515331268311e-01,1.003656268119812012e+00
1762890159.581772804,5.327116847038269043e-01,4.857235848903656006e-01,1.003994584083557129e+00
1762890159.601730347,5.426088571548461914e-01,4.906437397003173828e-01,1.004324913024902344e+00
1762890159.621588707,5.524230599403381348e-01,4.953499138355255127e-01,1.004646897315979004e+00
1762890159.641742468,5.621538162231445312e-01,4.998381435871124268e-01,1.004961729049682617e+00
1762890159.662212133,5.707401037216186523e-01,5.035302042961120605e-01,1.005227565765380859e+00
1762890159.681742430,5.803104043006896973e-01,5.075930356979370117e-01,1.005530834197998047e+00
1762890159.701766014,5.908389687538146973e-01,5.119610428810119629e-01,1.005869388580322266e+00
1762890159.721686125,5.991927385330200195e-01,5.150346755981445312e-01,1.006116747856140137e+00
1762890159.742662191,6.085414886474609375e-01,5.184175968170166016e-01,1.006397843360900879e+00
1762890159.762608528,6.177152991294860840e-01,5.215476751327514648e-01,1.006667852401733398e+00
1762890159.782799244,6.278578042984008789e-01,5.249068737030029297e-01,1.006971478462219238e+00
1762890159.802765131,6.358839273452758789e-01,5.271348953247070312e-01,1.007185697555541992e+00
1762890159.821742773,6.447622179985046387e-01,5.295646786689758301e-01,1.007424473762512207e+00
1762890159.841749191,6.536627411842346191e-01,5.317854881286621094e-01,1.007652878761291504e+00
1762890159.861887693,6.624312400817871094e-01,5.337688922882080078e-01,1.007870554924011230e+00
1762890159.881722927,6.711044311523437500e-01,5.355226397514343262e-01,1.008074522018432617e+00
1762890159.902656794,6.796839237213134766e-01,5.370489358901977539e-01,1.008260488510131836e+00
1762890159.922685385,6.882079839706420898e-01,5.383478999137878418e-01,1.008433699607849121e+00
1762890159.942961931,6.965687870979309082e-01,5.394256114959716797e-01,1.008595824241638184e+00
1762890159.962676525,7.048828601837158203e-01,5.402833223342895508e-01,1.008743524551391602e+00
1762890159.982690096,7.131142020225524902e-01,5.409215688705444336e-01,1.008877038955688477e+00
1762890160.002762318,7.212603092193603516e-01,5.413416028022766113e-01,1.008996725082397461e+00
1762890160.022759914,7.293204665184020996e-01,5.415446162223815918e-01,1.009102702140808105e+00
1762890160.042637825,7.372935414314270020e-01,5.415317416191101074e-01,1.009196519851684570e+00
1762890160.061782837,7.452093958854675293e-01,5.412937402725219727e-01,1.009279251098632812e+00
1762890160.082802296,7.529626488685607910e-01,5.408586859703063965e-01,1.009352087974548340e+00
1762890160.102632284,7.606866955757141113e-01,5.401901006698608398e-01,1.009415745735168457e+00
1762890160.122832775,7.682448625564575195e-01,5.393286347389221191e-01,1.009473323822021484e+00
1762890160.142711401,7.757334709167480469e-01,5.382425785064697266e-01,1.009524464607238770e+00
1762890160.162848473,7.831164598464965820e-01,5.369403958320617676e-01,1.009572982788085938e+00
1762890160.182693958,7.903887033462524414e-01,5.354219675064086914e-01,1.009620904922485352e+00
1762890160.202691793,7.975478172302246094e-01,5.336863398551940918e-01,1.009670972824096680e+00
1762890160.222977161,8.045923113822937012e-01,5.317324995994567871e-01,1.009726047515869141e+00
1762890160.242658138,8.108255863189697266e-01,5.299792289733886719e-01,1.009795069694519043e+00
1762890160.263006687,8.184317946434020996e-01,5.270913243293762207e-01,1.009851574897766113e+00
1762890160.282737255,8.250765800476074219e-01,5.239574313163757324e-01,1.009885072708129883e+00
1762890160.302721024,8.316272497177124023e-01,5.211144685745239258e-01,1.009961366653442383e+00
1762890160.322704792,8.380717635154724121e-01,5.180387496948242188e-01,1.010038971900939941e+00
1762890160.342637062,8.443981409072875977e-01,5.147367119789123535e-01,1.010119795799255371e+00
1762890160.362668037,8.505692481994628906e-01,5.118554234504699707e-01,1.010240435600280762e+00
1762890160.382774115,8.567048907279968262e-01,5.074511170387268066e-01,1.010286569595336914e+00
1762890160.402856588,8.626907467842102051e-01,5.034682154655456543e-01,1.010367393493652344e+00
1762890160.422708273,8.685683608055114746e-01,4.992590248584747314e-01,1.010444760322570801e+00
1762890160.442674160,8.743393421173095703e-01,4.948260486125946045e-01,1.010515689849853516e+00
1762890160.462908268,8.797122240066528320e-01,4.905500710010528564e-01,1.010586738586425781e+00
1762890160.482665062,8.855330944061279297e-01,4.853382110595703125e-01,1.010642051696777344e+00
1762890160.502778292,8.897248506546020508e-01,4.821459352970123291e-01,1.010720133781433105e+00
1762890160.522950411,8.950339555740356445e-01,4.770164191722869873e-01,1.010769248008728027e+00
1762890160.542618752,9.012720584869384766e-01,4.699594676494598389e-01,1.010781526565551758e+00
1762890160.563854694,9.055556654930114746e-01,4.658231437206268311e-01,1.010841131210327148e+00
1762890160.582886696,9.108103513717651367e-01,4.596453011035919189e-01,1.010870099067687988e+00
1762890160.602687359,9.155777692794799805e-01,4.539675414562225342e-01,1.010915756225585938e+00
1762890160.622843266,9.204586148262023926e-01,4.477028250694274902e-01,1.010972023010253906e+00
1762890160.642792702,9.252572655677795410e-01,4.412054419517517090e-01,1.011036276817321777e+00
1762890160.664728165,9.299615621566772461e-01,4.344988763332366943e-01,1.011105656623840332e+00
1762890160.682882309,9.355397820472717285e-01,4.252026081085205078e-01,1.011159658432006836e+00
1762890160.702833176,9.391421675682067871e-01,4.203354716300964355e-01,1.011260747909545898e+00
1762890160.722831249,9.444631934165954590e-01,4.105915129184722900e-01,1.011321902275085449e+00
1762890160.742798328,9.479227662086486816e-01,4.054684042930603027e-01,1.011422514915466309e+00
1762890160.763746738,9.529823064804077148e-01,3.953358232975006104e-01,1.011487722396850586e+00
1762890160.782750368,9.558628201484680176e-01,3.913750052452087402e-01,1.011605501174926758e+00
1762890160.804927826,9.613286852836608887e-01,3.788724839687347412e-01,1.011678099632263184e+00
1762890160.822739840,9.634634256362915039e-01,3.756231367588043213e-01,1.011779427528381348e+00
1762890160.842826128,9.674315452575683594e-01,3.671982288360595703e-01,1.011902213096618652e+00
1762890160.862908363,9.713228940963745117e-01,3.586022853851318359e-01,1.012043237686157227e+00
1762890160.882773876,9.756707549095153809e-01,3.491806983947753906e-01,1.012241840362548828e+00
1762890160.902705669,9.788666367530822754e-01,3.409326672554016113e-01,1.012374162673950195e+00
1762890160.921744108,9.825154542922973633e-01,3.318755030632019043e-01,1.012558579444885254e+00
1762890160.941673756,9.860907793045043945e-01,3.226214945316314697e-01,1.012753605842590332e+00
1762890160.961729765,9.895530343055725098e-01,3.133351504802703857e-01,1.012951016426086426e+00
1762890160.981749773,9.929351806640625000e-01,3.038613498210906982e-01,1.013147354125976562e+00
1762890161.001765251,9.962210059165954590e-01,2.942561805248260498e-01,1.013341665267944336e+00
1762890161.022630453,9.994515180587768555e-01,2.842806875705718994e-01,1.013535857200622559e+00
1762890161.042675495,1.002485752105712891e+00,2.746733427047729492e-01,1.013728618621826172e+00
1762890161.062806845,1.005454182624816895e+00,2.647260427474975586e-01,1.013924241065979004e+00
1762890161.082746506,1.008312344551086426e+00,2.546553611755371094e-01,1.014124512672424316e+00
1762890161.102663755,1.011053681373596191e+00,2.444798797369003296e-01,1.014330744743347168e+00
1762890161.122029543,1.013674497604370117e+00,2.342057526111602783e-01,1.014545798301696777e+00
1762890161.141823053,1.016176939010620117e+00,2.237809449434280396e-01,1.014773249626159668e+00
1762890161.161721706,1.018538951873779297e+00,2.133869081735610962e-01,1.015013694763183594e+00
1762890161.181690931,1.020779132843017578e+00,2.028491199016571045e-01,1.015268683433532715e+00
1762890161.201630354,1.022887825965881348e+00,1.922286301851272583e-01,1.015538573265075684e+00
1762890161.221591473,1.024863004684448242e+00,1.815342754125595093e-01,1.015821695327758789e+00
1762890161.241816998,1.026305675506591797e+00,1.725912392139434814e-01,1.016053676605224609e+00
1762890161.262340784,1.028381824493408203e+00,1.604057252407073975e-01,1.016423225402832031e+00
1762890161.282667637,1.029957056045532227e+00,1.494716107845306396e-01,1.016744256019592285e+00
1762890161.302750349,1.031404137611389160e+00,1.381102800369262695e-01,1.017080307006835938e+00
1762890161.322769165,1.032420754432678223e+00,1.261318475008010864e-01,1.017392158508300781e+00
1762890161.343965769,1.033855438232421875e+00,1.175285950303077698e-01,1.017753124237060547e+00
1762890161.362667799,1.034630775451660156e+00,1.077715978026390076e-01,1.018053650856018066e+00
1762890161.382720232,1.035809874534606934e+00,9.574656188488006592e-02,1.018481373786926270e+00
1762890161.403773785,1.036544680595397949e+00,8.311846852302551270e-02,1.018882036209106445e+00
1762890161.421750546,1.036833882331848145e+00,7.029796391725540161e-02,1.019242882728576660e+00
1762890161.441748619,1.037328362464904785e+00,5.906681343913078308e-02,1.019616603851318359e+00
1762890161.462037086,1.037739872932434082e+00,4.849508404731750488e-02,1.019979000091552734e+00
1762890161.481794357,1.037989974021911621e+00,3.716181218624114990e-02,1.020345926284790039e+00
1762890161.502895594,1.037998318672180176e+00,2.438336797058582306e-02,1.020720601081848145e+00
1762890161.521682501,1.038094997406005859e+00,1.415614224970340729e-02,1.021028518676757812e+00
1762890161.541702986,1.037909507751464844e+00,2.052587922662496567e-03,1.021346569061279297e+00
1762890161.561723709,1.037658214569091797e+00,-9.509370662271976471e-03,1.021642684936523438e+00
1762890161.581638098,1.037294507026672363e+00,-2.104204148054122925e-02,1.021933555603027344e+00
1762890161.601607323,1.036815524101257324e+00,-3.256639838218688965e-02,1.022223472595214844e+00
1762890161.621804237,1.036648392677307129e+00,-4.112436994910240173e-02,1.022496700286865234e+00
1762890161.641872406,1.036099314689636230e+00,-5.172090604901313782e-02,1.022800564765930176e+00
1762890161.661708832,1.035214781761169434e+00,-6.384503841400146484e-02,1.023125290870666504e+00
1762890161.681794405,1.034419894218444824e+00,-7.461944967508316040e-02,1.023438215255737305e+00
1762890161.702641964,1.032790303230285645e+00,-8.940946310758590698e-02,1.023820161819458008e+00
1762890161.722678185,1.031561255455017090e+00,-1.011398136615753174e-01,1.024183988571166992e+00
1762890161.742716789,1.030857920646667480e+00,-1.095992401242256165e-01,1.024505972862243652e+00
1762890161.762807369,1.029055714607238770e+00,-1.228239908814430237e-01,1.024917006492614746e+00
1762890161.782966375,1.028134107589721680e+00,-1.313716322183609009e-01,1.025247812271118164e+00
1762890161.802707434,1.026539683341979980e+00,-1.424167752265930176e-01,1.025623321533203125e+00
1762890161.821783304,1.025642991065979004e+00,-1.490961015224456787e-01,1.025870084762573242e+00
1762890161.842916489,1.023838877677917480e+00,-1.600715219974517822e-01,1.026245355606079102e+00
1762890161.862695456,1.021407723426818848e+00,-1.728701591491699219e-01,1.026658296585083008e+00
1762890161.882711887,1.019278764724731445e+00,-1.838674396276473999e-01,1.027021408081054688e+00
1762890161.902629137,1.017025709152221680e+00,-1.947491317987442017e-01,1.027369618415832520e+00
1762890161.922772408,1.014567732810974121e+00,-2.064677476882934570e-01,1.027746200561523438e+00
1762890161.942824602,1.012106776237487793e+00,-2.162764519453048706e-01,1.027997136116027832e+00
1762890161.962589741,1.009883284568786621e+00,-2.255734801292419434e-01,1.028245210647583008e+00
1762890161.983322620,1.007228136062622070e+00,-2.357067018747329712e-01,1.028470754623413086e+00
1762890162.002779484,1.004190325736999512e+00,-2.464450299739837646e-01,1.028665542602539062e+00
1762890162.022719860,1.001111507415771484e+00,-2.567819058895111084e-01,1.028819799423217773e+00
1762890162.042776585,9.980242252349853516e-01,-2.666616439819335938e-01,1.028942465782165527e+00
1762890162.062962532,9.946898818016052246e-01,-2.767105102539062500e-01,1.029049634933471680e+00
1762890162.082887650,9.912157654762268066e-01,-2.866415083408355713e-01,1.029145479202270508e+00
1762890162.102874994,9.876100420951843262e-01,-2.964310050010681152e-01,1.029231429100036621e+00
1762890162.122647524,9.838750362396240234e-01,-3.060755431652069092e-01,1.029316782951354980e+00
1762890162.141808748,9.800000786781311035e-01,-3.155975639820098877e-01,1.029405117034912109e+00
1762890162.162675142,9.760259985923767090e-01,-3.249189257621765137e-01,1.029495239257812500e+00
1762890162.182648420,9.719038009643554688e-01,-3.341362178325653076e-01,1.029584765434265137e+00
1762890162.202768564,9.676893353462219238e-01,-3.431473076343536377e-01,1.029671430587768555e+00
1762890162.222802162,9.633466601371765137e-01,-3.520202636718750000e-01,1.029750466346740723e+00
1762890162.242734671,9.588292837142944336e-01,-3.608292341232299805e-01,1.029818058013916016e+00
1762890162.262717724,9.534634947776794434e-01,-3.706424236297607422e-01,1.029863238334655762e+00
1762890162.283936739,9.487659335136413574e-01,-3.789951801300048828e-01,1.029898881912231445e+00
1762890162.301753759,9.432632327079772949e-01,-3.879415988922119141e-01,1.029883027076721191e+00
1762890162.321965456,9.384474158287048340e-01,-3.957789838314056396e-01,1.029882550239562988e+00
1762890162.341707706,9.334766268730163574e-01,-4.035149514675140381e-01,1.029863595962524414e+00
1762890162.361766577,9.284135699272155762e-01,-4.110539257526397705e-01,1.029827117919921875e+00
1762890162.381904125,9.232667088508605957e-01,-4.183827936649322510e-01,1.029772996902465820e+00
1762890162.401688337,9.180399179458618164e-01,-4.254960417747497559e-01,1.029704451560974121e+00
1762890162.421715498,9.127363562583923340e-01,-4.323893785476684570e-01,1.029623985290527344e+00
1762890162.442800283,9.072914123535156250e-01,-4.391268193721771240e-01,1.029530405998229980e+00
1762890162.462773085,9.019140005111694336e-01,-4.454835355281829834e-01,1.029432058334350586e+00
1762890162.482742071,8.963961601257324219e-01,-4.516883790493011475e-01,1.029323220252990723e+00
1762890162.502793312,8.908046483993530273e-01,-4.576632082462310791e-01,1.029205679893493652e+00
1762890162.522599220,8.851428031921386719e-01,-4.634030759334564209e-01,1.029080629348754883e+00
1762890162.542607784,8.810654282569885254e-01,-4.674381911754608154e-01,1.028997659683227539e+00
1762890162.561758995,8.768116235733032227e-01,-4.714612066745758057e-01,1.028899669647216797e+00
1762890162.581945896,8.710082173347473145e-01,-4.765670597553253174e-01,1.028741121292114258e+00
1762890162.601723433,8.651121258735656738e-01,-4.814563989639282227e-01,1.028562784194946289e+00
1762890162.621754646,8.591197729110717773e-01,-4.861277341842651367e-01,1.028364658355712891e+00
1762890162.641739845,8.530462980270385742e-01,-4.905709922313690186e-01,1.028155922889709473e+00
1762890162.661820173,8.468838334083557129e-01,-4.947905242443084717e-01,1.027928233146667480e+00
1762890162.682934046,8.406056761741638184e-01,-4.987970292568206787e-01,1.027666926383972168e+00
1762890162.702707529,8.342617154121398926e-01,-5.025609731674194336e-01,1.027370810508728027e+00
1762890162.722825527,8.277907371520996094e-01,-5.061203241348266602e-01,1.027034521102905273e+00
1762890162.742709160,8.212065696716308594e-01,-5.094654560089111328e-01,1.026654243469238281e+00
1762890162.762715340,8.145088553428649902e-01,-5.125966668128967285e-01,1.026226162910461426e+00
1762890162.782745600,8.076971173286437988e-01,-5.155155062675476074e-01,1.025752186775207520e+00
1762890162.802663803,8.005734086036682129e-01,-5.182997584342956543e-01,1.025220394134521484e+00
1762890162.822708368,7.925021052360534668e-01,-5.211676359176635742e-01,1.024582028388977051e+00
1762890162.842720985,7.853266000747680664e-01,-5.234271287918090820e-01,1.023986816406250000e+00
1762890162.862708092,7.780675888061523438e-01,-5.254665017127990723e-01,1.023369550704956055e+00
1762890162.882735729,7.707170248031616211e-01,-5.272901058197021484e-01,1.022737979888916016e+00
1762890162.902663469,7.642890810966491699e-01,-5.286473631858825684e-01,1.022189378738403320e+00
1762890162.922724009,7.571554780006408691e-01,-5.300608277320861816e-01,1.021592617034912109e+00
1762890162.942934036,7.495322227478027344e-01,-5.311923623085021973e-01,1.020969390869140625e+00
1762890162.962798119,7.419975996017456055e-01,-5.322573781013488770e-01,1.020378947257995605e+00
1762890162.982675076,7.327322959899902344e-01,-5.332463383674621582e-01,1.019692063331604004e+00
1762890163.002710581,7.254010438919067383e-01,-5.335936546325683594e-01,1.019185185432434082e+00
1762890163.021701336,7.189834713935852051e-01,-5.338653326034545898e-01,1.018769025802612305e+00
1762890163.041731119,7.088623046875000000e-01,-5.341015458106994629e-01,1.018151402473449707e+00
1762890163.061790228,7.034513354301452637e-01,-5.338112711906433105e-01,1.017844319343566895e+00
1762890163.081933975,6.956699490547180176e-01,-5.334367752075195312e-01,1.017421126365661621e+00
1762890163.101649046,6.871985197067260742e-01,-5.328299999237060547e-01,1.016986489295959473e+00
1762890163.121830940,6.796668767929077148e-01,-5.319902896881103516e-01,1.016624331474304199e+00
1762890163.141670942,6.716300249099731445e-01,-5.309046506881713867e-01,1.016258358955383301e+00
1762890163.161618471,6.635205149650573730e-01,-5.295734405517578125e-01,1.015903472900390625e+00
1762890163.181651831,6.553599238395690918e-01,-5.279969573020935059e-01,1.015551447868347168e+00
1762890163.201839924,6.471458077430725098e-01,-5.261732935905456543e-01,1.015188336372375488e+00
1762890163.221651077,6.388761401176452637e-01,-5.241006016731262207e-01,1.014806389808654785e+00
1762890163.241768122,6.305500268936157227e-01,-5.217777490615844727e-01,1.014401197433471680e+00
1762890163.261724234,6.221677660942077637e-01,-5.192037820816040039e-01,1.013967514038085938e+00
1762890163.281744003,6.129029989242553711e-01,-5.163629651069641113e-01,1.013469338417053223e+00
1762890163.302889109,6.050336360931396484e-01,-5.132388472557067871e-01,1.012999415397644043e+00
1762890163.322687149,5.967106819152832031e-01,-5.099645853042602539e-01,1.012492775917053223e+00
1762890163.342781782,5.881529450416564941e-01,-5.063863992691040039e-01,1.011956453323364258e+00
1762890163.362949371,5.795494318008422852e-01,-5.025542974472045898e-01,1.011407017707824707e+00
1762890163.382741213,5.709189176559448242e-01,-4.984731376171112061e-01,1.010853528976440430e+00
1762890163.401845455,5.620512366294860840e-01,-4.940564930438995361e-01,1.010292768478393555e+00
1762890163.421829939,5.535969138145446777e-01,-4.895686507225036621e-01,1.009770870208740234e+00
1762890163.442753553,5.447156429290771484e-01,-4.846616685390472412e-01,1.009242773056030273e+00
1762890163.462737799,5.353790521621704102e-01,-4.795425236225128174e-01,1.008718609809875488e+00
1762890163.482689619,5.267160534858703613e-01,-4.742551445960998535e-01,1.008256554603576660e+00
1762890163.502825022,5.180271267890930176e-01,-4.687261581420898438e-01,1.007823228836059570e+00
1762890163.524064541,5.099802017211914062e-01,-4.630515873432159424e-01,1.007445335388183594e+00
1762890163.541743994,5.051557421684265137e-01,-4.595554769039154053e-01,1.007230520248413086e+00
1762890163.561869860,4.964979887008666992e-01,-4.534752368927001953e-01,1.006868481636047363e+00
1762890163.581723928,4.878158867359161377e-01,-4.471645653247833252e-01,1.006528139114379883e+00
1762890163.601672173,4.791325926780700684e-01,-4.406399130821228027e-01,1.006207108497619629e+00
1762890163.622655869,4.704478085041046143e-01,-4.339062273502349854e-01,1.005908370018005371e+00
1762890163.641613007,4.615183472633361816e-01,-4.268010258674621582e-01,1.005621552467346191e+00
1762890163.662707090,4.515863060951232910e-01,-4.187889397144317627e-01,1.005316853523254395e+00
1762890163.682800531,4.427964985370635986e-01,-4.113435447216033936e-01,1.005049705505371094e+00
1762890163.702721357,4.341053664684295654e-01,-4.037745893001556396e-01,1.004785180091857910e+00
1762890163.722657204,4.253414869308471680e-01,-3.959639668464660645e-01,1.004513502120971680e+00
1762890163.742709398,4.165459573268890381e-01,-3.879453539848327637e-01,1.004231452941894531e+00
1762890163.762688160,4.077183008193969727e-01,-3.797242641448974609e-01,1.003934264183044434e+00
1762890163.782679796,3.988571166992187500e-01,-3.713050186634063721e-01,1.003620028495788574e+00
1762890163.802730799,3.899609446525573730e-01,-3.626926243305206299e-01,1.003288984298706055e+00
1762890163.822788715,3.810291290283203125e-01,-3.538924455642700195e-01,1.002941966056823730e+00
1762890163.842643738,3.720620870590209961e-01,-3.449104726314544678e-01,1.002581954002380371e+00
1762890163.862659693,3.630612194538116455e-01,-3.357530236244201660e-01,1.002214074134826660e+00
1762890163.883011103,3.540285527706146240e-01,-3.264267444610595703e-01,1.001843810081481934e+00
1762890163.902790070,3.449669182300567627e-01,-3.169388175010681152e-01,1.001478433609008789e+00
1762890163.922878504,3.358791768550872803e-01,-3.072965741157531738e-01,1.001125454902648926e+00
1762890163.942687035,3.267685770988464355e-01,-2.975074052810668945e-01,1.000792384147644043e+00
1762890163.961976528,3.166297078132629395e-01,-2.870224714279174805e-01,1.000447869300842285e+00
1762890163.981666803,3.075961470603942871e-01,-2.770588696002960205e-01,1.000180125236511230e+00
1762890164.001973629,2.984410524368286133e-01,-2.668707668781280518e-01,9.999465942382812500e-01
1762890164.021658659,2.892693877220153809e-01,-2.565581500530242920e-01,9.997544288635253906e-01
1762890164.041601896,2.800897657871246338e-01,-2.461329698562622070e-01,9.996059536933898926e-01
1762890164.062637568,2.709068655967712402e-01,-2.356025725603103638e-01,9.995037913322448730e-01
1762890164.082727909,2.616229355335235596e-01,-2.248705029487609863e-01,9.994506239891052246e-01
1762890164.102717638,2.525585591793060303e-01,-2.142615765333175659e-01,9.994439482688903809e-01
1762890164.122764349,2.433838993310928345e-01,-2.034556567668914795e-01,9.994751811027526855e-01
1762890164.142798901,2.342012077569961548e-01,-1.925573199987411499e-01,9.995409250259399414e-01
1762890164.162745953,2.250158488750457764e-01,-1.815767735242843628e-01,9.996362328529357910e-01
1762890164.182712317,2.158278822898864746e-01,-1.705186367034912109e-01,9.997548460960388184e-01
1762890164.202762604,2.096943259239196777e-01,-1.625285446643829346e-01,9.998551607131958008e-01
1762890164.223028660,2.001084387302398682e-01,-1.509392410516738892e-01,1.000004410743713379e+00
1762890164.242759943,1.908994317054748535e-01,-1.396786570549011230e-01,1.000161528587341309e+00
1762890164.261917830,1.820570528507232666e-01,-1.287465095520019531e-01,1.000325083732604980e+00
1762890164.281656027,1.725150197744369507e-01,-1.170362681150436401e-01,1.000527739524841309e+00
1762890164.302844763,1.609978675842285156e-01,-1.032137721776962280e-01,1.000795125961303711e+00
1762890164.322999001,1.561543643474578857e-01,-9.638330340385437012e-02,1.000942230224609375e+00
1762890164.342717886,1.420604586601257324e-01,-7.977180927991867065e-02,1.001278400421142578e+00
1762890164.362677813,1.332993060350418091e-01,-6.877256929874420166e-02,1.001502037048339844e+00
1762890164.382929325,1.262987107038497925e-01,-5.962165817618370056e-02,1.001675844192504883e+00
1762890164.402721167,1.144990995526313782e-01,-4.541759192943572998e-02,1.001915812492370605e+00
1762890164.422718763,1.072012856602668762e-01,-3.595360368490219116e-02,1.002057194709777832e+00
1762890164.442798853,9.522326290607452393e-02,-2.158594317734241486e-02,1.002220511436462402e+00
1762890164.462782383,8.534923195838928223e-02,-9.446791373193264008e-03,1.002339482307434082e+00
1762890164.482781887,7.554530352354049683e-02,2.593685407191514969e-03,1.002429723739624023e+00
1762890164.502678633,6.755811721086502075e-02,1.272255741059780121e-02,1.002511858940124512e+00
1762890164.522846699,6.231297180056571960e-02,1.951543428003787994e-02,1.002571344375610352e+00
1762890164.542993546,5.007151514291763306e-02,3.444676473736763000e-02,1.002665400505065918e+00
1762890164.562694073,4.087715968489646912e-02,4.528179392218589783e-02,1.002722024917602539e+00
1762890164.581720829,3.054886311292648315e-02,5.768175423145294189e-02,1.002815127372741699e+00
1762890164.601788044,2.065918035805225372e-02,6.957623362541198730e-02,1.002930283546447754e+00
1762890164.622754574,1.025533583015203476e-02,8.193395286798477173e-02,1.003069996833801270e+00
1762890164.642650366,2.788172860164195299e-04,9.379071742296218872e-02,1.003238677978515625e+00
1762890164.662855148,-9.961551055312156677e-03,1.058417409658432007e-01,1.003451824188232422e+00
1762890164.682699919,-2.024905011057853699e-02,1.178628280758857727e-01,1.003705859184265137e+00
1762890164.702645779,-3.056520037353038788e-02,1.298307627439498901e-01,1.003997802734375000e+00
1762890164.722734213,-4.090160503983497620e-02,1.417320519685745239e-01,1.004332304000854492e+00
1762890164.742013454,-5.130663514137268066e-02,1.536082923412322998e-01,1.004708170890808105e+00
1762890164.761706352,-6.160481274127960205e-02,1.652872711420059204e-01,1.005114912986755371e+00
1762890164.781695366,-7.196155190467834473e-02,1.769239455461502075e-01,1.005560517311096191e+00
1762890164.801907063,-8.231483399868011475e-02,1.884545832872390747e-01,1.006041646003723145e+00
1762890164.821732044,-9.265508502721786499e-02,1.998665928840637207e-01,1.006553888320922852e+00
1762890164.841743231,-1.029767394065856934e-01,2.111511826515197754e-01,1.007095456123352051e+00
1762890164.861892939,-1.132752522826194763e-01,2.223009020090103149e-01,1.007664442062377930e+00
1762890164.881731749,-1.235461533069610596e-01,2.333087325096130371e-01,1.008258938789367676e+00
1762890164.901837587,-1.337853223085403442e-01,2.441684007644653320e-01,1.008876800537109375e+00
1762890164.921700716,-1.439893990755081177e-01,2.548744082450866699e-01,1.009514451026916504e+00
1762890164.941771984,-1.541556715965270996e-01,2.654221951961517334e-01,1.010167837142944336e+00
1762890164.962049723,-1.642819046974182129e-01,2.758080661296844482e-01,1.010832905769348145e+00
1762890164.981603384,-1.740228235721588135e-01,2.857410013675689697e-01,1.011485695838928223e+00
1762890165.001870632,-1.830761730670928955e-01,2.949896156787872314e-01,1.012103557586669922e+00
1762890165.022703171,-1.926978975534439087e-01,3.045853078365325928e-01,1.012752056121826172e+00
1762890165.041710377,-2.045154124498367310e-01,3.158023357391357422e-01,1.013514399528503418e+00
1762890165.061745644,-2.151261419057846069e-01,3.254266381263732910e-01,1.014170408248901367e+00
1762890165.082163095,-2.249832600355148315e-01,3.347839713096618652e-01,1.014807939529418945e+00
1762890165.102861643,-2.340047955513000488e-01,3.438364863395690918e-01,1.015416622161865234e+00
1762890165.122761965,-2.437779009342193604e-01,3.528673052787780762e-01,1.016004562377929688e+00
1762890165.145751476,-2.535916268825531006e-01,3.617938756942749023e-01,1.016560196876525879e+00
1762890165.161673784,-2.643809914588928223e-01,3.708192408084869385e-01,1.017082810401916504e+00
1762890165.181766987,-2.740586400032043457e-01,3.793696165084838867e-01,1.017540931701660156e+00
1762890165.201719046,-2.838426530361175537e-01,3.878623247146606445e-01,1.017946600914001465e+00
1762890165.221698284,-2.936289310455322266e-01,3.962215185165405273e-01,1.018289208412170410e+00
1762890165.241626978,-3.034117519855499268e-01,4.044412970542907715e-01,1.018568277359008789e+00
1762890165.261658430,-3.131883144378662109e-01,4.125185012817382812e-01,1.018790006637573242e+00
1762890165.282666683,-3.234535157680511475e-01,4.207601249217987061e-01,1.018959403038024902e+00
1762890165.302782536,-3.327180445194244385e-01,4.282302260398864746e-01,1.019076228141784668e+00
1762890165.322867155,-3.424255847930908203e-01,4.358328282833099365e-01,1.019157409667968750e+00
1762890165.342698574,-3.471864759922027588e-01,4.403785169124603271e-01,1.019251465797424316e+00
1762890165.362647295,-3.570030629634857178e-01,4.478093981742858887e-01,1.019298076629638672e+00
1762890165.382756948,-3.665819466114044189e-01,4.549405574798583984e-01,1.019337773323059082e+00
1762890165.402770281,-3.761850595474243164e-01,4.619234204292297363e-01,1.019377827644348145e+00
1762890165.422658682,-3.857878148555755615e-01,4.687373936176300049e-01,1.019430518150329590e+00
1762890165.442732096,-3.953581452369689941e-01,4.753606915473937988e-01,1.019499659538269043e+00
1762890165.462793350,-4.048969447612762451e-01,4.817872047424316406e-01,1.019585967063903809e+00
1762890165.481690645,-4.138717055320739746e-01,4.873593151569366455e-01,1.019657373428344727e+00
1762890165.502712250,-4.231298863887786865e-01,4.932871460914611816e-01,1.019772171974182129e+00
1762890165.521804094,-4.326269924640655518e-01,4.991320669651031494e-01,1.019894003868103027e+00
1762890165.542657614,-4.420550167560577393e-01,5.047448873519897461e-01,1.020016789436340332e+00
1762890165.562671423,-4.514542222023010254e-01,5.101420283317565918e-01,1.020134806632995605e+00
1762890165.582909584,-4.613620042800903320e-01,5.155349373817443848e-01,1.020241141319274902e+00
1762890165.602627993,-4.701472222805023193e-01,5.202857255935668945e-01,1.020328998565673828e+00
1762890165.622661114,-4.794396460056304932e-01,5.250297784805297852e-01,1.020391821861267090e+00
1762890165.642722845,-4.893155395984649658e-01,5.297626256942749023e-01,1.020421385765075684e+00
1762890165.663151503,-4.982495307922363281e-01,5.339740514755249023e-01,1.020424842834472656e+00
1762890165.682720900,-5.103095769882202148e-01,5.388491153717041016e-01,1.020349144935607910e+00
1762890165.702875614,-5.195747613906860352e-01,5.427103638648986816e-01,1.020273327827453613e+00
1762890165.722817421,-5.287500619888305664e-01,5.463461875915527344e-01,1.020169138908386230e+00
1762890165.742743969,-5.378862023353576660e-01,5.497745871543884277e-01,1.020038247108459473e+00
1762890165.761780262,-5.474502444267272949e-01,5.530837774276733398e-01,1.019867777824401855e+00
1762890165.781660795,-5.560486912727355957e-01,5.560150742530822754e-01,1.019706130027770996e+00
1762890165.801775694,-5.650214552879333496e-01,5.588278770446777344e-01,1.019522309303283691e+00
1762890165.821830988,-5.739573836326599121e-01,5.614436268806457520e-01,1.019325017929077148e+00
1762890165.841744900,-5.828234553337097168e-01,5.638575553894042969e-01,1.019119858741760254e+00
1762890165.861642361,-5.916098356246948242e-01,5.660690069198608398e-01,1.018916249275207520e+00
1762890165.883654118,-6.012043356895446777e-01,5.681341886520385742e-01,1.018684625625610352e+00
1762890165.901747942,-6.045304536819458008e-01,5.696613788604736328e-01,1.018671512603759766e+00
1762890165.922270536,-6.130359768867492676e-01,5.713558793067932129e-01,1.018481254577636719e+00
1762890165.942646265,-6.214960813522338867e-01,5.728518366813659668e-01,1.018299341201782227e+00
1762890165.962625027,-6.298832297325134277e-01,5.741444826126098633e-01,1.018127560615539551e+00
1762890165.982736349,-6.381224989891052246e-01,5.752359628677368164e-01,1.017974495887756348e+00
1762890166.002797604,-6.462872028350830078e-01,5.761212706565856934e-01,1.017839550971984863e+00
1762890166.022714853,-6.543613076210021973e-01,5.767960548400878906e-01,1.017715215682983398e+00
1762890166.042746782,-6.623491048812866211e-01,5.772587656974792480e-01,1.017595648765563965e+00
1762890166.062688828,-6.702639460563659668e-01,5.775001049041748047e-01,1.017508029937744141e+00
1762890166.082889318,-6.775056719779968262e-01,5.773200392723083496e-01,1.017559528350830078e+00
1762890166.102759600,-6.852104067802429199e-01,5.771619677543640137e-01,1.017937302589416504e+00
1762890166.122772455,-6.930468678474426270e-01,5.770642757415771484e-01,1.018739461898803711e+00
1762890166.143037319,-6.997820734977722168e-01,5.767359137535095215e-01,1.019623160362243652e+00
1762890166.161670685,-7.046992778778076172e-01,5.764338374137878418e-01,1.020370721817016602e+00
1762890166.181780577,-7.110326290130615234e-01,5.759889483451843262e-01,1.021471977233886719e+00
1762890166.201883078,-7.158582806587219238e-01,5.758332610130310059e-01,1.022495388984680176e+00
1762890166.221890211,-7.198746204376220703e-01,5.758227705955505371e-01,1.023531317710876465e+00
1762890166.241750717,-7.230553627014160156e-01,5.759856104850769043e-01,1.024546504020690918e+00
1762890166.261650324,-7.253990173339843750e-01,5.763446092605590820e-01,1.025502204895019531e+00
1762890166.282539606,-7.269281148910522461e-01,5.769164562225341797e-01,1.026357531547546387e+00
1762890166.301610231,-7.276404500007629395e-01,5.777254104614257812e-01,1.027042031288146973e+00
1762890166.321706772,-7.277404069900512695e-01,5.787314772605895996e-01,1.027576446533203125e+00
1762890166.341903210,-7.272172570228576660e-01,5.799517631530761719e-01,1.027794480323791504e+00
1762890166.361617088,-7.262092232704162598e-01,5.813647508621215820e-01,1.027776837348937988e+00
1762890166.381658792,-7.247491478919982910e-01,5.829758048057556152e-01,1.027446031570434570e+00
1762890166.401797056,-7.229274511337280273e-01,5.847644805908203125e-01,1.026764273643493652e+00
1762890166.421786070,-7.208371162414550781e-01,5.867068767547607422e-01,1.025729298591613770e+00
1762890166.441630125,-7.185694575309753418e-01,5.887752771377563477e-01,1.024365425109863281e+00
1762890166.461680651,-7.162137031555175781e-01,5.909394621849060059e-01,1.022716641426086426e+00
1762890166.481837988,-7.138549685478210449e-01,5.931667685508728027e-01,1.020848274230957031e+00
1762890166.502873182,-7.115502953529357910e-01,5.954360961914062500e-01,1.018807053565979004e+00
1762890166.522823572,-7.094469666481018066e-01,5.976645946502685547e-01,1.016739845275878906e+00
1762890166.542772532,-7.075343728065490723e-01,5.998603701591491699e-01,1.014654040336608887e+00
1762890166.562737226,-7.058826684951782227e-01,6.019751429557800293e-01,1.012635707855224609e+00
1762890166.581701994,-7.046638727188110352e-01,6.036638021469116211e-01,1.010881185531616211e+00
1762890166.601899862,-7.035968899726867676e-01,6.055386066436767578e-01,1.009106040000915527e+00
1762890166.621886015,-7.028499245643615723e-01,6.072365641593933105e-01,1.007506012916564941e+00
1762890166.641737461,-7.023993134498596191e-01,6.087539196014404297e-01,1.006048083305358887e+00
1762890166.661873817,-7.022250890731811523e-01,6.100718975067138672e-01,1.004726886749267578e+00
1762890166.682786942,-7.022993564605712891e-01,6.111804842948913574e-01,1.003504157066345215e+00
1762890166.703014374,-7.025682330131530762e-01,6.120781898498535156e-01,1.002358198165893555e+00
1762890166.722770452,-7.029978036880493164e-01,6.127701997756958008e-01,1.001226782798767090e+00
1762890166.742694855,-7.035410404205322266e-01,6.132614016532897949e-01,1.000074863433837891e+00
1762890166.762861729,-7.041528224945068359e-01,6.135630011558532715e-01,9.988636970520019531e-01
1762890166.781726360,-7.048779129981994629e-01,6.136328577995300293e-01,9.974753260612487793e-01
1762890166.801774740,-7.054126262664794922e-01,6.136530637741088867e-01,9.961394667625427246e-01
1762890166.821714878,-7.059780955314636230e-01,6.134834885597229004e-01,9.945956468582153320e-01
1762890166.841791868,-7.064666748046875000e-01,6.131914854049682617e-01,9.929125308990478516e-01
1762890166.862840176,-7.068505287170410156e-01,6.127938032150268555e-01,9.910910129547119141e-01
1762890166.882767200,-7.070938348770141602e-01,6.123379468917846680e-01,9.891679286956787109e-01
1762890166.902768850,-7.071996927261352539e-01,6.118238568305969238e-01,9.871274232864379883e-01
1762890166.922713280,-7.071537971496582031e-01,6.112807393074035645e-01,9.849936366081237793e-01
1762890166.943036795,-7.069525718688964844e-01,6.107307076454162598e-01,9.827864766120910645e-01
1762890166.962693453,-7.065992951393127441e-01,6.101931929588317871e-01,9.805187582969665527e-01
1762890166.981713772,-7.061063051223754883e-01,6.096512675285339355e-01,9.781473875045776367e-01
1762890167.001884460,-7.056665420532226562e-01,6.088500022888183594e-01,9.756713509559631348e-01
1762890167.022751331,-7.047308683395385742e-01,6.087898612022399902e-01,9.733779430389404297e-01
1762890167.042765617,-7.038904428482055664e-01,6.084037423133850098e-01,9.708387255668640137e-01
1762890167.062675714,-7.029868960380554199e-01,6.082191467285156250e-01,9.684775471687316895e-01
1762890167.081593037,-7.022759914398193359e-01,6.080871224403381348e-01,9.666087031364440918e-01
1762890167.101707458,-7.012838125228881836e-01,6.079341769218444824e-01,9.639676809310913086e-01
1762890167.121720314,-7.003157734870910645e-01,6.079984903335571289e-01,9.616063237190246582e-01
1762890167.142068386,-6.993246078491210938e-01,6.080328822135925293e-01,9.589556455612182617e-01
1762890167.161735773,-6.983405351638793945e-01,6.080880761146545410e-01,9.561244249343872070e-01
1762890167.181628704,-6.973809599876403809e-01,6.081663370132446289e-01,9.531102180480957031e-01
1762890167.201760292,-6.964824199676513672e-01,6.083378195762634277e-01,9.501489996910095215e-01
1762890167.221786261,-6.956336498260498047e-01,6.085178852081298828e-01,9.469968080520629883e-01
1762890167.241666555,-6.948493123054504395e-01,6.087167263031005859e-01,9.437206983566284180e-01
1762890167.261609316,-6.941347122192382812e-01,6.089245080947875977e-01,9.403226375579833984e-01
1762890167.281691790,-6.934921145439147949e-01,6.091306805610656738e-01,9.368017911911010742e-01
1762890167.301841497,-6.929214596748352051e-01,6.093248128890991211e-01,9.331598877906799316e-01
1762890167.322627306,-6.924205422401428223e-01,6.094974875450134277e-01,9.294006824493408203e-01
1762890167.342704773,-6.919863820075988770e-01,6.096386313438415527e-01,9.255195260047912598e-01
1762890167.362771988,-6.916096806526184082e-01,6.097481250762939453e-01,9.215499758720397949e-01
1762890167.383058548,-6.912854313850402832e-01,6.098150610923767090e-01,9.174678325653076172e-01
1762890167.402673960,-6.910045146942138672e-01,6.098384857177734375e-01,9.132853150367736816e-01
1762890167.422763824,-6.907579898834228516e-01,6.098173856735229492e-01,9.090036749839782715e-01
1762890167.443767309,-6.905366778373718262e-01,6.097524166107177734e-01,9.046235084533691406e-01
1762890167.461638451,-6.903330683708190918e-01,6.096431612968444824e-01,9.001340270042419434e-01
1762890167.481655836,-6.901338696479797363e-01,6.095012426376342773e-01,8.955667018890380859e-01
1762890167.501690149,-6.900833249092102051e-01,6.091939806938171387e-01,8.913435935974121094e-01
1762890167.522998333,-6.897342205047607422e-01,6.091130971908569336e-01,8.860862851142883301e-01
1762890167.542692423,-6.895173788070678711e-01,6.088873744010925293e-01,8.812005519866943359e-01
1762890167.562762499,-6.892867088317871094e-01,6.086429357528686523e-01,8.761879801750183105e-01
1762890167.582689047,-6.890377998352050781e-01,6.083889603614807129e-01,8.710552453994750977e-01
1762890167.602809668,-6.889249086380004883e-01,6.080058217048645020e-01,8.663155436515808105e-01
1762890167.622744799,-6.884814500808715820e-01,6.078777909278869629e-01,8.604155182838439941e-01
1762890167.642774582,-6.883339881896972656e-01,6.075033545494079590e-01,8.554450273513793945e-01
1762890167.662775755,-6.878532171249389648e-01,6.073983311653137207e-01,8.492630720138549805e-01
1762890167.682795763,-6.876786947250366211e-01,6.070496439933776855e-01,8.440580368041992188e-01
1762890167.702790260,-6.873341798782348633e-01,6.068504452705383301e-01,8.381705880165100098e-01
1762890167.722583771,-6.869832873344421387e-01,6.066731214523315430e-01,8.321556448936462402e-01
1762890167.742708921,-6.866300106048583984e-01,6.065192818641662598e-01,8.260149955749511719e-01
1762890167.762857676,-6.862781643867492676e-01,6.063896417617797852e-01,8.197511434555053711e-01
1762890167.782704353,-6.859313845634460449e-01,6.062844395637512207e-01,8.133644461631774902e-01
1762890167.802750349,-6.855930089950561523e-01,6.062031984329223633e-01,8.068541288375854492e-01
1762890167.822862387,-6.852657794952392578e-01,6.061449646949768066e-01,8.002196550369262695e-01
1762890167.842687368,-6.849570274353027344e-01,6.060994863510131836e-01,7.934048175811767578e-01
1762890167.862744331,-6.846535205841064453e-01,6.060935258865356445e-01,7.866056561470031738e-01
1762890167.882742643,-6.843721270561218262e-01,6.060945987701416016e-01,7.796204090118408203e-01
1762890167.902702570,-6.841086149215698242e-01,6.061106324195861816e-01,7.725154161453247070e-01
1762890167.921694517,-6.838762164115905762e-01,6.061198115348815918e-01,7.651346921920776367e-01
1762890167.941690445,-6.836354136466979980e-01,6.061814427375793457e-01,7.579514980316162109e-01
1762890167.962853909,-6.834270954132080078e-01,6.062291264533996582e-01,7.504719495773315430e-01
1762890167.982692957,-6.832293272018432617e-01,6.062921881675720215e-01,7.429451346397399902e-01
1762890168.002670050,-6.830501556396484375e-01,6.063565611839294434e-01,7.352727055549621582e-01
1762890168.022674799,-6.828850507736206055e-01,6.064255833625793457e-01,7.274940013885498047e-01
1762890168.042762995,-6.827322840690612793e-01,6.064987182617187500e-01,7.196140289306640625e-01
1762890168.061712027,-6.826062798500061035e-01,6.065560579299926758e-01,7.114629745483398438e-01
1762890168.081822872,-6.827228665351867676e-01,6.063556671142578125e-01,7.031010985374450684e-01
1762890168.102007866,-6.825980544090270996e-01,6.064413189888000488e-01,6.949658989906311035e-01
1762890168.121723890,-6.824823021888732910e-01,6.065282225608825684e-01,6.867336630821228027e-01
1762890168.142651796,-6.823250651359558105e-01,6.066662669181823730e-01,6.765753626823425293e-01
1762890168.161675930,-6.819376945495605469e-01,6.070910096168518066e-01,6.736292243003845215e-01
1762890168.182871580,-6.817914843559265137e-01,6.072375178337097168e-01,6.633135080337524414e-01
1762890168.202676058,-6.818253397941589355e-01,6.071984171867370605e-01,6.557677984237670898e-01
1762890168.222748041,-6.817286610603332520e-01,6.073153018951416016e-01,6.472736597061157227e-01
1762890168.242722511,-6.816349625587463379e-01,6.074412465095520020e-01,6.387329697608947754e-01
1762890168.261707067,-6.815189719200134277e-01,6.076040267944335938e-01,6.304039359092712402e-01
1762890168.281869650,-6.814524531364440918e-01,6.077264547348022461e-01,6.214886903762817383e-01
1762890168.301786184,-6.813677549362182617e-01,6.078819036483764648e-01,6.127434372901916504e-01
1762890168.321628571,-6.812729239463806152e-01,6.080613732337951660e-01,6.040775775909423828e-01
1762890168.341739655,-6.811889410018920898e-01,6.082438230514526367e-01,5.952659249305725098e-01
1762890168.361759424,-6.811087131500244141e-01,6.084363460540771484e-01,5.863898992538452148e-01
1762890168.382643700,-6.810322403907775879e-01,6.086390018463134766e-01,5.774530172348022461e-01
1762890168.402782679,-6.809638738632202148e-01,6.088480353355407715e-01,5.684217810630798340e-01
1762890168.422756910,-6.808923482894897461e-01,6.090731024742126465e-01,5.594360232353210449e-01
1762890168.442698717,-6.808301210403442383e-01,6.093025207519531250e-01,5.503808259963989258e-01
1762890168.461656332,-6.807913184165954590e-01,6.095238924026489258e-01,5.411214828491210938e-01
1762890168.481651783,-6.807225942611694336e-01,6.097835302352905273e-01,5.322549939155578613e-01
1762890168.501819611,-6.806750893592834473e-01,6.100355386734008789e-01,5.232259631156921387e-01
1762890168.521736860,-6.806331872940063477e-01,6.102933287620544434e-01,5.142193436622619629e-01
1762890168.541717768,-6.805952191352844238e-01,6.105576157569885254e-01,5.052562952041625977e-01
1762890168.561741590,-6.805604100227355957e-01,6.108282208442687988e-01,4.963442385196685791e-01
1762890168.581898451,-6.805282831192016602e-01,6.111050248146057129e-01,4.874906837940216064e-01
1762890168.602947235,-6.805164813995361328e-01,6.113733649253845215e-01,4.785147011280059814e-01
1762890168.622803450,-6.804696917533874512e-01,6.116763949394226074e-01,4.699828326702117920e-01
1762890168.642860651,-6.804407238960266113e-01,6.119714975357055664e-01,4.613474309444427490e-01
1762890168.662705183,-6.804130673408508301e-01,6.122710108757019043e-01,4.527771472930908203e-01
1762890168.682646751,-6.803851127624511719e-01,6.125754714012145996e-01,4.442819058895111084e-01
1762890168.702712774,-6.803563833236694336e-01,6.128845810890197754e-01,4.358608722686767578e-01
1762890168.721787930,-6.806058883666992188e-01,6.129104495048522949e-01,4.270201325416564941e-01
1762890168.741770029,-6.805648803710937500e-01,6.132349371910095215e-01,4.188456833362579346e-01
1762890168.761802673,-6.805313825607299805e-01,6.135552525520324707e-01,4.106627106666564941e-01
1762890168.781773090,-6.804962754249572754e-01,6.138772964477539062e-01,4.025574028491973877e-01
1762890168.802607059,-6.800828576087951660e-01,6.144860386848449707e-01,3.980318009853363037e-01
1762890168.821759701,-6.800442337989807129e-01,6.148101687431335449e-01,3.900651037693023682e-01
1762890168.841765642,-6.799930930137634277e-01,6.151429414749145508e-01,3.822793066501617432e-01
1762890168.861724854,-6.799471974372863770e-01,6.154700517654418945e-01,3.745074272155761719e-01
1762890168.881632566,-6.798976063728332520e-01,6.157976984977722168e-01,3.668254315853118896e-01
1762890168.901751041,-6.798430681228637695e-01,6.161265969276428223e-01,3.592317998409271240e-01
1762890168.921764135,-6.797837018966674805e-01,6.164553761482238770e-01,3.517282307147979736e-01
1762890168.941736937,-6.797202229499816895e-01,6.167821288108825684e-01,3.443170487880706787e-01
1762890168.961841106,-6.796534657478332520e-01,6.171056032180786133e-01,3.370015919208526611e-01
1762890168.981665611,-6.795839071273803711e-01,6.174246668815612793e-01,3.297872245311737061e-01
1762890169.002657175,-6.795206069946289062e-01,6.177309155464172363e-01,3.226059973239898682e-01
1762890169.022935390,-6.794381737709045410e-01,6.180441975593566895e-01,3.156875371932983398e-01
1762890169.042788982,-6.793620586395263672e-01,6.183433532714843750e-01,3.088178634643554688e-01
1762890169.062873602,-6.792847514152526855e-01,6.186337471008300781e-01,3.020683825016021729e-01
1762890169.081767321,-6.792138814926147461e-01,6.189082264900207520e-01,2.953760325908660889e-01
1762890169.101686478,-6.791238188743591309e-01,6.191880106925964355e-01,2.889487445354461670e-01
1762890169.121765852,-6.790389418601989746e-01,6.194517612457275391e-01,2.825830876827239990e-01
1762890169.141797304,-6.790885925292968750e-01,6.195394992828369141e-01,2.769833207130432129e-01
1762890169.161897421,-6.788609027862548828e-01,6.199501156806945801e-01,2.702255249023437500e-01
1762890169.181721687,-6.787661910057067871e-01,6.201851963996887207e-01,2.642340660095214844e-01
1762890169.201727152,-6.788053512573242188e-01,6.202470064163208008e-01,2.589692175388336182e-01
1762890169.222908974,-6.785632371902465820e-01,6.206268668174743652e-01,2.526172399520874023e-01
1762890169.242676258,-6.786096096038818359e-01,6.206555366516113281e-01,2.474524378776550293e-01
1762890169.262801170,-6.784796714782714844e-01,6.208699941635131836e-01,2.420518845319747925e-01
1762890169.282822847,-6.783589720726013184e-01,6.210605502128601074e-01,2.366611212491989136e-01
1762890169.302989960,-6.782336235046386719e-01,6.212414503097534180e-01,2.313837856054306030e-01
1762890169.322653294,-6.781022548675537109e-01,6.214138865470886230e-01,2.262250334024429321e-01
1762890169.342794895,-6.779649257659912109e-01,6.215779781341552734e-01,2.211815118789672852e-01
1762890169.362788677,-6.778213977813720703e-01,6.217340230941772461e-01,2.162515670061111450e-01
1762890169.382800817,-6.776718497276306152e-01,6.218820214271545410e-01,2.114349156618118286e-01
1762890169.402698278,-6.775165796279907227e-01,6.220222115516662598e-01,2.067307829856872559e-01
1762890169.421751261,-6.773558259010314941e-01,6.221544146537780762e-01,2.021371722221374512e-01
1762890169.442795277,-6.771956086158752441e-01,6.222714185714721680e-01,1.976174414157867432e-01
1762890169.462698221,-6.770171523094177246e-01,6.223967671394348145e-01,1.932860016822814941e-01
1762890169.482700825,-6.768410801887512207e-01,6.225057244300842285e-01,1.890204399824142456e-01
1762890169.502744198,-6.766611337661743164e-01,6.226060390472412109e-01,1.848623901605606079e-01
1762890169.521797180,-6.764799356460571289e-01,6.226939558982849121e-01,1.807935237884521484e-01
1762890169.541629791,-6.762887239456176758e-01,6.227820515632629395e-01,1.768620163202285767e-01
1762890169.562720537,-6.763005256652832031e-01,6.225843429565429688e-01,1.719159483909606934e-01
1762890169.582783937,-6.759137511253356934e-01,6.229088902473449707e-01,1.692063659429550171e-01
1762890169.602669716,-6.757063865661621094e-01,6.229803562164306641e-01,1.656123995780944824e-01
1762890169.622649670,-6.755080819129943848e-01,6.230275034904479980e-01,1.620545834302902222e-01
1762890169.642650604,-6.753089427947998047e-01,6.230636835098266602e-01,1.585971564054489136e-01
1762890169.663033009,-6.751133203506469727e-01,6.230828166007995605e-01,1.552143543958663940e-01
1762890169.682736397,-6.749030351638793945e-01,6.231117248535156250e-01,1.519815474748611450e-01
1762890169.702642441,-6.747323870658874512e-01,6.230696439743041992e-01,1.486409604549407959e-01
1762890169.722723722,-6.743533015251159668e-01,6.233310699462890625e-01,1.463541388511657715e-01
1762890169.741631746,-6.741530895233154297e-01,6.233132481575012207e-01,1.433015316724777222e-01
1762890169.762634516,-6.739897727966308594e-01,6.232267618179321289e-01,1.401666849851608276e-01
1762890169.782707930,-6.737759709358215332e-01,6.232068538665771484e-01,1.373363733291625977e-01
1762890169.802923441,-6.735679507255554199e-01,6.231675148010253906e-01,1.345595121383666992e-01
1762890169.822771788,-6.735050678253173828e-01,6.229816675186157227e-01,1.321521103382110596e-01
1762890169.842710257,-6.731522679328918457e-01,6.230574250221252441e-01,1.292526870965957642e-01
1762890169.862649441,-6.729446053504943848e-01,6.229864358901977539e-01,1.267280876636505127e-01
1762890169.881762981,-6.728960275650024414e-01,6.227489113807678223e-01,1.244996935129165649e-01
1762890169.902664661,-6.726891994476318359e-01,6.226574778556823730e-01,1.221401691436767578e-01
1762890169.922670603,-6.724684238433837891e-01,6.225806474685668945e-01,1.199139729142189026e-01
1762890169.942780018,-6.722609400749206543e-01,6.224727034568786621e-01,1.177250146865844727e-01
1762890169.962864637,-6.720539331436157227e-01,6.223550438880920410e-01,1.156141906976699829e-01
1762890169.982699394,-6.718462705612182617e-01,6.222299933433532715e-01,1.135794594883918762e-01
1762890170.001739979,-6.716402769088745117e-01,6.220936179161071777e-01,1.116095483303070068e-01
1762890170.021728277,-6.714267134666442871e-01,6.219622492790222168e-01,1.097246259450912476e-01
1762890170.041795731,-6.712147593498229980e-01,6.218203306198120117e-01,1.078957840800285339e-01
1762890170.061919212,-6.710013747215270996e-01,6.216737031936645508e-01,1.061292067170143127e-01
1762890170.081546783,-6.707862019538879395e-01,6.215234994888305664e-01,1.044218838214874268e-01
1762890170.101748228,-6.705692410469055176e-01,6.213703155517578125e-01,1.027714461088180542e-01
1762890170.121745348,-6.703504920005798340e-01,6.212145686149597168e-01,1.011766418814659119e-01
1762890170.142016172,-6.701301932334899902e-01,6.210566759109497070e-01,9.963638335466384888e-02
1762890170.161646366,-6.699087023735046387e-01,6.208970546722412109e-01,9.815023094415664673e-02
1762890170.181647539,-6.696863174438476562e-01,6.207360625267028809e-01,9.671746939420700073e-02
1762890170.201731920,-6.694633364677429199e-01,6.205739974975585938e-01,9.533777832984924316e-02
1762890170.221903086,-6.692401170730590820e-01,6.204110383987426758e-01,9.401110559701919556e-02
1762890170.241654873,-6.690169572830200195e-01,6.202473640441894531e-01,9.273686259984970093e-02
1762890170.261824131,-6.687242984771728516e-01,6.202121973037719727e-01,9.164644777774810791e-02
1762890170.281711102,-6.684973239898681641e-01,6.200565099716186523e-01,9.047855436801910400e-02
1762890170.301766634,-6.684380769729614258e-01,6.197354197502136230e-01,8.944518864154815674e-02
1762890170.322700024,-6.681274175643920898e-01,6.195951104164123535e-01,8.815571665763854980e-02
1762890170.341758728,-6.681465506553649902e-01,6.191399097442626953e-01,8.711347728967666626e-02
1762890170.361668825,-6.679379940032958984e-01,6.189581751823425293e-01,8.611553162336349487e-02
1762890170.381736279,-6.677258610725402832e-01,6.187850236892700195e-01,8.516636490821838379e-02
1762890170.401724100,-6.675167679786682129e-01,6.186085939407348633e-01,8.425417542457580566e-02
1762890170.421908617,-6.673113703727722168e-01,6.184277534484863281e-01,8.337631076574325562e-02
1762890170.441733122,-6.670697927474975586e-01,6.183138489723205566e-01,8.258179575204849243e-02
1762890170.461785793,-6.668674349784851074e-01,6.181314587593078613e-01,8.177422732114791870e-02
1762890170.481831789,-6.665562987327575684e-01,6.181423664093017578e-01,8.111652731895446777e-02
1762890170.501585245,-6.663197875022888184e-01,6.180228590965270996e-01,8.041255176067352295e-02
1762890170.521671772,-6.662750840187072754e-01,6.175618767738342285e-01,7.954679429531097412e-02
1762890170.541672707,-6.659412980079650879e-01,6.176137328147888184e-01,7.899647951126098633e-02
1762890170.562677622,-6.657831668853759766e-01,6.173515319824218750e-01,7.830561697483062744e-02
1762890170.582696438,-6.657021641731262207e-01,6.169527173042297363e-01,7.758419960737228394e-02
1762890170.602678299,-6.655197143554687500e-01,6.167317628860473633e-01,7.698284834623336792e-02
1762890170.622685432,-6.651814579963684082e-01,6.167873740196228027e-01,7.653273642063140869e-02
1762890170.641710997,-6.652061939239501953e-01,6.161953210830688477e-01,7.583229988813400269e-02
1762890170.661720037,-6.647245287895202637e-01,6.165088415145874023e-01,7.553295046091079712e-02
1762890170.681762934,-6.645280122756958008e-01,6.163102984428405762e-01,7.504867017269134521e-02
1762890170.702006578,-6.643471121788024902e-01,6.160840392112731934e-01,7.457965612411499023e-02
1762890170.721792221,-6.641688942909240723e-01,6.158527731895446777e-01,7.413725554943084717e-02
1762890170.742618322,-6.639923453330993652e-01,6.156188249588012695e-01,7.372208684682846069e-02
1762890170.761719465,-6.638189554214477539e-01,6.153799295425415039e-01,7.333175092935562134e-02
1762890170.781901598,-6.637870073318481445e-01,6.150228381156921387e-01,7.300516217947006226e-02
1762890170.801785231,-6.634737849235534668e-01,6.149028539657592773e-01,7.262513786554336548e-02
1762890170.821622372,-6.634452939033508301e-01,6.145432591438293457e-01,7.233791798353195190e-02
1762890170.841703415,-6.632804870605468750e-01,6.142968535423278809e-01,7.203390449285507202e-02
1762890170.861721039,-6.631183624267578125e-01,6.140489578247070312e-01,7.174859941005706787e-02
1762890170.881669998,-6.629589200019836426e-01,6.138001680374145508e-01,7.148104906082153320e-02
1762890170.902781725,-6.626647114753723145e-01,6.136645674705505371e-01,7.120483368635177612e-02
1762890170.922902584,-6.626467704772949219e-01,6.133029460906982422e-01,7.099664956331253052e-02
1762890170.942576408,-6.624937653541564941e-01,6.130552887916564941e-01,7.077886909246444702e-02
1762890170.961713314,-6.623570322990417480e-01,6.127833724021911621e-01,7.057278603315353394e-02
1762890170.981864214,-6.621925830841064453e-01,6.125652194023132324e-01,7.039074599742889404e-02
1762890171.001598120,-6.620426177978515625e-01,6.123262047767639160e-01,7.021979242563247681e-02
1762890171.021703959,-6.618942618370056152e-01,6.120890378952026367e-01,7.006321847438812256e-02
1762890171.041694641,-6.617465615272521973e-01,6.118558645248413086e-01,6.992103904485702515e-02
1762890171.061775684,-6.615989804267883301e-01,6.116274595260620117e-01,6.979274749755859375e-02
1762890171.081881523,-6.614512205123901367e-01,6.114039421081542969e-01,6.967749446630477905e-02
1762890171.101870060,-6.613032221794128418e-01,6.111856102943420410e-01,6.957476586103439331e-02
1762890171.121823549,-6.611548066139221191e-01,6.109725832939147949e-01,6.948416680097579956e-02
1762890171.141721725,-6.610058546066284180e-01,6.107649803161621094e-01,6.940518319606781006e-02
1762890171.161865711,-6.608561873435974121e-01,6.105628609657287598e-01,6.933703273534774780e-02
1762890171.181884527,-6.607059240341186523e-01,6.103662252426147461e-01,6.927962601184844971e-02
1762890171.201610088,-6.605550050735473633e-01,6.101750731468200684e-01,6.923247128725051880e-02
1762890171.221725464,-6.604209542274475098e-01,6.099594235420227051e-01,6.919392943382263184e-02
1762890171.241912842,-6.602509021759033203e-01,6.098085641860961914e-01,6.916740536689758301e-02
1762890171.261744261,-6.600977778434753418e-01,6.096335649490356445e-01,6.914824992418289185e-02
1762890171.282671452,-6.599602103233337402e-01,6.094365715980529785e-01,6.913689523935317993e-02
1762890171.301686287,-6.598083972930908203e-01,6.092671751976013184e-01,6.913453340530395508e-02
1762890171.321850300,-6.594910025596618652e-01,6.093740463256835938e-01,6.914359331130981445e-02
1762890171.342744350,-6.595436334609985352e-01,6.088762283325195312e-01,6.915073096752166748e-02
1762890171.362867594,-6.593788266181945801e-01,6.087390184402465820e-01,6.917017698287963867e-02
1762890171.382895947,-6.591913700103759766e-01,6.086419224739074707e-01,6.919535249471664429e-02
1762890171.403153181,-6.592037081718444824e-01,6.082270145416259766e-01,6.922610104084014893e-02
1762890171.421734810,-6.587574481964111328e-01,6.085513234138488770e-01,6.925938278436660767e-02
1762890171.441782236,-6.587144136428833008e-01,6.083260774612426758e-01,6.928955763578414917e-02
1762890171.461583376,-6.585511565208435059e-01,6.081987619400024414e-01,6.933300942182540894e-02
1762890171.481715918,-6.584122776985168457e-01,6.080340743064880371e-01,6.938246637582778931e-02
1762890171.501694918,-6.583749055862426758e-01,6.077085137367248535e-01,6.944178789854049683e-02
1762890171.521895409,-6.581709980964660645e-01,6.076515913009643555e-01,6.950160861015319824e-02
1762890171.542765379,-6.580444574356079102e-01,6.074709892272949219e-01,6.957004219293594360e-02
1762890171.562767267,-6.579699516296386719e-01,6.072075963020324707e-01,6.964614242315292358e-02
1762890171.582709551,-6.578518152236938477e-01,6.070149540901184082e-01,6.972415745258331299e-02
1762890171.602825642,-6.576557159423828125e-01,6.069472432136535645e-01,6.980085372924804688e-02
1762890171.622742653,-6.575559377670288086e-01,6.067258119583129883e-01,6.988728046417236328e-02
1762890171.644666910,-6.577465534210205078e-01,6.060410141944885254e-01,6.999786943197250366e-02
1762890171.661822319,-6.573948264122009277e-01,6.062194705009460449e-01,7.007329910993576050e-02
1762890171.681684256,-6.572935581207275391e-01,6.059980988502502441e-01,7.016914337873458862e-02
1762890171.701717854,-6.571263074874877930e-01,6.058812141418457031e-01,7.026167958974838257e-02
1762890171.721668243,-6.570181250572204590e-01,6.056684255599975586e-01,7.036104798316955566e-02
1762890171.742809534,-6.569752693176269531e-01,6.053499579429626465e-01,7.046782225370407104e-02
1762890171.762616396,-6.569014787673950195e-01,6.050813794136047363e-01,7.057322561740875244e-02
1762890171.781792402,-6.567981243133544922e-01,6.048598885536193848e-01,7.067765295505523682e-02
1762890171.802129030,-6.567000746726989746e-01,6.046299934387207031e-01,7.078377157449722290e-02
1762890171.821757793,-6.565946936607360840e-01,6.044121980667114258e-01,7.089053094387054443e-02
1762890171.842723608,-6.564953327178955078e-01,6.041848063468933105e-01,7.099985331296920776e-02
1762890171.862722158,-6.563882827758789062e-01,6.039707064628601074e-01,7.111025601625442505e-02
1762890171.882642031,-6.562838554382324219e-01,6.037545204162597656e-01,7.122218608856201172e-02
1762890171.902801275,-6.561784744262695312e-01,6.035422682762145996e-01,7.133544236421585083e-02
1762890171.922823191,-6.560716032981872559e-01,6.033348441123962402e-01,7.145004719495773315e-02
1762890171.942658186,-6.559634804725646973e-01,6.031332015991210938e-01,7.156590372323989868e-02
1762890171.962690115,-6.558540463447570801e-01,6.029378175735473633e-01,7.168283313512802124e-02
1762890171.982835054,-6.556419134140014648e-01,6.029093861579895020e-01,7.179044932126998901e-02
1762890172.002924681,-6.556567549705505371e-01,6.026180982589721680e-01,7.188954204320907593e-02
1762890172.022758961,-6.557121276855468750e-01,6.021858453750610352e-01,7.202532887458801270e-02
1762890172.042744160,-6.556091904640197754e-01,6.020058989524841309e-01,7.214690744876861572e-02
1762890172.062728167,-6.553106307983398438e-01,6.020488739013671875e-01,7.228416204452514648e-02
1762890172.082736492,-6.551811099052429199e-01,6.019247770309448242e-01,7.240709662437438965e-02
1762890172.101606846,-6.553515791893005371e-01,6.014356613159179688e-01,7.252882421016693115e-02
1762890172.121702194,-6.552106738090515137e-01,6.013436317443847656e-01,7.265277206897735596e-02
1762890172.141941786,-6.551033854484558105e-01,6.012094616889953613e-01,7.278059422969818115e-02
1762890172.161866426,-6.550011634826660156e-01,6.010759472846984863e-01,7.290793955326080322e-02
1762890172.181636810,-6.549022793769836426e-01,6.009451150894165039e-01,7.303436845541000366e-02
1762890172.201783657,-6.548064351081848145e-01,6.008163690567016602e-01,7.316052168607711792e-02
1762890172.221663952,-6.547139883041381836e-01,6.006889343261718750e-01,7.328678667545318604e-02
1762890172.241755247,-6.546240448951721191e-01,6.005632281303405762e-01,7.341235131025314331e-02
1762890172.261750460,-6.545353531837463379e-01,6.004398465156555176e-01,7.353760302066802979e-02
1762890172.281666279,-6.544470787048339844e-01,6.003188490867614746e-01,7.366224378347396851e-02
1762890172.301667452,-6.543588638305664062e-01,6.002002358436584473e-01,7.378580421209335327e-02
1762890172.323694944,-6.543048024177551270e-01,6.000355482101440430e-01,7.391117513179779053e-02
1762890172.341827631,-6.538504958152770996e-01,6.004369854927062988e-01,7.399737089872360229e-02
1762890172.361680984,-6.537501811981201172e-01,6.003394126892089844e-01,7.411687821149826050e-02
1762890172.381719828,-6.536571383476257324e-01,6.002318859100341797e-01,7.423660159111022949e-02
1762890172.402698040,-6.535620689392089844e-01,6.001269221305847168e-01,7.435585558414459229e-02
1762890172.421853781,-6.535996794700622559e-01,5.998927950859069824e-01,7.445677369832992554e-02
1762890172.442744255,-6.533620357513427734e-01,5.999270081520080566e-01,7.459892332553863525e-02
1762890172.462719202,-6.532663106918334961e-01,5.998176932334899902e-01,7.472452521324157715e-02
1762890172.482827902,-6.531553864479064941e-01,5.997278094291687012e-01,7.484922558069229126e-02
1762890172.502744675,-6.530472636222839355e-01,5.996318459510803223e-01,7.497446238994598389e-02
1762890172.522657394,-6.529406905174255371e-01,5.995312929153442383e-01,7.509990781545639038e-02
1762890172.541620970,-6.529813408851623535e-01,5.992795825004577637e-01,7.520714402198791504e-02
1762890172.562806368,-6.529054641723632812e-01,5.991289615631103516e-01,7.533647119998931885e-02
1762890172.583026648,-6.526393294334411621e-01,5.991855859756469727e-01,7.547987252473831177e-02
1762890172.602780819,-6.526844501495361328e-01,5.989198684692382812e-01,7.558815926313400269e-02
1762890172.622703791,-6.525802612304687500e-01,5.988038778305053711e-01,7.571310549974441528e-02
1762890172.642776251,-6.523090004920959473e-01,5.988636016845703125e-01,7.585306465625762939e-02
1762890172.663195610,-6.525447368621826172e-01,5.983180403709411621e-01,7.597634941339492798e-02
1762890172.681766987,-6.524764299392700195e-01,5.981464385986328125e-01,7.610158622264862061e-02
1762890172.702787638,-6.524143815040588379e-01,5.979646444320678711e-01,7.622793316841125488e-02
1762890172.722866058,-6.522958278656005859e-01,5.978646874427795410e-01,7.634896039962768555e-02
1762890172.741639137,-6.518853902816772461e-01,5.981924533843994141e-01,7.644066959619522095e-02
1762890172.762618065,-6.518065929412841797e-01,5.980369448661804199e-01,7.656549662351608276e-02
1762890172.781652927,-6.517313718795776367e-01,5.978785753250122070e-01,7.669188082218170166e-02
1762890172.801695824,-6.516713500022888184e-01,5.977012515068054199e-01,7.682065665721893311e-02
1762890172.821737766,-6.516007184982299805e-01,5.975418686866760254e-01,7.694888859987258911e-02
1762890172.841785431,-6.515932083129882812e-01,5.972941517829895020e-01,7.708355039358139038e-02
1762890172.862808943,-6.515430212020874023e-01,5.971122980117797852e-01,7.721289992332458496e-02
1762890172.882734537,-6.513950824737548828e-01,5.970748662948608398e-01,7.733193784952163696e-02
1762890172.902718544,-6.513202786445617676e-01,5.969355702400207520e-01,7.745798677206039429e-02
1762890172.922794104,-6.512505412101745605e-01,5.967934131622314453e-01,7.758297771215438843e-02
1762890172.942749739,-6.511611938476562500e-01,5.966840982437133789e-01,7.770384848117828369e-02
1762890172.962592840,-6.510919928550720215e-01,5.965511798858642578e-01,7.782528549432754517e-02
1762890172.982744455,-6.510246992111206055e-01,5.964207649230957031e-01,7.794598489999771118e-02
1762890173.001637459,-6.512607932090759277e-01,5.959274172782897949e-01,7.806062698364257812e-02
1762890173.021756649,-6.512092947959899902e-01,5.957860946655273438e-01,7.817962765693664551e-02
1762890173.041680813,-6.508356928825378418e-01,5.960426926612854004e-01,7.829975336790084839e-02
1762890173.061768293,-6.510716080665588379e-01,5.955682992935180664e-01,7.840723544359207153e-02
1762890173.082679033,-6.508178710937500000e-01,5.956702828407287598e-01,7.853429764509201050e-02
1762890173.102937460,-6.510167717933654785e-01,5.952596664428710938e-01,7.863555103540420532e-02
1762890173.122684717,-6.506931781768798828e-01,5.954662561416625977e-01,7.875655591487884521e-02
1762890173.142756224,-6.507255434989929199e-01,5.952870845794677734e-01,7.884702086448669434e-02
1762890173.162691116,-6.506233215332031250e-01,5.952466130256652832e-01,7.895673811435699463e-02
1762890173.182842731,-6.506124734878540039e-01,5.950862169265747070e-01,7.907329499721527100e-02
1762890173.202667236,-6.505243778228759766e-01,5.950319170951843262e-01,7.918265461921691895e-02
1762890173.222721577,-6.504760384559631348e-01,5.949265360832214355e-01,7.929462194442749023e-02
1762890173.241761684,-6.504482626914978027e-01,5.947954654693603516e-01,7.940745353698730469e-02
1762890173.263032436,-6.506252288818359375e-01,5.943961143493652344e-01,7.953369617462158203e-02
1762890173.282747984,-6.506342887878417969e-01,5.942202806472778320e-01,7.964719831943511963e-02
1762890173.302734852,-6.505522727966308594e-01,5.941649079322814941e-01,7.975431531667709351e-02
1762890173.322818518,-6.505124568939208984e-01,5.940540432929992676e-01,7.986466586589813232e-02
1762890173.342778921,-6.504755020141601562e-01,5.939388275146484375e-01,7.997662574052810669e-02
1762890173.362633705,-6.504375934600830078e-01,5.938243269920349121e-01,8.008959889411926270e-02
1762890173.381723404,-6.500409245491027832e-01,5.941843986511230469e-01,8.017571270465850830e-02
1762890173.401612759,-6.499986052513122559e-01,5.940737724304199219e-01,8.028841763734817505e-02
1762890173.421700716,-6.499480605125427246e-01,5.939724445343017578e-01,8.039991557598114014e-02
1762890173.441851616,-6.498942375183105469e-01,5.938737988471984863e-01,8.051048219203948975e-02
1762890173.461831808,-6.499623656272888184e-01,5.936533808708190918e-01,8.060178905725479126e-02
1762890173.482712269,-6.497688293457031250e-01,5.936951637268066406e-01,8.072923123836517334e-02
1762890173.502802134,-6.496994495391845703e-01,5.936122536659240723e-01,8.083738386631011963e-02
1762890173.522842407,-6.496217846870422363e-01,5.935394763946533203e-01,8.094327151775360107e-02
1762890173.542877913,-6.495416164398193359e-01,5.934696793556213379e-01,8.104692399501800537e-02
1762890173.562746525,-6.494573354721069336e-01,5.934050679206848145e-01,8.114933222532272339e-02
1762890173.581718445,-6.494999527931213379e-01,5.932136774063110352e-01,8.123344928026199341e-02
1762890173.601730108,-6.494136452674865723e-01,5.931520462036132812e-01,8.133396506309509277e-02
1762890173.622947693,-6.491894125938415527e-01,5.932341217994689941e-01,8.144837617874145508e-02
1762890173.642771006,-6.492316722869873047e-01,5.930469036102294922e-01,8.152745664119720459e-02
1762890173.662847996,-6.490082144737243652e-01,5.931330323219299316e-01,8.163890242576599121e-02
1762890173.682910919,-6.490491032600402832e-01,5.929523110389709473e-01,8.171568810939788818e-02
1762890173.702623367,-6.489635109901428223e-01,5.929022431373596191e-01,8.180715143680572510e-02
1762890173.722759485,-6.488812565803527832e-01,5.928515195846557617e-01,8.189639449119567871e-02
1762890173.742856026,-6.488031148910522461e-01,5.927994251251220703e-01,8.198430389165878296e-02
1762890173.762596130,-6.487292647361755371e-01,5.927451848983764648e-01,8.207127451896667480e-02
1762890173.782583952,-6.486603617668151855e-01,5.926881432533264160e-01,8.215729892253875732e-02
1762890173.803654432,-6.484693288803100586e-01,5.927581787109375000e-01,8.225814253091812134e-02
1762890173.821645975,-6.485417485237121582e-01,5.925588011741638184e-01,8.232676982879638672e-02
1762890173.841768742,-6.484848856925964355e-01,5.924950242042541504e-01,8.241035789251327515e-02
1762890173.861751080,-6.484379172325134277e-01,5.924212336540222168e-01,8.249480277299880981e-02
1762890173.881809473,-6.483964920043945312e-01,5.923425555229187012e-01,8.258058875799179077e-02
1762890173.901592970,-6.483588814735412598e-01,5.922600626945495605e-01,8.266803622245788574e-02
1762890173.922697306,-6.483241915702819824e-01,5.921741724014282227e-01,8.275694400072097778e-02
1762890173.942604303,-6.482954025268554688e-01,5.920802950859069824e-01,8.284746110439300537e-02
1762890173.962921619,-6.482604146003723145e-01,5.919938683509826660e-01,8.293902128934860229e-02
1762890173.982791424,-6.482294797897338867e-01,5.919010043144226074e-01,8.303225040435791016e-02
1762890174.002722263,-6.481980085372924805e-01,5.918070077896118164e-01,8.312680572271347046e-02
1762890174.021828890,-6.481649279594421387e-01,5.917126536369323730e-01,8.322241157293319702e-02
1762890174.042778254,-6.481295824050903320e-01,5.916185379028320312e-01,8.331863582134246826e-02
1762890174.062668085,-6.480913758277893066e-01,5.915256738662719727e-01,8.341463655233383179e-02
1762890174.082739830,-6.480498313903808594e-01,5.914347767829895020e-01,8.351003378629684448e-02
1762890174.102738142,-6.480045318603515625e-01,5.913464426994323730e-01,8.360496163368225098e-02
1762890174.122664690,-6.479550004005432129e-01,5.912612676620483398e-01,8.369924873113632202e-02
1762890174.142754078,-6.479009389877319336e-01,5.911798477172851562e-01,8.379285782575607300e-02
1762890174.161770344,-6.481009721755981445e-01,5.908002853393554688e-01,8.387548476457595825e-02
1762890174.181648731,-6.480284333229064941e-01,5.907390117645263672e-01,8.396707475185394287e-02
1762890174.201585770,-6.479602456092834473e-01,5.906717181205749512e-01,8.405765146017074585e-02
1762890174.221830368,-6.478891968727111816e-01,5.906089544296264648e-01,8.414544910192489624e-02
1762890174.242763519,-6.478496789932250977e-01,5.905060768127441406e-01,8.423235267400741577e-02
1762890174.262701035,-6.477382779121398926e-01,5.904998183250427246e-01,8.431542664766311646e-02
1762890174.282761097,-6.476572155952453613e-01,5.904564857482910156e-01,8.439918607473373413e-02
1762890174.302704096,-6.475771665573120117e-01,5.904153585433959961e-01,8.448158204555511475e-02
1762890174.321614742,-6.475039720535278320e-01,5.903698205947875977e-01,8.456231653690338135e-02
1762890174.341703892,-6.474158167839050293e-01,5.903488397598266602e-01,8.463983982801437378e-02
1762890174.361824512,-6.473363637924194336e-01,5.903220772743225098e-01,8.471583575010299683e-02
1762890174.381698608,-6.472586989402770996e-01,5.902990698814392090e-01,8.479145914316177368e-02
1762890174.401670933,-6.471832394599914551e-01,5.902789831161499023e-01,8.486829698085784912e-02
1762890174.421679020,-6.471107006072998047e-01,5.902604460716247559e-01,8.494506031274795532e-02
1762890174.442690849,-6.470488905906677246e-01,5.902340412139892578e-01,8.502082526683807373e-02
1762890174.462907314,-6.469756364822387695e-01,5.902274250984191895e-01,8.509530872106552124e-02
1762890174.482678890,-6.469148397445678711e-01,5.902104377746582031e-01,8.516930788755416870e-02
1762890174.502681971,-6.468595862388610840e-01,5.901919603347778320e-01,8.524284511804580688e-02
1762890174.523734331,-6.466403603553771973e-01,5.903789997100830078e-01,8.531215041875839233e-02
1762890174.542602062,-6.463982462882995605e-01,5.905965566635131836e-01,8.538041263818740845e-02
1762890174.562863350,-6.463629603385925293e-01,5.905615091323852539e-01,8.545560389757156372e-02
1762890174.582779884,-6.463183760643005371e-01,5.905395150184631348e-01,8.553057163953781128e-02
1762890174.602701187,-6.462776660919189453e-01,5.905135869979858398e-01,8.560664951801300049e-02
1762890174.621622562,-6.463800072669982910e-01,5.903316736221313477e-01,8.567041903734207153e-02
1762890174.641762495,-6.463279724121093750e-01,5.903170704841613770e-01,8.575009554624557495e-02
1762890174.661898851,-6.462942361831665039e-01,5.902776122093200684e-01,8.583119511604309082e-02
1762890174.681751966,-6.462645530700683594e-01,5.902301669120788574e-01,8.591316640377044678e-02
1762890174.701726675,-6.462378501892089844e-01,5.901748538017272949e-01,8.599602431058883667e-02
1762890174.721697092,-6.462140083312988281e-01,5.901110768318176270e-01,8.607935160398483276e-02
1762890174.741732121,-6.461925506591796875e-01,5.900388956069946289e-01,8.616210520267486572e-02
1762890174.761773348,-6.461729407310485840e-01,5.899587869644165039e-01,8.624415844678878784e-02
1762890174.781675339,-6.461544632911682129e-01,5.898707509040832520e-01,8.632618188858032227e-02
1762890174.801722527,-6.461367011070251465e-01,5.897756814956665039e-01,8.640745282173156738e-02
1762890174.821687698,-6.461189985275268555e-01,5.896751284599304199e-01,8.648748695850372314e-02
1762890174.841626883,-6.460096836090087891e-01,5.896864533424377441e-01,8.656335622072219849e-02
1762890174.862623692,-6.460905671119689941e-01,5.894471406936645508e-01,8.664621412754058838e-02
1762890174.882663965,-6.460573077201843262e-01,5.893507599830627441e-01,8.672311902046203613e-02
1762890174.902694702,-6.460323929786682129e-01,5.892393589019775391e-01,8.679937571287155151e-02
1762890174.922719955,-6.460052132606506348e-01,5.891277194023132324e-01,8.687446266412734985e-02
1762890174.942788839,-6.459748148918151855e-01,5.890182852745056152e-01,8.694750070571899414e-02
1762890174.962657928,-6.459172368049621582e-01,5.889431238174438477e-01,8.701756596565246582e-02
1762890174.982739925,-6.458122730255126953e-01,5.889297723770141602e-01,8.708574622869491577e-02
1762890175.002793789,-6.457445621490478516e-01,5.888670682907104492e-01,8.715435862541198730e-02
1762890175.022736549,-6.457842588424682617e-01,5.886646509170532227e-01,8.722461014986038208e-02
1762890175.042691946,-6.456773281097412109e-01,5.886582136154174805e-01,8.728986978530883789e-02
1762890175.062722921,-6.456227898597717285e-01,5.885865688323974609e-01,8.735679090023040771e-02
1762890175.082801819,-6.455491781234741211e-01,5.885438919067382812e-01,8.742488920688629150e-02
1762890175.102781773,-6.454957723617553711e-01,5.884799957275390625e-01,8.749456703662872314e-02
1762890175.122764826,-6.454445719718933105e-01,5.884196162223815918e-01,8.756452053785324097e-02
1762890175.142963409,-6.455187201499938965e-01,5.882354974746704102e-01,8.762060850858688354e-02
1762890175.162703991,-6.454716920852661133e-01,5.881834030151367188e-01,8.769199252128601074e-02
1762890175.182824612,-6.454281210899353027e-01,5.881338119506835938e-01,8.776428550481796265e-02
1762890175.202756166,-6.453890204429626465e-01,5.880858302116394043e-01,8.783683180809020996e-02
1762890175.222643614,-6.453552246093750000e-01,5.880388021469116211e-01,8.790851384401321411e-02
1762890175.242677689,-6.453269720077514648e-01,5.879919528961181641e-01,8.797918260097503662e-02
1762890175.262924910,-6.453212499618530273e-01,5.879240036010742188e-01,8.804956078529357910e-02
1762890175.282702208,-6.452905535697937012e-01,5.878915190696716309e-01,8.811806142330169678e-02
1762890175.302870989,-6.452735066413879395e-01,5.878474116325378418e-01,8.818558603525161743e-02
1762890175.322765112,-6.452666521072387695e-01,5.877953767776489258e-01,8.825171738862991333e-02
1762890175.342807770,-6.452639102935791016e-01,5.877410173416137695e-01,8.831690996885299683e-02
1762890175.362683058,-6.452641487121582031e-01,5.876845121383666992e-01,8.838074654340744019e-02
1762890175.382696867,-6.452669501304626465e-01,5.876255035400390625e-01,8.844308555126190186e-02
1762890175.402839661,-6.452713012695312500e-01,5.875643491744995117e-01,8.850397914648056030e-02
1762890175.422711134,-6.452760100364685059e-01,5.875012874603271484e-01,8.856371045112609863e-02
1762890175.442737103,-6.452800035476684570e-01,5.874365568161010742e-01,8.862220495939254761e-02
1762890175.462655783,-6.452827453613281250e-01,5.873702168464660645e-01,8.867931365966796875e-02
1762890175.481664181,-6.452870965003967285e-01,5.872979164123535156e-01,8.873578161001205444e-02
1762890175.501701355,-6.455150246620178223e-01,5.869526863098144531e-01,8.879371732473373413e-02
1762890175.521809101,-6.452854275703430176e-01,5.871537327766418457e-01,8.884755522012710571e-02
1762890175.542728901,-6.454879641532897949e-01,5.868280529975891113e-01,8.890386670827865601e-02
1762890175.562754631,-6.454949975013732910e-01,5.867336392402648926e-01,8.895870298147201538e-02
1762890175.581758738,-6.452509164810180664e-01,5.869652032852172852e-01,8.899949491024017334e-02
1762890175.602103710,-6.452090740203857422e-01,5.869237184524536133e-01,8.905810117721557617e-02
1762890175.621751785,-6.451767683029174805e-01,5.868665575981140137e-01,8.912112563848495483e-02
1762890175.641909838,-6.450150609016418457e-01,5.869420766830444336e-01,8.920180797576904297e-02
1762890175.662833452,-6.450975537300109863e-01,5.867623686790466309e-01,8.925703912973403931e-02
1762890175.682937384,-6.450726985931396484e-01,5.866898298263549805e-01,8.932971954345703125e-02
1762890175.702777624,-6.449967026710510254e-01,5.866810083389282227e-01,8.940242230892181396e-02
1762890175.723024607,-6.448155045509338379e-01,5.867791771888732910e-01,8.949034661054611206e-02
1762890175.742749214,-6.448833346366882324e-01,5.866184830665588379e-01,8.954978734254837036e-02
1762890175.761660337,-6.448404788970947266e-01,5.865730047225952148e-01,8.962238579988479614e-02
1762890175.783007145,-6.447812914848327637e-01,5.865508317947387695e-01,8.969205617904663086e-02
1762890175.802808046,-6.447057723999023438e-01,5.865525007247924805e-01,8.975806087255477905e-02
1762890175.822791576,-6.446478366851806641e-01,5.865365862846374512e-01,8.982139825820922852e-02
1762890175.842642307,-6.445938944816589355e-01,5.865200161933898926e-01,8.988109976053237915e-02
1762890175.862601280,-6.445439457893371582e-01,5.865030884742736816e-01,8.993611484766006470e-02
1762890175.881751060,-6.445152759552001953e-01,5.864654183387756348e-01,8.998676389455795288e-02
1762890175.903071165,-6.444759368896484375e-01,5.864456295967102051e-01,9.003338962793350220e-02
1762890175.922738791,-6.444675326347351074e-01,5.863930583000183105e-01,9.007695317268371582e-02
1762890175.942765713,-6.444403529167175293e-01,5.863671898841857910e-01,9.011717885732650757e-02
1762890175.962699652,-6.443747878074645996e-01,5.863904953002929688e-01,9.015467762947082520e-02
1762890175.982686758,-6.443575620651245117e-01,5.863599777221679688e-01,9.019055217504501343e-02
1762890176.002750874,-6.443697214126586914e-01,5.862975716590881348e-01,9.022665023803710938e-02
1762890176.021641016,-6.442220211029052734e-01,5.864247083663940430e-01,9.026620537042617798e-02
1762890176.041576862,-6.442262530326843262e-01,5.863736867904663086e-01,9.030441939830780029e-02
1762890176.061723709,-6.442301273345947266e-01,5.863229632377624512e-01,9.034363925457000732e-02
1762890176.081772089,-6.442371010780334473e-01,5.862677097320556641e-01,9.038488566875457764e-02
1762890176.102780342,-6.442553997039794922e-01,5.861978530883789062e-01,9.042908251285552979e-02
1762890176.121780396,-6.442660093307495117e-01,5.861346125602722168e-01,9.047645330429077148e-02
1762890176.141853333,-6.442673802375793457e-01,5.860791206359863281e-01,9.052675217390060425e-02
1762890176.161775351,-6.442770957946777344e-01,5.860102176666259766e-01,9.057971090078353882e-02
1762890176.181630373,-6.442860364913940430e-01,5.859385728836059570e-01,9.063476324081420898e-02
1762890176.201668978,-6.444124579429626465e-01,5.857386589050292969e-01,9.067898988723754883e-02
1762890176.223026276,-6.444195508956909180e-01,5.856610536575317383e-01,9.073717892169952393e-02
1762890176.242773771,-6.442939639091491699e-01,5.857205986976623535e-01,9.080963581800460815e-02
1762890176.262845278,-6.444092988967895508e-01,5.855213999748229980e-01,9.085721522569656372e-02
1762890176.281961679,-6.444163322448730469e-01,5.854297876358032227e-01,9.091751277446746826e-02
1762890176.301729679,-6.443839669227600098e-01,5.853824615478515625e-01,9.097574651241302490e-02
1762890176.321817398,-6.443625688552856445e-01,5.853189229965209961e-01,9.103275835514068604e-02
1762890176.341975451,-6.443368196487426758e-01,5.852580070495605469e-01,9.108810871839523315e-02
1762890176.361613989,-6.443055868148803711e-01,5.852015018463134766e-01,9.114145487546920776e-02
1762890176.381671190,-6.442687511444091797e-01,5.851501226425170898e-01,9.119384735822677612e-02
1762890176.402158499,-6.442268490791320801e-01,5.851040482521057129e-01,9.124553203582763672e-02
1762890176.421692133,-6.441813111305236816e-01,5.850632786750793457e-01,9.129551053047180176e-02
1762890176.441723824,-6.441328525543212891e-01,5.850282907485961914e-01,9.134273976087570190e-02
1762890176.462919712,-6.440821290016174316e-01,5.849993824958801270e-01,9.138731658458709717e-02
1762890176.482677221,-6.440328955650329590e-01,5.849724411964416504e-01,9.142926335334777832e-02
1762890176.502756834,-6.439749598503112793e-01,5.849610567092895508e-01,9.146980941295623779e-02
1762890176.522875547,-6.439206600189208984e-01,5.849507451057434082e-01,9.150968492031097412e-02
1762890176.542730331,-6.438673138618469238e-01,5.849451422691345215e-01,9.154851734638214111e-02
1762890176.562772036,-6.438158154487609863e-01,5.849441885948181152e-01,9.158596396446228027e-02
1762890176.582986832,-6.437667012214660645e-01,5.849476456642150879e-01,9.162293374538421631e-02
1762890176.602692366,-6.437206268310546875e-01,5.849543213844299316e-01,9.166105091571807861e-02
1762890176.622790098,-6.436783075332641602e-01,5.849629044532775879e-01,9.170011430978775024e-02
1762890176.642673969,-6.436403989791870117e-01,5.849727988243103027e-01,9.173955023288726807e-02
1762890176.662732363,-6.436073780059814453e-01,5.849832296371459961e-01,9.177923202514648438e-02
1762890176.681591749,-6.438385248184204102e-01,5.847025513648986816e-01,9.180720150470733643e-02
1762890176.701819181,-6.438081860542297363e-01,5.847221016883850098e-01,9.184698015451431274e-02
1762890176.722882509,-6.435441374778747559e-01,5.850080251693725586e-01,9.189889580011367798e-02
