1762890398.630098820,7.319790516858043211e-19,-3.273272177495078731e-18,1.497188932262361050e-04
1762890398.650129080,7.323964160036256081e-19,-3.275508460281115841e-18,1.497189223300665617e-04
1762890398.670199394,4.448434128666634593e-19,-1.734188807108368131e-18,1.496667828178033233e-04
1762890398.690083027,4.831627098395473200e-19,-1.939584887638068173e-18,1.496735640102997422e-04
1762890398.710221767,6.529617964910637994e-19,-2.849729027293173726e-18,1.497047196608036757e-04
1762890398.730188370,6.628596329057201903e-19,-2.902782530625946677e-18,1.497063931310549378e-04
1762890398.750021219,4.957979453950831023e-19,-2.007310713881153590e-18,1.496757031418383121e-04
1762890398.770046711,4.272526933576873418e-19,-1.639899936649520474e-18,1.496637705713510513e-04
1762890398.790085793,4.236719577329159965e-19,-1.620706554703722866e-18,1.496632903581485152e-04
1762890398.810326576,4.806434278864405051e-19,-1.926080957342986858e-18,1.496732729719951749e-04
1762890398.830203295,4.270234867798277263e-19,-1.638671159849572952e-18,1.496638433309271932e-04
1762890398.850185156,4.243934918716095171e-19,-1.624574244452867685e-18,1.496634940849617124e-04
1762890398.870126963,4.251059528729590968e-19,-1.628393130545871875e-18,1.496636541560292244e-04
1762890398.890782118,4.259813167561933383e-19,-1.633085312570578925e-18,1.496638142270967364e-04
1762890398.910130024,7.179075203941467754e-19,-3.197846954110349732e-18,1.497178018325939775e-04
1762890398.930559635,7.194418887316443571e-19,-3.206071404145811348e-18,1.497180201113224030e-04
1762890398.950661182,7.208687752882983299e-19,-3.213719309294323503e-18,1.497182383900508285e-04
1762890398.970187664,4.289747799954461763e-19,-1.649130962092882556e-18,1.496642653364688158e-04
1762890398.990098000,7.234196452010470135e-19,-3.227392604819825051e-18,1.497185003245249391e-04
1762890399.010233164,7.245533479293392225e-19,-3.233468039623873901e-18,1.497186458436772227e-04
1762890399.030821562,7.255992661151242415e-19,-3.239074669815758322e-18,1.497187186032533646e-04
1762890399.050151825,7.265614322638882663e-19,-3.244232347730179588e-18,1.497187913628295064e-04
1762890399.070102930,7.274457400374957375e-19,-3.248972299435261575e-18,1.497188641224056482e-04
1762890399.090198994,7.282554981583968670e-19,-3.253311688928714758e-18,1.497189077781513333e-04
1762890399.110199928,7.289977376617983557e-19,-3.257289807289635406e-18,1.497189368819817901e-04
1762890399.130142927,7.296762325592449766e-19,-3.260926300057571654e-18,1.497189805377274752e-04
1762890399.150135040,7.302939296816689500e-19,-3.264237917639927701e-18,1.497190096415579319e-04
1762890399.170169830,7.308553785224393176e-19,-3.267247614298701892e-18,1.497190532973036170e-04
1762890399.190064907,7.313661625506908122e-19,-3.269985788921405552e-18,1.497190824011340737e-04
1762890399.210041046,7.318300557779682070e-19,-3.272472500637893091e-18,1.497190824011340737e-04
1762890399.229177237,7.403291814755857127e-19,-3.318029059283944814e-18,1.497206685598939657e-04
1762890399.249126196,7.296221039279110379e-19,-3.260637200433484371e-18,1.497187477070838213e-04
1762890399.269140959,7.294160842565970494e-19,-3.259532293930266664e-18,1.497186603955924511e-04
1762890399.289147139,7.298788401105321838e-19,-3.262013215382466333e-18,1.497187040513381362e-04
1762890399.309269190,7.303515738306062392e-19,-3.264547283189022533e-18,1.497187331551685929e-04
1762890399.329127312,7.307960283134886378e-19,-3.266929770148328391e-18,1.497187768109142780e-04
1762890399.349072933,7.312093601258237288e-19,-3.269145166623898537e-18,1.497187768109142780e-04
1762890399.369199038,7.521705304382237266e-19,-3.381499661660904319e-18,1.497233024565503001e-04
1762890399.389643908,4.259814460031640497e-19,-1.633085932956038340e-18,1.496636687079444528e-04
1762890399.409463406,6.514564828725821428e-19,-2.841660087212872079e-18,1.497047196608036757e-04
1762890399.430135965,7.075859607107100960e-19,-3.142521185634893614e-18,1.497145567554980516e-04
1762890399.450121880,6.634916505924989880e-19,-2.906170662414963878e-18,1.497066114097833633e-04
1762890399.470626593,4.365091029060971444e-19,-1.689515677356523042e-18,1.496653712820261717e-04
1762890399.490545034,1.287329710185277797e-18,-6.250020371314904589e-18,1.498243218520656228e-04
1762890399.510675907,7.409718491127511306e-19,-3.321472818969156206e-18,1.497213816037401557e-04
1762890399.530218363,7.085517974734423250e-19,-3.147697681908250461e-18,1.497159973951056600e-04
1762890399.550160646,7.085038209979142494e-19,-3.147440221942593331e-18,1.497161720180884004e-04
1762890399.570145369,7.104938107565636957e-19,-3.158106715941464623e-18,1.497166231274604797e-04
1762890399.590155363,7.125013781032298939e-19,-3.168868542505932651e-18,1.497170305810868740e-04
1762890399.610111713,7.143953632120349044e-19,-3.179020116573489684e-18,1.497173652751371264e-04
1762890399.630026340,7.161710614932448320e-19,-3.188537863496677958e-18,1.497176417615264654e-04
1762890399.650081873,7.178301273080847827e-19,-3.197430882262235559e-18,1.497178745921701193e-04
1762890399.670104504,7.193765931620409525e-19,-3.205720059180629449e-18,1.497180492151528597e-04
1762890399.690251827,7.208168697048606274e-19,-3.213439722247280580e-18,1.497182383900508285e-04
1762890399.710180998,7.221527146953454825e-19,-3.220600418014999002e-18,1.497183839092031121e-04
1762890399.730106831,7.233920897468913408e-19,-3.227243919104718644e-18,1.497184857726097107e-04
1762890399.750137806,7.245388722686195446e-19,-3.233390077851140778e-18,1.497185730841010809e-04
1762890399.770080566,7.255951819108497609e-19,-3.239052129144066252e-18,1.497186749475076795e-04
1762890399.790077448,7.265699108651669349e-19,-3.244277429073563728e-18,1.497187477070838213e-04
1762890399.810376883,7.274633693243007739e-19,-3.249066598025092620e-18,1.497187913628295064e-04
1762890399.830492973,7.282831570101291089e-19,-3.253460995029280580e-18,1.497188495704904199e-04
1762890399.850257397,7.290340302111741198e-19,-3.257485642299657336e-18,1.497188932262361050e-04
1762890399.870763779,7.297177466862374817e-19,-3.261150466003573525e-18,1.497189368819817901e-04
1762890399.890049458,7.303416476632556028e-19,-3.264495170810431692e-18,1.497189659858122468e-04
1762890399.910053492,7.309105411295389476e-19,-3.267544158548302152e-18,1.497189659858122468e-04
1762890399.930733919,5.027494161666138932e-19,-2.044571891754217275e-18,1.496771583333611488e-04
1762890399.950250387,7.231928426168426303e-19,-3.226176442524218962e-18,1.497185003245249391e-04
1762890399.970041037,1.300625294363572318e-18,-6.321286944170023241e-18,1.498269557487219572e-04
1762890399.990633011,7.481016807038636681e-19,-3.359690838015790606e-18,1.497226621722802520e-04
1762890400.010765076,4.253177369591668141e-19,-1.629528332539024337e-18,1.496635813964530826e-04
1762890400.030761003,4.814923736888613343e-19,-1.930631484687794201e-18,1.496734330430626869e-04
1762890400.050290108,8.309857984671364559e-19,-3.803960032440977410e-18,1.497375342296436429e-04
1762890400.070119619,7.183247296156032087e-19,-3.200082616510927427e-18,1.497175253462046385e-04
1762890400.090176105,7.126931289089773426e-19,-3.169895900826723512e-18,1.497167540946975350e-04
1762890400.110241175,7.140900301684262681e-19,-3.177383539731553518e-18,1.497170742368325591e-04
1762890400.130112648,7.158418953082370116e-19,-3.186774107635561765e-18,1.497174380347132683e-04
1762890400.150011778,7.175092846279907771e-19,-3.195711587359044091e-18,1.497177290730178356e-04
1762890400.170192003,7.190633502038247779e-19,-3.204042330103218771e-18,1.497179910074919462e-04
1762890400.190228939,7.205097789024503159e-19,-3.211794873599218884e-18,1.497181801823899150e-04
1762890400.210475683,7.218536372051192785e-19,-3.218998169168483788e-18,1.497183548053726554e-04
1762890400.230117798,7.230963726779036334e-19,-3.225659868231679596e-18,1.497185003245249391e-04
1762890400.249717951,7.322614304674146109e-19,-3.274786124811203910e-18,1.497201592428609729e-04
1762890400.269753933,7.224390225848653992e-19,-3.222136492412509975e-18,1.497183984611183405e-04
1762890400.289165974,7.229244742068574574e-19,-3.224738389029295523e-18,1.497184275649487972e-04
1762890400.309197187,7.240135608808600874e-19,-3.230575389021775963e-18,1.497185294283553958e-04
1762890400.329160213,7.250637700660727252e-19,-3.236205387065965008e-18,1.497186021879315376e-04
1762890400.349112272,7.260408771646509891e-19,-3.241442267524038226e-18,1.497186749475076795e-04
1762890400.369675636,7.269419870444509436e-19,-3.246272381915888493e-18,1.497187477070838213e-04
1762890400.389666080,7.277745443309855660e-19,-3.250734607730305800e-18,1.497188204666599631e-04
1762890400.411148787,7.285391694097142710e-19,-3.254832874075199776e-18,1.497188641224056482e-04
1762890400.429514408,7.292412906534069378e-19,-3.258595925476856637e-18,1.497189077781513333e-04
1762890400.449636936,7.298843201820903476e-19,-3.262042580294211965e-18,1.497189368819817901e-04
1762890400.470826864,7.304700674533544604e-19,-3.265182764694616397e-18,1.497189659858122468e-04
1762890400.490690708,7.389994369421184361e-19,-3.310901657535881651e-18,1.497205084888264537e-04
1762890400.510297775,7.284368058089108338e-19,-3.254284039738770842e-18,1.497186167398467660e-04
1762890400.530146122,7.283571379761643203e-19,-3.253857007747540342e-18,1.497185585321858525e-04
1762890400.550639153,7.289350787303974638e-19,-3.256955212731857707e-18,1.497185876360163093e-04
1762890400.570234299,7.295177757731527873e-19,-3.260078646724857939e-18,1.497186603955924511e-04
1762890400.590245962,1.344335689279982252e-18,-6.555580062411380459e-18,1.498350611655041575e-04
1762890400.610591173,1.345377833454222498e-18,-6.561166013087951055e-18,1.498351339250802994e-04
1762890400.630139112,1.346343670216954727e-18,-6.566343336541920455e-18,1.498352212365716696e-04
1762890400.650105476,1.347236715085782290e-18,-6.571130644337071103e-18,1.498352939961478114e-04
1762890400.670138359,1.348062861722569626e-18,-6.575558955746373737e-18,1.498353667557239532e-04
1762890400.690082788,1.348824178078848119e-18,-6.579640264888710375e-18,1.498353813076391816e-04
1762890400.710199833,7.531958725062714890e-19,-3.386997724397391155e-18,1.497233752161264420e-04
1762890400.730051279,7.171548377355118048e-19,-3.193812794262928616e-18,1.497172779636457562e-04
1762890400.750092506,7.163074428967395125e-19,-3.189270745519399941e-18,1.497172488598152995e-04
1762890400.770264149,1.184596152852876281e-18,-5.699357138551615983e-18,1.498053898103535175e-04
1762890400.790106058,8.595469491513088182e-19,-3.957051311489841560e-18,1.497424382250756025e-04
1762890400.810249805,7.245006668640772516e-19,-3.233185971034993318e-18,1.497184130130335689e-04
1762890400.830305338,7.170457015934430897e-19,-3.193226943594087934e-18,1.497172634117305279e-04
1762890400.850137472,7.180087983203962367e-19,-3.198388964206725103e-18,1.497174816904589534e-04
1762890400.870247841,7.194358399734150631e-19,-3.206038110126156088e-18,1.497177581768482924e-04
1762890400.890790224,7.208071503326631293e-19,-3.213388643844455430e-18,1.497180201113224030e-04
1762890400.910167456,7.220874191257420779e-19,-3.220250727411042210e-18,1.497182092862203717e-04
1762890400.930069685,7.232794380872192754e-19,-3.226640077257554934e-18,1.497183548053726554e-04
1762890400.950692177,7.243848615783198277e-19,-3.232565378780425409e-18,1.497185003245249391e-04
1762890400.970534801,7.254113927184981351e-19,-3.238067577419975011e-18,1.497186021879315376e-04
1762890400.990145206,1.336633086813465028e-18,-6.514292169316408636e-18,1.498349884059280157e-04
1762890401.010289669,1.338445749728298419e-18,-6.524008232791456499e-18,1.498352212365716696e-04
1762890401.030164242,1.340117481746268088e-18,-6.532969080367243448e-18,1.498352939961478114e-04
1762890401.050100088,7.287933723517094733e-19,-3.256196274519840304e-18,1.497188932262361050e-04
1762890401.070058346,1.343067311208208754e-18,-6.548781878547113401e-18,1.498355268267914653e-04
1762890401.090131998,1.344362882842619933e-18,-6.555726473379802345e-18,1.498355995863676071e-04
1762890401.110064983,1.345548646250714698e-18,-6.562082942796966086e-18,1.498356868978589773e-04
1762890401.130223751,1.346629874708898075e-18,-6.567879410939431428e-18,1.498357596574351192e-04
1762890401.151730537,1.347615460408755007e-18,-6.573161372740888786e-18,1.498357742093503475e-04
1762890401.170126915,7.525566686879211369e-19,-3.383570715119583962e-18,1.497234625276178122e-04
1762890401.190103292,7.164755673562409153e-19,-3.190171958796776464e-18,1.497172488598152995e-04
1762890401.210332394,7.155785416807154414e-19,-3.185363764691158853e-18,1.497171324444934726e-04
1762890401.230166674,8.285208002417284334e-19,-3.790748717287586729e-18,1.497370540164411068e-04
1762890401.250079393,8.337546821700811469e-19,-3.818802547762322662e-18,1.497376943007111549e-04
1762890401.270113707,7.203550444291146151e-19,-3.210966245420593889e-18,1.497175398981198668e-04
1762890401.290125370,7.144674313229035870e-19,-3.179407650690470777e-18,1.497166958870366216e-04
1762890401.310055494,7.156624488141012891e-19,-3.185812716968622009e-18,1.497169869253411889e-04
1762890401.330173254,7.172374523991905384e-19,-3.194254922300338209e-18,1.497172779636457562e-04
1762890401.350084782,7.187508310286445871e-19,-3.202366668977339475e-18,1.497175690019503236e-04
1762890401.370174170,7.201702729597855826e-19,-3.209975903432214776e-18,1.497177872806787491e-04
1762890401.390134811,7.214991903126403061e-19,-3.217098342096602621e-18,1.497179764555767179e-04
1762890401.410617828,7.227401163278347013e-19,-3.223749287811835240e-18,1.497181510785594583e-04
1762890401.430272579,7.238976004987378098e-19,-3.229953762791442363e-18,1.497182820457965136e-04
1762890401.450741053,7.249723149095973311e-19,-3.235715489348180477e-18,1.497184130130335689e-04
1762890401.470236063,7.259716524871379576e-19,-3.241071483814461331e-18,1.497185003245249391e-04
1762890401.490190268,7.268980430744090640e-19,-3.246036428646157741e-18,1.497186021879315376e-04
1762890401.510141611,7.277562946587211148e-19,-3.250637207213177681e-18,1.497186749475076795e-04
1762890401.530114412,1.341139980380960199e-18,-6.538451219876938639e-18,1.498350757174193859e-04
1762890401.550102472,1.342645035505500433e-18,-6.546518298800862041e-18,1.498352212365716696e-04
1762890401.570180178,7.299460485353021173e-19,-3.262374693310152006e-18,1.497188204666599631e-04
1762890401.590152740,1.345301112452408205e-18,-6.560753663552593371e-18,1.498353813076391816e-04
1762890401.610205173,1.346466816730648559e-18,-6.567001772309512665e-18,1.498354686191305518e-04
1762890401.629147768,1.438923482132691260e-18,-7.062580566541057500e-18,1.498528872616589069e-04
1762890401.649153471,1.346882474988456455e-18,-6.569230196879730522e-18,1.498355995863676071e-04
1762890401.669120073,1.342108195287953518e-18,-6.543639296678871228e-18,1.498346537118777633e-04
1762890401.689206123,1.342954401054595265e-18,-6.548174314387193202e-18,1.498346973676234484e-04
1762890401.709152222,1.344096530685377858e-18,-6.554296278100698160e-18,1.498348283348605037e-04
1762890401.730162621,1.436400167674098249e-18,-7.049056163525815497e-18,1.498522615293040872e-04
1762890401.750118017,1.344579190572802550e-18,-6.556885353417989137e-18,1.498350466135889292e-04
1762890401.770142317,1.339873153272835237e-18,-6.531661307818797111e-18,1.498341152910143137e-04
1762890401.790292740,1.340787911632742317e-18,-6.536564834490011459e-18,1.498342171544209123e-04
1762890401.810019732,1.342008623421717447e-18,-6.543107833135305908e-18,1.498343626735731959e-04
1762890401.830126524,1.343182289313353624e-18,-6.549399782464690513e-18,1.498345227446407080e-04
1762890401.850178957,1.344287816202030746e-18,-6.555325290782714127e-18,1.498346100561320782e-04
1762890401.870332718,1.345323032738640860e-18,-6.560874018331719836e-18,1.498347555752843618e-04
1762890401.890107393,1.346290213669868488e-18,-6.566058786411202214e-18,1.498348428867757320e-04
1762890401.910083055,1.347191840537551288e-18,-6.570892002730349554e-18,1.498349301982671022e-04
1762890401.930147648,1.348031222064139473e-18,-6.575390210901412919e-18,1.498350611655041575e-04
1762890401.950074434,1.348809805815705010e-18,-6.579563337091742944e-18,1.498351339250802994e-04
1762890401.970112324,1.349529452948626144e-18,-6.583420893878383988e-18,1.498352212365716696e-04
1762890401.990716457,7.535305187628374733e-19,-3.388790638375099843e-18,1.497232733527198434e-04
1762890402.010155916,1.182243134202892624e-18,-5.686745942932632523e-18,1.498044584877789021e-04
1762890402.030032873,1.612193832224786520e-18,-7.991337303954371867e-18,1.498860656283795834e-04
1762890402.050139904,7.220019093299194087e-19,-3.219793503327453524e-18,1.497178600402548909e-04
1762890402.070762873,1.312708231763864101e-18,-6.386053531771700202e-18,1.498309720773249865e-04
1762890402.090699434,1.315001279819437663e-18,-6.398345022083931917e-18,1.498316414654254913e-04
1762890402.110226631,7.174506582020760813e-19,-3.195398085906886493e-18,1.497174380347132683e-04
1762890402.130118608,1.321383495233167117e-18,-6.432553903496674930e-18,1.498329511377960443e-04
1762890402.150734663,1.324311094216145420e-18,-6.448245933307112141e-18,1.498334313509985805e-04
1762890402.170393705,1.327044202357597193e-18,-6.462896956316651367e-18,1.498338824603706598e-04
1762890402.190070629,1.329589333704846290e-18,-6.476538405388569623e-18,1.498342026025056839e-04
1762890402.210164547,1.331954553268865103e-18,-6.489214534685638496e-18,1.498345081927254796e-04
1762890402.230107784,1.334148753241238578e-18,-6.500975388634917443e-18,1.498347555752843618e-04
1762890402.250066519,1.336179895235362538e-18,-6.511862739857340394e-18,1.498349738540127873e-04
1762890402.270148993,1.338055423876749959e-18,-6.521915879432003615e-18,1.498351484769955277e-04
1762890402.290040970,1.339783197381220095e-18,-6.531177407160453590e-18,1.498352939961478114e-04
1762890402.310236454,1.341371797747628185e-18,-6.539693231566687010e-18,1.498353813076391816e-04
1762890402.330039263,1.342830323962712311e-18,-6.547511329126231951e-18,1.498354686191305518e-04
1762890402.351079702,1.435309013048564236e-18,-7.043208823775678145e-18,1.498529454693198204e-04
1762890402.369280577,4.371639197585094349e-19,-1.693025714888315246e-18,1.496653276262804866e-04
1762890402.389143467,4.318402887336947179e-19,-1.664490258501920312e-18,1.496643817517906427e-04
1762890402.409068346,4.318243655069030721e-19,-1.664404748706097643e-18,1.496643380960449576e-04
1762890402.429158926,4.321391077299794991e-19,-1.666091886962976112e-18,1.496643671998754144e-04
1762890402.449212551,4.324543669409387718e-19,-1.667781610159268809e-18,1.496643963037058711e-04
1762890402.469921350,4.327487139920369383e-19,-1.669359250382560571e-18,1.496644108556210995e-04
1762890402.489721537,4.330229502144924092e-19,-1.670829046933490732e-18,1.496644254075363278e-04
1762890402.509824038,4.332766361686047659e-19,-1.672188931860527910e-18,1.496644545113667846e-04
1762890402.529688835,4.335108833783221264e-19,-1.673444385235230267e-18,1.496644690632820129e-04
1762890402.549584389,4.337265190242570438e-19,-1.674600576936426262e-18,1.496644836151972413e-04
1762890402.569039822,5.031393284278560766e-19,-2.046661763571832499e-18,1.496770564699545503e-04
1762890402.589301109,4.867125037395303537e-19,-1.958612316473472330e-18,1.496741606388241053e-04
1762890402.609151363,4.279248810029632460e-19,-1.643502928602648325e-18,1.496639015385881066e-04
1762890402.629066467,4.248879390827630894e-19,-1.627224737930640724e-18,1.496634795330464840e-04
1762890402.649200439,4.255145283967720079e-19,-1.630583194615182585e-18,1.496636396041139960e-04
1762890402.669191360,4.263325066250103831e-19,-1.634967768849596478e-18,1.496637996751815081e-04
1762890402.689168930,4.271149160869089782e-19,-1.639161574555240328e-18,1.496639451943337917e-04
1762890402.709208012,4.278450063750635942e-19,-1.643075069430805271e-18,1.496640616096556187e-04
1762890402.729095697,4.285263188564717239e-19,-1.646727175232803457e-18,1.496641489211469889e-04
1762890402.749127388,4.291603010972053351e-19,-1.650125543381901002e-18,1.496642362326383591e-04
1762890402.769147873,4.511582130604698417e-19,-1.768036520786155178e-18,1.496681361459195614e-04
1762890402.789302349,4.339109286020680844e-19,-1.675588747575697422e-18,1.496651093475520611e-04
1762890402.809103727,4.275471438063620774e-19,-1.641478300655848220e-18,1.496639742981642485e-04
1762890402.829051495,4.277587210974166565e-19,-1.642612261878081852e-18,1.496639742981642485e-04
1762890402.849302769,4.283723598649602917e-19,-1.645901338788745828e-18,1.496640325058251619e-04
1762890402.869218111,4.289782179648670999e-19,-1.649148643078475877e-18,1.496640907134860754e-04
1762890402.889648438,4.295494120272291078e-19,-1.652210555513417478e-18,1.496641489211469889e-04
1762890402.909215212,4.300856060099224657e-19,-1.655084387756579834e-18,1.496641925768926740e-04
1762890402.930218220,4.520300614261007328e-19,-1.772708850476160955e-18,1.496680488344281912e-04
1762890402.950075626,4.306429447970242103e-19,-1.658071957333968232e-18,1.496642653364688158e-04
1762890402.970117569,4.297292721116711067e-19,-1.653174634517348032e-18,1.496640761615708470e-04
1762890402.990174294,4.301517287601384233e-19,-1.655439455034518221e-18,1.496641052654013038e-04
1762890403.010706902,7.254453071236128092e-19,-3.238250177540196092e-18,1.497181656304746866e-04
1762890403.030100822,7.262299913321959251e-19,-3.242456184159875099e-18,1.497181656304746866e-04
1762890403.050185919,4.313721562057779888e-19,-1.661981109511317272e-18,1.496641343692317605e-04
1762890403.070615530,4.317119981905665718e-19,-1.663802561220159038e-18,1.496641343692317605e-04
1762890403.090044260,4.320386828337367331e-19,-1.665553392384204091e-18,1.496641343692317605e-04
1762890403.109009027,7.288819840748292164e-19,-3.256670455805986327e-18,1.497181801823899150e-04
1762890403.129183769,7.374320847776953024e-19,-3.302499777259027411e-18,1.497196935815736651e-04
1762890403.149123192,7.269737817992459506e-19,-3.246442781122074416e-18,1.497178600402548909e-04
1762890403.169127941,7.269870683878350836e-19,-3.246513505064447700e-18,1.497178309364244342e-04
1762890403.189131260,7.276662870683176885e-19,-3.250155167711212405e-18,1.497179036960005760e-04
1762890403.209278584,7.283584304458714344e-19,-3.253864659168206457e-18,1.497179764555767179e-04
1762890403.229191065,7.290190892613598807e-19,-3.257406026165699107e-18,1.497180637670680881e-04
1762890403.249018908,7.296448513947562461e-19,-3.260759623164142219e-18,1.497181365266442299e-04
1762890403.269328833,7.302362338339433764e-19,-3.263930206452057974e-18,1.497182092862203717e-04
1762890403.289074659,7.307917373140610190e-19,-3.266906609091176906e-18,1.497182820457965136e-04
1762890403.309075832,7.313118788229920197e-19,-3.269695241731246301e-18,1.497183548053726554e-04
1762890403.329220295,7.318002772759162980e-19,-3.272312647984517219e-18,1.497184421168640256e-04
1762890403.349276304,7.322540375406899182e-19,-3.274744972575729396e-18,1.497184712206944823e-04
1762890403.369145393,7.326770887252225073e-19,-3.277012481429890384e-18,1.497185585321858525e-04
1762890403.389643669,7.330253317631073320e-19,-3.278879221277269429e-18,1.497185585321858525e-04
1762890403.409276247,7.333183604951042420e-19,-3.280449830465354490e-18,1.497185730841010809e-04
1762890403.429223776,7.336130952871145427e-19,-3.282028918254718220e-18,1.497185876360163093e-04
1762890403.449256182,7.338870988650227331e-19,-3.283498197817765535e-18,1.497186167398467660e-04
1762890403.469067097,7.341443003367384402e-19,-3.284877314694044571e-18,1.497186167398467660e-04
1762890403.489076138,1.461611598768948841e-18,-7.184193487379216182e-18,1.498556375736370683e-04
1762890403.509307384,1.345624023084033593e-18,-6.562487020526198240e-18,1.498342171544209123e-04
1762890403.531115532,7.275707477075678138e-19,-3.249643349707195219e-18,1.497177581768482924e-04
1762890403.549136877,1.340076846498676420e-18,-6.532752359046754554e-18,1.498332712799310684e-04
1762890403.569658518,1.341294249565201339e-18,-6.539277986899185390e-18,1.498335041105747223e-04
1762890403.589016914,1.342491179911565570e-18,-6.545693599730146672e-18,1.498336787335574627e-04
1762890403.609156370,1.343634653710843561e-18,-6.551822594478858331e-18,1.498338242527097464e-04
1762890403.629212379,1.344720018072089703e-18,-6.557640569317250051e-18,1.498340570833534002e-04
1762890403.649062634,1.345746135621961734e-18,-6.563141320390727685e-18,1.498342171544209123e-04
1762890403.669672728,1.346713316553189361e-18,-6.568324847699291233e-18,1.498343626735731959e-04
1762890403.689072132,8.675920043914229963e-19,-4.000175131954374828e-18,1.497433986514806747e-04
1762890403.709139824,1.309808653524136032e-18,-6.370512462423053918e-18,1.498272322351112962e-04
1762890403.729304790,7.478108233209747097e-19,-3.358132429741740702e-18,1.497218472650274634e-04
1762890403.749065161,7.139846680379023262e-19,-3.176819402553792353e-18,1.497161865700036287e-04
1762890403.769087791,7.134304053287035131e-19,-3.173848169793501878e-18,1.497162447776645422e-04
1762890403.789229631,8.262100195017732660e-19,-3.778362101204911416e-18,1.497361517976969481e-04
1762890403.809124947,7.200729241414457481e-19,-3.209453538875387540e-18,1.497172634117305279e-04
1762890403.829366684,7.147004894604904025e-19,-3.180656279825119572e-18,1.497164921602234244e-04
1762890403.849074364,7.159642663401065751e-19,-3.187430061861316316e-18,1.497167977504432201e-04
1762890403.869185209,7.175759243660895804e-19,-3.196069136178820137e-18,1.497171178925782442e-04
1762890403.889088392,7.191222351236808965e-19,-3.204357485916601474e-18,1.497173798270523548e-04
1762890403.909205675,7.205737303035583218e-19,-3.212137739963122114e-18,1.497176417615264654e-04
1762890403.930076361,7.638978318739059919e-19,-3.444359804745799689e-18,1.497254124842584133e-04
1762890403.950103283,7.223772425328653450e-19,-3.221804792986876210e-18,1.497179619036614895e-04
1762890403.969998360,7.209110648971151034e-19,-3.213946370372469309e-18,1.497176854172721505e-04
1762890403.990142822,7.220407868187094010e-19,-3.220001539251510610e-18,1.497178163845092058e-04
1762890404.010138512,7.232655311131707276e-19,-3.226566458183037714e-18,1.497179619036614895e-04
1762890404.030031681,7.244221364046729985e-19,-3.232766176874122657e-18,1.497180637670680881e-04
1762890404.050176859,7.255006765258655775e-19,-3.238546721789796352e-18,1.497181801823899150e-04
1762890404.070188046,7.265053390785995142e-19,-3.243931667577516563e-18,1.497182965977117419e-04
1762890404.089253664,4.313996858105395193e-19,-1.662128451057928280e-18,1.496642362326383591e-04
1762890404.109050751,1.339027774686806043e-18,-6.527128771652312796e-18,1.498345664003863931e-04
1762890404.129153490,1.335052241265299623e-18,-6.505819358302027973e-18,1.498337369412183762e-04
1762890404.149210215,1.336612200502998064e-18,-6.514181327114326530e-18,1.498338970122858882e-04
1762890404.169037580,1.338423932839642333e-18,-6.523892013915392798e-18,1.498340570833534002e-04
1762890404.189202785,1.340138471454311621e-18,-6.533082817701469489e-18,1.498342171544209123e-04
1762890404.209687710,1.341737411578376623e-18,-6.541654476799050238e-18,1.498343626735731959e-04
1762890404.229199886,4.325120110898760609e-19,-1.668091079105940210e-18,1.496642653364688158e-04
1762890404.249171019,1.344600283678422652e-18,-6.556998263571602625e-18,1.498346682637929916e-04
1762890404.269174099,1.345872901050835485e-18,-6.563820022083327444e-18,1.498348283348605037e-04
1762890404.289198399,1.347046049954588817e-18,-6.570107835509649284e-18,1.498349156463518739e-04
1762890404.309290409,1.348125727449123656e-18,-6.575895204665376542e-18,1.498350029578432441e-04
1762890404.329034328,1.349118240786610720e-18,-6.581215216775011340e-18,1.498350757174193859e-04
1762890404.349275589,1.350024934135545408e-18,-6.586074902873760377e-18,1.498352066846564412e-04
1762890404.369279146,1.350851701157792159e-18,-6.590506936595819500e-18,1.498352357884868979e-04
1762890404.389302969,1.351601850575801186e-18,-6.594527447963133491e-18,1.498353085480630398e-04
1762890404.409220457,1.352280138678094668e-18,-6.598164147526222877e-18,1.498353813076391816e-04
1762890404.429218292,1.352891321753194787e-18,-6.601441023522851696e-18,1.498354540672153234e-04
1762890404.449192047,1.353441707053272258e-18,-6.604389922406603240e-18,1.498355268267914653e-04
1762890404.470975876,8.714807872461879176e-19,-4.021018842619792296e-18,1.497440971434116364e-04
1762890404.489242554,7.262242010679080539e-19,-3.242424544501444946e-18,1.497184275649487972e-04
1762890404.509178162,8.297688606897060985e-19,-3.797437713310996787e-18,1.497368502896279097e-04
1762890404.529282093,7.224181879731867198e-19,-3.222023995849202763e-18,1.497177872806787491e-04
1762890404.549847364,7.168375105730211495e-19,-3.192110249767141347e-18,1.497170305810868740e-04
1762890404.570088148,1.397675810695004827e-18,-6.841489250876046604e-18,1.498443743912503123e-04
1762890404.590281248,1.217042622572998499e-18,-5.873273103111808881e-18,1.498103956691920757e-04
1762890404.610741377,7.401612121124491635e-19,-3.317128673187180843e-18,1.497209159424528480e-04
1762890404.630585194,7.118552466472494101e-19,-3.165405137281173125e-18,1.497162447776645422e-04
1762890404.650136709,7.118615538994201270e-19,-3.165439051686287799e-18,1.497164194006472826e-04
1762890404.670165777,1.297693145887224973e-18,-6.305568858170290610e-18,1.498261699452996254e-04
1762890404.689610481,7.656927621043577774e-19,-3.453980535655250816e-18,1.497249177191406488e-04
1762890404.709092617,7.280174252383464487e-19,-3.252036176424157989e-18,1.497182092862203717e-04
1762890404.729528427,4.415385161267844063e-19,-1.716473493519626214e-18,1.496662443969398737e-04
1762890404.749118805,7.046067663370237977e-19,-3.126553084295016829e-18,1.497140474384650588e-04
1762890404.769051313,4.394096117240143359e-19,-1.705062950559763474e-18,1.496658660471439362e-04
1762890404.789131880,4.228631301902039891e-19,-1.616371507908485586e-18,1.496631448389962316e-04
1762890404.809177876,4.228109919622190061e-19,-1.616091920861442663e-18,1.496632175985723734e-04
1762890404.829186440,4.237947165056976942e-19,-1.621365197266468214e-18,1.496634213253855705e-04
1762890404.849303961,4.247862992649956361e-19,-1.626680246292427693e-18,1.496636105002835393e-04
1762890404.869048595,4.257201344777797198e-19,-1.631685309383832926e-18,1.496637560194358230e-04
1762890404.889005184,4.265921637891696070e-19,-1.636359603627793516e-18,1.496638869866728783e-04
1762890404.910143137,4.486372250473496361e-19,-1.754523905094642056e-18,1.496678160037845373e-04
1762890404.930164337,4.277699397344744070e-19,-1.642672439267645085e-18,1.496640907134860754e-04
1762890404.950223207,4.271324678255315877e-19,-1.639255459554765097e-18,1.496639451943337917e-04
1762890404.970238924,4.277953755383104126e-19,-1.642808820671139765e-18,1.496640034019947052e-04
1762890404.990111589,4.284976518783679331e-19,-1.646573423036445163e-18,1.496640761615708470e-04
1762890405.010134697,4.291574318144555418e-19,-1.650109826950262495e-18,1.496641489211469889e-04
1762890405.030163527,4.297719236120058722e-19,-1.653403660149448651e-18,1.496642071288079023e-04
1762890405.050081253,4.303417993552666237e-19,-1.656458231356453844e-18,1.496642507845535874e-04
1762890405.070119381,4.308698507788051627e-19,-1.659288636617457166e-18,1.496643089922145009e-04
1762890405.090277195,4.313579648883938759e-19,-1.661905008894962393e-18,1.496643380960449576e-04
1762890405.110382318,4.318077701958637270e-19,-1.664316033585401330e-18,1.496643671998754144e-04
1762890405.130608797,4.322211278575929603e-19,-1.666531533458548046e-18,1.496643963037058711e-04
1762890405.150731564,4.326012173490610765e-19,-1.668568672512113015e-18,1.496644108556210995e-04
1762890405.170233965,4.329487366039099173e-19,-1.670431483251582433e-18,1.496644545113667846e-04
1762890405.190562248,4.332661154651888571e-19,-1.672132476783721165e-18,1.496644690632820129e-04
1762890405.210253239,4.335564558601949698e-19,-1.673688920503816256e-18,1.496644836151972413e-04
1762890405.229176760,7.318167174905907894e-19,-3.272400742719754116e-18,1.497188932262361050e-04
1762890405.249160767,7.403016260214300399e-19,-3.317881200749450960e-18,1.497203920735046268e-04
1762890405.269166946,7.296585515736516557e-19,-3.260832828648353162e-18,1.497185439802706242e-04
1762890405.289012909,7.295240313265352195e-19,-3.260112354334819475e-18,1.497184857726097107e-04
1762890405.309136152,7.300508419791549290e-19,-3.262936142150922373e-18,1.497185148764401674e-04
1762890405.329059124,7.305849421609227621e-19,-3.265798807455815264e-18,1.497185876360163093e-04
1762890405.349177122,7.310836803715039532e-19,-3.268472255195586649e-18,1.497186167398467660e-04
1762890405.369161367,7.315470566108985024e-19,-3.270956485370236530e-18,1.497186749475076795e-04
1762890405.389138222,7.319730546263633116e-19,-3.273239297065729748e-18,1.497187040513381362e-04
1762890405.409305573,7.323663790076322763e-19,-3.275348194037433692e-18,1.497187477070838213e-04
1762890405.429020882,7.327279603328945185e-19,-3.277285657827186021e-18,1.497187913628295064e-04
1762890405.449028969,7.330602801439876974e-19,-3.279067404866625243e-18,1.497188204666599631e-04
1762890405.469143152,5.039526020663605565e-19,-2.051021418990293232e-18,1.496770564699545503e-04
1762890405.489048243,7.152243532821778919e-19,-3.183465591980502793e-18,1.497155608376488090e-04
1762890405.509131908,5.014131058870344770e-19,-2.037410162010733161e-18,1.496765762567520142e-04
1762890405.529124975,6.542180770463787102e-19,-2.856464138635733616e-18,1.497047778684645891e-04
1762890405.549261332,6.629513465561370073e-19,-2.903275116680722005e-18,1.497062767157331109e-04
1762890405.569225788,4.380593427715980873e-19,-1.697825120199924482e-18,1.496655022492632270e-04
1762890405.590093851,7.481894135475825736e-19,-3.360161296989180140e-18,1.497216726420447230e-04
1762890405.610111952,4.987682992759727401e-19,-2.023232699901880543e-18,1.496762852184474468e-04
1762890405.630094051,4.252994614375082207e-19,-1.629430311636436803e-18,1.496635231887921691e-04
1762890405.650116920,4.772323935342132418e-19,-1.907797784263727287e-18,1.496727054473012686e-04
1762890405.670239210,4.240810502446117532e-19,-1.622899410507600942e-18,1.496634067734703422e-04
1762890405.690117598,4.774049640895071172e-19,-1.908722158598255295e-18,1.496728218626230955e-04
1762890405.710111618,4.802921346200468911e-19,-1.924197880678509890e-18,1.496732584200799465e-04
1762890405.730224371,4.239621171821631132e-19,-1.622262171243205403e-18,1.496634067734703422e-04
1762890405.750613451,4.213705861724286198e-19,-1.608371327216602410e-18,1.496630866313353181e-04
1762890405.770120382,4.222942884227089289e-19,-1.613322726965768264e-18,1.496633049100637436e-04
1762890405.790179014,4.233839696327768314e-19,-1.619163656066158331e-18,1.496635086368769407e-04
1762890405.809594154,4.454719150358389066e-19,-1.737557396755413767e-18,1.496674958616495132e-04
1762890405.829258919,7.143601046384248316e-19,-3.178831519393827593e-18,1.497175981057807803e-04
1762890405.849191904,7.135138988717830843e-19,-3.174296088095199343e-18,1.497174089308828115e-04
1762890405.869200230,7.151850105042933385e-19,-3.183254454129148632e-18,1.497175981057807803e-04
1762890405.889025927,7.169136111893760281e-19,-3.192520117760661372e-18,1.497177872806787491e-04
1762890405.910167694,7.602763834533605522e-19,-3.424950218467396033e-18,1.497255871072411537e-04
1762890405.930147409,7.192440891676676144e-19,-3.205011992576284057e-18,1.497180783189833164e-04
1762890405.950119495,7.180162946446974985e-19,-3.198430530032505893e-18,1.497177581768482924e-04
1762890405.970416546,7.193526049242769147e-19,-3.205593086956602559e-18,1.497178891440853477e-04
1762890405.990033627,7.207670320729543075e-19,-3.213174404065804196e-18,1.497180346632376313e-04
1762890406.010165453,7.220969317027864377e-19,-3.220302219404173636e-18,1.497181365266442299e-04
1762890406.030185938,7.233369271397917108e-19,-3.226949442806649766e-18,1.497182529419660568e-04
1762890406.050035715,7.244897067209609240e-19,-3.233128275187267745e-18,1.497183257015421987e-04
1762890406.069984436,7.255601818311811109e-19,-3.238866220301394959e-18,1.497184130130335689e-04
1762890406.089142323,7.688264324574383536e-19,-3.470778712739824563e-18,1.497261400800198317e-04
1762890406.109276772,7.266140099315736682e-19,-3.244515450294825862e-18,1.497185148764401674e-04
1762890406.129618883,7.247879053317862904e-19,-3.234727628901639024e-18,1.497181219747290015e-04
1762890406.149054050,7.255947166217551998e-19,-3.239052542734372529e-18,1.497182092862203717e-04
1762890406.169150352,7.265141278726078901e-19,-3.243981091619116606e-18,1.497182965977117419e-04
1762890406.189131737,7.273821505279057235e-19,-3.248633775769574248e-18,1.497183693572878838e-04
1762890406.209290981,7.281908746730411617e-19,-3.252968202179352113e-18,1.497184421168640256e-04
1762890406.229627371,7.289408172958970505e-19,-3.256988093161206690e-18,1.497185148764401674e-04
1762890406.250131369,7.376830823948168617e-19,-3.303848495247795122e-18,1.497201010352000594e-04
1762890406.270146370,7.272891961065700770e-19,-3.248136019835970464e-18,1.497182383900508285e-04
1762890406.290147305,7.273411533887960641e-19,-3.248414366112094558e-18,1.497182238381356001e-04
1762890406.310012579,7.280449289937138369e-19,-3.252186723295642640e-18,1.497182820457965136e-04
1762890406.330104589,7.287492215865144554e-19,-3.255961562021028382e-18,1.497183257015421987e-04
1762890406.349133730,1.434027917074872734e-18,-7.036345706233325674e-18,1.498517231084406376e-04
1762890406.369510889,1.342629525869015064e-18,-6.546439303052363227e-18,1.498345809523016214e-04
1762890406.389087677,-4.528172325990453828e-07,-2.810816024378937072e-10,1.511358132120221853e-04
1762890406.409130812,-1.137942399509483948e-05,-3.569217597032547928e-07,1.637231907807290554e-04
1762890406.429210901,-7.160787936300039291e-05,-9.072569810086861253e-06,1.747809437802061439e-04
1762890406.449070215,-2.821130619850009680e-04,-1.005485391942784190e-04,2.410987945040687919e-04
1762890406.469046831,-7.167319417931139469e-04,-3.189361304976046085e-04,4.820253234356641769e-04
1762890406.489099503,-1.415323349647223949e-03,-6.751900073140859604e-04,9.093331173062324524e-04
1762890406.509255886,-2.392563503235578537e-03,-1.177960075438022614e-03,1.514073344878852367e-03
1762890406.528953552,-3.643902949988842010e-03,-1.831502420827746391e-03,2.282086061313748360e-03
1762890406.549021006,-5.148660391569137573e-03,-2.636979334056377411e-03,3.182996530085802078e-03
1762890406.569141150,-6.875717081129550934e-03,-3.592944703996181488e-03,4.174766596406698227e-03
1762890406.589033127,-8.784675970673561096e-03,-4.694338887929916382e-03,5.213357042521238327e-03
1762890406.609095097,-1.082883216440677643e-02,-5.931909196078777313e-03,6.257269997149705887e-03
1762890406.629034996,-1.296035014092922211e-02,-7.294193841516971588e-03,7.272643037140369415e-03
1762890406.649161577,-1.401452068239450455e-02,-8.428350090980529785e-03,7.745807990431785583e-03
1762890406.669075966,-1.671902462840080261e-02,-1.015593390911817551e-02,8.896911516785621643e-03
1762890406.689125538,-1.866406574845314026e-02,-1.173435244709253311e-02,9.678943082690238953e-03
1762890406.709099770,-2.082112245261669159e-02,-1.347772032022476196e-02,1.052403356879949570e-02
1762890406.729326248,-2.273359894752502441e-02,-1.522359345108270645e-02,1.128536369651556015e-02
1762890406.749095678,-2.436315268278121948e-02,-1.694264076650142670e-02,1.199033763259649277e-02
1762890406.770002604,-2.632601931691169739e-02,-1.889675855636596680e-02,1.293036714196205139e-02
1762890406.790084362,-2.764488570392131805e-02,-2.065111696720123291e-02,1.374813634902238846e-02
1762890406.810157537,-2.880652621388435364e-02,-2.240690775215625763e-02,1.467407122254371643e-02
1762890406.830304623,-2.958158962428569794e-02,-2.403227798640727997e-02,1.557739265263080597e-02
1762890406.850120068,-3.008942678570747375e-02,-2.556164376437664032e-02,1.643024757504463196e-02
1762890406.869207621,-3.034161217510700226e-02,-2.664658240973949432e-02,1.703367754817008972e-02
1762890406.889044046,-3.067669458687305450e-02,-2.816008403897285461e-02,1.814484223723411560e-02
1762890406.909086227,-3.083057329058647156e-02,-2.961312048137187958e-02,1.936939172446727753e-02
1762890406.929163933,-3.079210780560970306e-02,-3.097159415483474731e-02,2.058948390185832977e-02
1762890406.949304819,-3.058981150388717651e-02,-3.225804865360260010e-02,2.192865125834941864e-02
1762890406.969024181,-3.019144944846630096e-02,-3.344692662358283997e-02,2.344644069671630859e-02
1762890406.989064455,-2.977975457906723022e-02,-3.458567336201667786e-02,2.469630725681781769e-02
1762890407.009086132,-2.912947535514831543e-02,-3.559944033622741699e-02,2.629166841506958008e-02
1762890407.029310703,-2.846950851380825043e-02,-3.657232224941253662e-02,2.776566147804260254e-02
1762890407.049292564,-2.775788679718971252e-02,-3.748759999871253967e-02,2.924573421478271484e-02
1762890407.069104671,-2.700957842171192169e-02,-3.835188224911689758e-02,3.073717653751373291e-02
1762890407.089236975,-2.627015113830566406e-02,-3.919255733489990234e-02,3.219574689865112305e-02
1762890407.109033108,-2.560986578464508057e-02,-4.006265848875045776e-02,3.354035690426826477e-02
1762890407.129124641,-2.474373020231723785e-02,-4.075721651315689087e-02,3.522927686572074890e-02
1762890407.149060488,-2.409757860004901886e-02,-4.158850014209747314e-02,3.662386909127235413e-02
1762890407.169032335,-2.325469069182872772e-02,-4.223173111677169800e-02,3.841715306043624878e-02
1762890407.189083338,-2.265832386910915375e-02,-4.305375367403030396e-02,3.988728299736976624e-02
1762890407.209065914,-2.203171886503696442e-02,-4.382512345910072327e-02,4.151991382241249084e-02
1762890407.229355812,-2.141184173524379730e-02,-4.457792639732360840e-02,4.326970502734184265e-02
1762890407.249137878,-2.082431688904762268e-02,-4.533757641911506653e-02,4.509642720222473145e-02
1762890407.269063950,-2.030573599040508270e-02,-4.580610245466232300e-02,4.679670929908752441e-02
1762890407.289143562,-1.977567374706268311e-02,-4.658425971865653992e-02,4.878477752208709717e-02
1762890407.309198141,-1.926762051880359650e-02,-4.736958816647529602e-02,5.086281150579452515e-02
1762890407.329056978,-1.877551525831222534e-02,-4.815856367349624634e-02,5.303122103214263916e-02
1762890407.349164724,-1.829302869737148285e-02,-4.894706234335899353e-02,5.528987571597099304e-02
1762890407.369074583,-1.777504011988639832e-02,-5.002630129456520081e-02,5.788432434201240540e-02
1762890407.389083147,-1.733136549592018127e-02,-5.050245672464370728e-02,6.007640436291694641e-02
1762890407.409221888,-1.679839566349983215e-02,-5.154822394251823425e-02,6.286569684743881226e-02
1762890407.429975271,-1.629057899117469788e-02,-5.227541923522949219e-02,6.549505144357681274e-02
1762890407.450109005,-1.576770097017288208e-02,-5.297667905688285828e-02,6.819801777601242065e-02
1762890407.470192909,-1.522240322083234787e-02,-5.364047735929489136e-02,7.099379599094390869e-02
1762890407.490185976,-1.470590010285377502e-02,-5.399095639586448669e-02,7.358280569314956665e-02
1762890407.510060549,-1.411562226712703705e-02,-5.457200855016708374e-02,7.654656469821929932e-02
1762890407.530072451,-1.350069884210824966e-02,-5.510177835822105408e-02,7.960221916437149048e-02
1762890407.550045967,-1.286188140511512756e-02,-5.557621270418167114e-02,8.275374770164489746e-02
1762890407.570166588,-1.220104377716779709e-02,-5.599219724535942078e-02,8.600638806819915771e-02
1762890407.590030432,-1.152048353105783463e-02,-5.634779483079910278e-02,8.936554938554763794e-02
1762890407.610245228,-1.082313712686300278e-02,-5.664208531379699707e-02,9.283779561519622803e-02
1762890407.630144596,-1.011228002607822418e-02,-5.687526986002922058e-02,9.642950445413589478e-02
1762890407.650054455,-9.391756728291511536e-03,-5.704871937632560730e-02,1.001453548669815063e-01
1762890407.670112133,-8.665550500154495239e-03,-5.716476216912269592e-02,1.039876565337181091e-01
1762890407.689263105,-7.937522605061531067e-03,-5.722588673233985901e-02,1.079595088958740234e-01
1762890407.709196806,-7.208184339106082916e-03,-5.722881481051445007e-02,1.120837032794952393e-01
1762890407.730232000,-6.489046849310398102e-03,-5.719148367643356323e-02,1.163216084241867065e-01
1762890407.749132156,-5.779833067208528519e-03,-5.711169540882110596e-02,1.206941977143287659e-01
1762890407.769742966,-5.086679011583328247e-03,-5.700058117508888245e-02,1.251824498176574707e-01
1762890407.788998127,-4.404901992529630661e-03,-5.684805661439895630e-02,1.298317611217498779e-01
1762890407.809198141,-3.697921056300401688e-03,-5.623405799269676208e-02,1.348852664232254028e-01
1762890407.829087257,-3.054862143471837044e-03,-5.602789670228958130e-02,1.398284733295440674e-01
1762890407.849197388,-2.432242967188358307e-03,-5.580118671059608459e-02,1.449155062437057495e-01
1762890407.869064093,-1.866207341663539410e-03,-5.598524212837219238e-02,1.498535722494125366e-01
1762890407.889243841,-1.249825698323547840e-03,-5.529996007680892944e-02,1.555174589157104492e-01
1762890407.909080982,-7.208561291918158531e-04,-5.545492842793464661e-02,1.607179045677185059e-01
1762890407.928996801,-1.503905223216861486e-04,-5.475471913814544678e-02,1.666793674230575562e-01
1762890407.949155092,3.700897214002907276e-04,-5.447272956371307373e-02,1.724674254655838013e-01
1762890407.969216824,8.727401727810502052e-04,-5.418690294027328491e-02,1.783923059701919556e-01
1762890407.989144087,1.358834560960531235e-03,-5.389852821826934814e-02,1.844538003206253052e-01
1762890408.010102987,1.850203727371990681e-03,-5.353593826293945312e-02,1.909377574920654297e-01
1762890408.030093670,2.287377603352069855e-03,-5.331766977906227112e-02,1.969856023788452148e-01
1762890408.050197601,2.731852699071168900e-03,-5.303139239549636841e-02,2.034327238798141479e-01
1762890408.070106030,3.167212707921862602e-03,-5.274105817079544067e-02,2.100254297256469727e-01
1762890408.089983940,3.593610832467675209e-03,-5.245117098093032837e-02,2.167433947324752808e-01
1762890408.110087156,4.012219142168760300e-03,-5.216315761208534241e-02,2.235928773880004883e-01
1762890408.130030155,4.424513317644596100e-03,-5.187609046697616577e-02,2.305767238140106201e-01
1762890408.150122166,4.831356462091207504e-03,-5.158898606896400452e-02,2.376948446035385132e-01
1762890408.170100212,5.233617033809423447e-03,-5.130090564489364624e-02,2.449456751346588135e-01
1762890408.189032316,5.648041144013404846e-03,-5.094128474593162537e-02,2.526653110980987549e-01
1762890408.209065199,6.026515271514654160e-03,-5.071884766221046448e-02,2.598338425159454346e-01
1762890408.229104042,6.416497752070426941e-03,-5.042884126305580139e-02,2.674422264099121094e-01
1762890408.249160767,6.803809199482202530e-03,-5.013158917427062988e-02,2.751903533935546875e-01
1762890408.269014120,7.187133654952049255e-03,-4.983014985918998718e-02,2.830561995506286621e-01
1762890408.289014339,7.565694395452737808e-03,-4.952431842684745789e-02,2.910396754741668701e-01
1762890408.310063362,7.953572086989879608e-03,-4.914408177137374878e-02,2.995136380195617676e-01
1762890408.330377102,8.305794559419155121e-03,-4.889621213078498840e-02,3.073614239692687988e-01
1762890408.350036621,8.664455264806747437e-03,-4.857746511697769165e-02,3.156682848930358887e-01
1762890408.370199919,9.015589952468872070e-03,-4.824838787317276001e-02,3.241048753261566162e-01
1762890408.389978170,9.357362054288387299e-03,-4.791262745857238770e-02,3.326460421085357666e-01
1762890408.410097837,9.623529389500617981e-03,-4.793153330683708191e-02,3.392508924007415771e-01
1762890408.430062532,9.986762888729572296e-03,-4.734157025814056396e-02,3.493397831916809082e-01
1762890408.449062109,1.019732654094696045e-02,-4.757137224078178406e-02,3.547862768173217773e-01
1762890408.469117641,1.046288665384054184e-02,-4.706694185733795166e-02,3.628530204296112061e-01
1762890408.489032030,1.074885297566652298e-02,-4.671270027756690979e-02,3.718059360980987549e-01
1762890408.509057522,1.102155912667512894e-02,-4.634622856974601746e-02,3.809237778186798096e-01
1762890408.529081345,1.125046238303184509e-02,-4.618875682353973389e-02,3.888371288776397705e-01
1762890408.549045324,1.149848941713571548e-02,-4.578217118978500366e-02,3.983483910560607910e-01
1762890408.569112301,1.172184944152832031e-02,-4.543804749846458435e-02,4.075545966625213623e-01
1762890408.589064837,1.193386409431695938e-02,-4.504882171750068665e-02,4.171086847782135010e-01
1762890408.609154701,1.212976220995187759e-02,-4.465118423104286194e-02,4.267878830432891846e-01
1762890408.628973484,1.231273263692855835e-02,-4.420564696192741394e-02,4.368446767330169678e-01
1762890408.650040627,1.247342396527528763e-02,-4.383318871259689331e-02,4.465063810348510742e-01
1762890408.670093060,1.263015065342187881e-02,-4.325132444500923157e-02,4.575835168361663818e-01
1762890408.689043999,1.275781169533729553e-02,-4.294969886541366577e-02,4.668662846088409424e-01
1762890408.708918333,1.288230717182159424e-02,-4.235116392374038696e-02,4.781229794025421143e-01
1762890408.730100393,1.298798620700836182e-02,-4.188537970185279846e-02,4.885247647762298584e-01
1762890408.750302315,1.308049075305461884e-02,-4.148456081748008728e-02,4.984976351261138916e-01
1762890408.770003557,1.316303387284278870e-02,-4.105200245976448059e-02,5.086656808853149414e-01
1762890408.790054560,1.323595922440290451e-02,-4.061732441186904907e-02,5.188315510749816895e-01
1762890408.809444666,1.330040674656629562e-02,-4.018356278538703918e-02,5.289668440818786621e-01
1762890408.829270363,1.335740741342306137e-02,-3.974551707506179810e-02,5.391014814376831055e-01
1762890408.849095106,1.340855658054351807e-02,-3.932666033506393433e-02,5.490881204605102539e-01
1762890408.869231224,1.345465332269668579e-02,-3.890578076243400574e-02,5.590631365776062012e-01
1762890408.889479160,1.349672582000494003e-02,-3.849145025014877319e-02,5.689719915390014648e-01
1762890408.909116745,1.353568956255912781e-02,-3.808544576168060303e-02,5.788100957870483398e-01
1762890408.929220200,1.357722189277410507e-02,-3.785823658108711243e-02,5.874722599983215332e-01
1762890408.949077606,1.360786147415637970e-02,-3.731619939208030701e-02,5.981822609901428223e-01
1762890408.969290018,1.364298909902572632e-02,-3.697524219751358032e-02,6.075830459594726562e-01
1762890408.989174843,1.368158310651779175e-02,-3.677682951092720032e-02,6.160654425621032715e-01
1762890409.009130716,1.370892208069562912e-02,-3.623503074049949646e-02,6.268088221549987793e-01
1762890409.029001951,1.373273693025112152e-02,-3.595013543963432312e-02,6.340889930725097656e-01
1762890409.049035788,1.376616489142179489e-02,-3.564241901040077209e-02,6.433561444282531738e-01
1762890409.069099188,1.379828806966543198e-02,-3.532309457659721375e-02,6.527315974235534668e-01
1762890409.089281559,1.382931508123874664e-02,-3.501158580183982849e-02,6.620818972587585449e-01
1762890409.109076977,1.385864336043596268e-02,-3.470792993903160095e-02,6.713985800743103027e-01
1762890409.129038572,1.388557720929384232e-02,-3.441091999411582947e-02,6.806846261024475098e-01
1762890409.149045944,1.390932686626911163e-02,-3.411895409226417542e-02,6.899321675300598145e-01
1762890409.169233799,1.392902154475450516e-02,-3.383086249232292175e-02,6.991300582885742188e-01
1762890409.189228058,1.394391898065805435e-02,-3.354597464203834534e-02,7.082586288452148438e-01
1762890409.209095478,1.395323779433965683e-02,-3.326367959380149841e-02,7.172973155975341797e-01
1762890409.229040623,1.395614072680473328e-02,-3.298339247703552246e-02,7.262296080589294434e-01
1762890409.249021292,1.395186781883239746e-02,-3.270480409264564514e-02,7.350375652313232422e-01
1762890409.269122601,1.393981650471687317e-02,-3.242780640721321106e-02,7.437049746513366699e-01
1762890409.289034367,1.391947921365499496e-02,-3.215235099196434021e-02,7.522183656692504883e-01
1762890409.309111118,1.389040239155292511e-02,-3.187849372625350952e-02,7.605679631233215332e-01
1762890409.329035044,1.385225076228380203e-02,-3.160646185278892517e-02,7.687469124794006348e-01
1762890409.349034786,1.380482502281665802e-02,-3.133672475814819336e-02,7.767521739006042480e-01
1762890409.369074345,1.374806091189384460e-02,-3.106985613703727722e-02,7.845845222473144531e-01
1762890409.390058041,1.367889624089002609e-02,-3.077813610434532166e-02,7.924051284790039062e-01
1762890409.410263538,1.360694039613008499e-02,-3.054666891694068909e-02,7.997464537620544434e-01
1762890409.430204153,1.352380029857158661e-02,-3.029366210103034973e-02,8.070827126502990723e-01
1762890409.450053215,1.343268807977437973e-02,-3.004447184503078461e-02,8.142809867858886719e-01
1762890409.470069408,1.333447359502315521e-02,-2.980132959783077240e-02,8.213433623313903809e-01
1762890409.490084887,1.323002763092517853e-02,-2.956505864858627319e-02,8.282783627510070801e-01
1762890409.510081291,1.312025636434555054e-02,-2.933622710406780243e-02,8.350918889045715332e-01
1762890409.530190706,1.300617679953575134e-02,-2.911532483994960785e-02,8.417866826057434082e-01
1762890409.550080299,1.288886275142431259e-02,-2.890278957784175873e-02,8.483634591102600098e-01
1762890409.570045710,1.276932097971439362e-02,-2.869900129735469818e-02,8.548213243484497070e-01
1762890409.590162039,1.266446243971586227e-02,-2.846528775990009308e-02,8.600026965141296387e-01
1762890409.610261679,1.251131296157836914e-02,-2.807947620749473572e-02,8.671480417251586914e-01
1762890409.630018711,1.238937396556138992e-02,-2.789310365915298462e-02,8.732819557189941406e-01
1762890409.650105000,1.227084919810295105e-02,-2.772755362093448639e-02,8.792314529418945312e-01
1762890409.670091629,1.219928730279207230e-02,-2.784840390086174011e-02,8.838221430778503418e-01
1762890409.690316200,1.208708807826042175e-02,-2.771066501736640930e-02,8.895021677017211914e-01
1762890409.710044622,1.196462661027908325e-02,-2.749872766435146332e-02,8.954265713691711426e-01
1762890409.730113983,1.186525821685791016e-02,-2.741777338087558746e-02,9.006678462028503418e-01
1762890409.749998808,1.175946369767189026e-02,-2.728242054581642151e-02,9.060695767402648926e-01
1762890409.770138264,1.165588479489088058e-02,-2.714577317237854004e-02,9.113866090774536133e-01
1762890409.790011406,1.155445910990238190e-02,-2.700945548713207245e-02,9.166040420532226562e-01
1762890409.810007811,1.145470794290304184e-02,-2.687257155776023865e-02,9.217221736907958984e-01
1762890409.830197096,1.135610789060592651e-02,-2.673415467143058777e-02,9.267380833625793457e-01
1762890409.849123478,1.125808153301477432e-02,-2.659326978027820587e-02,9.316450953483581543e-01
1762890409.869075537,1.115917786955833435e-02,-2.644407376646995544e-02,9.364540576934814453e-01
1762890409.889027119,1.106121856719255447e-02,-2.630313113331794739e-02,9.410974383354187012e-01
1762890409.909965277,1.095746923238039017e-02,-2.612799406051635742e-02,9.457219839096069336e-01
1762890409.930029154,1.085924357175827026e-02,-2.599962428212165833e-02,9.500315785408020020e-01
1762890409.950229406,1.075551006942987442e-02,-2.584553323686122894e-02,9.542862772941589355e-01
1762890409.970018625,1.064902916550636292e-02,-2.568833902478218079e-02,9.584054946899414062e-01
1762890409.989973545,1.053984090685844421e-02,-2.553018741309642792e-02,9.623854756355285645e-01
1762890410.009333372,1.042384654283523560e-02,-2.534640207886695862e-02,9.663041234016418457e-01
1762890410.029086351,1.028502732515335083e-02,-2.488560974597930908e-02,9.700442552566528320e-01
1762890410.049128771,1.019447110593318939e-02,-2.505884133279323578e-02,9.735218882560729980e-01
1762890410.069232702,1.007343176752328873e-02,-2.490487508475780487e-02,9.769853353500366211e-01
1762890410.089051247,9.949671104550361633e-03,-2.475389465689659119e-02,9.803344011306762695e-01
1762890410.109015226,9.795758873224258423e-03,-2.427961863577365875e-02,9.836574792861938477e-01
1762890410.129070282,9.667911566793918610e-03,-2.413778379559516907e-02,9.867898225784301758e-01
1762890410.149278879,9.538751095533370972e-03,-2.400177717208862305e-02,9.898212552070617676e-01
1762890410.169029713,9.408676996827125549e-03,-2.387209795415401459e-02,9.927548766136169434e-01
1762890410.189057112,9.277981705963611603e-03,-2.374913543462753296e-02,9.955930709838867188e-01
1762890410.209154129,9.146919474005699158e-03,-2.363318763673305511e-02,9.983378052711486816e-01
1762890410.229110718,9.016266092658042908e-03,-2.352539263665676117e-02,1.000992417335510254e+00
1762890410.249099731,8.887126110494136810e-03,-2.342630177736282349e-02,1.003557443618774414e+00
1762890410.269112349,8.760094642639160156e-03,-2.333579771220684052e-02,1.006031990051269531e+00
1762890410.289126873,8.635607548058032990e-03,-2.325424738228321075e-02,1.008417963981628418e+00
1762890410.308979750,8.514180779457092285e-03,-2.318184077739715576e-02,1.010715484619140625e+00
1762890410.329086065,8.396119810640811920e-03,-2.311852946877479553e-02,1.012926936149597168e+00
1762890410.349141836,8.281704969704151154e-03,-2.306416258215904236e-02,1.015053749084472656e+00
1762890410.369276047,8.171115070581436157e-03,-2.301825955510139465e-02,1.017098546028137207e+00
1762890410.389125586,8.064399473369121552e-03,-2.298027649521827698e-02,1.019063830375671387e+00
1762890410.409134388,7.961615920066833496e-03,-2.294957451522350311e-02,1.020952224731445312e+00
1762890410.429041386,7.862695492804050446e-03,-2.292545698583126068e-02,1.022766590118408203e+00
1762890410.449367046,7.767343893647193909e-03,-2.290711924433708191e-02,1.024510025978088379e+00
1762890410.469195843,7.721745874732732773e-03,-2.320323698222637177e-02,1.025753140449523926e+00
1762890410.489141703,7.634395267814397812e-03,-2.321077696979045868e-02,1.027354478836059570e+00
1762890410.509188652,7.503238506615161896e-03,-2.290261909365653992e-02,1.029306054115295410e+00
1762890410.529069901,7.459405343979597092e-03,-2.318343520164489746e-02,1.030442833900451660e+00
1762890410.549019337,7.378424052149057388e-03,-2.319717407226562500e-02,1.031873822212219238e+00
1762890410.569171190,7.296378258615732193e-03,-2.319351397454738617e-02,1.033280968666076660e+00
1762890410.589154720,7.214555051177740097e-03,-2.318434603512287140e-02,1.034643530845642090e+00
1762890410.609125376,7.132393773645162582e-03,-2.316973358392715454e-02,1.035963296890258789e+00
1762890410.629106522,7.026121485978364944e-03,-2.283365838229656219e-02,1.037252664566040039e+00
1762890410.649039268,6.941642612218856812e-03,-2.280163019895553589e-02,1.038488626480102539e+00
1762890410.669158697,6.854831706732511520e-03,-2.275886759161949158e-02,1.039679169654846191e+00
1762890410.689097643,6.765157449990510941e-03,-2.270466275513172150e-02,1.040822029113769531e+00
1762890410.709061623,6.672137882560491562e-03,-2.263843454420566559e-02,1.041915535926818848e+00
1762890410.729215145,6.575585342943668365e-03,-2.256069332361221313e-02,1.042957663536071777e+00
1762890410.749258041,6.475543137639760971e-03,-2.247273549437522888e-02,1.043947219848632812e+00
1762890410.769071817,6.371970754116773605e-03,-2.237547934055328369e-02,1.044883966445922852e+00
1762890410.789188862,6.265014875680208206e-03,-2.227026224136352539e-02,1.045768380165100098e+00
1762890410.809427500,6.155409850180149078e-03,-2.215972170233726501e-02,1.046600580215454102e+00
1762890410.829089165,6.043924018740653992e-03,-2.204644121229648590e-02,1.047381758689880371e+00
1762890410.849035501,5.931063555181026459e-03,-2.193220146000385284e-02,1.048113822937011719e+00
1762890410.869125605,5.817372351884841919e-03,-2.181864529848098755e-02,1.048799157142639160e+00
1762890410.889080048,5.703440401703119278e-03,-2.170726284384727478e-02,1.049441218376159668e+00
1762890410.909142971,5.589827895164489746e-03,-2.159938402473926544e-02,1.050042510032653809e+00
1762890410.929084301,5.477077793329954147e-03,-2.149607799947261810e-02,1.050606727600097656e+00
1762890410.949100733,5.407093092799186707e-03,-2.166973985731601715e-02,1.051043152809143066e+00
1762890410.969140530,5.300036631524562836e-03,-2.159449458122253418e-02,1.051541566848754883e+00
1762890410.989176750,5.192841868847608566e-03,-2.151038311421871185e-02,1.052015662193298340e+00
1762890411.009342670,5.097393412142992020e-03,-2.149251848459243774e-02,1.052444458007812500e+00
1762890411.029227018,4.986908286809921265e-03,-2.136297151446342468e-02,1.052885770797729492e+00
1762890411.049118519,4.888369236141443253e-03,-2.129377797245979309e-02,1.053289532661437988e+00
1762890411.069258690,4.836183972656726837e-03,-2.152089402079582214e-02,1.053599596023559570e+00
1762890411.089083910,4.735109396278858185e-03,-2.139156311750411987e-02,1.053982615470886230e+00
1762890411.109143734,4.647830035537481308e-03,-2.133098058402538300e-02,1.054328083992004395e+00
1762890411.129064322,4.564789589494466782e-03,-2.127199061214923859e-02,1.054652333259582520e+00
1762890411.149238586,4.484411329030990601e-03,-2.106927894055843353e-02,1.054911732673645020e+00
1762890411.169055462,4.423710051923990250e-03,-2.112846262753009796e-02,1.055174231529235840e+00
1762890411.189074755,4.354977048933506012e-03,-2.110061235725879669e-02,1.055430650711059570e+00
1762890411.209204912,4.284153692424297333e-03,-2.103161066770553589e-02,1.055669546127319336e+00
1762890411.229232788,4.197241738438606262e-03,-2.080140821635723114e-02,1.055901646614074707e+00
1762890411.249143124,4.142918623983860016e-03,-2.082964591681957245e-02,1.056078433990478516e+00
1762890411.269068480,4.077250137925148010e-03,-2.074469812214374542e-02,1.056242823600769043e+00
1762890411.289103508,4.014609847217798233e-03,-2.067495323717594147e-02,1.056382775306701660e+00
1762890411.309263945,3.945287317037582397e-03,-2.053607627749443054e-02,1.056504130363464355e+00
1762890411.329114199,3.881738521158695221e-03,-2.044702135026454926e-02,1.056603193283081055e+00
1762890411.349108458,3.814200172200798988e-03,-2.032311446964740753e-02,1.056684017181396484e+00
1762890411.369057417,3.745262045413255692e-03,-2.019120752811431885e-02,1.056746006011962891e+00
1762890411.389051437,3.674709936603903770e-03,-2.005352079868316650e-02,1.056789994239807129e+00
1762890411.409069538,3.602328011766076088e-03,-1.991095393896102905e-02,1.056817173957824707e+00
1762890411.429197311,3.527847351506352425e-03,-1.976417936384677887e-02,1.056828975677490234e+00
1762890411.450082779,3.451208118349313736e-03,-1.961442455649375916e-02,1.056827187538146973e+00
1762890411.470063448,3.372422186657786369e-03,-1.946045085787773132e-02,1.056811928749084473e+00
1762890411.490075588,3.292767563834786415e-03,-1.931175403296947479e-02,1.056784152984619141e+00
1762890411.509099960,3.211423987522721291e-03,-1.916069164872169495e-02,1.056744098663330078e+00
1762890411.529091120,3.128735581412911415e-03,-1.900844089686870575e-02,1.056692242622375488e+00
1762890411.549124956,3.046074416488409042e-03,-1.886447146534919739e-02,1.056630015373229980e+00
1762890411.569120407,2.962784608826041222e-03,-1.872086711227893829e-02,1.056557059288024902e+00
1762890411.589209557,2.876252401620149612e-03,-1.842018216848373413e-02,1.056470155715942383e+00
1762890411.609173059,2.787119941785931587e-03,-1.823401637375354767e-02,1.056370735168457031e+00
1762890411.629141569,2.714061178267002106e-03,-1.817809045314788818e-02,1.056278705596923828e+00
1762890411.649296999,2.625896828249096870e-03,-1.799465715885162354e-02,1.056158661842346191e+00
1762890411.669091463,2.553537022322416306e-03,-1.793478988111019135e-02,1.056047201156616211e+00
1762890411.689002275,2.444802783429622650e-03,-1.756270974874496460e-02,1.055876255035400391e+00
1762890411.709118366,2.398166805505752563e-03,-1.770051382482051849e-02,1.055779695510864258e+00
1762890411.729234695,2.326022600755095482e-03,-1.761152967810630798e-02,1.055637001991271973e+00
1762890411.749123573,2.254654886201024055e-03,-1.751403324306011200e-02,1.055484533309936523e+00
1762890411.769032240,2.185808261856436729e-03,-1.742057316005229950e-02,1.055324554443359375e+00
1762890411.789111376,2.119681797921657562e-03,-1.733163930475711823e-02,1.055157303810119629e+00
1762890411.809351921,2.056378172710537910e-03,-1.724711619317531586e-02,1.054983854293823242e+00
1762890411.829100132,1.996230334043502808e-03,-1.716620288789272308e-02,1.054804563522338867e+00
1762890411.849132061,1.939587877131998539e-03,-1.708776503801345825e-02,1.054619669914245605e+00
1762890411.868963957,1.886600512079894543e-03,-1.701115071773529053e-02,1.054428696632385254e+00
1762890411.888994694,1.837495015934109688e-03,-1.693581417202949524e-02,1.054232001304626465e+00
1762890411.910002470,1.792301074601709843e-03,-1.686118729412555695e-02,1.054029941558837891e+00
1762890411.930093765,1.750552910380065441e-03,-1.678188517689704895e-02,1.053821563720703125e+00
1762890411.950267076,1.713563338853418827e-03,-1.671271212399005890e-02,1.053610444068908691e+00
1762890411.970145464,1.679709530435502529e-03,-1.663741096854209900e-02,1.053393244743347168e+00
1762890411.990130663,1.649334444664418697e-03,-1.656067371368408203e-02,1.053171873092651367e+00
1762890412.009960651,1.622095587663352489e-03,-1.648256927728652954e-02,1.052946805953979492e+00
1762890412.030176640,1.595549983903765678e-03,-1.637501083314418793e-02,1.052711367607116699e+00
1762890412.050210476,1.575652277097105980e-03,-1.632231473922729492e-02,1.052486658096313477e+00
1762890412.070066929,1.555980532430112362e-03,-1.624101772904396057e-02,1.052251935005187988e+00
1762890412.089944363,1.538187381811439991e-03,-1.615615002810955048e-02,1.052014350891113281e+00
1762890412.110044003,1.521954312920570374e-03,-1.606930978596210480e-02,1.051774859428405762e+00
1762890412.130310774,1.506817643530666828e-03,-1.598079688847064972e-02,1.051533579826354980e+00
1762890412.150014877,1.492469804361462593e-03,-1.589083299040794373e-02,1.051290750503540039e+00
1762890412.170018673,1.478576101362705231e-03,-1.579948700964450836e-02,1.051046252250671387e+00
1762890412.190135002,1.464836765080690384e-03,-1.570682972669601440e-02,1.050800204277038574e+00
1762890412.209046841,1.429919153451919556e-03,-1.524669025093317032e-02,1.050514698028564453e+00
1762890412.229077101,1.418432220816612244e-03,-1.520196348428726196e-02,1.050279378890991211e+00
1762890412.249241114,1.403165981173515320e-03,-1.510962005704641342e-02,1.050030469894409180e+00
1762890412.269164324,1.386592281050980091e-03,-1.501397229731082916e-02,1.049779653549194336e+00
1762890412.289096355,1.368629164062440395e-03,-1.491776201874017715e-02,1.049530863761901855e+00
1762890412.309087515,1.348751131445169449e-03,-1.482304092496633530e-02,1.049285650253295898e+00
1762890412.329485416,1.326704630628228188e-03,-1.473248936235904694e-02,1.049042344093322754e+00
1762890412.349083185,1.302473247051239014e-03,-1.464760396629571915e-02,1.048800230026245117e+00
1762890412.369091988,1.275951624847948551e-03,-1.456870697438716888e-02,1.048558950424194336e+00
1762890412.389122963,1.247126027010381222e-03,-1.449608337134122849e-02,1.048317551612854004e+00
1762890412.409276485,1.216084929183125496e-03,-1.443010289222002029e-02,1.048075437545776367e+00
1762890412.429285765,1.183092244900763035e-03,-1.437080465257167816e-02,1.047832727432250977e+00
1762890412.450012684,1.143998699262738228e-03,-1.426951121538877487e-02,1.047576427459716797e+00
1762890412.470107555,1.111420802772045135e-03,-1.427263300865888596e-02,1.047343373298645020e+00
1762890412.490168571,1.073333434760570526e-03,-1.423738710582256317e-02,1.047096610069274902e+00
1762890412.510106802,1.033600652590394020e-03,-1.420651469379663467e-02,1.046846866607666016e+00
1762890412.529996872,9.927866049110889435e-04,-1.418235339224338531e-02,1.046595096588134766e+00
1762890412.549106598,9.960110764950513840e-04,-1.462975144386291504e-02,1.046469926834106445e+00
1762890412.569140911,9.540987666696310043e-04,-1.461293175816535950e-02,1.046215057373046875e+00
1762890412.589345694,9.130603284575045109e-04,-1.460553240031003952e-02,1.045959353446960449e+00
1762890412.609065533,8.725132211111485958e-04,-1.459923293441534042e-02,1.045700669288635254e+00
1762890412.629046440,8.330328855663537979e-04,-1.459611300379037857e-02,1.045441389083862305e+00
1762890412.650088549,7.951603620313107967e-04,-1.459414325654506683e-02,1.045181989669799805e+00
1762890412.670125723,7.588509470224380493e-04,-1.458835043013095856e-02,1.044921875000000000e+00
1762890412.690257549,7.248281617648899555e-04,-1.458410639315843582e-02,1.044661879539489746e+00
1762890412.710048914,6.924901972524821758e-04,-1.457264367491006851e-02,1.044399738311767578e+00
1762890412.730074167,6.620077765546739101e-04,-1.455490756779909134e-02,1.044136524200439453e+00
1762890412.750133038,6.371825002133846283e-04,-1.450112648308277130e-02,1.043928503990173340e+00
1762890412.770044327,6.004532333463430405e-04,-1.436196733266115189e-02,1.043633341789245605e+00
1762890412.790062189,5.732600693590939045e-04,-1.431328989565372467e-02,1.043366312980651855e+00
1762890412.810164928,5.474011413753032684e-04,-1.426120009273290634e-02,1.043101549148559570e+00
1762890412.830049038,5.219067097641527653e-04,-1.419974491000175476e-02,1.042838573455810547e+00
1762890412.850034714,5.020836833864450455e-04,-1.426884252578020096e-02,1.042554974555969238e+00
1762890412.870028257,4.760776355396956205e-04,-1.418847125023603439e-02,1.042295336723327637e+00
1762890412.890199900,4.437163297552615404e-04,-1.396120619028806686e-02,1.042059183120727539e+00
1762890412.910027504,4.278435371816158295e-04,-1.402175612747669220e-02,1.041843891143798828e+00
1762890412.929988146,3.998346510343253613e-04,-1.393176801502704620e-02,1.041591405868530273e+00
1762890412.950171471,3.698627115227282047e-04,-1.382761355489492416e-02,1.041337966918945312e+00
1762890412.970100164,3.384044102858752012e-04,-1.371936220675706863e-02,1.041086077690124512e+00
1762890412.990102768,3.055292181670665741e-04,-1.360926777124404907e-02,1.040835499763488770e+00
1762890413.010116816,2.714343718253076077e-04,-1.349856611341238022e-02,1.040585994720458984e+00
1762890413.030306816,2.362694067414849997e-04,-1.338830683380365372e-02,1.040336608886718750e+00
1762890413.050135374,2.000118838623166084e-04,-1.327685080468654633e-02,1.040086269378662109e+00
1762890413.070226192,1.499616191722452641e-04,-1.301079615950584412e-02,1.039796352386474609e+00
1762890413.090075731,1.256007089978083968e-04,-1.306029316037893295e-02,1.039583802223205566e+00
1762890413.110053301,8.876368519850075245e-05,-1.296861004084348679e-02,1.039334535598754883e+00
1762890413.130085707,5.109288758831098676e-05,-1.287133712321519852e-02,1.039082527160644531e+00
1762890413.150138140,3.898064164786774199e-07,-1.262341905385255814e-02,1.038790583610534668e+00
1762890413.169119596,-2.522377690183930099e-05,-1.266734022647142410e-02,1.038571000099182129e+00
1762890413.189190149,-5.994747334625571966e-05,-1.260200049728155136e-02,1.038321971893310547e+00
1762890413.209068537,-1.056705368682742119e-04,-1.240100245922803879e-02,1.038036704063415527e+00
1762890413.229104280,-1.404861686751246452e-04,-1.231704093515872955e-02,1.037780284881591797e+00
1762890413.249115229,-1.634197687963023782e-04,-1.236278936266899109e-02,1.037556648254394531e+00
1762890413.269135475,-2.068226604023948312e-04,-1.215080451220273972e-02,1.037265896797180176e+00
1762890413.289194822,-2.564270980656147003e-04,-1.176477503031492233e-02,1.036992073059082031e+00
1762890413.309099913,-2.592631790321320295e-04,-1.200961414724588394e-02,1.036819577217102051e+00
1762890413.329100370,-2.835492778103798628e-04,-1.196240726858377457e-02,1.036574482917785645e+00
1762890413.349196911,-3.067112993448972702e-04,-1.189825311303138733e-02,1.036326408386230469e+00
1762890413.369157076,-3.272112226113677025e-04,-1.183305028825998306e-02,1.036081314086914062e+00
1762890413.390234470,-3.449915384408086538e-04,-1.176852919161319733e-02,1.035840988159179688e+00
1762890413.410103798,-3.602528595365583897e-04,-1.170029304921627045e-02,1.035603642463684082e+00
1762890413.430104017,-3.720464883372187614e-04,-1.164197921752929688e-02,1.035371899604797363e+00
1762890413.450331450,-3.817951946984976530e-04,-1.157733984291553497e-02,1.035141587257385254e+00
1762890413.470031023,-3.893657703883945942e-04,-1.151092350482940674e-02,1.034913063049316406e+00
1762890413.489062548,-3.951177059207111597e-04,-1.143779233098030090e-02,1.034685254096984863e+00
1762890413.509371281,-3.985032963100820780e-04,-1.137281302362680435e-02,1.034461021423339844e+00
1762890413.529048681,-4.007399547845125198e-04,-1.130033377557992935e-02,1.034236431121826172e+00
1762890413.549012184,-4.017456376459449530e-04,-1.122515182942152023e-02,1.034012675285339355e+00
1762890413.569254160,-4.017565224785357714e-04,-1.114739757031202316e-02,1.033789992332458496e+00
1762890413.589044571,-4.009016556665301323e-04,-1.106685120612382889e-02,1.033568382263183594e+00
1762890413.609024763,-3.998064785264432430e-04,-1.098421774804592133e-02,1.033348202705383301e+00
1762890413.629139423,-3.989660181105136871e-04,-1.090072095394134521e-02,1.033129096031188965e+00
1762890413.649290085,-3.985863004345446825e-04,-1.081702392548322678e-02,1.032910227775573730e+00
1762890413.669070482,-3.989639808423817158e-04,-1.073357649147510529e-02,1.032691359519958496e+00
1762890413.689100742,-4.004562797490507364e-04,-1.065093651413917542e-02,1.032472729682922363e+00
1762890413.709261894,-4.032592987641692162e-04,-1.056984718888998032e-02,1.032254338264465332e+00
1762890413.729303122,-4.250089405104517937e-04,-1.017838623374700546e-02,1.032017230987548828e+00
1762890413.749197006,-4.307090421207249165e-04,-1.010199543088674545e-02,1.031799077987670898e+00
1762890413.769167900,-4.380170721560716629e-04,-1.002860907465219498e-02,1.031581163406372070e+00
1762890413.789084435,-4.292480007279664278e-04,-1.027085073292255402e-02,1.031383872032165527e+00
1762890413.808981657,-4.577432409860193729e-04,-9.892526082694530487e-03,1.031149148941040039e+00
1762890413.829251766,-4.698243574239313602e-04,-9.830394759774208069e-03,1.030935525894165039e+00
1762890413.849068642,-4.831159603781998158e-04,-9.772561490535736084e-03,1.030723333358764648e+00
1762890413.869062901,-4.975670017302036285e-04,-9.719304740428924561e-03,1.030512332916259766e+00
1762890413.889102697,-5.131501238793134689e-04,-9.670701809227466583e-03,1.030305266380310059e+00
1762890413.909039259,-5.293671274557709694e-04,-9.627720341086387634e-03,1.030103683471679688e+00
1762890413.929022074,-5.495030200108885765e-04,-9.533625096082687378e-03,1.029894232749938965e+00
1762890413.949112415,-5.608426872640848160e-04,-9.561699815094470978e-03,1.029712677001953125e+00
1762890413.969176531,-5.752437864430248737e-04,-9.539877995848655701e-03,1.029522895812988281e+00
1762890413.989361048,-5.887647275812923908e-04,-9.520285762846469879e-03,1.029335260391235352e+00
1762890414.009037495,-6.009425269439816475e-04,-9.506216272711753845e-03,1.029149532318115234e+00
1762890414.029092073,-6.115274154581129551e-04,-9.497864171862602234e-03,1.028965234756469727e+00
1762890414.049014330,-6.203135708346962929e-04,-9.495080448687076569e-03,1.028782844543457031e+00
1762890414.069067240,-6.270459853112697601e-04,-9.497771039605140686e-03,1.028602480888366699e+00
1762890414.089095831,-6.315960199572145939e-04,-9.504996240139007568e-03,1.028423309326171875e+00
1762890414.109205246,-6.339633837342262268e-04,-9.515506215393543243e-03,1.028244137763977051e+00
1762890414.130033731,-6.368195754475891590e-04,-9.483473375439643860e-03,1.028055429458618164e+00
1762890414.150142908,-6.322676199488341808e-04,-9.543343447148799896e-03,1.027884960174560547e+00
1762890414.170121193,-6.279150256887078285e-04,-9.562863036990165710e-03,1.027705550193786621e+00
1762890414.190273762,-6.214894820004701614e-04,-9.580690413713455200e-03,1.027525186538696289e+00
1762890414.210052729,-6.132310372777283192e-04,-9.598555974662303925e-03,1.027344465255737305e+00
1762890414.230092764,-6.033713580109179020e-04,-9.616128169000148773e-03,1.027163147926330566e+00
1762890414.249089241,-5.720060435123741627e-04,-1.006544940173625946e-02,1.027072429656982422e+00
1762890414.269114017,-5.691042169928550720e-04,-9.944855235517024994e-03,1.026907444000244141e+00
1762890414.289076567,-5.560324643738567829e-04,-9.961448609828948975e-03,1.026725411415100098e+00
1762890414.309271574,-5.421507521532475948e-04,-9.975282475352287292e-03,1.026543498039245605e+00
1762890414.330138445,-5.276997108012437820e-04,-9.987316094338893890e-03,1.026363730430603027e+00
1762890414.350088835,-5.037476657889783382e-04,-1.014025416225194931e-02,1.026172637939453125e+00
1762890414.370273829,-4.902775981463491917e-04,-1.014589238911867142e-02,1.025999188423156738e+00
1762890414.390047789,-4.878048202954232693e-04,-9.997952729463577271e-03,1.025840401649475098e+00
1762890414.410192251,-4.782911564689129591e-04,-9.987345896661281586e-03,1.025669574737548828e+00
1762890414.429159164,-4.715769900940358639e-04,-9.968316182494163513e-03,1.025500416755676270e+00
1762890414.449063063,-4.685824969783425331e-04,-9.935406967997550964e-03,1.025331974029541016e+00
1762890414.470081329,-4.691890499088913202e-04,-9.898162446916103363e-03,1.025166392326354980e+00
1762890414.489058971,-4.735836118925362825e-04,-9.856285527348518372e-03,1.025003194808959961e+00
1762890414.509043217,-4.831299593206495047e-04,-9.794099256396293640e-03,1.024841189384460449e+00
1762890414.529003859,-4.965921980328857899e-04,-9.732719510793685913e-03,1.024684309959411621e+00
1762890414.549093246,-5.150016513653099537e-04,-9.654241614043712616e-03,1.024528026580810547e+00
1762890414.569054604,-5.370435537770390511e-04,-9.574885480105876923e-03,1.024374485015869141e+00
1762890414.589194536,-5.621597520075738430e-04,-9.495919570326805115e-03,1.024223327636718750e+00
1762890414.609090805,-5.903989658690989017e-04,-9.408469311892986298e-03,1.024072051048278809e+00
1762890414.629036427,-6.208230042830109596e-04,-9.319076314568519592e-03,1.023920416831970215e+00
1762890414.649051189,-6.529074744321405888e-04,-9.229199960827827454e-03,1.023768305778503418e+00
1762890414.669215441,-6.860350258648395538e-04,-9.139928966760635376e-03,1.023615002632141113e+00
1762890414.688996553,-7.197193335741758347e-04,-9.052115492522716522e-03,1.023460149765014648e+00
1762890414.709128380,-7.534525939263403416e-04,-8.966481313109397888e-03,1.023303627967834473e+00
1762890414.729122639,-7.866514497436583042e-04,-8.883686736226081848e-03,1.023145318031311035e+00
1762890414.749194145,-8.188174688257277012e-04,-8.804263547062873840e-03,1.022985219955444336e+00
1762890414.769070148,-8.496138034388422966e-04,-8.728628046810626984e-03,1.022823691368103027e+00
1762890414.790058374,-8.790350984781980515e-04,-8.652459830045700073e-03,1.022660613059997559e+00
1762890414.810173750,-9.054415277205407619e-04,-8.591013960540294647e-03,1.022499442100524902e+00
1762890414.829364061,-9.315507486462593079e-04,-8.506216108798980713e-03,1.022333025932312012e+00
1762890414.849089384,-9.512132965028285980e-04,-8.470540866255760193e-03,1.022174358367919922e+00
1762890414.869060040,-9.693969623185694218e-04,-8.418638259172439575e-03,1.022011518478393555e+00
1762890414.889063597,-1.003580167889595032e-03,-8.062116801738739014e-03,1.021831154823303223e+00
1762890414.909212589,-1.014663372188806534e-03,-8.018679916858673096e-03,1.021669149398803711e+00
1762890414.929117918,-1.021962496452033520e-03,-7.979899644851684570e-03,1.021509766578674316e+00
1762890414.949430943,-1.025521312840282917e-03,-7.945210672914981842e-03,1.021352529525756836e+00
1762890414.969110012,-1.025289064273238182e-03,-7.914355956017971039e-03,1.021197915077209473e+00
1762890414.990083694,-1.004269463010132313e-03,-8.172912523150444031e-03,1.021059274673461914e+00
1762890415.010189533,-1.013173256069421768e-03,-7.862739264965057373e-03,1.020896315574645996e+00
1762890415.030582428,-1.001030206680297852e-03,-7.844695821404457092e-03,1.020750761032104492e+00
1762890415.050059319,-9.852224029600620270e-04,-7.826597429811954498e-03,1.020608305931091309e+00
1762890415.070133924,-9.661073563620448112e-04,-7.810533512383699417e-03,1.020469188690185547e+00
1762890415.090112686,-9.439715649932622910e-04,-7.796329446136951447e-03,1.020333290100097656e+00
1762890415.110204458,-9.189836564473807812e-04,-7.783779408782720566e-03,1.020200610160827637e+00
1762890415.129139185,-8.778418414294719696e-04,-8.228790014982223511e-03,1.020141363143920898e+00
1762890415.149176598,-8.489814936183393002e-04,-8.216221816837787628e-03,1.020013213157653809e+00
1762890415.169127941,-8.174177492037415504e-04,-8.209604769945144653e-03,1.019888520240783691e+00
1762890415.190080881,-7.844728534109890461e-04,-8.190865628421306610e-03,1.019763946533203125e+00
1762890415.210091352,-7.505126413889229298e-04,-8.194407448172569275e-03,1.019644975662231445e+00
1762890415.230269670,-7.169974851422011852e-04,-8.188473060727119446e-03,1.019526243209838867e+00
1762890415.250062227,-6.846070755273103714e-04,-8.180912584066390991e-03,1.019408702850341797e+00
1762890415.269134045,-6.545495707541704178e-04,-8.158721961081027985e-03,1.019290089607238770e+00
1762890415.289174080,-6.265048868954181671e-04,-8.157981559634208679e-03,1.019174933433532715e+00
1762890415.309331894,-6.025379407219588757e-04,-8.119638077914714813e-03,1.019054889678955078e+00
1762890415.329193354,-5.816618213430047035e-04,-8.101233281195163727e-03,1.018937587738037109e+00
1762890415.349281549,-5.637722788378596306e-04,-8.108234964311122894e-03,1.018822908401489258e+00
1762890415.369232893,-5.560454446822404861e-04,-7.972625084221363068e-03,1.018686413764953613e+00
1762890415.389111280,-5.432047182694077492e-04,-8.050180040299892426e-03,1.018580198287963867e+00
1762890415.409127235,-5.483038257807493210e-04,-7.884173654019832611e-03,1.018466353416442871e+00
1762890415.429057598,-5.497374222613871098e-04,-7.847765460610389709e-03,1.018341302871704102e+00
1762890415.449083090,-5.567053449340164661e-04,-7.806070614606142044e-03,1.018216013908386230e+00
1762890415.469093800,-5.687937373295426369e-04,-7.760276086628437042e-03,1.018090963363647461e+00
1762890415.489155769,-5.849787849001586437e-04,-7.711403071880340576e-03,1.017965793609619141e+00
1762890415.509084702,-6.047160713933408260e-04,-7.659960072487592697e-03,1.017840266227722168e+00
1762890415.529063225,-6.276842905208468437e-04,-7.606321945786476135e-03,1.017714023590087891e+00
1762890415.549059391,-6.536072469316422939e-04,-7.550717331469058990e-03,1.017588853836059570e+00
1762890415.569054604,-6.815631641075015068e-04,-7.493949029594659805e-03,1.017465591430664062e+00
1762890415.589054585,-7.102291565388441086e-04,-7.437002845108509064e-03,1.017343759536743164e+00
1762890415.609100342,-7.387957884930074215e-04,-7.380477618426084518e-03,1.017223000526428223e+00
1762890415.629165411,-7.666262099519371986e-04,-7.324841339141130447e-03,1.017103314399719238e+00
1762890415.649076462,-7.930818828754127026e-04,-7.270516827702522278e-03,1.016984462738037109e+00
1762890415.669085503,-8.176127448678016663e-04,-7.217844948172569275e-03,1.016866326332092285e+00
1762890415.689008951,-8.397392812184989452e-04,-7.167075760662555695e-03,1.016749262809753418e+00
1762890415.709131718,-8.590415818616747856e-04,-7.118546869605779648e-03,1.016633272171020508e+00
1762890415.729130983,-8.750479901209473610e-04,-7.072573993355035782e-03,1.016518235206604004e+00
1762890415.749046564,-8.872919133864343166e-04,-7.029359228909015656e-03,1.016403913497924805e+00
1762890415.770150423,-8.957787649706006050e-04,-6.984403822571039200e-03,1.016290068626403809e+00
1762890415.790223360,-8.992563816718757153e-04,-6.952511612325906754e-03,1.016178369522094727e+00
1762890415.809999466,-8.985001477412879467e-04,-6.918556988239288330e-03,1.016067028045654297e+00
1762890415.829982996,-8.929562172852456570e-04,-6.887460593134164810e-03,1.015956640243530273e+00
1762890415.849503994,-8.822486270219087601e-04,-6.859572138637304306e-03,1.015846729278564453e+00
1762890415.869027376,-8.854623883962631226e-04,-6.518178153783082962e-03,1.015723347663879395e+00
1762890415.889081955,-8.651275420561432838e-04,-6.507911719381809235e-03,1.015616178512573242e+00
1762890415.909094095,-8.451676694676280022e-04,-6.396596785634756088e-03,1.015495896339416504e+00
1762890415.929198742,-8.151078945957124233e-04,-6.472484208643436432e-03,1.015399575233459473e+00
1762890415.949192047,-7.852789713069796562e-04,-6.464153993874788284e-03,1.015292286872863770e+00
1762890415.969123602,-7.534850155934691429e-04,-6.452798843383789062e-03,1.015185594558715820e+00
1762890415.989125013,-7.207231828942894936e-04,-6.443153135478496552e-03,1.015079975128173828e+00
1762890416.009275436,-6.875902181491255760e-04,-6.435425952076911926e-03,1.014974236488342285e+00
1762890416.030005932,-6.558003369718790054e-04,-6.383875850588083267e-03,1.014862537384033203e+00
1762890416.049062967,-6.106322980485856533e-04,-6.873001344501972198e-03,1.014822483062744141e+00
1762890416.068987370,-5.788548151031136513e-04,-6.870197132229804993e-03,1.014717459678649902e+00
1762890416.089172363,-5.482381093315780163e-04,-6.871173623949289322e-03,1.014612913131713867e+00
1762890416.109020472,-5.192559328861534595e-04,-6.870947312563657761e-03,1.014508605003356934e+00
1762890416.128939390,-4.921003128401935101e-04,-6.872147787362337112e-03,1.014406204223632812e+00
1762890416.149048328,-4.671903152484446764e-04,-6.874152459204196930e-03,1.014306545257568359e+00
1762890416.169029951,-4.451933491509407759e-04,-6.875572260469198227e-03,1.014209508895874023e+00
1762890416.189038277,-4.265916650183498859e-04,-6.875648163259029388e-03,1.014114379882812500e+00
1762890416.209063768,-4.117802309338003397e-04,-6.873828358948230743e-03,1.014021039009094238e+00
1762890416.229016066,-4.011199634987860918e-04,-6.869530305266380310e-03,1.013929367065429688e+00
1762890416.249175787,-3.950154641643166542e-04,-6.862306036055088043e-03,1.013839483261108398e+00
1762890416.269115686,-3.937433357350528240e-04,-6.851808633655309677e-03,1.013751268386840820e+00
1762890416.289081097,-3.976308216806501150e-04,-6.837707012891769409e-03,1.013664841651916504e+00
1762890416.309303284,-4.071266448590904474e-04,-6.819728761911392212e-03,1.013580679893493652e+00
1762890416.330058575,-4.216980305500328541e-04,-6.797975860536098480e-03,1.013498187065124512e+00
1762890416.350097418,-4.406099324114620686e-04,-6.770530249923467636e-03,1.013416528701782227e+00
1762890416.370142221,-4.627033777069300413e-04,-6.744875572621822357e-03,1.013335704803466797e+00
1762890416.390003204,-4.882212961092591286e-04,-6.713610142469406128e-03,1.013255238533020020e+00
1762890416.411211729,-5.167278577573597431e-04,-6.679123733192682266e-03,1.013175725936889648e+00
1762890416.429244518,-5.536957178264856339e-04,-6.496337242424488068e-03,1.013099908828735352e+00
1762890416.448982716,-5.843262770213186741e-04,-6.463543977588415146e-03,1.013020873069763184e+00
1762890416.469106674,-6.153525318950414658e-04,-6.424707360565662384e-03,1.012940526008605957e+00
1762890416.489153862,-6.457343115471303463e-04,-6.384946405887603760e-03,1.012859463691711426e+00
1762890416.509084940,-6.748236482962965965e-04,-6.344933062791824341e-03,1.012777447700500488e+00
1762890416.528992176,-7.021227502264082432e-04,-6.304990965873003006e-03,1.012694478034973145e+00
1762890416.549962044,-7.289736531674861908e-04,-6.243570242077112198e-03,1.012608170509338379e+00
1762890416.570084810,-7.491984870284795761e-04,-6.226483732461929321e-03,1.012524962425231934e+00
1762890416.590021610,-7.678405381739139557e-04,-6.190076936036348343e-03,1.012438416481018066e+00
1762890416.610200882,-7.829540409147739410e-04,-6.153574679046869278e-03,1.012350559234619141e+00
1762890416.630031586,-7.940515642985701561e-04,-6.118356715887784958e-03,1.012261271476745605e+00
1762890416.650065899,-8.008194272406399250e-04,-6.084595341235399246e-03,1.012170791625976562e+00
1762890416.671130896,-8.030313183553516865e-04,-6.052410230040550232e-03,1.012079119682312012e+00
1762890416.689078808,-8.006574935279786587e-04,-6.017315201461315155e-03,1.011986732482910156e+00
1762890416.709074974,-7.930044666863977909e-04,-5.993750412017107010e-03,1.011896133422851562e+00
1762890416.729044199,-7.812327239662408829e-04,-5.966791883111000061e-03,1.011806249618530273e+00
1762890416.749045610,-7.652108324691653252e-04,-5.941232666373252869e-03,1.011716842651367188e+00
1762890416.769048691,-7.449689437635242939e-04,-5.917374975979328156e-03,1.011627912521362305e+00
1762890416.789128304,-7.204441935755312443e-04,-5.895130801945924759e-03,1.011541128158569336e+00
1762890416.809083939,-6.927209906280040741e-04,-5.874427501112222672e-03,1.011458396911621094e+00
1762890416.829280615,-6.630366551689803600e-04,-5.855487193912267685e-03,1.011379837989807129e+00
1762890416.849029064,-6.319263484328985214e-04,-5.838519427925348282e-03,1.011304974555969238e+00
1762890416.868989229,-5.999028799124062061e-04,-5.823625717312097549e-03,1.011233329772949219e+00
1762890416.889092445,-5.772557924501597881e-04,-5.744644440710544586e-03,1.011175036430358887e+00
1762890416.909340620,-5.323439836502075195e-04,-5.921208765357732773e-03,1.011110424995422363e+00
1762890416.929201603,-4.997053765691816807e-04,-5.941436626017093658e-03,1.011048316955566406e+00
1762890416.949120998,-4.857856838498264551e-04,-5.565216764807701111e-03,1.010967373847961426e+00
1762890416.969164133,-4.388225497677922249e-04,-5.928223486989736557e-03,1.010923266410827637e+00
1762890416.990465403,-4.104953550267964602e-04,-5.932037252932786942e-03,1.010862112045288086e+00
1762890417.010110855,-4.038280167151242495e-04,-5.508415866643190384e-03,1.010777831077575684e+00
1762890417.030287027,-3.604617377277463675e-04,-5.933017935603857040e-03,1.010738492012023926e+00
1762890417.050074577,-3.388479817658662796e-04,-5.946707911789417267e-03,1.010677456855773926e+00
1762890417.070048094,-3.202299994882196188e-04,-5.954485386610031128e-03,1.010615587234497070e+00
1762890417.090106964,-3.164668451063334942e-04,-5.766593385487794876e-03,1.010551095008850098e+00
1762890417.108994246,-3.016812552232295275e-04,-5.828226916491985321e-03,1.010493516921997070e+00
1762890417.129112005,-2.922436979133635759e-04,-5.838450975716114044e-03,1.010431170463562012e+00
1762890417.149150372,-2.884143905248492956e-04,-5.801542662084102631e-03,1.010364055633544922e+00
1762890417.169265270,-2.831314632203429937e-04,-5.861543118953704834e-03,1.010304808616638184e+00
1762890417.189113379,-3.013011009898036718e-04,-5.587838124483823776e-03,1.010212659835815430e+00
1762890417.208983898,-2.897963568102568388e-04,-5.859935656189918518e-03,1.010170340538024902e+00
1762890417.229140520,-2.977793046738952398e-04,-5.875895265489816666e-03,1.010102510452270508e+00
1762890417.249145031,-3.109808603767305613e-04,-5.872666835784912109e-03,1.010032892227172852e+00
1762890417.269148350,-3.281535464338958263e-04,-5.864259786903858185e-03,1.009964227676391602e+00
1762890417.289095640,-3.482713655102998018e-04,-5.852946545928716660e-03,1.009897708892822266e+00
1762890417.308985472,-3.703925758600234985e-04,-5.839538760483264923e-03,1.009832978248596191e+00
1762890417.329197884,-3.939105372410267591e-04,-5.823654588311910629e-03,1.009768605232238770e+00
1762890417.349240303,-4.184783319942653179e-04,-5.805131513625383377e-03,1.009704351425170898e+00
1762890417.369103193,-4.437398165464401245e-04,-5.783908069133758545e-03,1.009640336036682129e+00
1762890417.389213562,-4.691679496318101883e-04,-5.760220810770988464e-03,1.009576439857482910e+00
1762890417.409345150,-4.942913656122982502e-04,-5.734459497034549713e-03,1.009512782096862793e+00
1762890417.429104567,-5.187605274841189384e-04,-5.706808995455503464e-03,1.009449243545532227e+00
1762890417.449061632,-5.422430695034563541e-04,-5.677319597452878952e-03,1.009385943412780762e+00
1762890417.469134569,-5.645235651172697544e-04,-5.646021571010351181e-03,1.009323835372924805e+00
1762890417.489263535,-5.851408932358026505e-04,-5.614086054265499115e-03,1.009263277053833008e+00
1762890417.509097099,-6.229093996807932854e-04,-5.275192670524120331e-03,1.009190797805786133e+00
1762890417.529063702,-6.384314619936048985e-04,-5.245020613074302673e-03,1.009130716323852539e+00
1762890417.549171925,-6.509335944429039955e-04,-5.216845776885747910e-03,1.009070873260498047e+00
1762890417.569072962,-6.601208588108420372e-04,-5.191135220229625702e-03,1.009011030197143555e+00
1762890417.589104176,-6.657110643573105335e-04,-5.168248433619737625e-03,1.008951306343078613e+00
1762890417.609080791,-6.673529278486967087e-04,-5.148368421941995621e-03,1.008893251419067383e+00
1762890417.630089760,-6.472825189121067524e-04,-5.440515000373125076e-03,1.008848547935485840e+00
1762890417.650409222,-6.600319175049662590e-04,-5.113485269248485565e-03,1.008779406547546387e+00
1762890417.670068741,-6.502617616206407547e-04,-5.121889524161815643e-03,1.008723616600036621e+00
1762890417.690068483,-6.374589283950626850e-04,-5.127112381160259247e-03,1.008666992187500000e+00
1762890417.710087299,-6.208671838976442814e-04,-5.139974877238273621e-03,1.008611440658569336e+00
1762890417.730091810,-6.009815842844545841e-04,-5.160115659236907959e-03,1.008557438850402832e+00
1762890417.750037432,-5.687375669367611408e-04,-5.471154581755399704e-03,1.008528351783752441e+00
1762890417.770135641,-5.521802813746035099e-04,-5.295253358781337738e-03,1.008457541465759277e+00
1762890417.790150642,-5.203341715969145298e-04,-5.539597943425178528e-03,1.008421421051025391e+00
1762890417.810274363,-4.937484045512974262e-04,-5.589842796325683594e-03,1.008368253707885742e+00
1762890417.830073357,-4.678264376707375050e-04,-5.581234116107225418e-03,1.008310198783874512e+00
1762890417.850132465,-4.387110529933124781e-04,-5.674913991242647171e-03,1.008261561393737793e+00
1762890417.870149851,-4.114549665246158838e-04,-5.721794907003641129e-03,1.008209824562072754e+00
1762890417.890029192,-3.855978138744831085e-04,-5.764035508036613464e-03,1.008157372474670410e+00
1762890417.910138369,-3.616166359279304743e-04,-5.803303793072700500e-03,1.008104443550109863e+00
1762890417.930104733,-3.400387358851730824e-04,-5.838699638843536377e-03,1.008050680160522461e+00
1762890417.950021744,-3.213848394807428122e-04,-5.869224201887845993e-03,1.007995843887329102e+00
1762890417.969097376,-3.226008848287165165e-04,-5.584449507296085358e-03,1.007928729057312012e+00
1762890417.989166975,-2.948072215076535940e-04,-5.912980530411005020e-03,1.007883667945861816e+00
1762890418.009373903,-2.875127247534692287e-04,-5.924729164689779282e-03,1.007826566696166992e+00
1762890418.029170990,-3.014511894434690475e-04,-5.626872647553682327e-03,1.007757902145385742e+00
1762890418.049079418,-3.033184329979121685e-04,-5.623106844723224640e-03,1.007699251174926758e+00
1762890418.069134474,-2.924964937847107649e-04,-5.916018970310688019e-03,1.007652878761291504e+00
1762890418.089071035,-3.035138652194291353e-04,-5.898918490856885910e-03,1.007596850395202637e+00
1762890418.109101057,-3.367753815837204456e-04,-5.570206325501203537e-03,1.007530570030212402e+00
1762890418.129049778,-3.555995645001530647e-04,-5.541959777474403381e-03,1.007476687431335449e+00
1762890418.149141788,-3.774653596337884665e-04,-5.510122980922460556e-03,1.007425308227539062e+00
1762890418.169086695,-4.013314901385456324e-04,-5.476783029735088348e-03,1.007375717163085938e+00
1762890418.189035654,-4.265506577212363482e-04,-5.442842375487089157e-03,1.007328033447265625e+00
1762890418.209150791,-4.523523384705185890e-04,-5.410066340118646622e-03,1.007282495498657227e+00
1762890418.229007721,-4.776575660798698664e-04,-5.380784161388874054e-03,1.007237911224365234e+00
1762890418.249021053,-5.016503273509442806e-04,-5.356434732675552368e-03,1.007193088531494141e+00
1762890418.269025087,-5.237039295025169849e-04,-5.337740760296583176e-03,1.007148265838623047e+00
1762890418.289372683,-5.432040779851377010e-04,-5.325384903699159622e-03,1.007102966308593750e+00
1762890418.309091568,-5.595702095888555050e-04,-5.320161115378141403e-03,1.007057189941406250e+00
1762890418.329138994,-5.722087225876748562e-04,-5.322724580764770508e-03,1.007010817527770996e+00
1762890418.349312782,-5.808034329675137997e-04,-5.333199631422758102e-03,1.006963610649108887e+00
1762890418.369055986,-5.851297173649072647e-04,-5.351560190320014954e-03,1.006915450096130371e+00
1762890418.388986349,-5.848911823704838753e-04,-5.377936642616987228e-03,1.006866574287414551e+00
1762890418.410057783,-5.801043007522821426e-04,-5.403653252869844437e-03,1.006816983222961426e+00
1762890418.430420399,-5.694940336979925632e-04,-5.456109996885061264e-03,1.006770491600036621e+00
1762890418.450073481,-5.553177907131612301e-04,-5.503594409674406052e-03,1.006724596023559570e+00
1762890418.470104218,-5.373424501158297062e-04,-5.555008538067340851e-03,1.006679177284240723e+00
1762890418.490139723,-5.160928121767938137e-04,-5.609594285488128662e-03,1.006634831428527832e+00
1762890418.509032488,-4.783805925399065018e-04,-6.089196074753999710e-03,1.006622552871704102e+00
1762890418.529118061,-4.646076122298836708e-04,-5.986755248159170151e-03,1.006579041481018066e+00
1762890418.549108744,-4.278677224647253752e-04,-6.200827658176422119e-03,1.006535410881042480e+00
1762890418.569304705,-4.113126487936824560e-04,-6.109775509685277939e-03,1.006493091583251953e+00
1762890418.589093208,-3.734694328159093857e-04,-6.312817800790071487e-03,1.006450891494750977e+00
1762890418.609074116,-3.464498149696737528e-04,-6.363022606819868088e-03,1.006410241127014160e+00
1762890418.629137993,-3.309272578917443752e-04,-6.259436719119548798e-03,1.006370425224304199e+00
1762890418.649238586,-3.073867119383066893e-04,-6.297151558101177216e-03,1.006330490112304688e+00
1762890418.669125795,-2.868670271709561348e-04,-6.326426751911640167e-03,1.006290435791015625e+00
1762890418.689116001,-2.699863689485937357e-04,-6.346289068460464478e-03,1.006250023841857910e+00
1762890418.710142851,-2.487129822839051485e-04,-6.500974763184785843e-03,1.006209731101989746e+00
1762890418.730088949,-2.496907254680991173e-04,-6.350036244839429855e-03,1.006169676780700684e+00
1762890418.750099421,-2.467189915478229523e-04,-6.342881359159946442e-03,1.006131172180175781e+00
1762890418.770093441,-2.491028863005340099e-04,-6.321081891655921936e-03,1.006093025207519531e+00
1762890418.790105820,-2.567903138697147369e-04,-6.289658602327108383e-03,1.006056070327758789e+00
1762890418.810093641,-2.697029558476060629e-04,-6.249937694519758224e-03,1.006020307540893555e+00
1762890418.830057621,-2.872905752155929804e-04,-6.203441880643367767e-03,1.005985140800476074e+00
1762890418.850294113,-3.088538360316306353e-04,-6.151834502816200256e-03,1.005949854850769043e+00
1762890418.870100498,-3.336672380100935698e-04,-6.096811033785343170e-03,1.005914211273193359e+00
1762890418.890096426,-3.610300773289054632e-04,-6.039705127477645874e-03,1.005877733230590820e+00
1762890418.910043716,-3.903153701685369015e-04,-5.981721449643373489e-03,1.005840301513671875e+00
1762890418.930245638,-4.232912324368953705e-04,-5.896745249629020691e-03,1.005800008773803711e+00
1762890418.950026989,-4.523247189354151487e-04,-5.867936648428440094e-03,1.005761504173278809e+00
1762890418.970208883,-4.835085710510611534e-04,-5.815136246383190155e-03,1.005719900131225586e+00
1762890418.990142584,-5.142981535755097866e-04,-5.763537250459194183e-03,1.005676984786987305e+00
1762890419.010249138,-5.441264947876334190e-04,-5.715294741094112396e-03,1.005633234977722168e+00
1762890419.030127764,-5.724699585698544979e-04,-5.670946557074785233e-03,1.005589008331298828e+00
1762890419.050069571,-5.987984477542340755e-04,-5.630855448544025421e-03,1.005544066429138184e+00
1762890419.070111990,-6.227058474905788898e-04,-5.595323164016008377e-03,1.005498051643371582e+00
1762890419.090189457,-6.438436103053390980e-04,-5.564564373344182968e-03,1.005451083183288574e+00
1762890419.109142303,-6.841777940280735493e-04,-5.183646921068429947e-03,1.005388855934143066e+00
1762890419.129142523,-6.949633243493735790e-04,-5.209803581237792969e-03,1.005343437194824219e+00
1762890419.149048328,-7.051989668980240822e-04,-5.197415594011545181e-03,1.005294680595397949e+00
1762890419.169133425,-7.116261986084282398e-04,-5.187332630157470703e-03,1.005246996879577637e+00
1762890419.189250231,-7.140662637539207935e-04,-5.181530490517616272e-03,1.005201101303100586e+00
1762890419.209175110,-6.994300056248903275e-04,-5.417056381702423096e-03,1.005173087120056152e+00
1762890419.229036331,-6.938679725863039494e-04,-5.433973856270313263e-03,1.005129933357238770e+00
1762890419.249100924,-6.928489310666918755e-04,-5.267979111522436142e-03,1.005074977874755859e+00
1762890419.269253969,-6.698521319776773453e-04,-5.493979435414075851e-03,1.005047321319580078e+00
1762890419.289090872,-6.625356036238372326e-04,-5.236392840743064880e-03,1.004989027976989746e+00
1762890419.308988094,-6.327608716674149036e-04,-5.463717039674520493e-03,1.004964709281921387e+00
1762890419.329156876,-6.058587459847331047e-04,-5.544974934309720993e-03,1.004933238029479980e+00
1762890419.349183559,-5.784961394965648651e-04,-5.563061684370040894e-03,1.004899621009826660e+00
1762890419.369145632,-5.492187337949872017e-04,-5.575880408287048340e-03,1.004867792129516602e+00
1762890419.389266968,-5.188776995055377483e-04,-5.586876533925533295e-03,1.004838466644287109e+00
1762890419.408989429,-4.889784031547605991e-04,-5.596019793301820755e-03,1.004814982414245605e+00
1762890419.429234982,-4.628424067050218582e-04,-5.603481084108352661e-03,1.004833459854125977e+00
1762890419.449124336,-4.258073167875409126e-04,-5.598209332674741745e-03,1.004906296730041504e+00
1762890419.469383478,-3.612211148720234632e-04,-5.563888698816299438e-03,1.005022883415222168e+00
1762890419.489029169,-2.594523248262703419e-04,-5.489996634423732758e-03,1.005177378654479980e+00
1762890419.510091066,-1.087079435819759965e-04,-5.361730698496103287e-03,1.005362153053283691e+00
1762890419.530118942,9.790597687242552638e-05,-5.185947753489017487e-03,1.005564689636230469e+00
1762890419.550065994,3.679934307001531124e-04,-4.937926772981882095e-03,1.005778551101684570e+00
1762890419.570055723,7.059052586555480957e-04,-4.616340156644582748e-03,1.005993008613586426e+00
1762890419.589255095,1.147945411503314972e-03,-3.816539188846945763e-03,1.006218075752258301e+00
1762890419.609166145,1.619100687094032764e-03,-3.392221871763467789e-03,1.006399035453796387e+00
1762890419.629073620,2.177505055442452431e-03,-2.826208947226405144e-03,1.006569981575012207e+00
1762890419.649307728,2.807212062180042267e-03,-2.174485940486192703e-03,1.006719231605529785e+00
1762890419.669068336,3.504505846649408340e-03,-1.442224252969026566e-03,1.006846189498901367e+00
1762890419.689083099,4.265611991286277771e-03,-6.341558764688670635e-04,1.006951332092285156e+00
1762890419.709012508,5.086496938019990921e-03,2.437185030430555344e-04,1.007037162780761719e+00
1762890419.730220556,5.973359569907188416e-03,1.207665773108601570e-03,1.007106304168701172e+00
1762890419.750020742,6.891558412462472916e-03,2.188270445913076401e-03,1.007162928581237793e+00
1762890419.770108938,7.865711115300655365e-03,3.242752980440855026e-03,1.007212400436401367e+00
1762890419.790077686,8.883756585419178009e-03,4.345668014138936996e-03,1.007257580757141113e+00
1762890419.809189320,9.428055956959724426e-03,4.458732437342405319e-03,1.007305741310119629e+00
1762890419.829077959,1.050611026585102081e-02,5.624648649245500565e-03,1.007351279258728027e+00
1762890419.849142075,1.161364745348691940e-02,6.812146864831447601e-03,1.007399201393127441e+00
1762890419.869271994,1.275687012821435928e-02,8.033730089664459229e-03,1.007451415061950684e+00
1762890419.889189482,1.393075566738843918e-02,9.279040619730949402e-03,1.007510662078857422e+00
1762890419.909029722,1.513473223894834518e-02,1.054566074162721634e-02,1.007578015327453613e+00
1762890419.929035187,1.636902801692485809e-02,1.183366589248180389e-02,1.007652521133422852e+00
1762890419.949199438,1.763373613357543945e-02,1.314271427690982819e-02,1.007732629776000977e+00
1762890419.969089985,1.892950199544429779e-02,1.447290834039449692e-02,1.007816910743713379e+00
1762890419.989084005,2.025741524994373322e-02,1.582548208534717560e-02,1.007903575897216797e+00
1762890420.009040833,2.161862514913082123e-02,1.720210909843444824e-02,1.007990837097167969e+00
1762890420.029190779,2.301435172557830811e-02,1.860459521412849426e-02,1.008076548576354980e+00
1762890420.049262762,2.444592118263244629e-02,2.003504708409309387e-02,1.008159399032592773e+00
1762890420.069111109,2.591452002525329590e-02,2.149551548063755035e-02,1.008238077163696289e+00
1762890420.089159250,2.742144837975502014e-02,2.298826538026332855e-02,1.008311390876770020e+00
1762890420.108995438,2.896790206432342529e-02,2.451570518314838409e-02,1.008378386497497559e+00
1762890420.129089117,3.041039034724235535e-02,2.609059400856494904e-02,1.008426547050476074e+00
1762890420.150029182,3.218308463692665100e-02,2.768204919993877411e-02,1.008492350578308105e+00
1762890420.170170546,3.385802358388900757e-02,2.933121658861637115e-02,1.008538842201232910e+00
1762890420.190089464,3.541082888841629028e-02,3.100742958486080170e-02,1.008568048477172852e+00
1762890420.210202456,3.716357052326202393e-02,3.273083269596099854e-02,1.008602380752563477e+00
1762890420.230062723,3.912512212991714478e-02,3.450934588909149170e-02,1.008641004562377930e+00
1762890420.249305964,4.080303385853767395e-02,3.631487116217613220e-02,1.008654594421386719e+00
1762890420.268996239,4.269983991980552673e-02,3.819105401635169983e-02,1.008674263954162598e+00
1762890420.289093733,4.462091624736785889e-02,4.008426144719123840e-02,1.008690953254699707e+00
1762890420.309025526,4.659698531031608582e-02,4.204036295413970947e-02,1.008705258369445801e+00
1762890420.329105616,4.861873388290405273e-02,4.404563084244728088e-02,1.008717656135559082e+00
1762890420.348990917,5.068570375442504883e-02,4.609927162528038025e-02,1.008729338645935059e+00
1762890420.368980885,5.279789865016937256e-02,4.820095002651214600e-02,1.008740663528442383e+00
1762890420.389095545,5.468982085585594177e-02,4.996933788061141968e-02,1.008756875991821289e+00
1762890420.409275055,5.680360645055770874e-02,5.204002186655998230e-02,1.008769750595092773e+00
1762890420.429057598,5.931107699871063232e-02,5.465307459235191345e-02,1.008776307106018066e+00
1762890420.449066401,6.133928522467613220e-02,5.656770989298820496e-02,1.008792519569396973e+00
1762890420.469220400,6.372202187776565552e-02,5.896515399217605591e-02,1.008803844451904297e+00
1762890420.489172220,6.603153049945831299e-02,6.123977899551391602e-02,1.008818268775939941e+00
1762890420.509061813,6.845009326934814453e-02,6.364768743515014648e-02,1.008832812309265137e+00
1762890420.529212475,7.091875374317169189e-02,6.610563397407531738e-02,1.008849501609802246e+00
1762890420.549004316,7.343432307243347168e-02,6.860806792974472046e-02,1.008867740631103516e+00
1762890420.569083691,7.599765062332153320e-02,7.115550339221954346e-02,1.008886814117431641e+00
1762890420.589006901,7.836677879095077515e-02,7.365790009498596191e-02,1.008895754814147949e+00
1762890420.609394550,8.102288097143173218e-02,7.629289478063583374e-02,1.008913278579711914e+00
1762890420.629057407,8.372784405946731567e-02,7.897356897592544556e-02,1.008928418159484863e+00
1762890420.649063110,8.673657476902008057e-02,8.180149644613265991e-02,1.008949756622314453e+00
1762890420.669024706,8.928428590297698975e-02,8.447078615427017212e-02,1.008949995040893555e+00
1762890420.689192533,9.213504195213317871e-02,8.728560805320739746e-02,1.008955001831054688e+00
1762890420.709119797,9.503277391195297241e-02,9.014241397380828857e-02,1.008956432342529297e+00
1762890420.729040146,9.797698259353637695e-02,9.303992241621017456e-02,1.008953452110290527e+00
1762890420.749113560,1.009671837091445923e-01,9.597702324390411377e-02,1.008946418762207031e+00
1762890420.769209146,1.040183752775192261e-01,9.897220879793167114e-02,1.008935570716857910e+00
1762890420.790465117,1.071686819195747375e-01,1.020733490586280823e-01,1.008921265602111816e+00
1762890420.810063124,1.102061271667480469e-01,1.050093099474906921e-01,1.008908748626708984e+00
1762890420.830079794,1.133689656853675842e-01,1.080854907631874084e-01,1.008895158767700195e+00
1762890420.850055456,1.165790036320686340e-01,1.112010031938552856e-01,1.008883118629455566e+00
1762890420.870088100,1.198310405015945435e-01,1.143484413623809814e-01,1.008872866630554199e+00
1762890420.890196800,1.231246441602706909e-01,1.175270751118659973e-01,1.008865714073181152e+00
1762890420.910235643,1.264596283435821533e-01,1.207367554306983948e-01,1.008862018585205078e+00
1762890420.929985285,1.298359632492065430e-01,1.239772513508796692e-01,1.008861422538757324e+00
1762890420.949347496,1.332536190748214722e-01,1.272482573986053467e-01,1.008862972259521484e+00
1762890420.969164371,1.367299854755401611e-01,1.305704414844512939e-01,1.008866071701049805e+00
1762890420.989059448,1.402104794979095459e-01,1.338775753974914551e-01,1.008871555328369141e+00
1762890421.009281874,1.437496691942214966e-01,1.372364908456802368e-01,1.008877396583557129e+00
1762890421.029022932,1.473301649093627930e-01,1.406258195638656616e-01,1.008883476257324219e+00
1762890421.049134254,1.509506553411483765e-01,1.440437734127044678e-01,1.008889436721801758e+00
1762890421.069275141,1.546108573675155640e-01,1.474899351596832275e-01,1.008895158767700195e+00
1762890421.089300871,1.583108007907867432e-01,1.509639769792556763e-01,1.008899807929992676e+00
1762890421.109009743,1.620504558086395264e-01,1.544655114412307739e-01,1.008903026580810547e+00
1762890421.129400730,1.660939753055572510e-01,1.585468500852584839e-01,1.008888483047485352e+00
1762890421.149098158,1.699160188436508179e-01,1.621041297912597656e-01,1.008888483047485352e+00
1762890421.169245243,1.735067367553710938e-01,1.651300787925720215e-01,1.008903980255126953e+00
1762890421.189282656,1.776759773492813110e-01,1.692951768636703491e-01,1.008884549140930176e+00
1762890421.209060431,1.816121041774749756e-01,1.729269474744796753e-01,1.008880972862243652e+00
1762890421.229190111,1.855849176645278931e-01,1.765815019607543945e-01,1.008876442909240723e+00
1762890421.249071121,1.895938515663146973e-01,1.802576482295989990e-01,1.008870840072631836e+00
1762890421.270257711,1.936380565166473389e-01,1.839543282985687256e-01,1.008865714073181152e+00
1762890421.290093660,1.977591812610626221e-01,1.877183467149734497e-01,1.008860588073730469e+00
1762890421.310101986,2.018243670463562012e-01,1.913982778787612915e-01,1.008857250213623047e+00
1762890421.330073595,2.059675604104995728e-01,1.951464414596557617e-01,1.008856058120727539e+00
1762890421.350254774,2.101455330848693848e-01,1.989126652479171753e-01,1.008859515190124512e+00
1762890421.370254755,2.143550068140029907e-01,2.026921510696411133e-01,1.008867263793945312e+00
1762890421.390085697,2.175559550523757935e-01,2.053183019161224365e-01,1.008888602256774902e+00
1762890421.410100460,2.227864414453506470e-01,2.101972699165344238e-01,1.008892059326171875e+00
1762890421.430070162,2.258457392454147339e-01,2.126333266496658325e-01,1.008919715881347656e+00
1762890421.450052023,2.300945073366165161e-01,2.163708806037902832e-01,1.008940219879150391e+00
1762890421.470068455,2.344465255737304688e-01,2.201985418796539307e-01,1.008966445922851562e+00
1762890421.490069151,2.388378828763961792e-01,2.240453660488128662e-01,1.009000182151794434e+00
1762890421.510022879,2.432644516229629517e-01,2.279079556465148926e-01,1.009045243263244629e+00
1762890421.529255152,2.478304058313369751e-01,2.318974584341049194e-01,1.009099841117858887e+00
1762890421.549147129,2.522386312484741211e-01,2.356958240270614624e-01,1.009157776832580566e+00
1762890421.569981337,2.580897808074951172e-01,2.410208433866500854e-01,1.009217619895935059e+00
1762890421.590315580,2.607084214687347412e-01,2.428719252347946167e-01,1.009265899658203125e+00
1762890421.609207869,2.653140723705291748e-01,2.468263804912567139e-01,1.009307742118835449e+00
1762890421.629065514,2.699935734272003174e-01,2.508412897586822510e-01,1.009336352348327637e+00
1762890421.649040461,2.747085988521575928e-01,2.548770606517791748e-01,1.009351611137390137e+00
1762890421.670195818,2.795318365097045898e-01,2.590101063251495361e-01,1.009357213973999023e+00
1762890421.690437555,2.842878699302673340e-01,2.630548477172851562e-01,1.009353518486022949e+00
1762890421.710336447,2.891327440738677979e-01,2.671736776828765869e-01,1.009337782859802246e+00
1762890421.729003429,2.935583293437957764e-01,2.710692882537841797e-01,1.009306430816650391e+00
1762890421.749083042,2.985020875930786133e-01,2.752531170845031738e-01,1.009272217750549316e+00
1762890421.769197702,3.034291565418243408e-01,2.793981134891510010e-01,1.009232997894287109e+00
1762890421.789057732,3.084153234958648682e-01,2.835808396339416504e-01,1.009190082550048828e+00
1762890421.809165955,3.134345114231109619e-01,2.877726852893829346e-01,1.009147763252258301e+00
1762890421.829112053,3.184843659400939941e-01,2.919686734676361084e-01,1.009108781814575195e+00
1762890421.849058867,3.235639035701751709e-01,2.961657345294952393e-01,1.009075403213500977e+00
1762890421.869120121,3.288134038448333740e-01,3.005011975765228271e-01,1.009046792984008789e+00
1762890421.889025688,3.338071703910827637e-01,3.045487701892852783e-01,1.009030342102050781e+00
1762890421.909072638,3.389616310596466064e-01,3.087223768234252930e-01,1.009019970893859863e+00
1762890421.929101706,3.441509902477264404e-01,3.128940463066101074e-01,1.009017229080200195e+00
1762890421.950403214,3.494856357574462891e-01,3.171682953834533691e-01,1.009021878242492676e+00
1762890421.970096588,3.546110987663269043e-01,3.211997747421264648e-01,1.009035825729370117e+00
1762890421.990162611,3.598712384700775146e-01,3.253209292888641357e-01,1.009055137634277344e+00
1762890422.010429859,3.651637136936187744e-01,3.294308483600616455e-01,1.009079456329345703e+00
1762890422.030136824,3.704817891120910645e-01,3.335218727588653564e-01,1.009107351303100586e+00
1762890422.050077438,3.758248686790466309e-01,3.375923633575439453e-01,1.009137749671936035e+00
1762890422.070159435,3.811928331851959229e-01,3.416410982608795166e-01,1.009168863296508789e+00
1762890422.090031624,3.865844011306762695e-01,3.456674814224243164e-01,1.009200215339660645e+00
1762890422.110311270,3.919981420040130615e-01,3.496706783771514893e-01,1.009230494499206543e+00
1762890422.130237818,3.974329829216003418e-01,3.536497056484222412e-01,1.009258151054382324e+00
1762890422.150213480,4.028880298137664795e-01,3.576034605503082275e-01,1.009282708168029785e+00
1762890422.170099497,4.087333679199218750e-01,3.620900809764862061e-01,1.009291648864746094e+00
1762890422.189170122,4.144895076751708984e-01,3.662173151969909668e-01,1.009307861328125000e+00
1762890422.209118366,4.197451472282409668e-01,3.698615431785583496e-01,1.009323239326477051e+00
1762890422.229264021,4.252576828002929688e-01,3.736876845359802246e-01,1.009335279464721680e+00
1762890422.249076366,4.307999312877655029e-01,3.774960041046142578e-01,1.009346723556518555e+00
1762890422.269112349,4.363555014133453369e-01,3.812730014324188232e-01,1.009358882904052734e+00
1762890422.289348841,4.419203400611877441e-01,3.850147724151611328e-01,1.009375214576721191e+00
1762890422.309140205,4.474923908710479736e-01,3.887183368206024170e-01,1.009395241737365723e+00
1762890422.329022884,4.530709683895111084e-01,3.923824131488800049e-01,1.009417176246643066e+00
1762890422.349055767,4.586551487445831299e-01,3.960054218769073486e-01,1.009441256523132324e+00
1762890422.369109392,4.642442464828491211e-01,3.995856046676635742e-01,1.009467363357543945e+00
1762890422.389033318,4.698379337787628174e-01,4.031214714050292969e-01,1.009495496749877930e+00
1762890422.409113169,4.727734327316284180e-01,4.045261144638061523e-01,1.009529113769531250e+00
1762890422.429090023,4.806743860244750977e-01,4.097725749015808105e-01,1.009556412696838379e+00
1762890422.449151278,4.862444102764129639e-01,4.131452739238739014e-01,1.009587168693542480e+00
1762890422.469082832,4.918401241302490234e-01,4.164872467517852783e-01,1.009618282318115234e+00
1762890422.489330292,4.961226284503936768e-01,4.187932312488555908e-01,1.009652137756347656e+00
1762890422.509066105,5.016648769378662109e-01,4.220042526721954346e-01,1.009686589241027832e+00
1762890422.529125690,5.076315999031066895e-01,4.256993830204010010e-01,1.009711742401123047e+00
1762890422.549182892,5.132847428321838379e-01,4.288875460624694824e-01,1.009745001792907715e+00
1762890422.569511890,5.186125636100769043e-01,4.315697252750396729e-01,1.009790301322937012e+00
1762890422.590149641,5.243302583694458008e-01,4.347047209739685059e-01,1.009827017784118652e+00
1762890422.610273123,5.300171971321105957e-01,4.377706944942474365e-01,1.009861230850219727e+00
1762890422.630194664,5.357626080513000488e-01,4.408306181430816650e-01,1.009889721870422363e+00
1762890422.650037766,5.418959856033325195e-01,4.443288445472717285e-01,1.009899258613586426e+00
1762890422.670134544,5.473462939262390137e-01,4.468721151351928711e-01,1.009915590286254883e+00
1762890422.689290524,5.508162379264831543e-01,4.485149383544921875e-01,1.009918093681335449e+00
1762890422.710075855,5.576930642127990723e-01,4.521438181400299072e-01,1.009894132614135742e+00
1762890422.730183363,5.634629726409912109e-01,4.549938440322875977e-01,1.009864926338195801e+00
1762890422.750133276,5.686520338058471680e-01,4.574262797832489014e-01,1.009832978248596191e+00
1762890422.770056486,5.743427276611328125e-01,4.601296484470367432e-01,1.009787559509277344e+00
1762890422.790642023,5.802507996559143066e-01,4.629147946834564209e-01,1.009733438491821289e+00
1762890422.810024500,5.861797332763671875e-01,4.656517803668975830e-01,1.009676694869995117e+00
1762890422.830041170,5.921123027801513672e-01,4.683252871036529541e-01,1.009624123573303223e+00
1762890422.850207090,5.980467200279235840e-01,4.709295332431793213e-01,1.009580135345458984e+00
1762890422.869052172,6.039832234382629395e-01,4.734613895416259766e-01,1.009545326232910156e+00
1762890422.889158964,6.099492907524108887e-01,4.759317934513092041e-01,1.009520649909973145e+00
1762890422.909043789,6.167569160461425781e-01,4.787764549255371094e-01,1.009500741958618164e+00
1762890422.929167032,6.227136254310607910e-01,4.810648858547210693e-01,1.009500265121459961e+00
1762890422.949077845,6.286485791206359863e-01,4.832541644573211670e-01,1.009509205818176270e+00
1762890422.969336510,6.345770359039306641e-01,4.853505492210388184e-01,1.009526610374450684e+00
1762890422.989115953,6.394558548927307129e-01,4.870664477348327637e-01,1.009544730186462402e+00
1762890423.009132862,6.463232636451721191e-01,4.894313514232635498e-01,1.009574174880981445e+00
1762890423.029300213,6.515960097312927246e-01,4.907420277595520020e-01,1.009608149528503418e+00
1762890423.049136400,6.581013202667236328e-01,4.929367601871490479e-01,1.009634375572204590e+00
1762890423.069091320,6.640304923057556152e-01,4.945633709430694580e-01,1.009664773941040039e+00
1762890423.089056492,6.688648462295532227e-01,4.956538081169128418e-01,1.009693026542663574e+00
1762890423.109431982,6.743165254592895508e-01,4.969165027141571045e-01,1.009720325469970703e+00
1762890423.129132271,6.801380515098571777e-01,4.982334673404693604e-01,1.009744644165039062e+00
1762890423.149091482,6.859724521636962891e-01,4.994605481624603271e-01,1.009762644767761230e+00
1762890423.169042349,6.917971372604370117e-01,5.005891919136047363e-01,1.009773731231689453e+00
1762890423.190190792,6.976126432418823242e-01,5.016198754310607910e-01,1.009777307510375977e+00
1762890423.210138798,7.034494280815124512e-01,5.025618076324462891e-01,1.009771466255187988e+00
1762890423.230073929,7.092216014862060547e-01,5.033928155899047852e-01,1.009755015373229980e+00
1762890423.250180960,7.150185108184814453e-01,5.041391253471374512e-01,1.009726881980895996e+00
1762890423.270116806,7.208113670349121094e-01,5.047920346260070801e-01,1.009686470031738281e+00
1762890423.289046526,7.265965938568115234e-01,5.053499937057495117e-01,1.009634852409362793e+00
1762890423.309035301,7.327609062194824219e-01,5.058958530426025391e-01,1.009567737579345703e+00
1762890423.329262972,7.381424903869628906e-01,5.061762332916259766e-01,1.009502172470092773e+00
1762890423.349038601,7.438670992851257324e-01,5.064356923103332520e-01,1.009424567222595215e+00
1762890423.369157553,7.495950460433959961e-01,5.065977573394775391e-01,1.009341835975646973e+00
1762890423.389024496,7.553015947341918945e-01,5.066546797752380371e-01,1.009256601333618164e+00
1762890423.409248114,7.609826326370239258e-01,5.066034793853759766e-01,1.009171247482299805e+00
1762890423.429063320,7.666364908218383789e-01,5.064413547515869141e-01,1.009087443351745605e+00
1762890423.449064493,7.722612619400024414e-01,5.061657428741455078e-01,1.009005784988403320e+00
1762890423.469184875,7.778548002243041992e-01,5.057738423347473145e-01,1.008927345275878906e+00
1762890423.490207672,7.834149003028869629e-01,5.052630901336669922e-01,1.008852005004882812e+00
1762890423.509130001,7.889395356178283691e-01,5.046306848526000977e-01,1.008779644966125488e+00
1762890423.529160500,7.944270372390747070e-01,5.038744211196899414e-01,1.008708953857421875e+00
1762890423.549089432,7.998755574226379395e-01,5.029920339584350586e-01,1.008639216423034668e+00
1762890423.569068432,8.052834868431091309e-01,5.019816160202026367e-01,1.008569359779357910e+00
1762890423.589008093,8.112874031066894531e-01,5.009884834289550781e-01,1.008487462997436523e+00
1762890423.609088898,8.163018226623535156e-01,4.997269213199615479e-01,1.008417725563049316e+00
1762890423.629036903,8.215611577033996582e-01,4.983161687850952148e-01,1.008339405059814453e+00
1762890423.649074793,8.267939090728759766e-01,4.967714846134185791e-01,1.008255362510681152e+00
1762890423.669049025,8.319831490516662598e-01,4.950934052467346191e-01,1.008166313171386719e+00
1762890423.689084053,8.371263146400451660e-01,4.932816922664642334e-01,1.008071899414062500e+00
1762890423.709323168,8.422226905822753906e-01,4.913362562656402588e-01,1.007971882820129395e+00
1762890423.729128361,8.472734093666076660e-01,4.892577230930328369e-01,1.007866263389587402e+00
1762890423.749036312,8.522781729698181152e-01,4.870468676090240479e-01,1.007753610610961914e+00
1762890423.769414425,8.572356104850769043e-01,4.847041964530944824e-01,1.007633566856384277e+00
1762890423.788941383,8.598543405532836914e-01,4.830524027347564697e-01,1.007566213607788086e+00
1762890423.809095383,8.670063018798828125e-01,4.796263873577117920e-01,1.007371664047241211e+00
1762890423.829205990,8.718180656433105469e-01,4.768933951854705811e-01,1.007230162620544434e+00
1762890423.849021196,8.765797615051269531e-01,4.740323126316070557e-01,1.007082343101501465e+00
1762890423.870123863,8.815105557441711426e-01,4.709358513355255127e-01,1.006924033164978027e+00
1762890423.889077425,8.838347196578979492e-01,4.690269529819488525e-01,1.006848931312561035e+00
1762890423.909206152,8.884052634239196777e-01,4.658786654472351074e-01,1.006696701049804688e+00
1762890423.929205179,8.929865360260009766e-01,4.625755250453948975e-01,1.006539463996887207e+00
1762890423.949284792,8.975209593772888184e-01,4.591462016105651855e-01,1.006380200386047363e+00
1762890423.969073534,9.020042419433593750e-01,4.555936455726623535e-01,1.006221532821655273e+00
1762890423.989115715,9.060159921646118164e-01,4.523797929286956787e-01,1.006078958511352539e+00
1762890424.009236097,9.108228683471679688e-01,4.481127858161926270e-01,1.005904316902160645e+00
1762890424.029300213,9.147502183914184570e-01,4.446667134761810303e-01,1.005758881568908691e+00
1762890424.049126387,9.190496802330017090e-01,4.406161606311798096e-01,1.005593776702880859e+00
1762890424.070120573,9.237093329429626465e-01,4.359245598316192627e-01,1.005406618118286133e+00
1762890424.090106487,9.279276132583618164e-01,4.315895736217498779e-01,1.005230665206909180e+00
1762890424.109105110,9.316840767860412598e-01,4.276755750179290771e-01,1.005067706108093262e+00
1762890424.129158020,9.358285069465637207e-01,4.230771958827972412e-01,1.004878044128417969e+00
1762890424.149244308,9.398884177207946777e-01,4.183863103389739990e-01,1.004683136940002441e+00
1762890424.169095993,9.439247846603393555e-01,4.135427176952362061e-01,1.004479765892028809e+00
1762890424.189070463,9.479157328605651855e-01,4.085657894611358643e-01,1.004269838333129883e+00
1762890424.210042238,9.522807598114013672e-01,4.028109312057495117e-01,1.004031181335449219e+00
1762890424.230272293,9.557560682296752930e-01,3.982110023498535156e-01,1.003837108612060547e+00
1762890424.249089003,9.595977067947387695e-01,3.928433954715728760e-01,1.003616094589233398e+00
1762890424.269131422,9.634110331535339355e-01,3.873140513896942139e-01,1.003391385078430176e+00
1762890424.289276600,9.671341776847839355e-01,3.817052841186523438e-01,1.003168821334838867e+00
1762890424.309036732,9.708230495452880859e-01,3.759422898292541504e-01,1.002946019172668457e+00
1762890424.329026222,9.744570851325988770e-01,3.700498640537261963e-01,1.002724647521972656e+00
1762890424.349134207,9.780338406562805176e-01,3.640296161174774170e-01,1.002506017684936523e+00
1762890424.369454145,9.815526604652404785e-01,3.578812181949615479e-01,1.002290487289428711e+00
1762890424.389096498,9.850125312805175781e-01,3.516046702861785889e-01,1.002078294754028320e+00
1762890424.409030199,9.884124398231506348e-01,3.452002406120300293e-01,1.001869320869445801e+00
1762890424.429148197,9.917510151863098145e-01,3.386682569980621338e-01,1.001663565635681152e+00
1762890424.449327707,9.950269460678100586e-01,3.320091068744659424e-01,1.001460433006286621e+00
1762890424.469043732,9.982389211654663086e-01,3.252234160900115967e-01,1.001259684562683105e+00
1762890424.489177704,1.001385569572448730e+00,3.183118700981140137e-01,1.001061320304870605e+00
1762890424.509126663,1.004624724388122559e+00,3.110406398773193359e-01,1.000859498977661133e+00
1762890424.529135704,1.006939768791198730e+00,3.054335415363311768e-01,1.000705718994140625e+00
1762890424.549236774,1.010337710380554199e+00,2.971074581146240234e-01,1.000485658645629883e+00
1762890424.569310427,1.013274431228637695e+00,2.894588410854339600e-01,1.000284552574157715e+00
1762890424.588979721,1.015576481819152832e+00,2.833068370819091797e-01,1.000129580497741699e+00
1762890424.609913349,1.018756985664367676e+00,2.743866443634033203e-01,9.999129176139831543e-01
1762890424.630132914,1.021074414253234863e+00,2.675765156745910645e-01,9.997553229331970215e-01
1762890424.650190353,1.023499131202697754e+00,2.602480351924896240e-01,9.995951056480407715e-01
1762890424.670154810,1.026552915573120117e+00,2.505557239055633545e-01,9.993943572044372559e-01
1762890424.690144062,1.028598427772521973e+00,2.436389774084091187e-01,9.992563128471374512e-01
1762890424.710056305,1.031169176101684570e+00,2.346718907356262207e-01,9.990926980972290039e-01
1762890424.729105473,1.033613681793212891e+00,2.256790846586227417e-01,9.989312887191772461e-01
1762890424.749267817,1.035212755203247070e+00,2.195019274950027466e-01,9.988218545913696289e-01
1762890424.769066811,1.037861347198486328e+00,2.088007032871246338e-01,9.986466169357299805e-01
1762890424.789079666,1.039513707160949707e+00,2.018001079559326172e-01,9.985324144363403320e-01
1762890424.809030771,1.041763663291931152e+00,1.916963011026382446e-01,9.983744025230407715e-01
1762890424.829041958,1.043292045593261719e+00,1.845593899488449097e-01,9.982650876045227051e-01
1762890424.849034786,1.045098185539245605e+00,1.756348013877868652e-01,9.981397390365600586e-01
1762890424.869097233,1.046845912933349609e+00,1.664973944425582886e-01,9.980188608169555664e-01
1762890424.889096022,1.048512339591979980e+00,1.572493910789489746e-01,9.979024529457092285e-01
1762890424.909096718,1.050094008445739746e+00,1.479012072086334229e-01,9.977891445159912109e-01
1762890424.929180861,1.051588654518127441e+00,1.384567320346832275e-01,9.976772665977478027e-01
1762890424.950106621,1.052994251251220703e+00,1.289182156324386597e-01,9.975649118423461914e-01
1762890424.969127417,1.054334521293640137e+00,1.190502196550369263e-01,9.974474310874938965e-01
1762890424.989131212,1.055524945259094238e+00,1.095786541700363159e-01,9.973328709602355957e-01
1762890425.009247541,1.056835889816284180e+00,9.771091490983963013e-02,9.971907138824462891e-01
1762890425.029058456,1.057842969894409180e+00,8.772845566272735596e-02,9.970718026161193848e-01
1762890425.049115658,1.058629155158996582e+00,7.940216362476348877e-02,9.969766736030578613e-01
1762890425.069030046,1.059389472007751465e+00,7.006561756134033203e-02,9.968796968460083008e-01
1762890425.089196205,1.060083627700805664e+00,6.009196117520332336e-02,9.967923760414123535e-01
1762890425.109392405,1.060612320899963379e+00,4.973039403557777405e-02,9.967234730720520020e-01
1762890425.129159927,1.061072826385498047e+00,3.965398669242858887e-02,9.966829419136047363e-01
1762890425.149054289,1.061483144760131836e+00,2.988660521805286407e-02,9.966714382171630859e-01
1762890425.169260740,1.061674356460571289e+00,2.372762188315391541e-02,9.966774582862854004e-01
1762890425.189106703,1.061735033988952637e+00,9.318172931671142578e-03,9.967334866523742676e-01
1762890425.209127426,1.061712980270385742e+00,-8.222600445151329041e-04,9.967995285987854004e-01
1762890425.229094744,1.061568856239318848e+00,-1.097127236425876617e-02,9.968847632408142090e-01
1762890425.248973131,1.061302304267883301e+00,-2.112542279064655304e-02,9.969854950904846191e-01
1762890425.269050837,1.060913920402526855e+00,-3.128352761268615723e-02,9.971030354499816895e-01
1762890425.290051699,1.060364484786987305e+00,-4.187328368425369263e-02,9.972383379936218262e-01
1762890425.310248613,1.059770107269287109e+00,-5.160218477249145508e-02,9.973658323287963867e-01
1762890425.329088688,1.059517025947570801e+00,-5.741586163640022278e-02,9.974331259727478027e-01
1762890425.349080563,1.058700799942016602e+00,-6.756892055273056030e-02,9.975709319114685059e-01
1762890425.369153976,1.057772636413574219e+00,-7.765809446573257446e-02,9.977064728736877441e-01
1762890425.389179945,1.056725025177001953e+00,-8.774803578853607178e-02,9.978398084640502930e-01
1762890425.409060478,1.055562496185302734e+00,-9.781160950660705566e-02,9.979715943336486816e-01
1762890425.429119110,1.054284214973449707e+00,-1.078458577394485474e-01,9.981048107147216797e-01
1762890425.449040651,1.052888035774230957e+00,-1.178512871265411377e-01,9.982420802116394043e-01
1762890425.469047308,1.051373720169067383e+00,-1.278275251388549805e-01,9.983831048011779785e-01
1762890425.489015102,1.049740910530090332e+00,-1.377735733985900879e-01,9.985284805297851562e-01
1762890425.509166956,1.047989249229431152e+00,-1.476881802082061768e-01,9.986789226531982422e-01
1762890425.529343367,1.046118736267089844e+00,-1.575695425271987915e-01,9.988338947296142578e-01
1762890425.549159527,1.044130086898803711e+00,-1.674152910709381104e-01,9.989925026893615723e-01
1762890425.569101572,1.042023658752441406e+00,-1.772223711013793945e-01,9.991534948348999023e-01
1762890425.589197874,1.039800524711608887e+00,-1.869872361421585083e-01,9.993162751197814941e-01
1762890425.609072208,1.037461519241333008e+00,-1.967059373855590820e-01,9.994800090789794922e-01
1762890425.629132986,1.035007834434509277e+00,-2.063739895820617676e-01,9.996443390846252441e-01
1762890425.649152994,1.032440423965454102e+00,-2.159864604473114014e-01,9.998092651367187500e-01
1762890425.669106007,1.029760599136352539e+00,-2.255382537841796875e-01,9.999752640724182129e-01
1762890425.689271927,1.027197837829589844e+00,-2.339849919080734253e-01,1.000123977661132812e+00
1762890425.708963394,1.024684190750122070e+00,-2.424023300409317017e-01,1.000277161598205566e+00
1762890425.729100227,1.021814584732055664e+00,-2.514455914497375488e-01,1.000446796417236328e+00
1762890425.749193668,1.018632769584655762e+00,-2.609395384788513184e-01,1.000632047653198242e+00
1762890425.769237518,1.015424251556396484e+00,-2.701341509819030762e-01,1.000820875167846680e+00
1762890425.789027214,1.011794686317443848e+00,-2.799304723739624023e-01,1.001034617424011230e+00
1762890425.809138298,1.008670210838317871e+00,-2.882690429687500000e-01,1.001233220100402832e+00
1762890425.829185486,1.005263686180114746e+00,-2.969089448451995850e-01,1.001454949378967285e+00
1762890425.848982334,1.001627445220947266e+00,-3.057157993316650391e-01,1.001694560050964355e+00
1762890425.869017839,9.978696703910827637e-01,-3.144480288028717041e-01,1.001948595046997070e+00
1762890425.889095783,9.939966797828674316e-01,-3.230901360511779785e-01,1.002214908599853516e+00
1762890425.909210205,9.900085330009460449e-01,-3.316400945186614990e-01,1.002488255500793457e+00
1762890425.929183483,9.859033823013305664e-01,-3.400990366935729980e-01,1.002765297889709473e+00
1762890425.949042082,9.816809892654418945e-01,-3.484661281108856201e-01,1.003040552139282227e+00
1762890425.969158649,9.773417711257934570e-01,-3.567381501197814941e-01,1.003308296203613281e+00
1762890425.989170313,9.728863239288330078e-01,-3.649104237556457520e-01,1.003565073013305664e+00
1762890426.009031534,9.683157801628112793e-01,-3.729772865772247314e-01,1.003808259963989258e+00
1762890426.029063940,9.636318087577819824e-01,-3.809316754341125488e-01,1.004036188125610352e+00
1762890426.050085306,9.588231444358825684e-01,-3.887811601161956787e-01,1.004249453544616699e+00
1762890426.070102453,9.539310336112976074e-01,-3.964668512344360352e-01,1.004449367523193359e+00
1762890426.090056419,9.489178657531738281e-01,-4.040313661098480225e-01,1.004640817642211914e+00
1762890426.110059023,9.437974095344543457e-01,-4.114484786987304688e-01,1.004827737808227539e+00
1762890426.130213737,9.385718703269958496e-01,-4.187077581882476807e-01,1.005015254020690918e+00
1762890426.150034666,9.332427978515625000e-01,-4.258006811141967773e-01,1.005208730697631836e+00
1762890426.170259714,9.278109669685363770e-01,-4.327194094657897949e-01,1.005413889884948730e+00
1762890426.190057993,9.222773909568786621e-01,-4.394563138484954834e-01,1.005633950233459473e+00
1762890426.210072994,9.166426658630371094e-01,-4.460046887397766113e-01,1.005871772766113281e+00
1762890426.230071783,9.109074473381042480e-01,-4.523585736751556396e-01,1.006128787994384766e+00
1762890426.250177145,9.050722122192382812e-01,-4.585127830505371094e-01,1.006404399871826172e+00
1762890426.270348549,8.991374969482421875e-01,-4.644628763198852539e-01,1.006696701049804688e+00
1762890426.290157557,8.936396837234497070e-01,-4.694931805133819580e-01,1.006963610649108887e+00
1762890426.310091734,8.875153660774230957e-01,-4.750441610813140869e-01,1.007280230522155762e+00
1762890426.329148769,8.811445236206054688e-01,-4.804739356040954590e-01,1.007608771324157715e+00
1762890426.349246264,8.749651908874511719e-01,-4.855053126811981201e-01,1.007927060127258301e+00
1762890426.369221210,8.685526847839355469e-01,-4.904083907604217529e-01,1.008246421813964844e+00
1762890426.388971329,8.620328903198242188e-01,-4.951011836528778076e-01,1.008557081222534180e+00
1762890426.409249544,8.554134964942932129e-01,-4.995789825916290283e-01,1.008854269981384277e+00
1762890426.429166079,8.497292399406433105e-01,-5.033975243568420410e-01,1.009102940559387207e+00
1762890426.448997974,8.429885506629943848e-01,-5.074540376663208008e-01,1.009364962577819824e+00
1762890426.469179869,8.350384831428527832e-01,-5.117021799087524414e-01,1.009631276130676270e+00
1762890426.489036798,8.288112282752990723e-01,-5.150862932205200195e-01,1.009833455085754395e+00
1762890426.509055614,8.219649791717529297e-01,-5.184556841850280762e-01,1.010025620460510254e+00
1762890426.529134989,8.145596981048583984e-01,-5.217574834823608398e-01,1.010205984115600586e+00
1762890426.550130606,8.065664768218994141e-01,-5.249411463737487793e-01,1.010373950004577637e+00
1762890426.570308208,7.999681830406188965e-01,-5.275945663452148438e-01,1.010513782501220703e+00
1762890426.590096712,7.925094962120056152e-01,-5.302097201347351074e-01,1.010644435882568359e+00
1762890426.610257626,7.839594483375549316e-01,-5.327500104904174805e-01,1.010763645172119141e+00
1762890426.630175829,7.768412828445434570e-01,-5.348799824714660645e-01,1.010868430137634277e+00
1762890426.649951696,7.683148384094238281e-01,-5.369205474853515625e-01,1.010958433151245117e+00
1762890426.670107365,7.600971460342407227e-01,-5.386942625045776367e-01,1.011037588119506836e+00
1762890426.690153360,7.519548535346984863e-01,-5.402411818504333496e-01,1.011111140251159668e+00
1762890426.710073948,7.437395453453063965e-01,-5.415679216384887695e-01,1.011176228523254395e+00
1762890426.730071545,7.354197502136230469e-01,-5.426734685897827148e-01,1.011233091354370117e+00
1762890426.749933481,7.269955873489379883e-01,-5.435546636581420898e-01,1.011280059814453125e+00
1762890426.770210743,7.194919586181640625e-01,-5.443008542060852051e-01,1.011327266693115234e+00
1762890426.789941311,7.101801633834838867e-01,-5.446662902832031250e-01,1.011348724365234375e+00
1762890426.810107231,7.032309174537658691e-01,-5.447716712951660156e-01,1.011356711387634277e+00
1762890426.830156565,6.934718489646911621e-01,-5.449650883674621582e-01,1.011384487152099609e+00
1762890426.850116730,6.830371022224426270e-01,-5.440539717674255371e-01,1.011328458786010742e+00
1762890426.870207310,6.765996813774108887e-01,-5.440762639045715332e-01,1.011363148689270020e+00
1762890426.889993191,6.677116155624389648e-01,-5.433866977691650391e-01,1.011361002922058105e+00
1762890426.910198689,6.585966944694519043e-01,-5.424181818962097168e-01,1.011356830596923828e+00
1762890426.929998636,6.493905186653137207e-01,-5.411922335624694824e-01,1.011358618736267090e+00
1762890426.950017691,6.401057243347167969e-01,-5.397088527679443359e-01,1.011364936828613281e+00
1762890426.970086575,6.307430863380432129e-01,-5.379663109779357910e-01,1.011377334594726562e+00
1762890426.990112782,6.212985515594482422e-01,-5.359620451927185059e-01,1.011394381523132324e+00
1762890427.010093451,6.117716431617736816e-01,-5.336952209472656250e-01,1.011407852172851562e+00
1762890427.030102730,6.021634936332702637e-01,-5.311654210090637207e-01,1.011412858963012695e+00
1762890427.050025702,5.924775004386901855e-01,-5.283731222152709961e-01,1.011403679847717285e+00
1762890427.070314169,5.827171802520751953e-01,-5.253189206123352051e-01,1.011375069618225098e+00
1762890427.090095520,5.728858709335327148e-01,-5.220041275024414062e-01,1.011324882507324219e+00
1762890427.110108614,5.629875063896179199e-01,-5.184301137924194336e-01,1.011250495910644531e+00
1762890427.130082846,5.530268549919128418e-01,-5.145987868309020996e-01,1.011151552200317383e+00
1762890427.150144339,5.430086255073547363e-01,-5.105124115943908691e-01,1.011029958724975586e+00
1762890427.170087099,5.329377055168151855e-01,-5.061734318733215332e-01,1.010888576507568359e+00
1762890427.190072775,5.228188633918762207e-01,-5.015844702720642090e-01,1.010731220245361328e+00
1762890427.210216999,5.126568078994750977e-01,-4.967484474182128906e-01,1.010563135147094727e+00
1762890427.230111361,5.024555921554565430e-01,-4.916681647300720215e-01,1.010389208793640137e+00
1762890427.249144316,4.914123415946960449e-01,-4.854543209075927734e-01,1.010146737098693848e+00
1762890427.269221783,4.812574684619903564e-01,-4.799554347991943359e-01,1.009980201721191406e+00
1762890427.289061785,4.709618389606475830e-01,-4.741503298282623291e-01,1.009818792343139648e+00
1762890427.309021950,4.606319069862365723e-01,-4.681095778942108154e-01,1.009668469429016113e+00
1762890427.329191446,4.502754211425781250e-01,-4.618406593799591064e-01,1.009531855583190918e+00
1762890427.349270105,4.398933649063110352e-01,-4.553474187850952148e-01,1.009410023689270020e+00
1762890427.369104147,4.294855594635009766e-01,-4.486338496208190918e-01,1.009302735328674316e+00
1762890427.389288425,4.190511703491210938e-01,-4.417031407356262207e-01,1.009209871292114258e+00
1762890427.410261154,4.080921411514282227e-01,-4.341495633125305176e-01,1.009119629859924316e+00
1762890427.429987192,3.980941772460937500e-01,-4.271973371505737305e-01,1.009062051773071289e+00
1762890427.450116873,3.876088261604309082e-01,-4.196658730506896973e-01,1.009002208709716797e+00
1762890427.469792128,3.765650093555450439e-01,-4.114718735218048096e-01,1.008937716484069824e+00
1762890427.489099026,3.664825260639190674e-01,-4.039433300495147705e-01,1.008893728256225586e+00
1762890427.509109974,3.559067249298095703e-01,-3.958199024200439453e-01,1.008839011192321777e+00
1762890427.529417038,3.452686369419097900e-01,-3.874796628952026367e-01,1.008777856826782227e+00
1762890427.549061775,3.345949053764343262e-01,-3.789508342742919922e-01,1.008706808090209961e+00
1762890427.569112539,3.238872587680816650e-01,-3.702393472194671631e-01,1.008624434471130371e+00
1762890427.589041233,3.131444454193115234e-01,-3.613485395908355713e-01,1.008531451225280762e+00
1762890427.609074354,3.023648262023925781e-01,-3.522808849811553955e-01,1.008427739143371582e+00
1762890427.629055023,2.941777706146240234e-01,-3.456245958805084229e-01,1.008377432823181152e+00
1762890427.650144815,2.807867228984832764e-01,-3.337157070636749268e-01,1.008191347122192383e+00
1762890427.670134306,2.698607146739959717e-01,-3.241038620471954346e-01,1.008061170578002930e+00
1762890427.690085411,2.589264512062072754e-01,-3.143566846847534180e-01,1.007929682731628418e+00
1762890427.710152864,2.479577809572219849e-01,-3.044508099555969238e-01,1.007812380790710449e+00
1762890427.730031490,2.369438111782073975e-01,-2.943769097328186035e-01,1.007724642753601074e+00
1762890427.749071121,2.311048954725265503e-01,-2.895953655242919922e-01,1.007767438888549805e+00
1762890427.769211292,2.199940234422683716e-01,-2.792410552501678467e-01,1.007704734802246094e+00
1762890427.789386749,2.088971734046936035e-01,-2.687912285327911377e-01,1.007649898529052734e+00
1762890427.809671640,1.977291405200958252e-01,-2.581602334976196289e-01,1.007595300674438477e+00
1762890427.829113960,1.875730752944946289e-01,-2.482066601514816284e-01,1.007523894309997559e+00
1762890427.849405527,1.780049800872802734e-01,-2.391138970851898193e-01,1.007500886917114258e+00
1762890427.869083166,1.665046364068984985e-01,-2.278421074151992798e-01,1.007444024085998535e+00
1762890427.889082432,1.551723629236221313e-01,-2.166529744863510132e-01,1.007387161254882812e+00
1762890427.909127474,1.441330611705780029e-01,-2.056911438703536987e-01,1.007332563400268555e+00
1762890427.928973913,1.327372193336486816e-01,-1.942459195852279663e-01,1.007270097732543945e+00
1762890427.949003220,1.199309453368186951e-01,-1.811313182115554810e-01,1.007182598114013672e+00
1762890427.969030142,1.096802651882171631e-01,-1.707982122898101807e-01,1.007143974304199219e+00
1762890427.989278555,9.682962298393249512e-02,-1.574521660804748535e-01,1.007059335708618164e+00
1762890428.009376287,8.647126704454421997e-02,-1.468609571456909180e-01,1.007022261619567871e+00
1762890428.029094934,7.484441250562667847e-02,-1.347634196281433105e-01,1.006963014602661133e+00
1762890428.049137115,6.308045238256454468e-02,-1.224492192268371582e-01,1.006900072097778320e+00
1762890428.069246531,5.125296488404273987e-02,-1.100085750222206116e-01,1.006833791732788086e+00
1762890428.088985443,3.936956077814102173e-02,-9.745790064334869385e-02,1.006759643554687500e+00
1762890428.109065294,2.743479236960411072e-02,-8.480999618768692017e-02,1.006675958633422852e+00
1762890428.129234552,1.545165944844484329e-02,-7.207556813955307007e-02,1.006583213806152344e+00
1762890428.149171829,3.425423521548509598e-03,-5.926852673292160034e-02,1.006484866142272949e+00
1762890428.169079781,-8.636486716568470001e-03,-4.640507325530052185e-02,1.006386637687683105e+00
1762890428.189052582,-2.072588354349136353e-02,-3.350177407264709473e-02,1.006296038627624512e+00
1762890428.210232496,-3.297000005841255188e-02,-2.041734941303730011e-02,1.006220221519470215e+00
1762890428.230032206,-4.495203867554664612e-02,-7.641766220331192017e-03,1.006178259849548340e+00
1762890428.250109673,-5.705731362104415894e-02,5.267227068543434143e-03,1.006174921989440918e+00
1762890428.270099640,-6.915782392024993896e-02,1.815619319677352905e-02,1.006226539611816406e+00
1762890428.289968729,-8.123563975095748901e-02,3.100062534213066101e-02,1.006345152854919434e+00
1762890428.309985638,-9.328104555606842041e-02,4.378660395741462708e-02,1.006541490554809570e+00
1762890428.329310417,-1.053153127431869507e-01,5.653580278158187866e-02,1.006824493408203125e+00
1762890428.349025011,-1.161108911037445068e-01,6.810580939054489136e-02,1.007137417793273926e+00
1762890428.369086504,-1.280179768800735474e-01,8.065715432167053223e-02,1.007593750953674316e+00
1762890428.389099598,-1.398706734180450439e-01,9.311778098344802856e-02,1.008138179779052734e+00
1762890428.409142971,-1.516608744859695435e-01,1.054775938391685486e-01,1.008763432502746582e+00
1762890428.429101229,-1.633858829736709595e-01,1.177328228950500488e-01,1.009458780288696289e+00
1762890428.449053526,-1.750461757183074951e-01,1.298827528953552246e-01,1.010211348533630371e+00
1762890428.469252825,-1.866436153650283813e-01,1.419276297092437744e-01,1.011005759239196777e+00
1762890428.489049435,-1.981799751520156860e-01,1.538670808076858521e-01,1.011823654174804688e+00
1762890428.509986877,-2.099150717258453369e-01,1.659878343343734741e-01,1.012663960456848145e+00
1762890428.530160427,-2.210818678140640259e-01,1.774311214685440063e-01,1.013455510139465332e+00
1762890428.550075531,-2.324360460042953491e-01,1.890361011028289795e-01,1.014234423637390137e+00
1762890428.569971800,-2.437568008899688721e-01,2.005514055490493774e-01,1.014968276023864746e+00
1762890428.590032578,-2.550309598445892334e-01,2.119570225477218628e-01,1.015645027160644531e+00
1762890428.609104395,-2.662609517574310303e-01,2.232497781515121460e-01,1.016256690025329590e+00
1762890428.629034042,-2.775039970874786377e-01,2.344842851161956787e-01,1.016799926757812500e+00
1762890428.648964643,-2.885943353176116943e-01,2.454758137464523315e-01,1.017267584800720215e+00
1762890428.669108152,-2.997083365917205811e-01,2.564074099063873291e-01,1.017670869827270508e+00
1762890428.689124823,-3.107935190200805664e-01,2.672142386436462402e-01,1.018012881278991699e+00
1762890428.709082842,-3.218474686145782471e-01,2.778856456279754639e-01,1.018302321434020996e+00
1762890428.729078293,-3.328712582588195801e-01,2.884148061275482178e-01,1.018549084663391113e+00
1762890428.749063730,-3.438656330108642578e-01,2.987949550151824951e-01,1.018764019012451172e+00
1762890428.769105434,-3.548299074172973633e-01,3.090177774429321289e-01,1.018957018852233887e+00
1762890428.789239883,-3.657621741294860840e-01,3.190743923187255859e-01,1.019138216972351074e+00
1762890428.808931589,-3.766597211360931396e-01,3.289555013179779053e-01,1.019315481185913086e+00
1762890428.829163551,-3.875097930431365967e-01,3.388589918613433838e-01,1.019473433494567871e+00
1762890428.849104404,-3.963665664196014404e-01,3.464860022068023682e-01,1.019643306732177734e+00
1762890428.869135857,-4.063942432403564453e-01,3.551095426082611084e-01,1.019832730293273926e+00
1762890428.889146805,-4.176878035068511963e-01,3.647694587707519531e-01,1.020049929618835449e+00
1762890428.909428596,-4.291099309921264648e-01,3.741532564163208008e-01,1.020305156707763672e+00
1762890428.929010153,-4.389809072017669678e-01,3.823640346527099609e-01,1.020521163940429688e+00
1762890428.949104548,-4.489274621009826660e-01,3.902826309204101562e-01,1.020769953727722168e+00
1762890428.969250679,-4.593970179557800293e-01,3.984916508197784424e-01,1.021044135093688965e+00
1762890428.989152193,-4.698512256145477295e-01,4.065059125423431396e-01,1.021329402923583984e+00
1762890429.009054422,-4.802577793598175049e-01,4.142940342426300049e-01,1.021619081497192383e+00
1762890429.030254126,-4.906662106513977051e-01,4.218904078006744385e-01,1.021905541419982910e+00
1762890429.050184488,-5.009270906448364258e-01,4.291778504848480225e-01,1.022175788879394531e+00
1762890429.070133448,-5.111979842185974121e-01,4.362780153751373291e-01,1.022424578666687012e+00
1762890429.089218855,-5.214293003082275391e-01,4.431476294994354248e-01,1.022642135620117188e+00
1762890429.109283447,-5.340168476104736328e-01,4.514804780483245850e-01,1.022855877876281738e+00
1762890429.130018711,-5.425644516944885254e-01,4.567265808582305908e-01,1.022966146469116211e+00
1762890429.149232626,-5.546175241470336914e-01,4.641399085521697998e-01,1.023061037063598633e+00
1762890429.169155359,-5.648870468139648438e-01,4.701152443885803223e-01,1.023099422454833984e+00
1762890429.189073801,-5.748607516288757324e-01,4.756644666194915771e-01,1.023105025291442871e+00
1762890429.208979368,-5.847439169883728027e-01,4.809246957302093506e-01,1.023089289665222168e+00
1762890429.229153395,-5.916883349418640137e-01,4.842757880687713623e-01,1.023080945014953613e+00
1762890429.249234200,-6.034661531448364258e-01,4.901413917541503906e-01,1.023030042648315430e+00
1762890429.269117832,-6.115595102310180664e-01,4.937754273414611816e-01,1.023000717163085938e+00
1762890429.289188623,-6.204589605331420898e-01,4.976130127906799316e-01,1.022959947586059570e+00
1762890429.309146881,-6.298619508743286133e-01,5.014646649360656738e-01,1.022916078567504883e+00
1762890429.329025745,-6.407406926155090332e-01,5.058221220970153809e-01,1.022865176200866699e+00
1762890429.349117041,-6.484491229057312012e-01,5.082931518554687500e-01,1.022857189178466797e+00
1762890429.369331360,-6.575503945350646973e-01,5.112290978431701660e-01,1.022829651832580566e+00
1762890429.389076471,-6.670320034027099609e-01,5.141316652297973633e-01,1.022791385650634766e+00
1762890429.409107685,-6.759753227233886719e-01,5.164548754692077637e-01,1.022742033004760742e+00
1762890429.429098606,-6.848283410072326660e-01,5.184747576713562012e-01,1.022668480873107910e+00
1762890429.449061394,-6.935935616493225098e-01,5.201913714408874512e-01,1.022560715675354004e+00
1762890429.469056368,-7.022739052772521973e-01,5.216056108474731445e-01,1.022411584854125977e+00
1762890429.489183187,-7.108696103096008301e-01,5.227170586585998535e-01,1.022217154502868652e+00
1762890429.509075165,-7.193793058395385742e-01,5.235239863395690918e-01,1.021973848342895508e+00
1762890429.529093504,-7.278002500534057617e-01,5.240246057510375977e-01,1.021681666374206543e+00
1762890429.550062418,-7.365042567253112793e-01,5.242354869842529297e-01,1.021324753761291504e+00
1762890429.570137501,-7.443664669990539551e-01,5.240916609764099121e-01,1.020954251289367676e+00
1762890429.590025902,-7.524769902229309082e-01,5.236626267433166504e-01,1.020529150962829590e+00
1762890429.610025406,-7.605051994323730469e-01,5.229233503341674805e-01,1.020069718360900879e+00
1762890429.630074501,-7.684286236763000488e-01,5.218719840049743652e-01,1.019582986831665039e+00
1762890429.650188208,-7.762424945831298828e-01,5.205087661743164062e-01,1.019076347351074219e+00
1762890429.669066668,-7.804559469223022461e-01,5.194905400276184082e-01,1.018800258636474609e+00
1762890429.689143181,-7.881113290786743164e-01,5.176468491554260254e-01,1.018268108367919922e+00
1762890429.709198952,-7.956151366233825684e-01,5.155046582221984863e-01,1.017727375030517578e+00
1762890429.729304075,-8.030235767364501953e-01,5.130538940429687500e-01,1.017176628112792969e+00
1762890429.749086857,-8.103170990943908691e-01,5.103008747100830078e-01,1.016620397567749023e+00
1762890429.769050121,-8.174951672554016113e-01,5.072446465492248535e-01,1.016060352325439453e+00
1762890429.790163279,-8.245587944984436035e-01,5.038822889328002930e-01,1.015494585037231445e+00
1762890429.809064865,-8.315249681472778320e-01,5.002037882804870605e-01,1.014919400215148926e+00
1762890429.829064846,-8.383602499961853027e-01,4.962274134159088135e-01,1.014335393905639648e+00
1762890429.849112511,-8.450685739517211914e-01,4.919579923152923584e-01,1.013739705085754395e+00
1762890429.869161606,-8.516851663589477539e-01,4.873757362365722656e-01,1.013126611709594727e+00
1762890429.889225483,-8.581935167312622070e-01,4.824918210506439209e-01,1.012495279312133789e+00
1762890429.909251928,-8.645936250686645508e-01,4.773104190826416016e-01,1.011843442916870117e+00
1762890429.929040909,-8.708873987197875977e-01,4.718356132507324219e-01,1.011169314384460449e+00
1762890429.949167013,-8.770767450332641602e-01,4.660720229148864746e-01,1.010472774505615234e+00
1762890429.969266176,-8.831626772880554199e-01,4.600247442722320557e-01,1.009755134582519531e+00
1762890429.989347935,-8.891459107398986816e-01,4.536992311477661133e-01,1.009018421173095703e+00
1762890430.009082317,-8.950266242027282715e-01,4.471014142036437988e-01,1.008265376091003418e+00
1762890430.029054165,-9.002318978309631348e-01,4.409525394439697266e-01,1.007576704025268555e+00
1762890430.049277782,-9.059172272682189941e-01,4.338529407978057861e-01,1.006802558898925781e+00
1762890430.069435596,-9.114986658096313477e-01,4.264993071556091309e-01,1.006024003028869629e+00
1762890430.089087725,-9.169750809669494629e-01,4.188980758190155029e-01,1.005245685577392578e+00
1762890430.109133720,-9.223449826240539551e-01,4.110560715198516846e-01,1.004472136497497559e+00
1762890430.129010916,-9.276069998741149902e-01,4.029794037342071533e-01,1.003707528114318848e+00
1762890430.149080276,-9.327608346939086914e-01,3.946731388568878174e-01,1.002955555915832520e+00
1762890430.169062614,-9.378058910369873047e-01,3.861416578292846680e-01,1.002220153808593750e+00
1762890430.188998222,-9.427402019500732422e-01,3.773910105228424072e-01,1.001505255699157715e+00
1762890430.210158825,-9.475624561309814453e-01,3.684266209602355957e-01,1.000811934471130371e+00
1762890430.229997158,-9.522923231124877930e-01,3.592076599597930908e-01,1.000138163566589355e+00
1762890430.250117064,-9.568614959716796875e-01,3.498773276805877686e-01,9.994931221008300781e-01
1762890430.270279169,-9.613384008407592773e-01,3.403022587299346924e-01,9.988675117492675781e-01
1762890430.290010214,-9.656986594200134277e-01,3.305298388004302979e-01,9.982640743255615234e-01
1762890430.310004711,-9.699394702911376953e-01,3.205677866935729980e-01,9.976822733879089355e-01
1762890430.330083132,-9.740595817565917969e-01,3.104209005832672119e-01,9.971206784248352051e-01
1762890430.350080967,-9.776086807250976562e-01,3.012759089469909668e-01,9.966374635696411133e-01
1762890430.370050192,-9.814673662185668945e-01,2.908752262592315674e-01,9.961158633232116699e-01
1762890430.390291929,-9.851267933845520020e-01,2.805263996124267578e-01,9.956218004226684570e-01
1762890430.410063744,-9.888643622398376465e-01,2.694372534751892090e-01,9.951190352439880371e-01
1762890430.430017710,-9.922881126403808594e-01,2.587479650974273682e-01,9.946601986885070801e-01
1762890430.449246407,-9.962036609649658203e-01,2.458363324403762817e-01,9.941411614418029785e-01
1762890430.469155073,-9.994114041328430176e-01,2.346602827310562134e-01,9.937155246734619141e-01
1762890430.489124775,-1.002440690994262695e+00,2.235349416732788086e-01,9.933156967163085938e-01
1762890430.511191130,-1.005196571350097656e+00,2.129154950380325317e-01,9.929535388946533203e-01
1762890430.529984713,-1.008093595504760742e+00,2.011041492223739624e-01,9.925781488418579102e-01
1762890430.550062656,-1.010449886322021484e+00,1.908898353576660156e-01,9.922767877578735352e-01
1762890430.570107698,-1.013450145721435547e+00,1.773129999637603760e-01,9.918925166130065918e-01
1762890430.590540171,-1.015894770622253418e+00,1.654487401247024536e-01,9.915797114372253418e-01
1762890430.610186577,-1.018002510070800781e+00,1.544711738824844360e-01,9.913096427917480469e-01
1762890430.630295038,-1.020269989967346191e+00,1.420500874519348145e-01,9.910143017768859863e-01
1762890430.650078297,-1.022410154342651367e+00,1.295024603605270386e-01,9.907343983650207520e-01
1762890430.670108080,-1.024422049522399902e+00,1.168351396918296814e-01,9.904712438583374023e-01
1762890430.690216303,-1.026304364204406738e+00,1.040553599596023560e-01,9.902260899543762207e-01
1762890430.710050106,-1.028056263923645020e+00,9.117086976766586304e-02,9.899996519088745117e-01
1762890430.730106115,-1.029675841331481934e+00,7.819168269634246826e-02,9.897927641868591309e-01
1762890430.749075890,-1.031186461448669434e+00,6.485209614038467407e-02,9.896040558815002441e-01
1762890430.769177198,-1.032508850097656250e+00,5.199231579899787903e-02,9.894465208053588867e-01
1762890430.789105654,-1.033718228340148926e+00,3.882268816232681274e-02,9.893143773078918457e-01
1762890430.809100151,-1.034788966178894043e+00,2.559690363705158234e-02,9.892152547836303711e-01
1762890430.829083204,-1.035717725753784180e+00,1.234747283160686493e-02,9.891557097434997559e-01
1762890430.849281073,-1.036503434181213379e+00,-9.102561743929982185e-04,9.891391992568969727e-01
1762890430.869104385,-1.037145376205444336e+00,-1.416343916207551956e-02,9.891694784164428711e-01
1762890430.889195204,-1.037642717361450195e+00,-2.739854343235492706e-02,9.892520904541015625e-01
1762890430.909125328,-1.037995219230651855e+00,-4.060222581028938293e-02,9.893910288810729980e-01
1762890430.929067135,-1.038202643394470215e+00,-5.376191064715385437e-02,9.895880818367004395e-01
1762890430.950130939,-1.038258671760559082e+00,-6.714274734258651733e-02,9.898507595062255859e-01
1762890430.970102549,-1.038180947303771973e+00,-7.990731298923492432e-02,9.901583790779113770e-01
1762890430.990282774,-1.037954807281494141e+00,-9.285108000040054321e-02,9.905270338058471680e-01
1762890431.010095596,-1.037584304809570312e+00,-1.057250276207923889e-01,9.909484386444091797e-01
1762890431.030157328,-1.037070751190185547e+00,-1.185059770941734314e-01,9.914178252220153809e-01
1762890431.049044132,-1.036232352256774902e+00,-1.322651356458663940e-01,9.919967055320739746e-01
1762890431.069154739,-1.035468339920043945e+00,-1.442887187004089355e-01,9.925206303596496582e-01
1762890431.089115620,-1.034522414207458496e+00,-1.567135155200958252e-01,9.930965304374694824e-01
1762890431.109281778,-1.033432722091674805e+00,-1.690568178892135620e-01,9.936957955360412598e-01
1762890431.129344463,-1.032201170921325684e+00,-1.812853813171386719e-01,9.943093657493591309e-01
1762890431.149004936,-1.030828356742858887e+00,-1.933940052986145020e-01,9.949299693107604980e-01
1762890431.170101404,-1.029293298721313477e+00,-2.054864466190338135e-01,9.955582618713378906e-01
1762890431.190091848,-1.027658104896545410e+00,-2.172173708677291870e-01,9.961691498756408691e-01
1762890431.209969044,-1.025863409042358398e+00,-2.289357185363769531e-01,9.967808127403259277e-01
1762890431.229065418,-1.024979948997497559e+00,-2.355835884809494019e-01,9.971004724502563477e-01
1762890431.249150753,-1.022959351539611816e+00,-2.471293807029724121e-01,9.977012872695922852e-01
1762890431.270466328,-1.020779371261596680e+00,-2.585979700088500977e-01,9.982950091361999512e-01
1762890431.290092230,-1.018503546714782715e+00,-2.697225213050842285e-01,9.988665580749511719e-01
1762890431.310142040,-1.016057372093200684e+00,-2.808104157447814941e-01,9.994379878044128418e-01
1762890431.330204725,-1.013461351394653320e+00,-2.917547225952148438e-01,1.000003933906555176e+00
1762890431.350070477,-1.010712027549743652e+00,-3.025459647178649902e-01,1.000561594963073730e+00
1762890431.370171547,-1.007806658744812012e+00,-3.131807744503021240e-01,1.001111745834350586e+00
1762890431.390252113,-1.004742860794067383e+00,-3.236554265022277832e-01,1.001654744148254395e+00
1762890431.409964561,-1.001518130302429199e+00,-3.339651226997375488e-01,1.002190470695495605e+00
1762890431.430020571,-9.981310963630676270e-01,-3.441036641597747803e-01,1.002719044685363770e+00
1762890431.449193239,-9.945812225341796875e-01,-3.540642261505126953e-01,1.003240108489990234e+00
1762890431.469222307,-9.908579587936401367e-01,-3.638591766357421875e-01,1.003754615783691406e+00
1762890431.489086151,-9.869939684867858887e-01,-3.734166026115417480e-01,1.004259228706359863e+00
1762890431.509099245,-9.829592108726501465e-01,-3.827949464321136475e-01,1.004758119583129883e+00
1762890431.529166937,-9.787651300430297852e-01,-3.919641971588134766e-01,1.005250930786132812e+00
1762890431.549418688,-9.747899770736694336e-01,-3.998969495296478271e-01,1.005681872367858887e+00
1762890431.569068670,-9.699106812477111816e-01,-4.096367061138153076e-01,1.006222605705261230e+00
1762890431.589104176,-9.656589031219482422e-01,-4.171508252620697021e-01,1.006646394729614258e+00
1762890431.609084368,-9.604539871215820312e-01,-4.263724088668823242e-01,1.007182359695434570e+00
1762890431.629054308,-9.559366703033447266e-01,-4.334421455860137939e-01,1.007602810859680176e+00
1762890431.650310278,-9.504061937332153320e-01,-4.421316981315612793e-01,1.008138179779052734e+00
1762890431.670142174,-9.451950788497924805e-01,-4.495996534824371338e-01,1.008612275123596191e+00
1762890431.690052509,-9.403033852577209473e-01,-4.559571444988250732e-01,1.009026646614074707e+00
1762890431.710160017,-9.343411922454833984e-01,-4.637738764286041260e-01,1.009553909301757812e+00
1762890431.730092049,-9.292095303535461426e-01,-4.696402549743652344e-01,1.009959220886230469e+00
1762890431.750026464,-9.234679341316223145e-01,-4.760712385177612305e-01,1.010413169860839844e+00
1762890431.770127773,-9.175992012023925781e-01,-4.822240471839904785e-01,1.010857224464416504e+00
1762890431.790443182,-9.116047024726867676e-01,-4.880966544151306152e-01,1.011287212371826172e+00
1762890431.809055805,-9.054850339889526367e-01,-4.936868548393249512e-01,1.011699914932250977e+00
1762890431.829993963,-8.990591168403625488e-01,-4.990941286087036133e-01,1.012101531028747559e+00
1762890431.850078583,-8.928698301315307617e-01,-5.040028095245361328e-01,1.012464880943298340e+00
1762890431.870261908,-8.863854408264160156e-01,-5.087301135063171387e-01,1.012810587882995605e+00
1762890431.890043020,-8.797636628150939941e-01,-5.131764411926269531e-01,1.013130545616149902e+00
1762890431.910126448,-8.730132579803466797e-01,-5.173339247703552246e-01,1.013423442840576172e+00
1762890431.930138350,-8.661335706710815430e-01,-5.212019085884094238e-01,1.013687372207641602e+00
1762890431.950125933,-8.591227531433105469e-01,-5.247805714607238770e-01,1.013920783996582031e+00
1762890431.970129013,-8.519791960716247559e-01,-5.280690193176269531e-01,1.014123558998107910e+00
1762890431.990189791,-8.447017669677734375e-01,-5.310660600662231445e-01,1.014296174049377441e+00
1762890432.010230064,-8.372896909713745117e-01,-5.337702035903930664e-01,1.014438986778259277e+00
1762890432.029187679,-8.297424912452697754e-01,-5.361792445182800293e-01,1.014552354812622070e+00
1762890432.049175262,-8.220198750495910645e-01,-5.382910370826721191e-01,1.014636874198913574e+00
1762890432.069461584,-8.142462968826293945e-01,-5.400983095169067383e-01,1.014695405960083008e+00
1762890432.089109182,-8.062975406646728516e-01,-5.416076183319091797e-01,1.014728307723999023e+00
1762890432.109135151,-7.982135415077209473e-01,-5.428122282028198242e-01,1.014737486839294434e+00
1762890432.130210876,-7.898048162460327148e-01,-5.436926484107971191e-01,1.014721035957336426e+00
1762890432.150658846,-7.816469073295593262e-01,-5.442918539047241211e-01,1.014691710472106934e+00
1762890432.170095205,-7.731845378875732422e-01,-5.445693135261535645e-01,1.014639496803283691e+00
1762890432.190150023,-7.645845413208007812e-01,-5.445336699485778809e-01,1.014568686485290527e+00
1762890432.210310936,-7.552118301391601562e-01,-5.436729788780212402e-01,1.014420390129089355e+00
1762890432.230251789,-7.463546395301818848e-01,-5.429884195327758789e-01,1.014314293861389160e+00
1762890432.250035286,-7.373765707015991211e-01,-5.419903993606567383e-01,1.014190793037414551e+00
1762890432.270168781,-7.282793521881103516e-01,-5.406788587570190430e-01,1.014050126075744629e+00
1762890432.290382147,-7.219144105911254883e-01,-5.400182008743286133e-01,1.013991832733154297e+00
1762890432.310076952,-7.127946615219116211e-01,-5.382336974143981934e-01,1.013832211494445801e+00
1762890432.330192804,-7.034007310867309570e-01,-5.360903739929199219e-01,1.013652086257934570e+00
1762890432.350244999,-6.933313608169555664e-01,-5.334101915359497070e-01,1.013437628746032715e+00
1762890432.369922638,-6.819247007369995117e-01,-5.298157930374145508e-01,1.013177275657653809e+00
1762890432.389124632,-6.742060780525207520e-01,-5.276523828506469727e-01,1.013059973716735840e+00
1762890432.409310341,-6.647103428840637207e-01,-5.244406461715698242e-01,1.012872457504272461e+00
1762890432.429058552,-6.541818976402282715e-01,-5.204746723175048828e-01,1.012645006179809570e+00
1762890432.449101925,-6.446434855461120605e-01,-5.167735219001770020e-01,1.012451529502868652e+00
1762890432.469186783,-6.338658332824707031e-01,-5.121700167655944824e-01,1.012214064598083496e+00
1762890432.489444733,-6.216207146644592285e-01,-5.064216256141662598e-01,1.011915802955627441e+00
1762890432.508981943,-6.110091209411621094e-01,-5.013941526412963867e-01,1.011665701866149902e+00
1762890432.530137062,-6.028484702110290527e-01,-4.977073967456817627e-01,1.011506676673889160e+00
1762890432.550184488,-5.891203880310058594e-01,-4.902440905570983887e-01,1.011094689369201660e+00
1762890432.570059061,-5.812577605247497559e-01,-4.864348769187927246e-01,1.010916948318481445e+00
1762890432.590047359,-5.697987675666809082e-01,-4.800364077091217041e-01,1.010565042495727539e+00
1762890432.610215187,-5.592739582061767578e-01,-4.740760922431945801e-01,1.010256171226501465e+00
1762890432.630310059,-5.480425953865051270e-01,-4.674349725246429443e-01,1.009907126426696777e+00
1762890432.650172710,-5.359625220298767090e-01,-4.595912098884582520e-01,1.009477615356445312e+00
1762890432.670082331,-5.244361162185668945e-01,-4.523394703865051270e-01,1.009139418601989746e+00
1762890432.690141678,-5.135102272033691406e-01,-4.457514882087707520e-01,1.008877158164978027e+00
1762890432.710145950,-5.017562508583068848e-01,-4.379732608795166016e-01,1.008525371551513672e+00
1762890432.729104996,-4.947072267532348633e-01,-4.334382414817810059e-01,1.008342504501342773e+00
1762890432.749055147,-4.827444255352020264e-01,-4.252129793167114258e-01,1.007973432540893555e+00
1762890432.769079924,-4.707386791706085205e-01,-4.167828261852264404e-01,1.007595896720886230e+00
1762890432.789122820,-4.586047530174255371e-01,-4.080812036991119385e-01,1.007205843925476074e+00
1762890432.810147524,-4.462411403656005859e-01,-3.990219831466674805e-01,1.006803512573242188e+00
1762890432.830371380,-4.340676367282867432e-01,-3.899639248847961426e-01,1.006413698196411133e+00
1762890432.850241184,-4.216862022876739502e-01,-3.805705904960632324e-01,1.006021976470947266e+00
1762890432.870079994,-4.092209339141845703e-01,-3.709479570388793945e-01,1.005640864372253418e+00
1762890432.890058756,-3.966847956180572510e-01,-3.611100018024444580e-01,1.005276560783386230e+00
1762890432.910116673,-3.840842247009277344e-01,-3.510648608207702637e-01,1.004935026168823242e+00
1762890432.931175232,-3.714259266853332520e-01,-3.408209383487701416e-01,1.004620790481567383e+00
1762890432.949049950,-3.586857616901397705e-01,-3.303577005863189697e-01,1.004336595535278320e+00
1762890432.969084501,-3.459698855876922607e-01,-3.197775483131408691e-01,1.004089593887329102e+00
1762890432.989019156,-3.331864178180694580e-01,-3.089984357357025146e-01,1.003879189491271973e+00
1762890433.009118319,-3.203743100166320801e-01,-2.980601489543914795e-01,1.003709554672241211e+00
1762890433.029140949,-3.075430989265441895e-01,-2.869762182235717773e-01,1.003585577011108398e+00
1762890433.049124002,-2.946980893611907959e-01,-2.757577896118164062e-01,1.003509283065795898e+00
1762890433.068986416,-2.830420136451721191e-01,-2.652748227119445801e-01,1.003455758094787598e+00
1762890433.089100122,-2.701815664768218994e-01,-2.538280189037322998e-01,1.003476738929748535e+00
1762890433.109111071,-2.573187053203582764e-01,-2.422760277986526489e-01,1.003550171852111816e+00
1762890433.129166603,-2.444555014371871948e-01,-2.306286096572875977e-01,1.003674626350402832e+00
1762890433.149264812,-2.315935343503952026e-01,-2.188949584960937500e-01,1.003849983215332031e+00
1762890433.168989182,-2.187326848506927490e-01,-2.070829719305038452e-01,1.004072904586791992e+00
1762890433.189162731,-2.058713436126708984e-01,-1.951994895935058594e-01,1.004338741302490234e+00
1762890433.209405422,-1.930077075958251953e-01,-1.832504868507385254e-01,1.004642844200134277e+00
1762890433.229109287,-1.801398396492004395e-01,-1.712419986724853516e-01,1.004979133605957031e+00
1762890433.249062777,-1.672652810811996460e-01,-1.591794639825820923e-01,1.005339860916137695e+00
1762890433.269291878,-1.542569547891616821e-01,-1.469387859106063843e-01,1.005719542503356934e+00
1762890433.289112091,-1.415042132139205933e-01,-1.349303871393203735e-01,1.006103754043579102e+00
1762890433.309109211,-1.286024898290634155e-01,-1.227423697710037231e-01,1.006494998931884766e+00
1762890433.329176188,-1.156742572784423828e-01,-1.105088517069816589e-01,1.006884932518005371e+00
1762890433.349416971,-1.027237921953201294e-01,-9.824011474847793579e-02,1.007271766662597656e+00
1762890433.369146824,-8.974719792604446411e-02,-8.593760430812835693e-02,1.007652044296264648e+00
1762890433.389057875,-7.673946022987365723e-02,-7.360090315341949463e-02,1.008020758628845215e+00
1762890433.409066200,-6.369813531637191772e-02,-6.123087555170059204e-02,1.008374571800231934e+00
1762890433.429265022,-5.062225088477134705e-02,-4.883053153753280640e-02,1.008708715438842773e+00
1762890433.449143887,-3.751131147146224976e-02,-3.640386089682579041e-02,1.009018778800964355e+00
1762890433.470999956,-2.406750433146953583e-02,-2.364807948470115662e-02,1.009305596351623535e+00
1762890433.489101887,-1.111930515617132187e-02,-1.142098102718591690e-02,1.009557843208312988e+00
1762890433.509233713,1.995802391320466995e-03,9.569185203872621059e-04,1.009786844253540039e+00
1762890433.529061794,1.522212848067283630e-02,1.342278067022562027e-02,1.009994864463806152e+00
1762890433.549166679,2.847458422183990479e-02,2.588383108377456665e-02,1.010188341140747070e+00
1762890433.569106340,4.174402728676795959e-02,3.832477331161499023e-02,1.010377526283264160e+00
1762890433.589241505,5.502808094024658203e-02,5.073735117912292480e-02,1.010572552680969238e+00
1762890433.609063864,6.919211149215698242e-02,6.425441801548004150e-02,1.010753035545349121e+00
1762890433.629118919,8.249747008085250854e-02,7.658072561025619507e-02,1.010989785194396973e+00
1762890433.649141073,9.580555558204650879e-02,8.884982764720916748e-02,1.011258006095886230e+00
1762890433.669423819,1.091118901968002319e-01,1.010509729385375977e-01,1.011562228202819824e+00
1762890433.690296650,1.230403259396553040e-01,1.137925982475280762e-01,1.011915683746337891e+00
1762890433.710140944,1.357122808694839478e-01,1.252144724130630493e-01,1.012288331985473633e+00
1762890433.730265379,1.480822563171386719e-01,1.360189914703369141e-01,1.012717247009277344e+00
1762890433.750278711,1.613323986530303955e-01,1.478435695171356201e-01,1.013171195983886719e+00
1762890433.770042181,1.754221022129058838e-01,1.606134474277496338e-01,1.013662099838256836e+00
1762890433.790144444,1.886205524206161499e-01,1.721713691949844360e-01,1.014189839363098145e+00
1762890433.810259342,2.017895132303237915e-01,1.835883855819702148e-01,1.014748573303222656e+00
1762890433.830160618,2.149287909269332886e-01,1.948593258857727051e-01,1.015334963798522949e+00
1762890433.850241899,2.280379533767700195e-01,2.059801518917083740e-01,1.015944004058837891e+00
1762890433.870551586,2.411152273416519165e-01,2.169459164142608643e-01,1.016570091247558594e+00
1762890433.890034199,2.541595101356506348e-01,2.277514487504959106e-01,1.017206192016601562e+00
1762890433.910084724,2.671675980091094971e-01,2.383904904127120972e-01,1.017844319343566895e+00
1762890433.930478096,2.762329280376434326e-01,2.454414367675781250e-01,1.018302083015441895e+00
1762890433.950143099,2.896738052368164062e-01,2.562159001827239990e-01,1.018944263458251953e+00
1762890433.970171690,3.048600852489471436e-01,2.683103978633880615e-01,1.019642591476440430e+00
1762890433.989984274,3.148221969604492188e-01,2.758306860923767090e-01,1.020103454589843750e+00
1762890434.010072947,3.274541795253753662e-01,2.854670584201812744e-01,1.020676612854003906e+00
1762890434.030086756,3.402194678783416748e-01,2.950599193572998047e-01,1.021256327629089355e+00
1762890434.050120592,3.529722690582275391e-01,3.044897615909576416e-01,1.021836042404174805e+00
1762890434.070145369,3.657011389732360840e-01,3.137519359588623047e-01,1.022425651550292969e+00
1762890434.090171814,3.784150183200836182e-01,3.228499889373779297e-01,1.023010253906250000e+00
1762890434.110050440,3.911246359348297119e-01,3.317949175834655762e-01,1.023567795753479004e+00
1762890434.130149364,4.038308858871459961e-01,3.405925333499908447e-01,1.024083852767944336e+00
1762890434.150115728,4.165339767932891846e-01,3.492426574230194092e-01,1.024542093276977539e+00
1762890434.170239925,4.292334020137786865e-01,3.577428758144378662e-01,1.024926543235778809e+00
1762890434.190129995,4.419240355491638184e-01,3.660880327224731445e-01,1.025228857994079590e+00
1762890434.210008860,4.545993506908416748e-01,3.742703497409820557e-01,1.025447487831115723e+00
1762890434.230029106,4.672519266605377197e-01,3.822795152664184570e-01,1.025586843490600586e+00
1762890434.250241995,4.798726439476013184e-01,3.901035487651824951e-01,1.025658845901489258e+00
1762890434.270107269,4.924510121345520020e-01,3.977283835411071777e-01,1.025680184364318848e+00
1762890434.290173531,5.049768686294555664e-01,4.051388502120971680e-01,1.025670289993286133e+00
1762890434.310064793,5.174399614334106445e-01,4.123196899890899658e-01,1.025650501251220703e+00
1762890434.330085993,5.298304557800292969e-01,4.192555844783782959e-01,1.025641322135925293e+00
1762890434.349266291,5.434877276420593262e-01,4.269002377986907959e-01,1.025629997253417969e+00
1762890434.369112492,5.551365613937377930e-01,4.329451918601989746e-01,1.025699138641357422e+00
1762890434.389059067,5.672188401222229004e-01,4.390223324298858643e-01,1.025817036628723145e+00
1762890434.409046888,5.792308449745178223e-01,4.448222815990447998e-01,1.025992274284362793e+00
1762890434.429102659,5.911374092102050781e-01,4.503186047077178955e-01,1.026226043701171875e+00
1762890434.449187756,6.029300689697265625e-01,4.555019438266754150e-01,1.026515722274780273e+00
1762890434.469049692,6.146053671836853027e-01,4.603658616542816162e-01,1.026849389076232910e+00
1762890434.489096880,6.261639595031738281e-01,4.649086594581604004e-01,1.027210235595703125e+00
1762890434.509336472,6.376055479049682617e-01,4.691303670406341553e-01,1.027580738067626953e+00
1762890434.529101849,6.489303708076477051e-01,4.730317890644073486e-01,1.027944922447204590e+00
1762890434.549087286,6.601396203041076660e-01,4.766151905059814453e-01,1.028285026550292969e+00
1762890434.569282293,6.661947369575500488e-01,4.781702458858489990e-01,1.028439164161682129e+00
1762890434.589048862,6.771329045295715332e-01,4.812416732311248779e-01,1.028705120086669922e+00
1762890434.609060287,6.880171895027160645e-01,4.840300679206848145e-01,1.028914451599121094e+00
1762890434.629135132,6.988244652748107910e-01,4.865286350250244141e-01,1.029057264328002930e+00
1762890434.649488211,7.095203995704650879e-01,4.887310564517974854e-01,1.029129028320312500e+00
1762890434.669057131,7.201052308082580566e-01,4.906402826309204102e-01,1.029127836227416992e+00
1762890434.689184666,7.305840849876403809e-01,4.922601878643035889e-01,1.029052734375000000e+00
1762890434.709355831,7.409604787826538086e-01,4.935960173606872559e-01,1.028904676437377930e+00
1762890434.729160070,7.512356042861938477e-01,4.946523010730743408e-01,1.028687834739685059e+00
1762890434.749104023,7.614098191261291504e-01,4.954326748847961426e-01,1.028408646583557129e+00
1762890434.769099712,7.705143094062805176e-01,4.959716498851776123e-01,1.028107881546020508e+00
1762890434.789233685,7.804929018020629883e-01,4.962346553802490234e-01,1.027727961540222168e+00
1762890434.809016228,7.892116904258728027e-01,4.961893558502197266e-01,1.027360320091247559e+00
1762890434.829037666,7.986273765563964844e-01,4.959402382373809814e-01,1.026928663253784180e+00
1762890434.849173784,8.082664012908935547e-01,4.954429864883422852e-01,1.026458144187927246e+00
1762890434.869334936,8.178057670593261719e-01,4.946806430816650391e-01,1.025970935821533203e+00
1762890434.889208317,8.285717368125915527e-01,4.935490190982818604e-01,1.025400996208190918e+00
1762890434.909133196,8.368479609489440918e-01,4.923238456249237061e-01,1.024963140487670898e+00
1762890434.929281235,8.456737399101257324e-01,4.907881021499633789e-01,1.024487853050231934e+00
1762890434.949016094,8.546840548515319824e-01,4.889557063579559326e-01,1.023997068405151367e+00
1762890434.969051123,8.635833859443664551e-01,4.868511855602264404e-01,1.023509860038757324e+00
1762890434.989095926,8.723471760749816895e-01,4.844748377799987793e-01,1.023029446601867676e+00
1762890435.009029150,8.809703588485717773e-01,4.818248450756072998e-01,1.022552371025085449e+00
1762890435.029076099,8.894533514976501465e-01,4.788998067378997803e-01,1.022073149681091309e+00
1762890435.049155712,8.977941870689392090e-01,4.756987094879150391e-01,1.021585464477539062e+00
1762890435.068953753,9.059894084930419922e-01,4.722205400466918945e-01,1.021085023880004883e+00
1762890435.089049101,9.140356779098510742e-01,4.684645533561706543e-01,1.020568609237670898e+00
1762890435.109068155,9.219291210174560547e-01,4.644304513931274414e-01,1.020032644271850586e+00
1762890435.129291058,9.296651482582092285e-01,4.601183831691741943e-01,1.019474387168884277e+00
1762890435.149074316,9.372391104698181152e-01,4.555289447307586670e-01,1.018893003463745117e+00
1762890435.169211149,9.446461200714111328e-01,4.506633579730987549e-01,1.018289208412170410e+00
1762890435.189028502,9.518812894821166992e-01,4.455233216285705566e-01,1.017664194107055664e+00
1762890435.209198475,9.589402079582214355e-01,4.401111304759979248e-01,1.017020106315612793e+00
1762890435.230126619,9.658185243606567383e-01,4.344298839569091797e-01,1.016360282897949219e+00
1762890435.250166893,9.725269079208374023e-01,4.284681975841522217e-01,1.015686035156250000e+00
1762890435.270145416,9.790146350860595703e-01,4.222751259803771973e-01,1.015005946159362793e+00
1762890435.290285110,9.853283762931823730e-01,4.158114194869995117e-01,1.014318227767944336e+00
1762890435.310099840,9.914499521255493164e-01,4.090955555438995361e-01,1.013627052307128906e+00
1762890435.330023766,9.973764419555664062e-01,4.021340608596801758e-01,1.012935042381286621e+00
1762890435.350255489,1.003107428550720215e+00,3.949331045150756836e-01,1.012243986129760742e+00
1762890435.370140791,1.008643031120300293e+00,3.874988853931427002e-01,1.011554956436157227e+00
1762890435.390132189,1.013983249664306641e+00,3.798377513885498047e-01,1.010868668556213379e+00
1762890435.410156488,1.018608808517456055e+00,3.727734684944152832e-01,1.010254263877868652e+00
1762890435.430116177,1.024080514907836914e+00,3.638618588447570801e-01,1.009505510330200195e+00
1762890435.449997425,1.028354883193969727e+00,3.564174771308898926e-01,1.008897185325622559e+00
1762890435.470076799,1.032938718795776367e+00,3.479361832141876221e-01,1.008222818374633789e+00
1762890435.490229130,1.037201404571533203e+00,3.395184576511383057e-01,1.007571578025817871e+00
1762890435.510063171,1.040946602821350098e+00,3.316799402236938477e-01,1.006979346275329590e+00
1762890435.530075550,1.045064687728881836e+00,3.224835693836212158e-01,1.006301164627075195e+00
1762890435.550103188,1.049214124679565430e+00,3.125078380107879639e-01,1.005584955215454102e+00
1762890435.570117712,1.052494406700134277e+00,3.041293621063232422e-01,1.004998087882995605e+00
1762890435.590002775,1.056040644645690918e+00,2.944060266017913818e-01,1.004335045814514160e+00
1762890435.610162973,1.059252023696899414e+00,2.849615514278411865e-01,1.003709435462951660e+00
1762890435.630014420,1.062367796897888184e+00,2.751149535179138184e-01,1.003077745437622070e+00
1762890435.649171114,1.065314412117004395e+00,2.650884091854095459e-01,1.002455234527587891e+00
1762890435.669293642,1.068364500999450684e+00,2.537432909011840820e-01,1.001773118972778320e+00
1762890435.689147949,1.070772290229797363e+00,2.442006468772888184e-01,1.001216173171997070e+00
1762890435.710110903,1.073132514953613281e+00,2.340232431888580322e-01,1.000638723373413086e+00
1762890435.730108500,1.075462698936462402e+00,2.230335921049118042e-01,1.000030040740966797e+00
1762890435.750291109,1.077697038650512695e+00,2.113497108221054077e-01,9.993993043899536133e-01
1762890435.770032883,1.079454779624938965e+00,2.015223950147628784e-01,9.988785386085510254e-01
1762890435.790039539,1.081367373466491699e+00,1.892656683921813965e-01,9.982444047927856445e-01
1762890435.809274912,1.082868695259094238e+00,1.788185387849807739e-01,9.977144598960876465e-01
1762890435.829211950,1.084056258201599121e+00,1.690675467252731323e-01,9.972333908081054688e-01
1762890435.849135160,1.085626840591430664e+00,1.548409163951873779e-01,9.965527653694152832e-01
1762890435.869120598,1.086445093154907227e+00,1.458826214075088501e-01,9.961456656455993652e-01
1762890435.889142036,1.087452054023742676e+00,1.318276971578598022e-01,9.955371618270874023e-01
1762890435.909035444,1.088108420372009277e+00,1.224571689963340759e-01,9.951540827751159668e-01
1762890435.929089546,1.088666319847106934e+00,1.107283756136894226e-01,9.947079420089721680e-01
1762890435.949112654,1.089045763015747070e+00,9.877846390008926392e-02,9.942935109138488770e-01
1762890435.969031572,1.089238643646240234e+00,8.674942702054977417e-02,9.939199686050415039e-01
1762890435.989173889,1.089243769645690918e+00,7.465712726116180420e-02,9.935845136642456055e-01
1762890436.009107590,1.089059352874755859e+00,6.251098960638046265e-02,9.932825565338134766e-01
1762890436.029309273,1.088684320449829102e+00,5.031764879822731018e-02,9.930118322372436523e-01
1762890436.049193382,1.088117718696594238e+00,3.808430954813957214e-02,9.927698373794555664e-01
1762890436.069091320,1.087359189987182617e+00,2.582080289721488953e-02,9.925525188446044922e-01
1762890436.089077234,1.086408138275146484e+00,1.353937294334173203e-02,9.923565983772277832e-01
1762890436.108975887,1.085264086723327637e+00,1.252126647159457207e-03,9.921799302101135254e-01
1762890436.129281759,1.083916306495666504e+00,-1.108573190867900848e-02,9.920232295989990234e-01
1762890436.149112940,1.082383751869201660e+00,-2.334474027156829834e-02,9.918882250785827637e-01
1762890436.169301271,1.080672502517700195e+00,-3.551822900772094727e-02,9.917752146720886230e-01
1762890436.189047575,1.078760147094726562e+00,-4.771594330668449402e-02,9.916862249374389648e-01
1762890436.209019423,1.076657652854919434e+00,-5.986801162362098694e-02,9.916248917579650879e-01
1762890436.229266644,1.074367403984069824e+00,-7.196147739887237549e-02,9.915944933891296387e-01
1762890436.249091148,1.071892142295837402e+00,-8.398875594139099121e-02,9.915983676910400391e-01
1762890436.269091845,1.069234490394592285e+00,-9.594283998012542725e-02,9.916377067565917969e-01
1762890436.289318323,1.066398501396179199e+00,-1.078166589140892029e-01,9.917124509811401367e-01
1762890436.309106827,1.063387513160705566e+00,-1.196034029126167297e-01,9.918221831321716309e-01
1762890436.329169273,1.060040354728698730e+00,-1.317780166864395142e-01,9.919725060462951660e-01
1762890436.349259615,1.056849837303161621e+00,-1.428969204425811768e-01,9.921389818191528320e-01
1762890436.369183540,1.053348541259765625e+00,-1.543580889701843262e-01,9.923384189605712891e-01
1762890436.389034271,1.049679517745971680e+00,-1.657374948263168335e-01,9.925615191459655762e-01
1762890436.409116507,1.045855998992919922e+00,-1.770038604736328125e-01,9.928041100502014160e-01
1762890436.430286407,1.041782259941101074e+00,-1.883796155452728271e-01,9.930692911148071289e-01
1762890436.450232506,1.037759184837341309e+00,-1.991848051548004150e-01,9.933366775512695312e-01
1762890436.470199108,1.033503890037536621e+00,-2.100797742605209351e-01,9.936196804046630859e-01
1762890436.490223408,1.029104948043823242e+00,-2.208644896745681763e-01,9.939097166061401367e-01
1762890436.510193586,1.024571180343627930e+00,-2.315238267183303833e-01,9.942037463188171387e-01
1762890436.530376196,1.019906520843505859e+00,-2.420547157526016235e-01,9.944998025894165039e-01
1762890436.550046206,1.014687299728393555e+00,-2.527689039707183838e-01,9.948111772537231445e-01
1762890436.569125175,1.012259602546691895e+00,-2.587407827377319336e-01,9.949757456779479980e-01
1762890436.589313269,1.007255077362060547e+00,-2.689485847949981689e-01,9.952725172042846680e-01
1762890436.608984470,1.002158403396606445e+00,-2.789705395698547363e-01,9.955669045448303223e-01
1762890436.628997087,9.969298839569091797e-01,-2.888733446598052979e-01,9.958627223968505859e-01
1762890436.649152517,9.915863871574401855e-01,-2.986290752887725830e-01,9.961606860160827637e-01
1762890436.669011593,9.861294627189636230e-01,-3.082304298877716064e-01,9.964630603790283203e-01
1762890436.689084530,9.805563092231750488e-01,-3.176733851432800293e-01,9.967731237411499023e-01
1762890436.709151745,9.748665690422058105e-01,-3.269543945789337158e-01,9.970892667770385742e-01
1762890436.729104996,9.690601229667663574e-01,-3.360688984394073486e-01,9.974108934402465820e-01
1762890436.749000788,9.631366729736328125e-01,-3.450122475624084473e-01,9.977383613586425781e-01
1762890436.769150734,9.570964574813842773e-01,-3.537797331809997559e-01,9.980707764625549316e-01
1762890436.789674520,9.509400129318237305e-01,-3.623664975166320801e-01,9.984068274497985840e-01
1762890436.809045076,9.446684122085571289e-01,-3.707677125930786133e-01,9.987450242042541504e-01
1762890436.829043150,9.382833242416381836e-01,-3.789783120155334473e-01,9.990841746330261230e-01
1762890436.849198341,9.317865967750549316e-01,-3.869933784008026123e-01,9.994232058525085449e-01
1762890436.869242907,9.257634282112121582e-01,-3.939017653465270996e-01,9.997204542160034180e-01
1762890436.889132261,9.190602302551269531e-01,-4.015300869941711426e-01,1.000056505203247070e+00
1762890436.909064770,9.122520685195922852e-01,-4.089490473270416260e-01,1.000390648841857910e+00
1762890436.929236412,9.053417444229125977e-01,-4.161540567874908447e-01,1.000722765922546387e+00
1762890436.949064255,8.983322381973266602e-01,-4.231406748294830322e-01,1.001051783561706543e+00
1762890436.969108820,8.914562463760375977e-01,-4.297296404838562012e-01,1.001370310783386230e+00
1762890436.989301682,8.842814564704895020e-01,-4.362593889236450195e-01,1.001694202423095703e+00
1762890437.009113073,8.776640892028808594e-01,-4.421371221542358398e-01,1.001995205879211426e+00
1762890437.029023886,8.705570697784423828e-01,-4.480774104595184326e-01,1.002307057380676270e+00
1762890437.049043417,8.628976345062255859e-01,-4.540875554084777832e-01,1.002629756927490234e+00
1762890437.069209099,8.555644154548645020e-01,-4.596164524555206299e-01,1.002937793731689453e+00
1762890437.089089870,8.479441404342651367e-01,-4.650336503982543945e-01,1.003249526023864746e+00
1762890437.109100819,8.402215242385864258e-01,-4.702267944812774658e-01,1.003560304641723633e+00
1762890437.129149199,8.324052691459655762e-01,-4.751904010772705078e-01,1.003869295120239258e+00
1762890437.149078846,8.244943022727966309e-01,-4.799252152442932129e-01,1.004172444343566895e+00
1762890437.169038773,8.164863586425781250e-01,-4.844321310520172119e-01,1.004468202590942383e+00
1762890437.189095736,8.083802461624145508e-01,-4.887111783027648926e-01,1.004753470420837402e+00
1762890437.209211349,8.001765608787536621e-01,-4.927612543106079102e-01,1.005023956298828125e+00
1762890437.229045630,7.918769717216491699e-01,-4.965801537036895752e-01,1.005276083946228027e+00
1762890437.249997377,7.834842205047607422e-01,-5.001646876335144043e-01,1.005507230758666992e+00
1762890437.270091772,7.749803662300109863e-01,-5.035143494606018066e-01,1.005715847015380859e+00
1762890437.290289164,7.664361596107482910e-01,-5.066116452217102051e-01,1.005901336669921875e+00
1762890437.310017586,7.577884197235107422e-01,-5.094661712646484375e-01,1.006065249443054199e+00
1762890437.330106735,7.490631937980651855e-01,-5.120670795440673828e-01,1.006209611892700195e+00
1762890437.349102497,7.401653528213500977e-01,-5.144171118736267090e-01,1.006337046623229980e+00
1762890437.369796991,7.314015030860900879e-01,-5.164816379547119141e-01,1.006452798843383789e+00
1762890437.389018297,7.233055830001831055e-01,-5.179082751274108887e-01,1.006531357765197754e+00
1762890437.410259724,7.142814993858337402e-01,-5.194607377052307129e-01,1.006635904312133789e+00
1762890437.429138660,7.052969932556152344e-01,-5.207340717315673828e-01,1.006739854812622070e+00
1762890437.449097157,6.961678862571716309e-01,-5.217199921607971191e-01,1.006845712661743164e+00
1762890437.469166756,6.870822310447692871e-01,-5.224265456199645996e-01,1.006955742835998535e+00
1762890437.489384174,6.779007315635681152e-01,-5.228428244590759277e-01,1.007069826126098633e+00
1762890437.509088278,6.686683893203735352e-01,-5.229694247245788574e-01,1.007188439369201660e+00
1762890437.529156208,6.593885421752929688e-01,-5.228060483932495117e-01,1.007308840751647949e+00
1762890437.548998833,6.500612497329711914e-01,-5.223530530929565430e-01,1.007428526878356934e+00
1762890437.569046021,6.406857371330261230e-01,-5.216113924980163574e-01,1.007544517517089844e+00
1762890437.589144468,6.312622427940368652e-01,-5.205824375152587891e-01,1.007651567459106445e+00
1762890437.609315157,6.217901706695556641e-01,-5.192677974700927734e-01,1.007745862007141113e+00
1762890437.629108906,6.122686862945556641e-01,-5.176694393157958984e-01,1.007824897766113281e+00
1762890437.649095297,6.026979088783264160e-01,-5.157899856567382812e-01,1.007883787155151367e+00
1762890437.669117212,5.930783748626708984e-01,-5.136317014694213867e-01,1.007919549942016602e+00
1762890437.689018250,5.834109783172607422e-01,-5.111967921257019043e-01,1.007930159568786621e+00
1762890437.709128141,5.736971497535705566e-01,-5.084877610206604004e-01,1.007914662361145020e+00
1762890437.729107141,5.639383792877197266e-01,-5.055069327354431152e-01,1.007872700691223145e+00
1762890437.748954773,5.541365742683410645e-01,-5.022566318511962891e-01,1.007805824279785156e+00
1762890437.769104958,5.442938208580017090e-01,-4.987390041351318359e-01,1.007716059684753418e+00
1762890437.789156675,5.344123840332031250e-01,-4.949563741683959961e-01,1.007605910301208496e+00
1762890437.809157848,5.244945883750915527e-01,-4.909109771251678467e-01,1.007478833198547363e+00
1762890437.829025984,5.145427584648132324e-01,-4.866048097610473633e-01,1.007338643074035645e+00
1762890437.849088430,5.045592784881591797e-01,-4.820401668548583984e-01,1.007188558578491211e+00
1762890437.869207144,4.945463836193084717e-01,-4.772193431854248047e-01,1.007032155990600586e+00
1762890437.889314651,4.845062196254730225e-01,-4.721446037292480469e-01,1.006872296333312988e+00
1762890437.909019232,4.744408428668975830e-01,-4.668183624744415283e-01,1.006711483001708984e+00
1762890437.929098368,4.643520414829254150e-01,-4.612428843975067139e-01,1.006551623344421387e+00
1762890437.949176311,4.566210806369781494e-01,-4.567794799804687500e-01,1.006427407264709473e+00
1762890437.969317913,4.442698955535888672e-01,-4.491048455238342285e-01,1.006198883056640625e+00
1762890437.989095449,4.343222975730895996e-01,-4.433182179927825928e-01,1.006094932556152344e+00
1762890438.009307861,4.256568849086761475e-01,-4.376188218593597412e-01,1.005948662757873535e+00
1762890438.029100180,4.137864112854003906e-01,-4.294955134391784668e-01,1.005750298500061035e+00
1762890438.049037218,4.058955609798431396e-01,-4.244120717048645020e-01,1.005689024925231934e+00
1762890438.069292307,3.958051502704620361e-01,-4.173263013362884521e-01,1.005574584007263184e+00
1762890438.089265108,3.855527639389038086e-01,-4.098973870277404785e-01,1.005463361740112305e+00
1762890438.108967781,3.752595186233520508e-01,-4.022263288497924805e-01,1.005362153053283691e+00
1762890438.129272223,3.649285733699798584e-01,-3.943207859992980957e-01,1.005270004272460938e+00
1762890438.149300337,3.545555174350738525e-01,-3.861825168132781982e-01,1.005179882049560547e+00
1762890438.169057846,3.441313505172729492e-01,-3.778090178966522217e-01,1.005087494850158691e+00
1762890438.189077377,3.336532115936279297e-01,-3.692030012607574463e-01,1.004980802536010742e+00
1762890438.209101200,3.231223225593566895e-01,-3.603697121143341064e-01,1.004848480224609375e+00
1762890438.229136944,3.125394880771636963e-01,-3.513138294219970703e-01,1.004684686660766602e+00
1762890438.249232769,3.019064068794250488e-01,-3.420406579971313477e-01,1.004483938217163086e+00
1762890438.269086599,2.912275791168212891e-01,-3.325570523738861084e-01,1.004242539405822754e+00
1762890438.289150953,2.805087566375732422e-01,-3.228704631328582764e-01,1.003961205482482910e+00
1762890438.309162378,2.697567045688629150e-01,-3.129887878894805908e-01,1.003644466400146484e+00
1762890438.329004765,2.589792013168334961e-01,-3.029207885265350342e-01,1.003300189971923828e+00
1762890438.349931955,2.481844872236251831e-01,-2.926754355430603027e-01,1.002938985824584961e+00
1762890438.369203329,2.373283207416534424e-01,-2.822024226188659668e-01,1.002570629119873047e+00
1762890438.389446497,2.265321761369705200e-01,-2.716343998908996582e-01,1.002215504646301270e+00
1762890438.409130573,2.157998383045196533e-01,-2.609804272651672363e-01,1.001887202262878418e+00
1762890438.429222107,2.050229907035827637e-01,-2.501197755336761475e-01,1.001592516899108887e+00
1762890438.449160099,1.942643970251083374e-01,-2.391227632761001587e-01,1.001345276832580566e+00
1762890438.469197273,1.835319995880126953e-01,-2.280005365610122681e-01,1.001154899597167969e+00
1762890438.490056276,1.727764755487442017e-01,-2.166970670223236084e-01,1.001027226448059082e+00
1762890438.510094881,1.621618717908859253e-01,-2.054119259119033813e-01,1.000966787338256836e+00
1762890438.530146599,1.515221893787384033e-01,-1.939544975757598877e-01,1.000967025756835938e+00
1762890438.550212622,1.409097909927368164e-01,-1.823918521404266357e-01,1.001025319099426270e+00
1762890438.569060564,1.291527450084686279e-01,-1.689473539590835571e-01,1.001095652580261230e+00
1762890438.589055300,1.190874353051185608e-01,-1.577936857938766479e-01,1.001251578330993652e+00
1762890438.609272957,1.085887104272842407e-01,-1.459909081459045410e-01,1.001435637474060059e+00
1762890438.629142523,9.808390587568283081e-02,-1.340723931789398193e-01,1.001636981964111328e+00
1762890438.649083614,8.759693801403045654e-02,-1.220758110284805298e-01,1.001848101615905762e+00
1762890438.669026375,7.712976634502410889e-02,-1.100131198763847351e-01,1.002063155174255371e+00
1762890438.689375639,6.668137758970260620e-02,-9.789250791072845459e-02,1.002271652221679688e+00
1762890438.709148884,5.624705553054809570e-02,-8.571632951498031616e-02,1.002468228340148926e+00
1762890438.729108572,4.582480713725090027e-02,-7.349283248186111450e-02,1.002651095390319824e+00
1762890438.749134302,3.541259467601776123e-02,-6.122954934835433960e-02,1.002818584442138672e+00
1762890438.769056559,2.500745281577110291e-02,-4.893291741609573364e-02,1.002966165542602539e+00
1762890438.789152145,1.460827328264713287e-02,-3.661281988024711609e-02,1.003093838691711426e+00
1762890438.809156895,4.213879816234111786e-03,-2.427798509597778320e-02,1.003202438354492188e+00
1762890438.829246283,-6.177202332764863968e-03,-1.193635817617177963e-02,1.003296256065368652e+00
1762890438.849037886,-1.656600087881088257e-02,4.041013307869434357e-04,1.003380537033081055e+00
1762890438.869059086,-2.695333771407604218e-02,1.273591630160808563e-02,1.003462076187133789e+00
1762890438.889034748,-3.733991831541061401e-02,2.505180425941944122e-02,1.003547310829162598e+00
1762890438.910130739,-4.783084988594055176e-02,3.747950866818428040e-02,1.003641486167907715e+00
1762890438.930181026,-5.809838697314262390e-02,4.958817362785339355e-02,1.003749489784240723e+00
1762890438.950239658,-6.847751140594482422e-02,6.180667504668235779e-02,1.003874421119689941e+00
1762890438.970000982,-7.574936002492904663e-02,6.999111175537109375e-02,1.004010319709777832e+00
1762890438.990198851,-8.594193309545516968e-02,8.190264552831649780e-02,1.004168033599853516e+00
1762890439.010191202,-9.631320089101791382e-02,9.399609267711639404e-02,1.004347205162048340e+00
1762890439.030137777,-1.091331988573074341e-01,1.091384440660476685e-01,1.004573345184326172e+00
1762890439.049339056,-1.144031658768653870e-01,1.149630695581436157e-01,1.004716515541076660e+00
1762890439.069101334,-1.233666613698005676e-01,1.251436322927474976e-01,1.004952788352966309e+00
1762890439.089205265,-1.339348852634429932e-01,1.372840553522109985e-01,1.005240797996520996e+00
1762890439.109104872,-1.452601999044418335e-01,1.502958387136459351e-01,1.005570650100708008e+00
1762890439.129126549,-1.545386910438537598e-01,1.607136875391006470e-01,1.005869865417480469e+00
1762890439.149022579,-1.649211347103118896e-01,1.724270731210708618e-01,1.006195425987243652e+00
1762890439.169107437,-1.753969639539718628e-01,1.841816157102584839e-01,1.006509184837341309e+00
1762890439.189118624,-1.871296316385269165e-01,1.973732709884643555e-01,1.006824731826782227e+00
1762890439.209185600,-1.965299993753433228e-01,2.076725661754608154e-01,1.007057070732116699e+00
1762890439.230776548,-2.085116058588027954e-01,2.209659218788146973e-01,1.007289290428161621e+00
1762890439.250087976,-2.177529484033584595e-01,2.309181094169616699e-01,1.007435441017150879e+00
1762890439.270404339,-2.283392548561096191e-01,2.423685789108276367e-01,1.007544159889221191e+00
1762890439.290049076,-2.393401265144348145e-01,2.541997134685516357e-01,1.007600545883178711e+00
1762890439.310087204,-2.497826367616653442e-01,2.652742564678192139e-01,1.007611036300659180e+00
1762890439.330027819,-2.605175375938415527e-01,2.765734791755676270e-01,1.007581949234008789e+00
1762890439.350143909,-2.712808847427368164e-01,2.877863943576812744e-01,1.007526636123657227e+00
1762890439.370119572,-2.820494472980499268e-01,2.988810539245605469e-01,1.007460832595825195e+00
1762890439.390066147,-2.928135097026824951e-01,3.098416626453399658e-01,1.007400393486022949e+00
1762890439.410314560,-3.035648763179779053e-01,3.206545412540435791e-01,1.007363438606262207e+00
1762890439.430090904,-3.142935335636138916e-01,3.313044011592864990e-01,1.007365584373474121e+00
1762890439.449150801,-3.249883949756622314e-01,3.417755961418151855e-01,1.007420182228088379e+00
1762890439.469323635,-3.356633484363555908e-01,3.520778119564056396e-01,1.007538557052612305e+00
1762890439.489125490,-3.462269008159637451e-01,3.621144592761993408e-01,1.007726311683654785e+00
1762890439.509065390,-3.567491769790649414e-01,3.719562590122222900e-01,1.007987141609191895e+00
1762890439.530045271,-3.673092424869537354e-01,3.816775381565093994e-01,1.008325457572937012e+00
1762890439.550168514,-3.775489330291748047e-01,3.909224569797515869e-01,1.008729696273803711e+00
1762890439.570089340,-3.877970576286315918e-01,4.000176489353179932e-01,1.009203672409057617e+00
1762890439.590168476,-3.979471027851104736e-01,4.088572561740875244e-01,1.009737610816955566e+00
1762890439.610080957,-4.070221185684204102e-01,4.167248308658599854e-01,1.010260939598083496e+00
1762890439.630137444,-4.169604182243347168e-01,4.250528514385223389e-01,1.010881662368774414e+00
1762890439.650073528,-4.267839491367340088e-01,4.331103563308715820e-01,1.011527657508850098e+00
1762890439.670104980,-4.374244213104248047e-01,4.415278732776641846e-01,1.012245178222656250e+00
1762890439.691177607,-4.470091760158538818e-01,4.490214586257934570e-01,1.012895226478576660e+00
1762890439.709204912,-4.556174576282501221e-01,4.557019174098968506e-01,1.013472437858581543e+00
1762890439.729017019,-4.649437665939331055e-01,4.626442790031433105e-01,1.014067649841308594e+00
1762890439.749061584,-4.742174744606018066e-01,4.693661630153656006e-01,1.014620661735534668e+00
1762890439.769091606,-4.833969473838806152e-01,4.758304357528686523e-01,1.015117287635803223e+00
1762890439.790422201,-4.926832616329193115e-01,4.821835756301879883e-01,1.015558719635009766e+00
1762890439.810076952,-5.014836192131042480e-01,4.879811108112335205e-01,1.015909194946289062e+00
1762890439.830167055,-5.103902816772460938e-01,4.936656355857849121e-01,1.016196012496948242e+00
1762890439.850033760,-5.192368030548095703e-01,4.991081058979034424e-01,1.016410827636718750e+00
1762890439.870036125,-5.280184745788574219e-01,5.043011307716369629e-01,1.016555666923522949e+00
1762890439.890116692,-5.367412567138671875e-01,5.092456340789794922e-01,1.016633152961730957e+00
1762890439.910452127,-5.454112291336059570e-01,5.139424800872802734e-01,1.016647458076477051e+00
1762890439.930064201,-5.540329813957214355e-01,5.183916687965393066e-01,1.016604542732238770e+00
1762890439.949983597,-5.626100897789001465e-01,5.225919485092163086e-01,1.016510128974914551e+00
1762890439.970086098,-5.711447596549987793e-01,5.265415906906127930e-01,1.016370296478271484e+00
1762890439.990030527,-5.796382427215576172e-01,5.302384495735168457e-01,1.016190171241760254e+00
1762890440.010080099,-5.880903601646423340e-01,5.336797833442687988e-01,1.015976548194885254e+00
1762890440.030010939,-5.964996814727783203e-01,5.368627309799194336e-01,1.015735387802124023e+00
1762890440.050225735,-6.048641800880432129e-01,5.397841930389404297e-01,1.015471577644348145e+00
1762890440.071115494,-6.131807565689086914e-01,5.424412488937377930e-01,1.015189886093139648e+00
1762890440.090085030,-6.224042177200317383e-01,5.452947616577148438e-01,1.014846205711364746e+00
1762890440.110209942,-6.296518445014953613e-01,5.469424724578857422e-01,1.014587998390197754e+00
1762890440.130162001,-6.382640004158020020e-01,5.490496158599853516e-01,1.014246940612792969e+00
1762890440.150462627,-6.458734273910522461e-01,5.503615140914916992e-01,1.013954401016235352e+00
1762890440.170140982,-6.543628573417663574e-01,5.518904924392700195e-01,1.013603687286376953e+00
1762890440.190105200,-6.618371009826660156e-01,5.526881814002990723e-01,1.013299942016601562e+00
1762890440.209131241,-6.705380082130432129e-01,5.536844730377197266e-01,1.012925386428833008e+00
1762890440.229360342,-6.779738068580627441e-01,5.540890097618103027e-01,1.012602090835571289e+00
1762890440.249112844,-6.856674551963806152e-01,5.542773008346557617e-01,1.012256383895874023e+00
1762890440.269096851,-6.933021545410156250e-01,5.541993975639343262e-01,1.011900901794433594e+00
1762890440.289135456,-6.973772644996643066e-01,5.538294315338134766e-01,1.011704087257385254e+00
1762890440.309528589,-7.083271145820617676e-01,5.532414913177490234e-01,1.011161208152770996e+00
1762890440.329080582,-7.157109975814819336e-01,5.523647069931030273e-01,1.010772943496704102e+00
1762890440.349148750,-7.230077385902404785e-01,5.512254834175109863e-01,1.010370373725891113e+00
1762890440.369058132,-7.302163243293762207e-01,5.498257279396057129e-01,1.009953975677490234e+00
1762890440.389089108,-7.373387813568115234e-01,5.481670498847961426e-01,1.009526729583740234e+00
1762890440.409038782,-7.427150011062622070e-01,5.466130375862121582e-01,1.009191393852233887e+00
1762890440.430011511,-7.512612342834472656e-01,5.440856814384460449e-01,1.008641362190246582e+00
1762890440.450096846,-7.581433653831481934e-01,5.416583418846130371e-01,1.008174777030944824e+00
1762890440.470156670,-7.649188637733459473e-01,5.389836430549621582e-01,1.007696747779846191e+00
1762890440.490211010,-7.700406908988952637e-01,5.366634130477905273e-01,1.007322788238525391e+00
1762890440.510311604,-7.761830687522888184e-01,5.337439775466918945e-01,1.006869554519653320e+00
1762890440.530491114,-7.830627560615539551e-01,5.302482247352600098e-01,1.006354570388793945e+00
1762890440.550000668,-7.910154461860656738e-01,5.258727669715881348e-01,1.005743622779846191e+00
1762890440.570114374,-7.970786690711975098e-01,5.221334695816040039e-01,1.005260229110717773e+00
1762890440.590139627,-8.019174933433532715e-01,5.188865065574645996e-01,1.004860281944274902e+00
1762890440.610060692,-8.084053993225097656e-01,5.144037604331970215e-01,1.004315137863159180e+00
1762890440.630152225,-8.145782351493835449e-01,5.098256468772888184e-01,1.003783702850341797e+00
1762890440.650491476,-8.203335404396057129e-01,5.052605271339416504e-01,1.003276228904724121e+00
1762890440.669112444,-8.239631056785583496e-01,5.022225975990295410e-01,1.002947330474853516e+00
1762890440.689132929,-8.301430940628051758e-01,4.968828558921813965e-01,1.002379298210144043e+00
1762890440.709207058,-8.360404968261718750e-01,4.914722442626953125e-01,1.001821160316467285e+00
1762890440.729069710,-8.418936729431152344e-01,4.858047664165496826e-01,1.001252651214599609e+00
1762890440.750081539,-8.482875227928161621e-01,4.792883098125457764e-01,1.000618338584899902e+00
1762890440.770064592,-8.539150357246398926e-01,4.732069969177246094e-01,1.000047564506530762e+00
1762890440.790085554,-8.589412569999694824e-01,4.674851894378662109e-01,9.995279312133789062e-01
1762890440.810457468,-8.651038408279418945e-01,4.601721167564392090e-01,9.988799691200256348e-01
1762890440.829061270,-8.707612156867980957e-01,4.530780017375946045e-01,9.982734322547912598e-01
1762890440.849117041,-8.756361007690429688e-01,4.466437995433807373e-01,9.977411627769470215e-01
1762890440.869131565,-8.809538483619689941e-01,4.393165707588195801e-01,9.971517920494079590e-01
1762890440.889362335,-8.866484165191650391e-01,4.310846328735351562e-01,9.965118765830993652e-01
1762890440.909077168,-8.912870883941650391e-01,4.240341782569885254e-01,9.959837198257446289e-01
1762890440.929040432,-8.963449597358703613e-01,4.160150587558746338e-01,9.954023361206054688e-01
1762890440.949002028,-9.013378024101257324e-01,4.077291488647460938e-01,9.948223829269409180e-01
1762890440.969367981,-9.069979190826416016e-01,3.978825509548187256e-01,9.941619634628295898e-01
1762890440.989070892,-9.117375612258911133e-01,3.891978561878204346e-01,9.936078190803527832e-01
1762890441.010032892,-9.164757132530212402e-01,3.801153004169464111e-01,9.930559992790222168e-01
1762890441.030062675,-9.209395051002502441e-01,3.711673915386199951e-01,9.925396442413330078e-01
1762890441.050413132,-9.253821969032287598e-01,3.618641793727874756e-01,9.920336008071899414e-01
1762890441.069180012,-9.298796653747558594e-01,3.519805073738098145e-01,9.915348887443542480e-01
1762890441.089080572,-9.341244697570800781e-01,3.422319591045379639e-01,9.910752177238464355e-01
1762890441.110100508,-9.380135536193847656e-01,3.329581022262573242e-01,9.906628727912902832e-01
1762890441.128972292,-9.423285126686096191e-01,3.220731019973754883e-01,9.902321100234985352e-01
1762890441.149123907,-9.459591507911682129e-01,3.125460445880889893e-01,9.898858070373535156e-01
1762890441.169248581,-9.496616125106811523e-01,3.024058341979980469e-01,9.895561933517456055e-01
1762890441.189001560,-9.532505869865417480e-01,2.921288609504699707e-01,9.892635345458984375e-01
1762890441.209078550,-9.567151069641113281e-01,2.817507982254028320e-01,9.890102744102478027e-01
1762890441.229061365,-9.600547552108764648e-01,2.712813019752502441e-01,9.887992143630981445e-01
1762890441.249130487,-9.632708430290222168e-01,2.607270181179046631e-01,9.886284470558166504e-01
1762890441.269046307,-9.663652181625366211e-01,2.500917613506317139e-01,9.884954690933227539e-01
1762890441.289018869,-9.693392515182495117e-01,2.393781840801239014e-01,9.883978366851806641e-01
1762890441.309083939,-9.721940755844116211e-01,2.285892069339752197e-01,9.883323311805725098e-01
1762890441.330282211,-9.750425815582275391e-01,2.172487825155258179e-01,9.882962107658386230e-01
1762890441.350041151,-9.775478839874267578e-01,2.067874968051910400e-01,9.882819056510925293e-01
1762890441.369109631,-9.790155291557312012e-01,2.006570100784301758e-01,9.882594943046569824e-01
1762890441.389089584,-9.814566373825073242e-01,1.896015852689743042e-01,9.882730841636657715e-01
1762890441.411303759,-9.846879243850708008e-01,1.736540198326110840e-01,9.883375763893127441e-01
1762890441.429050684,-9.859730601310729980e-01,1.673804223537445068e-01,9.883377552032470703e-01
1762890441.449073553,-9.880596995353698730e-01,1.561660617589950562e-01,9.883891344070434570e-01
1762890441.469006062,-9.900291562080383301e-01,1.448900103569030762e-01,9.884528517723083496e-01
1762890441.489001036,-9.918798208236694336e-01,1.335465312004089355e-01,9.885296225547790527e-01
1762890441.509184837,-9.934145808219909668e-01,1.233323067426681519e-01,9.886178374290466309e-01
1762890441.529020309,-9.950389266014099121e-01,1.118645966053009033e-01,9.887231588363647461e-01
1762890441.549215317,-9.965426325798034668e-01,1.003294438123703003e-01,9.888346195220947266e-01
1762890441.569090128,-9.980841279029846191e-01,8.751239627599716187e-02,9.889526963233947754e-01
1762890441.589026690,-9.991816878318786621e-01,7.705947756767272949e-02,9.890578389167785645e-01
1762890441.609333038,-1.000185132026672363e+00,6.696322560310363770e-02,9.891439676284790039e-01
1762890441.629132271,-1.001203775405883789e+00,5.528629943728446960e-02,9.892416000366210938e-01
1762890441.649103880,-1.002125263214111328e+00,4.314583539962768555e-02,9.893350601196289062e-01
1762890441.669046164,-1.002883553504943848e+00,3.157332167029380798e-02,9.894168376922607422e-01
1762890441.689041138,-1.003545880317687988e+00,1.935905776917934418e-02,9.895039200782775879e-01
1762890441.709049463,-1.004060506820678711e+00,7.712933234870433807e-03,9.895903468132019043e-01
1762890441.730024338,-1.004463076591491699e+00,-4.380527418106794357e-03,9.896888136863708496e-01
1762890441.750201702,-1.004740476608276367e+00,-1.627557165920734406e-02,9.897973537445068359e-01
1762890441.770016432,-1.004882454872131348e+00,-2.962063252925872803e-02,9.899368882179260254e-01
1762890441.790058851,-1.004933476448059082e+00,-4.044501855969429016e-02,9.900640845298767090e-01
1762890441.810285807,-1.004851698875427246e+00,-5.244673788547515869e-02,9.902212023735046387e-01
1762890441.829996824,-1.004594445228576660e+00,-6.584110856056213379e-02,9.904176592826843262e-01
1762890441.850051880,-1.004330873489379883e+00,-7.669325172901153564e-02,9.905930161476135254e-01
1762890441.870326519,-1.003901958465576172e+00,-8.870031684637069702e-02,9.908094406127929688e-01
1762890441.889164209,-1.003356575965881348e+00,-1.007630899548530579e-01,9.910494089126586914e-01
1762890441.909098625,-1.002557754516601562e+00,-1.144907101988792419e-01,9.913503527641296387e-01
1762890441.929121017,-1.001799821853637695e+00,-1.261917054653167725e-01,9.916318655014038086e-01
1762890441.950105429,-1.001032233238220215e+00,-1.369591057300567627e-01,9.919107556343078613e-01
1762890441.970052481,-9.998827576637268066e-01,-1.502529084682464600e-01,9.922833442687988281e-01
1762890441.990238905,-9.988030791282653809e-01,-1.618452519178390503e-01,9.926289319992065430e-01
1762890442.009048700,-9.977633953094482422e-01,-1.723404675722122192e-01,9.929623603820800781e-01
1762890442.029214144,-9.964165687561035156e-01,-1.843042075634002686e-01,9.933727383613586426e-01
1762890442.049065590,-9.951606988906860352e-01,-1.942681074142456055e-01,9.937425255775451660e-01
1762890442.069063663,-9.932470321655273438e-01,-2.081391513347625732e-01,9.942976236343383789e-01
1762890442.089107752,-9.920330047607421875e-01,-2.172947227954864502e-01,9.946810603141784668e-01
1762890442.109304190,-9.899237155914306641e-01,-2.312162369489669800e-01,9.953030943870544434e-01
1762890442.129106522,-9.881282448768615723e-01,-2.421892285346984863e-01,9.958155751228332520e-01
1762890442.149089098,-9.864634871482849121e-01,-2.514959871768951416e-01,9.962670207023620605e-01
1762890442.169152498,-9.840509295463562012e-01,-2.640735805034637451e-01,9.968984723091125488e-01
1762890442.189048767,-9.822953343391418457e-01,-2.733753323554992676e-01,9.973648786544799805e-01
1762890442.209138393,-9.802138805389404297e-01,-2.835125625133514404e-01,9.978814125061035156e-01
1762890442.229120016,-9.778753519058227539e-01,-2.941564321517944336e-01,9.984287023544311523e-01
1762890442.248986959,-9.754194021224975586e-01,-3.047189116477966309e-01,9.989700913429260254e-01
1762890442.269048214,-9.728537201881408691e-01,-3.151592910289764404e-01,9.995011687278747559e-01
1762890442.289129019,-9.701783061027526855e-01,-3.254704773426055908e-01,1.000018835067749023e+00
1762890442.308998585,-9.673921465873718262e-01,-3.356504738330841064e-01,1.000519394874572754e+00
1762890442.329025269,-9.644943475723266602e-01,-3.456951677799224854e-01,1.001002430915832520e+00
1762890442.349090576,-9.614849090576171875e-01,-3.555974364280700684e-01,1.001469254493713379e+00
1762890442.369131327,-9.582881331443786621e-01,-3.655359447002410889e-01,1.001929998397827148e+00
1762890442.388976812,-9.551130533218383789e-01,-3.749767541885375977e-01,1.002362251281738281e+00
1762890442.409082890,-9.517973661422729492e-01,-3.843375146389007568e-01,1.002788424491882324e+00
1762890442.429297447,-9.483530521392822266e-01,-3.935711383819580078e-01,1.003209829330444336e+00
1762890442.449211121,-9.448021650314331055e-01,-4.026163816452026367e-01,1.003628969192504883e+00
1762890442.469039917,-9.411484599113464355e-01,-4.114603400230407715e-01,1.004051089286804199e+00
1762890442.489169121,-9.373944401741027832e-01,-4.200951457023620605e-01,1.004479169845581055e+00
1762890442.509147167,-9.335422515869140625e-01,-4.285138249397277832e-01,1.004915237426757812e+00
1762890442.529097795,-9.295939803123474121e-01,-4.367096126079559326e-01,1.005361676216125488e+00
1762890442.549141884,-9.255518913269042969e-01,-4.446765482425689697e-01,1.005818963050842285e+00
1762890442.569247961,-9.214178919792175293e-01,-4.524093568325042725e-01,1.006285905838012695e+00
1762890442.589074135,-9.171937108039855957e-01,-4.599035680294036865e-01,1.006760597229003906e+00
1762890442.609111071,-9.128808975219726562e-01,-4.671554267406463623e-01,1.007239937782287598e+00
1762890442.629988670,-9.084807634353637695e-01,-4.741620719432830811e-01,1.007719516754150391e+00
1762890442.650212049,-9.039700031280517578e-01,-4.809452295303344727e-01,1.008196949958801270e+00
1762890442.670122385,-8.994227647781372070e-01,-4.874249100685119629e-01,1.008662104606628418e+00
1762890442.690145731,-8.947648406028747559e-01,-4.936841428279876709e-01,1.009116172790527344e+00
1762890442.710179329,-8.900185823440551758e-01,-4.996950924396514893e-01,1.009553194046020508e+00
1762890442.730082512,-8.851848244667053223e-01,-5.054560303688049316e-01,1.009969353675842285e+00
1762890442.750334501,-8.802622556686401367e-01,-5.109680294990539551e-01,1.010360479354858398e+00
1762890442.770089149,-8.752489686012268066e-01,-5.162330269813537598e-01,1.010723829269409180e+00
1762890442.790216923,-8.701431751251220703e-01,-5.212526321411132812e-01,1.011057734489440918e+00
1762890442.810229778,-8.649426698684692383e-01,-5.260287523269653320e-01,1.011360764503479004e+00
1762890442.830171585,-8.596449494361877441e-01,-5.305631756782531738e-01,1.011632204055786133e+00
1762890442.849042177,-8.535609245300292969e-01,-5.348260402679443359e-01,1.011862993240356445e+00
1762890442.869152546,-8.483145833015441895e-01,-5.387304425239562988e-01,1.012062668800354004e+00
1762890442.889090061,-8.427208662033081055e-01,-5.425240993499755859e-01,1.012238860130310059e+00
1762890442.909099579,-8.370059728622436523e-01,-5.460885763168334961e-01,1.012387514114379883e+00
1762890442.929117680,-8.311824202537536621e-01,-5.494164824485778809e-01,1.012508749961853027e+00
1762890442.949060917,-8.252519369125366211e-01,-5.525072216987609863e-01,1.012607932090759277e+00
1762890442.970221996,-8.191503286361694336e-01,-5.553708076477050781e-01,1.012685418128967285e+00
1762890442.990200758,-8.130789399147033691e-01,-5.579711794853210449e-01,1.012741923332214355e+00
1762890443.010131359,-8.068360090255737305e-01,-5.603518486022949219e-01,1.012779593467712402e+00
1762890443.030089140,-8.004850745201110840e-01,-5.624958872795104980e-01,1.012800931930541992e+00
1762890443.050091267,-7.940312623977661133e-01,-5.644010305404663086e-01,1.012807965278625488e+00
1762890443.070098162,-7.874757051467895508e-01,-5.660660862922668457e-01,1.012801527976989746e+00
1762890443.090046883,-7.808194756507873535e-01,-5.674902200698852539e-01,1.012782335281372070e+00
1762890443.110109568,-7.740638852119445801e-01,-5.686717033386230469e-01,1.012753009796142578e+00
1762890443.130143404,-7.672103047370910645e-01,-5.696089267730712891e-01,1.012713909149169922e+00
1762890443.149106026,-7.640587091445922852e-01,-5.707024335861206055e-01,1.012761235237121582e+00
1762890443.169031620,-7.572976946830749512e-01,-5.709699988365173340e-01,1.012684583663940430e+00
1762890443.189161062,-7.495517730712890625e-01,-5.715374946594238281e-01,1.012637615203857422e+00
1762890443.209116220,-7.430236339569091797e-01,-5.713909268379211426e-01,1.012555718421936035e+00
1762890443.229150295,-7.350908517837524414e-01,-5.714113116264343262e-01,1.012506961822509766e+00
1762890443.249102592,-7.283958196640014648e-01,-5.708053708076477051e-01,1.012432694435119629e+00
1762890443.269119978,-7.209339141845703125e-01,-5.701226592063903809e-01,1.012373805046081543e+00
1762890443.289109945,-7.131536006927490234e-01,-5.691014528274536133e-01,1.012309312820434570e+00
1762890443.309112787,-7.056947946548461914e-01,-5.679444670677185059e-01,1.012251138687133789e+00
1762890443.329255342,-6.979276537895202637e-01,-5.664554238319396973e-01,1.012176990509033203e+00
1762890443.349132776,-6.900396943092346191e-01,-5.646879076957702637e-01,1.012088418006896973e+00
1762890443.369024515,-6.820433139801025391e-01,-5.626446604728698730e-01,1.011982321739196777e+00
1762890443.390157938,-6.737512946128845215e-01,-5.602391958236694336e-01,1.011847019195556641e+00
1762890443.410176992,-6.657225489616394043e-01,-5.577305555343627930e-01,1.011696696281433105e+00
1762890443.430155039,-6.574162244796752930e-01,-5.548735260963439941e-01,1.011514186859130859e+00
1762890443.450112820,-6.489951014518737793e-01,-5.517435073852539062e-01,1.011302351951599121e+00
1762890443.470070362,-6.404725313186645508e-01,-5.483481287956237793e-01,1.011064052581787109e+00
1762890443.489978075,-6.318523287773132324e-01,-5.446925759315490723e-01,1.010801315307617188e+00
1762890443.510137796,-6.228922605514526367e-01,-5.406288504600524902e-01,1.010502457618713379e+00
1762890443.530235291,-6.143327951431274414e-01,-5.366137623786926270e-01,1.010212898254394531e+00
1762890443.550127745,-6.054568290710449219e-01,-5.322159528732299805e-01,1.009899616241455078e+00
1762890443.569083691,-5.964829921722412109e-01,-5.275698900222778320e-01,1.009577155113220215e+00
1762890443.589133263,-5.873823761940002441e-01,-5.226554870605468750e-01,1.009252667427062988e+00
1762890443.609348297,-5.783001780509948730e-01,-5.175797343254089355e-01,1.008937835693359375e+00
1762890443.629114389,-5.690937638282775879e-01,-5.122477412223815918e-01,1.008628010749816895e+00
1762890443.649155378,-5.598094463348388672e-01,-5.066943168640136719e-01,1.008330106735229492e+00
1762890443.669061661,-5.504516363143920898e-01,-5.009258389472961426e-01,1.008048415184020996e+00
1762890443.689235449,-5.410214662551879883e-01,-4.949465692043304443e-01,1.007783412933349609e+00
1762890443.709335089,-5.315195322036743164e-01,-4.887604117393493652e-01,1.007534623146057129e+00
1762890443.729121923,-5.212792158126831055e-01,-4.814909696578979492e-01,1.007237434387207031e+00
1762890443.749204397,-5.116311311721801758e-01,-4.748893380165100098e-01,1.007021784782409668e+00
1762890443.769330502,-5.019143819808959961e-01,-4.680913388729095459e-01,1.006818771362304688e+00
1762890443.789002657,-4.928139746189117432e-01,-4.620157182216644287e-01,1.006686091423034668e+00
1762890443.809071064,-4.822788834571838379e-01,-4.539185166358947754e-01,1.006440758705139160e+00
1762890443.829128981,-4.723629057407379150e-01,-4.465505480766296387e-01,1.006261467933654785e+00
1762890443.849344969,-4.623835682868957520e-01,-4.389998614788055420e-01,1.006086230278015137e+00
1762890443.869071007,-4.523423314094543457e-01,-4.312701523303985596e-01,1.005913615226745605e+00
1762890443.890105486,-4.417545497417449951e-01,-4.229195415973663330e-01,1.005727291107177734e+00
1762890443.910040140,-4.320651888847351074e-01,-4.152714014053344727e-01,1.005571722984313965e+00
1762890443.930300951,-4.218710660934448242e-01,-4.070481359958648682e-01,1.005404710769653320e+00
1762890443.949061632,-4.110981225967407227e-01,-3.981665074825286865e-01,1.005223989486694336e+00
1762890443.969135284,-4.012400805950164795e-01,-3.900412917137145996e-01,1.005075216293334961e+00
1762890443.990293026,-3.903807699680328369e-01,-3.808556199073791504e-01,1.004906058311462402e+00
1762890444.010063887,-3.804217576980590820e-01,-3.724410235881805420e-01,1.004770040512084961e+00
1762890444.030131817,-3.699507415294647217e-01,-3.634375929832458496e-01,1.004631400108337402e+00
1762890444.049214602,-3.644152879714965820e-01,-3.592210412025451660e-01,1.004635572433471680e+00
1762890444.069390774,-3.538136780261993408e-01,-3.499414026737213135e-01,1.004520893096923828e+00
1762890444.089036465,-3.432200253009796143e-01,-3.405793607234954834e-01,1.004419565200805664e+00
1762890444.109144211,-3.325529694557189941e-01,-3.310557901859283447e-01,1.004330039024353027e+00
1762890444.129391193,-3.218410611152648926e-01,-3.213998973369598389e-01,1.004259467124938965e+00
1762890444.149130106,-3.110829293727874756e-01,-3.116113245487213135e-01,1.004209637641906738e+00
1762890444.169149637,-3.002744913101196289e-01,-3.016833066940307617e-01,1.004179954528808594e+00
1762890444.189101934,-2.894154787063598633e-01,-2.916122376918792725e-01,1.004168510437011719e+00
1762890444.209069490,-2.785057127475738525e-01,-2.813980579376220703e-01,1.004168987274169922e+00
1762890444.229209661,-2.675451338291168213e-01,-2.710414230823516846e-01,1.004173517227172852e+00
1762890444.249076843,-2.565354108810424805e-01,-2.605440020561218262e-01,1.004175305366516113e+00
1762890444.269282818,-2.454793304204940796e-01,-2.499095052480697632e-01,1.004167914390563965e+00
1762890444.289053679,-2.354095429182052612e-01,-2.399680316448211670e-01,1.004128932952880859e+00
1762890444.309288979,-2.232402712106704712e-01,-2.282536774873733521e-01,1.004101753234863281e+00
1762890444.329161167,-2.130997478961944580e-01,-2.180933654308319092e-01,1.004025101661682129e+00
1762890444.349110842,-2.018938511610031128e-01,-2.069903314113616943e-01,1.003942489624023438e+00
1762890444.369127989,-1.910140514373779297e-01,-1.961797475814819336e-01,1.003850340843200684e+00
1762890444.389241457,-1.797894835472106934e-01,-1.849360466003417969e-01,1.003743886947631836e+00
1762890444.409566164,-1.695160418748855591e-01,-1.746968775987625122e-01,1.003659605979919434e+00
1762890444.430028200,-1.565030664205551147e-01,-1.616586148738861084e-01,1.003568053245544434e+00
1762890444.449182034,-1.469184905290603638e-01,-1.518376320600509644e-01,1.003495931625366211e+00
1762890444.468978643,-1.342606991529464722e-01,-1.388549506664276123e-01,1.003442645072937012e+00
1762890444.489094734,-1.228688731789588928e-01,-1.272673159837722778e-01,1.003464460372924805e+00
1762890444.509084702,-1.114637404680252075e-01,-1.156592220067977905e-01,1.003546595573425293e+00
1762890444.529014111,-1.000264212489128113e-01,-1.040152907371520996e-01,1.003697395324707031e+00
1762890444.549032688,-8.854837715625762939e-02,-9.233233332633972168e-02,1.003915071487426758e+00
1762890444.569024563,-7.702384144067764282e-02,-8.060764521360397339e-02,1.004189252853393555e+00
1762890444.588996172,-6.545263528823852539e-02,-6.884399801492691040e-02,1.004505872726440430e+00
1762890444.609017134,-5.554716289043426514e-02,-5.894315242767333984e-02,1.004808187484741211e+00
1762890444.628986120,-4.366919770836830139e-02,-4.687738418579101562e-02,1.005151867866516113e+00
1762890444.649163961,-3.229809552431106567e-02,-3.539795428514480591e-02,1.005471944808959961e+00
1762890444.670284986,-1.919614523649215698e-02,-2.204641513526439667e-02,1.005798339843750000e+00
1762890444.690204382,-8.407635614275932312e-03,-1.126738451421260834e-02,1.006054639816284180e+00
1762890444.710053444,2.985299099236726761e-03,1.366070209769532084e-04,1.006295800209045410e+00
1762890444.729998827,1.512023620307445526e-02,1.230997871607542038e-02,1.006520152091979980e+00
1762890444.750187397,2.698748372495174408e-02,2.414845488965511322e-02,1.006719708442687988e+00
1762890444.770066738,3.852533921599388123e-02,3.558639436960220337e-02,1.006908893585205078e+00
1762890444.789137602,5.040531978011131287e-02,4.734534397721290588e-02,1.007100105285644531e+00
1762890444.809194803,6.235355883836746216e-02,5.912538990378379822e-02,1.007295489311218262e+00
1762890444.829065800,7.425882667303085327e-02,7.080625742673873901e-02,1.007501840591430664e+00
1762890444.852203131,8.820208907127380371e-02,8.458147197961807251e-02,1.007743597030639648e+00
1762890444.869143248,1.008423566818237305e-01,9.715282917022705078e-02,1.007968544960021973e+00
1762890444.889521599,1.126694977283477783e-01,1.085555925965309143e-01,1.008239984512329102e+00
1762890444.909061193,1.246408000588417053e-01,1.200446113944053650e-01,1.008536934852600098e+00
1762890444.929036856,1.366158723831176758e-01,1.314674019813537598e-01,1.008856415748596191e+00
1762890444.949160337,1.485766023397445679e-01,1.428024619817733765e-01,1.009201288223266602e+00
1762890444.969018936,1.605136394500732422e-01,1.540343463420867920e-01,1.009570240974426270e+00
1762890444.989072800,1.695928573608398438e-01,1.622897833585739136e-01,1.009886145591735840e+00
1762890445.009054661,1.833451092243194580e-01,1.751838028430938721e-01,1.010338425636291504e+00
1762890445.029348373,1.959943771362304688e-01,1.868551224470138550e-01,1.010786652565002441e+00
1762890445.049051523,2.050308138132095337e-01,1.948463767766952515e-01,1.011153221130371094e+00
1762890445.068992138,2.191388607025146484e-01,2.077120244503021240e-01,1.011725783348083496e+00
1762890445.089099407,2.312123179435729980e-01,2.184536904096603394e-01,1.012280464172363281e+00
1762890445.109386921,2.427199780941009521e-01,2.285285890102386475e-01,1.012861609458923340e+00
1762890445.129125834,2.542813420295715332e-01,2.385350763797760010e-01,1.013507723808288574e+00
1762890445.149116755,2.658089995384216309e-01,2.483814507722854614e-01,1.014195680618286133e+00
1762890445.169270277,2.773020863533020020e-01,2.580708563327789307e-01,1.014904141426086426e+00
1762890445.189066410,2.860604226589202881e-01,2.651669681072235107e-01,1.015455245971679688e+00
1762890445.209071398,2.973012030124664307e-01,2.744111716747283936e-01,1.016133189201354980e+00
1762890445.229158401,3.106387257575988770e-01,2.853731811046600342e-01,1.016884922981262207e+00
1762890445.248976469,3.220991790294647217e-01,2.945396602153778076e-01,1.017470955848693848e+00
1762890445.269063711,3.341055810451507568e-01,3.040473163127899170e-01,1.018027544021606445e+00
1762890445.289163828,3.421663641929626465e-01,3.100778460502624512e-01,1.018360257148742676e+00
1762890445.309068680,3.487680256366729736e-01,3.150404095649719238e-01,1.018613219261169434e+00
1762890445.329162359,3.651115894317626953e-01,3.277816474437713623e-01,1.019126892089843750e+00
1762890445.349131584,3.757945001125335693e-01,3.355372846126556396e-01,1.019422054290771484e+00
1762890445.369347811,3.876414299011230469e-01,3.444765508174896240e-01,1.019662141799926758e+00
1762890445.389064074,3.988850116729736328e-01,3.526258766651153564e-01,1.019852995872497559e+00
1762890445.409081697,4.095132350921630859e-01,3.599989116191864014e-01,1.020012021064758301e+00
1762890445.430337191,4.207968711853027344e-01,3.679479956626892090e-01,1.020124673843383789e+00
1762890445.450096846,4.319591522216796875e-01,3.756861686706542969e-01,1.020200252532958984e+00
1762890445.469140291,4.386674165725708008e-01,3.801764845848083496e-01,1.020236611366271973e+00
1762890445.489222527,4.502366483211517334e-01,3.880197107791900635e-01,1.020249247550964355e+00
1762890445.508998871,4.610458314418792725e-01,3.951729536056518555e-01,1.020231842994689941e+00
1762890445.530070543,4.736982882022857666e-01,4.035114943981170654e-01,1.020169615745544434e+00
1762890445.550121307,4.849642217159271240e-01,4.107093513011932373e-01,1.020100831985473633e+00
1762890445.570270777,4.944288134574890137e-01,4.165210127830505371e-01,1.020047783851623535e+00
1762890445.590094090,5.053470730781555176e-01,4.231944680213928223e-01,1.019975185394287109e+00
1762890445.610196590,5.175673961639404297e-01,4.305601716041564941e-01,1.019896149635314941e+00
1762890445.630080938,5.272920727729797363e-01,4.361263513565063477e-01,1.019869327545166016e+00
1762890445.650097132,5.383719205856323242e-01,4.423943758010864258e-01,1.019857883453369141e+00
1762890445.670040607,5.488636493682861328e-01,4.481087327003479004e-01,1.019883394241333008e+00
1762890445.690325260,5.598746538162231445e-01,4.539514183998107910e-01,1.019938230514526367e+00
1762890445.709959269,5.702514648437500000e-01,4.592247307300567627e-01,1.020025610923767090e+00
1762890445.730034351,5.808362364768981934e-01,4.644234776496887207e-01,1.020140647888183594e+00
1762890445.749197245,5.914913415908813477e-01,4.694545567035675049e-01,1.020273923873901367e+00
1762890445.769110680,6.018595695495605469e-01,4.741301238536834717e-01,1.020410776138305664e+00
1762890445.789013624,6.122729182243347168e-01,4.786255061626434326e-01,1.020545244216918945e+00
1762890445.809043169,6.226348280906677246e-01,4.828891754150390625e-01,1.020665287971496582e+00
1762890445.829168558,6.329391002655029297e-01,4.869197905063629150e-01,1.020759463310241699e+00
1762890445.849169016,6.431839466094970703e-01,4.907189309597015381e-01,1.020818829536437988e+00
1762890445.869095802,6.523640751838684082e-01,4.940297603607177734e-01,1.020839452743530273e+00
1762890445.889068842,6.624927520751953125e-01,4.973929822444915771e-01,1.020816922187805176e+00
1762890445.908994913,6.725527048110961914e-01,5.005275607109069824e-01,1.020747423171997070e+00
1762890445.929017544,6.825386881828308105e-01,5.034330487251281738e-01,1.020632505416870117e+00
1762890445.949036837,6.924445033073425293e-01,5.061085820198059082e-01,1.020475625991821289e+00
1762890445.969108105,7.022644281387329102e-01,5.085530281066894531e-01,1.020283102989196777e+00
1762890445.988995075,7.119929194450378418e-01,5.107651948928833008e-01,1.020061969757080078e+00
1762890446.009020805,7.216239571571350098e-01,5.127434134483337402e-01,1.019820213317871094e+00
1762890446.029071808,7.311517000198364258e-01,5.144858360290527344e-01,1.019566655158996582e+00
1762890446.049141407,7.405720353126525879e-01,5.159909725189208984e-01,1.019309401512145996e+00
1762890446.069381475,7.498800158500671387e-01,5.172571539878845215e-01,1.019054770469665527e+00
1762890446.089114189,7.590718269348144531e-01,5.182830095291137695e-01,1.018806934356689453e+00
1762890446.109235048,7.681453227996826172e-01,5.190676450729370117e-01,1.018568515777587891e+00
1762890446.129081011,7.770968675613403320e-01,5.196102261543273926e-01,1.018339872360229492e+00
1762890446.149054289,7.859241962432861328e-01,5.199097990989685059e-01,1.018120288848876953e+00
1762890446.169052839,7.946269512176513672e-01,5.199663043022155762e-01,1.017906308174133301e+00
1762890446.189146996,8.032042980194091797e-01,5.197803974151611328e-01,1.017692565917968750e+00
1762890446.209070921,8.106716871261596680e-01,5.193504691123962402e-01,1.017499566078186035e+00
1762890446.229123116,8.187079429626464844e-01,5.187128186225891113e-01,1.017280578613281250e+00
1762890446.249085665,8.278477787971496582e-01,5.177881121635437012e-01,1.017014741897583008e+00
1762890446.269013882,8.359768390655517578e-01,5.166491866111755371e-01,1.016753077507019043e+00
1762890446.288991928,8.441653251647949219e-01,5.152511596679687500e-01,1.016463756561279297e+00
1762890446.309058189,8.508829474449157715e-01,5.138034224510192871e-01,1.016199350357055664e+00
1762890446.329199314,8.585446476936340332e-01,5.120028853416442871e-01,1.015873432159423828e+00
1762890446.349163294,8.661574125289916992e-01,5.099678039550781250e-01,1.015517354011535645e+00
1762890446.369122744,8.736606240272521973e-01,5.077078938484191895e-01,1.015133261680603027e+00
1762890446.389110088,8.810513019561767578e-01,5.052264332771301270e-01,1.014722466468811035e+00
1762890446.409014225,8.883323073387145996e-01,5.025262236595153809e-01,1.014286041259765625e+00
1762890446.429038763,8.947890400886535645e-01,4.999729692935943604e-01,1.013872981071472168e+00
1762890446.449131489,9.018688797950744629e-01,4.968643784523010254e-01,1.013389229774475098e+00
1762890446.469021082,9.095364212989807129e-01,4.931422770023345947e-01,1.012832880020141602e+00
1762890446.489094973,9.157076478004455566e-01,4.900179803371429443e-01,1.012362360954284668e+00
1762890446.509117126,9.224618673324584961e-01,4.862846434116363525e-01,1.011825680732727051e+00
1762890446.529199362,9.297587871551513672e-01,4.818850457668304443e-01,1.011225223541259766e+00
1762890446.549294949,9.356237649917602539e-01,4.782059192657470703e-01,1.010727524757385254e+00
1762890446.569072962,9.420228600502014160e-01,4.738633930683135986e-01,1.010174036026000977e+00
1762890446.589119434,9.482938051223754883e-01,4.693206846714019775e-01,1.009622693061828613e+00
1762890446.609174013,9.544322490692138672e-01,4.645787179470062256e-01,1.009077429771423340e+00
1762890446.628978729,9.604325294494628906e-01,4.596386849880218506e-01,1.008540034294128418e+00
1762890446.650027037,9.664157032966613770e-01,4.543946385383605957e-01,1.008001685142517090e+00
1762890446.670028448,9.719999432563781738e-01,4.491639435291290283e-01,1.007497310638427734e+00
1762890446.690097094,9.775517582893371582e-01,4.436423182487487793e-01,1.006993651390075684e+00
1762890446.710221767,9.829582571983337402e-01,4.379201531410217285e-01,1.006500244140625000e+00
1762890446.730082750,9.882104992866516113e-01,4.320042133331298828e-01,1.006016612052917480e+00
1762890446.750056982,9.933068156242370605e-01,4.258963167667388916e-01,1.005540847778320312e+00
1762890446.770176649,9.982471466064453125e-01,4.195984899997711182e-01,1.005070447921752930e+00
1762890446.790050745,1.003031253814697266e+00,4.131130576133728027e-01,1.004602789878845215e+00
1762890446.810165405,1.007659435272216797e+00,4.064426124095916748e-01,1.004135727882385254e+00
1762890446.830044746,1.012131333351135254e+00,3.995910286903381348e-01,1.003666758537292480e+00
1762890446.850098610,1.016446709632873535e+00,3.925622105598449707e-01,1.003194570541381836e+00
1762890446.869096279,1.020693778991699219e+00,3.852067291736602783e-01,1.002707600593566895e+00
1762890446.889120817,1.024610519409179688e+00,3.779826760292053223e-01,1.002234339714050293e+00
1762890446.909197092,1.028455257415771484e+00,3.704551160335540771e-01,1.001746535301208496e+00
1762890446.929331303,1.032151341438293457e+00,3.627582192420959473e-01,1.001254320144653320e+00
1762890446.949192524,1.035695075988769531e+00,3.549048304557800293e-01,1.000758767127990723e+00
1762890446.969132423,1.039087533950805664e+00,3.468999862670898438e-01,1.000262022018432617e+00
1762890446.989203930,1.041888713836669922e+00,3.398787677288055420e-01,9.998353123664855957e-01
1762890447.009112358,1.044979095458984375e+00,3.316727876663208008e-01,9.993492364883422852e-01
1762890447.029102802,1.047951817512512207e+00,3.232596814632415771e-01,9.988661408424377441e-01
1762890447.049130917,1.050783038139343262e+00,3.147033154964447021e-01,9.983919262886047363e-01
1762890447.069166899,1.053542613983154297e+00,3.057807981967926025e-01,9.979178309440612793e-01
1762890447.089162350,1.055875897407531738e+00,2.976427674293518066e-01,9.975055456161499023e-01
1762890447.109103680,1.058168053627014160e+00,2.891746163368225098e-01,9.970950484275817871e-01
1762890447.129098892,1.060452580451965332e+00,2.801225185394287109e-01,9.966723918914794922e-01
1762890447.149152994,1.062610983848571777e+00,2.709127664566040039e-01,9.962576627731323242e-01
1762890447.169084072,1.064636349678039551e+00,2.615748941898345947e-01,9.958508610725402832e-01
1762890447.189034700,1.066528081893920898e+00,2.521126568317413330e-01,9.954512715339660645e-01
1762890447.209113836,1.068286180496215820e+00,2.425280809402465820e-01,9.950577020645141602e-01
1762890447.229358912,1.069910645484924316e+00,2.328234016895294189e-01,9.946698546409606934e-01
1762890447.249080420,1.071399927139282227e+00,2.230019867420196533e-01,9.942874312400817871e-01
1762890447.269025087,1.072752475738525391e+00,2.130685895681381226e-01,9.939103126525878906e-01
1762890447.288986921,1.073965668678283691e+00,2.030289620161056519e-01,9.935390949249267578e-01
1762890447.309030056,1.075041055679321289e+00,1.927968114614486694e-01,9.931716322898864746e-01
1762890447.329060555,1.075958251953125000e+00,1.826686263084411621e-01,9.928191304206848145e-01
1762890447.349195004,1.076735734939575195e+00,1.723590642213821411e-01,9.924741387367248535e-01
1762890447.369232655,1.077361941337585449e+00,1.619674563407897949e-01,9.921426177024841309e-01
1762890447.389042854,1.077833056449890137e+00,1.515082269906997681e-01,9.918274283409118652e-01
1762890447.409065247,1.078146219253540039e+00,1.409889459609985352e-01,9.915329217910766602e-01
1762890447.429176569,1.078299880027770996e+00,1.304159611463546753e-01,9.912629127502441406e-01
1762890447.449399710,1.078292012214660645e+00,1.197963953018188477e-01,9.910186529159545898e-01
1762890447.469707251,1.078121542930603027e+00,1.091375127434730530e-01,9.908021092414855957e-01
1762890447.489099503,1.077661633491516113e+00,9.800576418638229370e-02,9.906085729598999023e-01
1762890447.509310007,1.077288866043090820e+00,8.772975206375122070e-02,9.904540181159973145e-01
1762890447.529094934,1.076479554176330566e+00,7.655261456966400146e-02,9.903200864791870117e-01
1762890447.549066305,1.075800180435180664e+00,6.624676287174224854e-02,9.902167916297912598e-01
1762890447.569292307,1.074643254280090332e+00,5.505194514989852905e-02,9.901381731033325195e-01
1762890447.588945389,1.073661327362060547e+00,4.473844915628433228e-02,9.900791049003601074e-01
1762890447.609022617,1.072162866592407227e+00,3.355241939425468445e-02,9.900467395782470703e-01
1762890447.629115105,1.070686101913452148e+00,2.281724475324153900e-02,9.900299906730651855e-01
1762890447.649008512,1.069055080413818359e+00,1.209823973476886749e-02,9.900305867195129395e-01
1762890447.669085741,1.067272663116455078e+00,1.399803441017866135e-03,9.900460243225097656e-01
1762890447.689013243,1.065341949462890625e+00,-9.274041280150413513e-03,9.900764822959899902e-01
1762890447.709223747,1.063992142677307129e+00,-1.697911880910396576e-02,9.901013374328613281e-01
1762890447.728978872,1.061720252037048340e+00,-2.797934785485267639e-02,9.901533722877502441e-01
1762890447.749006033,1.059400200843811035e+00,-3.857038542628288269e-02,9.902128577232360840e-01
1762890447.769081354,1.056950688362121582e+00,-4.909843578934669495e-02,9.902850985527038574e-01
1762890447.789126635,1.053843379020690918e+00,-6.125749647617340088e-02,9.903948307037353516e-01
1762890447.809022427,1.051799416542053223e+00,-6.958404928445816040e-02,9.904844164848327637e-01
1762890447.829256535,1.049005746841430664e+00,-7.988080382347106934e-02,9.906144142150878906e-01
1762890447.849028349,1.046049356460571289e+00,-9.027619659900665283e-02,9.907587170600891113e-01
1762890447.869024038,1.042968392372131348e+00,-1.006588339805603027e-01,9.909165501594543457e-01
1762890447.889073849,1.039768695831298828e+00,-1.110223755240440369e-01,9.910848140716552734e-01
1762890447.909138918,1.036452889442443848e+00,-1.213681250810623169e-01,9.912568330764770508e-01
1762890447.929261208,1.033022522926330566e+00,-1.317004710435867310e-01,9.914264082908630371e-01
1762890447.949072123,1.029480457305908203e+00,-1.420192718505859375e-01,9.915844798088073730e-01
1762890447.969091415,1.025828838348388672e+00,-1.523206681013107300e-01,9.917253851890563965e-01
1762890447.989159822,1.022069334983825684e+00,-1.625992059707641602e-01,9.918469786643981934e-01
1762890448.009218454,1.018204092979431152e+00,-1.728477180004119873e-01,9.919483661651611328e-01
1762890448.029215097,1.014234542846679688e+00,-1.830569356679916382e-01,9.920312762260437012e-01
1762890448.049121141,1.010162115097045898e+00,-1.932162046432495117e-01,9.921007752418518066e-01
1762890448.069267273,1.005987763404846191e+00,-2.033140063285827637e-01,9.921634793281555176e-01
1762890448.089349031,1.001712083816528320e+00,-2.133384048938751221e-01,9.922276735305786133e-01
1762890448.109180450,9.969670772552490234e-01,-2.235744297504425049e-01,9.922961592674255371e-01
1762890448.129102230,9.924851059913635254e-01,-2.334106862545013428e-01,9.923906922340393066e-01
1762890448.151146650,9.881746768951416016e-01,-2.430455237627029419e-01,9.925211668014526367e-01
1762890448.169076204,9.831656217575073242e-01,-2.528284192085266113e-01,9.926742315292358398e-01
1762890448.189129353,9.784572720527648926e-01,-2.621804773807525635e-01,9.928709864616394043e-01
1762890448.209175825,9.735862016677856445e-01,-2.715089321136474609e-01,9.931116104125976562e-01
1762890448.229187727,9.686151742935180664e-01,-2.806974649429321289e-01,9.933937788009643555e-01
1762890448.249166489,9.635490775108337402e-01,-2.897340953350067139e-01,9.937176704406738281e-01
1762890448.269078255,9.583899974822998047e-01,-2.986148297786712646e-01,9.940776228904724121e-01
1762890448.289031506,9.531397223472595215e-01,-3.073377609252929688e-01,9.944697618484497070e-01
1762890448.309292793,9.478001594543457031e-01,-3.159013688564300537e-01,9.948869347572326660e-01
1762890448.329127312,9.423732757568359375e-01,-3.243046104907989502e-01,9.953215718269348145e-01
1762890448.349061012,9.368616938591003418e-01,-3.325470089912414551e-01,9.957657456398010254e-01
1762890448.369058371,9.312686324119567871e-01,-3.406279683113098145e-01,9.962100982666015625e-01
1762890448.389142513,9.255971312522888184e-01,-3.485471308231353760e-01,9.966483712196350098e-01
1762890448.409044504,9.226042032241821289e-01,-3.532944917678833008e-01,9.968926310539245605e-01
1762890448.429037333,9.168687462806701660e-01,-3.609084486961364746e-01,9.973096847534179688e-01
1762890448.449114561,9.110317826271057129e-01,-3.683971166610717773e-01,9.977134466171264648e-01
1762890448.469163179,9.051079750061035156e-01,-3.757440745830535889e-01,9.981007575988769531e-01
1762890448.489007235,8.991192579269409180e-01,-3.829282820224761963e-01,9.984708428382873535e-01
1762890448.508968592,8.930666446685791016e-01,-3.899476826190948486e-01,9.988267421722412109e-01
1762890448.530124664,8.868755698204040527e-01,-3.968657851219177246e-01,9.991751909255981445e-01
1762890448.550133944,8.807584643363952637e-01,-4.034945964813232422e-01,9.995062947273254395e-01
1762890448.570304632,8.745073676109313965e-01,-4.100192487239837646e-01,9.998308420181274414e-01
1762890448.590200424,8.681833148002624512e-01,-4.163841307163238525e-01,1.000147819519042969e+00
1762890448.610095739,8.617900013923645020e-01,-4.225851297378540039e-01,1.000457167625427246e+00
1762890448.630043507,8.553281426429748535e-01,-4.286215901374816895e-01,1.000759243965148926e+00
1762890448.650195122,8.487215638160705566e-01,-4.345442354679107666e-01,1.001057386398315430e+00
1762890448.669168472,8.427606225013732910e-01,-4.394960701465606689e-01,1.001306653022766113e+00
1762890448.689116001,8.355239033699035645e-01,-4.457358717918395996e-01,1.001625418663024902e+00
1762890448.709120512,8.294328451156616211e-01,-4.503901600837707520e-01,1.001862168312072754e+00
1762890448.729351997,8.220260143280029297e-01,-4.562757909297943115e-01,1.002167105674743652e+00
1762890448.749071121,8.158033490180969238e-01,-4.606243669986724854e-01,1.002390384674072266e+00
1762890448.769145012,8.088967204093933105e-01,-4.654737114906311035e-01,1.002644896507263184e+00
1762890448.789424896,8.019305467605590820e-01,-4.701412916183471680e-01,1.002894639968872070e+00
1762890448.809089422,7.949054241180419922e-01,-4.746247828006744385e-01,1.003141045570373535e+00
1762890448.829051256,7.878227829933166504e-01,-4.789211750030517578e-01,1.003384470939636230e+00
1762890448.849256992,7.806832790374755859e-01,-4.830275177955627441e-01,1.003626823425292969e+00
1762890448.869108915,7.734876871109008789e-01,-4.869410991668701172e-01,1.003867864608764648e+00
1762890448.889138937,7.662380337715148926e-01,-4.906581342220306396e-01,1.004105210304260254e+00
1762890448.909122467,7.589360475540161133e-01,-4.941744506359100342e-01,1.004339456558227539e+00
1762890448.929133654,7.515835762023925781e-01,-4.974861741065979004e-01,1.004569172859191895e+00
1762890448.949028969,7.441818118095397949e-01,-5.005896687507629395e-01,1.004794001579284668e+00
1762890448.969008446,7.367316484451293945e-01,-5.034819245338439941e-01,1.005014657974243164e+00
1762890448.989158869,7.292342782020568848e-01,-5.061596632003784180e-01,1.005229949951171875e+00
1762890449.009241819,7.216908931732177734e-01,-5.086197257041931152e-01,1.005439877510070801e+00
1762890449.029165745,7.137530446052551270e-01,-5.108965635299682617e-01,1.005648612976074219e+00
1762890449.049193144,7.064632177352905273e-01,-5.128698945045471191e-01,1.005841135978698730e+00
1762890449.069424391,6.988090276718139648e-01,-5.146581530570983887e-01,1.006030797958374023e+00
1762890449.090183496,6.909154057502746582e-01,-5.162240862846374512e-01,1.006215095520019531e+00
1762890449.110016584,6.833305954933166504e-01,-5.175519585609436035e-01,1.006386637687683105e+00
1762890449.130139112,6.755422353744506836e-01,-5.186554193496704102e-01,1.006550312042236328e+00
1762890449.150326490,6.677021384239196777e-01,-5.195290446281433105e-01,1.006705164909362793e+00
1762890449.170123339,6.598191857337951660e-01,-5.201722979545593262e-01,1.006850361824035645e+00
1762890449.190188646,6.518937945365905762e-01,-5.205856561660766602e-01,1.006984114646911621e+00
1762890449.210165739,6.439253687858581543e-01,-5.207695960998535156e-01,1.007106900215148926e+00
1762890449.230136156,6.359136104583740234e-01,-5.207248926162719727e-01,1.007217526435852051e+00
1762890449.250206947,6.278589367866516113e-01,-5.204518437385559082e-01,1.007314920425415039e+00
1762890449.270205498,6.197619438171386719e-01,-5.199509263038635254e-01,1.007398247718811035e+00
1762890449.290299654,6.116238832473754883e-01,-5.192226171493530273e-01,1.007466912269592285e+00
1762890449.310093880,6.034459471702575684e-01,-5.182672142982482910e-01,1.007520794868469238e+00
1762890449.330084562,5.946617722511291504e-01,-5.165629386901855469e-01,1.007524847984313965e+00
1762890449.350169420,5.864059329032897949e-01,-5.151386260986328125e-01,1.007548570632934570e+00
1762890449.370209932,5.781154632568359375e-01,-5.134877562522888184e-01,1.007559180259704590e+00
1762890449.390083313,5.697921514511108398e-01,-5.116103887557983398e-01,1.007558345794677734e+00
1762890449.410036802,5.614376068115234375e-01,-5.095063447952270508e-01,1.007549762725830078e+00
1762890449.430029154,5.530555844306945801e-01,-5.071770548820495605e-01,1.007533192634582520e+00
1762890449.450049877,5.446489453315734863e-01,-5.046237111091613770e-01,1.007509946823120117e+00
1762890449.470199823,5.382819175720214844e-01,-5.028716325759887695e-01,1.007521390914916992e+00
1762890449.490200520,5.304697751998901367e-01,-5.002414584159851074e-01,1.007501125335693359e+00
1762890449.510099649,5.200272798538208008e-01,-4.960083961486816406e-01,1.007422685623168945e+00
1762890449.529088020,5.110387206077575684e-01,-4.922983050346374512e-01,1.007366776466369629e+00
1762890449.549010992,5.064074993133544922e-01,-4.909452199935913086e-01,1.007403135299682617e+00
1762890449.569346189,4.944208264350891113e-01,-4.850150942802429199e-01,1.007291078567504883e+00
1762890449.589156151,4.879366159439086914e-01,-4.822567999362945557e-01,1.007306575775146484e+00
1762890449.609419823,4.794897437095642090e-01,-4.780775010585784912e-01,1.007287263870239258e+00
1762890449.629077435,4.708923399448394775e-01,-4.736035764217376709e-01,1.007264852523803711e+00
1762890449.649178743,4.622520804405212402e-01,-4.689040184020996094e-01,1.007241845130920410e+00
1762890449.669373035,4.535726606845855713e-01,-4.639836847782135010e-01,1.007213592529296875e+00
1762890449.689170361,4.443125724792480469e-01,-4.580787420272827148e-01,1.007132411003112793e+00
1762890449.709218740,4.355270862579345703e-01,-4.526942372322082520e-01,1.007085680961608887e+00
1762890449.729109049,4.266844093799591064e-01,-4.470846354961395264e-01,1.007017970085144043e+00
1762890449.749105453,4.177838861942291260e-01,-4.412513375282287598e-01,1.006923556327819824e+00
1762890449.769067526,4.088255763053894043e-01,-4.351958036422729492e-01,1.006799578666687012e+00
1762890449.789217234,3.998121917247772217e-01,-4.289213120937347412e-01,1.006642103195190430e+00
1762890449.809379339,3.907490968704223633e-01,-4.224326610565185547e-01,1.006448745727539062e+00
1762890449.830029488,3.815491497516632080e-01,-4.156481325626373291e-01,1.006216764450073242e+00
1762890449.850182295,3.725078105926513672e-01,-4.088349938392639160e-01,1.005965113639831543e+00
1762890449.870207548,3.633393943309783936e-01,-4.017373323440551758e-01,1.005686640739440918e+00
1762890449.890043259,3.541451096534729004e-01,-3.944429457187652588e-01,1.005392909049987793e+00
1762890449.910310745,3.449377119541168213e-01,-3.869605064392089844e-01,1.005096197128295898e+00
1762890449.930017233,3.357239663600921631e-01,-3.792954981327056885e-01,1.004806160926818848e+00
1762890449.949961185,3.265117108821868896e-01,-3.714547753334045410e-01,1.004531979560852051e+00
1762890449.969099045,3.215476572513580322e-01,-3.677714765071868896e-01,1.004472255706787109e+00
1762890449.989155293,3.124520778656005859e-01,-3.597722351551055908e-01,1.004245877265930176e+00
1762890450.009126425,3.032733500003814697e-01,-3.515113890171051025e-01,1.004047393798828125e+00
1762890450.029159307,2.941038310527801514e-01,-3.430813848972320557e-01,1.003885388374328613e+00
1762890450.050147057,2.848490178585052490e-01,-3.343806564807891846e-01,1.003762602806091309e+00
1762890450.070263147,2.758176326751708984e-01,-3.257455229759216309e-01,1.003687977790832520e+00
1762890450.090084076,2.667032182216644287e-01,-3.168450891971588135e-01,1.003649353981018066e+00
1762890450.109158754,2.575913667678833008e-01,-3.077747523784637451e-01,1.003640294075012207e+00
1762890450.129166603,2.484626621007919312e-01,-2.985149919986724854e-01,1.003650903701782227e+00
1762890450.150298595,2.393826097249984741e-01,-2.891484200954437256e-01,1.003672122955322266e+00
1762890450.170079947,2.302532941102981567e-01,-2.795662879943847656e-01,1.003691554069519043e+00
1762890450.190003872,2.211622446775436401e-01,-2.698802649974822998e-01,1.003698825836181641e+00
1762890450.210320473,2.120370119810104370e-01,-2.600111663341522217e-01,1.003683090209960938e+00
1762890450.229105234,2.037640810012817383e-01,-2.507463395595550537e-01,1.003625392913818359e+00
1762890450.249049187,1.926358193159103394e-01,-2.384346872568130493e-01,1.003529667854309082e+00
1762890450.269043684,1.842385828495025635e-01,-2.290993332862854004e-01,1.003425478935241699e+00
1762890450.290333033,1.753420680761337280e-01,-2.190305888652801514e-01,1.003275394439697266e+00
1762890450.310074806,1.670566648244857788e-01,-2.093391269445419312e-01,1.003085255622863770e+00
1762890450.330132484,1.578226536512374878e-01,-1.986600905656814575e-01,1.002872347831726074e+00
1762890450.349252939,1.480344235897064209e-01,-1.871736496686935425e-01,1.002623915672302246e+00
1762890450.369013309,1.364285945892333984e-01,-1.731937825679779053e-01,1.002294182777404785e+00
1762890450.389065981,1.298495680093765259e-01,-1.657788157463073730e-01,1.002178192138671875e+00
1762890450.409082413,1.185196936130523682e-01,-1.520040184259414673e-01,1.001884222030639648e+00
1762890450.429050446,1.112360805273056030e-01,-1.435649991035461426e-01,1.001768946647644043e+00
1762890450.449072361,1.014623716473579407e-01,-1.317538619041442871e-01,1.001592636108398438e+00
1762890450.469154358,9.258785843849182129e-02,-1.210980638861656189e-01,1.001496434211730957e+00
1762890450.489248037,8.320601284503936768e-02,-1.097240373492240906e-01,1.001437902450561523e+00
1762890450.509031534,7.377284765243530273e-02,-9.824626147747039795e-02,1.001429796218872070e+00
1762890450.529117107,6.431714445352554321e-02,-8.670815080404281616e-02,1.001462936401367188e+00
1762890450.549127102,5.483653023838996887e-02,-7.511056959629058838e-02,1.001529812812805176e+00
1762890450.569030046,4.532777145504951477e-02,-6.345493346452713013e-02,1.001618623733520508e+00
1762890450.589128494,3.578981384634971619e-02,-5.174503102898597717e-02,1.001717209815979004e+00
1762890450.609117508,2.622278593480587006e-02,-3.998622298240661621e-02,1.001814365386962891e+00
1762890450.629286528,1.662816479802131653e-02,-2.818568795919418335e-02,1.001898646354675293e+00
1762890450.649045706,7.008974906057119370e-03,-1.635260507464408875e-02,1.001961946487426758e+00
1762890450.669169903,-2.631094772368669510e-03,-4.497082438319921494e-03,1.001999139785766602e+00
1762890450.689107418,-1.228784397244453430e-02,7.370323874056339264e-03,1.002009272575378418e+00
1762890450.709052563,-2.255974337458610535e-02,2.033621631562709808e-02,1.001964211463928223e+00
1762890450.730179310,-3.167891129851341248e-02,3.115777112543582916e-02,1.001965761184692383e+00
1762890450.749144316,-4.236020520329475403e-02,4.461448267102241516e-02,1.001888751983642578e+00
1762890450.769080162,-5.158827826380729675e-02,5.581058561801910400e-02,1.001867532730102539e+00
1762890450.789140940,-6.123035028576850891e-02,6.752621382474899292e-02,1.001862764358520508e+00
1762890450.809188366,-7.088495045900344849e-02,7.921829074621200562e-02,1.001894950866699219e+00
1762890450.829494476,-8.052387833595275879e-02,9.084510803222656250e-02,1.001975774765014648e+00
1762890450.849143028,-9.014337509870529175e-02,1.023973897099494934e-01,1.002111673355102539e+00
1762890450.869139910,-9.974095970392227173e-02,1.138682439923286438e-01,1.002305388450622559e+00
1762890450.889388084,-1.093152612447738647e-01,1.252531558275222778e-01,1.002556204795837402e+00
1762890450.909147978,-1.188651025295257568e-01,1.365476846694946289e-01,1.002860307693481445e+00
1762890450.929161310,-1.283892840147018433e-01,1.477477848529815674e-01,1.003211736679077148e+00
1762890450.949263573,-1.378860920667648315e-01,1.588480174541473389e-01,1.003601312637329102e+00
1762890450.969124556,-1.473531872034072876e-01,1.698418557643890381e-01,1.004017591476440430e+00
1762890450.989121199,-1.567885428667068481e-01,1.807246357202529907e-01,1.004449009895324707e+00
1762890451.009088278,-1.661923080682754517e-01,1.914955526590347290e-01,1.004887461662292480e+00
1762890451.029095173,-1.755648851394653320e-01,2.021528631448745728e-01,1.005323648452758789e+00
1762890451.049035549,-1.849052459001541138e-01,2.126926481723785400e-01,1.005749225616455078e+00
1762890451.069192171,-1.942130774259567261e-01,2.231126278638839722e-01,1.006155967712402344e+00
1762890451.089256525,-2.034890204668045044e-01,2.334115654230117798e-01,1.006538629531860352e+00
1762890451.109110832,-2.127338200807571411e-01,2.435879260301589966e-01,1.006894588470458984e+00
1762890451.128962278,-2.219482362270355225e-01,2.536401152610778809e-01,1.007222533226013184e+00
1762890451.149005413,-2.311334758996963501e-01,2.635668218135833740e-01,1.007522940635681152e+00
1762890451.169073582,-2.402908354997634888e-01,2.733667194843292236e-01,1.007796764373779297e+00
1762890451.190280437,-2.495129257440567017e-01,2.831413149833679199e-01,1.008048057556152344e+00
1762890451.210018873,-2.585140168666839600e-01,2.925610244274139404e-01,1.008274078369140625e+00
1762890451.230092764,-2.675897777080535889e-01,3.019638955593109131e-01,1.008483886718750000e+00
1762890451.249270678,-2.723987698554992676e-01,3.064896166324615479e-01,1.008612275123596191e+00
1762890451.269418240,-2.814673781394958496e-01,3.157186806201934814e-01,1.008800029754638672e+00
1762890451.289105892,-2.904682755470275879e-01,3.247587978839874268e-01,1.008974790573120117e+00
1762890451.309206247,-2.994735240936279297e-01,3.336864411830902100e-01,1.009139060974121094e+00
1762890451.329473495,-3.084618151187896729e-01,3.424741327762603760e-01,1.009293913841247559e+00
1762890451.349092960,-3.174351751804351807e-01,3.511203527450561523e-01,1.009439349174499512e+00
1762890451.369193316,-3.263992965221405029e-01,3.596275746822357178e-01,1.009576678276062012e+00
1762890451.389280558,-3.345100879669189453e-01,3.673360943794250488e-01,1.009686112403869629e+00
1762890451.409221172,-3.424049615859985352e-01,3.745104670524597168e-01,1.009795904159545898e+00
1762890451.429170847,-3.520745337009429932e-01,3.833303451538085938e-01,1.009906530380249023e+00
1762890451.449056625,-3.600221276283264160e-01,3.903122246265411377e-01,1.009989976882934570e+00
1762890451.469041348,-3.702152073383331299e-01,3.993247449398040771e-01,1.010065197944641113e+00
1762890451.489267111,-3.781941235065460205e-01,4.060673117637634277e-01,1.010115027427673340e+00
1762890451.509136200,-3.868221938610076904e-01,4.132807850837707520e-01,1.010152459144592285e+00
1762890451.529106379,-3.957549035549163818e-01,4.206244945526123047e-01,1.010178446769714355e+00
1762890451.549319506,-4.047089517116546631e-01,4.278262257575988770e-01,1.010194420814514160e+00
1762890451.571289062,-4.177881777286529541e-01,4.383825063705444336e-01,1.010185480117797852e+00
1762890451.589202404,-4.226209521293640137e-01,4.417332708835601807e-01,1.010203361511230469e+00
1762890451.609090328,-4.315784275531768799e-01,4.484325051307678223e-01,1.010196566581726074e+00
1762890451.628988504,-4.405367672443389893e-01,4.549584686756134033e-01,1.010182619094848633e+00
1762890451.650046587,-4.494929909706115723e-01,4.613058865070343018e-01,1.010166406631469727e+00
1762890451.669243336,-4.584601819515228271e-01,4.674823284149169922e-01,1.010149359703063965e+00
1762890451.689039946,-4.673848152160644531e-01,4.734453856945037842e-01,1.010128259658813477e+00
1762890451.709086418,-4.762641489505767822e-01,4.791930615901947021e-01,1.010101556777954102e+00
1762890451.729051352,-4.851381182670593262e-01,4.847517311573028564e-01,1.010069727897644043e+00
1762890451.749243498,-4.939759671688079834e-01,4.900964796543121338e-01,1.010033965110778809e+00
1762890451.769006252,-5.027695894241333008e-01,4.952199459075927734e-01,1.009995579719543457e+00
1762890451.790155172,-5.115342140197753906e-01,5.001294016838073730e-01,1.009957432746887207e+00
1762890451.810255289,-5.201991796493530273e-01,5.047814249992370605e-01,1.009922385215759277e+00
1762890451.830054283,-5.288264155387878418e-01,5.092141032218933105e-01,1.009892582893371582e+00
1762890451.850076675,-5.373898148536682129e-01,5.134103298187255859e-01,1.009869575500488281e+00
1762890451.869167089,-5.451098680496215820e-01,5.171096920967102051e-01,1.009853959083557129e+00
1762890451.889065504,-5.534923076629638672e-01,5.208214521408081055e-01,1.009845972061157227e+00
1762890451.909180403,-5.618441104888916016e-01,5.243156552314758301e-01,1.009843349456787109e+00
1762890451.929101706,-5.701221227645874023e-01,5.275691151618957520e-01,1.009844303131103516e+00
1762890451.949149370,-5.783218741416931152e-01,5.305801630020141602e-01,1.009845852851867676e+00
1762890451.969231367,-5.864431262016296387e-01,5.333495736122131348e-01,1.009843707084655762e+00
1762890451.989075661,-5.944885611534118652e-01,5.358801484107971191e-01,1.009834051132202148e+00
1762890452.009097338,-6.024602651596069336e-01,5.381739139556884766e-01,1.009813308715820312e+00
1762890452.029068470,-6.103585958480834961e-01,5.402321815490722656e-01,1.009777188301086426e+00
1762890452.049052238,-6.181855201721191406e-01,5.420565605163574219e-01,1.009720921516418457e+00
1762890452.069138050,-6.259428262710571289e-01,5.436488389968872070e-01,1.009641408920288086e+00
1762890452.089235306,-6.336318254470825195e-01,5.450102090835571289e-01,1.009534478187561035e+00
1762890452.109036207,-6.412546038627624512e-01,5.461418032646179199e-01,1.009397745132446289e+00
1762890452.129148960,-6.488127112388610840e-01,5.470446944236755371e-01,1.009230494499206543e+00
1762890452.149310350,-6.563071608543395996e-01,5.477194786071777344e-01,1.009032845497131348e+00
1762890452.169015884,-6.637387275695800781e-01,5.481665134429931641e-01,1.008805871009826660e+00
1762890452.189015388,-6.711079478263854980e-01,5.483865737915039062e-01,1.008551478385925293e+00
1762890452.209079504,-6.784150600433349609e-01,5.483797192573547363e-01,1.008272171020507812e+00
1762890452.229223728,-6.856595873832702637e-01,5.481463670730590820e-01,1.007971167564392090e+00
1762890452.249136686,-6.928411722183227539e-01,5.476866364479064941e-01,1.007651567459106445e+00
1762890452.269119501,-6.999643445014953613e-01,5.469980239868164062e-01,1.007346272468566895e+00
1762890452.289234400,-7.070513367652893066e-01,5.460587739944458008e-01,1.007347464561462402e+00
1762890452.310051203,-7.140907645225524902e-01,5.449035167694091797e-01,1.007714033126831055e+00
1762890452.330183983,-7.204355001449584961e-01,5.436594486236572266e-01,1.008235096931457520e+00
1762890452.350305080,-7.264416217803955078e-01,5.423358082771301270e-01,1.008856534957885742e+00
1762890452.370142937,-7.319030165672302246e-01,5.409925580024719238e-01,1.009520649909973145e+00
1762890452.390029192,-7.367405295372009277e-01,5.396863222122192383e-01,1.010199904441833496e+00
1762890452.410091162,-7.408958077430725098e-01,5.384635925292968750e-01,1.010876297950744629e+00
1762890452.428982973,-7.446203827857971191e-01,5.374332666397094727e-01,1.011615991592407227e+00
1762890452.449092388,-7.470715045928955078e-01,5.365247130393981934e-01,1.012168765068054199e+00
1762890452.469103575,-7.489155530929565430e-01,5.357715487480163574e-01,1.012675881385803223e+00
1762890452.489495516,-7.500442862510681152e-01,5.352160334587097168e-01,1.013076663017272949e+00
1762890452.509094954,-7.504996061325073242e-01,5.348684191703796387e-01,1.013334155082702637e+00
1762890452.529026031,-7.503487467765808105e-01,5.347301363945007324e-01,1.013420462608337402e+00
1762890452.549180031,-7.499995231628417969e-01,5.345977544784545898e-01,1.013325214385986328e+00
1762890452.569034576,-7.491123080253601074e-01,5.347362756729125977e-01,1.013042330741882324e+00
1762890452.589128971,-7.471190690994262695e-01,5.354639887809753418e-01,1.012330770492553711e+00
1762890452.609091997,-7.461078763008117676e-01,5.356408357620239258e-01,1.011712789535522461e+00
1762890452.629149914,-7.443023920059204102e-01,5.362750291824340820e-01,1.010687947273254395e+00
1762890452.649108171,-7.423380613327026367e-01,5.370328426361083984e-01,1.009432911872863770e+00
1762890452.669485569,-7.403261065483093262e-01,5.378645658493041992e-01,1.007997393608093262e+00
1762890452.689069271,-7.383434772491455078e-01,5.387335419654846191e-01,1.006436586380004883e+00
1762890452.709115267,-7.364526987075805664e-01,5.396036505699157715e-01,1.004805207252502441e+00
1762890452.729025841,-7.347061634063720703e-01,5.404409766197204590e-01,1.003156065940856934e+00
1762890452.749008417,-7.331460118293762207e-01,5.412122011184692383e-01,1.001537919044494629e+00
1762890452.769170284,-7.318001985549926758e-01,5.418860912322998047e-01,9.999868869781494141e-01
1762890452.789197683,-7.306855916976928711e-01,5.424351096153259277e-01,9.985256195068359375e-01
1762890452.809019089,-7.298040986061096191e-01,5.428383946418762207e-01,9.971622824668884277e-01
1762890452.829136133,-7.291465997695922852e-01,5.430820584297180176e-01,9.958918094635009766e-01
1762890452.849086523,-7.286949753761291504e-01,5.431572198867797852e-01,9.946990013122558594e-01
1762890452.868978500,-7.284241318702697754e-01,5.430617928504943848e-01,9.935595989227294922e-01
1762890452.889047384,-7.283048033714294434e-01,5.427993535995483398e-01,9.924435615539550781e-01
1762890452.910228968,-7.283048629760742188e-01,5.423797369003295898e-01,9.913138151168823242e-01
1762890452.930209875,-7.283941507339477539e-01,5.418127179145812988e-01,9.901539683341979980e-01
1762890452.950192690,-7.285347580909729004e-01,5.411210656166076660e-01,9.889173507690429688e-01
1762890452.970084190,-7.286991477012634277e-01,5.403210520744323730e-01,9.875862598419189453e-01
1762890452.989986181,-7.288607954978942871e-01,5.394337177276611328e-01,9.861440062522888184e-01
1762890453.010104179,-7.289293408393859863e-01,5.386812090873718262e-01,9.844942688941955566e-01
1762890453.030151129,-7.290818691253662109e-01,5.374875664710998535e-01,9.828957319259643555e-01
1762890453.050360441,-7.291041016578674316e-01,5.364732146263122559e-01,9.810937643051147461e-01
1762890453.070007563,-7.290498018264770508e-01,5.354596376419067383e-01,9.791866540908813477e-01
1762890453.090065718,-7.288402318954467773e-01,5.346542000770568848e-01,9.770609140396118164e-01
1762890453.110180855,-7.286079525947570801e-01,5.337008237838745117e-01,9.749807715415954590e-01
1762890453.130095243,-7.282868027687072754e-01,5.328013300895690918e-01,9.728415012359619141e-01
1762890453.150435925,-7.278810739517211914e-01,5.319674611091613770e-01,9.706562757492065430e-01
1762890453.170055151,-7.273986935615539551e-01,5.312072634696960449e-01,9.684343338012695312e-01
1762890453.189109564,-7.268120646476745605e-01,5.305337309837341309e-01,9.660741686820983887e-01
1762890453.209344864,-7.262417078018188477e-01,5.299255251884460449e-01,9.639008045196533203e-01
1762890453.229208469,-7.255970239639282227e-01,5.294004082679748535e-01,9.615954756736755371e-01
1762890453.249090433,-7.249209880828857422e-01,5.289494991302490234e-01,9.592487215995788574e-01
1762890453.269099474,-7.242279052734375000e-01,5.285661220550537109e-01,9.568603634834289551e-01
1762890453.288990974,-7.235297560691833496e-01,5.282413959503173828e-01,9.544215202331542969e-01
1762890453.309084654,-7.230593562126159668e-01,5.278126001358032227e-01,9.525271654129028320e-01
1762890453.329139471,-7.224438786506652832e-01,5.275182127952575684e-01,9.501580595970153809e-01
1762890453.349127769,-7.217836976051330566e-01,5.272955298423767090e-01,9.475404024124145508e-01
1762890453.369391441,-7.211443185806274414e-01,5.270979404449462891e-01,9.448255300521850586e-01
1762890453.389192581,-7.205339074134826660e-01,5.269136428833007812e-01,9.420108795166015625e-01
1762890453.410228014,-7.198934555053710938e-01,5.267923474311828613e-01,9.388582110404968262e-01
1762890453.430223227,-7.191889882087707520e-01,5.267816185951232910e-01,9.351341724395751953e-01
1762890453.450373173,-7.187176346778869629e-01,5.265557765960693359e-01,9.320865273475646973e-01
1762890453.470157146,-7.183560132980346680e-01,5.262185931205749512e-01,9.293620586395263672e-01
1762890453.489044905,-7.181447148323059082e-01,5.259082913398742676e-01,9.275327920913696289e-01
1762890453.509317875,-7.176106572151184082e-01,5.257863998413085938e-01,9.235574603080749512e-01
1762890453.529087305,-7.172516584396362305e-01,5.254710912704467773e-01,9.203571677207946777e-01
1762890453.549080849,-7.168635129928588867e-01,5.251920223236083984e-01,9.167785644531250000e-01
1762890453.569036007,-7.164089083671569824e-01,5.249931812286376953e-01,9.125177860260009766e-01
1762890453.588969469,-7.160074710845947266e-01,5.247288942337036133e-01,9.084093570709228516e-01
1762890453.608988285,-7.157050371170043945e-01,5.243415832519531250e-01,9.048955440521240234e-01
1762890453.629061699,-7.153379321098327637e-01,5.240285396575927734e-01,9.007158279418945312e-01
1762890453.649083138,-7.149682044982910156e-01,5.237152576446533203e-01,8.963713645935058594e-01
1762890453.669159412,-7.145981788635253906e-01,5.233999490737915039e-01,8.918991684913635254e-01
1762890453.689566135,-7.142267823219299316e-01,5.230855345726013184e-01,8.872998952865600586e-01
1762890453.709063768,-7.138527631759643555e-01,5.227751731872558594e-01,8.825712800025939941e-01
1762890453.728972197,-7.134755253791809082e-01,5.224724411964416504e-01,8.777164816856384277e-01
1762890453.749397039,-7.130948901176452637e-01,5.221803784370422363e-01,8.727400898933410645e-01
1762890453.769000292,-7.127112150192260742e-01,5.219011306762695312e-01,8.676462769508361816e-01
1762890453.789091587,-7.123253941535949707e-01,5.216367244720458984e-01,8.624395132064819336e-01
1762890453.809057713,-7.119383811950683594e-01,5.213883519172668457e-01,8.571236133575439453e-01
1762890453.829063177,-7.115513086318969727e-01,5.211567282676696777e-01,8.517016172409057617e-01
1762890453.849031448,-7.111655473709106445e-01,5.209419727325439453e-01,8.461757898330688477e-01
1762890453.869138002,-7.107822895050048828e-01,5.207437872886657715e-01,8.405472636222839355e-01
1762890453.889153719,-7.104026675224304199e-01,5.205612778663635254e-01,8.348163366317749023e-01
1762890453.909302473,-7.100276350975036621e-01,5.203931331634521484e-01,8.289822340011596680e-01
1762890453.929124594,-7.096580862998962402e-01,5.202381014823913574e-01,8.230432868003845215e-01
1762890453.949022293,-7.092943787574768066e-01,5.200946331024169922e-01,8.169979453086853027e-01
1762890453.970192671,-7.089357972145080566e-01,5.199630260467529297e-01,8.108299970626831055e-01
1762890453.989988565,-7.085859775543212891e-01,5.198358297348022461e-01,8.045822381973266602e-01
1762890454.010025263,-7.082410454750061035e-01,5.197177529335021973e-01,7.982072234153747559e-01
1762890454.030157804,-7.079015970230102539e-01,5.196055173873901367e-01,7.917179465293884277e-01
1762890454.050140619,-7.075671553611755371e-01,5.194979906082153320e-01,7.851133346557617188e-01
1762890454.070106506,-7.072513103485107422e-01,5.195469856262207031e-01,7.790564298629760742e-01
1762890454.090056181,-7.069240808486938477e-01,5.194465517997741699e-01,7.722296118736267090e-01
1762890454.110111952,-7.065848708152770996e-01,5.191966891288757324e-01,7.646021246910095215e-01
1762890454.130015135,-7.062758207321166992e-01,5.192545652389526367e-01,7.582348585128784180e-01
1762890454.150126696,-7.059530615806579590e-01,5.191630721092224121e-01,7.510719299316406250e-01
1762890454.169090033,-7.056205272674560547e-01,5.190934538841247559e-01,7.436420321464538574e-01
1762890454.189113379,-7.053061723709106445e-01,5.189897418022155762e-01,7.364292740821838379e-01
1762890454.209164619,-7.049815058708190918e-01,5.189074873924255371e-01,7.289726138114929199e-01
1762890454.229580164,-7.046545147895812988e-01,5.188306570053100586e-01,7.214139699935913086e-01
1762890454.248952627,-7.043251395225524902e-01,5.187586545944213867e-01,7.137620449066162109e-01
1762890454.269092083,-7.040575742721557617e-01,5.185645222663879395e-01,7.071465849876403809e-01
1762890454.289239168,-7.036635875701904297e-01,5.186208486557006836e-01,6.982696056365966797e-01
1762890454.309034109,-7.033740878105163574e-01,5.184705853462219238e-01,6.911979317665100098e-01
1762890454.329024315,-7.030372023582458496e-01,5.184143781661987305e-01,6.832612752914428711e-01
1762890454.349124670,-7.026944160461425781e-01,5.183704495429992676e-01,6.751878857612609863e-01
1762890454.369132280,-7.023088335990905762e-01,5.184121727943420410e-01,6.663243770599365234e-01
1762890454.389040232,-7.020088434219360352e-01,5.182849764823913574e-01,6.589529514312744141e-01
1762890454.409187794,-7.016535997390747070e-01,5.182687044143676758e-01,6.505671739578247070e-01
1762890454.429274082,-7.012329101562500000e-01,5.183846950531005859e-01,6.409829854965209961e-01
1762890454.449006796,-7.008697986602783203e-01,5.183874368667602539e-01,6.324089765548706055e-01
1762890454.469073057,-7.005041241645812988e-01,5.183974504470825195e-01,6.237785220146179199e-01
1762890454.489106655,-7.001342773437500000e-01,5.184171795845031738e-01,6.150757074356079102e-01
1762890454.509035587,-6.997601389884948730e-01,5.184476971626281738e-01,6.063202619552612305e-01
1762890454.530230045,-6.993795037269592285e-01,5.184932947158813477e-01,5.974977016448974609e-01
1762890454.549120426,-6.989999413490295410e-01,5.185384750366210938e-01,5.887492299079895020e-01
1762890454.569018602,-6.985526084899902344e-01,5.189099907875061035e-01,5.794250965118408203e-01
1762890454.589057684,-6.981685757637023926e-01,5.189671516418457031e-01,5.707501769065856934e-01
1762890454.609116077,-6.977762579917907715e-01,5.190418362617492676e-01,5.620123744010925293e-01
1762890454.629083157,-6.973806619644165039e-01,5.191230773925781250e-01,5.533021688461303711e-01
1762890454.649482012,-6.969821453094482422e-01,5.192094445228576660e-01,5.446279644966125488e-01
1762890454.669118166,-6.965808272361755371e-01,5.193000435829162598e-01,5.359966158866882324e-01
1762890454.689017773,-6.961769461631774902e-01,5.193935036659240723e-01,5.274139046669006348e-01
1762890454.709147215,-6.957705616950988770e-01,5.194885134696960449e-01,5.188797116279602051e-01
1762890454.730043173,-6.953374147415161133e-01,5.196337103843688965e-01,5.100122690200805664e-01
1762890454.750075579,-6.949499845504760742e-01,5.196805000305175781e-01,5.019559860229492188e-01
1762890454.770087242,-6.945379972457885742e-01,5.197727084159851074e-01,4.935880303382873535e-01
1762890454.790075064,-6.942486166954040527e-01,5.196122527122497559e-01,4.871748387813568115e-01
1762890454.810303688,-6.937460303306579590e-01,5.198777914047241211e-01,4.776037633419036865e-01
1762890454.830149412,-6.934152245521545410e-01,5.197931528091430664e-01,4.706706702709197998e-01
1762890454.850082159,-6.930298209190368652e-01,5.198161602020263672e-01,4.629930853843688965e-01
1762890454.870036125,-6.924837231636047363e-01,5.201515555381774902e-01,4.530205130577087402e-01
1762890454.890213013,-6.921763420104980469e-01,5.200142264366149902e-01,4.465709924697875977e-01
1762890454.910051346,-6.917255520820617676e-01,5.201567411422729492e-01,4.380851984024047852e-01
1762890454.930242062,-6.912949085235595703e-01,5.202608704566955566e-01,4.299244880676269531e-01
1762890454.950217009,-6.908937096595764160e-01,5.203103423118591309e-01,4.222317636013031006e-01
1762890454.969978571,-6.904616355895996094e-01,5.204228758811950684e-01,4.141420423984527588e-01
1762890454.990058422,-6.900264024734497070e-01,5.205461978912353516e-01,4.060491025447845459e-01
1762890455.010038137,-6.895896792411804199e-01,5.206780433654785156e-01,3.979860544204711914e-01
1762890455.030007601,-6.891522407531738281e-01,5.208188891410827637e-01,3.899672925472259521e-01
1762890455.050097942,-6.887140870094299316e-01,5.209689140319824219e-01,3.820089697837829590e-01
1762890455.070210695,-6.882758140563964844e-01,5.211282372474670410e-01,3.741317689418792725e-01
1762890455.090237856,-6.878378987312316895e-01,5.212965011596679688e-01,3.663566708564758301e-01
1762890455.110114336,-6.874009370803833008e-01,5.214725136756896973e-01,3.587003648281097412e-01
1762890455.130102873,-6.869655251502990723e-01,5.216553211212158203e-01,3.511774837970733643e-01
1762890455.149054527,-6.864441037178039551e-01,5.222054719924926758e-01,3.431362807750701904e-01
1762890455.169135809,-6.860381960868835449e-01,5.223454833030700684e-01,3.362390995025634766e-01
1762890455.189348936,-6.856117248535156250e-01,5.225371718406677246e-01,3.291873335838317871e-01
1762890455.209064484,-6.851871609687805176e-01,5.227326154708862305e-01,3.222686946392059326e-01
1762890455.229068518,-6.847658753395080566e-01,5.229280591011047363e-01,3.155037164688110352e-01
1762890455.249064445,-6.843486428260803223e-01,5.231210589408874512e-01,3.088902533054351807e-01
1762890455.268958330,-6.841820478439331055e-01,5.227820873260498047e-01,3.052453398704528809e-01
1762890455.289211035,-6.835266947746276855e-01,5.234920978546142578e-01,2.960726320743560791e-01
1762890455.309066057,-6.831212639808654785e-01,5.236700177192687988e-01,2.898550629615783691e-01
1762890455.329300880,-6.827196478843688965e-01,5.238425731658935547e-01,2.837594449520111084e-01
1762890455.350005388,-6.822981238365173340e-01,5.240609645843505859e-01,2.775143682956695557e-01
1762890455.370079279,-6.819282770156860352e-01,5.241694450378417969e-01,2.718981206417083740e-01
1762890455.390048027,-6.815403699874877930e-01,5.243209004402160645e-01,2.661460936069488525e-01
1762890455.410235167,-6.811558008193969727e-01,5.244700908660888672e-01,2.604893147945404053e-01
1762890455.430128098,-6.807758808135986328e-01,5.246143937110900879e-01,2.549422979354858398e-01
1762890455.450059175,-6.804011464118957520e-01,5.247542262077331543e-01,2.495042532682418823e-01
1762890455.470153332,-6.800318956375122070e-01,5.248901844024658203e-01,2.441735863685607910e-01
1762890455.490223408,-6.796681880950927734e-01,5.250229239463806152e-01,2.389520406723022461e-01
1762890455.510064125,-6.793104410171508789e-01,5.251533389091491699e-01,2.338406443595886230e-01
1762890455.530161619,-6.789587736129760742e-01,5.252822041511535645e-01,2.288409173488616943e-01
1762890455.551408768,-6.785917878150939941e-01,5.254598855972290039e-01,2.237429469823837280e-01
1762890455.570090771,-6.784818768501281738e-01,5.250581502914428711e-01,2.212005406618118286e-01
1762890455.590453386,-6.781531572341918945e-01,5.251713395118713379e-01,2.165544927120208740e-01
1762890455.610103369,-6.778255701065063477e-01,5.252980589866638184e-01,2.119639366865158081e-01
1762890455.630203009,-6.775047183036804199e-01,5.254258513450622559e-01,2.074835002422332764e-01
1762890455.650106668,-6.771911978721618652e-01,5.255538821220397949e-01,2.031127661466598511e-01
1762890455.670190811,-6.768845915794372559e-01,5.256831049919128418e-01,1.988468468189239502e-01
1762890455.690247774,-6.765846014022827148e-01,5.258153676986694336e-01,1.946828365325927734e-01
1762890455.710167646,-6.762912273406982422e-01,5.259515643119812012e-01,1.906187385320663452e-01
1762890455.729625463,-6.760136485099792480e-01,5.262176990509033203e-01,1.870695203542709351e-01
1762890455.749007702,-6.757303476333618164e-01,5.263683795928955078e-01,1.831752955913543701e-01
1762890455.769149065,-6.754572391510009766e-01,5.265137553215026855e-01,1.794128417968750000e-01
1762890455.789011478,-6.751881837844848633e-01,5.266701579093933105e-01,1.757279485464096069e-01
1762890455.809070826,-6.749250292778015137e-01,5.268320441246032715e-01,1.721373647451400757e-01
1762890455.829081059,-6.746679544448852539e-01,5.269984602928161621e-01,1.686402559280395508e-01
1762890455.849341631,-6.744167804718017578e-01,5.271683335304260254e-01,1.652328073978424072e-01
1762890455.869031191,-6.741715073585510254e-01,5.273410081863403320e-01,1.619120687246322632e-01
1762890455.889075279,-6.739732623100280762e-01,5.273885130882263184e-01,1.590301543474197388e-01
1762890455.909160137,-6.737110614776611328e-01,5.276491045951843262e-01,1.556430757045745850e-01
1762890455.929015875,-6.734703779220581055e-01,5.278615355491638184e-01,1.524765193462371826e-01
1762890455.949021339,-6.732851266860961914e-01,5.279117822647094727e-01,1.498122811317443848e-01
1762890455.969075203,-6.730687022209167480e-01,5.280755162239074707e-01,1.469277143478393555e-01
1762890455.989070415,-6.728170514106750488e-01,5.283693075180053711e-01,1.438029855489730835e-01
1762890456.010173559,-6.726144552230834961e-01,5.285141468048095703e-01,1.411199569702148438e-01
1762890456.030133963,-6.724469661712646484e-01,5.285515785217285156e-01,1.387457102537155151e-01
1762890456.050025225,-6.722392439842224121e-01,5.287356972694396973e-01,1.360981166362762451e-01
1762890456.070061445,-6.720499992370605469e-01,5.288664698600769043e-01,1.336351931095123291e-01
1762890456.090156078,-6.718565821647644043e-01,5.290227532386779785e-01,1.311816424131393433e-01
1762890456.110190868,-6.716664433479309082e-01,5.291787385940551758e-01,1.287901252508163452e-01
1762890456.130152225,-6.714796423912048340e-01,5.293334126472473145e-01,1.264607161283493042e-01
1762890456.150245190,-6.712960600852966309e-01,5.294881463050842285e-01,1.241925731301307678e-01
1762890456.170075893,-6.711157560348510742e-01,5.296434760093688965e-01,1.219863072037696838e-01
1762890456.189044476,-6.709385514259338379e-01,5.299254059791564941e-01,1.200727075338363647e-01
1762890456.209121704,-6.707663536071777344e-01,5.300777554512023926e-01,1.179991364479064941e-01
1762890456.229242802,-6.705967187881469727e-01,5.302368998527526855e-01,1.159848719835281372e-01
1762890456.249003649,-6.704312562942504883e-01,5.303975939750671387e-01,1.140417009592056274e-01
1762890456.269069195,-6.702703237533569336e-01,5.305588841438293457e-01,1.121698170900344849e-01
1762890456.290101051,-6.701130867004394531e-01,5.307250618934631348e-01,1.103617399930953979e-01
1762890456.309021711,-6.699635982513427734e-01,5.308797359466552734e-01,1.086389645934104919e-01
1762890456.329056263,-6.697407960891723633e-01,5.313693284988403320e-01,1.065239980816841125e-01
1762890456.349171162,-6.696739196777343750e-01,5.312108993530273438e-01,1.053580194711685181e-01
1762890456.369222164,-6.695299744606018066e-01,5.314046740531921387e-01,1.037741899490356445e-01
1762890456.389353514,-6.694140434265136719e-01,5.314956903457641602e-01,1.023807898163795471e-01
1762890456.409102201,-6.692235469818115234e-01,5.319499969482421875e-01,1.006143614649772644e-01
1762890456.428944349,-6.691561937332153320e-01,5.318538546562194824e-01,9.953738749027252197e-02
1762890456.449108839,-6.690593361854553223e-01,5.319125056266784668e-01,9.832689166069030762e-02
1762890456.469338179,-6.689521074295043945e-01,5.320354104042053223e-01,9.708140045404434204e-02
1762890456.489252329,-6.688485145568847656e-01,5.321578979492187500e-01,9.587762504816055298e-02
1762890456.509004354,-6.687495112419128418e-01,5.322750806808471680e-01,9.471853077411651611e-02
1762890456.530026674,-6.686502695083618164e-01,5.324085354804992676e-01,9.357827156782150269e-02
1762890456.549413681,-6.685589551925659180e-01,5.325156450271606445e-01,9.249775856733322144e-02
1762890456.569011927,-6.684755682945251465e-01,5.325964689254760742e-01,9.147455543279647827e-02
1762890456.589092970,-6.683468818664550781e-01,5.329350233078002930e-01,9.026160836219787598e-02
1762890456.609579325,-6.682637929916381836e-01,5.330467820167541504e-01,8.928430825471878052e-02
1762890456.630061388,-6.681731939315795898e-01,5.332161784172058105e-01,8.829364925622940063e-02
1762890456.650051355,-6.681431531906127930e-01,5.330626368522644043e-01,8.759296685457229614e-02
1762890456.670140982,-6.680425405502319336e-01,5.333229303359985352e-01,8.661284297704696655e-02
1762890456.690257549,-6.679725646972656250e-01,5.334278941154479980e-01,8.578919619321823120e-02
1762890456.710103750,-6.679470539093017578e-01,5.332868695259094238e-01,8.516918122768402100e-02
1762890456.730056047,-6.678777933120727539e-01,5.334208607673645020e-01,8.439267426729202271e-02
1762890456.750149488,-6.678277850151062012e-01,5.334582924842834473e-01,8.371585607528686523e-02
1762890456.770419121,-6.677726507186889648e-01,5.335449576377868652e-01,8.303912729024887085e-02
1762890456.789077997,-6.677562594413757324e-01,5.334642529487609863e-01,8.263596892356872559e-02
1762890456.809143782,-6.676885485649108887e-01,5.336651802062988281e-01,8.194430172443389893e-02
1762890456.829446554,-6.676414608955383301e-01,5.337547063827514648e-01,8.134543895721435547e-02
1762890456.849532604,-6.676087975502014160e-01,5.337671637535095215e-01,8.081196248531341553e-02
1762890456.869084358,-6.675534248352050781e-01,5.339549779891967773e-01,8.021588623523712158e-02
1762890456.889101267,-6.675153970718383789e-01,5.340454578399658203e-01,7.969480007886886597e-02
1762890456.909200191,-6.674802303314208984e-01,5.341370701789855957e-01,7.919910550117492676e-02
1762890456.929137945,-6.674480438232421875e-01,5.342302322387695312e-01,7.872749119997024536e-02
1762890456.950132132,-6.674180030822753906e-01,5.343299508094787598e-01,7.827720791101455688e-02
1762890456.969261885,-6.673919558525085449e-01,5.344219207763671875e-01,7.785310596227645874e-02
1762890456.989014864,-6.673673391342163086e-01,5.345253944396972656e-01,7.744728028774261475e-02
1762890457.009017706,-6.673466563224792480e-01,5.346203446388244629e-01,7.706587016582489014e-02
1762890457.031112432,-6.673278808593750000e-01,5.347210168838500977e-01,7.670350372791290283e-02
1762890457.049231052,-6.673117280006408691e-01,5.348220467567443848e-01,7.636151462793350220e-02
1762890457.069061041,-6.672978997230529785e-01,5.349224805831909180e-01,7.603932917118072510e-02
1762890457.089116096,-6.672863960266113281e-01,5.350218415260314941e-01,7.573625445365905762e-02
1762890457.109091759,-6.672770977020263672e-01,5.351197719573974609e-01,7.545223087072372437e-02
1762890457.129118443,-6.672698259353637695e-01,5.352156162261962891e-01,7.518696784973144531e-02
1762890457.149075508,-6.672642827033996582e-01,5.353090763092041016e-01,7.493946701288223267e-02
1762890457.169121504,-6.672285795211791992e-01,5.356909036636352539e-01,7.470282167196273804e-02
1762890457.189165354,-6.672726273536682129e-01,5.353435873985290527e-01,7.452298700809478760e-02
1762890457.209033966,-6.672337651252746582e-01,5.357792377471923828e-01,7.430635392665863037e-02
1762890457.229019642,-6.672326922416687012e-01,5.358712077140808105e-01,7.412004470825195312e-02
1762890457.249096632,-6.672724485397338867e-01,5.355808734893798828e-01,7.396650314331054688e-02
1762890457.269090652,-6.672600507736206055e-01,5.357730984687805176e-01,7.382743060588836670e-02
1762890457.289189100,-6.672624349594116211e-01,5.358411073684692383e-01,7.368129491806030273e-02
1762890457.309553385,-6.672653555870056152e-01,5.359069705009460449e-01,7.354763150215148926e-02
1762890457.329064608,-6.672688722610473633e-01,5.359703302383422852e-01,7.342544943094253540e-02
1762890457.349109173,-6.672729253768920898e-01,5.360309481620788574e-01,7.331454008817672729e-02
1762890457.371195316,-6.672925353050231934e-01,5.359596610069274902e-01,7.320369035005569458e-02
1762890457.389132261,-6.672825217247009277e-01,5.361467003822326660e-01,7.312338054180145264e-02
1762890457.409065723,-6.672879457473754883e-01,5.362036228179931641e-01,7.304161787033081055e-02
1762890457.429123878,-6.672940254211425781e-01,5.362607240676879883e-01,7.296806573867797852e-02
1762890457.449060917,-6.673009991645812988e-01,5.363180637359619141e-01,7.290247082710266113e-02
1762890457.470003843,-6.673071384429931641e-01,5.363971590995788574e-01,7.284340262413024902e-02
1762890457.490083456,-6.673182249069213867e-01,5.364351868629455566e-01,7.279425114393234253e-02
1762890457.510263681,-6.673290133476257324e-01,5.364933609962463379e-01,7.275117188692092896e-02
1762890457.529126167,-6.673414111137390137e-01,5.365533828735351562e-01,7.271514832973480225e-02
1762890457.549072266,-6.673552393913269043e-01,5.366182923316955566e-01,7.268609851598739624e-02
1762890457.570383549,-6.673718094825744629e-01,5.366737842559814453e-01,7.266432791948318481e-02
1762890457.590006590,-6.673896908760070801e-01,5.367382168769836426e-01,7.264911383390426636e-02
1762890457.610157967,-6.674104928970336914e-01,5.367926955223083496e-01,7.264058291912078857e-02
1762890457.630289555,-6.674332022666931152e-01,5.368511676788330078e-01,7.263768464326858521e-02
1762890457.650065184,-6.674582362174987793e-01,5.369088053703308105e-01,7.264042645692825317e-02
1762890457.671033621,-6.674839854240417480e-01,5.369858741760253906e-01,7.264869660139083862e-02
1762890457.689374685,-6.675146222114562988e-01,5.370194315910339355e-01,7.266228646039962769e-02
1762890457.709059715,-6.675459146499633789e-01,5.370704531669616699e-01,7.268082350492477417e-02
1762890457.729187489,-6.675789356231689453e-01,5.371206998825073242e-01,7.270362973213195801e-02
1762890457.749342680,-6.676133871078491211e-01,5.371689200401306152e-01,7.273058593273162842e-02
1762890457.769643068,-6.676490902900695801e-01,5.372148752212524414e-01,7.276186347007751465e-02
1762890457.789064646,-6.676859259605407715e-01,5.372585654258728027e-01,7.279743999242782593e-02
1762890457.809141159,-6.677236557006835938e-01,5.372999906539916992e-01,7.283723354339599609e-02
1762890457.830255747,-6.677610874176025391e-01,5.373597741127014160e-01,7.288163900375366211e-02
1762890457.849071026,-6.677997112274169922e-01,5.372260808944702148e-01,7.291189581155776978e-02
1762890457.869050026,-6.678328514099121094e-01,5.373697876930236816e-01,7.296524941921234131e-02
1762890457.889068127,-6.678782701492309570e-01,5.372982025146484375e-01,7.301464676856994629e-02
1762890457.909064054,-6.679179668426513672e-01,5.373238921165466309e-01,7.307076454162597656e-02
1762890457.928949118,-6.679571866989135742e-01,5.373544096946716309e-01,7.313041388988494873e-02
1762890457.949101210,-6.679961085319519043e-01,5.373840928077697754e-01,7.319338619709014893e-02
1762890457.969206095,-6.680346131324768066e-01,5.374125242233276367e-01,7.325972616672515869e-02
1762890457.989216566,-6.680724620819091797e-01,5.374403595924377441e-01,7.332928478717803955e-02
1762890458.009025574,-6.681095957756042480e-01,5.374686121940612793e-01,7.340181618928909302e-02
1762890458.029083014,-6.681460738182067871e-01,5.374977588653564453e-01,7.347702234983444214e-02
1762890458.049493790,-6.681817770004272461e-01,5.375283360481262207e-01,7.355461269617080688e-02
1762890458.069243670,-6.682168841361999512e-01,5.375607609748840332e-01,7.363463193178176880e-02
1762890458.089115143,-6.682514548301696777e-01,5.375953912734985352e-01,7.371727377176284790e-02
1762890458.109989643,-6.682855486869812012e-01,5.376328229904174805e-01,7.380200922489166260e-02
1762890458.130172729,-6.683193445205688477e-01,5.376752018928527832e-01,7.388812303543090820e-02
1762890458.150051832,-6.683536171913146973e-01,5.377153158187866211e-01,7.397487759590148926e-02
1762890458.170065165,-6.683880090713500977e-01,5.377601385116577148e-01,7.406236231327056885e-02
1762890458.189324141,-6.684229373931884766e-01,5.378072857856750488e-01,7.415033876895904541e-02
1762890458.209061623,-6.684584617614746094e-01,5.378588438034057617e-01,7.423900812864303589e-02
1762890458.229070663,-6.684773564338684082e-01,5.380396842956542969e-01,7.431510090827941895e-02
1762890458.249211550,-6.685146689414978027e-01,5.380926132202148438e-01,7.440463453531265259e-02
1762890458.269403696,-6.685530543327331543e-01,5.381479263305664062e-01,7.449553906917572021e-02
1762890458.289114952,-6.685928106307983398e-01,5.382046103477478027e-01,7.458798587322235107e-02
1762890458.309042931,-6.686338782310485840e-01,5.382614731788635254e-01,7.468132674694061279e-02
1762890458.329457045,-6.686764359474182129e-01,5.383179783821105957e-01,7.477474957704544067e-02
1762890458.349155664,-6.687205433845520020e-01,5.383734703063964844e-01,7.486839592456817627e-02
1762890458.369269609,-6.687661409378051758e-01,5.384275913238525391e-01,7.496216893196105957e-02
1762890458.389217854,-6.688134074211120605e-01,5.384797453880310059e-01,7.505594938993453979e-02
1762890458.410073042,-6.688613295555114746e-01,5.385509133338928223e-01,7.515102624893188477e-02
1762890458.430191517,-6.689129471778869629e-01,5.385774970054626465e-01,7.524312287569046021e-02
1762890458.450047493,-6.689653992652893066e-01,5.386208891868591309e-01,7.533638179302215576e-02
1762890458.470046520,-6.690196394920349121e-01,5.386625528335571289e-01,7.542961090803146362e-02
1762890458.490153551,-6.690754890441894531e-01,5.387011766433715820e-01,7.552319765090942383e-02
1762890458.510135412,-6.691327095031738281e-01,5.387362241744995117e-01,7.561756670475006104e-02
1762890458.530083656,-6.691906452178955078e-01,5.387672781944274902e-01,7.571277767419815063e-02
1762890458.550163269,-6.692490577697753906e-01,5.387941002845764160e-01,7.580889016389846802e-02
1762890458.570359945,-6.693076491355895996e-01,5.388164520263671875e-01,7.590545713901519775e-02
1762890458.589977980,-6.693660616874694824e-01,5.388342142105102539e-01,7.600250095129013062e-02
1762890458.610036850,-6.694241166114807129e-01,5.388470888137817383e-01,7.610014826059341431e-02
1762890458.630068779,-6.694816350936889648e-01,5.388549566268920898e-01,7.619921863079071045e-02
1762890458.650141716,-6.695381402969360352e-01,5.388584136962890625e-01,7.629993557929992676e-02
1762890458.670084953,-6.695988774299621582e-01,5.387258529663085938e-01,7.639143615961074829e-02
1762890458.690074921,-6.696520447731018066e-01,5.387405157089233398e-01,7.649555802345275879e-02
1762890458.710217714,-6.697052717208862305e-01,5.387100577354431152e-01,7.659719139337539673e-02
1762890458.730176687,-6.697505712509155273e-01,5.388038754463195801e-01,7.671020179986953735e-02
1762890458.750117779,-6.698022484779357910e-01,5.387229919433593750e-01,7.680881023406982422e-02
1762890458.769189119,-6.698499917984008789e-01,5.386828780174255371e-01,7.691141963005065918e-02
1762890458.789054871,-6.698632240295410156e-01,5.390273332595825195e-01,7.701888680458068848e-02
1762890458.809171677,-6.699154376983642578e-01,5.388655066490173340e-01,7.711260020732879639e-02
1762890458.829069853,-6.699444651603698730e-01,5.390594601631164551e-01,7.723348587751388550e-02
1762890458.849330664,-6.699820756912231445e-01,5.390956401824951172e-01,7.734194397926330566e-02
1762890458.869120598,-6.700212955474853516e-01,5.390960574150085449e-01,7.744661718606948853e-02
1762890458.889027119,-6.700597405433654785e-01,5.391106009483337402e-01,7.755140215158462524e-02
1762890458.909246206,-6.700981259346008301e-01,5.391320586204528809e-01,7.765559852123260498e-02
1762890458.929185390,-6.701369285583496094e-01,5.391606092453002930e-01,7.775961607694625854e-02
1762890458.949038982,-6.701765656471252441e-01,5.391954779624938965e-01,7.786396890878677368e-02
1762890458.969046831,-6.702317595481872559e-01,5.390029549598693848e-01,7.795192301273345947e-02
1762890458.989228487,-6.702780127525329590e-01,5.389766097068786621e-01,7.805161178112030029e-02
1762890459.009009123,-6.703197360038757324e-01,5.390696525573730469e-01,7.816002517938613892e-02
1762890459.029167891,-6.703690886497497559e-01,5.390628576278686523e-01,7.825993001461029053e-02
1762890459.049030304,-6.704066395759582520e-01,5.393314361572265625e-01,7.837777584791183472e-02
1762890459.069180965,-6.704666614532470703e-01,5.392140746116638184e-01,7.846759259700775146e-02
1762890459.089058638,-6.705085635185241699e-01,5.395294427871704102e-01,7.858595997095108032e-02
1762890459.109118700,-6.705679893493652344e-01,5.395269393920898438e-01,7.868312299251556396e-02
1762890459.129153013,-6.706274151802062988e-01,5.395604372024536133e-01,7.878268510103225708e-02
1762890459.149214029,-6.706881523132324219e-01,5.395928025245666504e-01,7.888386398553848267e-02
1762890459.169082403,-6.707497239112854004e-01,5.396217703819274902e-01,7.898636907339096069e-02
1762890459.190127373,-6.708111763000488281e-01,5.396558642387390137e-01,7.908917218446731567e-02
1762890459.210036516,-6.708733439445495605e-01,5.396649837493896484e-01,7.919020205736160278e-02
1762890459.230019569,-6.709346175193786621e-01,5.396786928176879883e-01,7.929118722677230835e-02
1762890459.250105381,-6.709949374198913574e-01,5.396869778633117676e-01,7.939081639051437378e-02
1762890459.270135164,-6.710540652275085449e-01,5.396890640258789062e-01,7.948839664459228516e-02
1762890459.290188789,-6.711116433143615723e-01,5.396844148635864258e-01,7.958488166332244873e-02
1762890459.310056686,-6.711779236793518066e-01,5.394514203071594238e-01,7.966562360525131226e-02
1762890459.330057859,-6.712348461151123047e-01,5.393702983856201172e-01,7.975550740957260132e-02
1762890459.349432468,-6.712808012962341309e-01,5.392189025878906250e-01,7.981606572866439819e-02
1762890459.369129658,-6.713247299194335938e-01,5.393260121345520020e-01,7.991694658994674683e-02
1762890459.389081955,-6.713721752166748047e-01,5.393004417419433594e-01,8.000864833593368530e-02
1762890459.409224272,-6.714169979095458984e-01,5.392690896987915039e-01,8.010140806436538696e-02
1762890459.428961039,-6.714590787887573242e-01,5.392374396324157715e-01,8.019522577524185181e-02
1762890459.449084044,-6.715053915977478027e-01,5.391057729721069336e-01,8.028172701597213745e-02
1762890459.468991280,-6.715386509895324707e-01,5.391468405723571777e-01,8.037993311882019043e-02
1762890459.489248276,-6.715793013572692871e-01,5.390515923500061035e-01,8.046758919954299927e-02
1762890459.509112120,-6.716154813766479492e-01,5.390028357505798340e-01,8.055761456489562988e-02
1762890459.529041767,-6.716486215591430664e-01,5.389884710311889648e-01,8.064909279346466064e-02
1762890459.549213886,-6.716809868812561035e-01,5.389829277992248535e-01,8.073999732732772827e-02
1762890459.569126129,-6.717131137847900391e-01,5.389851331710815430e-01,8.083011209964752197e-02
1762890459.590435505,-6.717368364334106445e-01,5.391218066215515137e-01,8.092770725488662720e-02
1762890459.610172987,-6.717785000801086426e-01,5.390200018882751465e-01,8.100838214159011841e-02
1762890459.630213022,-6.718134880065917969e-01,5.390394330024719238e-01,8.109599351882934570e-02
1762890459.650805712,-6.718496084213256836e-01,5.390745401382446289e-01,8.118391782045364380e-02
1762890459.669991970,-6.718875765800476074e-01,5.391201376914978027e-01,8.127202838659286499e-02
1762890459.689199924,-6.719197630882263184e-01,5.393109321594238281e-01,8.136840164661407471e-02
1762890459.709275723,-6.719625592231750488e-01,5.393745899200439453e-01,8.145634084939956665e-02
1762890459.729254723,-6.720085740089416504e-01,5.394290089607238770e-01,8.154264092445373535e-02
1762890459.749083519,-6.720572113990783691e-01,5.394911170005798340e-01,8.162868022918701172e-02
1762890459.769034147,-6.721084713935852051e-01,5.395553112030029297e-01,8.171441406011581421e-02
1762890459.789157391,-6.721618175506591797e-01,5.396199822425842285e-01,8.179967850446701050e-02
1762890459.809308767,-6.722168326377868652e-01,5.396838188171386719e-01,8.188421279191970825e-02
1762890459.829182863,-6.722730994224548340e-01,5.397452712059020996e-01,8.196756988763809204e-02
1762890459.849084854,-6.723346710205078125e-01,5.396897792816162109e-01,8.204307407140731812e-02
1762890459.869530678,-6.723892092704772949e-01,5.398197174072265625e-01,8.212778717279434204e-02
1762890459.889231205,-6.724508404731750488e-01,5.397619009017944336e-01,8.220167458057403564e-02
1762890459.909068346,-6.725035309791564941e-01,5.399084091186523438e-01,8.228491246700286865e-02
1762890459.929122925,-6.725632548332214355e-01,5.398414731025695801e-01,8.235783874988555908e-02
1762890459.949142933,-6.725976467132568359e-01,5.399996638298034668e-01,8.242294937372207642e-02
1762890459.969076633,-6.726493835449218750e-01,5.400246381759643555e-01,8.250092715024948120e-02
1762890459.989021301,-6.726985573768615723e-01,5.400450229644775391e-01,8.257862180471420288e-02
1762890460.009003639,-6.727446317672729492e-01,5.400601029396057129e-01,8.265694975852966309e-02
1762890460.028981924,-6.727873682975769043e-01,5.400708913803100586e-01,8.273696899414062500e-02
1762890460.049140453,-6.728267669677734375e-01,5.400789976119995117e-01,8.281847834587097168e-02
1762890460.069183350,-6.728628277778625488e-01,5.400853157043457031e-01,8.290098607540130615e-02
1762890460.089038372,-6.728953123092651367e-01,5.400906205177307129e-01,8.298385143280029297e-02
1762890460.109038115,-6.729242205619812012e-01,5.400956869125366211e-01,8.306712657213211060e-02
1762890460.129058123,-6.729493141174316406e-01,5.401011705398559570e-01,8.315066993236541748e-02
1762890460.149275541,-6.729710698127746582e-01,5.401074290275573730e-01,8.323427289724349976e-02
1762890460.169250488,-6.729905009269714355e-01,5.401150584220886230e-01,8.331792801618576050e-02
1762890460.189089060,-6.730082035064697266e-01,5.401242375373840332e-01,8.340116590261459351e-02
1762890460.209252357,-6.730242967605590820e-01,5.401353240013122559e-01,8.348370343446731567e-02
1762890460.228994846,-6.730392575263977051e-01,5.401485562324523926e-01,8.356540650129318237e-02
1762890460.249089718,-6.730534434318542480e-01,5.401642918586730957e-01,8.364629745483398438e-02
1762890460.269154310,-6.730671525001525879e-01,5.401826500892639160e-01,8.372621238231658936e-02
1762890460.289268494,-6.730812191963195801e-01,5.402034521102905273e-01,8.380520343780517578e-02
1762890460.309091806,-6.730965375900268555e-01,5.402258038520812988e-01,8.388348668813705444e-02
1762890460.329058409,-6.731134057044982910e-01,5.402492284774780273e-01,8.396013826131820679e-02
1762890460.349391937,-6.731323599815368652e-01,5.402734279632568359e-01,8.403497189283370972e-02
1762890460.369246244,-6.731426119804382324e-01,5.403591990470886230e-01,8.409299701452255249e-02
1762890460.389256239,-6.731674671173095703e-01,5.403688549995422363e-01,8.416403084993362427e-02
1762890460.409298182,-6.731812357902526855e-01,5.405625104904174805e-01,8.424043655395507812e-02
1762890460.429112196,-6.732379794120788574e-01,5.403388142585754395e-01,8.431620895862579346e-02
1762890460.449148417,-6.732411384582519531e-01,5.406782031059265137e-01,8.437864482402801514e-02
1762890460.469109297,-6.732935309410095215e-01,5.404757857322692871e-01,8.443860709667205811e-02
1762890460.489350080,-6.733372807502746582e-01,5.404305458068847656e-01,8.450359106063842773e-02
1762890460.509088516,-6.733795404434204102e-01,5.404473543167114258e-01,8.457062393426895142e-02
1762890460.529220343,-6.734238266944885254e-01,5.404665470123291016e-01,8.463740348815917969e-02
1762890460.550148487,-6.734699606895446777e-01,5.404884815216064453e-01,8.470389246940612793e-02
1762890460.570113659,-6.735185384750366211e-01,5.404992103576660156e-01,8.476950973272323608e-02
1762890460.590207338,-6.735685467720031738e-01,5.405126214027404785e-01,8.483476936817169189e-02
1762890460.610220432,-6.736202239990234375e-01,5.405238866806030273e-01,8.490087091922760010e-02
1762890460.630302191,-6.736728549003601074e-01,5.405330657958984375e-01,8.496848493814468384e-02
1762890460.650069952,-6.737254858016967773e-01,5.405407547950744629e-01,8.503719419240951538e-02
1762890460.670114279,-6.737775206565856934e-01,5.405471920967102051e-01,8.510675281286239624e-02
1762890460.690136433,-6.738285422325134277e-01,5.405526161193847656e-01,8.517673611640930176e-02
1762890460.710072279,-6.738780736923217773e-01,5.405573248863220215e-01,8.524749428033828735e-02
1762890460.730360746,-6.739257574081420898e-01,5.405616164207458496e-01,8.531869947910308838e-02
1762890460.750190020,-6.739713549613952637e-01,5.405656099319458008e-01,8.539056032896041870e-02
1762890460.769050121,-6.740145087242126465e-01,5.405696630477905273e-01,8.546315133571624756e-02
1762890460.789342403,-6.740264892578125000e-01,5.408738255500793457e-01,8.553110063076019287e-02
1762890460.809152842,-6.740645766258239746e-01,5.408681035041809082e-01,8.560391515493392944e-02
1762890460.829314709,-6.740990281105041504e-01,5.408728718757629395e-01,8.567672222852706909e-02
1762890460.849075317,-6.741589903831481934e-01,5.405883789062500000e-01,8.575398474931716919e-02
1762890460.869068623,-6.741589903831481934e-01,5.408855676651000977e-01,8.581970632076263428e-02
1762890460.889272213,-6.741843819618225098e-01,5.408930182456970215e-01,8.588944375514984131e-02
1762890460.909287453,-6.742067337036132812e-01,5.409014821052551270e-01,8.595784008502960205e-02
1762890460.928977251,-6.742258071899414062e-01,5.409110188484191895e-01,8.602509647607803345e-02
1762890460.949036598,-6.742418408393859863e-01,5.409216880798339844e-01,8.609062433242797852e-02
1762890460.969223499,-6.742796897888183594e-01,5.406514406204223633e-01,8.614548295736312866e-02
1762890460.989005089,-6.742921471595764160e-01,5.406474471092224121e-01,8.621034026145935059e-02
1762890461.009264708,-6.742760539054870605e-01,5.409365296363830566e-01,8.628597110509872437e-02
1762890461.029053211,-6.743092536926269531e-01,5.406840443611145020e-01,8.634135872125625610e-02
1762890461.049286842,-6.743183135986328125e-01,5.406769514083862305e-01,8.640575408935546875e-02
1762890461.069163322,-6.743258833885192871e-01,5.406827926635742188e-01,8.647130429744720459e-02
1762890461.089143515,-6.743336319923400879e-01,5.406889319419860840e-01,8.653836697340011597e-02
1762890461.109026432,-6.743425130844116211e-01,5.406937003135681152e-01,8.660794049501419067e-02
1762890461.129034281,-6.743527650833129883e-01,5.406971573829650879e-01,8.667933940887451172e-02
1762890461.149085760,-6.743646264076232910e-01,5.407006144523620605e-01,8.675180375576019287e-02
1762890461.169283390,-6.743785142898559570e-01,5.407046675682067871e-01,8.682446181774139404e-02
1762890461.188997507,-6.743946075439453125e-01,5.407097339630126953e-01,8.689708262681961060e-02
1762890461.209093332,-6.744133234024047852e-01,5.407162308692932129e-01,8.696950227022171021e-02
1762890461.229320049,-6.744347810745239258e-01,5.407244563102722168e-01,8.704159408807754517e-02
1762890461.249137640,-6.744591593742370605e-01,5.407347679138183594e-01,8.711342513561248779e-02
1762890461.270121574,-6.744863986968994141e-01,5.407515764236450195e-01,8.718512207269668579e-02
1762890461.290449619,-6.745176315307617188e-01,5.407616496086120605e-01,8.725600689649581909e-02
1762890461.310188532,-6.745520234107971191e-01,5.407791137695312500e-01,8.732664585113525391e-02
1762890461.330077648,-6.745901107788085938e-01,5.407997965812683105e-01,8.739705383777618408e-02
1762890461.349331379,-6.746016740798950195e-01,5.411587953567504883e-01,8.746392279863357544e-02
1762890461.369221926,-6.746497154235839844e-01,5.411414504051208496e-01,8.753065019845962524e-02
1762890461.389116049,-6.746973991394042969e-01,5.411666035652160645e-01,8.759646117687225342e-02
1762890461.409262657,-6.747462749481201172e-01,5.411952733993530273e-01,8.765970170497894287e-02
1762890461.429063559,-6.747962832450866699e-01,5.412248373031616211e-01,8.772119134664535522e-02
1762890461.449165106,-6.748466491699218750e-01,5.412533283233642578e-01,8.778246492147445679e-02
1762890461.469097137,-6.748961806297302246e-01,5.412796735763549805e-01,8.784191310405731201e-02
1762890461.489213228,-6.749441623687744141e-01,5.413036346435546875e-01,8.789891004562377930e-02
1762890461.509055853,-6.749900579452514648e-01,5.413249731063842773e-01,8.795379102230072021e-02
1762890461.529041052,-6.750333905220031738e-01,5.413427352905273438e-01,8.800694346427917480e-02
1762890461.549153090,-6.750737428665161133e-01,5.413559079170227051e-01,8.805818110704421997e-02
1762890461.569173098,-6.751106977462768555e-01,5.413638353347778320e-01,8.810727298259735107e-02
1762890461.589144945,-6.751437783241271973e-01,5.413661599159240723e-01,8.815407007932662964e-02
1762890461.609104872,-6.751726269721984863e-01,5.413622856140136719e-01,8.819865435361862183e-02
1762890461.629213095,-6.751969456672668457e-01,5.413520336151123047e-01,8.824263513088226318e-02
1762890461.649124146,-6.752168536186218262e-01,5.413356423377990723e-01,8.828704059123992920e-02
1762890461.669134617,-6.752527952194213867e-01,5.410940051078796387e-01,8.832876384258270264e-02
1762890461.689155340,-6.752471923828125000e-01,5.412704944610595703e-01,8.837665617465972900e-02
1762890461.709155798,-6.752552390098571777e-01,5.412524938583374023e-01,8.842339366674423218e-02
1762890461.729049921,-6.752837896347045898e-01,5.410030484199523926e-01,8.846825361251831055e-02
1762890461.750017881,-6.752688288688659668e-01,5.411518216133117676e-01,8.852414041757583618e-02
1762890461.770101547,-6.752695441246032715e-01,5.411369800567626953e-01,8.858047425746917725e-02
1762890461.790173054,-6.752718091011047363e-01,5.411031246185302734e-01,8.863860368728637695e-02
1762890461.810189247,-6.752802133560180664e-01,5.410147309303283691e-01,8.869622647762298584e-02
1762890461.830076456,-6.753008961677551270e-01,5.408224463462829590e-01,8.875177055597305298e-02
1762890461.851008892,-6.753085851669311523e-01,5.407571196556091309e-01,8.881171047687530518e-02
1762890461.869036198,-6.753280758857727051e-01,5.405904054641723633e-01,8.885199576616287231e-02
1762890461.889066219,-6.753238439559936523e-01,5.406726598739624023e-01,0.000000000000000000e+00
