1762818111.667193413,2.274201572497153661e-18,-6.336777141910997514e-18,1.498355413787066936e-04
1762818111.687151909,2.276617767066421054e-18,-6.343930186258049821e-18,1.498356141382828355e-04
1762818111.707321167,2.278822616989181150e-18,-6.350458295652318315e-18,1.498357014497742057e-04
1762818111.727560282,2.280832459082531869e-18,-6.356406965027493414e-18,1.498357596574351192e-04
1762818111.747592688,2.282663009778111719e-18,-6.361825825220328298e-18,1.498357742093503475e-04
1762818111.767150640,2.284327917556027825e-18,-6.366752926539000408e-18,1.498358469689264894e-04
1762818111.787117720,1.443185737034023873e-18,-3.876774673812489054e-18,1.497442863183096051e-04
1762818111.807198524,1.189753417176991270e-18,-3.126555152246548212e-18,1.497185876360163093e-04
1762818111.827202797,1.991274783731047457e-18,-5.499245604762787528e-18,1.498048950452357531e-04
1762818111.847102880,2.039464051471702329e-18,-5.641897037300619915e-18,1.498095080023631454e-04
1762818111.867060423,1.222234111494957869e-18,-3.222705385878793319e-18,1.497216144343838096e-04
1762818111.886271238,2.228171246155262191e-18,-6.200514852424524712e-18,1.498298079241067171e-04
1762818111.906197786,2.033702118119811076e-18,-5.624840573069776485e-18,1.498090132372453809e-04
1762818111.926258326,2.016546599010614421e-18,-5.574056232952389627e-18,1.498072524555027485e-04
1762818111.946220636,2.011583722130449393e-18,-5.559365091683141579e-18,1.498067576903849840e-04
1762818111.966203213,2.226137002233841158e-18,-6.194493391155444947e-18,1.498296187492087483e-04
1762818111.986214876,1.219709659663022598e-18,-3.215232636224989267e-18,1.497215562267228961e-04
1762818112.007151365,1.231626437157767791e-18,-3.250509407808538239e-18,1.497233897680416703e-04
1762818112.027281284,2.166018756084405936e-18,-6.016528791087111255e-18,1.498243946116417646e-04
1762818112.047174931,2.013951526633882435e-18,-5.566373793013303382e-18,1.498078490840271115e-04
1762818112.067212582,2.001001807349211648e-18,-5.528039761885758421e-18,1.498064666520804167e-04
1762818112.087683916,1.396176235642022757e-18,-3.737615184230549272e-18,1.497399935033172369e-04
1762818112.107171774,2.169476371044877592e-18,-6.026764323986842420e-18,1.498244673712179065e-04
1762818112.127252102,1.209829607631536097e-18,-3.185986011306951868e-18,1.497209450462833047e-04
1762818112.147423267,1.153642537343259140e-18,-3.019659428866932999e-18,1.497155899414792657e-04
1762818112.167176247,1.154338403033569374e-18,-3.021719315387343176e-18,1.497158373240381479e-04
1762818112.187226057,2.191274648137181254e-18,-6.091295165113941768e-18,1.498300553066655993e-04
1762818112.207528591,2.199937297102142836e-18,-6.116939004874004455e-18,1.498310011811554432e-04
1762818112.227842569,2.208083578569718191e-18,-6.141054214862069147e-18,1.498317724326625466e-04
1762818112.248094559,2.215701084830719023e-18,-6.163603158360264682e-18,1.498324127169325948e-04
1762818112.267747402,1.173867516910486943e-18,-3.079529934422908589e-18,1.497177581768482924e-04
1762818112.287136555,2.229419254904451572e-18,-6.204210281811105363e-18,1.498335041105747223e-04
1762818112.306197882,7.054670341740789465e-19,-1.692954060367752840e-18,1.496679033152759075e-04
1762818112.326145411,6.690717076072051436e-19,-1.585215956931828937e-18,1.496641634730622172e-04
1762818112.346215248,6.680604276095707827e-19,-1.582222286897422961e-18,1.496640034019947052e-04
1762818112.366257906,6.693121586715166518e-19,-1.585927332258624541e-18,1.496640761615708470e-04
1762818112.386289835,6.706216372799763792e-19,-1.589803707404201167e-18,1.496641343692317605e-04
1762818112.406157255,6.718474672489916817e-19,-1.593432238558741592e-18,1.496641925768926740e-04
1762818112.426179171,6.729835481215449806e-19,-1.596795451531805633e-18,1.496642507845535874e-04
1762818112.446161747,6.740346878849467405e-19,-1.599906994803500416e-18,1.496642798883840442e-04
1762818112.466333866,6.750035748761877588e-19,-1.602775346975104608e-18,1.496643380960449576e-04
1762818112.486668110,6.758963095522856139e-19,-1.605417982237058394e-18,1.496643671998754144e-04
1762818112.506667376,6.767160455393256643e-19,-1.607844723359135838e-18,1.496643963037058711e-04
1762818112.526767015,1.196798100863799130e-18,-3.147410029850235146e-18,1.497187331551685929e-04
1762818112.546825409,6.781596825033838358e-19,-1.612118351993891056e-18,1.496644545113667846e-04
1762818112.566583633,6.787900975277258121e-19,-1.613984161263080979e-18,1.496644690632820129e-04
1762818112.586690903,1.200585243900796598e-18,-3.158620395101860053e-18,1.497188495704904199e-04
1762818112.606229305,1.201632971544171577e-18,-3.161721495218321354e-18,1.497188932262361050e-04
1762818112.627175331,6.803587938606443445e-19,-1.618628160017106815e-18,1.496645272709429264e-04
1762818112.647358418,6.879399041746928431e-19,-1.641070397216283008e-18,1.496652839705348015e-04
1762818112.667714119,6.784808870749958334e-19,-1.613069196108020761e-18,1.496643380960449576e-04
1762818112.687177181,1.198618725392028344e-18,-3.152799938721630674e-18,1.497184857726097107e-04
1762818112.707235813,6.788303708837994876e-19,-1.614104205849477737e-18,1.496643380960449576e-04
1762818112.727100849,1.200496425382523717e-18,-3.158359212823446435e-18,1.497185876360163093e-04
1762818112.746075392,1.201375718373667585e-18,-3.160961936620844536e-18,1.497186312917619944e-04
1762818112.766324282,1.216191453722681433e-18,-3.204819879879018617e-18,1.497202028986066580e-04
1762818112.786231518,1.197553730353366321e-18,-3.149648173792650500e-18,1.497183257015421987e-04
1762818112.806204319,1.197322533372157750e-18,-3.148963681835762870e-18,1.497182820457965136e-04
1762818112.826214075,1.198258798427991208e-18,-3.151734943682968651e-18,1.497183548053726554e-04
1762818112.846070051,1.199219155119165273e-18,-3.154577549858007131e-18,1.497183984611183405e-04
1762818112.866180182,8.000504843285720504e-19,-1.972943840971412949e-18,1.496768236393108964e-04
1762818112.886181831,6.719541735480110222e-19,-1.593748635143043125e-18,1.496640616096556187e-04
1762818112.906230211,1.059776459575002649e-18,-2.741793537883579357e-18,1.497043558629229665e-04
1762818112.926255703,7.901008974268428107e-19,-1.943490627695390431e-18,1.496758341090753675e-04
1762818112.946220636,7.702549733753174324e-19,-1.884742192640343023e-18,1.496737968409433961e-04
1762818112.966164589,1.163101037455073304e-18,-3.047659906192159262e-18,1.497145858593285084e-04
1762818112.987239838,8.294942884251267778e-19,-2.060105309682197443e-18,1.496797485742717981e-04
1762818113.007127523,1.056173260826721660e-18,-2.731127871065320618e-18,1.497040066169574857e-04
1762818113.027177334,7.811335358037320068e-19,-1.916945781453104358e-18,1.496750483056530356e-04
1762818113.047299862,7.615973908916077374e-19,-1.859114069311918843e-18,1.496731129009276628e-04
1762818113.067304611,1.049209640839943997e-18,-2.710514116610192892e-18,1.497034390922635794e-04
1762818113.087239027,1.067103108453114522e-18,-2.763483040725332295e-18,1.497052144259214401e-04
1762818113.107101440,1.171303050216419419e-18,-3.071939311531815730e-18,1.497159100836142898e-04
1762818113.127752304,6.872192230660060178e-19,-1.638936891621355612e-18,1.496657205279916525e-04
1762818113.147125721,6.572688742418391300e-19,-1.550277088628507877e-18,1.496629265602678061e-04
1762818113.167733192,6.574209720769723179e-19,-1.550727281676889863e-18,1.496630429755896330e-04
1762818113.187212944,6.594523725650377002e-19,-1.556740471139844097e-18,1.496632903581485152e-04
1762818113.207148314,6.614815500052068462e-19,-1.562747043157897908e-18,1.496635086368769407e-04
1762818113.227161169,6.633908896541323724e-19,-1.568399168283472746e-18,1.496636687079444528e-04
1762818113.247655153,6.651751182354092531e-19,-1.573680819892200397e-18,1.496638287790119648e-04
1762818113.267318964,1.175659810502736215e-18,-3.084835057281517432e-18,1.497177872806787491e-04
1762818113.287521124,1.178723480696479492e-18,-3.093904265517548827e-18,1.497179910074919462e-04
1762818113.307229280,6.698118791590752497e-19,-1.587406124398716216e-18,1.496641489211469889e-04
1762818113.327374697,6.711383666688805987e-19,-1.591333164356811715e-18,1.496642216807231307e-04
1762818113.346075058,1.260283592491784590e-18,-3.335341122324067130e-18,1.497260964242741466e-04
1762818113.366291046,1.187436587678806809e-18,-3.119697618173330474e-18,1.497185294283553958e-04
1762818113.386130571,1.184852785637920858e-18,-3.112048265458746351e-18,1.497181801823899150e-04
1762818113.406164408,1.186803380919897466e-18,-3.117822192929519622e-18,1.497182529419660568e-04
1762818113.426177263,1.188901938133944497e-18,-3.124034112534639722e-18,1.497183693572878838e-04
1762818113.446225405,1.190869490618478443e-18,-3.129858498022778728e-18,1.497184421168640256e-04
1762818113.466262341,1.192691872905509332e-18,-3.135253369977849575e-18,1.497185294283553958e-04
1762818113.486207485,1.194375702439937589e-18,-3.140238373939400396e-18,1.497185876360163093e-04
1762818113.506322622,1.195926045703015101e-18,-3.144827778772997732e-18,1.497186458436772227e-04
1762818113.526150942,1.197355413801506733e-18,-3.149059014401359606e-18,1.497187040513381362e-04
1762818113.547071457,1.198661738783881102e-18,-3.152926290560198149e-18,1.497187331551685929e-04
1762818113.567174196,1.213854048106759715e-18,-3.197898859693787434e-18,1.497202902100980282e-04
1762818113.587047338,1.195609235528407291e-18,-3.143890169548668875e-18,1.497184421168640256e-04
1762818113.607116461,1.195692056987239163e-18,-3.144135015009984571e-18,1.497183693572878838e-04
1762818113.627097130,1.196908632873151529e-18,-3.147737179782499868e-18,1.497184421168640256e-04
1762818113.647865057,1.198116730157785225e-18,-3.151314115546332298e-18,1.497185148764401674e-04
1762818113.667176008,1.199242316176316758e-18,-3.154645792258542755e-18,1.497185585321858525e-04
1762818113.687714815,1.200283839965097589e-18,-3.157728694401527889e-18,1.497185876360163093e-04
1762818113.707652330,1.201245127234460776e-18,-3.160574816094169719e-18,1.497186603955924511e-04
1762818113.727764606,1.202131141068081638e-18,-3.163196771840809679e-18,1.497187040513381362e-04
1762818113.747744799,2.282995743179511174e-18,-6.362808929378347572e-18,1.498351484769955277e-04
1762818113.767320633,2.284537194251003741e-18,-6.367372898408108902e-18,1.498352357884868979e-04
1762818113.787702084,2.285949191556631760e-18,-6.371554709994870733e-18,1.498352939961478114e-04
1762818113.807343483,2.060886995361060054e-18,-5.705316974865060547e-18,1.498112833360210061e-04
1762818113.827268124,2.262604086718853936e-18,-6.302446664948209207e-18,1.498325582360848784e-04
1762818113.847716093,2.052712176162351620e-18,-5.681116151683596616e-18,1.498102792538702488e-04
1762818113.867872953,1.420419038239573754e-18,-3.809379719814424847e-18,1.497414923505857587e-04
1762818113.887240887,1.182082247573751061e-18,-3.103847183275589358e-18,1.497174962423741817e-04
1762818113.907177687,1.169457403474660476e-18,-3.066474542814984153e-18,1.497165067121386528e-04
1762818113.927219391,1.171697305175877505e-18,-3.073105222605209223e-18,1.497168559581041336e-04
1762818113.947159290,1.174739055083388126e-18,-3.082109497163155205e-18,1.497172488598152995e-04
1762818113.966167927,1.250690365337700851e-18,-3.306943598304815413e-18,1.497251505497843027e-04
1762818113.986238956,1.178975357193001889e-18,-3.094650175634918520e-18,1.497178018325939775e-04
1762818114.006092310,1.176898306674881236e-18,-3.088501121756352450e-18,1.497175981057807803e-04
1762818114.026184559,1.179307780401671637e-18,-3.095633693383244070e-18,1.497177581768482924e-04
1762818114.046173573,1.181854462712569271e-18,-3.103172617486052364e-18,1.497179619036614895e-04
1762818114.066177607,1.184253700079279327e-18,-3.110274583430279521e-18,1.497181219747290015e-04
1762818114.086277723,1.186501356598739042e-18,-3.116928631072809214e-18,1.497182674938812852e-04
1762818114.106242657,1.188591228416354266e-18,-3.123114701283787032e-18,1.497183693572878838e-04
1762818114.126347303,1.190539031963763508e-18,-3.128880770538741049e-18,1.497184566687792540e-04
1762818114.146269560,1.192343733265201076e-18,-3.134222702934608502e-18,1.497185585321858525e-04
1762818114.166691065,1.194017740029855266e-18,-3.139178548779566829e-18,1.497186312917619944e-04
1762818114.186850309,2.267696003774577236e-18,-6.317517482118619094e-18,1.498350611655041575e-04
1762818114.206315994,1.196986491248308082e-18,-3.147966308812177057e-18,1.497187477070838213e-04
1762818114.226943493,2.273345233768008139e-18,-6.334238938201378549e-18,1.498352357884868979e-04
1762818114.246250629,1.199505049418378913e-18,-3.155421687673117495e-18,1.497188495704904199e-04
1762818114.266737461,1.200610266114326327e-18,-3.158693600586070996e-18,1.497188932262361050e-04
1762818114.286198616,2.280210419261891992e-18,-6.354563179442112715e-18,1.498354686191305518e-04
1762818114.306892157,1.202550625036222592e-18,-3.164438163145098635e-18,1.497189368819817901e-04
1762818114.326222420,2.283874829375501905e-18,-6.365411239585439397e-18,1.498356141382828355e-04
1762818114.346225023,1.204166108772538655e-18,-3.169220301061420826e-18,1.497189659858122468e-04
1762818114.366250038,1.204864766197416256e-18,-3.171289079773415949e-18,1.497190096415579319e-04
1762818114.386161804,2.288224558626612001e-18,-6.378288373771358655e-18,1.498357014497742057e-04
1762818114.406229019,2.062831490186019084e-18,-5.711071256796285684e-18,1.498116325819864869e-04
1762818114.426245928,1.225344827586040099e-18,-3.231914180843193038e-18,1.497217745054513216e-04
1762818114.446067095,1.370160784991770622e-18,-3.660603428430943566e-18,1.497366320108994842e-04
1762818114.466189146,1.376437948467705842e-18,-3.679185627301641057e-18,1.497371704317629337e-04
1762818114.486066818,1.987436665688801409e-18,-5.487885519820290522e-18,1.498038764111697674e-04
1762818114.507241011,1.226269615510874384e-18,-3.234651941875590422e-18,1.497220364399254322e-04
1762818114.527117968,1.354407337020851348e-18,-3.613969880627347802e-18,1.497353514423593879e-04
1762818114.547264576,1.167909541753420623e-18,-3.061891962221440380e-18,1.497164776083081961e-04
1762818114.567245960,1.961836252910897755e-18,-5.412101713640019785e-18,1.498022029409185052e-04
1762818114.587253809,2.230396155207876698e-18,-6.207100864461671919e-18,1.498305064160376787e-04
1762818114.607143402,1.223375413945127909e-18,-3.226084211885919299e-18,1.497220509918406606e-04
1762818114.627263546,1.163557020767743160e-18,-3.049007797000314420e-18,1.497163029853254557e-04
1762818114.647208452,1.163340713037560543e-18,-3.048367352411045239e-18,1.497164339525625110e-04
1762818114.667148352,1.166869258735558621e-18,-3.058811955210599181e-18,1.497168559581041336e-04
1762818114.688162327,1.170430374670175974e-18,-3.069353338141821827e-18,1.497172197559848428e-04
1762818114.707220793,1.259705083050880316e-18,-3.333627204094857257e-18,1.497265620855614543e-04
1762818114.727177858,1.977794634878577042e-18,-5.459339103290779260e-18,1.498047204222530127e-04
1762818114.747162104,2.241540346010497363e-18,-6.240088827290286662e-18,1.498321944382041693e-04
1762818114.767316103,2.262214898240647737e-18,-6.301292334403391456e-18,1.498340425314381719e-04
1762818114.786153078,1.268254511669498702e-18,-3.358936656092295383e-18,1.497258781455457211e-04
1762818114.806465626,6.963024416736625301e-19,-1.665824811022698053e-18,1.496665790909901261e-04
1762818114.826091766,7.580609869777904058e-19,-1.848644857889141448e-18,1.496728509664535522e-04
1762818114.846111536,1.052013886514075330e-18,-2.718814046876549971e-18,1.497037155786529183e-04
1762818114.866147757,6.812692612211238051e-19,-1.621323114452804579e-18,1.496650656918063760e-04
1762818114.887737989,1.052899693552543053e-18,-2.721436829803802484e-18,1.497040357207879424e-04
1762818114.907260180,7.788705764429400613e-19,-1.910246032081731111e-18,1.496749900979921222e-04
1762818114.927251816,1.048939979960251710e-18,-2.709714646548160391e-18,1.497035555075854063e-04
1762818114.947193146,6.788184284637057533e-19,-1.614068223492831680e-18,1.496649056207388639e-04
1762818114.967259169,1.044009466521552819e-18,-2.695119458229968494e-18,1.497031189501285553e-04
1762818114.987098455,6.794665761724293350e-19,-1.615987075718801566e-18,1.496650074841454625e-04
1762818115.007127047,6.574374639904350939e-19,-1.550775671742724215e-18,1.496629265602678061e-04
1762818115.027092934,6.581262986455386277e-19,-1.552814671952667428e-18,1.496630429755896330e-04
1762818115.047164202,6.601964732248174332e-19,-1.558943046315919672e-18,1.496632758062332869e-04
1762818115.067139864,6.622326300014049954e-19,-1.564970918234746723e-18,1.496634795330464840e-04
1762818115.087165117,6.641408839757765456e-19,-1.570619424445141641e-18,1.496636396041139960e-04
1762818115.107268810,6.659202011721663927e-19,-1.575886807188302752e-18,1.496637851232662797e-04
1762818115.127398491,6.675753895778850011e-19,-1.580786404751607474e-18,1.496639015385881066e-04
1762818115.148123264,6.691118775657022500e-19,-1.585334967542460004e-18,1.496640179539099336e-04
1762818115.166283131,1.196772871855116263e-18,-3.147335997185411650e-18,1.497195626143366098e-04
1762818115.186880112,6.692319738508872927e-19,-1.585690448410704667e-18,1.496639742981642485e-04
1762818115.206248283,1.181852498158614457e-18,-3.103167654402377046e-18,1.497178600402548909e-04
1762818115.226660013,6.712426948236388493e-19,-1.591642529905906547e-18,1.496640616096556187e-04
1762818115.246343851,1.186764813623837181e-18,-3.117708662390446719e-18,1.497181365266442299e-04
1762818115.266201496,1.188996236723775542e-18,-3.124314319967142060e-18,1.497182529419660568e-04
1762818115.286210775,1.191059328569059362e-18,-3.130421601224774202e-18,1.497183402534574270e-04
1762818115.306143522,1.192963084748850156e-18,-3.136057389533251117e-18,1.497184130130335689e-04
1762818115.326165199,1.194716914442615713e-18,-3.141247947877021366e-18,1.497185148764401674e-04
1762818115.347234726,1.210269254127108032e-18,-3.187287166410497780e-18,1.497200573794543743e-04
1762818115.367125988,1.823196498662582599e-06,-1.614066604815889150e-06,1.568106818012893200e-04
1762818115.387560129,4.003072899649851024e-05,-1.278508716495707631e-05,2.081093844026327133e-04
1762818115.407294989,3.324632707517594099e-04,-8.820543007459491491e-05,7.308358908630907536e-04
1762818115.427108765,1.024127239361405373e-03,-2.995503309648483992e-04,2.211953047662973404e-03
1762818115.447521925,2.167002297937870026e-03,-6.882211891934275627e-04,4.651262424886226654e-03
1762818115.467111349,3.789457958191633224e-03,-1.279686810448765755e-03,7.886931300163269043e-03
1762818115.487173080,5.856445524841547012e-03,-2.050269162282347679e-03,1.148600038141012192e-02
1762818115.507340193,8.289905264973640442e-03,-2.945178886875510216e-03,1.481562200933694839e-02
1762818115.527181864,1.100647449493408203e-02,-3.910160623490810394e-03,1.721431128680706024e-02
1762818115.547090769,1.393964886665344238e-02,-4.905167035758495331e-03,1.816641539335250854e-02
1762818115.567270756,1.704391278326511383e-02,-5.903129000216722488e-03,1.740584522485733032e-02
1762818115.587108850,2.029265835881233215e-02,-6.883894558995962143e-03,1.500990614295005798e-02
1762818115.607154131,2.357351779937744141e-02,-7.766606751829385757e-03,1.154666580259799957e-02
1762818115.627174139,2.666020207107067108e-02,-8.406694047152996063e-03,8.190507069230079651e-03
1762818115.647262573,3.003667108714580536e-02,-9.080347605049610138e-03,4.955752752721309662e-03
1762818115.666159630,3.364039584994316101e-02,-1.007811538875102997e-02,2.235771622508764267e-03
1762818115.686158180,3.644911199808120728e-02,-1.011423952877521515e-02,3.070147708058357239e-03
1762818115.706068516,3.874988108873367310e-02,-9.317615069448947906e-03,6.883053574711084366e-03
1762818115.727375746,4.056978225708007812e-02,-8.506719954311847687e-03,1.260480936616659164e-02
1762818115.747202396,4.167184978723526001e-02,-7.632299792021512985e-03,2.006073296070098877e-02
1762818115.767226934,4.296805337071418762e-02,-5.960241425782442093e-03,2.649823203682899475e-02
1762818115.787268162,4.374960809946060181e-02,-4.302547313272953033e-03,3.426235914230346680e-02
1762818115.807198048,4.411252588033676147e-02,-2.853298559784889221e-03,3.913176059722900391e-02
1762818115.827060699,4.479587823152542114e-02,-1.088622491806745529e-03,4.047896340489387512e-02
1762818115.847139120,4.561884328722953796e-02,5.300161428749561310e-04,3.893929719924926758e-02
1762818115.867233515,4.620833322405815125e-02,2.376366173848509789e-03,3.554973751306533813e-02
1762818115.887147427,4.667258635163307190e-02,4.279358778148889542e-03,3.082717955112457275e-02
1762818115.907062769,4.699745774269104004e-02,6.175772286951541901e-03,2.621193230152130127e-02
1762818115.926257372,4.718960076570510864e-02,7.995928637683391571e-03,2.298554964363574982e-02
1762818115.946181059,4.741111397743225098e-02,9.596413001418113708e-03,2.217468805611133575e-02
1762818115.966062307,4.767942428588867188e-02,1.098953001201152802e-02,2.367401868104934692e-02
1762818115.986148119,4.807989299297332764e-02,1.214446872472763062e-02,2.750190533697605133e-02
1762818116.006090164,4.863911867141723633e-02,1.308593153953552246e-02,3.316888958215713501e-02
1762818116.026127338,4.934502020478248596e-02,1.386959291994571686e-02,3.979640454053878784e-02
1762818116.046122551,5.016974359750747681e-02,1.455688569694757462e-02,4.627151042222976685e-02
1762818116.066290855,5.108486115932464600e-02,1.519713457673788071e-02,5.152856931090354919e-02
1762818116.086104870,5.206777155399322510e-02,1.582150533795356750e-02,5.476454272866249084e-02
1762818116.106165648,5.310468375682830811e-02,1.644325442612171173e-02,5.560949072241783142e-02
1762818116.126159668,5.418992042541503906e-02,1.706206984817981720e-02,5.425835028290748596e-02
1762818116.146224022,5.531597509980201721e-02,1.767272502183914185e-02,5.148229748010635376e-02
1762818116.167150497,5.645343661308288574e-02,1.826479285955429077e-02,4.825596511363983154e-02
1762818116.186258793,5.756066367030143738e-02,1.889140345156192780e-02,4.605963826179504395e-02
1762818116.206184626,5.820902064442634583e-02,1.919723488390445709e-02,4.518959298729896545e-02
1762818116.226292849,5.941221490502357483e-02,2.029147744178771973e-02,4.742151871323585510e-02
1762818116.246302605,6.007669121026992798e-02,2.112376689910888672e-02,5.136565491557121277e-02
1762818116.266319990,6.056074798107147217e-02,2.205791510641574860e-02,5.699100717902183533e-02
1762818116.286258936,6.089298799633979797e-02,2.308445796370506287e-02,6.347563117742538452e-02
1762818116.306226015,6.111099198460578918e-02,2.418694831430912018e-02,6.990279257297515869e-02
1762818116.326313019,6.125340238213539124e-02,2.534928731620311737e-02,7.533005625009536743e-02
1762818116.346259594,6.089445948600769043e-02,2.624063938856124878e-02,7.959995418787002563e-02
1762818116.366238594,6.095990538597106934e-02,2.749761566519737244e-02,8.112948387861251831e-02
1762818116.386304379,6.143163889646530151e-02,2.907942421734333038e-02,8.061583340167999268e-02
1762818116.406380892,6.096001341938972473e-02,3.007430769503116608e-02,7.921680063009262085e-02
1762818116.426197052,6.085273995995521545e-02,3.134848922491073608e-02,7.753946632146835327e-02
1762818116.446145296,6.065987423062324524e-02,3.256441652774810791e-02,7.674565911293029785e-02
1762818116.466406345,6.038947775959968567e-02,3.367942944169044495e-02,7.770948857069015503e-02
1762818116.486109495,6.007373332977294922e-02,3.467038646340370178e-02,8.074810355901718140e-02
1762818116.506086349,5.974768847227096558e-02,3.553303703665733337e-02,8.571581542491912842e-02
1762818116.526226997,5.943871662020683289e-02,3.628107160329818726e-02,9.212739765644073486e-02
1762818116.546301126,5.916419625282287598e-02,3.693836554884910583e-02,9.927564859390258789e-02
1762818116.566103458,5.893304571509361267e-02,3.753501176834106445e-02,1.062398552894592285e-01
1762818116.586191893,5.874628573656082153e-02,3.809631243348121643e-02,1.122255995869636536e-01
1762818116.606127024,5.860202759504318237e-02,3.864077106118202209e-02,1.166173890233039856e-01
1762818116.626030445,5.849697813391685486e-02,3.917460143566131592e-02,1.192034631967544556e-01
1762818116.646147490,5.876741930842399597e-02,3.986655175685882568e-02,1.198520585894584656e-01
1762818116.666259050,5.849699303507804871e-02,4.024508595466613770e-02,1.203069165349006653e-01
1762818116.686177969,5.876953899860382080e-02,4.087706282734870911e-02,1.206251457333564758e-01
1762818116.706097126,5.838358029723167419e-02,4.109667986631393433e-02,1.218743026256561279e-01
1762818116.726105928,5.870785564184188843e-02,4.171435534954071045e-02,1.242675706744194031e-01
1762818116.746344566,5.866210535168647766e-02,4.210702329874038696e-02,1.284973919391632080e-01
1762818116.766114712,5.816118419170379639e-02,4.212210699915885925e-02,1.345638185739517212e-01
1762818116.786248922,5.799498781561851501e-02,4.248441755771636963e-02,1.419595777988433838e-01
1762818116.806278467,5.778425931930541992e-02,4.285806789994239807e-02,1.500239670276641846e-01
1762818116.826154470,5.753915384411811829e-02,4.324845224618911743e-02,1.580262035131454468e-01
1762818116.846136808,5.726994574069976807e-02,4.365907981991767883e-02,1.652608066797256470e-01
1762818116.866362333,5.698424950242042542e-02,4.409147053956985474e-02,1.712126284837722778e-01
1762818116.886142492,5.668558552861213684e-02,4.454475268721580505e-02,1.756717264652252197e-01
1762818116.906175137,5.637042596936225891e-02,4.501488804817199707e-02,1.787890195846557617e-01
1762818116.926170349,5.602914839982986450e-02,4.549426585435867310e-02,1.811195313930511475e-01
1762818116.946253061,5.564977228641510010e-02,4.597027227282524109e-02,1.834800243377685547e-01
1762818116.966145277,5.522695183753967285e-02,4.642853140830993652e-02,1.866035312414169312e-01
1762818116.986157179,5.476019531488418579e-02,4.685249552130699158e-02,1.911104917526245117e-01
1762818117.006149054,5.425903201103210449e-02,4.723132029175758362e-02,1.972257494926452637e-01
1762818117.026203632,5.373891815543174744e-02,4.756187647581100464e-02,2.048262506723403931e-01
1762818117.046042919,5.321764200925827026e-02,4.784923419356346130e-02,2.135046124458312988e-01
1762818117.066156387,5.271063372492790222e-02,4.810329526662826538e-02,2.226984947919845581e-01
1762818117.086250305,5.222896859049797058e-02,4.833478480577468872e-02,2.317919135093688965e-01
1762818117.106222391,5.177899077534675598e-02,4.855401441454887390e-02,2.401595413684844971e-01
1762818117.126111507,5.136318504810333252e-02,4.876760020852088928e-02,2.473950237035751343e-01
1762818117.146158218,5.098284408450126648e-02,4.897860437631607056e-02,2.533484697341918945e-01
1762818117.167134762,5.062398314476013184e-02,4.917560890316963196e-02,2.582340240478515625e-01
1762818117.187271833,5.032921209931373596e-02,4.937882721424102783e-02,2.625030577182769775e-01
1762818117.207139730,5.004833266139030457e-02,4.955058172345161438e-02,2.669836580753326416e-01
1762818117.227182627,4.979201033711433411e-02,4.969289526343345642e-02,2.722914218902587891e-01
1762818117.247169495,4.955479875206947327e-02,4.980399832129478455e-02,2.788957953453063965e-01
1762818117.267125368,4.965466260910034180e-02,5.013817921280860901e-02,2.851647138595581055e-01
1762818117.287433386,4.945812001824378967e-02,5.022560805082321167e-02,2.939636111259460449e-01
1762818117.307053328,4.893671721220016479e-02,5.003436282277107239e-02,3.060670495033264160e-01
1762818117.327152491,4.871248453855514526e-02,5.007545277476310730e-02,3.166436254978179932e-01
1762818117.347477436,4.851122200489044189e-02,5.013809353113174438e-02,3.269090056419372559e-01
1762818117.367058992,4.862498492002487183e-02,5.046486482024192810e-02,3.340903818607330322e-01
1762818117.387137651,4.802136868238449097e-02,5.016155913472175598e-02,3.438598811626434326e-01
1762818117.407364845,4.798511043190956116e-02,5.039007961750030518e-02,3.502977490425109863e-01
1762818117.427170992,4.779683426022529602e-02,5.051413550972938538e-02,3.569771051406860352e-01
1762818117.447192430,4.792003333568572998e-02,5.096425488591194153e-02,3.631608486175537109e-01
1762818117.467511892,4.734325408935546875e-02,5.076063796877861023e-02,3.700481057167053223e-01
1762818117.487100840,4.706287756562232971e-02,5.087264999747276306e-02,3.774380981922149658e-01
1762818117.507157564,4.673798754811286926e-02,5.096698179841041565e-02,3.858489096164703369e-01
1762818117.527478218,4.636996611952781677e-02,5.103973299264907837e-02,3.952960669994354248e-01
1762818117.547224045,4.596710205078125000e-02,5.109202116727828979e-02,4.055751860141754150e-01
1762818117.566118479,4.622501879930496216e-02,5.160706862807273865e-02,4.114985167980194092e-01
1762818117.586302757,4.579318314790725708e-02,5.163649842143058777e-02,4.222240447998046875e-01
1762818117.606115341,4.536363109946250916e-02,5.166218429803848267e-02,4.327358901500701904e-01
1762818117.626219034,4.493377730250358582e-02,5.168042704463005066e-02,4.427973628044128418e-01
1762818117.646203041,4.451356828212738037e-02,5.169586092233657837e-02,4.521880447864532471e-01
1762818117.666054964,4.410744085907936096e-02,5.170792713761329651e-02,4.608086645603179932e-01
1762818117.687104940,4.371763393282890320e-02,5.171408876776695251e-02,4.687302708625793457e-01
1762818117.707156420,4.334272816777229309e-02,5.170815810561180115e-02,4.762124717235565186e-01
1762818117.727435350,4.299490898847579956e-02,5.169280245900154114e-02,4.835573434829711914e-01
1762818117.747146130,4.266559705138206482e-02,5.165516585111618042e-02,4.912017583847045898e-01
1762818117.767119408,4.236076772212982178e-02,5.159456282854080200e-02,4.994588196277618408e-01
1762818117.787365675,4.208339378237724304e-02,5.151078850030899048e-02,5.085201263427734375e-01
1762818117.807049274,4.183601215481758118e-02,5.140680819749832153e-02,5.184025764465332031e-01
1762818117.827231646,4.162058606743812561e-02,5.128819122910499573e-02,5.289675593376159668e-01
1762818117.847181082,4.143817722797393799e-02,5.116227641701698303e-02,5.399396419525146484e-01
1762818117.867047071,4.114533960819244385e-02,5.088791251182556152e-02,5.498992204666137695e-01
1762818117.887171030,4.117160290479660034e-02,5.091901123523712158e-02,5.616161227226257324e-01
1762818117.907205105,4.093698412179946899e-02,5.066286399960517883e-02,5.707036852836608887e-01
1762818117.927460670,4.102703556418418884e-02,5.072794854640960693e-02,5.805906653404235840e-01
1762818117.947118521,4.099422320723533630e-02,5.066123232245445251e-02,5.886123776435852051e-01
1762818117.967094898,4.098212346434593201e-02,5.061542615294456482e-02,5.957900881767272949e-01
1762818117.987173319,4.098372533917427063e-02,5.058967694640159607e-02,6.024816036224365234e-01
1762818118.007064819,4.095292463898658752e-02,5.054477974772453308e-02,6.076734066009521484e-01
1762818118.027224302,4.098992049694061279e-02,5.058676749467849731e-02,6.143972277641296387e-01
1762818118.047135115,4.083418101072311401e-02,5.045862123370170593e-02,6.229988336563110352e-01
1762818118.067529202,4.093168303370475769e-02,5.062270164489746094e-02,6.305822134017944336e-01
1762818118.087145805,4.087129235267639160e-02,5.066293478012084961e-02,6.399838328361511230e-01
1762818118.107252121,4.077036678791046143e-02,5.069849267601966858e-02,6.502014398574829102e-01
1762818118.127371311,4.063867032527923584e-02,5.073656886816024780e-02,6.608639359474182129e-01
1762818118.147170544,4.048231244087219238e-02,5.077847838401794434e-02,6.715518236160278320e-01
1762818118.166176081,4.030817747116088867e-02,5.082483217120170593e-02,6.818055510520935059e-01
1762818118.186157227,4.011996835470199585e-02,5.087434872984886169e-02,6.912267208099365234e-01
1762818118.206270695,3.993150591850280762e-02,5.093464627861976624e-02,6.994618177413940430e-01
1762818118.226043463,3.973666578531265259e-02,5.099730566143989563e-02,7.064810395240783691e-01
1762818118.246093273,3.953816741704940796e-02,5.106028541922569275e-02,7.124298810958862305e-01
1762818118.266123295,3.933352604508399963e-02,5.111565068364143372e-02,7.177367210388183594e-01
1762818118.287392855,3.910722583532333374e-02,5.114259570837020874e-02,7.229745388031005859e-01
1762818118.307245970,3.889960050582885742e-02,5.116332694888114929e-02,7.284983396530151367e-01
1762818118.327135801,3.867540135979652405e-02,5.113912373781204224e-02,7.348578572273254395e-01
1762818118.347136974,3.845340758562088013e-02,5.107680708169937134e-02,7.422002553939819336e-01
1762818118.367467880,3.824342787265777588e-02,5.097958818078041077e-02,7.504810690879821777e-01
1762818118.387103558,3.805436193943023682e-02,5.085398256778717041e-02,7.594642043113708496e-01
1762818118.407560587,3.775338456034660339e-02,5.056705698370933533e-02,7.678177952766418457e-01
1762818118.427219391,3.776613250374794006e-02,5.055614933371543884e-02,7.778365015983581543e-01
1762818118.447198153,3.767485916614532471e-02,5.040375888347625732e-02,7.862493991851806641e-01
1762818118.467410564,3.762087225914001465e-02,5.025945231318473816e-02,7.936022281646728516e-01
1762818118.487245798,3.760426491498947144e-02,5.012815445661544800e-02,7.996782064437866211e-01
1762818118.507069588,3.746866062283515930e-02,4.986493289470672607e-02,8.040956854820251465e-01
1762818118.527373791,3.752062842249870300e-02,4.976384714245796204e-02,8.079811930656433105e-01
1762818118.547234058,3.760303184390068054e-02,4.967729747295379639e-02,8.113821148872375488e-01
1762818118.567169189,3.787018731236457825e-02,4.975551366806030273e-02,8.153677582740783691e-01
1762818118.587202072,3.782925009727478027e-02,4.954470321536064148e-02,8.189324736595153809e-01
1762818118.607258081,3.795369341969490051e-02,4.949857294559478760e-02,8.239745497703552246e-01
1762818118.627097607,3.805065527558326721e-02,4.943953454494476318e-02,8.302211165428161621e-01
1762818118.647137642,3.818281739950180054e-02,4.945414140820503235e-02,8.370575904846191406e-01
1762818118.667313337,3.827936574816703796e-02,4.945933446288108826e-02,8.445935845375061035e-01
1762818118.687172413,3.836178779602050781e-02,4.948204010725021362e-02,8.522406220436096191e-01
1762818118.707115173,3.843461722135543823e-02,4.952481016516685486e-02,8.594744205474853516e-01
1762818118.727265835,3.850143030285835266e-02,4.958793520927429199e-02,8.658372163772583008e-01
1762818118.747064114,3.856480121612548828e-02,4.967094212770462036e-02,8.710059523582458496e-01
1762818118.767287493,3.862507268786430359e-02,4.977227747440338135e-02,8.748708367347717285e-01
1762818118.787278891,3.867904841899871826e-02,4.988775402307510376e-02,8.776131272315979004e-01
1762818118.807131290,3.872020170092582703e-02,5.000989139080047607e-02,8.796660304069519043e-01
1762818118.827443361,3.874070197343826294e-02,5.012878030538558960e-02,8.816072940826416016e-01
1762818118.847213507,3.873496875166893005e-02,5.023396015167236328e-02,8.839899897575378418e-01
1762818118.867078304,3.870163112878799438e-02,5.031611397862434387e-02,8.872181177139282227e-01
1762818118.887870550,3.832675144076347351e-02,5.005186796188354492e-02,8.913813829421997070e-01
1762818118.907164812,3.825050964951515198e-02,5.007227882742881775e-02,8.966498374938964844e-01
1762818118.927247047,3.849762305617332458e-02,5.037849396467208862e-02,9.010049700736999512e-01
1762818118.947426319,3.855340182781219482e-02,5.050036683678627014e-02,9.076566100120544434e-01
1762818118.967221498,3.805030137300491333e-02,5.002400279045104980e-02,9.144161939620971680e-01
1762818118.987215281,3.834107518196105957e-02,5.032489821314811707e-02,9.190404415130615234e-01
1762818119.007031441,3.803547471761703491e-02,4.999483749270439148e-02,9.232891201972961426e-01
1762818119.026130676,3.792464360594749451e-02,4.983774945139884949e-02,9.264736771583557129e-01
1762818119.046158075,3.798831254243850708e-02,4.984266310930252075e-02,9.279873967170715332e-01
1762818119.066081047,3.809229284524917603e-02,4.987103492021560669e-02,9.287961721420288086e-01
1762818119.086126804,3.809257969260215759e-02,4.976179450750350952e-02,9.295690059661865234e-01
1762818119.106110096,3.837835416197776794e-02,4.996126890182495117e-02,9.305841922760009766e-01
1762818119.127162695,3.829655051231384277e-02,4.971614852547645569e-02,9.325322508811950684e-01
1762818119.147178173,3.831345215439796448e-02,4.957611113786697388e-02,9.355010986328125000e-01
1762818119.167184591,3.844529390335083008e-02,4.957122728228569031e-02,9.392074346542358398e-01
1762818119.187194586,3.847295418381690979e-02,4.944398254156112671e-02,9.438827633857727051e-01
1762818119.207134008,3.876787424087524414e-02,4.964366927742958069e-02,9.476237297058105469e-01
1762818119.227181196,3.891246020793914795e-02,4.967117309570312500e-02,9.518496990203857422e-01
1762818119.247262478,3.900073096156120300e-02,4.964057356119155884e-02,9.558346271514892578e-01
1762818119.267099380,3.909105435013771057e-02,4.962210729718208313e-02,9.589735865592956543e-01
1762818119.287103653,3.918692097067832947e-02,4.961965605616569519e-02,9.610801339149475098e-01
1762818119.307138443,3.928551077842712402e-02,4.963022097945213318e-02,9.621877074241638184e-01
1762818119.327418566,3.938092663884162903e-02,4.964906349778175354e-02,9.625788927078247070e-01
1762818119.347023487,3.946565836668014526e-02,4.966967552900314331e-02,9.626988172531127930e-01
1762818119.367142200,3.953272849321365356e-02,4.968502745032310486e-02,9.629867672920227051e-01
1762818119.387509108,3.957664966583251953e-02,4.968858137726783752e-02,9.638282060623168945e-01
1762818119.407135963,3.959586098790168762e-02,4.967637732625007629e-02,9.654235243797302246e-01
1762818119.427170753,3.959276154637336731e-02,4.964756593108177185e-02,9.677631855010986328e-01
1762818119.447065830,3.926416113972663879e-02,4.928533732891082764e-02,9.707204103469848633e-01
1762818119.467194557,3.923086822032928467e-02,4.922795668244361877e-02,9.740374088287353516e-01
1762818119.487201452,3.950676694512367249e-02,4.948577284812927246e-02,9.771000146865844727e-01
1762818119.507295609,3.947423771023750305e-02,4.942069947719573975e-02,9.799031019210815430e-01
1762818119.527113438,3.944899886846542358e-02,4.935745522379875183e-02,9.820313453674316406e-01
1762818119.547099352,3.912224248051643372e-02,4.897676408290863037e-02,9.834691286087036133e-01
1762818119.567256927,3.912173211574554443e-02,4.892519488930702209e-02,9.838374853134155273e-01
1762818119.587128878,3.913331776857376099e-02,4.887795448303222656e-02,9.835729002952575684e-01
1762818119.607170343,3.915436938405036926e-02,4.883187636733055115e-02,9.830612540245056152e-01
1762818119.627110958,3.918309509754180908e-02,4.878554120659828186e-02,9.827361106872558594e-01
1762818119.647226572,3.944966197013854980e-02,4.899461939930915833e-02,9.830371737480163574e-01
1762818119.667126656,3.955656290054321289e-02,4.902211949229240417e-02,9.838176965713500977e-01
1762818119.687218428,3.960556536912918091e-02,4.897993803024291992e-02,9.852421879768371582e-01
1762818119.707304478,3.938125818967819214e-02,4.862524941563606262e-02,9.877524375915527344e-01
1762818119.727314949,3.964973613619804382e-02,4.882484674453735352e-02,9.897433519363403320e-01
1762818119.746091604,3.970989957451820374e-02,4.878807067871093750e-02,9.921967983245849609e-01
1762818119.766089201,3.980129584670066833e-02,4.878738522529602051e-02,9.942895174026489258e-01
1762818119.786125183,3.992807865142822266e-02,4.882948100566864014e-02,9.957770705223083496e-01
1762818119.806113005,3.996151685714721680e-02,4.876907914876937866e-02,9.967789649963378906e-01
1762818119.826308966,4.009184986352920532e-02,4.882118105888366699e-02,9.969548583030700684e-01
1762818119.846164227,4.012825340032577515e-02,4.877105355262756348e-02,9.966386556625366211e-01
1762818119.866133213,4.025078192353248596e-02,4.882261902093887329e-02,9.961103200912475586e-01
1762818119.886240005,4.031662270426750183e-02,4.881663247942924500e-02,9.956542849540710449e-01
1762818119.906222582,4.006792977452278137e-02,4.848932474851608276e-02,9.953922629356384277e-01
1762818119.926108122,4.038891568779945374e-02,4.875798895955085754e-02,9.959900975227355957e-01
1762818119.946083546,4.053837433457374573e-02,4.887457191944122314e-02,9.965817928314208984e-01
1762818119.967314959,4.003984481096267700e-02,4.827673733234405518e-02,9.984244108200073242e-01
1762818119.987412930,4.006203263998031616e-02,4.824539646506309509e-02,1.000092387199401855e+00
1762818120.007101774,4.034069925546646118e-02,4.847680777311325073e-02,1.001707792282104492e+00
1762818120.027134895,4.000680893659591675e-02,4.807526245713233948e-02,1.003270387649536133e+00
1762818120.047377825,4.028785601258277893e-02,4.830648377537727356e-02,1.004178524017333984e+00
1762818120.067122221,3.996340930461883545e-02,4.791102930903434753e-02,1.004732728004455566e+00
1762818120.087164164,4.025961086153984070e-02,4.815255850553512573e-02,1.004631400108337402e+00
1762818120.107257128,3.995187208056449890e-02,4.776777327060699463e-02,1.004148721694946289e+00
1762818120.127242327,3.995684906840324402e-02,4.770202934741973877e-02,1.003523588180541992e+00
1762818120.147189856,3.996732831001281738e-02,4.763892292976379395e-02,1.003009676933288574e+00
1762818120.167169571,3.998189792037010193e-02,4.757728800177574158e-02,1.002827763557434082e+00
1762818120.187265396,3.999992832541465759e-02,4.751745983958244324e-02,1.003081440925598145e+00
1762818120.207114458,4.002176225185394287e-02,4.746070131659507751e-02,1.003753185272216797e+00
1762818120.227183104,4.004791751503944397e-02,4.740828648209571838e-02,1.004742503166198730e+00
1762818120.247126818,4.007950425148010254e-02,4.736297577619552612e-02,1.005892634391784668e+00
1762818120.267051935,4.011770710349082947e-02,4.732681065797805786e-02,1.007007122039794922e+00
1762818120.287318945,4.016334936022758484e-02,4.730085656046867371e-02,1.007895588874816895e+00
1762818120.307200670,4.021702334284782410e-02,4.728626087307929993e-02,1.008421659469604492e+00
1762818120.327107906,4.027871787548065186e-02,4.728324711322784424e-02,1.008524656295776367e+00
1762818120.347337008,4.034746438264846802e-02,4.729083180427551270e-02,1.008231759071350098e+00
1762818120.367098570,4.042093455791473389e-02,4.730673134326934814e-02,1.007684350013732910e+00
1762818120.387106895,4.049593210220336914e-02,4.732788354158401489e-02,1.007085919380187988e+00
1762818120.407104969,4.062657803297042847e-02,4.741286486387252808e-02,1.006680369377136230e+00
1762818120.427104473,4.064490646123886108e-02,4.738050326704978943e-02,1.006487607955932617e+00
1762818120.447130680,4.076200351119041443e-02,4.745798930525779724e-02,1.006709814071655273e+00
1762818120.467094660,4.082434996962547302e-02,4.747988656163215637e-02,1.007223010063171387e+00
1762818120.487076998,4.087687656283378601e-02,4.749372601509094238e-02,1.007966160774230957e+00
1762818120.507133484,4.108730331063270569e-02,4.767642170190811157e-02,1.008665919303894043e+00
1762818120.526415586,4.130056872963905334e-02,4.787302389740943909e-02,1.009101271629333496e+00
1762818120.546266317,4.143315553665161133e-02,4.796470701694488525e-02,1.009861469268798828e+00
1762818120.566263914,4.136518761515617371e-02,4.786343127489089966e-02,1.010252356529235840e+00
1762818120.586184740,4.139415919780731201e-02,4.785435646772384644e-02,1.010419368743896484e+00
1762818120.606178045,4.152083769440650940e-02,4.793664813041687012e-02,1.010212659835815430e+00
1762818120.626113892,4.144055396318435669e-02,4.781837388873100281e-02,1.009855031967163086e+00
1762818120.646124840,4.145007207989692688e-02,4.778229072690010071e-02,1.009278059005737305e+00
1762818120.666230917,4.147675633430480957e-02,4.776188358664512634e-02,1.008712053298950195e+00
1762818120.686149120,4.146636649966239929e-02,4.769929498434066772e-02,1.008263230323791504e+00
1762818120.706072330,4.144198074936866760e-02,4.761910066008567810e-02,1.008066415786743164e+00
1762818120.726134777,4.140613973140716553e-02,4.752410948276519775e-02,1.008173942565917969e+00
1762818120.746265411,4.136057570576667786e-02,4.741597548127174377e-02,1.008577823638916016e+00
1762818120.766233683,4.130765795707702637e-02,4.729744791984558105e-02,1.009225606918334961e+00
1762818120.786113977,4.125089570879936218e-02,4.717299714684486389e-02,1.010017752647399902e+00
1762818120.806308031,4.119425639510154724e-02,4.704710841178894043e-02,1.010821700096130371e+00
1762818120.826070786,4.114134237170219421e-02,4.692367836833000183e-02,1.011499404907226562e+00
1762818120.846102476,4.109514132142066956e-02,4.680623859167098999e-02,1.011926889419555664e+00
1762818120.866191149,4.105792194604873657e-02,4.669759050011634827e-02,1.012026429176330566e+00
1762818120.886204720,4.103112593293190002e-02,4.659957066178321838e-02,1.011778354644775391e+00
1762818120.906127691,4.101517051458358765e-02,4.651301354169845581e-02,1.011235713958740234e+00
1762818120.926143169,4.100941494107246399e-02,4.643798992037773132e-02,1.010524868965148926e+00
1762818120.946090221,4.101246967911720276e-02,4.637384787201881409e-02,1.009817123413085938e+00
1762818120.966089725,4.087680578231811523e-02,4.617674276232719421e-02,1.009269952774047852e+00
1762818120.986125708,4.103769361972808838e-02,4.627428203821182251e-02,1.009026646614074707e+00
1762818121.006230593,4.105600714683532715e-02,4.623677581548690796e-02,1.009131550788879395e+00
1762818121.026289225,4.093024507164955139e-02,4.606194421648979187e-02,1.009482145309448242e+00
1762818121.046190500,4.095243662595748901e-02,4.603906348347663879e-02,1.010188698768615723e+00
1762818121.066157103,4.112239181995391846e-02,4.616925120353698730e-02,1.011155724525451660e+00
1762818121.086137533,4.110755398869514465e-02,4.612676799297332764e-02,1.011845111846923828e+00
1762818121.106103897,4.116622358560562134e-02,4.615748301148414612e-02,1.012559652328491211e+00
1762818121.126282454,4.119451344013214111e-02,4.616051539778709412e-02,1.013038396835327148e+00
1762818121.146231174,4.109047725796699524e-02,4.602932184934616089e-02,1.013186573982238770e+00
1762818121.166128874,4.124365374445915222e-02,4.616898298263549805e-02,1.012884020805358887e+00
1762818121.187148571,4.112796485424041748e-02,4.603139311075210571e-02,1.012160897254943848e+00
1762818121.207234859,4.129575192928314209e-02,4.618851095438003540e-02,1.011449813842773438e+00
1762818121.227126122,4.132298007607460022e-02,4.620085284113883972e-02,1.010617613792419434e+00
1762818121.247129202,4.130781069397926331e-02,4.616879671812057495e-02,1.009917497634887695e+00
1762818121.267139196,4.122650995850563049e-02,4.606691747903823853e-02,1.009525656700134277e+00
1762818121.287252903,4.131949692964553833e-02,4.614305123686790466e-02,1.009622454643249512e+00
1762818121.307182074,4.130642116069793701e-02,4.610619693994522095e-02,1.010039925575256348e+00
1762818121.327073097,4.127845540642738342e-02,4.605066403746604919e-02,1.010767459869384766e+00
1762818121.347202301,4.124399647116661072e-02,4.598513245582580566e-02,1.011680364608764648e+00
1762818121.367152929,4.120671749114990234e-02,4.591317847371101379e-02,1.012607693672180176e+00
1762818121.387117624,4.116941615939140320e-02,4.583741724491119385e-02,1.013372063636779785e+00
1762818121.407157898,4.113442078232765198e-02,4.576049372553825378e-02,1.013821244239807129e+00
1762818121.426278591,4.110146686434745789e-02,4.568245634436607361e-02,1.013858318328857422e+00
1762818121.446092367,4.107901826500892639e-02,4.561232775449752808e-02,1.013461232185363770e+00
1762818121.466244698,4.106001555919647217e-02,4.554256796836853027e-02,1.012704849243164062e+00
1762818121.486253500,4.104602709412574768e-02,4.547545313835144043e-02,1.011766791343688965e+00
1762818121.506140232,4.103612154722213745e-02,4.541060328483581543e-02,1.010847687721252441e+00
1762818121.529115438,4.102886840701103210e-02,4.534730687737464905e-02,1.010162591934204102e+00
1762818121.547289371,4.102108255028724670e-02,4.528324678540229797e-02,1.009858131408691406e+00
1762818121.567124605,4.101927950978279114e-02,4.522661119699478149e-02,1.009990930557250977e+00
1762818121.587098360,4.101676866412162781e-02,4.517126455903053284e-02,1.010530471801757812e+00
1762818121.607140064,4.101674631237983704e-02,4.512143135070800781e-02,1.011374473571777344e+00
1762818121.628069401,4.102003201842308044e-02,4.507849365472793579e-02,1.012358188629150391e+00
1762818121.646088600,4.087958112359046936e-02,4.489662870764732361e-02,1.013231039047241211e+00
1762818121.666135073,4.089605435729026794e-02,4.487477615475654602e-02,1.013951420783996582e+00
1762818121.686247110,4.091294109821319580e-02,4.485702887177467346e-02,1.014292359352111816e+00
1762818121.706004143,4.093476012349128723e-02,4.484790191054344177e-02,1.014168620109558105e+00
1762818121.726105690,4.096088930964469910e-02,4.484643787145614624e-02,1.013602733612060547e+00
1762818121.746212959,4.098955914378166199e-02,4.485058039426803589e-02,1.012721419334411621e+00
1762818121.766062737,4.101804271340370178e-02,4.485710337758064270e-02,1.011740565299987793e+00
1762818121.786081791,4.104350507259368896e-02,4.486284404993057251e-02,1.010888218879699707e+00
1762818121.806180000,4.106370732188224792e-02,4.486501216888427734e-02,1.010346412658691406e+00
1762818121.826116085,4.107737913727760315e-02,4.486169666051864624e-02,1.010234951972961426e+00
1762818121.846064329,4.108467698097229004e-02,4.485238343477249146e-02,1.010565280914306641e+00
1762818121.866051197,4.108674824237823486e-02,4.483766481280326843e-02,1.011260509490966797e+00
1762818121.886183500,4.108543321490287781e-02,4.481897503137588501e-02,1.012181758880615234e+00
1762818121.906233788,4.108318313956260681e-02,4.479824751615524292e-02,1.013142943382263184e+00
1762818121.926239967,4.108256101608276367e-02,4.477766528725624084e-02,1.013944745063781738e+00
1762818121.946042776,4.106502979993820190e-02,4.473758488893508911e-02,1.014435052871704102e+00
1762818121.966140509,4.108946397900581360e-02,4.473862424492835999e-02,1.014463782310485840e+00
1762818121.986176014,4.110974445939064026e-02,4.473271593451499939e-02,1.014054298400878906e+00
1762818122.006538391,4.112927243113517761e-02,4.472312703728675842e-02,1.013284325599670410e+00
1762818122.026148558,4.115203022956848145e-02,4.471393302083015442e-02,1.012348532676696777e+00
1762818122.046110630,4.117622226476669312e-02,4.470324888825416565e-02,1.011461615562438965e+00
1762818122.066104889,4.119947180151939392e-02,4.468898847699165344e-02,1.010835289955139160e+00
1762818122.086216688,4.122031480073928833e-02,4.467019438743591309e-02,1.010597586631774902e+00
1762818122.106143713,4.123806953430175781e-02,4.464688897132873535e-02,1.010787248611450195e+00
1762818122.126152277,4.125301167368888855e-02,4.462020099163055420e-02,1.011353969573974609e+00
1762818122.146051884,4.126625508069992065e-02,4.459207132458686829e-02,1.012169718742370605e+00
1762818122.166063309,4.098055884242057800e-02,4.425987228751182556e-02,1.013130187988281250e+00
1762818122.186123610,4.129333794116973877e-02,4.453958198428153992e-02,1.013852477073669434e+00
1762818122.206107378,4.101133346557617188e-02,4.421416670083999634e-02,1.014453887939453125e+00
1762818122.227113247,4.132666811347007751e-02,4.449907690286636353e-02,1.014481902122497559e+00
1762818122.247272730,4.105894267559051514e-02,4.419149458408355713e-02,1.014198064804077148e+00
1762818122.267161608,4.108817130327224731e-02,4.418778046965599060e-02,1.013489484786987305e+00
1762818122.287154913,4.111872985959053040e-02,4.418677464127540588e-02,1.012603640556335449e+00
1762818122.307122946,4.114890471100807190e-02,4.418654367327690125e-02,1.011764407157897949e+00
1762818122.327215433,4.117646813392639160e-02,4.418484494090080261e-02,1.011180639266967773e+00
1762818122.347330332,4.120036587119102478e-02,4.418069124221801758e-02,1.010972023010253906e+00
1762818122.367246628,4.122130200266838074e-02,4.417517408728599548e-02,1.011163473129272461e+00
1762818122.387134790,4.124136641621589661e-02,4.417024552822113037e-02,1.011699557304382324e+00
1762818122.407218933,4.126260057091712952e-02,4.416755214333534241e-02,1.012464404106140137e+00
1762818122.427266121,4.128648713231086731e-02,4.416832700371742249e-02,1.013288140296936035e+00
1762818122.447170019,4.131356626749038696e-02,4.417262598872184753e-02,1.013993501663208008e+00
1762818122.466138363,4.130112379789352417e-02,4.413657635450363159e-02,1.014446496963500977e+00
1762818122.486237526,4.138050228357315063e-02,4.419623315334320068e-02,1.014475941658020020e+00
1762818122.506112814,4.142517969012260437e-02,4.422036930918693542e-02,1.014139175415039062e+00
1762818122.526096106,4.147206991910934448e-02,4.424604028463363647e-02,1.013493180274963379e+00
1762818122.546146393,4.152128100395202637e-02,4.427359998226165771e-02,1.012710809707641602e+00
1762818122.566049337,4.157093539834022522e-02,4.430109634995460510e-02,1.011980414390563965e+00
1762818122.587090015,4.201844707131385803e-02,4.473955556750297546e-02,1.011793255805969238e+00
1762818122.607103586,4.208164662122726440e-02,4.478034377098083496e-02,1.011510968208312988e+00
1762818122.627158403,4.212745651602745056e-02,4.480299726128578186e-02,1.011534810066223145e+00
1762818122.647178173,4.216628894209861755e-02,4.481860622763633728e-02,1.011862277984619141e+00
1762818122.666254759,4.205204173922538757e-02,4.468164220452308655e-02,1.012354850769042969e+00
1762818122.686191320,4.223072156310081482e-02,4.483486711978912354e-02,1.013129353523254395e+00
1762818122.706097364,4.225411266088485718e-02,4.483338072896003723e-02,1.013817071914672852e+00
1762818122.726243019,4.227137193083763123e-02,4.482610523700714111e-02,1.014350652694702148e+00
1762818122.746176243,4.214071482419967651e-02,4.467228427529335022e-02,1.014625072479248047e+00
1762818122.766155005,4.229137301445007324e-02,4.479776322841644287e-02,1.014524340629577637e+00
1762818122.786086559,4.229487851262092590e-02,4.477650299668312073e-02,1.014097332954406738e+00
1762818122.806169748,4.215168952941894531e-02,4.460910707712173462e-02,1.013481378555297852e+00
1762818122.826160908,4.214555397629737854e-02,4.457685723900794983e-02,1.012653112411499023e+00
1762818122.846177578,4.227453097701072693e-02,4.467700421810150146e-02,1.011841535568237305e+00
1762818122.866172314,4.211558029055595398e-02,4.449094831943511963e-02,1.011297225952148438e+00
1762818122.886191607,4.209224879741668701e-02,4.443776234984397888e-02,1.011049866676330566e+00
1762818122.906060934,4.206531122326850891e-02,4.437986761331558228e-02,1.011172771453857422e+00
1762818122.926360846,4.203690215945243835e-02,4.431949555873870850e-02,1.011631488800048828e+00
1762818122.946028471,4.200942814350128174e-02,4.425942152738571167e-02,1.012333035469055176e+00
1762818122.966089964,4.198536276817321777e-02,4.420252144336700439e-02,1.013137578964233398e+00
1762818122.986123800,4.196686297655105591e-02,4.415125772356987000e-02,1.013885140419006348e+00
1762818123.006048918,4.195581004023551941e-02,4.410781338810920715e-02,1.014415740966796875e+00
1762818123.027137995,4.193279892206192017e-02,4.405211284756660461e-02,1.014612197875976562e+00
1762818123.047184706,4.196055606007575989e-02,4.404966160655021667e-02,1.014397621154785156e+00
1762818123.067440510,4.197783395648002625e-02,4.403666779398918152e-02,1.013818740844726562e+00
1762818123.087276697,4.200115799903869629e-02,4.403057321906089783e-02,1.012990236282348633e+00
1762818123.107100964,4.202907159924507141e-02,4.403025656938552856e-02,1.012102842330932617e+00
1762818123.127083302,4.205856844782829285e-02,4.403300583362579346e-02,1.011353611946105957e+00
1762818123.147292376,4.207840561866760254e-02,4.402767866849899292e-02,1.010906815528869629e+00
1762818123.167107344,4.211258515715599060e-02,4.403961449861526489e-02,1.010864973068237305e+00
1762818123.187075138,4.213245585560798645e-02,4.403947293758392334e-02,1.011204719543457031e+00
1762818123.207207680,4.214652627706527710e-02,4.403641447424888611e-02,1.011856675148010254e+00
1762818123.227180004,4.215594008564949036e-02,4.403148964047431946e-02,1.012680768966674805e+00
1762818123.247514963,4.216175153851509094e-02,4.402536153793334961e-02,1.013503670692443848e+00
1762818123.267095327,4.216530174016952515e-02,4.401902109384536743e-02,1.014151334762573242e+00
1762818123.287211180,4.216791689395904541e-02,4.401339963078498840e-02,1.014483571052551270e+00
1762818123.307126760,4.187273606657981873e-02,4.370843246579170227e-02,1.014477491378784180e+00
1762818123.327255249,4.187569394707679749e-02,4.370474070310592651e-02,1.013986468315124512e+00
1762818123.347235680,4.217621684074401855e-02,4.400051012635231018e-02,1.013241767883300781e+00
1762818123.367143393,4.211039468646049500e-02,4.392755031585693359e-02,1.012533664703369141e+00
1762818123.387196302,4.218465834856033325e-02,4.399110376834869385e-02,1.011650323867797852e+00
1762818123.407296658,4.228315129876136780e-02,4.407994821667671204e-02,1.011240839958190918e+00
1762818123.427144051,4.211676865816116333e-02,4.390024766325950623e-02,1.011023402214050293e+00
1762818123.447244167,4.216258600354194641e-02,4.393164068460464478e-02,1.011219978332519531e+00
1762818123.467262506,4.215449467301368713e-02,4.390620812773704529e-02,1.011717677116394043e+00
1762818123.487171412,4.214215651154518127e-02,4.387485980987548828e-02,1.012437105178833008e+00
1762818123.507131577,4.212947562336921692e-02,4.384157434105873108e-02,1.013229727745056152e+00
1762818123.527075291,4.211746156215667725e-02,4.380790144205093384e-02,1.013925194740295410e+00
1762818123.547117710,4.210716858506202698e-02,4.377551376819610596e-02,1.014371752738952637e+00
1762818123.566101074,4.209517687559127808e-02,4.374104738235473633e-02,1.014461755752563477e+00
1762818123.586073637,4.209561645984649658e-02,4.371910914778709412e-02,1.014166116714477539e+00
1762818123.606147766,4.209380596876144409e-02,4.369476437568664551e-02,1.013549327850341797e+00
1762818123.626145124,4.209334403276443481e-02,4.367185384035110474e-02,1.012755513191223145e+00
1762818123.647274733,4.208860546350479126e-02,4.364463686943054199e-02,1.011978626251220703e+00
1762818123.667086601,4.209191724658012390e-02,4.362612590193748474e-02,1.011406660079956055e+00
1762818123.687087059,4.208834841847419739e-02,4.360124096274375916e-02,1.011141300201416016e+00
1762818123.707153320,4.208241403102874756e-02,4.357499256730079651e-02,1.011224150657653809e+00
1762818123.727085829,4.207518324255943298e-02,4.354876652359962463e-02,1.011617422103881836e+00
1762818123.747160912,4.206785559654235840e-02,4.352393746376037598e-02,1.012224197387695312e+00
1762818123.767155647,4.206174612045288086e-02,4.350194707512855530e-02,1.012903571128845215e+00
1762818123.787215233,4.205802455544471741e-02,4.348403960466384888e-02,1.013509750366210938e+00
1762818123.807281494,4.205779731273651123e-02,4.347125813364982605e-02,1.013909220695495605e+00
1762818123.827168703,4.206186160445213318e-02,4.346420988440513611e-02,1.014008522033691406e+00
1762818123.847099781,4.207051172852516174e-02,4.346286877989768982e-02,1.013771772384643555e+00
1762818123.868065596,4.208306968212127686e-02,4.346628487110137939e-02,1.013251900672912598e+00
1762818123.887132645,4.209810122847557068e-02,4.347284138202667236e-02,1.012579560279846191e+00
1762818123.907150745,4.181644693017005920e-02,4.318067431449890137e-02,1.011826157569885254e+00
1762818123.927256823,4.183104634284973145e-02,4.318744689226150513e-02,1.011312246322631836e+00
1762818123.947144985,4.184313118457794189e-02,4.319171980023384094e-02,1.011083602905273438e+00
1762818123.967126369,4.215007275342941284e-02,4.349307343363761902e-02,1.011223435401916504e+00
1762818123.987152576,4.215697944164276123e-02,4.349207133054733276e-02,1.011535406112670898e+00
1762818124.007294416,4.186367243528366089e-02,4.318876564502716064e-02,1.012039899826049805e+00
1762818124.027091742,4.186807200312614441e-02,4.318581894040107727e-02,1.012641549110412598e+00
1762818124.047194958,4.187356680631637573e-02,4.318429157137870789e-02,1.013176679611206055e+00
1762818124.067101002,4.188092797994613647e-02,4.318463802337646484e-02,1.013522744178771973e+00
1762818124.087322474,4.189070314168930054e-02,4.318746551871299744e-02,1.013596653938293457e+00
1762818124.107103348,4.213231801986694336e-02,4.342529550194740295e-02,1.013403534889221191e+00
1762818124.127124786,4.221421852707862854e-02,4.350122809410095215e-02,1.013009548187255859e+00
1762818124.147308588,4.223309457302093506e-02,4.351211339235305786e-02,1.012468814849853516e+00
1762818124.167073727,4.196291044354438782e-02,4.322770982980728149e-02,1.011854648590087891e+00
1762818124.186160326,4.205897077918052673e-02,4.333852604031562805e-02,1.011808037757873535e+00
1762818124.206532240,4.228609055280685425e-02,4.359774291515350342e-02,1.012146115303039551e+00
1762818124.226115942,4.268414527177810669e-02,4.403853416442871094e-02,1.012856364250183105e+00
1762818124.246024609,4.345874488353729248e-02,4.485988989472389221e-02,1.013573884963989258e+00
1762818124.266117811,4.433353617787361145e-02,4.581825807690620422e-02,1.014653682708740234e+00
1762818124.286439180,4.525647312402725220e-02,4.684385657310485840e-02,1.015761613845825195e+00
1762818124.306102276,4.664875566959381104e-02,4.835775122046470642e-02,1.016720175743103027e+00
1762818124.326176405,4.825627058744430542e-02,5.010923370718955994e-02,1.017427921295166016e+00
1762818124.346130371,5.004641786217689514e-02,5.206819996237754822e-02,1.017770528793334961e+00
1762818124.366149902,5.198437720537185669e-02,5.420289188623428345e-02,1.017699003219604492e+00
1762818124.386122704,5.403614044189453125e-02,5.648201704025268555e-02,1.017246127128601074e+00
1762818124.406208515,5.616693198680877686e-02,5.887115374207496643e-02,1.016536593437194824e+00
1762818124.426189899,5.833960697054862976e-02,6.133325397968292236e-02,1.015744924545288086e+00
1762818124.446288824,6.051647663116455078e-02,6.382950395345687866e-02,1.015088319778442383e+00
1762818124.466114521,6.266158074140548706e-02,6.631872057914733887e-02,1.014739274978637695e+00
1762818124.486031055,6.474466621875762939e-02,6.876420229673385620e-02,1.014809966087341309e+00
1762818124.506094933,6.674476712942123413e-02,7.113631069660186768e-02,1.015307307243347168e+00
1762818124.526301622,6.865166872739791870e-02,7.341535389423370361e-02,1.016165733337402344e+00
1762818124.546160460,7.046543806791305542e-02,7.559108734130859375e-02,1.017253875732421875e+00
1762818124.566079378,7.219479978084564209e-02,7.766297459602355957e-02,1.018403649330139160e+00
1762818124.586101055,7.385416328907012939e-02,7.963762432336807251e-02,1.019423127174377441e+00
1762818124.606152773,7.546022534370422363e-02,8.152505755424499512e-02,1.020156025886535645e+00
1762818124.626163960,7.703016698360443115e-02,8.333704620599746704e-02,1.020500898361206055e+00
1762818124.646099329,7.858037948608398438e-02,8.508531749248504639e-02,1.020429372787475586e+00
1762818124.666234732,8.012643456459045410e-02,8.678081631660461426e-02,1.020015597343444824e+00
1762818124.686108351,8.151256293058395386e-02,8.823684602975845337e-02,1.019574880599975586e+00
1762818124.706163645,8.320850878953933716e-02,8.999512344598770142e-02,1.018924951553344727e+00
1762818124.726127625,8.483851701021194458e-02,9.161784499883651733e-02,1.018553614616394043e+00
1762818124.746097803,8.651711046695709229e-02,9.323702752590179443e-02,1.018491864204406738e+00
1762818124.766056538,8.784655481576919556e-02,9.451302886009216309e-02,1.018722176551818848e+00
1762818124.786235332,8.986013382673263550e-02,9.636978805065155029e-02,1.019218802452087402e+00
1762818124.806228399,9.172777086496353149e-02,9.807787835597991943e-02,1.019894957542419434e+00
1762818124.826256514,9.353646636009216309e-02,9.968763589859008789e-02,1.020708799362182617e+00
1762818124.846361160,9.571506083011627197e-02,1.016938537359237671e-01,1.021349549293518066e+00
1762818124.866317272,9.781508892774581909e-02,1.036017760634422302e-01,1.021850466728210449e+00
1762818124.886200666,9.997776895761489868e-02,1.055774688720703125e-01,1.022064924240112305e+00
1762818124.906199694,1.021957397460937500e-01,1.076200008392333984e-01,1.021960258483886719e+00
1762818124.927163601,1.044690161943435669e-01,1.097343489527702332e-01,1.021578788757324219e+00
1762818124.947297096,1.066509261727333069e-01,1.117621734738349915e-01,1.020992159843444824e+00
1762818124.967280865,1.090986058115959167e-01,1.141169145703315735e-01,1.020498871803283691e+00
1762818124.987185240,1.114520430564880371e-01,1.163865476846694946e-01,1.020093202590942383e+00
1762818125.007095337,1.137099266052246094e-01,1.185771673917770386e-01,1.019859075546264648e+00
1762818125.026668787,1.153645813465118408e-01,1.202272251248359680e-01,1.019990682601928711e+00
1762818125.046139956,1.177140995860099792e-01,1.225631609559059143e-01,1.020248889923095703e+00
1762818125.066125631,1.200765669345855713e-01,1.249332949519157410e-01,1.020707726478576660e+00
1762818125.086156368,1.224353536963462830e-01,1.273176819086074829e-01,1.021292567253112793e+00
1762818125.107263803,1.248081251978874207e-01,1.297299116849899292e-01,1.021914362907409668e+00
1762818125.127207279,1.271452605724334717e-01,1.321146786212921143e-01,1.022442340850830078e+00
1762818125.147173643,1.295017600059509277e-01,1.345228254795074463e-01,1.022802352905273438e+00
1762818125.167147398,1.318667531013488770e-01,1.369382441043853760e-01,1.022922992706298828e+00
1762818125.187146187,1.342441290616989136e-01,1.393607109785079956e-01,1.022778511047363281e+00
1762818125.207278252,1.366386115550994873e-01,1.417906880378723145e-01,1.022401571273803711e+00
1762818125.227303743,1.390547901391983032e-01,1.442289054393768311e-01,1.021880388259887695e+00
1762818125.247127533,1.414972841739654541e-01,1.466764360666275024e-01,1.021336555480957031e+00
1762818125.267120361,1.439701765775680542e-01,1.491346657276153564e-01,1.020898818969726562e+00
1762818125.287226915,1.464771777391433716e-01,1.516058593988418579e-01,1.020669460296630859e+00
1762818125.306235552,1.490413695573806763e-01,1.541118472814559937e-01,1.020700693130493164e+00
1762818125.326215982,1.512363255023956299e-01,1.562372744083404541e-01,1.020932316780090332e+00
1762818125.346370697,1.538561284542083740e-01,1.587616056203842163e-01,1.021426558494567871e+00
1762818125.366229773,1.568987369537353516e-01,1.616824418306350708e-01,1.022111177444458008e+00
1762818125.386142969,1.592261195182800293e-01,1.638960987329483032e-01,1.022682666778564453e+00
1762818125.406123161,1.619726568460464478e-01,1.665099114179611206e-01,1.023197889328002930e+00
1762818125.426051855,1.647589802742004395e-01,1.691583096981048584e-01,1.023487091064453125e+00
1762818125.446124792,1.675835102796554565e-01,1.718422472476959229e-01,1.023482322692871094e+00
1762818125.466205597,1.704440265893936157e-01,1.745622307062149048e-01,1.023171067237854004e+00
1762818125.486368656,1.733388602733612061e-01,1.773189306259155273e-01,1.022611856460571289e+00
1762818125.507145643,1.762775778770446777e-01,1.801231950521469116e-01,1.021927952766418457e+00
1762818125.526060820,1.792740523815155029e-01,1.829893738031387329e-01,1.021262526512145996e+00
1762818125.546648026,1.822122633457183838e-01,1.858100444078445435e-01,1.020793199539184570e+00
1762818125.566179991,1.852228194475173950e-01,1.887076944112777710e-01,1.020579457283020020e+00
1762818125.586209059,1.882601678371429443e-01,1.916390657424926758e-01,1.020670652389526367e+00
1762818125.606184244,1.913201957941055298e-01,1.945998370647430420e-01,1.021036744117736816e+00
1762818125.626175165,1.944028884172439575e-01,1.975890696048736572e-01,1.021599292755126953e+00
1762818125.646144152,1.975084543228149414e-01,2.006051689386367798e-01,1.022241115570068359e+00
1762818125.666189671,2.006373703479766846e-01,2.036470770835876465e-01,1.022829055786132812e+00
1762818125.686084986,2.037904411554336548e-01,2.067139446735382080e-01,1.023240447044372559e+00
1762818125.706079483,2.069690525531768799e-01,2.098051458597183228e-01,1.023380994796752930e+00
1762818125.726158142,2.101744264364242554e-01,2.129196524620056152e-01,1.023210287094116211e+00
1762818125.746268034,2.134075313806533813e-01,2.160563021898269653e-01,1.022760391235351562e+00
1762818125.766162872,2.166692167520523071e-01,2.192135006189346313e-01,1.022131800651550293e+00
1762818125.786158085,2.199600189924240112e-01,2.223896980285644531e-01,1.021462559700012207e+00
1762818125.806196213,2.232811152935028076e-01,2.255838662385940552e-01,1.020913362503051758e+00
1762818125.826183081,2.266328036785125732e-01,2.287945300340652466e-01,1.020598769187927246e+00
1762818125.846049070,2.300157696008682251e-01,2.320214956998825073e-01,1.020581722259521484e+00
1762818125.866164446,2.327714264392852783e-01,2.346358299255371094e-01,1.020782113075256348e+00
1762818125.886283398,2.368024885654449463e-01,2.384373098611831665e-01,1.021354436874389648e+00
1762818125.906219959,2.403212636709213257e-01,2.417504787445068359e-01,1.022015452384948730e+00
1762818125.926103115,2.434532493352890015e-01,2.447177767753601074e-01,1.022496104240417480e+00
1762818125.946060181,2.465091645717620850e-01,2.475705742835998535e-01,1.022957801818847656e+00
1762818125.966140509,2.502370178699493408e-01,2.510493099689483643e-01,1.023272871971130371e+00
1762818125.986149311,2.536905109882354736e-01,2.542702555656433105e-01,1.023246645927429199e+00
1762818126.006162643,2.573267519474029541e-01,2.576504647731781006e-01,1.022941470146179199e+00
1762818126.027002573,2.610114812850952148e-01,2.610676884651184082e-01,1.022392034530639648e+00
1762818126.046174526,2.647386193275451660e-01,2.645164132118225098e-01,1.021725773811340332e+00
1762818126.066199064,2.685096561908721924e-01,2.679977715015411377e-01,1.021082520484924316e+00
1762818126.086208105,2.723254263401031494e-01,2.715122103691101074e-01,1.020597100257873535e+00
1762818126.106075764,2.761856913566589355e-01,2.750594913959503174e-01,1.020370483398437500e+00
1762818126.126213551,2.800893485546112061e-01,2.786386609077453613e-01,1.020435214042663574e+00
1762818126.147235394,2.840343415737152100e-01,2.822477519512176514e-01,1.020763397216796875e+00
1762818126.167321205,2.880336642265319824e-01,2.858981490135192871e-01,1.021288394927978516e+00
1762818126.187184811,2.920345067977905273e-01,2.895437479019165039e-01,1.021887183189392090e+00
1762818126.207256317,2.960843741893768311e-01,2.932266294956207275e-01,1.022439718246459961e+00
1762818126.227244616,3.001643419265747070e-01,2.969292700290679932e-01,1.022823572158813477e+00
1762818126.246998787,3.042704761028289795e-01,3.006478846073150635e-01,1.022947669029235840e+00
1762818126.267316580,3.084009587764739990e-01,3.043805062770843506e-01,1.022774696350097656e+00
1762818126.287071943,3.125548064708709717e-01,3.081248998641967773e-01,1.022336244583129883e+00
1762818126.307100296,3.167304396629333496e-01,3.118771314620971680e-01,1.021734237670898438e+00
1762818126.327114582,3.209263980388641357e-01,3.156338036060333252e-01,1.021113038063049316e+00
1762818126.347069740,3.251414597034454346e-01,3.193912506103515625e-01,1.020617842674255371e+00
1762818126.367150545,3.293746411800384521e-01,3.231464326381683350e-01,1.020361781120300293e+00
1762818126.387235641,3.336252570152282715e-01,3.268969058990478516e-01,1.020391345024108887e+00
1762818126.407191753,3.378938734531402588e-01,3.306418657302856445e-01,1.020691871643066406e+00
1762818126.427246094,3.421820402145385742e-01,3.343817293643951416e-01,1.021196603775024414e+00
1762818126.447154522,3.464913070201873779e-01,3.381173312664031982e-01,1.021800518035888672e+00
1762818126.467325211,3.497920036315917969e-01,3.409606218338012695e-01,1.022250533103942871e+00
1762818126.487137794,3.549162149429321289e-01,3.453238606452941895e-01,1.022831678390502930e+00
1762818126.507123947,3.584942519664764404e-01,3.484053909778594971e-01,1.022964715957641602e+00
1762818126.527261019,3.631335496902465820e-01,3.523298799991607666e-01,1.022934794425964355e+00
1762818126.547132254,3.683898150920867920e-01,3.567219674587249756e-01,1.022520780563354492e+00
1762818126.567273855,3.728738725185394287e-01,3.604728579521179199e-01,1.021932959556579590e+00
1762818126.587121010,3.773855566978454590e-01,3.642234504222869873e-01,1.021305203437805176e+00
1762818126.607201815,3.819380700588226318e-01,3.679840564727783203e-01,1.020785450935363770e+00
1762818126.627109289,3.865344822406768799e-01,3.717558681964874268e-01,1.020496964454650879e+00
1762818126.646033525,3.893816769123077393e-01,3.741626739501953125e-01,1.020568847656250000e+00
1762818126.666195154,3.958585262298583984e-01,3.793336153030395508e-01,1.020746827125549316e+00
1762818126.686161518,4.005651772022247314e-01,3.831248283386230469e-01,1.021197080612182617e+00
1762818126.706214905,4.053159952163696289e-01,3.869300782680511475e-01,1.021732211112976074e+00
1762818126.726078033,4.100988507270812988e-01,3.907415270805358887e-01,1.022229671478271484e+00
1762818126.746199131,4.149110019207000732e-01,3.945576548576354980e-01,1.022570729255676270e+00
1762818126.766077757,4.197486937046051025e-01,3.983746469020843506e-01,1.022673845291137695e+00
1762818126.786122561,4.236369431018829346e-01,4.014796912670135498e-01,1.022523880004882812e+00
1762818126.806270838,4.282083809375762939e-01,4.050681889057159424e-01,1.022199630737304688e+00
1762818126.826199055,4.342789053916931152e-01,4.097192287445068359e-01,1.021579504013061523e+00
1762818126.846189260,4.382818639278411865e-01,4.128554165363311768e-01,1.021193981170654297e+00
1762818126.867370129,4.431743919849395752e-01,4.166034758090972900e-01,1.020798921585083008e+00
1762818126.887129068,4.487679898738861084e-01,4.208096563816070557e-01,1.020556449890136719e+00
1762818126.907113552,4.527931511402130127e-01,4.238911569118499756e-01,1.020639419555664062e+00
1762818126.927217007,4.586574435234069824e-01,4.282063543796539307e-01,1.020912408828735352e+00
1762818126.947232246,4.627349972724914551e-01,4.312710762023925781e-01,1.021247148513793945e+00
1762818126.966112852,4.658033549785614014e-01,4.335613548755645752e-01,1.021506428718566895e+00
1762818126.986275911,4.708400964736938477e-01,4.372218549251556396e-01,1.021932125091552734e+00
1762818127.006291628,4.770872890949249268e-01,4.417176842689514160e-01,1.022320151329040527e+00
1762818127.026153803,4.811423122882843018e-01,4.445875287055969238e-01,1.022443652153015137e+00
1762818127.046151638,4.866299629211425781e-01,4.484298825263977051e-01,1.022394657135009766e+00
1762818127.066091061,4.918267428874969482e-01,4.520488381385803223e-01,1.022120356559753418e+00
1762818127.086123943,4.965382516384124756e-01,4.553290605545043945e-01,1.021736025810241699e+00
1762818127.106110334,5.017614364624023438e-01,4.588889181613922119e-01,1.021238684654235840e+00
1762818127.126183748,5.070531964302062988e-01,4.624481797218322754e-01,1.020757317543029785e+00
1762818127.146020412,5.123829245567321777e-01,4.659851491451263428e-01,1.020391106605529785e+00
1762818127.166065931,5.177468061447143555e-01,4.694964289665222168e-01,1.020217061042785645e+00
1762818127.187099934,5.231924653053283691e-01,4.730075001716613770e-01,1.020270824432373047e+00
1762818127.207170963,5.285651683807373047e-01,4.764305949211120605e-01,1.020543217658996582e+00
1762818127.227364540,5.340067148208618164e-01,4.798460900783538818e-01,1.020985007286071777e+00
1762818127.247253656,5.394684076309204102e-01,4.832266271114349365e-01,1.021518111228942871e+00
1762818127.267105103,5.449424386024475098e-01,4.865685701370239258e-01,1.022041678428649902e+00
1762818127.287228346,5.504243373870849609e-01,4.898701608180999756e-01,1.022456645965576172e+00
1762818127.307214975,5.559104681015014648e-01,4.931291937828063965e-01,1.022683262825012207e+00
1762818127.327165604,5.613973736763000488e-01,4.963428080081939697e-01,1.022675395011901855e+00
1762818127.347155333,5.668812394142150879e-01,4.995070099830627441e-01,1.022435188293457031e+00
1762818127.367353916,5.723581314086914062e-01,5.026168823242187500e-01,1.022022247314453125e+00
1762818127.387156725,5.778244137763977051e-01,5.056667923927307129e-01,1.021542072296142578e+00
1762818127.406091452,5.832770466804504395e-01,5.086510181427001953e-01,1.021117806434631348e+00
1762818127.427253008,5.887247323989868164e-01,5.115689635276794434e-01,1.020862579345703125e+00
1762818127.447617769,5.941420793533325195e-01,5.144070386886596680e-01,1.020846962928771973e+00
1762818127.467083931,5.995312333106994629e-01,5.171653628349304199e-01,1.021087646484375000e+00
1762818127.487151623,6.049179434776306152e-01,5.198537111282348633e-01,1.021553754806518555e+00
1762818127.507144451,6.097705960273742676e-01,5.221220254898071289e-01,1.022120475769042969e+00
1762818127.527179480,6.156625747680664062e-01,5.250144600868225098e-01,1.022823214530944824e+00
1762818127.547164917,6.203770041465759277e-01,5.271119475364685059e-01,1.023365259170532227e+00
1762818127.567235708,6.260029673576354980e-01,5.296202898025512695e-01,1.023817539215087891e+00
1762818127.587107658,6.313874721527099609e-01,5.319842100143432617e-01,1.023969411849975586e+00
1762818127.607089758,6.367673277854919434e-01,5.342857837677001953e-01,1.023832321166992188e+00
1762818127.627296925,6.419038772583007812e-01,5.364559888839721680e-01,1.023468852043151855e+00
1762818127.647455692,6.473028659820556641e-01,5.386412143707275391e-01,1.022959113121032715e+00
1762818127.667071104,6.527337431907653809e-01,5.407691001892089844e-01,1.022429466247558594e+00
1762818127.687150955,6.581845283508300781e-01,5.428331494331359863e-01,1.022012948989868164e+00
1762818127.706095457,6.637586355209350586e-01,5.448535680770874023e-01,1.021802186965942383e+00
1762818127.726155996,6.691526174545288086e-01,5.467634797096252441e-01,1.021862864494323730e+00
1762818127.746150017,6.746599674224853516e-01,5.486273169517517090e-01,1.022158265113830566e+00
1762818127.766179562,6.801902651786804199e-01,5.504250526428222656e-01,1.022630929946899414e+00
1762818127.786084414,6.857334971427917480e-01,5.521551966667175293e-01,1.023186206817626953e+00
1762818127.806037903,6.912851333618164062e-01,5.538182854652404785e-01,1.023711562156677246e+00
1762818127.826218843,6.968415379524230957e-01,5.554139614105224609e-01,1.024103999137878418e+00
1762818127.846378803,7.023989558219909668e-01,5.569407939910888672e-01,1.024284720420837402e+00
1762818127.866103411,7.079531550407409668e-01,5.583955049514770508e-01,1.024218916893005371e+00
1762818127.886106730,7.135535478591918945e-01,5.595327019691467285e-01,1.023917317390441895e+00
1762818127.906174898,7.190853953361511230e-01,5.608228445053100586e-01,1.023464679718017578e+00
1762818127.926163912,7.245962619781494141e-01,5.620222687721252441e-01,1.023001313209533691e+00
1762818127.946505070,7.300258874893188477e-01,5.633817911148071289e-01,1.022721290588378906e+00
1762818127.966022968,7.355332374572753906e-01,5.641219615936279297e-01,1.022497653961181641e+00
1762818127.986087799,7.408999800682067871e-01,5.652865767478942871e-01,1.022652149200439453e+00
1762818128.006270170,7.463337779045104980e-01,5.657979249954223633e-01,1.022925972938537598e+00
1762818128.026092529,7.516814470291137695e-01,5.664754509925842285e-01,1.023425817489624023e+00
1762818128.046200752,7.569959759712219238e-01,5.670484304428100586e-01,1.024010539054870605e+00
1762818128.066096067,7.622808814048767090e-01,5.675193667411804199e-01,1.024566650390625000e+00
1762818128.086161137,7.675392031669616699e-01,5.678913593292236328e-01,1.024993777275085449e+00
1762818128.106073856,7.727738618850708008e-01,5.681676268577575684e-01,1.025207877159118652e+00
1762818128.126404047,7.767111659049987793e-01,5.686233043670654297e-01,1.025158524513244629e+00
1762818128.146121264,7.818325757980346680e-01,5.687556862831115723e-01,1.024961352348327637e+00
1762818128.166198730,7.879973649978637695e-01,5.685128569602966309e-01,1.024491310119628906e+00
1762818128.186182737,7.922253608703613281e-01,5.686808824539184570e-01,1.024153709411621094e+00
1762818128.206125021,7.975509166717529297e-01,5.684370398521423340e-01,1.023737072944641113e+00
1762818128.227227926,8.034160733222961426e-01,5.678660869598388672e-01,1.023430109024047852e+00
1762818128.247247219,8.085898160934448242e-01,5.674005150794982910e-01,1.023426055908203125e+00
1762818128.267404318,8.136737942695617676e-01,5.668501257896423340e-01,1.023635029792785645e+00
1762818128.287292957,8.187763094902038574e-01,5.661759972572326660e-01,1.024010777473449707e+00
1762818128.307113647,8.229351043701171875e-01,5.658350586891174316e-01,1.024377346038818359e+00
1762818128.327080727,8.279887437820434570e-01,5.649847984313964844e-01,1.024808049201965332e+00
1762818128.347215176,8.330971598625183105e-01,5.640013813972473145e-01,1.025156736373901367e+00
1762818128.367066622,8.382078409194946289e-01,5.629096031188964844e-01,1.025343894958496094e+00
1762818128.387127638,8.433181643486022949e-01,5.617096424102783203e-01,1.025329351425170898e+00
1762818128.407254934,8.484286665916442871e-01,5.603975057601928711e-01,1.025120615959167480e+00
1762818128.426104307,8.535564541816711426e-01,5.589553117752075195e-01,1.024765491485595703e+00
1762818128.446159840,8.586135506629943848e-01,5.569701194763183594e-01,1.024298906326293945e+00
1762818128.466222286,8.636980056762695312e-01,5.552861690521240234e-01,1.023925065994262695e+00
1762818128.486302614,8.687821030616760254e-01,5.539369583129882812e-01,1.023754954338073730e+00
1762818128.506136179,8.737972378730773926e-01,5.515231490135192871e-01,1.023631095886230469e+00
1762818128.526102066,8.787952065467834473e-01,5.494471192359924316e-01,1.023764491081237793e+00
1762818128.547141552,8.839322328567504883e-01,5.470861196517944336e-01,1.024056911468505859e+00
1762818128.568063259,8.886634111404418945e-01,5.449153184890747070e-01,1.024419903755187988e+00
1762818128.587258339,8.935433030128479004e-01,5.429960489273071289e-01,1.024787187576293945e+00
1762818128.607187510,8.983553647994995117e-01,5.404468178749084473e-01,1.025096774101257324e+00
1762818128.627178431,9.030801057815551758e-01,5.372540354728698730e-01,1.025299429893493652e+00
1762818128.647284031,9.077852368354797363e-01,5.344697833061218262e-01,1.025322079658508301e+00
1762818128.666156769,9.108004570007324219e-01,5.334243774414062500e-01,1.025266647338867188e+00
1762818128.686208725,9.153834581375122070e-01,5.305030345916748047e-01,1.025085687637329102e+00
1762818128.706106901,9.199487566947937012e-01,5.274192094802856445e-01,1.024834632873535156e+00
1762818128.726114750,9.244596958160400391e-01,5.242084860801696777e-01,1.024571299552917480e+00
1762818128.746071577,9.289140105247497559e-01,5.208653211593627930e-01,1.024356842041015625e+00
1762818128.766124487,9.333117008209228516e-01,5.173816680908203125e-01,1.024242401123046875e+00
1762818128.786175489,9.376536607742309570e-01,5.137510895729064941e-01,1.024257421493530273e+00
1762818128.806098700,9.419413208961486816e-01,5.099695324897766113e-01,1.024405002593994141e+00
1762818128.826373577,9.461762905120849609e-01,5.060358643531799316e-01,1.024661660194396973e+00
1762818128.846142530,9.503607153892517090e-01,5.019512772560119629e-01,1.024979710578918457e+00
1762818128.866016150,9.544966220855712891e-01,4.977197945117950439e-01,1.025299191474914551e+00
1762818128.886187553,9.585859179496765137e-01,4.933460652828216553e-01,1.025555014610290527e+00
1762818128.906197309,9.626301527023315430e-01,4.888356626033782959e-01,1.025690078735351562e+00
1762818128.926025152,9.666311144828796387e-01,4.841934144496917725e-01,1.025669574737548828e+00
1762818128.946104288,9.705900549888610840e-01,4.794234335422515869e-01,1.025488138198852539e+00
1762818128.966126919,9.745069146156311035e-01,4.745287299156188965e-01,1.025175333023071289e+00
1762818128.986078024,9.783810973167419434e-01,4.695118665695190430e-01,1.024792194366455078e+00
1762818129.007251263,9.822423458099365234e-01,4.643037319183349609e-01,1.024407505989074707e+00
1762818129.027184725,9.859958291053771973e-01,4.591164290904998779e-01,1.024119615554809570e+00
1762818129.047096968,9.897301197052001953e-01,4.537488222122192383e-01,1.023970246315002441e+00
1762818129.067103148,9.934164285659790039e-01,4.482651352882385254e-01,1.023994445800781250e+00
1762818129.087316513,9.965490698814392090e-01,4.430362582206726074e-01,1.024134993553161621e+00
1762818129.107173681,1.000636219978332520e+00,4.369762837886810303e-01,1.024517416954040527e+00
1762818129.127237082,1.003677010536193848e+00,4.315586090087890625e-01,1.024868607521057129e+00
1762818129.147209644,1.007652282714843750e+00,4.252774119377136230e-01,1.025325894355773926e+00
1762818129.167309761,1.011084437370300293e+00,4.192802608013153076e-01,1.025653719902038574e+00
1762818129.187144518,1.014466047286987305e+00,4.131867289543151855e-01,1.025838971138000488e+00
1762818129.207209349,1.017796635627746582e+00,4.069965183734893799e-01,1.025840759277343750e+00
1762818129.227211475,1.021074771881103516e+00,4.007083177566528320e-01,1.025654196739196777e+00
1762818129.246100187,1.023836374282836914e+00,3.947583734989166260e-01,1.025346159934997559e+00
1762818129.266135216,1.027014374732971191e+00,3.882401585578918457e-01,1.024924635887145996e+00
1762818129.286170483,1.030105590820312500e+00,3.816964328289031982e-01,1.024511814117431641e+00
1762818129.306224823,1.033138036727905273e+00,3.750047385692596436e-01,1.024196028709411621e+00
1762818129.326194525,1.035869836807250977e+00,3.691391348838806152e-01,1.024090290069580078e+00
1762818129.346136570,1.038965225219726562e+00,3.613542020320892334e-01,1.024113893508911133e+00
1762818129.366168499,1.041789174079895020e+00,3.542650341987609863e-01,1.024369001388549805e+00
1762818129.386450052,1.044326305389404297e+00,3.480907976627349854e-01,1.024741411209106445e+00
1762818129.406157255,1.046985507011413574e+00,3.409135639667510986e-01,1.025205731391906738e+00
1762818129.426094532,1.049588561058044434e+00,3.335674107074737549e-01,1.025668740272521973e+00
1762818129.447155714,1.052331089973449707e+00,3.249175548553466797e-01,1.026080727577209473e+00
1762818129.467278004,1.054777622222900391e+00,3.174571692943572998e-01,1.026252150535583496e+00
1762818129.487072229,1.057026505470275879e+00,3.107999861240386963e-01,1.026223301887512207e+00
1762818129.507154942,1.059371113777160645e+00,3.030796349048614502e-01,1.026011347770690918e+00
1762818129.527207136,1.061664819717407227e+00,2.951858937740325928e-01,1.025642633438110352e+00
1762818129.547115326,1.063996195793151855e+00,2.863863110542297363e-01,1.025143265724182129e+00
1762818129.566119194,1.066187143325805664e+00,2.780011594295501709e-01,1.024709224700927734e+00
1762818129.586133957,1.068068265914916992e+00,2.688813507556915283e-01,1.024318099021911621e+00
1762818129.606202364,1.070196866989135742e+00,2.623814344406127930e-01,1.024363279342651367e+00
1762818129.626082182,1.072241783142089844e+00,2.528807818889617920e-01,1.024455189704895020e+00
1762818129.646115065,1.073710441589355469e+00,2.456907331943511963e-01,1.024686694145202637e+00
1762818129.666192293,1.075502038002014160e+00,2.371755093336105347e-01,1.025106668472290039e+00
1762818129.686239719,1.077227950096130371e+00,2.284598052501678467e-01,1.025578618049621582e+00
1762818129.707358837,1.078983306884765625e+00,2.174969464540481567e-01,1.026099085807800293e+00
1762818129.727187395,1.080809831619262695e+00,2.091537117958068848e-01,1.026392579078674316e+00
1762818129.747243166,1.081957697868347168e+00,2.017275840044021606e-01,1.026502847671508789e+00
1762818129.767225504,1.083433628082275391e+00,1.905540227890014648e-01,1.026446104049682617e+00
1762818129.787414074,1.084761023521423340e+00,1.813500225543975830e-01,1.026214122772216797e+00
1762818129.807147026,1.085965037345886230e+00,1.751983761787414551e-01,1.026023864746093750e+00
1762818129.827236652,1.087134242057800293e+00,1.662409901618957520e-01,1.025749087333679199e+00
1762818129.847256422,1.088212132453918457e+00,1.570709198713302612e-01,1.025543451309204102e+00
1762818129.867077351,1.089189767837524414e+00,1.478601247072219849e-01,1.025476217269897461e+00
1762818129.890202761,1.090309023857116699e+00,1.378542333841323853e-01,1.025654792785644531e+00
1762818129.906197786,1.090830564498901367e+00,1.292886584997177124e-01,1.025907874107360840e+00
1762818129.926103115,1.091492533683776855e+00,1.200347617268562317e-01,1.026359438896179199e+00
1762818129.946026564,1.092045903205871582e+00,1.107012555003166199e-01,1.026885032653808594e+00
1762818129.966130972,1.092492461204528809e+00,1.013455912470817566e-01,1.027397155761718750e+00
1762818129.986069918,1.092833757400512695e+00,9.197955578565597534e-02,1.027808666229248047e+00
1762818130.006155491,1.093072175979614258e+00,8.260780572891235352e-02,1.028060317039489746e+00
1762818130.026175022,1.093208909034729004e+00,7.323482632637023926e-02,1.028125882148742676e+00
1762818130.046422482,1.093243837356567383e+00,6.386584043502807617e-02,1.028021812438964844e+00
1762818130.066159487,1.093175053596496582e+00,5.450709909200668335e-02,1.027806878089904785e+00
1762818130.086215019,1.092999577522277832e+00,4.516305029392242432e-02,1.027571082115173340e+00
1762818130.106111765,1.092714667320251465e+00,3.584011271595954895e-02,1.027400016784667969e+00
1762818130.126445770,1.091905593872070312e+00,2.546149119734764099e-02,1.027299880981445312e+00
1762818130.146188259,1.091804742813110352e+00,1.729431562125682831e-02,1.027518868446350098e+00
1762818130.166116953,1.091180205345153809e+00,8.074978366494178772e-03,1.027837395668029785e+00
1762818130.186336756,1.090042829513549805e+00,-1.968752127140760422e-03,1.028273224830627441e+00
1762818130.206146479,1.089185476303100586e+00,-1.110988948494195938e-02,1.028808355331420898e+00
1762818130.226125240,1.088219404220581055e+00,-2.020711824297904968e-02,1.029327869415283203e+00
1762818130.246078730,1.087146401405334473e+00,-2.926225587725639343e-02,1.029760241508483887e+00
1762818130.266256809,1.085968017578125000e+00,-3.827550262212753296e-02,1.030042767524719238e+00
1762818130.286075830,1.084684967994689941e+00,-4.724498465657234192e-02,1.030143499374389648e+00
1762818130.306231260,1.083297491073608398e+00,-5.616855993866920471e-02,1.030073046684265137e+00
1762818130.326159000,1.081804752349853516e+00,-6.504278630018234253e-02,1.029884457588195801e+00
1762818130.346132755,1.080204844474792480e+00,-7.386425882577896118e-02,1.029658317565917969e+00
1762818130.367252588,1.078360438346862793e+00,-8.308292925357818604e-02,1.029466629028320312e+00
1762818130.387109518,1.076670289039611816e+00,-9.133736789226531982e-02,1.029423356056213379e+00
1762818130.407088995,1.074748277664184570e+00,-9.994255006313323975e-02,1.029519081115722656e+00
1762818130.427245617,1.072708845138549805e+00,-1.085001900792121887e-01,1.029762506484985352e+00
1762818130.447192669,1.070559263229370117e+00,-1.169851869344711304e-01,1.030124664306640625e+00
1762818130.467144728,1.068300485610961914e+00,-1.253962963819503784e-01,1.030547142028808594e+00
1762818130.487356901,1.065934658050537109e+00,-1.337303966283798218e-01,1.030955314636230469e+00
1762818130.507237434,1.063463449478149414e+00,-1.419847458600997925e-01,1.031283617019653320e+00
1762818130.527141571,1.060887575149536133e+00,-1.501582562923431396e-01,1.031479954719543457e+00
1762818130.547184944,1.058207392692565918e+00,-1.582488417625427246e-01,1.031520605087280273e+00
1762818130.567320824,1.055421352386474609e+00,-1.662538498640060425e-01,1.031418085098266602e+00
1762818130.587236881,1.052527427673339844e+00,-1.741700619459152222e-01,1.031222581863403320e+00
1762818130.607119083,1.049522876739501953e+00,-1.819934695959091187e-01,1.031007409095764160e+00
1762818130.627213001,1.046405315399169922e+00,-1.897199600934982300e-01,1.030842423439025879e+00
1762818130.647102356,1.043172240257263184e+00,-1.973457485437393188e-01,1.030781984329223633e+00
1762818130.667191267,1.039822697639465332e+00,-2.048666924238204956e-01,1.030851960182189941e+00
1762818130.687037706,1.036357045173645020e+00,-2.122798115015029907e-01,1.031045198440551758e+00
1762818130.706120253,1.035054445266723633e+00,-2.153755128383636475e-01,1.031211614608764648e+00
1762818130.726140976,1.031526803970336914e+00,-2.224463075399398804e-01,1.031494617462158203e+00
1762818130.746226788,1.027791380882263184e+00,-2.295737862586975098e-01,1.031783342361450195e+00
1762818130.766139507,1.023737072944641113e+00,-2.371186465024948120e-01,1.032055020332336426e+00
1762818130.786168098,1.019977807998657227e+00,-2.434946000576019287e-01,1.032202243804931641e+00
1762818130.807166338,1.015780806541442871e+00,-2.504535913467407227e-01,1.032270550727844238e+00
1762818130.827248573,1.011692047119140625e+00,-2.569614946842193604e-01,1.032216787338256836e+00
1762818130.847140789,1.007367849349975586e+00,-2.635136842727661133e-01,1.032049775123596191e+00
1762818130.867127419,1.002641320228576660e+00,-2.704355418682098389e-01,1.031787991523742676e+00
1762818130.887154579,9.980319142341613770e-01,-2.767489254474639893e-01,1.031508922576904297e+00
1762818130.907338381,9.932857155799865723e-01,-2.829377949237823486e-01,1.031252622604370117e+00
1762818130.927221060,9.887039065361022949e-01,-2.885568439960479736e-01,1.031051039695739746e+00
1762818130.947188854,9.838857650756835938e-01,-2.942829132080078125e-01,1.030960083007812500e+00
1762818130.967291594,9.787699580192565918e-01,-3.000618517398834229e-01,1.030966162681579590e+00
1762818130.987112999,9.740743637084960938e-01,-3.051508665084838867e-01,1.031065940856933594e+00
1762818131.007093191,9.681721925735473633e-01,-3.111665248870849609e-01,1.031233072280883789e+00
1762818131.027065754,9.626474380493164062e-01,-3.165355026721954346e-01,1.031427502632141113e+00
1762818131.047644138,9.570405483245849609e-01,-3.217170536518096924e-01,1.031602501869201660e+00
1762818131.067152739,9.521121978759765625e-01,-3.260797858238220215e-01,1.031708836555480957e+00
1762818131.087247133,9.463368654251098633e-01,-3.309318423271179199e-01,1.031735181808471680e+00
1762818131.107150078,9.404023289680480957e-01,-3.356660008430480957e-01,1.031646370887756348e+00
1762818131.127058506,9.343521595001220703e-01,-3.402411639690399170e-01,1.031445384025573730e+00
1762818131.147159576,9.281860589981079102e-01,-3.446541130542755127e-01,1.031160354614257812e+00
1762818131.166140318,9.218173027038574219e-01,-3.489561676979064941e-01,1.030825138092041016e+00
1762818131.186159611,9.154882431030273438e-01,-3.529805541038513184e-01,1.030500292778015137e+00
1762818131.206326008,9.089613556861877441e-01,-3.568790555000305176e-01,1.030218362808227539e+00
1762818131.226130962,9.023095965385437012e-01,-3.605965077877044678e-01,1.030015945434570312e+00
1762818131.246079206,8.955408334732055664e-01,-3.641228973865509033e-01,1.029906749725341797e+00
1762818131.266181707,8.891597986221313477e-01,-3.672416210174560547e-01,1.029866576194763184e+00
1762818131.286266565,8.816730380058288574e-01,-3.705786466598510742e-01,1.029927372932434082e+00
1762818131.306197166,8.745856881141662598e-01,-3.734980523586273193e-01,1.029990911483764648e+00
1762818131.326191187,8.674052953720092773e-01,-3.762061297893524170e-01,1.030037879943847656e+00
1762818131.346197844,8.606649041175842285e-01,-3.785716295242309570e-01,1.030025720596313477e+00
1762818131.366587877,8.533186316490173340e-01,-3.808690607547760010e-01,1.029933094978332520e+00
1762818131.386132240,8.458916544914245605e-01,-3.829456865787506104e-01,1.029736399650573730e+00
1762818131.406273127,8.383868336677551270e-01,-3.847978711128234863e-01,1.029442548751831055e+00
1762818131.426306963,8.308050036430358887e-01,-3.864229321479797363e-01,1.029083967208862305e+00
1762818131.446131468,8.231453299522399902e-01,-3.878176510334014893e-01,1.028702855110168457e+00
1762818131.466100693,8.154073953628540039e-01,-3.889800012111663818e-01,1.028348088264465332e+00
1762818131.486203194,8.075890541076660156e-01,-3.899080455303192139e-01,1.028053402900695801e+00
1762818131.506145954,7.996912002563476562e-01,-3.906013965606689453e-01,1.027844429016113281e+00
1762818131.526162863,7.917135357856750488e-01,-3.910617232322692871e-01,1.027725338935852051e+00
1762818131.546287537,7.836545705795288086e-01,-3.912917673587799072e-01,1.027677536010742188e+00
1762818131.566242456,7.755132913589477539e-01,-3.912948668003082275e-01,1.027661561965942383e+00
1762818131.586102486,7.672903537750244141e-01,-3.910751044750213623e-01,1.027635574340820312e+00
1762818131.607211590,7.589860558509826660e-01,-3.906360566616058350e-01,1.027549147605895996e+00
1762818131.627211094,7.505543828010559082e-01,-3.899780213832855225e-01,1.027358651161193848e+00
1762818131.647185087,7.421416044235229492e-01,-3.891087472438812256e-01,1.027048587799072266e+00
1762818131.667182207,7.335991263389587402e-01,-3.880265057086944580e-01,1.026613473892211914e+00
1762818131.687533140,7.249726057052612305e-01,-3.867296874523162842e-01,1.026080012321472168e+00
1762818131.706111193,7.162643671035766602e-01,-3.852171897888183594e-01,1.025498986244201660e+00
1762818131.726127386,7.074244618415832520e-01,-3.834791183471679688e-01,1.024925589561462402e+00
1762818131.746069431,6.986052393913269043e-01,-3.815360665321350098e-01,1.024425983428955078e+00
1762818131.766154528,6.896543502807617188e-01,-3.793686330318450928e-01,1.024028897285461426e+00
1762818131.786989450,6.806232929229736328e-01,-3.769820332527160645e-01,1.023752927780151367e+00
1762818131.807077408,6.714668869972229004e-01,-3.743647634983062744e-01,1.023583531379699707e+00
1762818131.827189684,6.623439788818359375e-01,-3.715546429157257080e-01,1.023487210273742676e+00
1762818131.847092390,6.530992388725280762e-01,-3.685212135314941406e-01,1.023415446281433105e+00
1762818131.867211819,6.437851786613464355e-01,-3.652752041816711426e-01,1.023312091827392578e+00
1762818131.887134314,6.334583759307861328e-01,-3.617785871028900146e-01,1.023121833801269531e+00
1762818131.907166481,6.265566945075988770e-01,-3.588513433933258057e-01,1.022892713546752930e+00
1762818131.927273750,6.168077588081359863e-01,-3.547029495239257812e-01,1.022469043731689453e+00
1762818131.947233438,6.051747202873229980e-01,-3.501870930194854736e-01,1.021860480308532715e+00
1762818131.967230082,5.953806638717651367e-01,-3.458228707313537598e-01,1.021264314651489258e+00
1762818131.987216473,5.869455933570861816e-01,-3.415050506591796875e-01,1.020782232284545898e+00
1762818132.007145882,5.785617232322692871e-01,-3.375601172447204590e-01,1.020342230796813965e+00
1762818132.028177023,5.683923959732055664e-01,-3.322501182556152344e-01,1.019928812980651855e+00
1762818132.046128511,5.562901496887207031e-01,-3.264252245426177979e-01,1.019530177116394043e+00
1762818132.066157341,5.462506413459777832e-01,-3.209937512874603271e-01,1.019358754158020020e+00
1762818132.086414814,5.361717939376831055e-01,-3.153603374958038330e-01,1.019259929656982422e+00
1762818132.106183052,5.286737084388732910e-01,-3.107659518718719482e-01,1.019198060035705566e+00
1762818132.126145363,5.186372995376586914e-01,-3.048475682735443115e-01,1.019063115119934082e+00
1762818132.146136522,5.057122111320495605e-01,-2.973199486732482910e-01,1.018775701522827148e+00
1762818132.166045904,4.978726804256439209e-01,-2.921716272830963135e-01,1.018489360809326172e+00
1762818132.186055660,4.882843494415283203e-01,-2.859983146190643311e-01,1.018077135086059570e+00
1762818132.206207037,4.778625965118408203e-01,-2.792361676692962646e-01,1.017560362815856934e+00
1762818132.226078272,4.673266112804412842e-01,-2.722512483596801758e-01,1.017022132873535156e+00
1762818132.246013165,4.567231535911560059e-01,-2.650685012340545654e-01,1.016527533531188965e+00
1762818132.266045332,4.460483491420745850e-01,-2.576894462108612061e-01,1.016103744506835938e+00
1762818132.286229134,4.353010952472686768e-01,-2.501155436038970947e-01,1.015775084495544434e+00
1762818132.306196213,4.244834184646606445e-01,-2.423500865697860718e-01,1.015533804893493652e+00
1762818132.326158047,4.126365184783935547e-01,-2.341038733720779419e-01,1.015329360961914062e+00
1762818132.346355200,4.016918540000915527e-01,-2.259650081396102905e-01,1.015196323394775391e+00
1762818132.366097212,3.916905522346496582e-01,-2.179833948612213135e-01,1.015064597129821777e+00
1762818132.386115313,3.796855807304382324e-01,-2.091968357563018799e-01,1.014856338500976562e+00
1762818132.406118631,3.686466515064239502e-01,-2.005850970745086670e-01,1.014603257179260254e+00
1762818132.426278353,3.575994670391082764e-01,-1.918324977159500122e-01,1.014301657676696777e+00
1762818132.446099758,3.465523123741149902e-01,-1.829453855752944946e-01,1.013983130455017090e+00
1762818132.466102839,3.355129957199096680e-01,-1.739296764135360718e-01,1.013693809509277344e+00
1762818132.486264706,3.244905173778533936e-01,-1.647931337356567383e-01,1.013488411903381348e+00
1762818132.506175995,3.134895265102386475e-01,-1.555409878492355347e-01,1.013403773307800293e+00
1762818132.526167870,3.025133907794952393e-01,-1.461790949106216431e-01,1.013460278511047363e+00
1762818132.546306372,2.944438159465789795e-01,-1.388389915227890015e-01,1.013622641563415527e+00
1762818132.566099167,2.837188243865966797e-01,-1.294444501399993896e-01,1.013889074325561523e+00
1762818132.586115837,2.707533836364746094e-01,-1.182364150881767273e-01,1.014287829399108887e+00
1762818132.606187105,2.597789764404296875e-01,-1.084118783473968506e-01,1.014668107032775879e+00
1762818132.626364470,2.489398121833801270e-01,-9.858641028404235840e-02,1.015022635459899902e+00
1762818132.646067858,2.408421337604522705e-01,-9.081533551216125488e-02,1.015215396881103516e+00
1762818132.666238070,2.301189303398132324e-01,-8.091819286346435547e-02,1.015362739562988281e+00
1762818132.686104536,2.192077040672302246e-01,-7.079011946916580200e-02,1.015365481376647949e+00
1762818132.706102371,2.082526832818984985e-01,-6.054837256669998169e-02,1.015217900276184082e+00
1762818132.726075172,1.972467750310897827e-01,-5.019481480121612549e-02,1.014949679374694824e+00
1762818132.746137619,1.861719936132431030e-01,-3.972211107611656189e-02,1.014600872993469238e+00
1762818132.766105413,1.750198304653167725e-01,-2.913068421185016632e-02,1.014227628707885742e+00
1762818132.786334753,1.637872606515884399e-01,-1.842509396374225616e-02,1.013872265815734863e+00
1762818132.806109905,1.524755656719207764e-01,-7.612552493810653687e-03,1.013563871383666992e+00
1762818132.826122046,1.410931944847106934e-01,3.294753842055797577e-03,1.013325095176696777e+00
1762818132.846305847,1.296518445014953613e-01,1.428268384188413620e-02,1.013159513473510742e+00
1762818132.866078138,1.181660294532775879e-01,2.533522062003612518e-02,1.013065338134765625e+00
1762818132.887186766,1.065915003418922424e-01,3.648612275719642639e-02,1.013036727905273438e+00
1762818132.907246351,9.513503313064575195e-02,4.755872488021850586e-02,1.013073682785034180e+00
1762818132.927278280,8.362024277448654175e-02,5.869816243648529053e-02,1.013172268867492676e+00
1762818132.947120905,7.212326675653457642e-02,6.983840465545654297e-02,1.013342261314392090e+00
1762818132.967187881,6.066032126545906067e-02,8.096296340227127075e-02,1.013596773147583008e+00
1762818132.987092257,4.924143478274345398e-02,9.206064045429229736e-02,1.013944268226623535e+00
1762818133.007194757,3.685083612799644470e-02,1.035767346620559692e-01,1.014395236968994141e+00
1762818133.027287483,2.656826190650463104e-02,1.141377463936805725e-01,1.014921665191650391e+00
1762818133.047095299,1.430333778262138367e-02,1.255513131618499756e-01,1.015550851821899414e+00
1762818133.067173004,3.126672934740781784e-03,1.364581882953643799e-01,1.016204714775085449e+00
1762818133.087078094,-7.984194904565811157e-03,1.473076492547988892e-01,1.016865134239196777e+00
1762818133.107336044,-1.902991905808448792e-02,1.580981463193893433e-01,1.017495989799499512e+00
1762818133.127258062,-3.001368790864944458e-02,1.688290387392044067e-01,1.018068313598632812e+00
1762818133.147158861,-4.094013944268226624e-02,1.795003414154052734e-01,1.018559813499450684e+00
1762818133.167184353,-5.181136727333068848e-02,1.901104748249053955e-01,1.018963098526000977e+00
1762818133.187188148,-6.262732297182083130e-02,2.006560117006301880e-01,1.019295930862426758e+00
1762818133.207124710,-7.263976335525512695e-02,2.105153203010559082e-01,1.019567251205444336e+00
1762818133.227163315,-8.329457044601440430e-02,2.208701521158218384e-01,1.019840478897094727e+00
1762818133.247142792,-9.395825117826461792e-02,2.311921417713165283e-01,1.020128965377807617e+00
1762818133.267236948,-1.045927852392196655e-01,2.414429485797882080e-01,1.020462036132812500e+00
1762818133.286089897,-1.160426586866378784e-01,2.522937953472137451e-01,1.020865321159362793e+00
1762818133.306131840,-1.265906244516372681e-01,2.623544633388519287e-01,1.021287560462951660e+00
1762818133.326182365,-1.372237205505371094e-01,2.724155485630035400e-01,1.021725893020629883e+00
1762818133.346073866,-1.471447944641113281e-01,2.818449735641479492e-01,1.022112011909484863e+00
1762818133.366111517,-1.577398926019668579e-01,2.917321920394897461e-01,1.022449374198913574e+00
1762818133.386265755,-1.683943867683410645e-01,3.015861809253692627e-01,1.022684812545776367e+00
1762818133.406221151,-1.770585030317306519e-01,3.098556399345397949e-01,1.022806644439697266e+00
1762818133.426190853,-1.869715452194213867e-01,3.189893960952758789e-01,1.022864818572998047e+00
1762818133.446262121,-1.976454854011535645e-01,3.286092579364776611e-01,1.022876024246215820e+00
1762818133.466223955,-2.083824276924133301e-01,3.381706178188323975e-01,1.022892236709594727e+00
1762818133.486146212,-2.191454768180847168e-01,3.476356863975524902e-01,1.022960186004638672e+00
1762818133.506443024,-2.299392521381378174e-01,3.569990396499633789e-01,1.023106217384338379e+00
1762818133.526209593,-2.407634556293487549e-01,3.662536144256591797e-01,1.023340463638305664e+00
1762818133.546113014,-2.516116201877593994e-01,3.753892481327056885e-01,1.023649692535400391e+00
1762818133.566267014,-2.633872330188751221e-01,3.845833837985992432e-01,1.023988008499145508e+00
1762818133.586194038,-2.742563486099243164e-01,3.934397697448730469e-01,1.024353027343750000e+00
1762818133.606263399,-2.851062417030334473e-01,4.021369218826293945e-01,1.024696469306945801e+00
1762818133.626246929,-2.959211468696594238e-01,4.106605648994445801e-01,1.025001406669616699e+00
1762818133.646247864,-3.066829144954681396e-01,4.189944863319396973e-01,1.025280714035034180e+00
1762818133.667256117,-3.166878819465637207e-01,4.271282255649566650e-01,1.025590300559997559e+00
1762818133.687220812,-3.279766142368316650e-01,4.350250959396362305e-01,1.025914430618286133e+00
1762818133.707228661,-3.384387791156768799e-01,4.426712095737457275e-01,1.026352286338806152e+00
1762818133.727343559,-3.478906154632568359e-01,4.499887228012084961e-01,1.026937842369079590e+00
1762818133.747129202,-3.590671420097351074e-01,4.572462737560272217e-01,1.027640819549560547e+00
1762818133.767113209,-3.691979646682739258e-01,4.641511142253875732e-01,1.028456926345825195e+00
1762818133.787191629,-3.792033791542053223e-01,4.708026349544525146e-01,1.029335498809814453e+00
1762818133.807114601,-3.890839815139770508e-01,4.772042930126190186e-01,1.030210971832275391e+00
1762818133.827108145,-3.988450169563293457e-01,4.833626449108123779e-01,1.031005740165710449e+00
1762818133.847067833,-4.084890782833099365e-01,4.892847239971160889e-01,1.031660437583923340e+00
1762818133.867347717,-4.180185496807098389e-01,4.949751496315002441e-01,1.032137632369995117e+00
1762818133.887261629,-4.274379312992095947e-01,5.004367828369140625e-01,1.032427787780761719e+00
1762818133.907053709,-4.367529749870300293e-01,5.056702494621276855e-01,1.032559871673583984e+00
1762818133.927132368,-4.459699392318725586e-01,5.106739997863769531e-01,1.032597780227661133e+00
1762818133.947163820,-4.504192471504211426e-01,5.137995481491088867e-01,1.032665848731994629e+00
1762818133.967213869,-4.634998738765716553e-01,5.197658538818359375e-01,1.032676339149475098e+00
1762818133.987377167,-4.706821739673614502e-01,5.235432386398315430e-01,1.032815575599670410e+00
1762818134.007046938,-4.789099693298339844e-01,5.274609923362731934e-01,1.033023238182067871e+00
1762818134.027064800,-4.877213537693023682e-01,5.313555002212524414e-01,1.033297419548034668e+00
1762818134.047224522,-4.965212941169738770e-01,5.350322127342224121e-01,1.033608675003051758e+00
1762818134.067144156,-5.081038475036621094e-01,5.390911102294921875e-01,1.033961772918701172e+00
1762818134.087227106,-5.141751170158386230e-01,5.417385697364807129e-01,1.034137368202209473e+00
1762818134.107737303,-5.234997868537902832e-01,5.444594621658325195e-01,1.034222364425659180e+00
1762818134.127201080,-5.322005748748779297e-01,5.472153425216674805e-01,1.034177422523498535e+00
1762818134.147474766,-5.409031510353088379e-01,5.497418642044067383e-01,1.034014463424682617e+00
1762818134.167141199,-5.451967120170593262e-01,5.516101121902465820e-01,1.033952355384826660e+00
1762818134.187158585,-5.582291483879089355e-01,5.540570020675659180e-01,1.033498525619506836e+00
1762818134.207409143,-5.668447613716125488e-01,5.558259487152099609e-01,1.033255457878112793e+00
1762818134.227139473,-5.754159092903137207e-01,5.573232173919677734e-01,1.033097147941589355e+00
1762818134.247187376,-5.839357376098632812e-01,5.585406422615051270e-01,1.033048868179321289e+00
1762818134.267208099,-5.923941731452941895e-01,5.594735145568847656e-01,1.033110260963439941e+00
1762818134.287173748,-6.007718443870544434e-01,5.601203441619873047e-01,1.033268690109252930e+00
1762818134.307144403,-6.090527772903442383e-01,5.604799985885620117e-01,1.033484935760498047e+00
1762818134.327116966,-6.172270178794860840e-01,5.605513453483581543e-01,1.033707499504089355e+00
1762818134.347192764,-6.252833008766174316e-01,5.603381991386413574e-01,1.033890247344970703e+00
1762818134.367301464,-6.332091093063354492e-01,5.598449110984802246e-01,1.034000873565673828e+00
1762818134.387084723,-6.409944295883178711e-01,5.590727925300598145e-01,1.034021973609924316e+00
1762818134.407257557,-6.486331820487976074e-01,5.580230355262756348e-01,1.033956766128540039e+00
1762818134.427214146,-6.561211943626403809e-01,5.566968321800231934e-01,1.033828496932983398e+00
1762818134.447111845,-6.634569764137268066e-01,5.550943613052368164e-01,1.033674359321594238e+00
1762818134.467165709,-6.706414818763732910e-01,5.532165765762329102e-01,1.033531785011291504e+00
1762818134.487248182,-6.757866144180297852e-01,5.519317388534545898e-01,1.033492565155029297e+00
1762818134.507109880,-6.844210624694824219e-01,5.487176179885864258e-01,1.033377170562744141e+00
1762818134.527297020,-6.912906169891357422e-01,5.459872484207153320e-01,1.033359885215759277e+00
1762818134.547477722,-6.961460113525390625e-01,5.441002249717712402e-01,1.033408045768737793e+00
1762818134.567087889,-7.038531303405761719e-01,5.402136445045471191e-01,1.033396959304809570e+00
1762818134.587355614,-7.093672752380371094e-01,5.371834039688110352e-01,1.033357858657836914e+00
1762818134.607217789,-7.155048251152038574e-01,5.336943268775939941e-01,1.033272743225097656e+00
1762818134.627159119,-7.217536568641662598e-01,5.298348665237426758e-01,1.033104300498962402e+00
1762818134.647231340,-7.279390692710876465e-01,5.257205367088317871e-01,1.032844424247741699e+00
1762818134.667323828,-7.334697246551513672e-01,5.220621824264526367e-01,1.032570719718933105e+00
1762818134.687116861,-7.401187419891357422e-01,5.167391896247863770e-01,1.032120823860168457e+00
1762818134.707092762,-7.461265325546264648e-01,5.118629336357116699e-01,1.031710982322692871e+00
1762818134.727149963,-7.520814538002014160e-01,5.067264437675476074e-01,1.031314373016357422e+00
1762818134.747068405,-7.579804062843322754e-01,5.013284087181091309e-01,1.030956506729125977e+00
1762818134.767071009,-7.638169527053833008e-01,4.956711530685424805e-01,1.030655145645141602e+00
1762818134.787206650,-7.695798873901367188e-01,4.897617399692535400e-01,1.030410170555114746e+00
1762818134.807306290,-7.752565741539001465e-01,4.836074709892272949e-01,1.030214905738830566e+00
1762818134.827183008,-7.808341383934020996e-01,4.772170484066009521e-01,1.030050992965698242e+00
1762818134.847300053,-7.862989902496337891e-01,4.706002175807952881e-01,1.029898524284362793e+00
1762818134.867126942,-7.916381359100341797e-01,4.637659192085266113e-01,1.029742240905761719e+00
1762818134.887082815,-7.968404293060302734e-01,4.567226767539978027e-01,1.029571890830993652e+00
1762818134.907185793,-8.018964529037475586e-01,4.494778215885162354e-01,1.029386758804321289e+00
1762818134.927325249,-8.067986965179443359e-01,4.420366883277893066e-01,1.029196381568908691e+00
1762818134.947276354,-8.115416765213012695e-01,4.344057440757751465e-01,1.029010176658630371e+00
1762818134.966979504,-8.161215782165527344e-01,4.265908300876617432e-01,1.028841733932495117e+00
1762818134.987047434,-8.181159496307373047e-01,4.230069816112518311e-01,1.028833150863647461e+00
1762818135.007242441,-8.232790827751159668e-01,4.132972061634063721e-01,1.028668761253356934e+00
1762818135.027207613,-8.273148536682128906e-01,4.051876962184906006e-01,1.028587102890014648e+00
1762818135.047205210,-8.323602676391601562e-01,3.944323360919952393e-01,1.028482556343078613e+00
1762818135.067157269,-8.351231813430786133e-01,3.880223333835601807e-01,1.028480529785156250e+00
1762818135.086300373,-8.377501964569091797e-01,3.817263245582580566e-01,1.028460860252380371e+00
1762818135.106161833,-8.411945104598999023e-01,3.729946017265319824e-01,1.028428673744201660e+00
1762818135.126215935,-8.442144989967346191e-01,3.648353219032287598e-01,1.028385996818542480e+00
1762818135.146104574,-8.474352359771728516e-01,3.556576669216156006e-01,1.028294682502746582e+00
1762818135.166275978,-8.508602380752563477e-01,3.453077077865600586e-01,1.028133034706115723e+00
1762818135.187229395,-8.535273671150207520e-01,3.365767002105712891e-01,1.027961492538452148e+00
1762818135.207103014,-8.567584753036499023e-01,3.254917860031127930e-01,1.027678489685058594e+00
1762818135.227167368,-8.589718341827392578e-01,3.170800507068634033e-01,1.027462601661682129e+00
1762818135.247270584,-8.615225553512573242e-01,3.069787621498107910e-01,1.027181506156921387e+00
1762818135.267080307,-8.639736771583557129e-01,2.965893745422363281e-01,1.026902914047241211e+00
1762818135.287194729,-8.663807511329650879e-01,2.856765091419219971e-01,1.026633381843566895e+00
1762818135.306066751,-8.688952326774597168e-01,2.734999954700469971e-01,1.026371479034423828e+00
1762818135.326271534,-8.705759048461914062e-01,2.641858458518981934e-01,1.026246428489685059e+00
1762818135.346183062,-8.727599382400512695e-01,2.518072426319122314e-01,1.026082158088684082e+00
1762818135.366132021,-8.743494153022766113e-01,2.415552139282226562e-01,1.026000022888183594e+00
1762818135.386116028,-8.759176731109619141e-01,2.306148260831832886e-01,1.025933384895324707e+00
1762818135.406516552,-8.774185776710510254e-01,2.191785722970962524e-01,1.025887966156005859e+00
1762818135.426043749,-8.787762522697448730e-01,2.076306939125061035e-01,1.025864958763122559e+00
1762818135.446138620,-8.799839615821838379e-01,1.960119009017944336e-01,1.025860667228698730e+00
1762818135.466219902,-8.810389041900634766e-01,1.843352615833282471e-01,1.025878310203552246e+00
1762818135.486140251,-8.819401860237121582e-01,1.726149618625640869e-01,1.025915980339050293e+00
1762818135.506193399,-8.826873898506164551e-01,1.608668118715286255e-01,1.025975227355957031e+00
1762818135.526679516,-8.832795023918151855e-01,1.491053998470306396e-01,1.026058912277221680e+00
1762818135.546219110,-8.837747573852539062e-01,1.383129954338073730e-01,1.026142001152038574e+00
1762818135.566284180,-8.839987516403198242e-01,1.256040334701538086e-01,1.026304244995117188e+00
1762818135.586276054,-8.841271996498107910e-01,1.138913035392761230e-01,1.026469945907592773e+00
1762818135.606261492,-8.841039538383483887e-01,1.022204533219337463e-01,1.026664495468139648e+00
1762818135.626253128,-8.839310407638549805e-01,9.059985727071762085e-02,1.026889562606811523e+00
1762818135.646270514,-8.837443590164184570e-01,7.997747510671615601e-02,1.027103424072265625e+00
1762818135.666210413,-8.832966685295104980e-01,6.847412884235382080e-02,1.027368664741516113e+00
1762818135.686123848,-8.827097415924072266e-01,5.704017356038093567e-02,1.027641892433166504e+00
1762818135.706549406,-8.819878697395324707e-01,4.567944258451461792e-02,1.027909755706787109e+00
1762818135.726121187,-8.811342716217041016e-01,3.439290449023246765e-02,1.028163194656372070e+00
1762818135.746134758,-8.801528215408325195e-01,2.318030036985874176e-02,1.028393507003784180e+00
1762818135.767343044,-8.790339231491088867e-01,1.176744606345891953e-02,1.028599858283996582e+00
1762818135.787308693,-8.778150677680969238e-01,9.628662373870611191e-04,1.028771877288818359e+00
1762818135.807099819,-8.764659166336059570e-01,-1.002835482358932495e-02,1.028921604156494141e+00
1762818135.827234268,-8.749973177909851074e-01,-2.097164466977119446e-02,1.029049277305603027e+00
1762818135.847378016,-8.734114170074462891e-01,-3.185168281197547913e-02,1.029157996177673340e+00
1762818135.867154121,-8.717088699340820312e-01,-4.266812652349472046e-02,1.029255747795104980e+00
1762818135.887141705,-8.698896765708923340e-01,-5.342178419232368469e-02,1.029351353645324707e+00
1762818135.907480478,-8.681473731994628906e-01,-6.239366531372070312e-02,1.029443621635437012e+00
1762818135.927168131,-8.660832643508911133e-01,-7.324637472629547119e-02,1.029547214508056641e+00
1762818135.947186470,-8.639242053031921387e-01,-8.380800485610961914e-02,1.029657244682312012e+00
1762818135.967067480,-8.616462349891662598e-01,-9.427574276924133301e-02,1.029772639274597168e+00
1762818135.986146450,-8.595128655433654785e-01,-1.042247414588928223e-01,1.029876708984375000e+00
1762818136.006167650,-8.570138812065124512e-01,-1.144072264432907104e-01,1.030004143714904785e+00
1762818136.026152372,-8.543696999549865723e-01,-1.246274262666702271e-01,1.030130624771118164e+00
1762818136.046199799,-8.515946865081787109e-01,-1.347750574350357056e-01,1.030246257781982422e+00
1762818136.066160679,-8.481602668762207031e-01,-1.473736315965652466e-01,1.030357241630554199e+00
1762818136.086103916,-8.450471162796020508e-01,-1.575265675783157349e-01,1.030430793762207031e+00
1762818136.106316090,-8.424198627471923828e-01,-1.649311482906341553e-01,1.030477762222290039e+00
1762818136.126332283,-8.392838239669799805e-01,-1.739978492259979248e-01,1.030514836311340332e+00
1762818136.146119118,-8.358427286148071289e-01,-1.836909949779510498e-01,1.030535578727722168e+00
1762818136.166162968,-8.322548270225524902e-01,-1.933083832263946533e-01,1.030540823936462402e+00
1762818136.186100006,-8.285303711891174316e-01,-2.027927786111831665e-01,1.030539989471435547e+00
1762818136.206051588,-8.246692419052124023e-01,-2.121328413486480713e-01,1.030554533004760742e+00
1762818136.227167130,-8.206557035446166992e-01,-2.213612198829650879e-01,1.030598878860473633e+00
1762818136.247364044,-8.165454268455505371e-01,-2.303183674812316895e-01,1.030680179595947266e+00
1762818136.267186880,-8.122899532318115234e-01,-2.391384840011596680e-01,1.030801653861999512e+00
1762818136.287079811,-8.079096674919128418e-01,-2.477572411298751831e-01,1.030957698822021484e+00
1762818136.306117058,-8.034108877182006836e-01,-2.561572492122650146e-01,1.031138420104980469e+00
1762818136.327311754,-7.987983226776123047e-01,-2.643254399299621582e-01,1.031333446502685547e+00
1762818136.347046137,-7.940761446952819824e-01,-2.722513079643249512e-01,1.031531572341918945e+00
1762818136.367124557,-7.892498373985290527e-01,-2.799257338047027588e-01,1.031720161437988281e+00
1762818136.387231112,-7.843242883682250977e-01,-2.873406708240509033e-01,1.031889915466308594e+00
1762818136.407073975,-7.793036103248596191e-01,-2.944897711277008057e-01,1.032034277915954590e+00
1762818136.427037001,-7.741912007331848145e-01,-3.013684451580047607e-01,1.032150864601135254e+00
1762818136.447149754,-7.689901590347290039e-01,-3.079736530780792236e-01,1.032239913940429688e+00
1762818136.467331648,-7.637022137641906738e-01,-3.143038153648376465e-01,1.032305002212524414e+00
1762818136.487190247,-7.583292722702026367e-01,-3.203590214252471924e-01,1.032348752021789551e+00
1762818136.507080793,-7.528725266456604004e-01,-3.261402547359466553e-01,1.032373428344726562e+00
1762818136.527304411,-7.473320960998535156e-01,-3.316496610641479492e-01,1.032379031181335449e+00
1762818136.547115088,-7.417075037956237793e-01,-3.368903994560241699e-01,1.032363653182983398e+00
1762818136.566184998,-7.358127236366271973e-01,-3.424223959445953369e-01,1.032322645187377930e+00
1762818136.586377382,-7.302042841911315918e-01,-3.465708196163177490e-01,1.032256841659545898e+00
1762818136.606162310,-7.241828441619873047e-01,-3.514860570430755615e-01,1.032152056694030762e+00
1762818136.626283646,-7.183505892753601074e-01,-3.552181124687194824e-01,1.032018423080444336e+00
1762818136.646126032,-7.121358513832092285e-01,-3.595900237560272217e-01,1.031834721565246582e+00
1762818136.667136908,-7.059156894683837891e-01,-3.632980287075042725e-01,1.031618237495422363e+00
1762818136.687164068,-6.997165679931640625e-01,-3.666676282882690430e-01,1.031376719474792480e+00
1762818136.707262754,-6.933604478836059570e-01,-3.698324859142303467e-01,1.031110882759094238e+00
1762818136.727226496,-6.868991851806640625e-01,-3.727466166019439697e-01,1.030829429626464844e+00
1762818136.747137547,-6.803346872329711914e-01,-3.754063546657562256e-01,1.030537724494934082e+00
1762818136.767133236,-6.736656427383422852e-01,-3.778102695941925049e-01,1.030240893363952637e+00
1762818136.787228584,-6.668907999992370605e-01,-3.799563944339752197e-01,1.029940605163574219e+00
1762818136.807090044,-6.600102782249450684e-01,-3.818422257900238037e-01,1.029635906219482422e+00
1762818136.827123404,-6.530253887176513672e-01,-3.834652900695800781e-01,1.029323935508728027e+00
1762818136.847277641,-6.459368467330932617e-01,-3.848217725753784180e-01,1.028999328613281250e+00
1762818136.867043972,-6.387456655502319336e-01,-3.859080374240875244e-01,1.028657913208007812e+00
1762818136.887131453,-6.330248117446899414e-01,-3.863986432552337646e-01,1.028379559516906738e+00
1762818136.907205582,-6.261443495750427246e-01,-3.869135379791259766e-01,1.028028368949890137e+00
1762818136.927115440,-6.183326840400695801e-01,-3.873082101345062256e-01,1.027613878250122070e+00
1762818136.947180748,-6.095547080039978027e-01,-3.874465227127075195e-01,1.027123332023620605e+00
1762818136.967111588,-6.013844609260559082e-01,-3.872003555297851562e-01,1.026643991470336914e+00
1762818136.988082647,-5.956404805183410645e-01,-3.866445124149322510e-01,1.026304721832275391e+00
1762818137.006093979,-5.878518223762512207e-01,-3.858785927295684814e-01,1.025838494300842285e+00
1762818137.026122570,-5.782149434089660645e-01,-3.846966624259948730e-01,1.025262594223022461e+00
1762818137.046160698,-5.699833035469055176e-01,-3.833181262016296387e-01,1.024776935577392578e+00
1762818137.066168308,-5.634628534317016602e-01,-3.819521963596343994e-01,1.024392843246459961e+00
1762818137.087156296,-5.547022223472595215e-01,-3.800216615200042725e-01,1.023872852325439453e+00
1762818137.107105255,-5.462785363197326660e-01,-3.779003620147705078e-01,1.023371100425720215e+00
1762818137.127119780,-5.363141298294067383e-01,-3.751425445079803467e-01,1.022760987281799316e+00
1762818137.147242069,-5.274816751480102539e-01,-3.724102973937988281e-01,1.022201538085937500e+00
1762818137.167285442,-5.204560160636901855e-01,-3.700223863124847412e-01,1.021748065948486328e+00
1762818137.187159538,-5.115815997123718262e-01,-3.668725788593292236e-01,1.021171689033508301e+00
1762818137.207440376,-5.022327303886413574e-01,-3.633607923984527588e-01,1.020562171936035156e+00
1762818137.227220297,-4.929853975772857666e-01,-3.596340715885162354e-01,1.019971132278442383e+00
1762818137.247347355,-4.838894307613372803e-01,-3.557454347610473633e-01,1.019406437873840332e+00
1762818137.267199516,-4.741375148296356201e-01,-3.513898849487304688e-01,1.018807291984558105e+00
1762818137.286199331,-4.684819579124450684e-01,-3.487402796745300293e-01,1.018480300903320312e+00
1762818137.306283236,-4.589288830757141113e-01,-3.441277444362640381e-01,1.017929077148437500e+00
1762818137.326139688,-4.491845369338989258e-01,-3.392166793346405029e-01,1.017383933067321777e+00
1762818137.346156359,-4.393408596515655518e-01,-3.340487182140350342e-01,1.016848444938659668e+00
1762818137.366348743,-4.294097423553466797e-01,-3.286257982254028320e-01,1.016324996948242188e+00
1762818137.386151075,-4.193925559520721436e-01,-3.229423165321350098e-01,1.015812158584594727e+00
1762818137.406087875,-4.092919230461120605e-01,-3.169976770877838135e-01,1.015308260917663574e+00
1762818137.427176237,-3.990068435668945312e-01,-3.107270598411560059e-01,1.014804601669311523e+00
1762818137.447348118,-3.888550996780395508e-01,-3.043287396430969238e-01,1.014311432838439941e+00
1762818137.467215538,-3.785384297370910645e-01,-2.976204156875610352e-01,1.013809919357299805e+00
1762818137.487083435,-3.681520819664001465e-01,-2.906637489795684814e-01,1.013302803039550781e+00
1762818137.507230997,-3.577058911323547363e-01,-2.834700942039489746e-01,1.012792348861694336e+00
1762818137.527276039,-3.472031652927398682e-01,-2.760478258132934570e-01,1.012286424636840820e+00
1762818137.547213316,-3.366460800170898438e-01,-2.684054076671600342e-01,1.011793494224548340e+00
1762818137.567113400,-3.260369598865509033e-01,-2.605526149272918701e-01,1.011325359344482422e+00
1762818137.587287188,-3.153773248195648193e-01,-2.524988353252410889e-01,1.010891556739807129e+00
1762818137.607120037,-3.046683073043823242e-01,-2.442542761564254761e-01,1.010500192642211914e+00
1762818137.627288342,-2.939106523990631104e-01,-2.358283996582031250e-01,1.010156393051147461e+00
1762818137.647154808,-2.831037938594818115e-01,-2.272290289402008057e-01,1.009858489036560059e+00
1762818137.667074919,-2.722476720809936523e-01,-2.184647023677825928e-01,1.009600639343261719e+00
1762818137.687203169,-2.625036835670471191e-01,-2.104678750038146973e-01,1.009401202201843262e+00
1762818137.707311869,-2.515518665313720703e-01,-2.014099806547164917e-01,1.009190678596496582e+00
1762818137.727281332,-2.393795847892761230e-01,-1.912540942430496216e-01,1.008957982063293457e+00
1762818137.747312784,-2.283222824335098267e-01,-1.818981319665908813e-01,1.008749127388000488e+00
1762818137.767440081,-2.172120809555053711e-01,-1.724054217338562012e-01,1.008530378341674805e+00
1762818137.787132263,-2.060463279485702515e-01,-1.627779752016067505e-01,1.008302211761474609e+00
1762818137.806041479,-1.960131078958511353e-01,-1.540266126394271851e-01,1.008098602294921875e+00
1762818137.827460527,-1.844523996114730835e-01,-1.438940912485122681e-01,1.007859349250793457e+00
1762818137.847266912,-1.722157001495361328e-01,-1.331235766410827637e-01,1.007613539695739746e+00
1762818137.867154121,-1.620515137910842896e-01,-1.240540668368339539e-01,1.007431864738464355e+00
1762818137.887351036,-1.494041532278060913e-01,-1.127560138702392578e-01,1.007234454154968262e+00
1762818137.907216549,-1.391306072473526001e-01,-1.034647971391677856e-01,1.007112503051757812e+00
1762818137.927080154,-1.275831907987594604e-01,-9.299151599407196045e-02,1.007010579109191895e+00
1762818137.947186708,-1.159777343273162842e-01,-8.240213990211486816e-02,1.006945371627807617e+00
1762818137.967304945,-1.043158024549484253e-01,-7.170065492391586304e-02,1.006899356842041016e+00
1762818137.987213850,-9.260261058807373047e-02,-6.089450791478157043e-02,1.006856799125671387e+00
1762818138.007128477,-8.084065467119216919e-02,-4.998748749494552612e-02,1.006805419921875000e+00
1762818138.027154446,-7.033842802047729492e-02,-4.022248089313507080e-02,1.006739974021911621e+00
1762818138.047419548,-5.728134512901306152e-02,-2.798789925873279572e-02,1.006653070449829102e+00
1762818138.067188978,-4.694780334830284119e-02,-1.830058544874191284e-02,1.006569981575012207e+00
1762818138.087119818,-3.350811451673507690e-02,-5.608818028122186661e-03,1.006482481956481934e+00
1762818138.106222153,-2.088261581957340240e-02,6.387983914464712143e-03,1.006440043449401855e+00
1762818138.126307487,-1.164452824741601944e-02,1.511297840625047684e-02,1.006452322006225586e+00
1762818138.146138191,1.152814133092761040e-03,2.724976092576980591e-02,1.006542563438415527e+00
1762818138.166235209,1.288181263953447342e-02,3.841719776391983032e-02,1.006697773933410645e+00
1762818138.186160088,2.363720536231994629e-02,4.869243502616882324e-02,1.006898164749145508e+00
1762818138.206189394,3.904368728399276733e-02,6.343190371990203857e-02,1.007248997688293457e+00
1762818138.226197004,4.810454323887825012e-02,7.204519212245941162e-02,1.007440328598022461e+00
1762818138.246279240,6.061911210417747498e-02,8.399387449026107788e-02,1.007707476615905762e+00
1762818138.266126156,7.566900551319122314e-02,9.837782382965087891e-02,1.007990598678588867e+00
1762818138.286104679,8.815625309944152832e-02,1.102737039327621460e-01,1.008139371871948242e+00
1762818138.306068659,1.005054414272308350e-01,1.220164671540260315e-01,1.008226513862609863e+00
1762818138.326222897,1.128754988312721252e-01,1.337562948465347290e-01,1.008280277252197266e+00
1762818138.346135855,1.252713203430175781e-01,1.454914510250091553e-01,1.008339285850524902e+00
1762818138.366816282,1.376766115427017212e-01,1.572006642818450928e-01,1.008436918258666992e+00
1762818138.386184692,1.466769576072692871e-01,1.656520366668701172e-01,1.008565783500671387e+00
1762818138.406131983,1.594975590705871582e-01,1.776817739009857178e-01,1.008829712867736816e+00
1762818138.426064968,1.718626469373703003e-01,1.892310231924057007e-01,1.009220957756042480e+00
1762818138.446119547,1.868236660957336426e-01,2.031344026327133179e-01,1.009892940521240234e+00
1762818138.467362404,1.990740597248077393e-01,2.144434154033660889e-01,1.010630846023559570e+00
1762818138.487251997,2.081683427095413208e-01,2.228004187345504761e-01,1.011245608329772949e+00
1762818138.507137537,2.227915376424789429e-01,2.361530661582946777e-01,1.012344837188720703e+00
1762818138.527123213,2.325726300477981567e-01,2.450376003980636597e-01,1.013035893440246582e+00
1762818138.547176361,2.478572428226470947e-01,2.587930262088775635e-01,1.014104247093200684e+00
1762818138.567214966,2.569988965988159180e-01,2.669853866100311279e-01,1.014540433883666992e+00
1762818138.587241650,2.690061330795288086e-01,2.776557207107543945e-01,1.015032052993774414e+00
1762818138.607320309,2.811931967735290527e-01,2.884000241756439209e-01,1.015369415283203125e+00
1762818138.627077341,2.933924496173858643e-01,2.990636527538299561e-01,1.015571951866149902e+00
1762818138.646162271,3.063349127769470215e-01,3.102645874023437500e-01,1.015711426734924316e+00
1762818138.666340828,3.178144097328186035e-01,3.201169967651367188e-01,1.015843033790588379e+00
1762818138.686161518,3.303195238113403320e-01,3.306721150875091553e-01,1.016027331352233887e+00
1762818138.706084728,3.425290286540985107e-01,3.409232497215270996e-01,1.016344547271728516e+00
1762818138.726310968,3.543742299079895020e-01,3.508363962173461914e-01,1.016789197921752930e+00
1762818138.746249914,3.669140040874481201e-01,3.610552847385406494e-01,1.017334580421447754e+00
1762818138.766200781,3.790703415870666504e-01,3.709135353565216064e-01,1.017967581748962402e+00
1762818138.786103249,3.911893367767333984e-01,3.806177973747253418e-01,1.018632054328918457e+00
1762818138.807272434,4.029299318790435791e-01,3.899933993816375732e-01,1.019251346588134766e+00
1762818138.827154636,4.152549207210540771e-01,3.994992375373840332e-01,1.019885420799255371e+00
1762818138.847332716,4.271862506866455078e-01,4.086588621139526367e-01,1.020428895950317383e+00
1762818138.867236137,4.386626183986663818e-01,4.174488782882690430e-01,1.020906090736389160e+00
1762818138.887223482,4.508057534694671631e-01,4.263501763343811035e-01,1.021416068077087402e+00
1762818138.907134295,4.624711275100708008e-01,4.348517358303070068e-01,1.021944522857666016e+00
1762818138.927386522,4.740319550037384033e-01,4.431094825267791748e-01,1.022545695304870605e+00
1762818138.947140694,4.854859709739685059e-01,4.511162638664245605e-01,1.023239731788635254e+00
1762818138.967172861,4.968322217464447021e-01,4.588677287101745605e-01,1.024021863937377930e+00
1762818138.987269878,5.080701708793640137e-01,4.663616120815277100e-01,1.024860382080078125e+00
1762818139.007135391,5.192019939422607422e-01,4.735979735851287842e-01,1.025711894035339355e+00
1762818139.027177572,5.302327871322631836e-01,4.805789589881896973e-01,1.026528358459472656e+00
1762818139.047235250,5.411669611930847168e-01,4.873070120811462402e-01,1.027260065078735352e+00
1762818139.067331791,5.520083904266357422e-01,4.937846362590789795e-01,1.027868270874023438e+00
1762818139.087169170,5.627604722976684570e-01,5.000140070915222168e-01,1.028335094451904297e+00
1762818139.106230974,5.689299702644348145e-01,5.037971138954162598e-01,1.028534054756164551e+00
1762818139.126214504,5.795703530311584473e-01,5.096589326858520508e-01,1.028819084167480469e+00
1762818139.146084547,5.900771021842956543e-01,5.152505040168762207e-01,1.029024720191955566e+00
1762818139.166499615,6.005247831344604492e-01,5.206084847450256348e-01,1.029188036918640137e+00
1762818139.186140299,6.097534894943237305e-01,5.250546932220458984e-01,1.029310226440429688e+00
1762818139.206188440,6.211854815483093262e-01,5.305743813514709473e-01,1.029540777206420898e+00
1762818139.226201773,6.302822232246398926e-01,5.345618128776550293e-01,1.029735922813415527e+00
1762818139.246087313,6.415611505508422852e-01,5.395241379737854004e-01,1.030089735984802246e+00
1762818139.266110182,6.505394577980041504e-01,5.430499315261840820e-01,1.030381321907043457e+00
1762818139.287205458,6.616772413253784180e-01,5.474593043327331543e-01,1.030796051025390625e+00
1762818139.307107449,6.716628074645996094e-01,5.510547161102294922e-01,1.031131744384765625e+00
1762818139.327192783,6.804445981979370117e-01,5.538889169692993164e-01,1.031370520591735840e+00
1762818139.347230434,6.902826428413391113e-01,5.570045709609985352e-01,1.031554460525512695e+00
1762818139.367279530,7.011305689811706543e-01,5.603259801864624023e-01,1.031627535820007324e+00
1762818139.387290239,7.097433805465698242e-01,5.624884963035583496e-01,1.031567335128784180e+00
1762818139.407064199,7.204112410545349121e-01,5.652564764022827148e-01,1.031424999237060547e+00
1762818139.427162886,7.288693785667419434e-01,5.669555664062500000e-01,1.031241893768310547e+00
1762818139.447310925,7.370451688766479492e-01,5.687195062637329102e-01,1.031124472618103027e+00
1762818139.467192411,7.465357184410095215e-01,5.703389644622802734e-01,1.031012535095214844e+00
1762818139.487174511,7.567149400711059570e-01,5.716719627380371094e-01,1.030983567237854004e+00
1762818139.506126165,7.646820545196533203e-01,5.727504491806030273e-01,1.031105041503906250e+00
1762818139.526096821,7.747950553894042969e-01,5.734659433364868164e-01,1.031312942504882812e+00
1762818139.546137810,7.825502753257751465e-01,5.740854144096374512e-01,1.031579017639160156e+00
1762818139.566145420,7.914841771125793457e-01,5.743312835693359375e-01,1.031888604164123535e+00
1762818139.586153984,7.999613881111145020e-01,5.743669271469116211e-01,1.032159090042114258e+00
1762818139.606105328,8.085520267486572266e-01,5.741167068481445312e-01,1.032348632812500000e+00
1762818139.626092911,8.179292082786560059e-01,5.733817219734191895e-01,1.032398819923400879e+00
1762818139.646197557,8.255674839019775391e-01,5.728323459625244141e-01,1.032296776771545410e+00
1762818139.666053057,8.338945508003234863e-01,5.718232989311218262e-01,1.032037377357482910e+00
1762818139.686059475,8.421986699104309082e-01,5.705398321151733398e-01,1.031657218933105469e+00
1762818139.706197262,8.504288196563720703e-01,5.689910054206848145e-01,1.031205654144287109e+00
1762818139.727110863,8.585758209228515625e-01,5.671729445457458496e-01,1.030752539634704590e+00
1762818139.747110844,8.666488528251647949e-01,5.650714635848999023e-01,1.030361294746398926e+00
1762818139.767401457,8.745878934860229492e-01,5.627117156982421875e-01,1.030086755752563477e+00
1762818139.787217855,8.824359774589538574e-01,5.600671172142028809e-01,1.029948949813842773e+00
1762818139.807195902,8.901664018630981445e-01,5.571492314338684082e-01,1.029943227767944336e+00
1762818139.827217817,8.977701663970947266e-01,5.539634823799133301e-01,1.030039906501770020e+00
1762818139.847579956,9.052415490150451660e-01,5.505151152610778809e-01,1.030192017555236816e+00
1762818139.867200375,9.125755429267883301e-01,5.468107461929321289e-01,1.030341148376464844e+00
1762818139.887235880,9.197678565979003906e-01,5.428564548492431641e-01,1.030429005622863770e+00
1762818139.907189608,9.268144369125366211e-01,5.386580228805541992e-01,1.030411362648010254e+00
1762818139.927222729,9.337117075920104980e-01,5.342183709144592285e-01,1.030267477035522461e+00
1762818139.947368383,9.404554367065429688e-01,5.295388102531433105e-01,1.030004382133483887e+00
1762818139.967297316,9.470410943031311035e-01,5.246195793151855469e-01,1.029655337333679199e+00
1762818139.987239599,9.526926279067993164e-01,5.197488069534301758e-01,1.029282212257385254e+00
1762818140.007224321,9.589672684669494629e-01,5.143702030181884766e-01,1.028920054435729980e+00
1762818140.027196646,9.650747776031494141e-01,5.087512135505676270e-01,1.028635740280151367e+00
1762818140.047097921,9.717388749122619629e-01,5.025359392166137695e-01,1.028492331504821777e+00
1762818140.067067862,9.767931699752807617e-01,4.967992007732391357e-01,1.028417944908142090e+00
1762818140.087187052,9.824128746986389160e-01,4.904750585556030273e-01,1.028476834297180176e+00
1762818140.107329369,9.878827929496765137e-01,4.839254021644592285e-01,1.028603076934814453e+00
1762818140.127096176,9.932094812393188477e-01,4.771580994129180908e-01,1.028741955757141113e+00
1762818140.147211313,9.983991980552673340e-01,4.701812863349914551e-01,1.028829216957092285e+00
1762818140.166108370,1.003037452697753906e+00,4.639264941215515137e-01,1.028826236724853516e+00
1762818140.186265230,1.008358597755432129e+00,4.556989669799804688e-01,1.028660655021667480e+00
1762818140.206180573,1.013204336166381836e+00,4.480663239955902100e-01,1.028362512588500977e+00
1762818140.226099730,1.017913937568664551e+00,4.402899742126464844e-01,1.027944684028625488e+00
1762818140.246265173,1.022513508796691895e+00,4.323170483112335205e-01,1.027474522590637207e+00
1762818140.266148567,1.027008652687072754e+00,4.241417050361633301e-01,1.027013540267944336e+00
1762818140.286208868,1.031401753425598145e+00,4.157645404338836670e-01,1.026622891426086426e+00
1762818140.306103468,1.035322308540344238e+00,4.083663523197174072e-01,1.026402950286865234e+00
1762818140.326139212,1.039501547813415527e+00,3.997060060501098633e-01,1.026239991188049316e+00
1762818140.346143484,1.043126821517944336e+00,3.911613225936889648e-01,1.026150345802307129e+00
1762818140.366208315,1.047611117362976074e+00,3.817053735256195068e-01,1.026221394538879395e+00
1762818140.386177778,1.051051139831542969e+00,3.728523850440979004e-01,1.026264190673828125e+00
1762818140.406104565,1.054715156555175781e+00,3.640511333942413330e-01,1.026344776153564453e+00
1762818140.426283121,1.058435440063476562e+00,3.545095026493072510e-01,1.026377558708190918e+00
1762818140.446438551,1.062067985534667969e+00,3.447655141353607178e-01,1.026330590248107910e+00
1762818140.466159105,1.065602183341979980e+00,3.348517119884490967e-01,1.026188731193542480e+00
1762818140.486122370,1.069035053253173828e+00,3.247678279876708984e-01,1.025957822799682617e+00
1762818140.506204367,1.072360634803771973e+00,3.145175874233245850e-01,1.025652885437011719e+00
1762818140.526117563,1.075572967529296875e+00,3.041043281555175781e-01,1.025313377380371094e+00
1762818140.546147108,1.078665018081665039e+00,2.935354411602020264e-01,1.024981737136840820e+00
1762818140.566206217,1.081629872322082520e+00,2.828217148780822754e-01,1.024699091911315918e+00
1762818140.586129427,1.084459781646728516e+00,2.719747424125671387e-01,1.024499893188476562e+00
1762818140.606019974,1.087146878242492676e+00,2.610113322734832764e-01,1.024405121803283691e+00
1762818140.626262903,1.089686036109924316e+00,2.499462664127349854e-01,1.024423956871032715e+00
1762818140.646101952,1.092072367668151855e+00,2.387961596250534058e-01,1.024544596672058105e+00
1762818140.666112900,1.094302415847778320e+00,2.275782078504562378e-01,1.024745225906372070e+00
1762818140.686227083,1.096374392509460449e+00,2.163061499595642090e-01,1.024995923042297363e+00
1762818140.706059933,1.098287224769592285e+00,2.049931287765502930e-01,1.025264501571655273e+00
1762818140.726159334,1.100040197372436523e+00,1.936505883932113647e-01,1.025520563125610352e+00
1762818140.746091366,1.101632356643676758e+00,1.822884827852249146e-01,1.025745153427124023e+00
1762818140.766264915,1.103063821792602539e+00,1.709137856960296631e-01,1.025932908058166504e+00
1762818140.786140203,1.104334115982055664e+00,1.595325618982315063e-01,1.026089668273925781e+00
1762818140.806165457,1.105443120002746582e+00,1.481502801179885864e-01,1.026231527328491211e+00
1762818140.826080561,1.106390357017517090e+00,1.367694586515426636e-01,1.026382803916931152e+00
1762818140.847156048,1.107167124748229980e+00,1.251117736101150513e-01,1.026565074920654297e+00
1762818140.867141962,1.107799291610717773e+00,1.140197068452835083e-01,1.026791810989379883e+00
1762818140.887372017,1.108266592025756836e+00,1.026750355958938599e-01,1.027069091796875000e+00
1762818140.907149553,1.108576655387878418e+00,9.132230281829833984e-02,1.027385950088500977e+00
1762818140.927133560,1.108851671218872070e+00,8.144860714673995972e-02,1.027698755264282227e+00
1762818140.947247505,1.108914732933044434e+00,7.056685537099838257e-02,1.028025746345520020e+00
1762818140.967248917,1.108641982078552246e+00,6.019973754882812500e-02,1.028290390968322754e+00
1762818140.987264872,1.107959270477294922e+00,4.522757232189178467e-02,1.028602242469787598e+00
1762818141.007156134,1.107980012893676758e+00,3.736244887113571167e-02,1.028774261474609375e+00
1762818141.027283669,1.107378125190734863e+00,2.555432729423046112e-02,1.028936386108398438e+00
1762818141.047102690,1.106795907020568848e+00,1.491299550980329514e-02,1.029052138328552246e+00
1762818141.067144156,1.105984330177307129e+00,3.624778473749756813e-03,1.029135227203369141e+00
1762818141.087217331,1.105025768280029297e+00,-7.699715904891490936e-03,1.029204368591308594e+00
1762818141.107273817,1.103925585746765137e+00,-1.902901381254196167e-02,1.029283881187438965e+00
1762818141.127095938,1.102681517601013184e+00,-3.036004677414894104e-02,1.029382467269897461e+00
1762818141.147123575,1.101292610168457031e+00,-4.168809577822685242e-02,1.029508471488952637e+00
1762818141.167056799,1.099758267402648926e+00,-5.300286039710044861e-02,1.029653429985046387e+00
1762818141.187298775,1.098078131675720215e+00,-6.428986042737960815e-02,1.029804587364196777e+00
1762818141.207155704,1.096253037452697754e+00,-7.553416490554809570e-02,1.029954433441162109e+00
1762818141.227136850,1.094283938407897949e+00,-8.671966195106506348e-02,1.030095458030700684e+00
1762818141.247206450,1.092170953750610352e+00,-9.782822430133819580e-02,1.030227541923522949e+00
1762818141.267244101,1.089913725852966309e+00,-1.088414490222930908e-01,1.030360221862792969e+00
1762818141.287141323,1.087511897087097168e+00,-1.197407841682434082e-01,1.030509710311889648e+00
1762818141.307301521,1.084964990615844727e+00,-1.305081397294998169e-01,1.030695557594299316e+00
1762818141.327040672,1.082272171974182129e+00,-1.411278843879699707e-01,1.030935525894165039e+00
1762818141.347092628,1.079432129859924316e+00,-1.515862345695495605e-01,1.031241655349731445e+00
1762818141.367163658,1.076444387435913086e+00,-1.618718057870864868e-01,1.031615853309631348e+00
1762818141.387260914,1.073309183120727539e+00,-1.719753742218017578e-01,1.032046675682067871e+00
1762818141.407147169,1.070026636123657227e+00,-1.818905472755432129e-01,1.032514929771423340e+00
1762818141.427120209,1.066596984863281250e+00,-1.916138529777526855e-01,1.032992243766784668e+00
1762818141.447158098,1.062912940979003906e+00,-2.013751864433288574e-01,1.033454537391662598e+00
1762818141.466407776,1.058578133583068848e+00,-2.115364223718643188e-01,1.033854603767395020e+00
1762818141.486211777,1.054823756217956543e+00,-2.204049676656723022e-01,1.034160137176513672e+00
1762818141.506169796,1.050809264183044434e+00,-2.293322235345840454e-01,1.034381270408630371e+00
1762818141.526049852,1.046643376350402832e+00,-2.380881607532501221e-01,1.034514665603637695e+00
1762818141.546125174,1.042334556579589844e+00,-2.466616779565811157e-01,1.034580588340759277e+00
1762818141.566156387,1.037885308265686035e+00,-2.550551593303680420e-01,1.034610271453857422e+00
1762818141.586165190,1.033295750617980957e+00,-2.632745802402496338e-01,1.034637808799743652e+00
1762818141.606226206,1.028566837310791016e+00,-2.713222503662109375e-01,1.034679174423217773e+00
1762818141.626170874,1.023700475692749023e+00,-2.791998386383056641e-01,1.034749269485473633e+00
1762818141.646197557,1.018698692321777344e+00,-2.869074642658233643e-01,1.034840345382690430e+00
1762818141.666076183,1.013565182685852051e+00,-2.944401800632476807e-01,1.034933447837829590e+00
1762818141.686131716,1.008304238319396973e+00,-3.017935454845428467e-01,1.035012960433959961e+00
1762818141.706175566,1.002919077873229980e+00,-3.089632093906402588e-01,1.035058498382568359e+00
1762818141.726099014,9.974128603935241699e-01,-3.159426450729370117e-01,1.035057783126831055e+00
1762818141.746149778,9.917880296707153320e-01,-3.227251172065734863e-01,1.035008907318115234e+00
1762818141.766099215,9.860460758209228516e-01,-3.293034732341766357e-01,1.034920573234558105e+00
1762818141.786100149,9.801882505416870117e-01,-3.356700837612152100e-01,1.034809350967407227e+00
1762818141.807219505,9.738757014274597168e-01,-3.421344459056854248e-01,1.034684062004089355e+00
1762818141.827056408,9.681156873703002930e-01,-3.477376997470855713e-01,1.034597277641296387e+00
1762818141.847166777,9.619302749633789062e-01,-3.534070849418640137e-01,1.034527659416198730e+00
1762818141.867212772,9.556094408035278320e-01,-3.588573932647705078e-01,1.034487962722778320e+00
1762818141.887104034,9.491726160049438477e-01,-3.640675246715545654e-01,1.034470915794372559e+00
1762818141.907167435,9.426209926605224609e-01,-3.690356016159057617e-01,1.034464478492736816e+00
1762818141.927117825,9.359534382820129395e-01,-3.737622797489166260e-01,1.034447431564331055e+00
1762818141.947216034,9.329108595848083496e-01,-3.758584260940551758e-01,1.034457445144653320e+00
1762818141.967092752,9.227846264839172363e-01,-3.821721673011779785e-01,1.034301519393920898e+00
1762818141.987174749,9.153108000755310059e-01,-3.864560425281524658e-01,1.034122705459594727e+00
1762818142.007183313,9.086721539497375488e-01,-3.899482190608978271e-01,1.033905386924743652e+00
1762818142.027082920,9.014719128608703613e-01,-3.934560120105743408e-01,1.033629655838012695e+00
1762818142.047043800,8.941169977188110352e-01,-3.967441916465759277e-01,1.033321142196655273e+00
1762818142.067255735,8.881535530090332031e-01,-3.991751968860626221e-01,1.033074855804443359e+00
1762818142.087290049,8.811455368995666504e-01,-4.018044173717498779e-01,1.032788515090942383e+00
1762818142.107452393,8.726543188095092773e-01,-4.047520160675048828e-01,1.032435059547424316e+00
1762818142.127265453,8.655842542648315430e-01,-4.068763852119445801e-01,1.032196044921875000e+00
1762818142.147171021,8.575770854949951172e-01,-4.090867638587951660e-01,1.031920909881591797e+00
1762818142.167144775,8.494216203689575195e-01,-4.110826551914215088e-01,1.031641960144042969e+00
1762818142.187260866,8.411161899566650391e-01,-4.128660857677459717e-01,1.031334519386291504e+00
1762818142.207148552,8.318005800247192383e-01,-4.146824479103088379e-01,1.030933380126953125e+00
1762818142.227267027,8.231909275054931641e-01,-4.160280823707580566e-01,1.030500531196594238e+00
1762818142.247352600,8.144464492797851562e-01,-4.171552360057830811e-01,1.029990673065185547e+00
1762818142.267127275,8.102427124977111816e-01,-4.174263179302215576e-01,1.029722571372985840e+00
1762818142.287120581,7.965976595878601074e-01,-4.187270104885101318e-01,1.028802275657653809e+00
1762818142.307275534,7.875224351882934570e-01,-4.191544353961944580e-01,1.028194665908813477e+00
1762818142.327048779,7.783629298210144043e-01,-4.193322360515594482e-01,1.027636051177978516e+00
1762818142.347187042,7.738712430000305176e-01,-4.190757274627685547e-01,1.027434587478637695e+00
1762818142.367188931,7.646982073783874512e-01,-4.188458323478698730e-01,1.027024626731872559e+00
1762818142.387330294,7.554205656051635742e-01,-4.183545410633087158e-01,1.026716709136962891e+00
1762818142.407160759,7.460707426071166992e-01,-4.175941646099090576e-01,1.026520371437072754e+00
1762818142.427149296,7.366833686828613281e-01,-4.165577292442321777e-01,1.026427030563354492e+00
1762818142.447199821,7.272540330886840820e-01,-4.152397811412811279e-01,1.026399493217468262e+00
1762818142.467183113,7.177763581275939941e-01,-4.136384725570678711e-01,1.026390194892883301e+00
1762818142.487126112,7.082459330558776855e-01,-4.117542803287506104e-01,1.026345372200012207e+00
1762818142.507174969,6.986581087112426758e-01,-4.095889329910278320e-01,1.026209235191345215e+00
1762818142.527111530,6.890084743499755859e-01,-4.071448445320129395e-01,1.025935411453247070e+00
1762818142.547130585,6.792930960655212402e-01,-4.044249951839447021e-01,1.025498390197753906e+00
1762818142.566169977,6.700279712677001953e-01,-4.017465412616729736e-01,1.024952054023742676e+00
1762818142.586172819,6.604188680648803711e-01,-3.985634148120880127e-01,1.024245619773864746e+00
1762818142.606207848,6.505120396614074707e-01,-3.950617313385009766e-01,1.023452639579772949e+00
1762818142.626178980,6.405189037322998047e-01,-3.912927210330963135e-01,1.022655129432678223e+00
1762818142.648154497,6.296603679656982422e-01,-3.867945671081542969e-01,1.021891832351684570e+00
1762818142.667192221,6.200643777847290039e-01,-3.828970789909362793e-01,1.021319150924682617e+00
1762818142.687192440,6.101044416427612305e-01,-3.784554004669189453e-01,1.020900249481201172e+00
1762818142.707124472,5.998448729515075684e-01,-3.736982345581054688e-01,1.020621776580810547e+00
1762818142.727312088,5.895100831985473633e-01,-3.687088191509246826e-01,1.020461320877075195e+00
1762818142.747224092,5.791229605674743652e-01,-3.635021746158599854e-01,1.020367145538330078e+00
1762818142.767075539,5.686898231506347656e-01,-3.580870330333709717e-01,1.020273685455322266e+00
1762818142.786158800,5.582143664360046387e-01,-3.524695634841918945e-01,1.020110487937927246e+00
1762818142.806314945,5.476461648941040039e-01,-3.466266989707946777e-01,1.019830107688903809e+00
1762818142.826132059,5.371661782264709473e-01,-3.406463265419006348e-01,1.019416093826293945e+00
1762818142.846281528,5.265961289405822754e-01,-3.344449698925018311e-01,1.018873691558837891e+00
1762818142.866145372,5.159943699836730957e-01,-3.280464708805084229e-01,1.018251895904541016e+00
1762818142.887195110,5.051023364067077637e-01,-3.213108479976654053e-01,1.017605185508728027e+00
1762818142.907241583,4.947052001953125000e-01,-3.146504461765289307e-01,1.017052412033081055e+00
1762818142.927530766,4.840402305126190186e-01,-3.076636195182800293e-01,1.016607522964477539e+00
1762818142.947128057,4.733366966247558594e-01,-3.004693090915679932e-01,1.016317248344421387e+00
1762818142.967162132,4.626099765300750732e-01,-2.930764555931091309e-01,1.016182661056518555e+00
1762818142.987220287,4.518616199493408203e-01,-2.854884266853332520e-01,1.016173601150512695e+00
1762818143.007146358,4.410924315452575684e-01,-2.777092158794403076e-01,1.016233444213867188e+00
1762818143.027120590,4.303037822246551514e-01,-2.697441875934600830e-01,1.016291499137878418e+00
1762818143.047420502,4.194970130920410156e-01,-2.615987956523895264e-01,1.016278028488159180e+00
1762818143.067143679,4.086734354496002197e-01,-2.532782256603240967e-01,1.016138911247253418e+00
1762818143.087131023,3.978336155414581299e-01,-2.447867095470428467e-01,1.015847444534301758e+00
1762818143.108196259,3.869775831699371338e-01,-2.361277788877487183e-01,1.015411376953125000e+00
1762818143.126170874,3.749544322490692139e-01,-2.268220037221908569e-01,1.014829754829406738e+00
1762818143.146141529,3.642014265060424805e-01,-2.179228961467742920e-01,1.014263272285461426e+00
1762818143.166257858,3.533051908016204834e-01,-2.087800502777099609e-01,1.013755083084106445e+00
1762818143.186054468,3.423874974250793457e-01,-1.994821280241012573e-01,1.013378500938415527e+00
1762818143.206058502,3.314595818519592285e-01,-1.900400221347808838e-01,1.013174653053283691e+00
1762818143.226041555,3.205283880233764648e-01,-1.804633885622024536e-01,1.013158798217773438e+00
1762818143.246064901,3.131863474845886230e-01,-1.734977215528488159e-01,1.013288140296936035e+00
1762818143.266228199,3.024784028530120850e-01,-1.638779342174530029e-01,1.013489961624145508e+00
1762818143.286091328,2.915698587894439697e-01,-1.539883613586425781e-01,1.013749241828918457e+00
1762818143.306141138,2.806592881679534912e-01,-1.439839303493499756e-01,1.014025211334228516e+00
1762818143.327157497,2.663829028606414795e-01,-1.311766505241394043e-01,1.014344096183776855e+00
1762818143.347167730,2.586447894573211670e-01,-1.235050931572914124e-01,1.014424681663513184e+00
1762818143.367084265,2.450757473707199097e-01,-1.110330075025558472e-01,1.014441728591918945e+00
1762818143.387141466,2.367236465215682983e-01,-1.027312502264976501e-01,1.014300227165222168e+00
1762818143.407186985,2.251583486795425415e-01,-9.171869605779647827e-02,1.014009237289428711e+00
1762818143.427283287,2.140484303236007690e-01,-8.100404590368270874e-02,1.013625741004943848e+00
1762818143.447291136,2.036073654890060425e-01,-7.077777385711669922e-02,1.013232469558715820e+00
1762818143.467168331,1.924653798341751099e-01,-5.989748984575271606e-02,1.012862324714660645e+00
1762818143.487302303,1.812321841716766357e-01,-4.887721315026283264e-02,1.012585639953613281e+00
1762818143.507064819,1.699450910091400146e-01,-3.775215148925781250e-02,1.012443900108337402e+00
1762818143.526191473,1.570823192596435547e-01,-2.560206316411495209e-02,1.012401700019836426e+00
1762818143.546160221,1.462459266185760498e-01,-1.475693471729755402e-02,1.012530088424682617e+00
1762818143.566142082,1.348530054092407227e-01,-3.389100078493356705e-03,1.012711048126220703e+00
1762818143.586054325,1.243810281157493591e-01,7.612429093569517136e-03,1.012892723083496094e+00
1762818143.606362343,1.119487136602401733e-01,1.957871578633785248e-02,1.013034582138061523e+00
1762818143.626172543,1.004968732595443726e-01,3.112298250198364258e-02,1.013101696968078613e+00
1762818143.646100044,8.906280994415283203e-02,4.268804192543029785e-02,1.013104081153869629e+00
1762818143.666051865,7.765649259090423584e-02,5.426097661256790161e-02,1.013080954551696777e+00
1762818143.687152624,6.616663932800292969e-02,6.593595445156097412e-02,1.013091444969177246e+00
1762818143.707348824,5.499012395739555359e-02,7.735975086688995361e-02,1.013201236724853516e+00
1762818143.727177143,4.374839365482330322e-02,8.886091411113739014e-02,1.013469934463500977e+00
1762818143.747185707,3.257522732019424438e-02,1.003182604908943176e-01,1.013933300971984863e+00
1762818143.767138243,2.147948369383811951e-02,1.117181554436683655e-01,1.014595985412597656e+00
1762818143.787347317,1.045784913003444672e-02,1.230578050017356873e-01,1.015419960021972656e+00
1762818143.806997538,-4.922845400869846344e-04,1.343355923891067505e-01,1.016341805458068848e+00
1762818143.827283621,-1.137231010943651199e-02,1.455503255128860474e-01,1.017274260520935059e+00
1762818143.847515345,-2.218226715922355652e-02,1.567007303237915039e-01,1.018131136894226074e+00
1762818143.867167473,-3.292412683367729187e-02,1.677864789962768555e-01,1.018835902214050293e+00
1762818143.887182474,-4.360188171267509460e-02,1.788075417280197144e-01,1.019344687461853027e+00
1762818143.907217979,-5.422044917941093445e-02,1.897635906934738159e-01,1.019655108451843262e+00
1762818143.927428722,-6.478516012430191040e-02,2.006532549858093262e-01,1.019812822341918945e+00
1762818143.947127819,-7.530199736356735229e-02,2.114738821983337402e-01,1.019897937774658203e+00
1762818143.967280626,-8.577635884284973145e-02,2.222217470407485962e-01,1.019999146461486816e+00
1762818143.987052917,-9.621346741914749146e-02,2.328930944204330444e-01,1.020189523696899414e+00
1762818144.007114887,-1.066178306937217712e-01,2.434845864772796631e-01,1.020510435104370117e+00
1762818144.027185678,-1.169928759336471558e-01,2.539930939674377441e-01,1.020964860916137695e+00
1762818144.047162533,-1.266179680824279785e-01,2.638037204742431641e-01,1.021499037742614746e+00
1762818144.067118883,-1.375814676284790039e-01,2.746808230876922607e-01,1.022127032279968262e+00
1762818144.087093830,-1.472076624631881714e-01,2.843671143054962158e-01,1.022685289382934570e+00
1762818144.106293440,-1.507231146097183228e-01,2.885355055332183838e-01,1.022897124290466309e+00
1762818144.126283407,-1.625511050224304199e-01,3.003593981266021729e-01,1.023433446884155273e+00
1762818144.146175623,-1.724989861249923706e-01,3.097307085990905762e-01,1.023756384849548340e+00
1762818144.166381836,-1.815131157636642456e-01,3.186831772327423096e-01,1.023956298828125000e+00
1762818144.186119795,-1.938479244709014893e-01,3.306293189525604248e-01,1.024096846580505371e+00
1762818144.207170010,-2.019644528627395630e-01,3.382928371429443359e-01,1.024120211601257324e+00
1762818144.227369070,-2.143761664628982544e-01,3.500538468360900879e-01,1.024129390716552734e+00
1762818144.247325420,-2.238029688596725464e-01,3.585478663444519043e-01,1.024118781089782715e+00
1762818144.267218351,-2.328459322452545166e-01,3.670624494552612305e-01,1.024176478385925293e+00
1762818144.287251711,-2.440997958183288574e-01,3.771224617958068848e-01,1.024282336235046387e+00
1762818144.307661772,-2.532666921615600586e-01,3.855112791061401367e-01,1.024445176124572754e+00
1762818144.328152895,-2.655379772186279297e-01,3.964375555515289307e-01,1.024715542793273926e+00
1762818144.346329451,-2.757510244846343994e-01,4.049105048179626465e-01,1.024944901466369629e+00
1762818144.366187096,-2.846044600009918213e-01,4.127259254455566406e-01,1.025195121765136719e+00
1762818144.386122942,-2.952744364738464355e-01,4.216792583465576172e-01,1.025468230247497559e+00
1762818144.406180620,-3.070153594017028809e-01,4.311969876289367676e-01,1.025738120079040527e+00
1762818144.426076889,-3.175115585327148438e-01,4.397267103195190430e-01,1.025969862937927246e+00
1762818144.446089268,-3.265960514545440674e-01,4.472076594829559326e-01,1.026179909706115723e+00
1762818144.466236353,-3.368431329727172852e-01,4.552944600582122803e-01,1.026415467262268066e+00
1762818144.486028671,-3.468037247657775879e-01,4.630527198314666748e-01,1.026682138442993164e+00
1762818144.506117821,-3.570028841495513916e-01,4.708037376403808594e-01,1.027013182640075684e+00
1762818144.526301861,-3.671454787254333496e-01,4.783570766448974609e-01,1.027416825294494629e+00
1762818144.546190739,-3.772105872631072998e-01,4.856973290443420410e-01,1.027891159057617188e+00
1762818144.566124678,-3.863363564014434814e-01,4.919424355030059814e-01,1.028357028961181641e+00
1762818144.586386919,-3.962466716766357422e-01,4.988655745983123779e-01,1.028933525085449219e+00
1762818144.606220007,-4.068999588489532471e-01,5.063951015472412109e-01,1.029589295387268066e+00
1762818144.626153469,-4.157920479774475098e-01,5.120338797569274902e-01,1.030091047286987305e+00
1762818144.646184206,-4.262243807315826416e-01,5.190578699111938477e-01,1.030658602714538574e+00
1762818144.666336060,-4.349389076232910156e-01,5.242803692817687988e-01,1.031043291091918945e+00
1762818144.686162472,-4.443540275096893311e-01,5.300518870353698730e-01,1.031391859054565430e+00
1762818144.706118584,-4.536586701869964600e-01,5.355833768844604492e-01,1.031661510467529297e+00
1762818144.726386786,-4.628506004810333252e-01,5.408703684806823730e-01,1.031874179840087891e+00
1762818144.746282578,-4.719276428222656250e-01,5.459087491035461426e-01,1.032063484191894531e+00
1762818144.766152382,-4.808893203735351562e-01,5.506948828697204590e-01,1.032265186309814453e+00
1762818144.787106514,-4.897375404834747314e-01,5.552278757095336914e-01,1.032504558563232422e+00
1762818144.807229996,-4.985206425189971924e-01,5.595197677612304688e-01,1.032794952392578125e+00
1762818144.827120304,-5.071010589599609375e-01,5.635315179824829102e-01,1.033129811286926270e+00
1762818144.847204447,-5.156297683715820312e-01,5.673107504844665527e-01,1.033492207527160645e+00
1762818144.867089748,-5.240643024444580078e-01,5.708451271057128906e-01,1.033850073814392090e+00
1762818144.886149168,-5.324065089225769043e-01,5.741378068923950195e-01,1.034164547920227051e+00
1762818144.906392574,-5.407032370567321777e-01,5.771989226341247559e-01,1.034397840499877930e+00
1762818144.926065445,-5.488224625587463379e-01,5.800079703330993652e-01,1.034525632858276367e+00
1762818144.946128130,-5.569059848785400391e-01,5.825912952423095703e-01,1.034540176391601562e+00
1762818144.966162443,-5.649132728576660156e-01,5.849390029907226562e-01,1.034451842308044434e+00
1762818144.986106634,-5.728449225425720215e-01,5.870498418807983398e-01,1.034289240837097168e+00
1762818145.006071568,-5.807042121887207031e-01,5.889213085174560547e-01,1.034096479415893555e+00
1762818145.026183128,-5.884936451911926270e-01,5.905508399009704590e-01,1.033917307853698730e+00
1762818145.046151638,-5.962135791778564453e-01,5.919365286827087402e-01,1.033787250518798828e+00
1762818145.066192865,-6.038645505905151367e-01,5.930757522583007812e-01,1.033728003501892090e+00
1762818145.087158442,-6.116334199905395508e-01,5.939560532569885254e-01,1.033738374710083008e+00
1762818145.107370853,-6.189576983451843262e-01,5.946096777915954590e-01,1.033812165260314941e+00
1762818145.127183199,-6.263821125030517578e-01,5.950081348419189453e-01,1.033911347389221191e+00
1762818145.147050619,-6.337406039237976074e-01,5.951597690582275391e-01,1.034003496170043945e+00
1762818145.167154074,-6.417378187179565430e-01,5.946321487426757812e-01,1.034026145935058594e+00
1762818145.187041998,-6.470096707344055176e-01,5.947051644325256348e-01,1.034026980400085449e+00
1762818145.207183838,-6.558927297592163086e-01,5.937184691429138184e-01,1.033874273300170898e+00
1762818145.227419615,-6.630328297615051270e-01,5.928546190261840820e-01,1.033660292625427246e+00
1762818145.247459650,-6.690447330474853516e-01,5.923313498497009277e-01,1.033460736274719238e+00
1762818145.267153740,-6.749907135963439941e-01,5.913387537002563477e-01,1.033237099647521973e+00
1762818145.287407160,-6.816043257713317871e-01,5.896235704421997070e-01,1.032954692840576172e+00
1762818145.307120562,-6.878870725631713867e-01,5.880220532417297363e-01,1.032753586769104004e+00
1762818145.327228546,-6.944781541824340820e-01,5.860233902931213379e-01,1.032590985298156738e+00
1762818145.347251654,-7.010121941566467285e-01,5.837637186050415039e-01,1.032488465309143066e+00
1762818145.367077351,-7.074737548828125000e-01,5.812518596649169922e-01,1.032433271408081055e+00
1762818145.387506008,-7.138680219650268555e-01,5.784903168678283691e-01,1.032398581504821777e+00
1762818145.407173872,-7.201993465423583984e-01,5.754820704460144043e-01,1.032349467277526855e+00
1762818145.427492857,-7.264678478240966797e-01,5.722317695617675781e-01,1.032254338264465332e+00
1762818145.447157145,-7.326710820198059082e-01,5.687432289123535156e-01,1.032089114189147949e+00
1762818145.467158556,-7.388061881065368652e-01,5.650199055671691895e-01,1.031841874122619629e+00
1762818145.486175776,-7.450203895568847656e-01,5.609436035156250000e-01,1.031509637832641602e+00
1762818145.506145000,-7.508546710014343262e-01,5.568754673004150391e-01,1.031147837638854980e+00
1762818145.526180029,-7.567443251609802246e-01,5.524722933769226074e-01,1.030764937400817871e+00
1762818145.546109676,-7.625496983528137207e-01,5.478383898735046387e-01,1.030411362648010254e+00
1762818145.566177607,-7.682558298110961914e-01,5.429826974868774414e-01,1.030125260353088379e+00
1762818145.586086512,-7.738565802574157715e-01,5.379093885421752930e-01,1.029928684234619141e+00
1762818145.607295036,-7.793469429016113281e-01,5.326226949691772461e-01,1.029824137687683105e+00
1762818145.627574205,-7.847511172294616699e-01,5.270940065383911133e-01,1.029795050621032715e+00
1762818145.647199154,-7.899751067161560059e-01,5.214362740516662598e-01,1.029813528060913086e+00
1762818145.667104483,-7.951112985610961914e-01,5.155484080314636230e-01,1.029839515686035156e+00
1762818145.687190056,-8.001278042793273926e-01,5.094686150550842285e-01,1.029835343360900879e+00
1762818145.707155228,-8.050228357315063477e-01,5.032039284706115723e-01,1.029768943786621094e+00
1762818145.727121353,-8.103424310684204102e-01,4.959240853786468506e-01,1.029587626457214355e+00
1762818145.747264385,-8.144539594650268555e-01,4.901349544525146484e-01,1.029399275779724121e+00
1762818145.767282248,-8.195251822471618652e-01,4.824792146682739258e-01,1.029065728187561035e+00
1762818145.787182093,-8.239441514015197754e-01,4.754943847656250000e-01,1.028752088546752930e+00
1762818145.807150841,-8.282505273818969727e-01,4.683375656604766846e-01,1.028452634811401367e+00
1762818145.827298880,-8.324449062347412109e-01,4.610110223293304443e-01,1.028203845024108887e+00
1762818145.847111225,-8.365266323089599609e-01,4.535166323184967041e-01,1.028028488159179688e+00
1762818145.867164612,-8.404948115348815918e-01,4.458594024181365967e-01,1.027930974960327148e+00
1762818145.887181997,-8.443473577499389648e-01,4.380431175231933594e-01,1.027904391288757324e+00
1762818145.907545328,-8.480815887451171875e-01,4.300759434700012207e-01,1.027922034263610840e+00
1762818145.927047253,-8.516935706138610840e-01,4.219682216644287109e-01,1.027950406074523926e+00
1762818145.947154045,-8.549025654792785645e-01,4.143370687961578369e-01,1.027961730957031250e+00
1762818145.967358351,-8.582394719123840332e-01,4.060356020927429199e-01,1.027921557426452637e+00
1762818145.987287998,-8.605324029922485352e-01,3.998686969280242920e-01,1.027866125106811523e+00
1762818146.007163048,-8.645017147064208984e-01,3.891189694404602051e-01,1.027674317359924316e+00
1762818146.027141809,-8.666517734527587891e-01,3.826115131378173828e-01,1.027557134628295898e+00
1762818146.047152519,-8.694672584533691406e-01,3.739140033721923828e-01,1.027380108833312988e+00
1762818146.067156553,-8.722047805786132812e-01,3.649418056011199951e-01,1.027229666709899902e+00
1762818146.087176085,-8.748244047164916992e-01,3.558076918125152588e-01,1.027124166488647461e+00
1762818146.107224941,-8.773278594017028809e-01,3.465127348899841309e-01,1.027065634727478027e+00
1762818146.126168013,-8.797881603240966797e-01,3.368083834648132324e-01,1.027033686637878418e+00
1762818146.146198273,-8.820093274116516113e-01,3.274050652980804443e-01,1.027007341384887695e+00
1762818146.166251898,-8.841918706893920898e-01,3.176192343235015869e-01,1.026948451995849609e+00
1762818146.186185837,-8.862760663032531738e-01,3.076619505882263184e-01,1.026838064193725586e+00
1762818146.206213236,-8.885941505432128906e-01,2.965657114982604980e-01,1.026624679565429688e+00
1762818146.226142168,-8.904650807380676270e-01,2.863115370273590088e-01,1.026387453079223633e+00
1762818146.246200323,-8.918988108634948730e-01,2.769481539726257324e-01,1.026171445846557617e+00
1762818146.267275333,-8.938961029052734375e-01,2.653297483921051025e-01,1.025852084159851074e+00
1762818146.287240982,-8.950853347778320312e-01,2.559105455875396729e-01,1.025698661804199219e+00
1762818146.307317257,-8.964987993240356445e-01,2.452713400125503540e-01,1.025556087493896484e+00
1762818146.327307701,-8.977870941162109375e-01,2.345679402351379395e-01,1.025512814521789551e+00
1762818146.347178221,-8.989473581314086914e-01,2.238180786371231079e-01,1.025574803352355957e+00
1762818146.367294312,-9.002651572227478027e-01,2.119891941547393799e-01,1.025704503059387207e+00
1762818146.387360334,-9.008802771568298340e-01,2.022247463464736938e-01,1.025955200195312500e+00
1762818146.407330036,-9.016544222831726074e-01,1.914002746343612671e-01,1.026212215423583984e+00
1762818146.427215815,-9.023022055625915527e-01,1.805681735277175903e-01,1.026464462280273438e+00
1762818146.447311640,-9.028249382972717285e-01,1.697357892990112305e-01,1.026678204536437988e+00
1762818146.467170238,-9.032239913940429688e-01,1.589081734418869019e-01,1.026832699775695801e+00
1762818146.487123489,-9.037433862686157227e-01,1.470439136028289795e-01,1.026914238929748535e+00
1762818146.507274151,-9.038949608802795410e-01,1.362349838018417358e-01,1.026941657066345215e+00
1762818146.527105570,-9.039307236671447754e-01,1.254367083311080933e-01,1.026939630508422852e+00
1762818146.547144413,-9.038534760475158691e-01,1.146490573883056641e-01,1.026944875717163086e+00
1762818146.566154480,-9.034290313720703125e-01,1.094435900449752808e-01,1.027006506919860840e+00
1762818146.586113691,-9.031840562820434570e-01,9.865283966064453125e-02,1.027071833610534668e+00
1762818146.606217861,-9.028306603431701660e-01,8.794736117124557495e-02,1.027186512947082520e+00
1762818146.626112700,-9.023748636245727539e-01,7.723963260650634766e-02,1.027346968650817871e+00
1762818146.646113157,-9.018155932426452637e-01,6.655478477478027344e-02,1.027549743652343750e+00
1762818146.666575670,-9.011526107788085938e-01,5.588425323367118835e-02,1.027784347534179688e+00
1762818146.686146021,-9.003878235816955566e-01,4.522210732102394104e-02,1.028024911880493164e+00
1762818146.706117153,-8.997190594673156738e-01,3.541771695017814636e-02,1.028216838836669922e+00
1762818146.726346731,-8.985570073127746582e-01,2.391079254448413849e-02,1.028402686119079590e+00
1762818146.746264935,-8.977071046829223633e-01,1.411327067762613297e-02,1.028482437133789062e+00
1762818146.767113447,-8.963238000869750977e-01,2.617474179714918137e-03,1.028488755226135254e+00
1762818146.787186623,-8.950523734092712402e-01,-8.042495697736740112e-03,1.028410673141479492e+00
1762818146.807279587,-8.936803936958312988e-01,-1.862562261521816254e-02,1.028280615806579590e+00
1762818146.827128410,-8.924585580825805664e-01,-2.836338989436626434e-02,1.028134107589721680e+00
1762818146.847152948,-8.908841609954833984e-01,-3.892455622553825378e-02,1.028010129928588867e+00
1762818146.867199421,-8.892027735710144043e-01,-4.944301024079322815e-02,1.027954220771789551e+00
1762818146.887094021,-8.875751495361328125e-01,-5.821614712476730347e-02,1.028005957603454590e+00
1762818146.907176018,-8.857058286666870117e-01,-6.852363049983978271e-02,1.028137803077697754e+00
1762818146.927331448,-8.837224245071411133e-01,-7.885993272066116333e-02,1.028367400169372559e+00
1762818146.947183609,-8.816338777542114258e-01,-8.912189304828643799e-02,1.028674960136413574e+00
1762818146.967229605,-8.794404864311218262e-01,-9.930115193128585815e-02,1.029029726982116699e+00
1762818146.987188816,-8.769075870513916016e-01,-1.110152602195739746e-01,1.029443860054016113e+00
1762818147.007071972,-8.747287392616271973e-01,-1.195096299052238464e-01,1.029724121093750000e+00
1762818147.027138948,-8.722403049468994141e-01,-1.293529570102691650e-01,1.029971480369567871e+00
1762818147.047126293,-8.696383833885192871e-01,-1.391974240541458130e-01,1.030116081237792969e+00
1762818147.067247391,-8.669363856315612793e-01,-1.489476561546325684e-01,1.030146956443786621e+00
1762818147.087130308,-8.641347289085388184e-01,-1.585911661386489868e-01,1.030083060264587402e+00
1762818147.107173204,-8.612324595451354980e-01,-1.681245565414428711e-01,1.029966711997985840e+00
1762818147.127248526,-8.582298159599304199e-01,-1.775414049625396729e-01,1.029853820800781250e+00
1762818147.147083998,-8.551279306411743164e-01,-1.868340075016021729e-01,1.029793739318847656e+00
1762818147.166236877,-8.523506522178649902e-01,-1.952549666166305542e-01,1.029800891876220703e+00
1762818147.186299324,-8.486261367797851562e-01,-2.050376385450363159e-01,1.029971957206726074e+00
1762818147.206106186,-8.456848263740539551e-01,-2.131670713424682617e-01,1.030182719230651855e+00
1762818147.226142883,-8.417669534683227539e-01,-2.225951254367828369e-01,1.030554652214050293e+00
1762818147.246304512,-8.382002115249633789e-01,-2.311478257179260254e-01,1.030929446220397949e+00
1762818147.266121864,-8.345469236373901367e-01,-2.395339608192443848e-01,1.031296491622924805e+00
1762818147.287213326,-8.312132954597473145e-01,-2.472989857196807861e-01,1.031594991683959961e+00
1762818147.307203770,-8.269860744476318359e-01,-2.557958364486694336e-01,1.031823992729187012e+00
1762818147.327493429,-8.230843544006347656e-01,-2.636578381061553955e-01,1.031919836997985840e+00
1762818147.347137451,-8.195965886116027832e-01,-2.707382440567016602e-01,1.031906843185424805e+00
1762818147.367063761,-8.150320649147033691e-01,-2.788487076759338379e-01,1.031781554222106934e+00
1762818147.386114120,-8.113178014755249023e-01,-2.857752740383148193e-01,1.031627893447875977e+00
1762818147.406225204,-8.071673512458801270e-01,-2.927439510822296143e-01,1.031472206115722656e+00
1762818147.426152468,-8.028619885444641113e-01,-2.996898293495178223e-01,1.031367778778076172e+00
1762818147.446119785,-7.984676957130432129e-01,-3.064529895782470703e-01,1.031347870826721191e+00
1762818147.466219664,-7.939882874488830566e-01,-3.130240142345428467e-01,1.031421184539794922e+00
1762818147.486094475,-7.894224524497985840e-01,-3.194054961204528809e-01,1.031576752662658691e+00
1762818147.508121490,-7.847693562507629395e-01,-3.255996108055114746e-01,1.031780242919921875e+00
1762818147.526178598,-7.800292372703552246e-01,-3.316074013710021973e-01,1.031984925270080566e+00
1762818147.546154022,-7.752022743225097656e-01,-3.374284207820892334e-01,1.032141923904418945e+00
1762818147.566205502,-7.702887058258056641e-01,-3.430615663528442383e-01,1.032205462455749512e+00
1762818147.586136341,-7.652885317802429199e-01,-3.485040366649627686e-01,1.032146692276000977e+00
1762818147.606005430,-7.602015137672424316e-01,-3.537518382072448730e-01,1.031961321830749512e+00
1762818147.626180410,-7.550272941589355469e-01,-3.588002026081085205e-01,1.031669855117797852e+00
1762818147.646172762,-7.497650384902954102e-01,-3.636431396007537842e-01,1.031317234039306641e+00
1762818147.666134357,-7.444141507148742676e-01,-3.682741522789001465e-01,1.030965685844421387e+00
1762818147.686166525,-7.389752864837646484e-01,-3.726873695850372314e-01,1.030667424201965332e+00
1762818147.706090689,-7.344835400581359863e-01,-3.761992156505584717e-01,1.030488491058349609e+00
1762818147.726285934,-7.280265688896179199e-01,-3.806563317775726318e-01,1.030377507209777832e+00
1762818147.746135950,-7.235302925109863281e-01,-3.836813271045684814e-01,1.030371785163879395e+00
1762818147.766130447,-7.166779041290283203e-01,-3.881423175334930420e-01,1.030437231063842773e+00
1762818147.786197901,-7.107698321342468262e-01,-3.914640545845031738e-01,1.030522108078002930e+00
1762818147.807224989,-7.046040296554565430e-01,-3.943701982498168945e-01,1.030548572540283203e+00
1762818147.827114582,-6.987726688385009766e-01,-3.970678150653839111e-01,1.030488610267639160e+00
1762818147.847157478,-6.939948797225952148e-01,-3.991591036319732666e-01,1.030356884002685547e+00
1762818147.867284298,-6.879171133041381836e-01,-4.015411138534545898e-01,1.030072093009948730e+00
1762818147.887200117,-6.803159117698669434e-01,-4.041790664196014404e-01,1.029566049575805664e+00
1762818147.907075405,-6.740074753761291504e-01,-4.063497781753540039e-01,1.029041528701782227e+00
1762818147.927132607,-6.688881516456604004e-01,-4.075300991535186768e-01,1.028629064559936523e+00
1762818147.947181940,-6.624658107757568359e-01,-4.090394675731658936e-01,1.028134703636169434e+00
1762818147.967254877,-6.558740139007568359e-01,-4.103608429431915283e-01,1.027709960937500000e+00
1762818147.987101793,-6.491860747337341309e-01,-4.114610850811004639e-01,1.027381062507629395e+00
1762818148.007068634,-6.424043774604797363e-01,-4.123386740684509277e-01,1.027150630950927734e+00
1762818148.027248383,-6.355265974998474121e-01,-4.129948616027832031e-01,1.026999354362487793e+00
1762818148.047332764,-6.285544037818908691e-01,-4.134299159049987793e-01,1.026886582374572754e+00
1762818148.067139864,-6.214907169342041016e-01,-4.136430323123931885e-01,1.026762127876281738e+00
1762818148.087596655,-6.143377423286437988e-01,-4.136334657669067383e-01,1.026578068733215332e+00
1762818148.107133865,-6.070984601974487305e-01,-4.133997857570648193e-01,1.026296019554138184e+00
1762818148.127174854,-5.997760295867919922e-01,-4.129395782947540283e-01,1.025898814201354980e+00
1762818148.147113800,-5.923744440078735352e-01,-4.122503101825714111e-01,1.025395274162292480e+00
1762818148.167068243,-5.848961472511291504e-01,-4.113284647464752197e-01,1.024819016456604004e+00
1762818148.187236309,-5.773440599441528320e-01,-4.101709425449371338e-01,1.024220585823059082e+00
1762818148.207152367,-5.697210431098937988e-01,-4.087751209735870361e-01,1.023654222488403320e+00
1762818148.227195501,-5.620295405387878418e-01,-4.071388840675354004e-01,1.023164033889770508e+00
1762818148.247111797,-5.542709231376647949e-01,-4.052610099315643311e-01,1.022775530815124512e+00
1762818148.267241716,-5.464466810226440430e-01,-4.031426012516021729e-01,1.022490024566650391e+00
1762818148.287317514,-5.385584831237792969e-01,-4.007861316204071045e-01,1.022285223007202148e+00
1762818148.307056427,-5.306078195571899414e-01,-3.981946110725402832e-01,1.022121548652648926e+00
1762818148.327301979,-5.225958228111267090e-01,-3.953719437122344971e-01,1.021950244903564453e+00
1762818148.347238779,-5.153878331184387207e-01,-3.926288485527038574e-01,1.021742343902587891e+00
1762818148.367280006,-5.062637925148010254e-01,-3.890501856803894043e-01,1.021418809890747070e+00
1762818148.387363911,-5.001546144485473633e-01,-3.863954544067382812e-01,1.021080374717712402e+00
1762818148.407153845,-4.900297224521636963e-01,-3.818765878677368164e-01,1.020441532135009766e+00
1762818148.427119732,-4.831790924072265625e-01,-3.786649405956268311e-01,1.019944310188293457e+00
1762818148.447216749,-4.753369390964508057e-01,-3.748119771480560303e-01,1.019354343414306641e+00
1762818148.467319727,-4.669092893600463867e-01,-3.705181479454040527e-01,1.018744587898254395e+00
1762818148.487186670,-4.574024081230163574e-01,-3.654685616493225098e-01,1.018144845962524414e+00
1762818148.507155180,-4.497273862361907959e-01,-3.612569272518157959e-01,1.017719626426696777e+00
1762818148.527327538,-4.400135278701782227e-01,-3.557392954826354980e-01,1.017310619354248047e+00
1762818148.547388315,-4.311651885509490967e-01,-3.505558371543884277e-01,1.017016530036926270e+00
1762818148.567165136,-4.232074022293090820e-01,-3.457689881324768066e-01,1.016798257827758789e+00
1762818148.587341547,-4.141605198383331299e-01,-3.401904404163360596e-01,1.016565561294555664e+00
1762818148.607175827,-4.050150811672210693e-01,-3.344091475009918213e-01,1.016300320625305176e+00
1762818148.627078295,-3.957799971103668213e-01,-3.284309506416320801e-01,1.015965223312377930e+00
1762818148.647272825,-3.864632844924926758e-01,-3.222595155239105225e-01,1.015541076660156250e+00
1762818148.666131973,-3.770278990268707275e-01,-3.158661723136901855e-01,1.015026688575744629e+00
1762818148.686169147,-3.676117956638336182e-01,-3.093470633029937744e-01,1.014458537101745605e+00
1762818148.706175327,-3.580879867076873779e-01,-3.026133775711059570e-01,1.013874173164367676e+00
1762818148.726076603,-3.485050499439239502e-01,-2.956971526145935059e-01,1.013325452804565430e+00
1762818148.746096373,-3.388707339763641357e-01,-2.886032760143280029e-01,1.012862563133239746e+00
1762818148.767220259,-3.291463553905487061e-01,-2.813022732734680176e-01,1.012515664100646973e+00
1762818148.787230730,-3.194712996482849121e-01,-2.739050388336181641e-01,1.012295484542846680e+00
1762818148.807096481,-3.097110092639923096e-01,-2.663120925426483154e-01,1.012180805206298828e+00
1762818148.827132702,-2.999115288257598877e-01,-2.585619091987609863e-01,1.012136340141296387e+00
1762818148.848145723,-2.900769114494323730e-01,-2.506611943244934082e-01,1.012115597724914551e+00
1762818148.867370367,-2.802069485187530518e-01,-2.426145672798156738e-01,1.012071132659912109e+00
1762818148.887264013,-2.699386477470397949e-01,-2.340824902057647705e-01,1.011987090110778809e+00
1762818148.907207727,-2.603590786457061768e-01,-2.261023968458175659e-01,1.011767745018005371e+00
1762818148.927307129,-2.503804564476013184e-01,-2.176456600427627563e-01,1.011486291885375977e+00
1762818148.947177172,-2.399920672178268433e-01,-2.086925357580184937e-01,1.011137127876281738e+00
1762818148.966077089,-2.342625409364700317e-01,-2.038057297468185425e-01,1.010918498039245605e+00
1762818148.986302853,-2.198284417390823364e-01,-1.911246031522750854e-01,1.010413646697998047e+00
1762818149.006177425,-2.097168266773223877e-01,-1.821894794702529907e-01,1.010143876075744629e+00
1762818149.026136398,-1.995401382446289062e-01,-1.731193065643310547e-01,1.009971857070922852e+00
1762818149.046203852,-1.893185377120971680e-01,-1.639356911182403564e-01,1.009908318519592285e+00
1762818149.066083670,-1.790516674518585205e-01,-1.546439677476882935e-01,1.009935617446899414e+00
1762818149.087155342,-1.682980060577392578e-01,-1.448368877172470093e-01,1.010020852088928223e+00
1762818149.107172489,-1.583840847015380859e-01,-1.357508152723312378e-01,1.010102748870849609e+00
1762818149.127152920,-1.480262428522109985e-01,-1.261947751045227051e-01,1.010154008865356445e+00
1762818149.147176743,-1.376094222068786621e-01,-1.165274977684020996e-01,1.010140538215637207e+00
1762818149.167168617,-1.271608471870422363e-01,-1.067761182785034180e-01,1.010050654411315918e+00
1762818149.187191486,-1.166836917400360107e-01,-9.694460779428482056e-02,1.009896993637084961e+00
1762818149.207235575,-1.061777099967002869e-01,-8.703412860631942749e-02,1.009715080261230469e+00
1762818149.227108002,-9.564471989870071411e-02,-7.704914361238479614e-02,1.009544849395751953e+00
1762818149.246117353,-8.953583240509033203e-02,-7.130379974842071533e-02,1.009478688240051270e+00
1762818149.266102552,-7.907260209321975708e-02,-6.131267547607421875e-02,1.009409427642822266e+00
1762818149.286174774,-6.962057203054428101e-02,-5.222868174314498901e-02,1.009410619735717773e+00
1762818149.306144714,-5.787211284041404724e-02,-4.094261676073074341e-02,1.009511351585388184e+00
1762818149.326283216,-4.837271198630332947e-02,-3.174433484673500061e-02,1.009657025337219238e+00
1762818149.346178293,-3.656413033604621887e-02,-2.031698264181613922e-02,1.009891748428344727e+00
1762818149.366132498,-2.700371481478214264e-02,-1.099810376763343811e-02,1.010110259056091309e+00
1762818149.386099339,-1.626223511993885040e-02,-5.227915244176983833e-04,1.010328292846679688e+00
1762818149.407460690,-5.255979951471090317e-03,1.024142466485500336e-02,1.010488986968994141e+00
1762818149.427166462,6.497967056930065155e-03,2.173873968422412872e-02,1.010529994964599609e+00
1762818149.447166920,1.618919149041175842e-02,3.127257153391838074e-02,1.010491728782653809e+00
1762818149.467256546,2.707951888442039490e-02,4.197992011904716492e-02,1.010338544845581055e+00
1762818149.487645149,3.800022974610328674e-02,5.272939428687095642e-02,1.010123610496520996e+00
1762818149.507117033,4.894491657614707947e-02,6.351026892662048340e-02,1.009904503822326660e+00
1762818149.527089596,5.959226191043853760e-02,7.399858534336090088e-02,1.009752511978149414e+00
1762818149.547292948,7.053516060113906860e-02,8.478049933910369873e-02,1.009710073471069336e+00
1762818149.567164898,8.032648265361785889e-02,9.441211074590682983e-02,1.009816646575927734e+00
1762818149.586166382,9.293325990438461304e-02,1.068312600255012512e-01,1.010120749473571777e+00
1762818149.606052876,1.034757867455482483e-01,1.171854734420776367e-01,1.010555267333984375e+00
1762818149.626163960,1.147365123033523560e-01,1.282333433628082275e-01,1.011129736900329590e+00
1762818149.646147966,1.257599890232086182e-01,1.390238553285598755e-01,1.011749267578125000e+00
1762818149.666177511,1.364720612764358521e-01,1.494823098182678223e-01,1.012327909469604492e+00
1762818149.686087608,1.477867811918258667e-01,1.605043858289718628e-01,1.012849807739257812e+00
1762818149.706165314,1.587997078895568848e-01,1.711972355842590332e-01,1.013189077377319336e+00
1762818149.726304531,1.699119955301284790e-01,1.819526255130767822e-01,1.013349652290344238e+00
1762818149.746117592,1.810174435377120972e-01,1.926627010107040405e-01,1.013330221176147461e+00
1762818149.766137362,1.921375989913940430e-01,2.033448964357376099e-01,1.013186335563659668e+00
1762818149.786312580,2.032728791236877441e-01,2.139962613582611084e-01,1.013013362884521484e+00
1762818149.807361364,2.132300436496734619e-01,2.234794497489929199e-01,1.012925386428833008e+00
1762818149.827116728,2.255392223596572876e-01,2.351425886154174805e-01,1.012943744659423828e+00
1762818149.847108841,2.367132306098937988e-01,2.456717342138290405e-01,1.013175606727600098e+00
1762818149.867289782,2.478650659322738647e-01,2.561202049255371094e-01,1.013604998588562012e+00
1762818149.887225866,2.590028345584869385e-01,2.664941251277923584e-01,1.014207243919372559e+00
1762818149.907173157,2.701254189014434814e-01,2.767899334430694580e-01,1.014925122261047363e+00
1762818149.927258492,2.812266349792480469e-01,2.869986295700073242e-01,1.015681505203247070e+00
1762818149.947177172,2.935957908630371094e-01,2.982507944107055664e-01,1.016531705856323242e+00
1762818149.967154503,3.037150800228118896e-01,3.074233829975128174e-01,1.017057657241821289e+00
1762818149.987282276,3.143100142478942871e-01,3.169946372509002686e-01,1.017435789108276367e+00
1762818150.007349968,3.256004452705383301e-01,3.270289003849029541e-01,1.017765402793884277e+00
1762818150.027143002,3.364921510219573975e-01,3.366620838642120361e-01,1.017938137054443359e+00
1762818150.047312260,3.473235368728637695e-01,3.461523950099945068e-01,1.018093228340148926e+00
1762818150.067098141,3.580925762653350830e-01,3.554925918579101562e-01,1.018319845199584961e+00
1762818150.087141514,3.687976300716400146e-01,3.646759986877441406e-01,1.018687248229980469e+00
1762818150.107165098,3.794385492801666260e-01,3.736985027790069580e-01,1.019228458404541016e+00
1762818150.127166271,3.900152742862701416e-01,3.825568854808807373e-01,1.019930362701416016e+00
1762818150.147168398,4.005279242992401123e-01,3.912495374679565430e-01,1.020744800567626953e+00
1762818150.167211771,4.109787940979003906e-01,3.997773528099060059e-01,1.021599531173706055e+00
1762818150.187166214,4.207710027694702148e-01,4.076746702194213867e-01,1.022358298301696777e+00
1762818150.207212448,4.288820922374725342e-01,4.141964018344879150e-01,1.022879242897033691e+00
1762818150.227104664,4.390459954738616943e-01,4.221866428852081299e-01,1.023430347442626953e+00
1762818150.247172117,4.492885768413543701e-01,4.301174581050872803e-01,1.023806214332580566e+00
1762818150.267024279,4.594888985157012939e-01,4.378933906555175781e-01,1.024005413055419922e+00
1762818150.287110329,4.696501195430755615e-01,4.455158114433288574e-01,1.024083614349365234e+00
1762818150.307207108,4.797839522361755371e-01,4.529900252819061279e-01,1.024115800857543945e+00
1762818150.327461004,4.898976683616638184e-01,4.603185355663299561e-01,1.024165153503417969e+00
1762818150.347141027,4.999959468841552734e-01,4.675026535987854004e-01,1.024279594421386719e+00
1762818150.367151499,5.100795626640319824e-01,4.745415747165679932e-01,1.024481177330017090e+00
1762818150.386261463,5.203489661216735840e-01,4.815599322319030762e-01,1.024767756462097168e+00
1762818150.406161070,5.301964282989501953e-01,4.881755113601684570e-01,1.025098085403442383e+00
1762818150.426376581,5.404853820800781250e-01,4.947726726531982422e-01,1.025446414947509766e+00
1762818150.446194649,5.504682660102844238e-01,5.011878609657287598e-01,1.025770545005798340e+00
1762818150.467129230,5.603206157684326172e-01,5.075448155403137207e-01,1.026029348373413086e+00
1762818150.487285614,5.703027248382568359e-01,5.135073661804199219e-01,1.026209235191345215e+00
1762818150.507327795,5.798242092132568359e-01,5.194042921066284180e-01,1.026331305503845215e+00
1762818150.527199268,5.895776152610778809e-01,5.251078009605407715e-01,1.026412487030029297e+00
1762818150.547241211,5.995297431945800781e-01,5.305647850036621094e-01,1.026473045349121094e+00
1762818150.567427397,6.088430285453796387e-01,5.359004735946655273e-01,1.026636481285095215e+00
1762818150.587196350,6.183419823646545410e-01,5.409744381904602051e-01,1.026851177215576172e+00
1762818150.607172251,6.280147433280944824e-01,5.457424521446228027e-01,1.027138113975524902e+00
1762818150.627335787,6.373221874237060547e-01,5.503542423248291016e-01,1.027532815933227539e+00
1762818150.647416830,6.465361118316650391e-01,5.547389984130859375e-01,1.027977705001831055e+00
1762818150.667178392,6.556591987609863281e-01,5.588966012001037598e-01,1.028431415557861328e+00
1762818150.687138796,6.646948456764221191e-01,5.628281831741333008e-01,1.028847575187683105e+00
1762818150.707329988,6.736449599266052246e-01,5.665351748466491699e-01,1.029183149337768555e+00
1762818150.727182865,6.825110316276550293e-01,5.700190663337707520e-01,1.029408931732177734e+00
1762818150.747131109,6.912937164306640625e-01,5.732806324958801270e-01,1.029517173767089844e+00
1762818150.767099619,6.999941468238830566e-01,5.763196349143981934e-01,1.029526829719543457e+00
1762818150.787128925,7.067975997924804688e-01,5.787749290466308594e-01,1.029510140419006348e+00
1762818150.807098389,7.165454626083374023e-01,5.816114544868469238e-01,1.029421806335449219e+00
1762818150.827180147,7.250640988349914551e-01,5.840035080909729004e-01,1.029383659362792969e+00
1762818150.847281933,7.334282398223876953e-01,5.861567258834838867e-01,1.029396533966064453e+00
1762818150.867128134,7.400377392768859863e-01,5.879508256912231445e-01,1.029499411582946777e+00
1762818150.887182713,7.498479485511779785e-01,5.897917151451110840e-01,1.029640078544616699e+00
1762818150.907134771,7.564721107482910156e-01,5.912668704986572266e-01,1.029804587364196777e+00
1762818150.927361488,7.654609084129333496e-01,5.922648906707763672e-01,1.029954791069030762e+00
1762818150.947124004,7.727425694465637207e-01,5.933818817138671875e-01,1.030071377754211426e+00
1762818150.967280149,7.807438373565673828e-01,5.942988395690917969e-01,1.030118346214294434e+00
1762818150.987316132,7.887522578239440918e-01,5.950114130973815918e-01,1.030065894126892090e+00
1762818151.007171869,7.967252731323242188e-01,5.955182909965515137e-01,1.029914975166320801e+00
1762818151.027282715,8.046611547470092773e-01,5.958157181739807129e-01,1.029693126678466797e+00
1762818151.047315359,8.125720620155334473e-01,5.958858728408813477e-01,1.029463291168212891e+00
1762818151.067225695,8.203765749931335449e-01,5.958079695701599121e-01,1.029046297073364258e+00
1762818151.087192297,8.278314471244812012e-01,5.957097411155700684e-01,1.028126716613769531e+00
1762818151.107373476,8.346936702728271484e-01,5.956681966781616211e-01,1.026721715927124023e+00
1762818151.126292229,8.384871482849121094e-01,5.963444113731384277e-01,1.026095509529113770e+00
1762818151.146105289,8.437970876693725586e-01,5.965402126312255859e-01,1.025364041328430176e+00
1762818151.166192532,8.478887677192687988e-01,5.969383716583251953e-01,1.025781393051147461e+00
1762818151.186151981,8.505988717079162598e-01,5.975851416587829590e-01,1.027724146842956543e+00
1762818151.206141472,8.519427776336669922e-01,5.984790325164794922e-01,1.031210899353027344e+00
1762818151.226233244,8.520675897598266602e-01,5.996051430702209473e-01,1.035795331001281738e+00
1762818151.246280670,8.512702584266662598e-01,6.008926033973693848e-01,1.040890812873840332e+00
1762818151.266129971,8.498421907424926758e-01,6.022875308990478516e-01,1.045543789863586426e+00
1762818151.286501884,8.480480909347534180e-01,6.037454009056091309e-01,1.048730254173278809e+00
1762818151.306194544,8.459956049919128418e-01,6.049237847328186035e-01,1.049795627593994141e+00
1762818151.326178551,8.439556360244750977e-01,6.064341068267822266e-01,1.047979474067687988e+00
1762818151.346114635,8.418647646903991699e-01,6.079529523849487305e-01,1.043220043182373047e+00
1762818151.366098166,8.397127985954284668e-01,6.094626784324645996e-01,1.036129593849182129e+00
1762818151.386137009,8.375340104103088379e-01,6.109142899513244629e-01,1.027848839759826660e+00
1762818151.406141281,8.354667425155639648e-01,6.122163534164428711e-01,1.020053148269653320e+00
1762818151.427164316,8.337324857711791992e-01,6.132913231849670410e-01,1.013909101486206055e+00
1762818151.447225571,8.328089714050292969e-01,6.143205761909484863e-01,1.009769320487976074e+00
1762818151.467191219,8.323832154273986816e-01,6.149002909660339355e-01,1.007792830467224121e+00
1762818151.487270355,8.323242068290710449e-01,6.151107549667358398e-01,1.007648825645446777e+00
1762818151.507090569,8.331920504570007324e-01,6.153535246849060059e-01,1.009783267974853516e+00
1762818151.527352810,8.345589041709899902e-01,6.154967546463012695e-01,1.013657927513122559e+00
1762818151.547582388,8.362410664558410645e-01,6.155971288681030273e-01,1.018392562866210938e+00
1762818151.567183733,8.380925655364990234e-01,6.156999468803405762e-01,1.022891163825988770e+00
1762818151.587322474,8.400219678878784180e-01,6.158314347267150879e-01,1.026021480560302734e+00
1762818151.607034683,8.419861197471618652e-01,6.159995198249816895e-01,1.026940464973449707e+00
1762818151.627144575,8.439611792564392090e-01,6.162073016166687012e-01,1.025297880172729492e+00
1762818151.647232294,8.459241986274719238e-01,6.164587140083312988e-01,1.021214485168457031e+00
1762818151.667240858,8.478261232376098633e-01,6.167604923248291016e-01,1.015392899513244629e+00
1762818151.687183619,8.495628237724304199e-01,6.171233654022216797e-01,1.009052753448486328e+00
1762818151.707082748,8.509861826896667480e-01,6.175560951232910156e-01,1.003510475158691406e+00
1762818151.727195501,8.519502282142639160e-01,6.180579066276550293e-01,9.998881220817565918e-01
1762818151.747222900,8.524363040924072266e-01,6.186826229095458984e-01,9.991506338119506836e-01
1762818151.767234325,8.523008823394775391e-01,6.192321777343750000e-01,1.000271081924438477e+00
1762818151.787139893,8.517282605171203613e-01,6.198326349258422852e-01,1.003782868385314941e+00
1762818151.807372093,8.508536219596862793e-01,6.204511523246765137e-01,1.008591890335083008e+00
1762818151.827219725,8.497829437255859375e-01,6.210691332817077637e-01,1.013472437858581543e+00
1762818151.847045898,8.486885428428649902e-01,6.216997504234313965e-01,1.016969799995422363e+00
1762818151.866142988,8.469656705856323242e-01,6.220427751541137695e-01,1.019173383712768555e+00
1762818151.886141300,8.465049266815185547e-01,6.227883100509643555e-01,1.017534255981445312e+00
1762818151.906136513,8.454148769378662109e-01,6.236475110054016113e-01,1.013220071792602539e+00
1762818151.926126957,8.436182141304016113e-01,6.240345239639282227e-01,1.006277322769165039e+00
1762818151.946141720,8.429442048072814941e-01,6.247484087944030762e-01,1.000289201736450195e+00
1762818151.966061115,8.418155908584594727e-01,6.253579258918762207e-01,9.930277466773986816e-01
1762818151.986115932,8.407453894615173340e-01,6.258860230445861816e-01,9.870097041130065918e-01
1762818152.006092787,8.398311138153076172e-01,6.263179779052734375e-01,9.831295013427734375e-01
1762818152.027180433,8.392351269721984863e-01,6.268214583396911621e-01,9.817584156990051270e-01
1762818152.046159029,8.386245369911193848e-01,6.269126534461975098e-01,9.822553992271423340e-01
1762818152.066127300,8.383286595344543457e-01,6.271117329597473145e-01,9.846876263618469238e-01
1762818152.086028337,8.381890058517456055e-01,6.272802948951721191e-01,9.879845976829528809e-01
1762818152.106114149,8.381612896919250488e-01,6.274434328079223633e-01,9.909966588020324707e-01
1762818152.126214504,8.382119536399841309e-01,6.276184320449829102e-01,9.926520586013793945e-01
1762818152.146094084,8.383200764656066895e-01,6.278128027915954590e-01,9.920901656150817871e-01
1762818152.166094303,8.384700417518615723e-01,6.280330419540405273e-01,9.889441132545471191e-01
1762818152.186063051,8.386505246162414551e-01,6.282850503921508789e-01,9.833350777626037598e-01
1762818152.206336021,8.388531804084777832e-01,6.285699009895324707e-01,9.759110808372497559e-01
1762818152.226317167,8.390587568283081055e-01,6.288843750953674316e-01,9.677153825759887695e-01
1762818152.246154308,8.392298221588134766e-01,6.292226314544677734e-01,9.600250124931335449e-01
1762818152.266184568,8.393222689628601074e-01,6.295746564865112305e-01,9.538866877555847168e-01
1762818152.286327124,8.393002152442932129e-01,6.299288868904113770e-01,9.499887228012084961e-01
1762818152.307253122,8.391281366348266602e-01,6.302635073661804199e-01,9.483925104141235352e-01
1762818152.326153040,8.388777375221252441e-01,6.306105852127075195e-01,9.488680958747863770e-01
1762818152.346229315,8.385319113731384277e-01,6.309425234794616699e-01,9.504551291465759277e-01
1762818152.366067171,8.381285071372985840e-01,6.312687397003173828e-01,9.521496891975402832e-01
1762818152.386086464,8.377084136009216309e-01,6.316030025482177734e-01,9.527510404586791992e-01
1762818152.406156540,8.372939229011535645e-01,6.319516897201538086e-01,9.513474106788635254e-01
1762818152.426249981,8.368957042694091797e-01,6.323146820068359375e-01,9.474262595176696777e-01
1762818152.446223259,8.365117907524108887e-01,6.326964497566223145e-01,9.409304261207580566e-01
1762818152.466144085,8.361352682113647461e-01,6.330969929695129395e-01,9.323891401290893555e-01
1762818152.486237049,8.354479074478149414e-01,6.332361698150634766e-01,9.221725463867187500e-01
1762818152.506256104,8.350785374641418457e-01,6.336327791213989258e-01,9.126942753791809082e-01
1762818152.527263403,8.350294828414916992e-01,6.342601180076599121e-01,9.057205319404602051e-01
1762818152.547292471,8.347023129463195801e-01,6.345792412757873535e-01,9.000235795974731445e-01
1762818152.567567825,8.344042301177978516e-01,6.348468065261840820e-01,8.965168595314025879e-01
1762818152.587281227,8.341479301452636719e-01,6.350725293159484863e-01,8.948749303817749023e-01
1762818152.606233120,8.341568708419799805e-01,6.353347897529602051e-01,8.945146203041076660e-01
1762818152.626295567,8.334521055221557617e-01,6.351645588874816895e-01,8.940484523773193359e-01
1762818152.646187544,8.333169817924499512e-01,6.353555917739868164e-01,8.927055597305297852e-01
1762818152.666143656,8.332123756408691406e-01,6.355622410774230957e-01,8.893241882324218750e-01
1762818152.687299490,8.331301808357238770e-01,6.357831954956054688e-01,8.833832144737243652e-01
1762818152.707222462,8.330968618392944336e-01,6.360392570495605469e-01,8.751786947250366211e-01
1762818152.727222681,8.330778479576110840e-01,6.363011002540588379e-01,8.652237057685852051e-01
1762818152.747174025,8.330766558647155762e-01,6.365676522254943848e-01,8.546630740165710449e-01
1762818152.768366098,8.330383300781250000e-01,6.367966532707214355e-01,8.441987633705139160e-01
1762818152.786068916,8.334879279136657715e-01,6.374003291130065918e-01,8.405414819717407227e-01
1762818152.806230307,8.334673047065734863e-01,6.376411318778991699e-01,8.332037925720214844e-01
1762818152.826106310,8.334173560142517090e-01,6.378642320632934570e-01,8.276490569114685059e-01
1762818152.846145391,8.333398103713989258e-01,6.380739808082580566e-01,8.237055540084838867e-01
1762818152.866164446,8.332393765449523926e-01,6.382747292518615723e-01,8.208877444267272949e-01
1762818152.887157202,8.331235647201538086e-01,6.384710669517517090e-01,8.184593319892883301e-01
1762818152.907196999,8.330011963844299316e-01,6.386696696281433105e-01,8.154980540275573730e-01
1762818152.927100897,8.328907489776611328e-01,6.388838887214660645e-01,8.111656904220581055e-01
1762818152.947141886,8.327915668487548828e-01,6.391121149063110352e-01,8.048590421676635742e-01
1762818152.967227459,8.327090144157409668e-01,6.393573880195617676e-01,7.963180541992187500e-01
1762818152.987158298,8.326430320739746094e-01,6.396172642707824707e-01,7.857410907745361328e-01
1762818153.006142855,8.324527144432067871e-01,6.397132873535156250e-01,7.749040722846984863e-01
1762818153.026149988,8.324108719825744629e-01,6.399824023246765137e-01,7.624266147613525391e-01
1762818153.046112537,8.323622345924377441e-01,6.402301192283630371e-01,7.504369020462036133e-01
1762818153.067139864,8.323038220405578613e-01,6.404457688331604004e-01,7.399717569351196289e-01
1762818153.087304592,8.322282433509826660e-01,6.406208872795104980e-01,7.315498590469360352e-01
1762818153.107222319,8.321510553359985352e-01,6.407689452171325684e-01,7.253657579421997070e-01
1762818153.127149105,8.320603966712951660e-01,6.408864855766296387e-01,7.209464907646179199e-01
1762818153.147184849,8.319667577743530273e-01,6.409888863563537598e-01,7.176283597946166992e-01
1762818153.166245937,8.318738937377929688e-01,6.410859823226928711e-01,7.144163846969604492e-01
1762818153.186070681,8.318051695823669434e-01,6.412024497985839844e-01,7.102614641189575195e-01
1762818153.206177235,8.317510485649108887e-01,6.413323283195495605e-01,7.042737603187561035e-01
1762818153.226186275,8.317187428474426270e-01,6.414824128150939941e-01,6.959603428840637207e-01
1762818153.246130943,8.317082524299621582e-01,6.416524052619934082e-01,6.852583885192871094e-01
1762818153.266118288,8.317155241966247559e-01,6.418388485908508301e-01,6.726816892623901367e-01
1762818153.286194324,8.317339420318603516e-01,6.420342326164245605e-01,6.591218709945678711e-01
1762818153.306090593,8.317521214485168457e-01,6.422249674797058105e-01,6.457400321960449219e-01
1762818153.326195478,8.317563533782958984e-01,6.423943638801574707e-01,6.337328553199768066e-01
1762818153.346109152,8.317382931709289551e-01,6.425322294235229492e-01,6.238207817077636719e-01
1762818153.366152287,8.316951990127563477e-01,6.426356434822082520e-01,6.162620782852172852e-01
1762818153.386218309,8.315786719322204590e-01,6.426295638084411621e-01,6.116568446159362793e-01
1762818153.406247616,8.312771916389465332e-01,6.424776315689086914e-01,6.067442893981933594e-01
1762818153.426165342,8.312413692474365234e-01,6.425659656524658203e-01,6.037456393241882324e-01
1762818153.446121693,8.311700224876403809e-01,6.426204442977905273e-01,5.999876260757446289e-01
1762818153.466192961,8.312885761260986328e-01,6.428524255752563477e-01,5.953139662742614746e-01
1762818153.486300230,8.313143849372863770e-01,6.429955959320068359e-01,5.882905721664428711e-01
1762818153.506113291,8.312996625900268555e-01,6.430993676185607910e-01,5.785974860191345215e-01
1762818153.526137829,8.312974572181701660e-01,6.432220339775085449e-01,5.666203498840332031e-01
1762818153.546082973,8.313045501708984375e-01,6.433632969856262207e-01,5.530747175216674805e-01
1762818153.566168547,8.313102126121520996e-01,6.435093283653259277e-01,5.391654372215270996e-01
1762818153.585981369,8.313019275665283203e-01,6.436445116996765137e-01,5.260527133941650391e-01
1762818153.606182814,8.312699198722839355e-01,6.437496542930603027e-01,5.147678256034851074e-01
1762818153.626254320,8.312121629714965820e-01,6.438149809837341309e-01,5.058262348175048828e-01
1762818153.646123409,8.311331272125244141e-01,6.438385248184204102e-01,4.992391765117645264e-01
1762818153.666144133,8.310402035713195801e-01,6.438266634941101074e-01,4.946205317974090576e-01
1762818153.687043190,8.309205174446105957e-01,6.437701582908630371e-01,4.911805391311645508e-01
1762818153.707057476,8.308497071266174316e-01,6.437499523162841797e-01,4.880542755126953125e-01
1762818153.727137089,8.307739496231079102e-01,6.437177658081054688e-01,4.839551150798797607e-01
1762818153.747161388,8.307181596755981445e-01,6.437008380889892578e-01,4.780849218368530273e-01
1762818153.767081738,8.306855559349060059e-01,6.437043547630310059e-01,4.699621796607971191e-01
1762818153.787132025,8.306757211685180664e-01,6.437280178070068359e-01,4.595812559127807617e-01
1762818153.807137251,8.306857943534851074e-01,6.437669992446899414e-01,4.475474059581756592e-01
1762818153.827210665,8.307078480720520020e-01,6.438120007514953613e-01,4.349335730075836182e-01
1762818153.847246170,8.307311534881591797e-01,6.438520550727844238e-01,4.228882193565368652e-01
1762818153.867007971,8.307428956031799316e-01,6.438755393028259277e-01,4.124297201633453369e-01
1762818153.887185097,8.307333588600158691e-01,6.438767313957214355e-01,4.041884839534759521e-01
1762818153.907134295,8.306989669799804688e-01,6.438561081886291504e-01,3.982667028903961182e-01
1762818153.927127361,8.306413292884826660e-01,6.438188552856445312e-01,3.943400681018829346e-01
1762818153.947228193,8.305674791336059570e-01,6.437733769416809082e-01,3.917252719402313232e-01
1762818153.967232466,8.304884433746337891e-01,6.437299251556396484e-01,3.894519805908203125e-01
1762818153.987070560,8.304158449172973633e-01,6.436989307403564453e-01,3.865009248256683350e-01
1762818154.007235289,8.303875923156738281e-01,6.437168121337890625e-01,3.821146786212921143e-01
1762818154.027155638,8.303208351135253906e-01,6.436857581138610840e-01,3.771723508834838867e-01
1762818154.047150135,8.303394317626953125e-01,6.437655091285705566e-01,3.670923709869384766e-01
1762818154.067217827,8.300263285636901855e-01,6.434883475303649902e-01,3.561814129352569580e-01
1762818154.087224722,8.302980065345764160e-01,6.438066959381103516e-01,3.479616641998291016e-01
1762818154.107156754,8.303295969963073730e-01,6.438885927200317383e-01,3.346894383430480957e-01
1762818154.127109051,8.303164839744567871e-01,6.439054012298583984e-01,3.252172470092773438e-01
1762818154.147169828,8.302328586578369141e-01,6.438350677490234375e-01,3.190081417560577393e-01
1762818154.167294264,8.302516341209411621e-01,6.438675522804260254e-01,3.140890598297119141e-01
1762818154.187439203,8.301860094070434570e-01,6.438078284263610840e-01,3.106328547000885010e-01
1762818154.207108498,8.300999999046325684e-01,6.437243819236755371e-01,3.086814582347869873e-01
1762818154.227101564,8.300065398216247559e-01,6.436325311660766602e-01,3.074187040328979492e-01
1762818154.247219801,8.299159407615661621e-01,6.435442566871643066e-01,3.058846592903137207e-01
1762818154.267205477,8.298368453979492188e-01,6.434692740440368652e-01,3.031873106956481934e-01
1762818154.287353992,8.297747969627380371e-01,6.434126496315002441e-01,2.987159490585327148e-01
1762818154.307099819,8.297312855720520020e-01,6.433749198913574219e-01,2.922511994838714600e-01
1762818154.327146053,8.297043442726135254e-01,6.433531641960144043e-01,2.840614318847656250e-01
1762818154.347061396,8.296886682510375977e-01,6.433412432670593262e-01,2.748771011829376221e-01
1762818154.367231369,8.296761512756347656e-01,6.433303952217102051e-01,2.656790614128112793e-01
1762818154.387023211,8.296574950218200684e-01,6.433108448982238770e-01,2.574601471424102783e-01
1762818154.407169342,8.296244144439697266e-01,6.432741880416870117e-01,2.510112822055816650e-01
1762818154.427181244,8.295734524726867676e-01,6.432183384895324707e-01,2.466748654842376709e-01
1762818154.447238445,8.295058608055114746e-01,6.431453227996826172e-01,2.443491816520690918e-01
1762818154.467093945,8.294261693954467773e-01,6.430608630180358887e-01,2.435881942510604858e-01
1762818154.487154961,8.293409943580627441e-01,6.429732441902160645e-01,2.436627745628356934e-01
1762818154.507196665,8.292594552040100098e-01,6.428923010826110840e-01,2.436740249395370483e-01
1762818154.527657032,8.291899561882019043e-01,6.428262591361999512e-01,2.427333444356918335e-01
1762818154.547036409,8.291382193565368652e-01,6.427801251411437988e-01,2.401932328939437866e-01
1762818154.567526579,8.291345834732055664e-01,6.427847743034362793e-01,2.358463406562805176e-01
1762818154.587193489,8.292255401611328125e-01,6.428874135017395020e-01,2.303645461797714233e-01
1762818154.607413769,8.292296528816223145e-01,6.428970694541931152e-01,2.232934236526489258e-01
1762818154.627092838,8.292344212532043457e-01,6.429051160812377930e-01,2.158396542072296143e-01
1762818154.646187067,8.290860056877136230e-01,6.427487134933471680e-01,2.093194872140884399e-01
1762818154.666293621,8.290955424308776855e-01,6.427547931671142578e-01,2.037590742111206055e-01
1762818154.686089039,8.290674686431884766e-01,6.427176594734191895e-01,1.998885720968246460e-01
1762818154.706408024,8.290156126022338867e-01,6.426529288291931152e-01,1.979216188192367554e-01
1762818154.726104975,8.286579251289367676e-01,6.422591209411621094e-01,1.974821537733078003e-01
1762818154.746144772,8.286111950874328613e-01,6.421980857849121094e-01,1.985155344009399414e-01
1762818154.766246796,8.287001252174377441e-01,6.422833204269409180e-01,1.992704272270202637e-01
1762818154.786189318,8.286259174346923828e-01,6.421933770179748535e-01,1.996506005525588989e-01
1762818154.806199312,8.286075592041015625e-01,6.421640515327453613e-01,1.987556368112564087e-01
1762818154.826060772,8.285532593727111816e-01,6.420959830284118652e-01,1.963200271129608154e-01
1762818154.846203804,8.285143375396728516e-01,6.420426964759826660e-01,1.922257542610168457e-01
1762818154.867244005,8.284907937049865723e-01,6.420024037361145020e-01,1.869008243083953857e-01
1762818154.887148142,8.284724354743957520e-01,6.419638991355895996e-01,1.810431033372879028e-01
1762818154.907213926,8.284640908241271973e-01,6.419318318367004395e-01,1.755694448947906494e-01
1762818154.927230358,8.284439444541931152e-01,6.418834328651428223e-01,1.711312681436538696e-01
1762818154.947062016,8.284103274345397949e-01,6.418179869651794434e-01,1.682382076978683472e-01
1762818154.966691732,8.280407786369323730e-01,6.413926482200622559e-01,1.666800677776336670e-01
1762818154.986195087,8.280203342437744141e-01,6.413406133651733398e-01,1.670602709054946899e-01
1762818155.006144047,8.282299637794494629e-01,6.415349245071411133e-01,1.681426614522933960e-01
1762818155.027310371,8.281368017196655273e-01,6.414073705673217773e-01,1.694438904523849487e-01
1762818155.047167540,8.278084993362426758e-01,6.410311460494995117e-01,1.704861968755722046e-01
1762818155.067174435,8.277556896209716797e-01,6.409498453140258789e-01,1.701925843954086304e-01
1762818155.087359667,8.279958367347717285e-01,6.411800384521484375e-01,1.682969629764556885e-01
1762818155.107137918,8.276911377906799316e-01,6.408302187919616699e-01,1.652826815843582153e-01
1762818155.127146959,8.279563784599304199e-01,6.410835981369018555e-01,1.612370461225509644e-01
1762818155.147122145,8.280844092369079590e-01,6.412009596824645996e-01,1.586086004972457886e-01
1762818155.167081833,8.276644945144653320e-01,6.407145261764526367e-01,1.523902118206024170e-01
1762818155.187807798,8.276507258415222168e-01,6.406680941581726074e-01,1.492977291345596313e-01
1762818155.207237959,8.276271224021911621e-01,6.406109929084777832e-01,1.475310474634170532e-01
1762818155.227521896,8.275943994522094727e-01,6.405451297760009766e-01,1.470687985420227051e-01
1762818155.247060299,8.275564312934875488e-01,6.404750943183898926e-01,1.476463973522186279e-01
1762818155.267134190,8.275176286697387695e-01,6.404055356979370117e-01,1.488159596920013428e-01
1762818155.287129402,8.274825811386108398e-01,6.403408646583557129e-01,1.500118970870971680e-01
1762818155.307228327,8.278811573982238770e-01,6.407480835914611816e-01,1.501396000385284424e-01
1762818155.327129126,8.274401426315307617e-01,6.402439475059509277e-01,1.503730416297912598e-01
1762818155.347388983,8.274388909339904785e-01,6.402177810668945312e-01,1.489082127809524536e-01
1762818155.367067099,8.274519443511962891e-01,6.402066349983215332e-01,1.463403999805450439e-01
1762818155.387171268,8.274757266044616699e-01,6.402058005332946777e-01,1.430626660585403442e-01
1762818155.407136202,8.275046944618225098e-01,6.402092576026916504e-01,1.396760046482086182e-01
1762818155.427109957,8.277431130409240723e-01,6.404386162757873535e-01,1.375446319580078125e-01
1762818155.447279215,8.277810811996459961e-01,6.404505968093872070e-01,1.354766786098480225e-01
1762818155.467089891,8.275906443595886230e-01,6.402148604393005371e-01,1.340959668159484863e-01
1762818155.487197161,8.277983069419860840e-01,6.404114365577697754e-01,1.342855095863342285e-01
1762818155.507174730,8.278148770332336426e-01,6.404010653495788574e-01,1.349556297063827515e-01
1762818155.526313066,8.279913663864135742e-01,6.405717134475708008e-01,1.354962438344955444e-01
1762818155.546131611,8.278632760047912598e-01,6.404048204421997070e-01,1.367015540599822998e-01
1762818155.566111326,8.279822468757629395e-01,6.405071020126342773e-01,1.372608989477157593e-01
1762818155.586208344,8.278620839118957520e-01,6.403496861457824707e-01,1.374856829643249512e-01
1762818155.606344461,8.278827667236328125e-01,6.403439044952392578e-01,1.367106735706329346e-01
1762818155.626183748,8.278642892837524414e-01,6.402941346168518066e-01,1.350309252738952637e-01
1762818155.647266388,8.278778791427612305e-01,6.402773857116699219e-01,1.326008439064025879e-01
1762818155.667083740,8.279049396514892578e-01,6.402732729911804199e-01,1.298691332340240479e-01
1762818155.687132835,8.278806209564208984e-01,6.402112245559692383e-01,1.270636022090911865e-01
1762818155.707102776,8.278946280479431152e-01,6.401883959770202637e-01,1.249426826834678650e-01
1762818155.727229357,8.278467655181884766e-01,6.400964856147766113e-01,1.235378459095954895e-01
1762818155.747059345,8.279390931129455566e-01,6.401566863059997559e-01,1.233362779021263123e-01
1762818155.767160416,8.279010057449340820e-01,6.400733590126037598e-01,1.238357201218605042e-01
1762818155.787188292,8.278483152389526367e-01,6.399734616279602051e-01,1.250703632831573486e-01
1762818155.807286501,8.277927637100219727e-01,6.398698687553405762e-01,1.267133355140686035e-01
1762818155.827093124,8.277395367622375488e-01,6.397686600685119629e-01,1.283406168222427368e-01
1762818155.847173214,8.276929259300231934e-01,6.396739482879638672e-01,1.295247226953506470e-01
1762818155.867151976,8.276557326316833496e-01,6.395888328552246094e-01,1.299134343862533569e-01
1762818155.887201309,8.276301026344299316e-01,6.395155191421508789e-01,1.292937844991683960e-01
1762818155.907192945,8.276167511940002441e-01,6.394544243812561035e-01,1.276576966047286987e-01
1762818155.927261114,8.276140093803405762e-01,6.394036412239074707e-01,1.252424269914627075e-01
1762818155.947077990,8.276182413101196289e-01,6.393597126007080078e-01,1.224751248955726624e-01
1762818155.967100859,8.276250958442687988e-01,6.393182277679443359e-01,1.198667213320732117e-01
1762818155.987237930,8.276298046112060547e-01,6.392751336097717285e-01,1.179046183824539185e-01
1762818156.007051706,8.276288509368896484e-01,6.392276883125305176e-01,1.169399842619895935e-01
1762818156.027107954,8.276209831237792969e-01,6.391754746437072754e-01,1.170968264341354370e-01
1762818156.047178030,8.276065587997436523e-01,6.391199231147766113e-01,1.182865649461746216e-01
1762818156.067438364,8.275876045227050781e-01,6.390640735626220703e-01,1.202393397688865662e-01
1762818156.087249517,8.275676965713500977e-01,6.390118002891540527e-01,1.225380524992942810e-01
1762818156.107067585,8.275510668754577637e-01,6.389670372009277344e-01,1.246881559491157532e-01
1762818156.127178907,8.274071216583251953e-01,6.387935280799865723e-01,1.262184977531433105e-01
1762818156.147233725,8.274074792861938477e-01,6.387721896171569824e-01,1.268428713083267212e-01
1762818156.167105913,8.275219202041625977e-01,6.388745903968811035e-01,1.262582242488861084e-01
1762818156.187142372,8.274784684181213379e-01,6.388078927993774414e-01,1.244601979851722717e-01
1762818156.207121372,8.276060819625854492e-01,6.389243006706237793e-01,1.221112310886383057e-01
1762818156.227120638,8.276501297950744629e-01,6.389505863189697266e-01,1.191745549440383911e-01
1762818156.247139692,8.276872634887695312e-01,6.389684081077575684e-01,1.164068654179573059e-01
1762818156.266122580,8.277070522308349609e-01,6.389662623405456543e-01,1.143550947308540344e-01
1762818156.286185026,8.277320265769958496e-01,6.389681100845336914e-01,1.135052889585494995e-01
1762818156.306133509,8.276312351226806641e-01,6.388337016105651855e-01,1.139111295342445374e-01
1762818156.326142788,8.275819420814514160e-01,6.387544274330139160e-01,1.156289502978324890e-01
1762818156.346169472,8.275505900382995605e-01,6.386944651603698730e-01,1.181659474968910217e-01
1762818156.366076231,8.276485800743103027e-01,6.387746334075927734e-01,1.205248311161994934e-01
1762818156.386178732,8.276224732398986816e-01,6.387209892272949219e-01,1.229718700051307678e-01
1762818156.406244993,8.275943398475646973e-01,6.386654376983642578e-01,1.246898770332336426e-01
1762818156.426221371,8.275766968727111816e-01,6.386206746101379395e-01,1.252541840076446533e-01
1762818156.446117878,8.275723457336425781e-01,6.385889053344726562e-01,1.244871243834495544e-01
1762818156.467101097,8.275711536407470703e-01,6.385576128959655762e-01,1.224868893623352051e-01
1762818156.487184048,8.275980949401855469e-01,6.385536789894104004e-01,1.197261288762092590e-01
1762818156.507360220,8.276201486587524414e-01,6.385411024093627930e-01,1.167299821972846985e-01
1762818156.527084589,8.276392817497253418e-01,6.385223269462585449e-01,1.141577139496803284e-01
1762818156.547104597,8.276503682136535645e-01,6.384927034378051758e-01,1.125603616237640381e-01
1762818156.567311287,8.276401758193969727e-01,6.384392380714416504e-01,1.122477352619171143e-01
1762818156.587351084,8.276353478431701660e-01,6.383927464485168457e-01,1.132693588733673096e-01
1762818156.607174397,8.274864554405212402e-01,6.381912827491760254e-01,1.156366243958473206e-01
1762818156.627315521,8.273929953575134277e-01,6.380630731582641602e-01,1.179903149604797363e-01
1762818156.647188663,8.274567127227783203e-01,6.380935311317443848e-01,1.212076991796493530e-01
1762818156.667207003,8.274320960044860840e-01,6.380385756492614746e-01,1.233936175704002380e-01
1762818156.687127590,8.273870944976806641e-01,6.379700303077697754e-01,1.243388950824737549e-01
1762818156.707289219,8.273999691009521484e-01,6.379585862159729004e-01,1.243006512522697449e-01
1762818156.727143288,8.275474905967712402e-01,6.380858421325683594e-01,1.226812675595283508e-01
1762818156.747171879,8.274387121200561523e-01,6.379500627517700195e-01,1.205225735902786255e-01
1762818156.767163038,8.276029825210571289e-01,6.380938887596130371e-01,1.174454167485237122e-01
1762818156.786139011,8.274785280227661133e-01,6.379400491714477539e-01,1.149475499987602234e-01
1762818156.806187153,8.275157213211059570e-01,6.379520893096923828e-01,1.132160499691963196e-01
1762818156.826157808,8.275223374366760254e-01,6.379308700561523438e-01,1.126028001308441162e-01
1762818156.846023798,8.275133371353149414e-01,6.378930807113647461e-01,1.132351979613304138e-01
1762818156.866061211,8.274912238121032715e-01,6.378421783447265625e-01,1.149358898401260376e-01
1762818156.886198044,8.274607062339782715e-01,6.377841830253601074e-01,1.173078715801239014e-01
1762818156.906203270,8.274273872375488281e-01,6.377249360084533691e-01,1.198366507887840271e-01
1762818156.926159859,8.273970484733581543e-01,6.376701593399047852e-01,1.219941377639770508e-01
1762818156.946082830,8.273748159408569336e-01,6.376248598098754883e-01,1.232975944876670837e-01
1762818156.966209173,8.273639678955078125e-01,6.375916600227355957e-01,1.234491020441055298e-01
1762818156.986136675,8.273656368255615234e-01,6.375712752342224121e-01,1.223789006471633911e-01
1762818157.006083965,8.273786902427673340e-01,6.375613808631896973e-01,1.203190237283706665e-01
1762818157.026152849,8.273988962173461914e-01,6.375571489334106445e-01,1.177824139595031738e-01
1762818157.046383619,8.271442651748657227e-01,6.372631788253784180e-01,1.150508448481559753e-01
1762818157.066166639,8.271639943122863770e-01,6.372543573379516602e-01,1.132479012012481689e-01
1762818157.086141825,8.271765112876892090e-01,6.372369527816772461e-01,1.125522628426551819e-01
1762818157.106376886,8.271806836128234863e-01,6.372108459472656250e-01,1.130386814475059509e-01
1762818157.126129150,8.271779417991638184e-01,6.371787190437316895e-01,1.145532578229904175e-01
1762818157.146218777,8.271715641021728516e-01,6.371450424194335938e-01,1.167326048016548157e-01
1762818157.166059732,8.271664381027221680e-01,6.371155381202697754e-01,1.191106960177421570e-01
1762818157.186141014,8.271678090095520020e-01,6.370960474014282227e-01,1.211362779140472412e-01
1762818157.206022501,8.273942470550537109e-01,6.373184323310852051e-01,1.219504699110984802e-01
1762818157.226029634,8.272203207015991211e-01,6.371145844459533691e-01,1.224391087889671326e-01
1762818157.246138096,8.272996544837951660e-01,6.371818184852600098e-01,1.213994547724723816e-01
1762818157.266227961,8.272988796234130859e-01,6.371641755104064941e-01,1.193704381585121155e-01
1762818157.286107779,8.275526165962219238e-01,6.374160051345825195e-01,1.174753904342651367e-01
1762818157.306188107,8.274719119071960449e-01,6.373127102851867676e-01,1.147046387195587158e-01
1762818157.326207399,8.277106881141662598e-01,6.375483274459838867e-01,1.134735718369483948e-01
1762818157.346057415,8.277639150619506836e-01,6.375871300697326660e-01,1.125513836741447449e-01
1762818157.366081476,8.277938961982727051e-01,6.376013755798339844e-01,1.126114651560783386e-01
1762818157.387206078,8.278096318244934082e-01,6.376018524169921875e-01,1.136170849204063416e-01
1762818157.407083988,8.277566432952880859e-01,6.375310420989990234e-01,1.154187023639678955e-01
1762818157.426126957,8.277402520179748535e-01,6.375000476837158203e-01,1.174911111593246460e-01
1762818157.446264505,8.277503848075866699e-01,6.374978423118591309e-01,1.192943453788757324e-01
1762818157.466138840,8.277417421340942383e-01,6.374768614768981934e-01,1.205595731735229492e-01
1762818157.486083746,8.277350664138793945e-01,6.374582052230834961e-01,1.209523975849151611e-01
1762818157.506162405,8.274041414260864258e-01,6.370992660522460938e-01,1.204273626208305359e-01
1762818157.526132345,8.277831077575683594e-01,6.374825835227966309e-01,1.190317496657371521e-01
1762818157.546095371,8.275167346000671387e-01,6.371882557868957520e-01,1.170643717050552368e-01
1762818157.566241026,8.277839422225952148e-01,6.374483108520507812e-01,1.153958514332771301e-01
1762818157.586310625,8.277738690376281738e-01,6.374159455299377441e-01,1.139900609850883484e-01
1762818157.606235743,8.277544975280761719e-01,6.373709440231323242e-01,1.132933050394058228e-01
1762818157.627090931,8.278592228889465332e-01,6.374639272689819336e-01,1.133504137396812439e-01
1762818157.647261143,8.274152278900146484e-01,6.369599103927612305e-01,1.142365485429763794e-01
1762818157.667237043,8.276519179344177246e-01,6.371793746948242188e-01,1.156343370676040649e-01
1762818157.687209368,8.273345828056335449e-01,6.368170976638793945e-01,1.173121258616447449e-01
1762818157.707204819,8.272987604141235352e-01,6.367510557174682617e-01,1.187362447381019592e-01
1762818157.727176666,8.272714018821716309e-01,6.366941928863525391e-01,1.196299940347671509e-01
1762818157.747256279,8.272549510002136230e-01,6.366491317749023438e-01,1.197860166430473328e-01
1762818157.767323732,8.272504210472106934e-01,6.366165876388549805e-01,1.191539838910102844e-01
1762818157.787143469,8.272569179534912109e-01,6.365956664085388184e-01,1.178922802209854126e-01
1762818157.807082891,8.272720575332641602e-01,6.365835666656494141e-01,1.163252741098403931e-01
1762818157.827346087,8.276853561401367188e-01,6.369990110397338867e-01,1.156067624688148499e-01
1762818157.847060680,8.277156352996826172e-01,6.370044350624084473e-01,1.144353523850440979e-01
1762818157.867066145,8.277437686920166016e-01,6.370091438293457031e-01,1.137722060084342957e-01
1762818157.887309551,8.277706503868103027e-01,6.370146870613098145e-01,1.137314736843109131e-01
1762818157.907239914,8.277972936630249023e-01,6.370225548744201660e-01,1.143001243472099304e-01
1762818157.927124023,8.278219103813171387e-01,6.370312571525573730e-01,1.153522655367851257e-01
1762818157.947149038,8.278439044952392578e-01,6.370407938957214355e-01,1.166632771492004395e-01
1762818157.967279196,8.278638720512390137e-01,6.370516419410705566e-01,1.179694905877113342e-01
1762818157.987146139,8.278832435607910156e-01,6.370649337768554688e-01,1.189962849020957947e-01
1762818158.007171631,8.279035687446594238e-01,6.370817422866821289e-01,1.195104345679283142e-01
1762818158.027303696,8.279258012771606445e-01,6.371024847030639648e-01,1.193667650222778320e-01
1762818158.047043562,8.279501199722290039e-01,6.371263265609741211e-01,1.185430288314819336e-01
1762818158.067176342,8.279750347137451172e-01,6.371511220932006836e-01,1.171850264072418213e-01
1762818158.087139845,8.279975652694702148e-01,6.371728777885437012e-01,1.155801489949226379e-01
1762818158.107185364,8.280146718025207520e-01,6.371877193450927734e-01,1.140575259923934937e-01
1762818158.127154589,8.280235528945922852e-01,6.371923089027404785e-01,1.129323616623878479e-01
1762818158.147163868,8.280227184295654297e-01,6.371847391128540039e-01,1.124297752976417542e-01
1762818158.167220354,8.280126452445983887e-01,6.371653676033020020e-01,1.126326248049736023e-01
1762818158.187113523,8.278632164001464844e-01,6.370002627372741699e-01,1.133280918002128601e-01
1762818158.207204819,8.278411030769348145e-01,6.369642615318298340e-01,1.146645620465278625e-01
1762818158.227324247,8.279500007629394531e-01,6.370615363121032715e-01,1.163932606577873230e-01
1762818158.247191906,8.279299736022949219e-01,6.370247602462768555e-01,1.178619712591171265e-01
1762818158.267140150,8.277823328971862793e-01,6.368558406829833984e-01,1.189166754484176636e-01
