1762817454.420534611,6.641732474172426828e-19,-1.570714240022855532e-18,1.496635231887921691e-04
1762817454.440366745,6.659281110867739311e-19,-1.575909141064841684e-18,1.496636687079444528e-04
1762817454.460399866,6.676029967308289584e-19,-1.580867468451637670e-18,1.496637851232662797e-04
1762817454.480644464,6.691631110648922532e-19,-1.585485824606674362e-18,1.496638869866728783e-04
1762817454.500483751,6.706125899920265805e-19,-1.589776513841563486e-18,1.496639742981642485e-04
1762817454.520585775,6.719545354395290142e-19,-1.593748945335772832e-18,1.496640470577403903e-04
1762817454.540445566,6.731951512619937020e-19,-1.597421627255508275e-18,1.496641198173165321e-04
1762817454.560447454,6.743389352540014010e-19,-1.600807277502687817e-18,1.496641780249774456e-04
1762817454.580997705,6.753902818125562992e-19,-1.603920061545301430e-18,1.496642216807231307e-04
1762817454.600449085,6.763563253704416664e-19,-1.606779418127744108e-18,1.496642653364688158e-04
1762817454.620873928,6.772399093610131536e-19,-1.609394859827060212e-18,1.496643089922145009e-04
1762817454.640571594,6.780477546267477543e-19,-1.611786032182797877e-18,1.496643380960449576e-04
1762817454.660464048,6.787838936731316644e-19,-1.613965342904145398e-18,1.496643817517906427e-04
1762817454.680411100,1.200713560293318887e-18,-3.158998416641796787e-18,1.497187040513381362e-04
1762817454.700556517,1.201933031311375188e-18,-3.162608853220437614e-18,1.497187331551685929e-04
1762817454.720810890,1.203037937814592895e-18,-3.165880145747931701e-18,1.497187768109142780e-04
1762817454.740478039,6.811077025077345419e-19,-1.620844693866019221e-18,1.496644690632820129e-04
1762817454.760454893,1.204931561031879913e-18,-3.171485535168897293e-18,1.497188641224056482e-04
1762817454.781910181,7.004475471207423209e-19,-1.678095001434156527e-18,1.496667537139728665e-04
1762817454.801876783,1.181478819316893627e-18,-3.102059645971862265e-18,1.497165212640538812e-04
1762817454.821624517,1.194372497115063946e-18,-3.140228240976896621e-18,1.497177872806787491e-04
1762817454.841436863,6.772767705970600479e-19,-1.609503737475187505e-18,1.496640616096556187e-04
1762817454.862068653,6.779383599907376164e-19,-1.611461984177830228e-18,1.496641343692317605e-04
1762817454.880476952,1.273463784974627963e-18,-3.374355716300590095e-18,1.497259072493761778e-04
1762817454.900388479,1.198559064990347957e-18,-3.152620647323859805e-18,1.497183402534574270e-04
1762817454.920469522,1.194861360857082785e-18,-3.141674566277945590e-18,1.497179910074919462e-04
1762817454.940470695,1.195834332052598284e-18,-3.144556049941774062e-18,1.497180783189833164e-04
1762817454.960405588,1.197042015746925704e-18,-3.148130710958921971e-18,1.497181801823899150e-04
1762817454.980419874,6.965066518873865588e-19,-1.666429169857744609e-18,1.496664190199226141e-04
1762817455.000397205,6.648962032726140290e-19,-1.572854880050566199e-18,1.496634213253855705e-04
1762817455.020454407,6.643975684596094070e-19,-1.571378569452312183e-18,1.496634358773007989e-04
1762817455.040429354,6.658731035760391547e-19,-1.575746393279321876e-18,1.496636105002835393e-04
1762817455.060305595,6.673854999285157967e-19,-1.580223301549612000e-18,1.496637560194358230e-04
1762817455.080462217,6.688096464493906875e-19,-1.584439337734218213e-18,1.496638869866728783e-04
1762817455.100345135,6.701406834525650782e-19,-1.588379612582114560e-18,1.496639888500794768e-04
1762817455.120370626,6.713822298532188882e-19,-1.592055086236417370e-18,1.496640907134860754e-04
1762817455.140483618,6.725386800483563054e-19,-1.595478476599044644e-18,1.496641780249774456e-04
1762817455.160647631,6.736109129173781675e-19,-1.598652265211834042e-18,1.496642362326383591e-04
1762817455.180459499,6.746082859409639807e-19,-1.601605299998648351e-18,1.496642944402992725e-04
1762817455.200968266,1.192842626572147121e-18,-3.135700461098934486e-18,1.497185294283553958e-04
1762817455.220709085,1.194258552985684766e-18,-3.139891992057893815e-18,1.497184857726097107e-04
1762817455.240437508,6.768622497125944119e-19,-1.608277545614654210e-18,1.496643089922145009e-04
1762817455.260936022,6.774899247011573063e-19,-1.610135600065601449e-18,1.496642944402992725e-04
1762817455.281173229,1.198014366556981788e-18,-3.151009919876065922e-18,1.497184566687792540e-04
1762817455.300944328,1.199124959926910797e-18,-3.154297549220657931e-18,1.497185003245249391e-04
1762817455.320454836,1.200171033209060670e-18,-3.157393893048597052e-18,1.497185003245249391e-04
1762817455.340512753,1.201148140307638934e-18,-3.160287370831307542e-18,1.497185439802706242e-04
1762817455.360486746,1.202059072957212955e-18,-3.162983772833077274e-18,1.497185730841010809e-04
1762817455.380304813,1.202904244748089011e-18,-3.165485787390897045e-18,1.497186167398467660e-04
1762817455.400463820,1.203694098835500584e-18,-3.167823813392278177e-18,1.497186312917619944e-04
1762817455.420404911,1.204422327967276955e-18,-3.169979032478285091e-18,1.497186603955924511e-04
1762817455.440423012,1.205093171444057461e-18,-3.171964265948412357e-18,1.497187040513381362e-04
1762817455.460665226,1.205711385554364280e-18,-3.173794403053685931e-18,1.497187331551685929e-04
1762817455.480396032,1.206274488756359754e-18,-3.175461585578286558e-18,1.497187622589990497e-04
1762817455.500856638,7.010001554687160280e-19,-1.679730957890633278e-18,1.496666955063119531e-04
1762817455.520514488,6.688141442439714446e-19,-1.584452779419172200e-18,1.496636541560292244e-04
1762817455.540448189,6.680195338680376924e-19,-1.582100587949801096e-18,1.496636396041139960e-04
1762817455.560464621,1.067690923675910018e-18,-2.765220740397153068e-18,1.497049670433625579e-04
1762817455.580865860,6.933360169006825192e-19,-1.657043151447105404e-18,1.496660261182114482e-04
1762817455.601399422,1.142760872987547491e-18,-2.987445913886821027e-18,1.497124903835356236e-04
1762817455.621435881,7.957288792182887573e-19,-1.960150252027361547e-18,1.496761833550408483e-04
1762817455.641486168,6.712675102420154401e-19,-1.591715528594964352e-18,1.496638142270967364e-04
1762817455.661485434,1.059044508130469789e-18,-2.739625911088384148e-18,1.497040211688727140e-04
1762817455.681595802,1.082378342632401577e-18,-2.808699007754165309e-18,1.497061748523265123e-04
1762817455.701377153,7.896424325723352951e-19,-1.942132397129578360e-18,1.496755576226860285e-04
1762817455.721474409,7.684482558211367663e-19,-1.879392815618962593e-18,1.496734475949779153e-04
1762817455.740497112,1.063262819061760522e-18,-2.752112409230025239e-18,1.497045013820752501e-04
1762817455.760924578,1.205858933896128426e-18,-3.174229706851041962e-18,1.497199118603020906e-04
1762817455.780994892,6.589002295061585542e-19,-1.555104824876097054e-18,1.496628683526068926e-04
1762817455.800570250,1.160854621706532419e-18,-3.041007512910854675e-18,1.497158955316990614e-04
1762817455.820505857,1.053681586026558803e-18,-2.723750660772266441e-18,1.497040211688727140e-04
1762817455.840420246,2.242495326027689833e-18,-6.242916544214299187e-18,1.498315250501036644e-04
1762817455.861403465,1.461214035087040542e-18,-3.930141885392572740e-18,1.497461780672892928e-04
1762817455.881549358,1.158046963912374304e-18,-3.032696415706228130e-18,1.497144403401762247e-04
1762817455.901488543,1.077390546936283389e-18,-2.793935074591012595e-18,1.497061457484960556e-04
1762817455.921427011,1.205824088912824630e-18,-3.174128790816310493e-18,1.497201301390305161e-04
1762817455.941516161,6.580733073875469494e-19,-1.552657921226588629e-18,1.496628829045221210e-04
1762817455.961982965,1.351466606545648766e-18,-3.605265045451146015e-18,1.497353514423593879e-04
1762817455.981565475,1.169237476829297939e-18,-3.065823965263211197e-18,1.497167686466127634e-04
1762817456.001413584,1.161156852822843981e-18,-3.041902729128790189e-18,1.497161138104274869e-04
1762817456.021433592,1.164465575273056092e-18,-3.051697374762030590e-18,1.497165212640538812e-04
1762817456.041582346,1.168288493871546478e-18,-3.063014653107827976e-18,1.497169432695955038e-04
1762817456.061936378,1.171913612906060122e-18,-3.073745460399325266e-18,1.497172779636457562e-04
1762817456.081425190,1.175298332575050542e-18,-3.083764892364026952e-18,1.497175690019503236e-04
1762817456.100449085,1.251542671561360177e-18,-3.309465465197336457e-18,1.497254124842584133e-04
1762817456.120555878,1.179964561808038741e-18,-3.097578188208203100e-18,1.497179764555767179e-04
1762817456.140427351,1.178051810039086433e-18,-3.091915102939511934e-18,1.497176999691873789e-04
1762817456.160377264,1.180597251579065238e-18,-3.099449477548951186e-18,1.497178600402548909e-04
1762817456.181404829,1.256661988974874296e-18,-3.324618586838695371e-18,1.497256162110716105e-04
1762817456.201394081,1.184301366362077696e-18,-3.110414376953800983e-18,1.497181365266442299e-04
1762817456.221535921,1.181970061203173556e-18,-3.103513209103271073e-18,1.497178018325939775e-04
1762817456.241452932,1.184151853466358736e-18,-3.109971421735778837e-18,1.497179182479158044e-04
1762817456.261732578,1.186478815927046972e-18,-3.116859561491661036e-18,1.497180346632376313e-04
1762817456.281364441,1.188666605249673161e-18,-3.123336178892798105e-18,1.497181510785594583e-04
1762817456.301367998,1.190706639435382065e-18,-3.129374597364435207e-18,1.497182529419660568e-04
1762817456.321107388,2.420227901934202401e-18,-6.769044772828652440e-18,1.498515775892883539e-04
1762817456.340847969,2.262675017456380358e-18,-6.302650978559509804e-18,1.498345809523016214e-04
1762817456.361092329,2.256156213844003085e-18,-6.283354922820179051e-18,1.498337223893031478e-04
1762817456.381031036,1.191448413649688993e-18,-3.131571589071376048e-18,1.497180928708985448e-04
1762817456.400481462,2.262796406211272515e-18,-6.303011215716276648e-18,1.498340425314381719e-04
1762817456.422042847,2.425131428605416749e-18,-6.783560965398345523e-18,1.498514466220512986e-04
1762817456.441614389,2.266431244617983657e-18,-6.313769940353447602e-18,1.498343481216579676e-04
1762817456.462106943,1.191516345857494910e-18,-3.131772180369920158e-18,1.497179473517462611e-04
1762817456.481544018,2.262245297128159060e-18,-6.301379188367709524e-18,1.498336641816422343e-04
1762817456.501425982,2.265463236506143476e-18,-6.310905413892176468e-18,1.498338242527097464e-04
1762817456.521845579,2.268521736821058296e-18,-6.319958492106263079e-18,1.498339843237772584e-04
1762817456.541376352,2.271384815716257463e-18,-6.328434198252787677e-18,1.498341880505904555e-04
1762817456.561538696,2.274054954733578637e-18,-6.336339149776650686e-18,1.498343626735731959e-04
1762817456.581639051,6.787061386955516798e-19,-1.613734973103549379e-18,1.496642507845535874e-04
1762817456.601480246,2.278850947925161091e-18,-6.350536877810510853e-18,1.498345955042168498e-04
1762817456.620539427,7.177999352157265972e-19,-1.729462090293086993e-18,1.496681506978347898e-04
1762817456.640414715,6.796533638945014656e-19,-1.616539528970410420e-18,1.496643526479601860e-04
1762817456.660457134,6.777126947798754935e-19,-1.610794863013806212e-18,1.496641634730622172e-04
1762817456.680572748,6.781501699263394760e-19,-1.612089814262757976e-18,1.496641634730622172e-04
1762817456.700467825,6.787116704658981281e-19,-1.613752033703683286e-18,1.496642071288079023e-04
1762817456.720467806,6.792486657798098968e-19,-1.615341668045857067e-18,1.496642362326383591e-04
1762817456.740582466,6.797521602789132678e-19,-1.616831833919371346e-18,1.496642798883840442e-04
1762817456.760813475,6.802193105298525902e-19,-1.618214983301136577e-18,1.496642944402992725e-04
1762817456.780384302,6.806555449053977432e-19,-1.619506005442178715e-18,1.496643380960449576e-04
1762817456.800947428,6.810572961891570918e-19,-1.620695387765453400e-18,1.496643526479601860e-04
1762817456.821577549,6.814252881641666200e-19,-1.621784888029762306e-18,1.496643817517906427e-04
1762817456.841887474,6.889266272478920360e-19,-1.643990241381018627e-18,1.496651530032977462e-04
1762817456.861461639,6.793758447989899248e-19,-1.615717931826992125e-18,1.496642216807231307e-04
1762817456.881723642,6.791964500036424869e-19,-1.615186778476156512e-18,1.496642071288079023e-04
1762817456.901360035,6.796142796105583350e-19,-1.616423516889499858e-18,1.496642216807231307e-04
1762817456.921443462,6.800459127939461618e-19,-1.617701407538317716e-18,1.496642653364688158e-04
1762817456.943678379,2.283454414829171828e-18,-6.364165505582934537e-18,1.498346682637929916e-04
1762817456.961919308,6.808332336407317904e-19,-1.620032092311762441e-18,1.496643235441297293e-04
1762817456.981950521,1.204240038039785582e-18,-3.169437849562522273e-18,1.497185876360163093e-04
1762817457.001959562,6.815150889594169080e-19,-1.622050206211238690e-18,1.496643817517906427e-04
1762817457.021831512,1.205506141364874560e-18,-3.173185598122846903e-18,1.497186749475076795e-04
1762817457.041345835,1.206065212061383838e-18,-3.174840993323718649e-18,1.497187040513381362e-04
1762817457.061434269,8.040679971661655367e-19,-1.984835182662322137e-18,1.496770128142088652e-04
1762817457.081520319,7.750798144907626737e-19,-1.899023465916071046e-18,1.496741169830784202e-04
1762817457.101349592,6.716467208540827188e-19,-1.592837702493469103e-18,1.496638578828424215e-04
1762817457.121611118,6.662367011540444949e-19,-1.576822865448983072e-18,1.496634358773007989e-04
1762817457.141389608,7.665725720833844915e-19,-1.873839952166894118e-18,1.496734184911474586e-04
1762817457.161986828,1.067218396750989101e-18,-2.763821357595866484e-18,1.497048069722950459e-04
1762817457.181722164,7.913289504437543494e-19,-1.947124845716642158e-18,1.496757904533296824e-04
1762817457.201423168,6.714865580079771388e-19,-1.592363831400052787e-18,1.496638578828424215e-04
1762817457.221419573,6.649694604556132565e-19,-1.573071704768631661e-18,1.496633049100637436e-04
1762817457.241309166,6.659340564474266559e-19,-1.575927235640741282e-18,1.496634358773007989e-04
1762817457.261430025,7.410440723199846668e-19,-1.798270385765274616e-18,1.496710610808804631e-04
1762817457.281480074,1.060317022105306053e-18,-2.743393098393103774e-18,1.497044577263295650e-04
1762817457.301421881,7.875171470847451442e-19,-1.935841688571112584e-18,1.496755576226860285e-04
1762817457.321379423,1.162843060501533328e-18,-3.046893523354628882e-18,1.497144985478371382e-04
1762817457.340470314,1.423632634919342267e-18,-3.818891883268478389e-18,1.497417397331446409e-04
1762817457.360507488,7.827303562774773421e-19,-1.921671671087772944e-18,1.496749464422464371e-04
1762817457.381014585,6.627928897700448179e-19,-1.566628898375032698e-18,1.496630866313353181e-04
1762817457.402389288,1.045648524905326644e-18,-2.699971492908051416e-18,1.497029152233153582e-04
1762817457.420428038,1.174334977354155972e-18,-3.080913807587709804e-18,1.497158518759533763e-04
1762817457.442032337,1.152477867040784477e-18,-3.016210706098046288e-18,1.497136690886691213e-04
1762817457.461522341,1.209056193758799016e-18,-3.183695754985945672e-18,1.497203775215893984e-04
1762817457.481475592,1.946706705916996603e-18,-5.367314019373336102e-18,1.498004712630063295e-04
1762817457.501989841,7.771091470272966734e-19,-1.905031278705043686e-18,1.496747281635180116e-04
1762817457.521504641,1.148279098251465308e-18,-3.003780869828365079e-18,1.497134944656863809e-04
1762817457.542434216,1.209884718539847443e-18,-3.186147931911859123e-18,1.497206249041482806e-04
1762817457.560488701,1.959581358561078202e-18,-5.405424298145185470e-18,1.498023921158164740e-04
1762817457.580439806,2.203555798691756056e-18,-6.127646444313197122e-18,1.498281926615163684e-04
1762817457.600421667,1.210058323070907010e-18,-3.186662024662560830e-18,1.497209304943680763e-04
1762817457.620601177,1.152017954620204993e-18,-3.014849373604937143e-18,1.497153716627508402e-04
1762817457.640481472,1.950503464928615000e-18,-5.378552922356094089e-18,1.498017518315464258e-04
1762817457.660421371,2.002120569127689618e-18,-5.531350965877808191e-18,1.498067722423002124e-04
1762817457.680433750,1.203169769724718533e-18,-3.166269747816444177e-18,1.497202465543523431e-04
1762817457.700450897,1.156974627645775873e-18,-3.029521489720096471e-18,1.497158082202076912e-04
1762817457.720393896,1.158213537408227170e-18,-3.033188794965850319e-18,1.497159973951056600e-04
1762817457.740688562,1.162353679771631643e-18,-3.045444923306895392e-18,1.497164194006472826e-04
1762817457.760396004,1.166437056865499664e-18,-3.057532720393285924e-18,1.497167831985279918e-04
1762817457.781477928,1.183947229662328431e-18,-3.109367166298308850e-18,1.497186312917619944e-04
1762817457.801460743,1.168721936512524265e-18,-3.064296989852438308e-18,1.497170305810868740e-04
1762817457.821505547,1.171135752937530569e-18,-3.071441969188518222e-18,1.497171615483239293e-04
1762817457.841404915,1.174505790150648173e-18,-3.081417974171060874e-18,1.497174089308828115e-04
1762817457.861538172,1.177725694082587402e-18,-3.090950610345275104e-18,1.497175981057807803e-04
1762817457.881930828,1.180726188357046941e-18,-3.099832462172563238e-18,1.497177727287635207e-04
1762817457.901662111,1.183518233117143117e-18,-3.108097237262886814e-18,1.497179327998310328e-04
1762817457.921460390,1.186102552145911913e-18,-3.115747003567777214e-18,1.497180637670680881e-04
1762817457.941940308,1.188494448284685562e-18,-3.122828083201537408e-18,1.497181801823899150e-04
1762817457.961871862,2.257559112162893020e-18,-6.287509437446726633e-18,1.498342171544209123e-04
1762817457.981846809,2.261755192615221391e-18,-6.299931208705435449e-18,1.498343772254884243e-04
1762817458.001620054,2.265615024148546957e-18,-6.311355813735711591e-18,1.498345955042168498e-04
1762817458.021497965,1.196318025915788667e-18,-3.145987072401490800e-18,1.497185585321858525e-04
1762817458.041488647,2.272394803244184710e-18,-6.331426110528391978e-18,1.498348283348605037e-04
1762817458.061929703,1.199316245443563685e-18,-3.154862720374184787e-18,1.497186749475076795e-04
1762817458.081603765,2.278057061332263323e-18,-6.348186857690247701e-18,1.498350757174193859e-04
1762817458.101336956,2.280511513004861294e-18,-6.355452812190913497e-18,1.498351484769955277e-04
1762817458.121459484,2.282735594876863247e-18,-6.362036342686223044e-18,1.498352939961478114e-04
1762817458.141945601,2.284745230175060828e-18,-6.367986666422623248e-18,1.498353667557239532e-04
1762817458.161432266,2.286559444053542756e-18,-6.373357136549623781e-18,1.498353813076391816e-04
1762817458.181427002,1.241636459943001687e-18,-3.280140878506565934e-18,1.497233752161264420e-04
1762817458.201419830,1.374091650660199179e-18,-3.672239378107727007e-18,1.497369667049497366e-04
1762817458.221437216,2.210516523546389783e-18,-6.148252754142811871e-18,1.498269994044676423e-04
1762817458.241420507,1.230978030955102787e-18,-3.248590555582568353e-18,1.497221819590777159e-04
1762817458.261340380,2.194149100765803025e-18,-6.099803131304355934e-18,1.498254277976229787e-04
1762817458.281397581,2.203571515123394563e-18,-6.127695661559644027e-18,1.498268975410610437e-04
1762817458.301699162,2.230954088531043715e-18,-6.208753157735246591e-18,1.498301571700721979e-04
1762817458.321936369,2.237386038179102920e-18,-6.227794028255604735e-18,1.498310593888163567e-04
1762817458.341451168,2.242075118276512895e-18,-6.241674118934244540e-18,1.498316996730864048e-04
1762817458.361548424,2.246424640732469853e-18,-6.254550425939551245e-18,1.498322380939498544e-04
1762817458.381454706,2.250528283751345423e-18,-6.266697573234892457e-18,1.498326600994914770e-04
1762817458.401395559,2.254395973500490243e-18,-6.278146166502932636e-18,1.498330530012026429e-04
1762817458.421423435,2.035001618862131883e-18,-5.628687376508454340e-18,1.498095080023631454e-04
1762817458.441519737,1.409069913440193076e-18,-3.775782952054971075e-18,1.497409684816375375e-04
1762817458.461451292,1.173599820584749469e-18,-3.078736047830010820e-18,1.497171178925782442e-04
1762817458.482017279,1.161791196955095584e-18,-3.043780015528979286e-18,1.497161283623427153e-04
1762817458.501524210,2.181989752556426656e-18,-6.063806712587885828e-18,1.498255587648600340e-04
1762817458.521481991,1.423194435989842300e-18,-3.817595277658301518e-18,1.497424673289060593e-04
1762817458.540412188,1.159163450944167754e-18,-3.036001622638836890e-18,1.497146295150741935e-04
1762817458.560472250,7.878344225484475148e-19,-1.936780952156666547e-18,1.496758341090753675e-04
1762817458.580411673,6.639547166391638298e-19,-1.570068211964451618e-18,1.496634795330464840e-04
1762817458.601021290,6.578154338315835430e-19,-1.551894433521202185e-18,1.496629847679287195e-04
1762817458.620328903,7.572000470564875577e-19,-1.846096314421865570e-18,1.496729382779449224e-04
1762817458.640453339,6.644263129858956247e-19,-1.571464079248134852e-18,1.496635813964530826e-04
1762817458.660429239,6.602257864377747811e-19,-1.559029486689931463e-18,1.496632175985723734e-04
1762817458.680388451,6.618153173823719929e-19,-1.563734800206862792e-18,1.496634067734703422e-04
1762817458.700515509,6.636689774363150433e-19,-1.569222109595386439e-18,1.496635959483683109e-04
1762817458.720738649,6.654268396355667963e-19,-1.574425902828957536e-18,1.496637560194358230e-04
1762817458.740442753,6.670673972842008730e-19,-1.579282590397986069e-18,1.496638869866728783e-04
1762817458.760375738,6.685940625022440547e-19,-1.583801788277092967e-18,1.496640034019947052e-04
1762817458.780406952,6.700109194939708220e-19,-1.587996110970619663e-18,1.496640907134860754e-04
1762817458.800427437,6.713234483309393386e-19,-1.591881068115051526e-18,1.496641780249774456e-04
1762817458.820434332,6.725373358798609067e-19,-1.595474444093558448e-18,1.496642362326383591e-04
1762817458.840614796,6.736582173086585438e-19,-1.598792472325661780e-18,1.496642944402992725e-04
1762817458.860543966,6.746898149300887384e-19,-1.601846423147207558e-18,1.496643526479601860e-04
1762817458.880414248,6.756398835623941753e-19,-1.604658733832311283e-18,1.496643817517906427e-04
1762817458.900983810,6.765114217352953591e-19,-1.607238503367711038e-18,1.496644108556210995e-04
1762817458.920471191,6.773067041954768106e-19,-1.609592555993460386e-18,1.496644545113667846e-04
1762817458.940418959,6.780361740981720119e-19,-1.611752117777683203e-18,1.496644690632820129e-04
1762817458.961019993,6.787006069252052314e-19,-1.613719360069487441e-18,1.496644981671124697e-04
1762817458.980572939,1.275055280473179989e-18,-3.379069198226070385e-18,1.497265911893919110e-04
1762817459.000934839,1.213865835430488596e-18,-3.197934014869820938e-18,1.497203775215893984e-04
1762817459.020745516,1.190914571961862583e-18,-3.129991880896552904e-18,1.497180928708985448e-04
1762817459.040734768,1.190956861570679356e-18,-3.130116785169048411e-18,1.497180346632376313e-04
1762817459.060926914,1.192439996408986935e-18,-3.134507046270173605e-18,1.497181074228137732e-04
1762817459.080659151,1.193928507921276108e-18,-3.138913644188396722e-18,1.497182092862203717e-04
1762817459.100380182,1.195333474191697426e-18,-3.143073535488925898e-18,1.497182965977117419e-04
1762817459.120520115,1.196645692835936235e-18,-3.146957562055168640e-18,1.497183693572878838e-04
1762817459.140641212,1.197870437130397561e-18,-3.150583094679988560e-18,1.497184421168640256e-04
1762817459.160417318,1.199010912399955048e-18,-3.153958198374358051e-18,1.497184857726097107e-04
1762817459.180467844,1.200068876403410371e-18,-3.157090317763790090e-18,1.497185585321858525e-04
1762817459.200475931,1.201046707285024619e-18,-3.159985449907725687e-18,1.497185876360163093e-04
1762817459.220389366,1.201951642875157631e-18,-3.162664067526325529e-18,1.497186603955924511e-04
1762817459.240357399,6.988197590728145316e-19,-1.673276053980575726e-18,1.496666372986510396e-04
1762817459.261329174,1.136940106414588405e-18,-2.970213880570963216e-18,1.497122138971462846e-04
1762817459.281415701,1.189015468673017400e-18,-3.124369534273029975e-18,1.497174089308828115e-04
1762817459.301528692,1.193721092382678436e-18,-3.138298635402963546e-18,1.497178600402548909e-04
1762817459.321441174,1.195208983509508195e-18,-3.142703992550267833e-18,1.497179910074919462e-04
1762817459.341402769,1.196422043877817210e-18,-3.146295610769973079e-18,1.497180928708985448e-04
1762817459.361364126,6.961751075581176484e-19,-1.665447409868220734e-18,1.496663753641769290e-04
1762817459.381537914,6.645804270737719107e-19,-1.571919855765651570e-18,1.496633776696398854e-04
1762817459.401441813,1.159928179420473028e-18,-3.038264581999628835e-18,1.497144694440066814e-04
1762817459.421450377,6.936723692172618940e-19,-1.658038663314312973e-18,1.496661279816180468e-04
1762817459.440671206,2.349445022942274132e-18,-6.559512065453151276e-18,1.498424680903553963e-04
1762817459.461137056,1.428116677622415660e-18,-3.832165650558116824e-18,1.497425400884822011e-04
1762817459.480574131,7.645129440569157371e-19,-1.867743631052378304e-18,1.496733166277408600e-04
1762817459.500435114,1.168696500708688259e-18,-3.064220889236083429e-18,1.497164194006472826e-04
1762817459.520900011,2.170601957063409124e-18,-6.030094966723287186e-18,1.498238270869478583e-04
1762817459.541404486,8.245804736950438015e-19,-2.045557477454074207e-18,1.496794429840520024e-04
1762817459.561446190,1.363057785071777773e-18,-3.639575670079233050e-18,1.497363118687644601e-04
1762817459.581430674,6.598158150466781867e-19,-1.557815599141009895e-18,1.496630429755896330e-04
1762817459.601526737,2.157083964697914408e-18,-5.990080931771647025e-18,1.498229830758646131e-04
1762817459.621440172,7.850738106516283541e-19,-1.928608821294948910e-18,1.496756012784317136e-04
1762817459.641415119,1.359497082727466697e-18,-3.629036148304388648e-18,1.497361226938664913e-04
1762817459.661890268,1.162922986828221264e-18,-3.047130097009819048e-18,1.497162011219188571e-04
1762817459.681400061,1.154315138578841320e-18,-3.021649005035276168e-18,1.497155608376488090e-04
1762817459.701451778,1.157998470448963383e-18,-3.032552693074797041e-18,1.497160410508513451e-04
1762817459.721464157,1.162242940967126107e-18,-3.045117359784324393e-18,1.497165067121386528e-04
1762817459.741358519,1.166278238187889483e-18,-3.057063295395662081e-18,1.497169141657650471e-04
1762817459.761435747,1.170054524479347192e-18,-3.068242020988856835e-18,1.497172488598152995e-04
1762817459.781352997,1.173578003696093383e-18,-3.078672354922844237e-18,1.497175253462046385e-04
1762817459.801544428,1.176862427715811749e-18,-3.088395449433098801e-18,1.497177581768482924e-04
1762817459.821501732,1.179913690200366729e-18,-3.097427641336718448e-18,1.497179764555767179e-04
1762817459.841544390,1.182742441100144946e-18,-3.105802017858205301e-18,1.497181510785594583e-04
1762817459.861434698,1.185357986197037619e-18,-3.113544635186854778e-18,1.497182820457965136e-04
1762817459.881498337,1.187774697754187859e-18,-3.120698299919366500e-18,1.497184130130335689e-04
1762817459.901468754,1.190001261168027471e-18,-3.127289275040189024e-18,1.497185294283553958e-04
1762817459.921454906,1.192049463762285337e-18,-3.133352922520508993e-18,1.497186021879315376e-04
1762817459.941535950,1.193925922981861880e-18,-3.138907440333802574e-18,1.497186749475076795e-04
1762817459.961422443,1.195642219355332843e-18,-3.143987983656103270e-18,1.497187477070838213e-04
1762817459.981499672,1.197211277579769368e-18,-3.148633223181047935e-18,1.497187913628295064e-04
1762817460.001436949,1.198644057798287781e-18,-3.152873764591301032e-18,1.497188495704904199e-04
1762817460.021403551,1.199945729889716539e-18,-3.156727392270032449e-18,1.497188932262361050e-04
1762817460.041527987,1.201127253997171970e-18,-3.160225332285366065e-18,1.497189368819817901e-04
1762817460.061433315,1.202197418914662449e-18,-3.163393434031444161e-18,1.497189368819817901e-04
1762817460.081380367,1.203162118304052418e-18,-3.166249481891436628e-18,1.497189659858122468e-04
1762817460.102404356,1.204035207440602138e-18,-3.168834214510511701e-18,1.497190096415579319e-04
1762817460.120477915,2.316601196335396753e-18,-6.462289805747037445e-18,1.498390774941071868e-04
1762817460.140366316,2.277252214596249227e-18,-6.345807472658238917e-18,1.498349301982671022e-04
1762817460.160424471,2.276585713817684625e-18,-6.343835887668218776e-18,1.498347846791148186e-04
1762817460.181028366,2.278350296859413371e-18,-6.349059946826797422e-18,1.498348428867757320e-04
1762817460.200477362,2.280144038017734611e-18,-6.354371273540000413e-18,1.498349738540127873e-04
1762817460.220396996,2.281814529264785451e-18,-6.359315745651536136e-18,1.498350611655041575e-04
1762817460.240374088,2.057430621171507228e-18,-5.695086405049004701e-18,1.498110650572925806e-04
1762817460.260433435,2.036785227057949349e-18,-5.633971819851749357e-18,1.498088095104321837e-04
1762817460.280500889,1.218456998022887607e-18,-3.211527073875904842e-18,1.497210469096899033e-04
1762817460.300387144,1.978779186602668283e-18,-5.462260705214316554e-18,1.498031488154083490e-04
1762817460.320317268,2.025175953955920744e-18,-5.599606187712927546e-18,1.498077763244509697e-04
1762817460.340379000,1.214742129891911960e-18,-3.200530328017471753e-18,1.497207995271310210e-04
1762817460.360454321,1.166856230640910911e-18,-3.058776800034565677e-18,1.497162738814949989e-04
1762817460.380433321,1.167106659571361340e-18,-3.059518160658566328e-18,1.497165067121386528e-04
1762817460.400346518,1.170362649257523195e-18,-3.069156469156034207e-18,1.497169287176802754e-04
1762817460.420616388,1.173617708365495928e-18,-3.078792089316511288e-18,1.497172925155609846e-04
1762817460.440364599,1.176678483427095269e-18,-3.087851991770651462e-18,1.497175835538655519e-04
1762817460.461472750,1.193459289718805403e-18,-3.137527289481757848e-18,1.497194025432690978e-04
1762817460.481469870,1.177139326425863875e-18,-3.089217046576517096e-18,1.497177436249330640e-04
1762817460.501424789,1.178676434799140538e-18,-3.093766953535865024e-18,1.497178163845092058e-04
1762817460.521406889,1.181236041807109313e-18,-3.101343721151697620e-18,1.497179764555767179e-04
1762817460.541427612,1.183707760874994329e-18,-3.108660340464882288e-18,1.497181219747290015e-04
1762817460.561478376,1.186020040879809749e-18,-3.115505880419218007e-18,1.497182529419660568e-04
1762817460.581486464,1.188175259965816662e-18,-3.121885510893533233e-18,1.497183693572878838e-04
1762817460.601443052,1.190178484614266957e-18,-3.127816189090385303e-18,1.497184566687792540e-04
1762817460.621393681,1.192038400221592440e-18,-3.133321076066925702e-18,1.497185585321858525e-04
1762817460.640352488,6.755121875553313016e-19,-1.604281746268140241e-18,1.496643526479601860e-04
1762817460.662033319,2.422364716251580010e-18,-6.775377254008052143e-18,1.498522033216431737e-04
1762817460.682132483,1.188915586614051622e-18,-3.124076505541033065e-18,1.497181074228137732e-04
1762817460.702041388,1.185606864163839511e-18,-3.114281239522333249e-18,1.497177145211026073e-04
1762817460.721951485,1.187219762960741346e-18,-3.119054898837376772e-18,1.497178018325939775e-04
1762817460.741626501,1.189063962136428321e-18,-3.124514290880226754e-18,1.497179036960005760e-04
1762817460.761961460,4.308878936559164757e-19,-8.801358881880599536e-19,1.496389886597171426e-04
1762817460.781447887,7.911768526086211614e-19,-1.946676307029485279e-18,1.496756158303469419e-04
1762817460.802037239,6.735350190961764272e-19,-1.598428512856138448e-18,1.496638578828424215e-04
1762817460.821463346,1.165417143170221781e-18,-3.054514751928386202e-18,1.497142075095325708e-04
1762817460.841426134,6.961359715753862333e-19,-1.665332638558229001e-18,1.496659388067200780e-04
1762817460.860400915,1.136172172613409488e-18,-2.967943269789505155e-18,1.497113553341478109e-04
1762817460.880421162,7.914584042096188982e-19,-1.947509484701479316e-18,1.496755285188555717e-04
1762817460.900485039,1.059348393608006457e-18,-2.740526710775454395e-18,1.497036137152463198e-04
1762817460.920511484,6.842726506277272795e-19,-1.630214375459560504e-18,1.496649201726540923e-04
1762817460.940429926,7.591898817187721504e-19,-1.851986667563855680e-18,1.496724435128271580e-04
1762817460.960391283,7.629455401937043188e-19,-1.863104595382027787e-18,1.496728073107078671e-04
1762817460.980525017,6.639378628341830619e-19,-1.570018064139815590e-18,1.496630429755896330e-04
1762817461.001024008,6.593650533116250712e-19,-1.556481873800844707e-18,1.496627373853698373e-04
1762817461.020422220,6.609778487109503369e-19,-1.561256050103771075e-18,1.496629847679287195e-04
1762817461.040422201,6.628908589738440671e-19,-1.566918928577309103e-18,1.496632175985723734e-04
1762817461.060581923,1.171447393233309922e-18,-3.072365516342433678e-18,1.497167249908670783e-04
1762817461.080522776,1.174831492516840927e-18,-3.082383707536216534e-18,1.497170596849173307e-04
1762817461.100884914,1.177992253034982615e-18,-3.091740567830263245e-18,1.497173507232218981e-04
1762817461.120923042,1.180944770833914078e-18,-3.100480764977651674e-18,1.497176126576960087e-04
1762817461.140523195,1.183691217262743268e-18,-3.108610502832975968e-18,1.497178163845092058e-04
1762817461.160378695,1.186239657332442578e-18,-3.116153976429153304e-18,1.497180055594071746e-04
1762817461.180437803,1.188604256511001976e-18,-3.123154199158036439e-18,1.497181510785594583e-04
1762817461.202179193,1.264715316021114004e-18,-3.348460827224617564e-18,1.497259218012914062e-04
1762817461.221929073,1.191327128292373405e-18,-3.131214867432212555e-18,1.497183693572878838e-04
1762817461.241505146,1.188506855993873857e-18,-3.122865719919408570e-18,1.497180201113224030e-04
1762817461.261368513,6.741926793819443688e-19,-1.600375282427781999e-18,1.496641198173165321e-04
1762817461.281712055,1.192162270518322256e-18,-3.133686896692827278e-18,1.497182092862203717e-04
1762817461.300400972,1.268083698873006502e-18,-3.358432489508944312e-18,1.497259072493761778e-04
1762817461.320472717,1.194120000233082134e-18,-3.139482330859526928e-18,1.497182965977117419e-04
1762817461.340355158,1.190969682870173928e-18,-3.130156283043297818e-18,1.497179327998310328e-04
1762817461.360472918,1.192430690627095713e-18,-3.134481196876031323e-18,1.497180201113224030e-04
1762817461.380494595,1.194086189225544029e-18,-3.139381828415101736e-18,1.497181074228137732e-04
1762817461.400370598,1.195646458655972177e-18,-3.144000391365291566e-18,1.497182092862203717e-04
1762817461.420384169,1.197100848967993538e-18,-3.148305246068170660e-18,1.497182965977117419e-04
1762817461.440473557,1.198449360161608112e-18,-3.152296392523739018e-18,1.497183693572878838e-04
1762817461.460455179,1.199697472308374061e-18,-3.155991408320013393e-18,1.497184421168640256e-04
1762817461.480481386,1.200847460154975908e-18,-3.159396290516434793e-18,1.497185148764401674e-04
1762817461.500427961,1.201906147941467214e-18,-3.162530271062245077e-18,1.497185585321858525e-04
1762817461.520422459,1.202882117666703218e-18,-3.165419199351586526e-18,1.497186312917619944e-04
1762817461.540564537,1.203775472728260488e-18,-3.168063488974765417e-18,1.497186749475076795e-04
1762817461.560424328,1.204590142234048651e-18,-3.170474927255510631e-18,1.497187040513381362e-04
1762817461.580441713,1.205333984399886961e-18,-3.172677295636433067e-18,1.497187477070838213e-04
1762817461.600401163,1.206011135128838183e-18,-3.174681761055802192e-18,1.497187913628295064e-04
1762817461.620898247,1.206620974035442903e-18,-3.176487703128158589e-18,1.497188204666599631e-04
1762817461.640566826,1.207173220491898618e-18,-3.178122625608869649e-18,1.497188495704904199e-04
1762817461.660881281,1.207669528859430435e-18,-3.179591077991304411e-18,1.497188932262361050e-04
1762817461.681994200,1.283225239985789674e-18,-3.403254304975895808e-18,1.497265911893919110e-04
1762817461.701438904,1.206970251049093419e-18,-3.177521678893849874e-18,1.497188932262361050e-04
1762817461.721549511,1.202585263224373250e-18,-3.164540526745902072e-18,1.497184712206944823e-04
1762817461.741982222,1.202947464935094907e-18,-3.165612346024617658e-18,1.497185148764401674e-04
1762817461.761547804,1.203585841572832706e-18,-3.167502453724301326e-18,1.497185439802706242e-04
1762817461.781905651,1.204202401321914419e-18,-3.169327214155593305e-18,1.497185876360163093e-04
1762817461.801556110,1.204780703967665555e-18,-3.171039478023578073e-18,1.497186603955924511e-04
1762817461.820382118,2.317747255074088973e-18,-6.465680419077892305e-18,1.498383062426000834e-04
1762817461.840421200,2.277940428865893346e-18,-6.347843577736038195e-18,1.498342317063361406e-04
1762817461.860472679,2.276916172472399559e-18,-6.344810306429806242e-18,1.498340716352686286e-04
1762817461.880682707,2.278390208323969055e-18,-6.349175338522248570e-18,1.498342171544209123e-04
1762817461.902511835,1.276142712785957513e-18,-3.382287551194361077e-18,1.497260236646980047e-04
1762817461.920360327,2.308228474175135007e-18,-6.437502511511273418e-18,1.498379278928041458e-04
1762817461.940548420,2.259257520755617524e-18,-6.292538281980742765e-18,1.498329656897112727e-04
1762817461.960541725,2.258669188544939183e-18,-6.290796239610706088e-18,1.498328492743894458e-04
1762817461.980499506,2.261203669941801660e-18,-6.298299594947174602e-18,1.498330530012026429e-04
1762817462.001498938,2.293359489074188058e-18,-6.393487817527020539e-18,1.498366182204335928e-04
1762817462.021591425,2.255536448770047729e-18,-6.281523544943986648e-18,1.498327328590676188e-04
1762817462.041407347,2.256015179549562794e-18,-6.282942159694515091e-18,1.498327474109828472e-04
1762817462.060422421,7.118041165456359761e-19,-1.711714103070149231e-18,1.496676559327170253e-04
1762817462.080427408,6.742696071789118004e-19,-1.600603274084116927e-18,1.496639160905033350e-04
1762817462.100412607,6.726178825920082578e-19,-1.595713912880892549e-18,1.496637705713510513e-04
1762817462.120869875,6.733203140284306320e-19,-1.597793238145697723e-18,1.496638142270967364e-04
1762817462.140596390,6.741432553403443254e-19,-1.600229285049666389e-18,1.496638869866728783e-04
1762817462.160457373,6.749357977647466950e-19,-1.602575582857173052e-18,1.496639451943337917e-04
1762817462.180424452,1.193258491625108156e-18,-3.136933167006791635e-18,1.497178745921701193e-04
1762817462.200755596,6.763986149792584399e-19,-1.606905769966311583e-18,1.496640616096556187e-04
1762817462.220470428,1.196008246776387558e-18,-3.145072831029466566e-18,1.497180928708985448e-04
1762817462.240926027,6.776973402397549779e-19,-1.610750195260728348e-18,1.496641489211469889e-04
1762817462.261273861,1.198439640789410614e-18,-3.152269509153831045e-18,1.497182529419660568e-04
1762817462.280356407,7.996841467147876282e-19,-1.971859407188355930e-18,1.496767363278195262e-04
1762817462.300403357,1.065620180409960082e-18,-2.759092986419360239e-18,1.497047633165493608e-04
1762817462.320591450,1.186963233573273339e-18,-3.118296787805971922e-18,1.497169723734259605e-04
1762817462.340392351,1.088830248012738624e-18,-2.827800055664086686e-18,1.497069461038336158e-04
1762817462.361404657,1.079977140711736707e-18,-2.801592492316569110e-18,1.497060438850894570e-04
1762817462.380624533,1.270298888553423510e-18,-3.364988929839192748e-18,1.497255725553259254e-04
1762817462.400460958,1.184770067576665555e-18,-3.111804040382890069e-18,1.497170742368325591e-04
1762817462.420412779,1.181285465848709357e-18,-3.101488891349200676e-18,1.497168414061889052e-04
1762817462.440847874,1.183160891092520209e-18,-3.107039686849737768e-18,1.497170742368325591e-04
1762817462.460476398,1.185280127821881066e-18,-3.113312817820186792e-18,1.497173216193914413e-04
1762817462.480468512,1.187308684876590797e-18,-3.119317942272168635e-18,1.497175253462046385e-04
1762817462.501449823,1.203226638391831554e-18,-3.166439733432323824e-18,1.497192570241168141e-04
1762817462.521588087,1.185856776106407095e-18,-3.115019911809343103e-18,1.497175253462046385e-04
1762817462.541452408,1.186589658129129077e-18,-3.117189192965763418e-18,1.497175835538655519e-04
1762817462.561404943,1.188425999088996799e-18,-3.122625423951461916e-18,1.497177290730178356e-04
1762817462.581460238,1.190228115451020139e-18,-3.127960325312122668e-18,1.497178454883396626e-04
1762817462.600640535,1.205955403835067423e-18,-3.174516324933291586e-18,1.497195189585909247e-04
1762817462.620409727,1.188334699028886258e-18,-3.122354935891157076e-18,1.497177290730178356e-04
1762817462.640720129,1.188874330981000540e-18,-3.123953255629762663e-18,1.497177290730178356e-04
1762817462.660817146,1.190531690735827100e-18,-3.128859470637967809e-18,1.497178454883396626e-04
1762817462.680457354,1.192169198155952387e-18,-3.133707162617834828e-18,1.497179473517462611e-04
1762817462.700505018,7.960628533906070422e-19,-1.961139353244821830e-18,1.496765762567520142e-04
1762817462.720458508,1.060936683781684839e-18,-2.745227578196593251e-18,1.497045304859057069e-04
1762817462.740954876,7.858615967875085438e-19,-1.930940643441735895e-18,1.496754848631098866e-04
1762817462.760414362,1.176596592546452519e-18,-3.087607973489948319e-18,1.497171906521543860e-04
1762817462.781355619,1.058363531691185509e-18,-2.737610278730745558e-18,1.497044577263295650e-04
1762817462.801482677,1.206965598158147808e-18,-3.177506996437977058e-18,1.497203920735046268e-04
1762817462.821960688,1.354103037953008403e-18,-3.613069080940277554e-18,1.497354678576812148e-04
1762817462.842209101,6.634004539299650167e-19,-1.568426878833993272e-18,1.496633631177246571e-04
1762817462.861402988,1.049701606509259910e-18,-2.711968713717367391e-18,1.497035991633310914e-04
1762817462.881491661,7.837068429905961913e-19,-1.924562253738339499e-18,1.496753829997032881e-04
1762817462.901530743,1.174352037954289879e-18,-3.080963231629309847e-18,1.497171324444934726e-04
1762817462.921949387,1.162875320545422896e-18,-3.046989476305685033e-18,1.497161574661731720e-04
1762817462.941588640,1.165835696560173613e-18,-3.055753454895684361e-18,1.497165503678843379e-04
1762817462.961365223,1.169523267730935010e-18,-3.066669137054087253e-18,1.497169432695955038e-04
1762817462.981615543,1.173035269816682028e-18,-3.077065763378113119e-18,1.497172779636457562e-04
1762817463.001429081,1.176319280246094117e-18,-3.086787823912601992e-18,1.497175398981198668e-04
1762817463.021425247,1.179373954850675879e-18,-3.095830355573878552e-18,1.497177872806787491e-04
1762817463.041390419,1.182215216857218960e-18,-3.104240714452011461e-18,1.497179910074919462e-04
1762817463.060416222,1.258445183580385486e-18,-3.329899307869233899e-18,1.497258053859695792e-04
1762817463.081012964,1.185969065874561168e-18,-3.115352231620436282e-18,1.497183402534574270e-04
1762817463.100825787,1.183539429620339788e-18,-3.108160102989440844e-18,1.497179764555767179e-04
1762817463.120945454,1.185624958739739109e-18,-3.114333765491230366e-18,1.497180783189833164e-04
1762817463.140505314,1.187857105622713454e-18,-3.120941284224303951e-18,1.497181801823899150e-04
1762817463.160813093,1.189948011416094370e-18,-3.127131283543191396e-18,1.497182965977117419e-04
1762817463.180408716,1.191886198988882683e-18,-3.132868815067012334e-18,1.497183693572878838e-04
1762817463.200468779,1.193684386242996396e-18,-3.138191722308791067e-18,1.497184857726097107e-04
1762817463.220480204,1.195344744527543461e-18,-3.143106209123121743e-18,1.497185294283553958e-04
1762817463.240385056,2.270370899080420589e-18,-6.325434427761364122e-18,1.498348283348605037e-04
1762817463.260587215,2.273275337006247408e-18,-6.334032556638546568e-18,1.498349884059280157e-04
1762817463.280436993,2.275944648842956028e-18,-6.341934199439959365e-18,1.498350611655041575e-04
1762817463.300519943,1.200758538239126458e-18,-3.159133247081642930e-18,1.497187477070838213e-04
1762817463.320542336,1.201840904070652094e-18,-3.162337331184367083e-18,1.497187913628295064e-04
1762817463.341057539,2.282672729150309217e-18,-6.361852708590236272e-18,1.498353085480630398e-04
1762817463.360442162,2.284535953480084912e-18,-6.367370003275964966e-18,1.498353813076391816e-04
1762817463.380343914,2.286224642700611918e-18,-6.372367828537010359e-18,1.498354540672153234e-04
1762817463.400442839,2.287753272472609913e-18,-6.376892506487675421e-18,1.498355268267914653e-04
1762817463.420812845,2.289132802939195225e-18,-6.380975469991237165e-18,1.498355413787066936e-04
1762817463.440913439,2.290375228219249873e-18,-6.384652287814035373e-18,1.498356141382828355e-04
1762817463.460565329,2.291491508455890183e-18,-6.387956874361184719e-18,1.498356141382828355e-04
1762817463.480364799,2.065570078399029021e-18,-5.719175558847773973e-18,1.498115598224103451e-04
1762817463.500342607,1.427806795085437982e-18,-3.831247893668489240e-18,1.497421180829405785e-04
1762817463.520541191,2.216029061943596298e-18,-6.164570132496339171e-18,1.498273777542635798e-04
1762817463.540533066,1.433217590267300475e-18,-3.847265419049966068e-18,1.497426710557192564e-04
1762817463.560423374,1.181839763830794254e-07,-1.038173778056261654e-07,1.505278924014419317e-04
1762817463.580397129,4.805587195733096451e-06,-4.198504939267877489e-06,1.674869563430547714e-04
1762817463.600329161,1.138305888161994517e-04,-3.168476905557326972e-05,3.285010461695492268e-04
1762817463.620465279,5.552591755986213684e-04,-1.558102230774238706e-04,1.252827001735568047e-03
1762817463.641412973,1.408513868227601051e-03,-4.259452398400753736e-04,3.135486738756299019e-03
1762817463.661394596,2.770630409941077232e-03,-9.189465199597179890e-04,6.019529420882463455e-03
1762817463.681403160,4.447778221219778061e-03,-1.488624839112162590e-03,9.033199399709701538e-03
1762817463.701386929,6.544251926243305206e-03,-2.221371512860059738e-03,1.204533316195011139e-02
1762817463.721568823,8.939144201576709747e-03,-3.033978631719946861e-03,1.430510450154542923e-02
1762817463.741447449,1.157002337276935577e-02,-3.888078266754746437e-03,1.535828877240419388e-02
1762817463.761428356,1.439580880105495453e-02,-4.757352638989686966e-03,1.502579450607299805e-02
1762817463.781525135,1.738866046071052551e-02,-5.619239062070846558e-03,1.346415467560291290e-02
1762817463.801523685,2.051553688943386078e-02,-6.443400867283344269e-03,1.115766819566488266e-02
1762817463.821400881,2.371906302869319916e-02,-7.181395776569843292e-03,8.805836550891399384e-03
1762817463.841493130,2.690580673515796661e-02,-7.764856331050395966e-03,7.193820551037788391e-03
1762817463.861504078,2.995621040463447571e-02,-8.118304423987865448e-03,6.910276133567094803e-03
1762817463.880319357,3.273639082908630371e-02,-8.547745645046234131e-03,8.116271346807479858e-03
1762817463.900448084,3.516329452395439148e-02,-8.271913044154644012e-03,1.113906409591436386e-02
1762817463.920333147,3.728359565138816833e-02,-7.699332199990749359e-03,1.523646246641874313e-02
1762817463.940620184,3.911279886960983276e-02,-6.861091125756502151e-03,1.967967860400676727e-02
1762817463.960517406,4.071158915758132935e-02,-5.810552742332220078e-03,2.368666790425777435e-02
1762817463.982463360,4.239118099212646484e-02,-4.305961541831493378e-03,2.629776485264301300e-02
1762817464.001415968,4.333986714482307434e-02,-3.359852358698844910e-03,2.722458541393280029e-02
1762817464.021468639,4.456717893481254578e-02,-1.950724399648606777e-03,2.810418978333473206e-02
1762817464.041412592,4.564445465803146362e-02,-4.642374697141349316e-04,2.770080976188182831e-02
1762817464.061576366,4.655235260725021362e-02,1.168987597338855267e-03,2.643316984176635742e-02
1762817464.081475258,4.736628383398056030e-02,2.728722989559173584e-03,2.523433789610862732e-02
1762817464.101451635,4.800463467836380005e-02,4.354696255177259445e-03,2.427949570119380951e-02
1762817464.121510029,4.851390793919563293e-02,5.952582228928804398e-03,2.416507899761199951e-02
1762817464.141407251,4.892991483211517334e-02,7.482916116714477539e-03,2.516640350222587585e-02
1762817464.161398649,4.929321631789207458e-02,8.923578076064586639e-03,2.727640792727470398e-02
1762817464.180415154,4.963681846857070923e-02,1.026594359427690506e-02,3.029288724064826965e-02
1762817464.201523781,4.998426139354705811e-02,1.151438895612955093e-02,3.385058045387268066e-02
1762817464.221424818,5.034996569156646729e-02,1.268165558576583862e-02,3.749357908964157104e-02
1762817464.241471052,5.080005526542663574e-02,1.378477923572063446e-02,4.056938365101814270e-02
1762817464.261504889,5.115270242094993591e-02,1.481456775218248367e-02,4.330527782440185547e-02
1762817464.281420946,5.173243954777717590e-02,1.584118977189064026e-02,4.453379660844802856e-02
1762817464.301416636,5.230584368109703064e-02,1.682589575648307800e-02,4.497763141989707947e-02
1762817464.321514845,5.288437381386756897e-02,1.777146756649017334e-02,4.484529793262481689e-02
1762817464.340356588,5.321695655584335327e-02,1.840664073824882507e-02,4.448004439473152161e-02
1762817464.360443830,5.401832982897758484e-02,1.953589729964733124e-02,4.441319033503532410e-02
1762817464.380520344,5.460181087255477905e-02,2.039897255599498749e-02,4.513289779424667358e-02
1762817464.400425196,5.520810559391975403e-02,2.128975838422775269e-02,4.681704193353652954e-02
1762817464.420476675,5.573224648833274841e-02,2.217596024274826050e-02,4.945082217454910278e-02
1762817464.440361738,5.604524910449981689e-02,2.284080535173416138e-02,5.212046578526496887e-02
1762817464.460403442,5.651514604687690735e-02,2.380215562880039215e-02,5.572283640503883362e-02
1762817464.480410814,5.697829648852348328e-02,2.481326833367347717e-02,5.920442566275596619e-02
1762817464.500585556,5.734647065401077271e-02,2.583982422947883606e-02,6.257928162813186646e-02
1762817464.520395756,5.766822025179862976e-02,2.689771726727485657e-02,6.539528071880340576e-02
1762817464.540416956,5.794658511877059937e-02,2.798288501799106598e-02,6.750173121690750122e-02
1762817464.562495470,5.839620530605316162e-02,2.938829548656940460e-02,6.906294077634811401e-02
1762817464.580524206,5.827659368515014648e-02,3.019326180219650269e-02,7.008549571037292480e-02
1762817464.600450516,5.809306725859642029e-02,3.125954791903495789e-02,7.128683477640151978e-02
1762817464.620460033,5.849048495292663574e-02,3.240438923239707947e-02,7.247810810804367065e-02
1762817464.640349388,5.848240852355957031e-02,3.346527740359306335e-02,7.449938356876373291e-02
1762817464.660424471,5.839060619473457336e-02,3.448071703314781189e-02,7.724887877702713013e-02
1762817464.680406570,5.824743583798408508e-02,3.544867038726806641e-02,8.065629750490188599e-02
1762817464.700442076,5.806737020611763000e-02,3.636687621474266052e-02,8.454672992229461670e-02
1762817464.721519232,5.782707035541534424e-02,3.722679615020751953e-02,8.875370025634765625e-02
1762817464.741374731,5.707902088761329651e-02,3.788775205612182617e-02,9.418275207281112671e-02
1762817464.761365414,5.691059678792953491e-02,3.867478668689727783e-02,9.775147587060928345e-02
1762817464.781404018,5.668267607688903809e-02,3.940489143133163452e-02,1.010206788778305054e-01
1762817464.801468134,5.645383149385452271e-02,4.009537398815155029e-02,1.038473024964332581e-01
1762817464.821479797,5.622985586524009705e-02,4.074719920754432678e-02,1.063974648714065552e-01
1762817464.840463400,5.669704824686050415e-02,4.164965450763702393e-02,1.078539639711380005e-01
1762817464.860430717,5.649558454751968384e-02,4.224403947591781616e-02,1.106001883745193481e-01
1762817464.880456686,5.611621215939521790e-02,4.255764186382293701e-02,1.133580058813095093e-01
1762817464.900399208,5.591576173901557922e-02,4.307590797543525696e-02,1.169803813099861145e-01
1762817464.920528650,5.589130520820617676e-02,4.379105195403099060e-02,1.216830536723136902e-01
1762817464.940426588,5.553085729479789734e-02,4.401545971632003784e-02,1.259233653545379639e-01
1762817464.960341454,5.534131824970245361e-02,4.444737732410430908e-02,1.310746520757675171e-01
1762817464.981445789,5.529994890093803406e-02,4.507706686854362488e-02,1.370384693145751953e-01
1762817465.001492500,5.495704337954521179e-02,4.526262357831001282e-02,1.418535262346267700e-01
1762817465.021422863,5.493495985865592957e-02,4.588608071208000183e-02,1.475142687559127808e-01
1762817465.041416407,5.457756295800209045e-02,4.605663940310478210e-02,1.519842892885208130e-01
1762817465.061552048,5.453090742230415344e-02,4.666574299335479736e-02,1.570376008749008179e-01
1762817465.081374407,5.415955558419227600e-02,4.683228582143783569e-02,1.610015928745269775e-01
1762817465.101354837,5.408035591244697571e-02,4.742983728647232056e-02,1.657885462045669556e-01
1762817465.121372938,5.367682501673698425e-02,4.758535325527191162e-02,1.698232740163803101e-01
1762817465.141410351,5.339957401156425476e-02,4.794647917151451111e-02,1.746711283922195435e-01
1762817465.161381006,5.309569835662841797e-02,4.829427599906921387e-02,1.799960285425186157e-01
1762817465.181428909,5.276628583669662476e-02,4.862699657678604126e-02,1.858334094285964966e-01
1762817465.201529264,5.241477116942405701e-02,4.894506931304931641e-02,1.921263039112091064e-01
1762817465.221387386,5.204637348651885986e-02,4.924952238798141479e-02,1.987573802471160889e-01
1762817465.241448164,5.166701972484588623e-02,4.954137653112411499e-02,2.055716812610626221e-01
1762817465.261393785,5.128232762217521667e-02,4.982199147343635559e-02,2.124097198247909546e-01
1762817465.281380892,5.089722201228141785e-02,5.009249970316886902e-02,2.191404104232788086e-01
1762817465.301402330,5.051605775952339172e-02,5.035364627838134766e-02,2.256709486246109009e-01
1762817465.321375847,5.014222860336303711e-02,5.060515925288200378e-02,2.319856733083724976e-01
1762817465.341387033,4.971244558691978455e-02,5.080522969365119934e-02,2.384243607521057129e-01
1762817465.361402988,4.942486807703971863e-02,5.107280611991882324e-02,2.443289160728454590e-01
1762817465.381410837,4.908857494592666626e-02,5.128747969865798950e-02,2.506574392318725586e-01
1762817465.401552439,4.876228421926498413e-02,5.148274078965187073e-02,2.573356628417968750e-01
1762817465.421445370,4.845052585005760193e-02,5.166023969650268555e-02,2.644465565681457520e-01
1762817465.441308975,4.815421625971794128e-02,5.182066559791564941e-02,2.719979286193847656e-01
1762817465.461433649,4.787391424179077148e-02,5.196606367826461792e-02,2.799244821071624756e-01
1762817465.481507778,4.761003330349922180e-02,5.209936946630477905e-02,2.881083786487579346e-01
1762817465.501416683,4.736242443323135376e-02,5.222358554601669312e-02,2.964097857475280762e-01
1762817465.521442890,4.713053256273269653e-02,5.234161764383316040e-02,3.046921193599700928e-01
1762817465.541535854,4.687282443046569824e-02,5.235351994633674622e-02,3.113898038864135742e-01
1762817465.561461926,4.690864309668540955e-02,5.272855982184410095e-02,3.195486962795257568e-01
1762817465.581434488,4.626702144742012024e-02,5.240913480520248413e-02,3.283337056636810303e-01
1762817465.601569653,4.652144014835357666e-02,5.294710770249366760e-02,3.351295888423919678e-01
1762817465.620426893,4.576615616679191589e-02,5.251672863960266113e-02,3.446500301361083984e-01
1762817465.640385866,4.599685221910476685e-02,5.296488478779792786e-02,3.502208590507507324e-01
1762817465.660479546,4.553272202610969543e-02,5.283255130052566528e-02,3.602436184883117676e-01
1762817465.680411100,4.561742767691612244e-02,5.315936729311943054e-02,3.671366572380065918e-01
1762817465.700534582,4.542456194758415222e-02,5.325572937726974487e-02,3.760195672512054443e-01
1762817465.721553802,4.480922967195510864e-02,5.300318449735641479e-02,3.879951834678649902e-01
1762817465.742471218,4.491240903735160828e-02,5.341748148202896118e-02,3.971074521541595459e-01
1762817465.760390043,4.430700093507766724e-02,5.311537533998489380e-02,4.071913659572601318e-01
1762817465.780468702,4.407027363777160645e-02,5.318694561719894409e-02,4.164630472660064697e-01
1762817465.800419092,4.381421208381652832e-02,5.324403569102287292e-02,4.255729317665100098e-01
1762817465.820458651,4.355423152446746826e-02,5.329791828989982605e-02,4.343861639499664307e-01
1762817465.840455055,4.329359531402587891e-02,5.334936082363128662e-02,4.429379105567932129e-01
1762817465.860406876,4.363367334008216858e-02,5.389004200696945190e-02,4.476897716522216797e-01
1762817465.880383492,4.338791966438293457e-02,5.394513532519340515e-02,4.560863077640533447e-01
1762817465.900494814,4.314041510224342346e-02,5.399050563573837280e-02,4.646251201629638672e-01
1762817465.920464754,4.289665073156356812e-02,5.402743816375732422e-02,4.734225273132324219e-01
1762817465.940431118,4.266149550676345825e-02,5.405576899647712708e-02,4.825381934642791748e-01
1762817465.960508347,4.243590682744979858e-02,5.407419428229331970e-02,4.919747412204742432e-01
1762817465.980399132,4.222153127193450928e-02,5.408251658082008362e-02,5.016648173332214355e-01
1762817466.000405550,4.202011600136756897e-02,5.408096686005592346e-02,5.114920735359191895e-01
1762817466.020501137,4.183308780193328857e-02,5.407090485095977783e-02,5.213080048561096191e-01
1762817466.040541649,4.151826351881027222e-02,5.388673022389411926e-02,5.300247669219970703e-01
1762817466.060503006,4.136134311556816101e-02,5.386549979448318481e-02,5.394371151924133301e-01
1762817466.081424952,4.119474440813064575e-02,5.381566658616065979e-02,5.486748814582824707e-01
1762817466.101436377,4.109513759613037109e-02,5.381297692656517029e-02,5.571510195732116699e-01
1762817466.121485949,4.098477587103843689e-02,5.378419533371925354e-02,5.655182003974914551e-01
1762817466.141411781,4.088419675827026367e-02,5.375056341290473938e-02,5.737590193748474121e-01
1762817466.160494566,4.079182073473930359e-02,5.371265113353729248e-02,5.820438861846923828e-01
1762817466.181405306,4.067534953355789185e-02,5.363989993929862976e-02,5.907255411148071289e-01
1762817466.201450109,4.062141105532646179e-02,5.362535640597343445e-02,5.992397665977478027e-01
1762817466.221461058,4.054031148552894592e-02,5.357961729168891907e-02,6.082143187522888184e-01
1762817466.241467953,4.045775905251502991e-02,5.353225395083427429e-02,6.174079179763793945e-01
1762817466.262506485,4.052190110087394714e-02,5.365146696567535400e-02,6.276508569717407227e-01
1762817466.280422449,4.028774052858352661e-02,5.344264581799507141e-02,6.359803676605224609e-01
1762817466.300478697,4.021180793642997742e-02,5.341596901416778564e-02,6.449794173240661621e-01
1762817466.320518970,4.013128578662872314e-02,5.339197814464569092e-02,6.536937952041625977e-01
1762817466.340451717,4.005128890275955200e-02,5.337652936577796936e-02,6.620128750801086426e-01
1762817466.360489368,3.997124731540679932e-02,5.336920917034149170e-02,6.699482798576354980e-01
1762817466.382436275,3.988990560173988342e-02,5.336871370673179626e-02,6.775825619697570801e-01
1762817466.401432753,3.980063274502754211e-02,5.336799845099449158e-02,6.850803494453430176e-01
1762817466.421475887,3.971846774220466614e-02,5.338058248162269592e-02,6.924878954887390137e-01
1762817466.441572905,3.962653130292892456e-02,5.338784679770469666e-02,7.000148296356201172e-01
1762817466.461513996,3.953062742948532104e-02,5.339321866631507874e-02,7.076937556266784668e-01
1762817466.481372595,3.943262994289398193e-02,5.339585617184638977e-02,7.155160903930664062e-01
1762817466.501440763,3.933473303914070129e-02,5.339543148875236511e-02,7.234156727790832520e-01
1762817466.521408796,3.923952579498291016e-02,5.339206010103225708e-02,7.312949299812316895e-01
1762817466.541419029,3.914967179298400879e-02,5.338620394468307495e-02,7.390417456626892090e-01
1762817466.561402798,3.906766697764396667e-02,5.337855592370033264e-02,7.465414404869079590e-01
1762817466.580436707,3.865464776754379272e-02,5.300908163189888000e-02,7.541289925575256348e-01
1762817466.601479530,3.859625756740570068e-02,5.300093814730644226e-02,7.608786225318908691e-01
1762817466.621417761,3.856035321950912476e-02,5.300278961658477783e-02,7.672280073165893555e-01
1762817466.641618013,3.852304443717002869e-02,5.298912525177001953e-02,7.734149694442749023e-01
1762817466.661470175,3.881990909576416016e-02,5.331816524267196655e-02,7.793145775794982910e-01
1762817466.681465626,3.847748041152954102e-02,5.294859409332275391e-02,7.856572270393371582e-01
1762817466.701520681,3.846880048513412476e-02,5.292244255542755127e-02,7.918856143951416016e-01
1762817466.721484423,3.846928477287292480e-02,5.289378389716148376e-02,7.982053160667419434e-01
1762817466.741420746,3.847853839397430420e-02,5.286373943090438843e-02,8.045628666877746582e-01
1762817466.761484146,3.849605098366737366e-02,5.283439159393310547e-02,8.108686208724975586e-01
1762817466.780326366,3.847529739141464233e-02,5.275607109069824219e-02,8.172900676727294922e-01
1762817466.801429987,3.854839876294136047e-02,5.277985706925392151e-02,8.229823708534240723e-01
1762817466.821485996,3.860726580023765564e-02,5.278563499450683594e-02,8.285147547721862793e-01
1762817466.841396093,3.866137936711311340e-02,5.278604105114936829e-02,8.338071703910827637e-01
1762817466.861434937,3.872229158878326416e-02,5.279594287276268005e-02,8.388425111770629883e-01
1762817466.881366968,3.878866881132125854e-02,5.281510204076766968e-02,8.437051177024841309e-01
1762817466.901329994,3.885816410183906555e-02,5.284249410033226013e-02,8.484847545623779297e-01
1762817466.920432091,3.937049582600593567e-02,5.337441340088844299e-02,8.512586951255798340e-01
1762817466.940391541,3.943892940878868103e-02,5.341001227498054504e-02,8.560381531715393066e-01
1762817466.960454226,3.951120749115943909e-02,5.345657095313072205e-02,8.607984781265258789e-01
1762817466.981399059,3.956928849220275879e-02,5.349399521946907043e-02,8.656136989593505859e-01
1762817467.001538038,3.964450955390930176e-02,5.355565994977951050e-02,8.703132867813110352e-01
1762817467.021411896,3.970436379313468933e-02,5.360475555062294006e-02,8.749892115592956543e-01
1762817467.041471004,3.975627198815345764e-02,5.364939197897911072e-02,8.795419931411743164e-01
1762817467.061463356,3.980022296309471130e-02,5.368863046169281006e-02,8.839196562767028809e-01
1762817467.081551552,3.983601927757263184e-02,5.372074618935585022e-02,8.880893588066101074e-01
1762817467.101512194,3.986346721649169922e-02,5.374418571591377258e-02,8.920303583145141602e-01
1762817467.121432304,3.988270461559295654e-02,5.375796556472778320e-02,8.957474827766418457e-01
1762817467.141568422,3.989429026842117310e-02,5.376122891902923584e-02,8.992800116539001465e-01
1762817467.160384893,3.974477201700210571e-02,5.358906835317611694e-02,9.023058414459228516e-01
1762817467.180465460,3.973932191729545593e-02,5.356546118855476379e-02,9.056566357612609863e-01
1762817467.201454163,3.973515331745147705e-02,5.353695526719093323e-02,9.089715480804443359e-01
1762817467.221487999,3.988743945956230164e-02,5.366609245538711548e-02,9.126796126365661621e-01
1762817467.241514921,3.972756490111351013e-02,5.345875024795532227e-02,9.156582951545715332e-01
1762817467.261338711,3.972421586513519287e-02,5.340740084648132324e-02,9.190439581871032715e-01
1762817467.281536579,3.972657397389411926e-02,5.335267633199691772e-02,9.224096536636352539e-01
1762817467.301482439,3.973652794957160950e-02,5.329694226384162903e-02,9.256950616836547852e-01
1762817467.321422815,3.975544124841690063e-02,5.324287712574005127e-02,9.288453459739685059e-01
1762817467.343357563,3.994350880384445190e-02,5.335656180977821350e-02,9.321190118789672852e-01
1762817467.360379696,3.982020542025566101e-02,5.314458534121513367e-02,9.345807433128356934e-01
1762817467.381373882,3.985563665628433228e-02,5.308988317847251892e-02,9.371596574783325195e-01
1762817467.401445389,3.993912413716316223e-02,5.308698490262031555e-02,9.394606351852416992e-01
1762817467.421415567,4.001230001449584961e-02,5.306848138570785522e-02,9.416978359222412109e-01
1762817467.441386938,4.009159281849861145e-02,5.305612832307815552e-02,9.439079761505126953e-01
1762817467.461386919,4.017609730362892151e-02,5.305096507072448730e-02,9.461469054222106934e-01
1762817467.481362581,4.026381298899650574e-02,5.305249243974685669e-02,9.484337568283081055e-01
1762817467.500494480,4.033290222287178040e-02,5.303645879030227661e-02,9.508092403411865234e-01
1762817467.520530224,4.044281691312789917e-02,5.307422578334808350e-02,9.531143307685852051e-01
1762817467.540529490,4.053325578570365906e-02,5.309529975056648254e-02,9.554314613342285156e-01
1762817467.560356140,4.062067344784736633e-02,5.311952531337738037e-02,9.576676487922668457e-01
1762817467.580399275,4.070521518588066101e-02,5.314725264906883240e-02,9.597748517990112305e-01
1762817467.600417852,4.046888649463653564e-02,5.283060297369956970e-02,9.617854356765747070e-01
1762817467.620545149,4.054500907659530640e-02,5.286224558949470520e-02,9.635604619979858398e-01
1762817467.640506506,4.093416780233383179e-02,5.324037745594978333e-02,9.651389122009277344e-01
1762817467.660593033,4.068144038319587708e-02,5.292395129799842834e-02,9.666690230369567871e-01
1762817467.680408478,4.074094817042350769e-02,5.295158550143241882e-02,9.681084752082824707e-01
1762817467.700398445,4.079527035355567932e-02,5.297587066888809204e-02,9.695456027984619141e-01
1762817467.720467091,4.084506630897521973e-02,5.299592763185501099e-02,9.710098505020141602e-01
1762817467.740440607,4.089147225022315979e-02,5.301182717084884644e-02,9.725072979927062988e-01
1762817467.760493517,4.093591868877410889e-02,5.302376300096511841e-02,9.740310311317443848e-01
1762817467.780421972,4.098003357648849487e-02,5.303262174129486084e-02,9.755647182464599609e-01
1762817467.800397396,4.102569073438644409e-02,5.303965136408805847e-02,9.770666956901550293e-01
1762817467.820351124,4.107423871755599976e-02,5.304537340998649597e-02,9.784960746765136719e-01
1762817467.840345383,4.112720862030982971e-02,5.305144935846328735e-02,9.798286557197570801e-01
1762817467.860585928,4.124915599822998047e-02,5.313087999820709229e-02,9.809798598289489746e-01
1762817467.880426645,4.126061499118804932e-02,5.308038741350173950e-02,9.821553826332092285e-01
1762817467.900448322,4.162034019827842712e-02,5.342134088277816772e-02,9.829137921333312988e-01
1762817467.920492411,4.138394072651863098e-02,5.307489261031150818e-02,9.841193556785583496e-01
1762817467.940433741,4.151082411408424377e-02,5.313966795802116394e-02,9.849961996078491211e-01
1762817467.960448503,4.160675406455993652e-02,5.316568538546562195e-02,9.859138727188110352e-01
1762817467.980405807,4.170119762420654297e-02,5.318722128868103027e-02,9.868690371513366699e-01
1762817468.000386953,4.179416596889495850e-02,5.320695415139198303e-02,9.878545999526977539e-01
1762817468.020379543,4.188551381230354309e-02,5.322557687759399414e-02,9.888601899147033691e-01
1762817468.040473461,4.225520044565200806e-02,5.356863513588905334e-02,9.896171689033508301e-01
1762817468.060436964,4.230796918272972107e-02,5.354451015591621399e-02,9.906216859817504883e-01
1762817468.080517769,4.239100962877273560e-02,5.355839803814888000e-02,9.915428757667541504e-01
1762817468.100497723,4.252384603023529053e-02,5.363323539495468140e-02,9.923489093780517578e-01
1762817468.120545626,4.255026206374168396e-02,5.358732491731643677e-02,9.931567311286926270e-01
1762817468.141444921,4.240006208419799805e-02,5.334155634045600891e-02,9.939607381820678711e-01
1762817468.161558628,4.265956580638885498e-02,5.356877297163009644e-02,9.944720864295959473e-01
1762817468.181481361,4.271703585982322693e-02,5.356720089912414551e-02,9.950425624847412109e-01
1762817468.201432228,4.257527366280555725e-02,5.334188789129257202e-02,9.956724047660827637e-01
1762817468.221451759,4.252373799681663513e-02,5.322249606251716614e-02,9.962661862373352051e-01
1762817468.240467310,4.281579330563545227e-02,5.350879207253456116e-02,9.965851902961730957e-01
1762817468.260442495,4.295584186911582947e-02,5.360799282789230347e-02,9.971028566360473633e-01
1762817468.280460119,4.287877306342124939e-02,5.346123501658439636e-02,9.977114200592041016e-01
1762817468.300321102,4.295207932591438293e-02,5.348491296172142029e-02,9.982541203498840332e-01
1762817468.320456266,4.283048585057258606e-02,5.328611284494400024e-02,9.988793730735778809e-01
1762817468.340456963,4.292220249772071838e-02,5.332707613706588745e-02,9.994047880172729492e-01
1762817468.360434294,4.293748363852500916e-02,5.327852815389633179e-02,9.999538660049438477e-01
1762817468.380499125,4.291570559144020081e-02,5.318474397063255310e-02,1.000505447387695312e+00
1762817468.400325298,4.288886860013008118e-02,5.308142676949501038e-02,1.001041293144226074e+00
1762817468.420393467,4.285932332277297974e-02,5.297069996595382690e-02,1.001556158065795898e+00
1762817468.440383673,4.282744228839874268e-02,5.285274609923362732e-02,1.002045512199401855e+00
1762817468.460376740,4.279355332255363464e-02,5.272791907191276550e-02,1.002505302429199219e+00
1762817468.481457949,4.274687170982360840e-02,5.258387699723243713e-02,1.002935051918029785e+00
1762817468.501440525,4.272132739424705505e-02,5.246019735932350159e-02,1.003321886062622070e+00
1762817468.521442175,4.268499091267585754e-02,5.232017859816551208e-02,1.003673911094665527e+00
1762817468.541372776,4.264833033084869385e-02,5.217637494206428528e-02,1.003988623619079590e+00
1762817468.561511517,4.261262714862823486e-02,5.203072726726531982e-02,1.004267454147338867e+00
1762817468.581479311,4.257849976420402527e-02,5.188459903001785278e-02,1.004514098167419434e+00
1762817468.601461411,4.254655912518501282e-02,5.173926800489425659e-02,1.004732966423034668e+00
1762817468.621462345,4.251734912395477295e-02,5.159604921936988831e-02,1.004929184913635254e+00
1762817468.641473293,4.249126464128494263e-02,5.145622417330741882e-02,1.005108714103698730e+00
1762817468.661424398,4.246869310736656189e-02,5.132096260786056519e-02,1.005276918411254883e+00
1762817468.680497646,4.230232536792755127e-02,5.104386061429977417e-02,1.005404949188232422e+00
1762817468.701392412,4.231553524732589722e-02,5.092778429388999939e-02,1.005596518516540527e+00
1762817468.721424818,4.241914302110671997e-02,5.094704404473304749e-02,1.005741953849792480e+00
1762817468.741474390,4.241992533206939697e-02,5.084856972098350525e-02,1.005890011787414551e+00
1762817468.761394262,4.241817072033882141e-02,5.075094848871231079e-02,1.006038188934326172e+00
1762817468.781409979,4.241995140910148621e-02,5.066174641251564026e-02,1.006188869476318359e+00
1762817468.802547455,4.242493584752082825e-02,5.058109015226364136e-02,1.006342768669128418e+00
1762817468.820369482,4.227989166975021362e-02,5.035304650664329529e-02,1.006471276283264160e+00
1762817468.840498686,4.229456931352615356e-02,5.029398947954177856e-02,1.006630659103393555e+00
1762817468.860408545,4.230581969022750854e-02,5.023670196533203125e-02,1.006792664527893066e+00
1762817468.880482912,4.231759533286094666e-02,5.018588528037071228e-02,1.006955981254577637e+00
1762817468.901479244,4.232961684465408325e-02,5.014150217175483704e-02,1.007118821144104004e+00
1762817468.921418667,4.233706369996070862e-02,5.009804293513298035e-02,1.007280349731445312e+00
1762817468.941570282,4.235341399908065796e-02,5.007017776370048523e-02,1.007439374923706055e+00
1762817468.961419106,4.236370697617530823e-02,5.004122108221054077e-02,1.007595896720886230e+00
1762817468.981431246,4.237218201160430908e-02,5.001592263579368591e-02,1.007747650146484375e+00
1762817469.000416279,4.235786572098731995e-02,4.997093975543975830e-02,1.007894396781921387e+00
1762817469.020468712,4.203585162758827209e-02,4.959727078676223755e-02,1.008054614067077637e+00
1762817469.040447474,4.207765683531761169e-02,4.962296038866043091e-02,1.008181095123291016e+00
1762817469.060576916,4.208021610975265503e-02,4.960957914590835571e-02,1.008302211761474609e+00
1762817469.080401897,4.207808524370193481e-02,4.959418997168540955e-02,1.008409857749938965e+00
1762817469.100380182,4.253008961677551270e-02,5.006683617830276489e-02,1.008488535881042480e+00
1762817469.121398687,4.206394776701927185e-02,4.955815151333808899e-02,1.008575677871704102e+00
1762817469.141386271,4.207659885287284851e-02,4.956065863370895386e-02,1.008635401725769043e+00
1762817469.161376238,4.208241403102874756e-02,4.955442622303962708e-02,1.008679986000061035e+00
1762817469.181399345,4.209196567535400391e-02,4.955018684267997742e-02,1.008713603019714355e+00
1762817469.201422215,4.255238547921180725e-02,5.002807825803756714e-02,1.008759021759033203e+00
1762817469.221452713,4.235858842730522156e-02,4.980004578828811646e-02,1.008769989013671875e+00
1762817469.241421938,4.239685088396072388e-02,4.981824010610580444e-02,1.008786797523498535e+00
1762817469.261507750,4.247945174574851990e-02,4.988107830286026001e-02,1.008806228637695312e+00
1762817469.281638145,4.251528158783912659e-02,4.988922551274299622e-02,1.008845448493957520e+00
1762817469.301406622,4.232838004827499390e-02,4.964851960539817810e-02,1.008916735649108887e+00
1762817469.321440697,4.214449971914291382e-02,4.941602796316146851e-02,1.009001612663269043e+00
1762817469.341488600,4.230693727731704712e-02,4.955173656344413757e-02,1.009124159812927246e+00
1762817469.361432076,4.233767837285995483e-02,4.954042658209800720e-02,1.009266734123229980e+00
1762817469.381462812,4.235441982746124268e-02,4.951161146163940430e-02,1.009416699409484863e+00
1762817469.401412725,4.280295595526695251e-02,4.996099323034286499e-02,1.009512066841125488e+00
1762817469.420347214,4.281003773212432861e-02,4.991944134235382080e-02,1.009628534317016602e+00
1762817469.440611362,4.269769787788391113e-02,4.974449425935745239e-02,1.009718775749206543e+00
1762817469.461439133,4.278560355305671692e-02,4.979225993156433105e-02,1.009764909744262695e+00
1762817469.481482029,4.275982081890106201e-02,4.971369355916976929e-02,1.009778976440429688e+00
1762817469.501508474,4.276381060481071472e-02,4.966840147972106934e-02,1.009761333465576172e+00
1762817469.521380901,4.273506999015808105e-02,4.958686605095863342e-02,1.009717941284179688e+00
1762817469.541412592,4.255603998899459839e-02,4.933825507760047913e-02,1.009654521942138672e+00
1762817469.560318947,4.251079261302947998e-02,4.923875629901885986e-02,1.009622335433959961e+00
1762817469.580412149,4.257020726799964905e-02,4.925591498613357544e-02,1.009618997573852539e+00
1762817469.600436211,4.252478107810020447e-02,4.915688931941986084e-02,1.009625434875488281e+00
1762817469.620401859,4.249772429466247559e-02,4.907843843102455139e-02,1.009653568267822266e+00
1762817469.641357422,4.232437908649444580e-02,4.883760958909988403e-02,1.009698033332824707e+00
1762817469.661386728,4.237437620759010315e-02,4.884447157382965088e-02,1.009763240814208984e+00
1762817469.681341887,4.220501333475112915e-02,4.860754683613777161e-02,1.009844899177551270e+00
1762817469.701439381,4.210599884390830994e-02,4.844850674271583557e-02,1.009937405586242676e+00
1762817469.721455097,4.204004630446434021e-02,4.832598567008972168e-02,1.010037064552307129e+00
1762817469.741409302,4.212157428264617920e-02,4.836692288517951965e-02,1.010132431983947754e+00
1762817469.761503458,4.206819832324981689e-02,4.825770854949951172e-02,1.010235786437988281e+00
1762817469.781414509,4.200763627886772156e-02,4.814016446471214294e-02,1.010337471961975098e+00
1762817469.801590919,4.194841906428337097e-02,4.802373796701431274e-02,1.010421752929687500e+00
1762817469.821500301,4.189156740903854370e-02,4.791011288762092590e-02,1.010474205017089844e+00
1762817469.841511011,4.183768481016159058e-02,4.780061542987823486e-02,1.010488986968994141e+00
1762817469.861360073,4.178731888532638550e-02,4.769611731171607971e-02,1.010465025901794434e+00
1762817469.881466389,4.160388931632041931e-02,4.745730012655258179e-02,1.010405302047729492e+00
1762817469.901460886,4.169799014925956726e-02,4.750404879450798035e-02,1.010321140289306641e+00
1762817469.921505451,4.165894165635108948e-02,4.741695895791053772e-02,1.010240077972412109e+00
1762817469.941352367,4.148536175489425659e-02,4.719443246722221375e-02,1.010170698165893555e+00
1762817469.961455584,4.143243655562400818e-02,4.709694907069206238e-02,1.010128498077392578e+00
1762817469.981558561,4.142132401466369629e-02,4.704825207591056824e-02,1.010117769241333008e+00
1762817470.001475573,4.140404239296913147e-02,4.699593782424926758e-02,1.010131478309631348e+00
1762817470.021448374,4.138462617993354797e-02,4.694465547800064087e-02,1.010169744491577148e+00
1762817470.041443110,4.136877506971359253e-02,4.690069705247879028e-02,1.010229706764221191e+00
1762817470.061444521,4.135644435882568359e-02,4.686398431658744812e-02,1.010306954383850098e+00
1762817470.081394196,4.134717583656311035e-02,4.683392122387886047e-02,1.010395765304565430e+00
1762817470.101487160,4.134048148989677429e-02,4.680997505784034729e-02,1.010490536689758301e+00
1762817470.121421576,4.133592173457145691e-02,4.679157957434654236e-02,1.010584950447082520e+00
1762817470.141450167,4.133334383368492126e-02,4.677842557430267334e-02,1.010659098625183105e+00
1762817470.161559105,4.133230075240135193e-02,4.676897451281547546e-02,1.010698914527893066e+00
1762817470.181511402,4.133194312453269958e-02,4.676126316189765930e-02,1.010700345039367676e+00
1762817470.201411247,4.133145511150360107e-02,4.675420746207237244e-02,1.010662078857421875e+00
1762817470.221576214,4.133033007383346558e-02,4.674704000353813171e-02,1.010587453842163086e+00
1762817470.241425276,4.132821038365364075e-02,4.673882946372032166e-02,1.010488629341125488e+00
1762817470.260432720,4.130408912897109985e-02,4.670687019824981689e-02,1.010393619537353516e+00
1762817470.280414343,4.131913930177688599e-02,4.671524092555046082e-02,1.010327816009521484e+00
1762817470.300467491,4.101861640810966492e-02,4.638930410146713257e-02,1.010259628295898438e+00
1762817470.320469856,4.130554199218750000e-02,4.668038710951805115e-02,1.010270237922668457e+00
1762817470.340472221,4.100099205970764160e-02,4.634493589401245117e-02,1.010262727737426758e+00
1762817470.360441446,4.099089279770851135e-02,4.631669819355010986e-02,1.010302782058715820e+00
1762817470.380441427,4.127628728747367859e-02,4.659718647599220276e-02,1.010377526283264160e+00
1762817470.400444984,4.126607999205589294e-02,4.656228050589561462e-02,1.010451436042785645e+00
1762817470.420451403,4.096023738384246826e-02,4.621121659874916077e-02,1.010526299476623535e+00
1762817470.440449476,4.095147177577018738e-02,4.617086052894592285e-02,1.010616540908813477e+00
1762817470.461575031,4.093500599265098572e-02,4.611857235431671143e-02,1.010705947875976562e+00
1762817470.481374264,4.094040021300315857e-02,4.608663171529769897e-02,1.010772109031677246e+00
1762817470.501562357,4.093850776553153992e-02,4.604471474885940552e-02,1.010799646377563477e+00
1762817470.521452665,4.094076156616210938e-02,4.600660875439643860e-02,1.010785698890686035e+00
1762817470.541404963,4.094893112778663635e-02,4.597387462854385376e-02,1.010732412338256836e+00
1762817470.561502934,4.096332937479019165e-02,4.594714194536209106e-02,1.010645151138305664e+00
1762817470.581471443,4.098372161388397217e-02,4.592679813504219055e-02,1.010535955429077148e+00
1762817470.601319075,4.100971296429634094e-02,4.591298103332519531e-02,1.010442972183227539e+00
1762817470.621471643,4.104063287377357483e-02,4.590583965182304382e-02,1.010381817817687988e+00
1762817470.641431570,4.107569530606269836e-02,4.590553417801856995e-02,1.010353207588195801e+00
1762817470.661495209,4.133429378271102905e-02,4.615193605422973633e-02,1.010372281074523926e+00
1762817470.681568861,4.138947278261184692e-02,4.617949575185775757e-02,1.010397315025329590e+00
1762817470.701535463,4.143484681844711304e-02,4.620051756501197815e-02,1.010446190834045410e+00
1762817470.721461773,4.126733541488647461e-02,4.599628224968910217e-02,1.010515332221984863e+00
1762817470.741440773,4.135435819625854492e-02,4.606954008340835571e-02,1.010589718818664551e+00
1762817470.761434317,4.160869494080543518e-02,4.632385820150375366e-02,1.010655879974365234e+00
1762817470.781397343,4.165555164217948914e-02,4.635858908295631409e-02,1.010721564292907715e+00
1762817470.801462173,4.168263822793960571e-02,4.637578502297401428e-02,1.010777711868286133e+00
1762817470.821565866,4.170073941349983215e-02,4.638640210032463074e-02,1.010821461677551270e+00
1762817470.841360569,4.170987010002136230e-02,4.638962447643280029e-02,1.010851263999938965e+00
1762817470.861410141,4.170916229486465454e-02,4.638409242033958435e-02,1.010866522789001465e+00
1762817470.881374598,4.169797897338867188e-02,4.636874049901962280e-02,1.010867714881896973e+00
1762817470.901531935,4.167648404836654663e-02,4.634327441453933716e-02,1.010855555534362793e+00
1762817470.921473503,4.164537787437438965e-02,4.630739614367485046e-02,1.010831832885742188e+00
1762817470.941397905,4.160686209797859192e-02,4.626240208745002747e-02,1.010797619819641113e+00
1762817470.961352110,4.171092435717582703e-02,4.636752977967262268e-02,1.010780215263366699e+00
1762817470.981440306,4.121947288513183594e-02,4.583718627691268921e-02,1.010681867599487305e+00
1762817471.001533031,4.117311164736747742e-02,4.577352851629257202e-02,1.010625362396240234e+00
1762817471.021461964,4.141989350318908691e-02,4.601411893963813782e-02,1.010587334632873535e+00
1762817471.041401863,4.107455164194107056e-02,4.562512785196304321e-02,1.010506033897399902e+00
1762817471.060534000,4.147335141897201538e-02,4.602741450071334839e-02,1.010515689849853516e+00
1762817471.080467463,4.143992811441421509e-02,4.596002399921417236e-02,1.010498642921447754e+00
1762817471.100378275,4.140242934226989746e-02,4.588410630822181702e-02,1.010507702827453613e+00
1762817471.120479345,4.137211292982101440e-02,4.581162333488464355e-02,1.010543584823608398e+00
1762817471.140399694,4.135095700621604919e-02,4.574514180421829224e-02,1.010603785514831543e+00
1762817471.160389423,4.133974760770797729e-02,4.568586871027946472e-02,1.010683655738830566e+00
1762817471.180421114,4.133856296539306641e-02,4.563451930880546570e-02,1.010776042938232422e+00
1762817471.200431108,4.134722799062728882e-02,4.559185355901718140e-02,1.010863304138183594e+00
1762817471.221595287,4.135447368025779724e-02,4.554679617285728455e-02,1.010928750038146973e+00
1762817471.241440773,4.138804599642753601e-02,4.553206264972686768e-02,1.010963678359985352e+00
1762817471.260537624,4.141688719391822815e-02,4.551496729254722595e-02,1.010965943336486816e+00
1762817471.281354427,4.144463688135147095e-02,4.550091177225112915e-02,1.010933756828308105e+00
1762817471.301462650,4.148362949490547180e-02,4.550397768616676331e-02,1.010870575904846191e+00
1762817471.321363449,4.141686111688613892e-02,4.539702460169792175e-02,1.010766625404357910e+00
1762817471.340456486,4.153912141919136047e-02,4.550199955701828003e-02,1.010691761970520020e+00
1762817471.360451460,4.139569774270057678e-02,4.533023014664649963e-02,1.010606527328491211e+00
1762817471.380438566,4.159023985266685486e-02,4.551817849278450012e-02,1.010556697845458984e+00
1762817471.401479244,4.150512814521789551e-02,4.541739076375961304e-02,1.010509610176086426e+00
1762817471.421479225,4.151718690991401672e-02,4.542571678757667542e-02,1.010499119758605957e+00
1762817471.441497087,4.152267053723335266e-02,4.543207958340644836e-02,1.010509371757507324e+00
1762817471.461506367,4.151960834860801697e-02,4.543400183320045471e-02,1.010537266731262207e+00
1762817471.480515718,4.144513979554176331e-02,4.536297544836997986e-02,1.010567545890808105e+00
1762817471.501490831,4.163129627704620361e-02,4.557037726044654846e-02,1.010630607604980469e+00
1762817471.521417618,4.147339239716529846e-02,4.541679099202156067e-02,1.010676622390747070e+00
1762817471.541532040,4.146709293127059937e-02,4.542766511440277100e-02,1.010755777359008789e+00
1762817471.561485767,4.150535166263580322e-02,4.548101499676704407e-02,1.010820150375366211e+00
1762817471.580452204,4.133928567171096802e-02,4.531920328736305237e-02,1.010871648788452148e+00
1762817471.601479053,4.101785272359848022e-02,4.499784857034683228e-02,1.010919213294982910e+00
1762817471.621375561,4.096150770783424377e-02,4.494767636060714722e-02,1.010926008224487305e+00
1762817471.641431570,4.091206938028335571e-02,4.489999264478683472e-02,1.010899424552917480e+00
1762817471.661422491,4.086660966277122498e-02,4.484988749027252197e-02,1.010847806930541992e+00
1762817471.680439234,4.078197106719017029e-02,4.475217685103416443e-02,1.010769367218017578e+00
1762817471.700390816,4.124126210808753967e-02,4.522545635700225830e-02,1.010753512382507324e+00
1762817471.720365286,4.078062996268272400e-02,4.471418261528015137e-02,1.010595917701721191e+00
1762817471.740450621,4.077273607254028320e-02,4.467758908867835999e-02,1.010530829429626465e+00
1762817471.760484219,4.077626392245292664e-02,4.464815184473991394e-02,1.010501146316528320e+00
1762817471.781863451,4.074908420443534851e-02,4.458085820078849792e-02,1.010504364967346191e+00
1762817471.801350355,4.081952199339866638e-02,4.461634904146194458e-02,1.010546684265136719e+00
1762817471.821435928,4.086097329854965210e-02,4.461808130145072937e-02,1.010613679885864258e+00
1762817471.841391802,4.091015830636024475e-02,4.462737217545509338e-02,1.010699629783630371e+00
1762817471.861445665,4.096838459372520447e-02,4.464689642190933228e-02,1.010782122611999512e+00
1762817471.881432295,4.103297740221023560e-02,4.467480629682540894e-02,1.010847210884094238e+00
1762817471.901408434,4.110042750835418701e-02,4.470883682370185852e-02,1.010888457298278809e+00
1762817471.921504259,4.137742891907691956e-02,4.497577995061874390e-02,1.010907411575317383e+00
1762817471.940496683,4.169458523392677307e-02,4.529000446200370789e-02,1.010914683341979980e+00
1762817471.961496353,4.169127717614173889e-02,4.526145383715629578e-02,1.010886669158935547e+00
1762817471.981463671,4.176102951169013977e-02,4.531826451420783997e-02,1.010845422744750977e+00
1762817472.001396656,4.181751981377601624e-02,4.536535963416099548e-02,1.010792613029479980e+00
1762817472.021434307,4.186420142650604248e-02,4.540657252073287964e-02,1.010730028152465820e+00
1762817472.041458607,4.189916700124740601e-02,4.544007778167724609e-02,1.010658740997314453e+00
1762817472.061494112,4.178178310394287109e-02,4.531759768724441528e-02,1.010581135749816895e+00
1762817472.081405640,4.178994521498680115e-02,4.533065110445022583e-02,1.010503888130187988e+00
1762817472.101493835,4.191893339157104492e-02,4.547442868351936340e-02,1.010452508926391602e+00
1762817472.121725082,4.176047444343566895e-02,4.531729593873023987e-02,1.010419249534606934e+00
1762817472.141414404,4.172520339488983154e-02,4.529035091400146484e-02,1.010431051254272461e+00
1762817472.161427736,4.167919233441352844e-02,4.525106772780418396e-02,1.010481238365173340e+00
1762817472.180436134,4.160388931632041931e-02,4.517860338091850281e-02,1.010565519332885742e+00
1762817472.200458288,4.156587645411491394e-02,4.514062032103538513e-02,1.010664224624633789e+00
1762817472.220594883,4.150564596056938171e-02,4.507505148649215698e-02,1.010761737823486328e+00
1762817472.240384102,4.155911877751350403e-02,4.512436315417289734e-02,1.010842561721801758e+00
1762817472.260388374,4.142578691244125366e-02,4.497069492936134338e-02,1.010918259620666504e+00
1762817472.280539513,4.137085750699043274e-02,4.489305987954139709e-02,1.010970950126647949e+00
1762817472.300318956,4.140962287783622742e-02,4.490933194756507874e-02,1.011001944541931152e+00
1762817472.320407152,4.140580445528030396e-02,4.487358033657073975e-02,1.011011362075805664e+00
1762817472.341515303,4.096299409866333008e-02,4.436315596103668213e-02,1.010976076126098633e+00
1762817472.361408234,4.133880510926246643e-02,4.471937194466590881e-02,1.010964155197143555e+00
1762817472.381361008,4.135227948427200317e-02,4.468409717082977295e-02,1.010916709899902344e+00
1762817472.401397467,4.132365435361862183e-02,4.459862411022186279e-02,1.010862112045288086e+00
1762817472.421498537,4.134893044829368591e-02,4.457144439220428467e-02,1.010825991630554199e+00
1762817472.441478729,4.125468060374259949e-02,4.440975189208984375e-02,1.010797381401062012e+00
1762817472.461441994,4.132751747965812683e-02,4.443570598959922791e-02,1.010800838470458984e+00
1762817472.481461525,4.135599359869956970e-02,4.441626742482185364e-02,1.010812878608703613e+00
1762817472.500348091,4.119940474629402161e-02,4.420866072177886963e-02,1.010822534561157227e+00
1762817472.520370007,4.133269190788269043e-02,4.430647566914558411e-02,1.010863542556762695e+00
1762817472.540469408,4.095962643623352051e-02,4.387662932276725769e-02,1.010886311531066895e+00
1762817472.560415268,4.126450791954994202e-02,4.417709261178970337e-02,1.010940313339233398e+00
1762817472.580561399,4.108894616365432739e-02,4.397263750433921814e-02,1.010979056358337402e+00
1762817472.601393223,4.099994152784347534e-02,4.386967048048973083e-02,1.011004447937011719e+00
1762817472.621459246,4.089975357055664062e-02,4.376260191202163696e-02,1.011006832122802734e+00
1762817472.641364574,4.089920222759246826e-02,4.376501217484474182e-02,1.010995507240295410e+00
1762817472.661501646,4.095487296581268311e-02,4.383118823170661926e-02,1.010960459709167480e+00
1762817472.681507111,4.069909453392028809e-02,4.357339069247245789e-02,1.010893344879150391e+00
1762817472.701462507,4.066472500562667847e-02,4.355378821492195129e-02,1.010802149772644043e+00
1762817472.721419334,4.031027480959892273e-02,4.319956153631210327e-02,1.010688304901123047e+00
1762817472.741424561,4.023193195462226868e-02,4.313495382666587830e-02,1.010589599609375000e+00
1762817472.761481285,4.016223922371864319e-02,4.307964444160461426e-02,1.010492324829101562e+00
1762817472.781424761,4.009621962904930115e-02,4.302806407213211060e-02,1.010425806045532227e+00
1762817472.801399469,4.003567248582839966e-02,4.298132285475730896e-02,1.010406851768493652e+00
1762817472.821574450,3.998308628797531128e-02,4.294047504663467407e-02,1.010432839393615723e+00
1762817472.841481209,4.022274911403656006e-02,4.319868981838226318e-02,1.010499000549316406e+00
1762817472.861491442,3.992731496691703796e-02,4.290030151605606079e-02,1.010596752166748047e+00
1762817472.881442308,4.011018946766853333e-02,4.309526458382606506e-02,1.010686397552490234e+00
1762817472.901410103,4.015991464257240295e-02,4.314893111586570740e-02,1.010769248008728027e+00
1762817472.921386242,4.015722125768661499e-02,4.314421117305755615e-02,1.010832428932189941e+00
1762817472.941467285,4.015700519084930420e-02,4.313876107335090637e-02,1.010864853858947754e+00
1762817472.961533070,4.016090929508209229e-02,4.313569888472557068e-02,1.010861515998840332e+00
1762817472.981662750,4.016773402690887451e-02,4.313408210873603821e-02,1.010823249816894531e+00
1762817473.003537655,4.017606005072593689e-02,4.313269630074501038e-02,1.010754346847534180e+00
1762817473.020451784,4.018052667379379272e-02,4.312632977962493896e-02,1.010664463043212891e+00
1762817473.041468143,4.017329216003417969e-02,4.310708120465278625e-02,1.010577917098999023e+00
1762817473.061649561,3.992757946252822876e-02,4.283331707119941711e-02,1.010509371757507324e+00
1762817473.081459761,3.990004584193229675e-02,4.279432445764541626e-02,1.010694146156311035e+00
1762817473.101483583,4.001119360327720642e-02,4.293225705623626709e-02,1.011087775230407715e+00
1762817473.121417046,4.039546474814414978e-02,4.336282983422279358e-02,1.011527061462402344e+00
1762817473.141502142,4.054123535752296448e-02,4.354840517044067383e-02,1.012133002281188965e+00
1762817473.161539316,4.141098633408546448e-02,4.449755698442459106e-02,1.012669563293457031e+00
1762817473.181374788,4.226134344935417175e-02,4.544293880462646484e-02,1.013190984725952148e+00
1762817473.201369286,4.314250871539115906e-02,4.643921926617622375e-02,1.013675928115844727e+00
1762817473.220332623,4.423891380429267883e-02,4.763080924749374390e-02,1.013846039772033691e+00
1762817473.240375280,4.566271975636482239e-02,4.921627417206764221e-02,1.014114379882812500e+00
1762817473.260494947,4.727226123213768005e-02,5.101870745420455933e-02,1.014264345169067383e+00
1762817473.280369282,4.903296381235122681e-02,5.300423875451087952e-02,1.014288783073425293e+00
1762817473.300469637,5.091372877359390259e-02,5.514567345380783081e-02,1.014197468757629395e+00
1762817473.320489407,5.288411676883697510e-02,5.741279572248458862e-02,1.014019250869750977e+00
1762817473.340365171,5.491196364164352417e-02,5.977074056863784790e-02,1.013801097869873047e+00
1762817473.360501289,5.696581304073333740e-02,6.218521296977996826e-02,1.013599157333374023e+00
1762817473.380509615,5.901615694165229797e-02,6.462213397026062012e-02,1.013468861579895020e+00
1762817473.400418043,6.103743240237236023e-02,6.705038994550704956e-02,1.013456702232360840e+00
1762817473.420405388,6.300964951515197754e-02,6.944173574447631836e-02,1.013594031333923340e+00
1762817473.441511154,6.493344902992248535e-02,7.179268449544906616e-02,1.013889431953430176e+00
1762817473.461465597,6.676249951124191284e-02,7.403273880481719971e-02,1.014313578605651855e+00
1762817473.481541634,6.853576004505157471e-02,7.620426267385482788e-02,1.014833331108093262e+00
1762817473.501664877,7.024639844894409180e-02,7.828784734010696411e-02,1.015387535095214844e+00
1762817473.521364450,7.190405577421188354e-02,8.028493076562881470e-02,1.015911936759948730e+00
1762817473.541438818,7.352214306592941284e-02,8.220155537128448486e-02,1.016343832015991211e+00
1762817473.561537743,7.511544227600097656e-02,8.404730260372161865e-02,1.016637325286865234e+00
1762817473.581358433,7.670850306749343872e-02,8.584482967853546143e-02,1.016774296760559082e+00
1762817473.601340055,7.829181849956512451e-02,8.757592737674713135e-02,1.016760110855102539e+00
1762817473.621504784,7.989999651908874512e-02,8.927971124649047852e-02,1.016649842262268066e+00
1762817473.641419649,8.154418319463729858e-02,9.096684306859970093e-02,1.016513228416442871e+00
1762817473.661358833,8.323414623737335205e-02,9.264963120222091675e-02,1.016418933868408203e+00
1762817473.681469202,8.468611538410186768e-02,9.405075013637542725e-02,1.016394138336181641e+00
1762817473.701389551,8.679088950157165527e-02,9.606213867664337158e-02,1.016535520553588867e+00
1762817473.721449852,8.836266398429870605e-02,9.751665592193603516e-02,1.016724824905395508e+00
1762817473.741378784,9.061831235885620117e-02,9.962048381567001343e-02,1.017071962356567383e+00
1762817473.760423422,9.231651574373245239e-02,1.011658012866973877e-01,1.017372488975524902e+00
1762817473.780367851,9.439948946237564087e-02,1.030822470784187317e-01,1.017688989639282227e+00
1762817473.800467014,9.652712941169738770e-02,1.050483137369155884e-01,1.017923593521118164e+00
1762817473.820551634,9.871274977922439575e-02,1.070805564522743225e-01,1.018044233322143555e+00
1762817473.840415239,1.009842902421951294e-01,1.092090979218482971e-01,1.018034458160400391e+00
1762817473.860473156,1.032124236226081848e-01,1.113252863287925720e-01,1.017920613288879395e+00
1762817473.880485058,1.055075451731681824e-01,1.135258302092552185e-01,1.017749190330505371e+00
1762817473.900407314,1.078278273344039917e-01,1.157757490873336792e-01,1.017577052116394043e+00
1762817473.920376062,1.101649552583694458e-01,1.180671006441116333e-01,1.017460703849792480e+00
1762817473.941397905,1.125495880842208862e-01,1.204282864928245544e-01,1.017434716224670410e+00
1762817473.961618185,1.148706525564193726e-01,1.227502375841140747e-01,1.017515897750854492e+00
1762817473.981412888,1.172291412949562073e-01,1.251259744167327881e-01,1.017683267593383789e+00
1762817474.001622200,1.195935457944869995e-01,1.275220811367034912e-01,1.017905831336975098e+00
1762817474.021333694,1.219622790813446045e-01,1.299324333667755127e-01,1.018141269683837891e+00
1762817474.041541815,1.244089379906654358e-01,1.324266195297241211e-01,1.018355607986450195e+00
1762817474.061360359,1.270945519208908081e-01,1.351624727249145508e-01,1.018530249595642090e+00
1762817474.080393791,1.288691759109497070e-01,1.369789391756057739e-01,1.018571019172668457e+00
1762817474.100433350,1.309151351451873779e-01,1.390567868947982788e-01,1.018583774566650391e+00
1762817474.121349812,1.337039321660995483e-01,1.418847590684890747e-01,1.018508195877075195e+00
1762817474.141413689,1.361293196678161621e-01,1.443287730216979980e-01,1.018386244773864746e+00
1762817474.161478281,1.385960727930068970e-01,1.467993557453155518e-01,1.018250823020935059e+00
1762817474.181523323,1.410917490720748901e-01,1.492821276187896729e-01,1.018145799636840820e+00
1762817474.201581240,1.432560831308364868e-01,1.514148712158203125e-01,1.018088698387145996e+00
1762817474.221490860,1.458130031824111938e-01,1.539245843887329102e-01,1.018112778663635254e+00
1762817474.241378069,1.484053581953048706e-01,1.564521193504333496e-01,1.018210887908935547e+00
1762817474.261436939,1.510343700647354126e-01,1.590000987052917480e-01,1.018364071846008301e+00
1762817474.281368732,1.537444293498992920e-01,1.616123467683792114e-01,1.018543004989624023e+00
1762817474.301422119,1.564181596040725708e-01,1.641822606325149536e-01,1.018701314926147461e+00
1762817474.321398258,1.591490358114242554e-01,1.667995601892471313e-01,1.018812775611877441e+00
1762817474.341540813,1.619297713041305542e-01,1.694596856832504272e-01,1.018851161003112793e+00
1762817474.361348867,1.647475957870483398e-01,1.721534878015518188e-01,1.018806934356689453e+00
1762817474.381392002,1.676012277603149414e-01,1.748822927474975586e-01,1.018691658973693848e+00
1762817474.400489569,1.705245822668075562e-01,1.776505112648010254e-01,1.018507122993469238e+00
1762817474.420410633,1.734215915203094482e-01,1.804546266794204712e-01,1.018375754356384277e+00
1762817474.440447330,1.763740032911300659e-01,1.832897663116455078e-01,1.018250226974487305e+00
1762817474.460523844,1.793591380119323730e-01,1.861600726842880249e-01,1.018181443214416504e+00
1762817474.480478525,1.823734343051910400e-01,1.890636980533599854e-01,1.018181443214416504e+00
1762817474.500491619,1.854143887758255005e-01,1.919975727796554565e-01,1.018242120742797852e+00
1762817474.520325661,1.885444670915603638e-01,1.950200498104095459e-01,1.018345117568969727e+00
1762817474.540447950,1.915693283081054688e-01,1.979485899209976196e-01,1.018456220626831055e+00
1762817474.560476065,1.946764439344406128e-01,2.009578943252563477e-01,1.018551349639892578e+00
1762817474.580683708,1.978091895580291748e-01,2.039939165115356445e-01,1.018605351448059082e+00
1762817474.600391388,2.009646892547607422e-01,2.070526480674743652e-01,1.018603920936584473e+00
1762817474.621465921,2.041993141174316406e-01,2.101854979991912842e-01,1.018546342849731445e+00
1762817474.641508341,2.073500752449035645e-01,2.132366001605987549e-01,1.018453359603881836e+00
1762817474.660451651,2.105904072523117065e-01,2.163674086332321167e-01,1.018344044685363770e+00
1762817474.680568457,2.138005495071411133e-01,2.194409370422363281e-01,1.018225789070129395e+00
1762817474.700479269,2.170907258987426758e-01,2.226042300462722778e-01,1.018158674240112305e+00
1762817474.720433712,2.204140126705169678e-01,2.257899343967437744e-01,1.018135070800781250e+00
1762817474.740387201,2.237993925809860229e-01,2.290488779544830322e-01,1.018164396286010742e+00
1762817474.760506153,2.259263396263122559e-01,2.310880571603775024e-01,1.018192052841186523e+00
1762817474.780351877,2.305858284235000610e-01,2.354778498411178589e-01,1.018254518508911133e+00
1762817474.800438881,2.340460568666458130e-01,2.387527525424957275e-01,1.018302440643310547e+00
1762817474.820671797,2.375416010618209839e-01,2.420515865087509155e-01,1.018326640129089355e+00
1762817474.840497255,2.410739958286285400e-01,2.453765273094177246e-01,1.018317699432373047e+00
1762817474.860525370,2.446436434984207153e-01,2.487275153398513794e-01,1.018274068832397461e+00
1762817474.880497456,2.482484430074691772e-01,2.521021962165832520e-01,1.018202781677246094e+00
1762817474.900474787,2.518869936466217041e-01,2.554998695850372314e-01,1.018116116523742676e+00
1762817474.920516491,2.555584013462066650e-01,2.589196860790252686e-01,1.018032431602478027e+00
1762817474.940521240,2.592606842517852783e-01,2.623599767684936523e-01,1.017967104911804199e+00
1762817474.960419416,2.629922926425933838e-01,2.658195197582244873e-01,1.017930507659912109e+00
1762817474.981417179,2.667828202247619629e-01,2.693244814872741699e-01,1.017924070358276367e+00
1762817475.001443863,2.705348134040832520e-01,2.727885246276855469e-01,1.017942547798156738e+00
1762817475.021524668,2.743448615074157715e-01,2.762972116470336914e-01,1.017973542213439941e+00
1762817475.041392088,2.781824469566345215e-01,2.798233032226562500e-01,1.018003702163696289e+00
1762817475.061511278,2.818465828895568848e-01,2.831896245479583740e-01,1.018021225929260254e+00
1762817475.081577301,2.859110534191131592e-01,2.869009971618652344e-01,1.018018960952758789e+00
1762817475.101418018,2.898376584053039551e-01,2.904821932315826416e-01,1.017992138862609863e+00
1762817475.121517897,2.937813997268676758e-01,2.940690219402313232e-01,1.017943501472473145e+00
1762817475.141584158,2.977550625801086426e-01,2.976720631122589111e-01,1.017886638641357422e+00
1762817475.162496328,3.019136488437652588e-01,3.014233112335205078e-01,1.017830252647399902e+00
1762817475.180440426,3.037745356559753418e-01,3.031445145606994629e-01,1.017825245857238770e+00
1762817475.200531006,3.078081309795379639e-01,3.067693114280700684e-01,1.017793416976928711e+00
1762817475.220424175,3.118911981582641602e-01,3.104229271411895752e-01,1.017777562141418457e+00
1762817475.240426779,3.160067498683929443e-01,3.140896558761596680e-01,1.017777085304260254e+00
1762817475.260518312,3.206647038459777832e-01,3.182415962219238281e-01,1.017792463302612305e+00
1762817475.280465603,3.248534500598907471e-01,3.219395279884338379e-01,1.017805337905883789e+00
1762817475.301442385,3.281882107257843018e-01,3.248640000820159912e-01,1.017811775207519531e+00
1762817475.321444035,3.327957391738891602e-01,3.288811743259429932e-01,1.017809510231018066e+00
1762817475.341562510,3.371201157569885254e-01,3.326437771320343018e-01,1.017790555953979492e+00
1762817475.361422300,3.414608240127563477e-01,3.364021778106689453e-01,1.017752647399902344e+00
1762817475.380391598,3.454070985317230225e-01,3.398215472698211670e-01,1.017708659172058105e+00
1762817475.401529789,3.496831953525543213e-01,3.434956371784210205e-01,1.017652869224548340e+00
1762817475.421470165,3.545543253421783447e-01,3.476344347000122070e-01,1.017583370208740234e+00
1762817475.441531420,3.587358295917510986e-01,3.511984646320343018e-01,1.017534375190734863e+00
1762817475.461461067,3.632349669933319092e-01,3.550012409687042236e-01,1.017491340637207031e+00
1762817475.481438875,3.677900135517120361e-01,3.588311672210693359e-01,1.017466425895690918e+00
1762817475.502487659,3.722745776176452637e-01,3.625866472721099854e-01,1.017460703849792480e+00
1762817475.520394325,3.770265281200408936e-01,3.665343523025512695e-01,1.017465949058532715e+00
1762817475.540482283,3.820154964923858643e-01,3.706464469432830811e-01,1.017478108406066895e+00
1762817475.560364962,3.862819373607635498e-01,3.741788566112518311e-01,1.017489433288574219e+00
1762817475.580469131,3.911017179489135742e-01,3.781202733516693115e-01,1.017492055892944336e+00
1762817475.600325346,3.957647383213043213e-01,3.819206058979034424e-01,1.017482638359069824e+00
1762817475.620460749,4.005655050277709961e-01,3.858050107955932617e-01,1.017458200454711914e+00
1762817475.640488863,4.054086506366729736e-01,3.896992206573486328e-01,1.017422080039978027e+00
1762817475.660525322,4.102885425090789795e-01,3.935975134372711182e-01,1.017380595207214355e+00
1762817475.681399345,4.152501821517944336e-01,3.975315690040588379e-01,1.017340660095214844e+00
1762817475.701344252,4.201552271842956543e-01,4.013979732990264893e-01,1.017310619354248047e+00
1762817475.721487999,4.251337349414825439e-01,4.052914679050445557e-01,1.017292976379394531e+00
1762817475.741513014,4.301433861255645752e-01,4.091792404651641846e-01,1.017290830612182617e+00
1762817475.761395931,4.351781308650970459e-01,4.130555987358093262e-01,1.017304062843322754e+00
1762817475.781462431,4.402340650558471680e-01,4.169166386127471924e-01,1.017330408096313477e+00
1762817475.801441669,4.446972608566284180e-01,4.202584922313690186e-01,1.017359137535095215e+00
1762817475.821398973,4.503951072692871094e-01,4.245773255825042725e-01,1.017406582832336426e+00
1762817475.841544867,4.554941058158874512e-01,4.283702969551086426e-01,1.017448544502258301e+00
1762817475.861445189,4.606016278266906738e-01,4.321339428424835205e-01,1.017489790916442871e+00
1762817475.881456375,4.651051759719848633e-01,4.353787600994110107e-01,1.017523527145385742e+00
1762817475.901574850,4.702246785163879395e-01,4.390804171562194824e-01,1.017564296722412109e+00
1762817475.921375751,4.753476679325103760e-01,4.427457451820373535e-01,1.017606019973754883e+00
1762817475.941390276,4.804736971855163574e-01,4.463734924793243408e-01,1.017648577690124512e+00
1762817475.960506201,4.856257438659667969e-01,4.499767124652862549e-01,1.017696738243103027e+00
1762817475.980394125,4.907397925853729248e-01,4.535149335861206055e-01,1.017751693725585938e+00
1762817476.000402927,4.958851039409637451e-01,4.570305347442626953e-01,1.017812609672546387e+00
1762817476.020521402,5.010426044464111328e-01,4.605109095573425293e-01,1.017876744270324707e+00
1762817476.040389538,5.062127113342285156e-01,4.639557301998138428e-01,1.017939686775207520e+00
1762817476.062469006,5.113971829414367676e-01,4.673657715320587158e-01,1.017997622489929199e+00
1762817476.080549717,5.165973901748657227e-01,4.707413613796234131e-01,1.018047332763671875e+00
1762817476.100476980,5.218139290809631348e-01,4.740823805332183838e-01,1.018086671829223633e+00
1762817476.120390654,5.270465016365051270e-01,4.773880243301391602e-01,1.018115162849426270e+00
1762817476.140445471,5.322954654693603516e-01,4.806579351425170898e-01,1.018135547637939453e+00
1762817476.160407305,5.375602245330810547e-01,4.838909208774566650e-01,1.018151640892028809e+00
1762817476.180404902,5.428397059440612793e-01,4.870857596397399902e-01,1.018169045448303223e+00
1762817476.200422525,5.471401214599609375e-01,4.896213412284851074e-01,1.018184781074523926e+00
1762817476.220480680,5.527354478836059570e-01,4.930095970630645752e-01,1.018224835395812988e+00
1762817476.240376711,5.580373406410217285e-01,4.960816502571105957e-01,1.018264174461364746e+00
1762817476.260479689,5.627211928367614746e-01,4.986847639083862305e-01,1.018300175666809082e+00
1762817476.280474186,5.693796873092651367e-01,5.022785067558288574e-01,1.018358707427978516e+00
1762817476.300480604,5.734640359878540039e-01,5.046558976173400879e-01,1.018412470817565918e+00
1762817476.320584536,5.787402391433715820e-01,5.075203776359558105e-01,1.018471837043762207e+00
1762817476.340432882,5.841035842895507812e-01,5.103712081909179688e-01,1.018530964851379395e+00
1762817476.360534668,5.894837975502014160e-01,5.131748318672180176e-01,1.018584132194519043e+00
1762817476.380458117,5.948767066001892090e-01,5.159282684326171875e-01,1.018628954887390137e+00
1762817476.401437283,6.003064513206481934e-01,5.186391472816467285e-01,1.018664360046386719e+00
1762817476.421415091,6.057043075561523438e-01,5.212806463241577148e-01,1.018692612648010254e+00
1762817476.441422701,6.111408472061157227e-01,5.238780379295349121e-01,1.018715262413024902e+00
1762817476.461400509,6.165925860404968262e-01,5.264208912849426270e-01,1.018735885620117188e+00
1762817476.481653690,6.220561265945434570e-01,5.289065241813659668e-01,1.018757104873657227e+00
1762817476.501355171,6.275297999382019043e-01,5.313330292701721191e-01,1.018784046173095703e+00
1762817476.521404505,6.330119371414184570e-01,5.336983203887939453e-01,1.018820524215698242e+00
1762817476.541451693,6.384987235069274902e-01,5.359992980957031250e-01,1.018866300582885742e+00
1762817476.561504364,6.439862251281738281e-01,5.382330417633056641e-01,1.018918633460998535e+00
1762817476.581348419,6.494722962379455566e-01,5.403977036476135254e-01,1.018976926803588867e+00
1762817476.601320982,6.549548506736755371e-01,5.424911379814147949e-01,1.019038915634155273e+00
1762817476.621445179,6.604313850402832031e-01,5.445111393928527832e-01,1.019102692604064941e+00
1762817476.641534090,6.658997535705566406e-01,5.464556217193603516e-01,1.019166350364685059e+00
1762817476.661481619,6.713582277297973633e-01,5.483225584030151367e-01,1.019228458404541016e+00
1762817476.681480646,6.768053174018859863e-01,5.501102209091186523e-01,1.019289255142211914e+00
1762817476.701418400,6.822397708892822266e-01,5.518167614936828613e-01,1.019349098205566406e+00
1762817476.721361637,6.876606941223144531e-01,5.534405112266540527e-01,1.019409775733947754e+00
1762817476.741440296,6.930673122406005859e-01,5.549800992012023926e-01,1.019471287727355957e+00
1762817476.760605335,6.985354423522949219e-01,5.562099814414978027e-01,1.019522905349731445e+00
1762817476.781443119,7.031633257865905762e-01,5.577449202537536621e-01,1.019596576690673828e+00
1762817476.800522566,7.091059088706970215e-01,5.588276982307434082e-01,1.019653439521789551e+00
1762817476.820435762,7.145863175392150879e-01,5.600216388702392578e-01,1.019719004631042480e+00
1762817476.840405464,7.199305295944213867e-01,5.611168146133422852e-01,1.019778490066528320e+00
1762817476.860546827,7.252571582794189453e-01,5.621208548545837402e-01,1.019837379455566406e+00
1762817476.880502701,7.305776476860046387e-01,5.630337595939636230e-01,1.019897699356079102e+00
1762817476.900511265,7.348349690437316895e-01,5.639138817787170410e-01,1.019953846931457520e+00
1762817476.920493126,7.398192286491394043e-01,5.646850466728210449e-01,1.020006418228149414e+00
1762817476.940605879,7.451061606407165527e-01,5.653572678565979004e-01,1.020050168037414551e+00
1762817476.960480928,7.514365911483764648e-01,5.658171772956848145e-01,1.020076036453247070e+00
1762817476.980480671,7.567875981330871582e-01,5.662761926651000977e-01,1.020099520683288574e+00
1762817477.000483274,7.613105773925781250e-01,5.667766928672790527e-01,1.020131587982177734e+00
1762817477.020494699,7.663033604621887207e-01,5.671164393424987793e-01,1.020167112350463867e+00
1762817477.040587425,7.715843915939331055e-01,5.673192143440246582e-01,1.020202398300170898e+00
1762817477.060546875,7.768796682357788086e-01,5.674224495887756348e-01,1.020233988761901855e+00
1762817477.081433535,7.822712063789367676e-01,5.674014687538146973e-01,1.020264148712158203e+00
1762817477.101466179,7.874670028686523438e-01,5.673250555992126465e-01,1.020295262336730957e+00
1762817477.121394396,7.927500009536743164e-01,5.671227574348449707e-01,1.020324826240539551e+00
1762817477.141510248,7.980331778526306152e-01,5.668122172355651855e-01,1.020352005958557129e+00
1762817477.161579847,8.033084273338317871e-01,5.663931369781494141e-01,1.020376563072204590e+00
1762817477.181488037,8.085721731185913086e-01,5.658639669418334961e-01,1.020398974418640137e+00
1762817477.201442480,8.138207197189331055e-01,5.652230978012084961e-01,1.020421385765075684e+00
1762817477.220386267,8.191226124763488770e-01,5.640563368797302246e-01,1.020424127578735352e+00
1762817477.240344524,8.242502808570861816e-01,5.636032819747924805e-01,1.020468711853027344e+00
1762817477.260535002,8.294491767883300781e-01,5.622146129608154297e-01,1.020477414131164551e+00
1762817477.280461311,8.345658183097839355e-01,5.615283846855163574e-01,1.020532608032226562e+00
1762817477.300300598,8.377503752708435059e-01,5.609872937202453613e-01,1.020567417144775391e+00
1762817477.320438385,8.447605371475219727e-01,5.585594773292541504e-01,1.020605921745300293e+00
1762817477.340409994,8.497855663299560547e-01,5.571107268333435059e-01,1.020661830902099609e+00
1762817477.360441923,8.547683954238891602e-01,5.555461645126342773e-01,1.020718693733215332e+00
1762817477.380476475,8.578395843505859375e-01,5.551825165748596191e-01,1.020787239074707031e+00
1762817477.401338100,8.628484010696411133e-01,5.533753633499145508e-01,1.020850181579589844e+00
1762817477.420362711,8.681976795196533203e-01,5.511530041694641113e-01,1.020907521247863770e+00
1762817477.440503120,8.730660080909729004e-01,5.491306781768798828e-01,1.020955324172973633e+00
1762817477.460485935,8.778525590896606445e-01,5.470206141471862793e-01,1.020994663238525391e+00
1762817477.480479717,8.825968503952026367e-01,5.447906255722045898e-01,1.021031737327575684e+00
1762817477.500442743,8.868572711944580078e-01,5.428449511528015137e-01,1.021074056625366211e+00
1762817477.521724701,8.919094800949096680e-01,5.400009155273437500e-01,1.021105527877807617e+00
1762817477.541365862,8.965878486633300781e-01,5.373384356498718262e-01,1.021138191223144531e+00
1762817477.561522007,9.011871218681335449e-01,5.345824360847473145e-01,1.021166086196899414e+00
1762817477.580365896,9.058305621147155762e-01,5.316010117530822754e-01,1.021190166473388672e+00
1762817477.600406170,9.102824330329895020e-01,5.286588072776794434e-01,1.021212935447692871e+00
1762817477.620611191,9.147779345512390137e-01,5.254959464073181152e-01,1.021227955818176270e+00
1762817477.641812801,9.192647933959960938e-01,5.221655964851379395e-01,1.021235942840576172e+00
1762817477.660506964,9.237631559371948242e-01,5.186397433280944824e-01,1.021235585212707520e+00
1762817477.681427240,9.280952215194702148e-01,5.151575207710266113e-01,1.021232247352600098e+00
1762817477.700450897,9.325584173202514648e-01,5.113125443458557129e-01,1.021219253540039062e+00
1762817477.720529079,9.368075132369995117e-01,5.075939297676086426e-01,1.021208405494689941e+00
1762817477.740400791,9.411080479621887207e-01,5.036204457283020020e-01,1.021197438240051270e+00
1762817477.760379314,9.453756213188171387e-01,4.995102286338806152e-01,1.021189689636230469e+00
1762817477.780550957,9.495394825935363770e-01,4.946563243865966797e-01,1.021158933639526367e+00
1762817477.800397873,9.522553086280822754e-01,4.928540587425231934e-01,1.021207690238952637e+00
1762817477.820426464,9.578626155853271484e-01,4.857827126979827881e-01,1.021182894706726074e+00
1762817477.841565371,9.620939493179321289e-01,4.816755354404449463e-01,1.021230340003967285e+00
1762817477.860494614,9.646348953247070312e-01,4.790915548801422119e-01,1.021256446838378906e+00
1762817477.880410433,9.689638018608093262e-01,4.736752808094024658e-01,1.021270155906677246e+00
1762817477.900363684,9.729440808296203613e-01,4.687158465385437012e-01,1.021288990974426270e+00
1762817477.920521021,9.765170216560363770e-01,4.643979668617248535e-01,1.021312713623046875e+00
1762817477.940370083,9.803657531738281250e-01,4.592985808849334717e-01,1.021331429481506348e+00
1762817477.960407972,9.846546649932861328e-01,4.529634714126586914e-01,1.021337747573852539e+00
1762817477.980540752,9.883901476860046387e-01,4.476087093353271484e-01,1.021357774734497070e+00
1762817478.000404596,9.920793771743774414e-01,4.421160817146301270e-01,1.021384835243225098e+00
1762817478.021417379,9.957923293113708496e-01,4.362994730472564697e-01,1.021417140960693359e+00
1762817478.041390181,9.993371963500976562e-01,4.306490719318389893e-01,1.021448850631713867e+00
1762817478.061355829,1.002884149551391602e+00,4.247315227985382080e-01,1.021471142768859863e+00
1762817478.082421780,1.006382822990417480e+00,4.186773896217346191e-01,1.021481752395629883e+00
1762817478.101479053,1.009753942489624023e+00,4.127222299575805664e-01,1.021480441093444824e+00
1762817478.121342182,1.013214468955993652e+00,4.062248766422271729e-01,1.021459579467773438e+00
1762817478.141408443,1.016486763954162598e+00,4.000250399112701416e-01,1.021436572074890137e+00
1762817478.161399364,1.019571781158447266e+00,3.941835761070251465e-01,1.021419405937194824e+00
1762817478.181365728,1.022792100906372070e+00,3.876050710678100586e-01,1.021399259567260742e+00
1762817478.201480389,1.025989294052124023e+00,3.807945251464843750e-01,1.021388888359069824e+00
1762817478.221488953,1.029330611228942871e+00,3.730837404727935791e-01,1.021387100219726562e+00
1762817478.241366386,1.032385349273681641e+00,3.661063015460968018e-01,1.021425008773803711e+00
1762817478.261538267,1.035378336906433105e+00,3.590219914913177490e-01,1.021486639976501465e+00
1762817478.281418562,1.038311243057250977e+00,3.518198132514953613e-01,1.021565914154052734e+00
1762817478.300577879,1.041182994842529297e+00,3.445023894309997559e-01,1.021643877029418945e+00
1762817478.322498083,1.044038772583007812e+00,3.368434906005859375e-01,1.021702289581298828e+00
1762817478.340343475,1.046578407287597656e+00,3.286603391170501709e-01,1.021703124046325684e+00
1762817478.360451460,1.049230217933654785e+00,3.211435377597808838e-01,1.021696686744689941e+00
1762817478.380512714,1.051836013793945312e+00,3.134164512157440186e-01,1.021658897399902344e+00
1762817478.400390387,1.054369688034057617e+00,3.055934011936187744e-01,1.021614074707031250e+00
1762817478.420404434,1.056827545166015625e+00,2.976899445056915283e-01,1.021581649780273438e+00
1762817478.441399097,1.059219598770141602e+00,2.896205186843872070e-01,1.021586656570434570e+00
1762817478.461527824,1.061505556106567383e+00,2.816756367683410645e-01,1.021639466285705566e+00
1762817478.481508732,1.063723444938659668e+00,2.735744118690490723e-01,1.021732807159423828e+00
1762817478.501508951,1.065859079360961914e+00,2.654152810573577881e-01,1.021858453750610352e+00
1762817478.521520138,1.067485213279724121e+00,2.613268196582794189e-01,1.021991610527038574e+00
1762817478.541386366,1.069466948509216309e+00,2.532992959022521973e-01,1.022144317626953125e+00
1762817478.561499357,1.071383714675903320e+00,2.450356781482696533e-01,1.022299528121948242e+00
1762817478.581360579,1.073213458061218262e+00,2.367181628942489624e-01,1.022448062896728516e+00
1762817478.601426601,1.074953675270080566e+00,2.283495813608169556e-01,1.022590279579162598e+00
1762817478.621347189,1.076600790023803711e+00,2.199198454618453979e-01,1.022720217704772949e+00
1762817478.641525269,1.078150868415832520e+00,2.114239782094955444e-01,1.022828817367553711e+00
1762817478.661496162,1.079601883888244629e+00,2.028579413890838623e-01,1.022912025451660156e+00
1762817478.681463957,1.080952048301696777e+00,1.942193061113357544e-01,1.022967815399169922e+00
1762817478.701609135,1.082199811935424805e+00,1.855079978704452515e-01,1.022997736930847168e+00
1762817478.721320391,1.083344340324401855e+00,1.767257302999496460e-01,1.023008823394775391e+00
1762817478.740493536,1.084384918212890625e+00,1.677645444869995117e-01,1.023009300231933594e+00
1762817478.760523558,1.085076689720153809e+00,1.596489101648330688e-01,1.022993087768554688e+00
1762817478.780342579,1.085921883583068848e+00,1.506984233856201172e-01,1.023004055023193359e+00
1762817478.801358938,1.086891412734985352e+00,1.409603953361511230e-01,1.023058533668518066e+00
1762817478.821490526,1.087527036666870117e+00,1.319291293621063232e-01,1.023117303848266602e+00
1762817478.841539383,1.088064432144165039e+00,1.228343024849891663e-01,1.023206353187561035e+00
1762817478.861437798,1.088505983352661133e+00,1.137062311172485352e-01,1.023323297500610352e+00
1762817478.881440163,1.088661909103393555e+00,1.052658557891845703e-01,1.023428082466125488e+00
1762817478.901542902,1.089107394218444824e+00,9.537873417139053345e-02,1.023607254028320312e+00
1762817478.921507835,1.089269280433654785e+00,8.619119226932525635e-02,1.023752570152282715e+00
1762817478.941380024,1.089174151420593262e+00,7.770948112010955811e-02,1.023858785629272461e+00
1762817478.961434841,1.089160919189453125e+00,6.850908696651458740e-02,1.023981094360351562e+00
1762817478.981603861,1.089054822921752930e+00,5.931027606129646301e-02,1.024087905883789062e+00
1762817479.001534224,1.088854670524597168e+00,5.011894181370735168e-02,1.024182438850402832e+00
1762817479.021460772,1.088559150695800781e+00,4.093845188617706299e-02,1.024275183677673340e+00
1762817479.041495800,1.088166236877441406e+00,3.177154809236526489e-02,1.024377107620239258e+00
1762817479.061566353,1.087673306465148926e+00,2.262232825160026550e-02,1.024495840072631836e+00
1762817479.081413984,1.087079167366027832e+00,1.349247060716152191e-02,1.024638772010803223e+00
1762817479.101432562,1.086381673812866211e+00,4.383290652185678482e-03,1.024804949760437012e+00
1762817479.121557951,1.085579276084899902e+00,-4.703259561210870743e-03,1.024987101554870605e+00
1762817479.141396523,1.084670424461364746e+00,-1.376527547836303711e-02,1.025174498558044434e+00
1762817479.160575628,1.083717703819274902e+00,-2.248713746666908264e-02,1.025352120399475098e+00
1762817479.180431604,1.082524776458740234e+00,-3.181825950741767883e-02,1.025516152381896973e+00
1762817479.200472116,1.081298470497131348e+00,-4.075582325458526611e-02,1.025652050971984863e+00
1762817479.220434189,1.079954266548156738e+00,-4.969450458884239197e-02,1.025761127471923828e+00
1762817479.240433693,1.078498244285583496e+00,-5.860224366188049316e-02,1.025852322578430176e+00
1762817479.260354996,1.076929092407226562e+00,-6.747872382402420044e-02,1.025936126708984375e+00
1762817479.280464411,1.075471878051757812e+00,-7.483072578907012939e-02,1.025996327400207520e+00
1762817479.300463915,1.073473334312438965e+00,-8.504042029380798340e-02,1.026112437248229980e+00
1762817479.320580244,1.071810722351074219e+00,-9.239096939563751221e-02,1.026185631752014160e+00
1762817479.340393305,1.070026040077209473e+00,-1.004224792122840881e-01,1.026297688484191895e+00
1762817479.361385107,1.067396402359008789e+00,-1.112208813428878784e-01,1.026462078094482422e+00
1762817479.381430149,1.065233707427978516e+00,-1.195964515209197998e-01,1.026605844497680664e+00
1762817479.400424480,1.062138438224792480e+00,-1.296583116054534912e-01,1.026732444763183594e+00
1762817479.421531677,1.060205101966857910e+00,-1.372238397598266602e-01,1.026908397674560547e+00
1762817479.441439390,1.057187914848327637e+00,-1.462888419628143311e-01,1.027014493942260742e+00
1762817479.461467743,1.054982423782348633e+00,-1.539311856031417847e-01,1.027140974998474121e+00
1762817479.481336594,1.053430795669555664e+00,-1.589090377092361450e-01,1.027200698852539062e+00
1762817479.501446724,1.048697948455810547e+00,-1.713799685239791870e-01,1.027223944664001465e+00
1762817479.521447420,1.045658349990844727e+00,-1.795797497034072876e-01,1.027251601219177246e+00
1762817479.541432142,1.042496085166931152e+00,-1.877241730690002441e-01,1.027283430099487305e+00
1762817479.561452627,1.039224505424499512e+00,-1.957781314849853516e-01,1.027342796325683594e+00
1762817479.581352234,1.035846471786499023e+00,-2.037288844585418701e-01,1.027434349060058594e+00
1762817479.600465775,1.034506082534790039e+00,-2.075475305318832397e-01,1.027557015419006348e+00
1762817479.621396303,1.030909776687622070e+00,-2.154279947280883789e-01,1.027695417404174805e+00
1762817479.641391754,1.027339339256286621e+00,-2.229460775852203369e-01,1.027855634689331055e+00
1762817479.661455631,1.023611068725585938e+00,-2.304355353116989136e-01,1.028034567832946777e+00
1762817479.681417704,1.019776701927185059e+00,-2.377880215644836426e-01,1.028224706649780273e+00
1762817479.701358080,1.015832066535949707e+00,-2.449971586465835571e-01,1.028413534164428711e+00
1762817479.721503735,1.011770486831665039e+00,-2.520617544651031494e-01,1.028585076332092285e+00
1762817479.741444111,1.007587075233459473e+00,-2.589797377586364746e-01,1.028724789619445801e+00
1762817479.760478258,1.003217339515686035e+00,-2.658330500125885010e-01,1.028822898864746094e+00
1762817479.780460119,9.988396763801574707e-01,-2.723685503005981445e-01,1.028874278068542480e+00
1762817479.800491571,9.942771196365356445e-01,-2.788285613059997559e-01,1.028882026672363281e+00
1762817479.820386648,9.895807504653930664e-01,-2.851366996765136719e-01,1.028855919837951660e+00
1762817479.841437340,9.847542047500610352e-01,-2.912862598896026611e-01,1.028813123703002930e+00
1762817479.861436844,9.797831773757934570e-01,-2.972905933856964111e-01,1.028769493103027344e+00
1762817479.881506681,9.747166633605957031e-01,-3.030979931354522705e-01,1.028738856315612793e+00
1762817479.901443720,9.695107936859130859e-01,-3.087576329708099365e-01,1.028726339340209961e+00
1762817479.921396255,9.641828536987304688e-01,-3.142505288124084473e-01,1.028729915618896484e+00
1762817479.941470623,9.587373733520507812e-01,-3.195742666721343994e-01,1.028743982315063477e+00
1762817479.961421967,9.531782865524291992e-01,-3.247273862361907959e-01,1.028757810592651367e+00
1762817479.981477737,9.475094676017761230e-01,-3.297075629234313965e-01,1.028758168220520020e+00
1762817480.001590729,9.421170353889465332e-01,-3.341747522354125977e-01,1.028726577758789062e+00
1762817480.021525145,9.362485408782958984e-01,-3.388178050518035889e-01,1.028675794601440430e+00
1762817480.041568995,9.302802085876464844e-01,-3.432787656784057617e-01,1.028593420982360840e+00
1762817480.061450005,9.242140054702758789e-01,-3.475536108016967773e-01,1.028485178947448730e+00
1762817480.080395937,9.180515408515930176e-01,-3.516389131546020508e-01,1.028362274169921875e+00
1762817480.100472689,9.117565751075744629e-01,-3.555508255958557129e-01,1.028234839439392090e+00
1762817480.121402979,9.054054617881774902e-01,-3.592385649681091309e-01,1.028115034103393555e+00
1762817480.141485929,8.989975452423095703e-01,-3.627079725265502930e-01,1.028012037277221680e+00
1762817480.161404371,8.924511075019836426e-01,-3.660008013248443604e-01,1.027922630310058594e+00
1762817480.180428267,8.856271505355834961e-01,-3.691743314266204834e-01,1.027837514877319336e+00
1762817480.200426102,8.790485858917236328e-01,-3.719807267189025879e-01,1.027759194374084473e+00
1762817480.220399857,8.722058534622192383e-01,-3.746642470359802246e-01,1.027663350105285645e+00
1762817480.240369558,8.652474880218505859e-01,-3.771524131298065186e-01,1.027539253234863281e+00
1762817480.260462761,8.581809401512145996e-01,-3.794415593147277832e-01,1.027377128601074219e+00
1762817480.280620813,8.510060906410217285e-01,-3.815323114395141602e-01,1.027173519134521484e+00
1762817480.300446749,8.437222242355346680e-01,-3.834245204925537109e-01,1.026929974555969238e+00
1762817480.320503950,8.363282680511474609e-01,-3.851169347763061523e-01,1.026651740074157715e+00
1762817480.340556383,8.274948000907897949e-01,-3.870169222354888916e-01,1.026286840438842773e+00
1762817480.360357761,8.212167024612426758e-01,-3.878901302814483643e-01,1.026052832603454590e+00
1762817480.380474091,8.135185241699218750e-01,-3.889705836772918701e-01,1.025756835937500000e+00
1762817480.400482178,8.057061433792114258e-01,-3.898475468158721924e-01,1.025475502014160156e+00
1762817480.420444489,7.977955341339111328e-01,-3.905166089534759521e-01,1.025213003158569336e+00
1762817480.440481424,7.897894382476806641e-01,-3.909777998924255371e-01,1.024971008300781250e+00
1762817480.460661650,7.816895246505737305e-01,-3.912300169467926025e-01,1.024739027023315430e+00
1762817480.481471062,7.732881307601928711e-01,-3.912840783596038818e-01,1.024499297142028809e+00
1762817480.501391411,7.652137279510498047e-01,-3.910995125770568848e-01,1.024260997772216797e+00
1762817480.521481514,7.590950727462768555e-01,-3.908381164073944092e-01,1.024069547653198242e+00
1762817480.541421652,7.498741745948791504e-01,-3.901353180408477783e-01,1.023761630058288574e+00
1762817480.561446190,7.413821816444396973e-01,-3.893533945083618164e-01,1.023456335067749023e+00
1762817480.581432819,7.327899932861328125e-01,-3.883533477783203125e-01,1.023136377334594727e+00
1762817480.601438761,7.247737646102905273e-01,-3.873541653156280518e-01,1.022828221321105957e+00
1762817480.621734858,7.172027230262756348e-01,-3.860250115394592285e-01,1.022545099258422852e+00
1762817480.641439199,7.076038122177124023e-01,-3.842946887016296387e-01,1.022189140319824219e+00
1762817480.661535978,6.986811757087707520e-01,-3.823991119861602783e-01,1.021875023841857910e+00
1762817480.681379557,6.897335648536682129e-01,-3.802706897258758545e-01,1.021586537361145020e+00
1762817480.701382637,6.807104349136352539e-01,-3.779051899909973145e-01,1.021325111389160156e+00
1762817480.721395493,6.712945699691772461e-01,-3.752440810203552246e-01,1.021068572998046875e+00
1762817480.741444349,6.635710597038269043e-01,-3.727261722087860107e-01,1.020867109298706055e+00
1762817480.761407852,6.543768644332885742e-01,-3.697004914283752441e-01,1.020606994628906250e+00
1762817480.781403303,6.450029015541076660e-01,-3.664273917675018311e-01,1.020308852195739746e+00
1762817480.801456690,6.355292797088623047e-01,-3.629255294799804688e-01,1.019965887069702148e+00
1762817480.821388245,6.259556412696838379e-01,-3.591983318328857422e-01,1.019576311111450195e+00
1762817480.841324568,6.162760257720947266e-01,-3.552470505237579346e-01,1.019135236740112305e+00
1762817480.861401796,6.064909696578979492e-01,-3.510740399360656738e-01,1.018650293350219727e+00
1762817480.881317139,5.966050028800964355e-01,-3.466827869415283203e-01,1.018134474754333496e+00
1762817480.901343107,5.866242051124572754e-01,-3.420758247375488281e-01,1.017600893974304199e+00
1762817480.921416521,5.765570998191833496e-01,-3.372563719749450684e-01,1.017069697380065918e+00
1762817480.941431761,5.664155483245849609e-01,-3.322286009788513184e-01,1.016565084457397461e+00
1762817480.961424351,5.562118887901306152e-01,-3.269967734813690186e-01,1.016107559204101562e+00
1762817480.981500864,5.459586977958679199e-01,-3.215652108192443848e-01,1.015711426734924316e+00
1762817481.001421452,5.356691479682922363e-01,-3.159391880035400391e-01,1.015389084815979004e+00
1762817481.021336555,5.253543853759765625e-01,-3.101226687431335449e-01,1.015142679214477539e+00
1762817481.041448116,5.158405900001525879e-01,-3.047840893268585205e-01,1.014968156814575195e+00
1762817481.061767817,5.054998993873596191e-01,-2.986131608486175537e-01,1.014847159385681152e+00
1762817481.081438780,4.943395853042602539e-01,-2.915619611740112305e-01,1.014766454696655273e+00
1762817481.101532936,4.839954972267150879e-01,-2.850146293640136719e-01,1.014703035354614258e+00
1762817481.121439219,4.736507236957550049e-01,-2.782897651195526123e-01,1.014634490013122559e+00
1762817481.141430855,4.633034169673919678e-01,-2.713881731033325195e-01,1.014541268348693848e+00
1762817481.161583662,4.551209211349487305e-01,-2.658537626266479492e-01,1.014441967010498047e+00
1762817481.181497574,4.451847076416015625e-01,-2.588837444782257080e-01,1.014284849166870117e+00
1762817481.201387644,4.345192909240722656e-01,-2.513256967067718506e-01,1.014081001281738281e+00
1762817481.221451521,4.241287708282470703e-01,-2.437640875577926636e-01,1.013868212699890137e+00
1762817481.241425991,4.123900234699249268e-01,-2.351932525634765625e-01,1.013630032539367676e+00
1762817481.261311769,4.021950364112854004e-01,-2.274293750524520874e-01,1.013438820838928223e+00
1762817481.280518770,3.930336534976959229e-01,-2.202081233263015747e-01,1.013284802436828613e+00
1762817481.300594807,3.825064599514007568e-01,-2.119673788547515869e-01,1.013104200363159180e+00
1762817481.320446730,3.718835711479187012e-01,-2.035335302352905273e-01,1.012907624244689941e+00
1762817481.340393782,3.597903549671173096e-01,-1.939601153135299683e-01,1.012648105621337891e+00
1762817481.360472918,3.488809764385223389e-01,-1.850725263357162476e-01,1.012364149093627930e+00
1762817481.381436586,3.389862477779388428e-01,-1.767943203449249268e-01,1.012052297592163086e+00
1762817481.400416851,3.283785581588745117e-01,-1.679137349128723145e-01,1.011658906936645508e+00
1762817481.421445847,3.172704279422760010e-01,-1.585774421691894531e-01,1.011193513870239258e+00
1762817481.441463947,3.061221241950988770e-01,-1.491147577762603760e-01,1.010704278945922852e+00
1762817481.461521864,2.931001782417297363e-01,-1.381718665361404419e-01,1.010142683982849121e+00
1762817481.481358290,2.834531664848327637e-01,-1.296342760324478149e-01,1.009801983833312988e+00
1762817481.501452684,2.718324065208435059e-01,-1.195425167679786682e-01,1.009469389915466309e+00
1762817481.521394491,2.607505917549133301e-01,-1.097689419984817505e-01,1.009270668029785156e+00
1762817481.541475296,2.493224292993545532e-01,-9.964924305677413940e-02,1.009193420410156250e+00
1762817481.561496973,2.378595620393753052e-01,-8.941925317049026489e-02,1.009240627288818359e+00
1762817481.581469297,2.263850718736648560e-01,-7.909827679395675659e-02,1.009385585784912109e+00
1762817481.600414991,2.156034857034683228e-01,-6.959251314401626587e-02,1.009572982788085938e+00
1762817481.620482922,2.043942809104919434e-01,-5.932869762182235718e-02,1.009808659553527832e+00
1762817481.640443563,1.929429322481155396e-01,-4.879805073142051697e-02,1.010037779808044434e+00
1762817481.660479546,1.814945191144943237e-01,-3.819444403052330017e-02,1.010234475135803223e+00
1762817481.680436611,1.700661480426788330e-01,-2.753268182277679443e-02,1.010385036468505859e+00
1762817481.700528145,1.586602628231048584e-01,-1.681768149137496948e-02,1.010495662689208984e+00
1762817481.720496178,1.472786366939544678e-01,-6.054135039448738098e-03,1.010590314865112305e+00
1762817481.740360737,1.359220743179321289e-01,4.753570538014173508e-03,1.010690212249755859e+00
1762817481.760369301,1.245927810668945312e-01,1.559896767139434814e-02,1.010821580886840820e+00
1762817481.780605555,1.132938563823699951e-01,2.647385559976100922e-02,1.011007547378540039e+00
1762817481.800416708,1.020256802439689636e-01,3.737297281622886658e-02,1.011255621910095215e+00
1762817481.820394039,9.078747779130935669e-02,4.829120635986328125e-02,1.011564493179321289e+00
1762817481.841426611,7.957970350980758667e-02,5.922215431928634644e-02,1.011923193931579590e+00
1762817481.861499310,6.834369897842407227e-02,7.021008431911468506e-02,1.012310147285461426e+00
1762817481.881361723,5.726182088255882263e-02,8.109407871961593628e-02,1.012697815895080566e+00
1762817481.901418924,4.614537209272384644e-02,9.202780574560165405e-02,1.013064503669738770e+00
1762817481.921383858,3.505264967679977417e-02,1.029560267925262451e-01,1.013395309448242188e+00
1762817481.940454006,2.371536567807197571e-02,1.140997409820556641e-01,1.013688683509826660e+00
1762817481.960500002,1.293316017836332321e-02,1.247746124863624573e-01,1.013932228088378906e+00
1762817481.980431318,1.921828137710690498e-03,1.356383264064788818e-01,1.014157056808471680e+00
1762817482.000458956,-9.087657555937767029e-03,1.464888006448745728e-01,1.014376878738403320e+00
1762817482.020454884,-2.008347399532794952e-02,1.573097109794616699e-01,1.014609575271606445e+00
1762817482.040449858,-3.106652200222015381e-02,1.680957376956939697e-01,1.014867782592773438e+00
1762817482.061445475,-4.230421409010887146e-02,1.790645420551300049e-01,1.015163302421569824e+00
1762817482.081487417,-5.299985036253929138e-02,1.895452588796615601e-01,1.015476942062377930e+00
1762817482.101465940,-6.392826139926910400e-02,2.001809775829315186e-01,1.015814900398254395e+00
1762817482.121479988,-7.485654950141906738e-02,2.107725739479064941e-01,1.016162872314453125e+00
1762817482.141413450,-8.675324171781539917e-02,2.216942161321640015e-01,1.016510605812072754e+00
1762817482.161564350,-9.666562080383300781e-02,2.317678928375244141e-01,1.016840934753417969e+00
1762817482.181419373,-1.085292994976043701e-01,2.425412833690643311e-01,1.017160415649414062e+00
1762817482.201400757,-1.193862408399581909e-01,2.528497576713562012e-01,1.017462253570556641e+00
1762817482.221428871,-1.302172988653182983e-01,2.630720436573028564e-01,1.017758965492248535e+00
1762817482.241468668,-1.410198956727981567e-01,2.732013165950775146e-01,1.018061518669128418e+00
1762817482.262369394,-1.508007943630218506e-01,2.828741669654846191e-01,1.018390059471130371e+00
1762817482.280482292,-1.626398712396621704e-01,2.932381927967071533e-01,1.018740296363830566e+00
1762817482.300610304,-1.731992065906524658e-01,3.029390275478363037e-01,1.019126892089843750e+00
1762817482.320412874,-1.838409304618835449e-01,3.126148283481597900e-01,1.019554376602172852e+00
1762817482.340407848,-1.944467276334762573e-01,3.221690058708190918e-01,1.020011305809020996e+00
1762817482.361472607,-2.051194757223129272e-01,3.316730558872222900e-01,1.020490407943725586e+00
1762817482.380688429,-2.102744877338409424e-01,3.370711803436279297e-01,1.020777106285095215e+00
1762817482.401369572,-2.207443118095397949e-01,3.462767004966735840e-01,1.021244883537292480e+00
1762817482.421404123,-2.310335934162139893e-01,3.552485704421997070e-01,1.021693468093872070e+00
1762817482.441546440,-2.413942217826843262e-01,3.641647696495056152e-01,1.022132277488708496e+00
1762817482.461344242,-2.517173886299133301e-01,3.729375302791595459e-01,1.022553563117980957e+00
1762817482.481574059,-2.620086371898651123e-01,3.815619647502899170e-01,1.022950649261474609e+00
1762817482.501639843,-2.722764611244201660e-01,3.900376558303833008e-01,1.023318886756896973e+00
1762817482.521357536,-2.825274467468261719e-01,3.983626067638397217e-01,1.023651480674743652e+00
1762817482.541520834,-2.927660942077636719e-01,4.065340161323547363e-01,1.023940324783325195e+00
1762817482.561451435,-3.029931783676147461e-01,4.145471751689910889e-01,1.024184346199035645e+00
1762817482.581371069,-3.132069706916809082e-01,4.223958253860473633e-01,1.024389386177062988e+00
1762817482.600558519,-3.234038650989532471e-01,4.300727546215057373e-01,1.024568080902099609e+00
1762817482.620408773,-3.328082263469696045e-01,4.367374479770660400e-01,1.024705886840820312e+00
1762817482.640453815,-3.437198996543884277e-01,4.448743760585784912e-01,1.024925351142883301e+00
1762817482.660482407,-3.530077934265136719e-01,4.511544108390808105e-01,1.025103211402893066e+00
1762817482.680584669,-3.633235991001129150e-01,4.582057595252990723e-01,1.025378465652465820e+00
1762817482.700372696,-3.731528222560882568e-01,4.648106992244720459e-01,1.025708079338073730e+00
1762817482.720493078,-3.830424547195434570e-01,4.712639153003692627e-01,1.026093721389770508e+00
1762817482.740499735,-3.929416835308074951e-01,4.775317311286926270e-01,1.026523947715759277e+00
1762817482.760418653,-4.027812778949737549e-01,4.835790395736694336e-01,1.026973128318786621e+00
1762817482.780336142,-4.125585258007049561e-01,4.894054830074310303e-01,1.027407407760620117e+00
1762817482.800436497,-4.222728908061981201e-01,4.950114488601684570e-01,1.027798295021057129e+00
1762817482.820497990,-4.319208562374114990e-01,5.003945231437683105e-01,1.028129935264587402e+00
1762817482.840329170,-4.415013790130615234e-01,5.055524706840515137e-01,1.028390407562255859e+00
1762817482.860507011,-4.510134160518646240e-01,5.104839801788330078e-01,1.028581857681274414e+00
1762817482.880427361,-4.604541659355163574e-01,5.151853561401367188e-01,1.028724789619445801e+00
1762817482.900371313,-4.698211848735809326e-01,5.196515321731567383e-01,1.028846383094787598e+00
1762817482.921511889,-4.793405830860137939e-01,5.239433050155639648e-01,1.028974175453186035e+00
1762817482.940476418,-4.885535538196563721e-01,5.279163122177124023e-01,1.029130578041076660e+00
1762817482.960430384,-4.974479675292968750e-01,5.315831303596496582e-01,1.029324769973754883e+00
1762817482.980581999,-5.064812898635864258e-01,5.350593924522399902e-01,1.029559254646301270e+00
1762817483.000365257,-5.154443979263305664e-01,5.382851958274841309e-01,1.029819726943969727e+00
1762817483.020341635,-5.243247747421264648e-01,5.412572026252746582e-01,1.030082821846008301e+00
1762817483.041414738,-5.333394408226013184e-01,5.440058112144470215e-01,1.030325770378112793e+00
1762817483.061339140,-5.418443679809570312e-01,5.464367270469665527e-01,1.030516028404235840e+00
1762817483.081406593,-5.504688024520874023e-01,5.486440658569335938e-01,1.030648589134216309e+00
1762817483.101461172,-5.590242147445678711e-01,5.505958795547485352e-01,1.030718445777893066e+00
1762817483.121376038,-5.674983263015747070e-01,5.522887110710144043e-01,1.030732154846191406e+00
1762817483.141545296,-5.758903026580810547e-01,5.537208318710327148e-01,1.030706644058227539e+00
1762817483.161459684,-5.841997265815734863e-01,5.548887252807617188e-01,1.030665516853332520e+00
1762817483.181379557,-5.924251675605773926e-01,5.557904243469238281e-01,1.030629515647888184e+00
1762817483.201353788,-6.005645394325256348e-01,5.564239025115966797e-01,1.030613541603088379e+00
1762817483.221486092,-6.093978285789489746e-01,5.563929677009582520e-01,1.030574321746826172e+00
1762817483.240314245,-6.174398064613342285e-01,5.564497709274291992e-01,1.030606508255004883e+00
1762817483.261446476,-6.252860426902770996e-01,5.562457442283630371e-01,1.030648827552795410e+00
1762817483.281482220,-6.321988701820373535e-01,5.562524199485778809e-01,1.030723214149475098e+00
1762817483.301541805,-6.406101584434509277e-01,5.550640821456909180e-01,1.030696392059326172e+00
1762817483.321458340,-6.474378705024719238e-01,5.545555353164672852e-01,1.030718684196472168e+00
1762817483.341371775,-6.556327342987060547e-01,5.528020858764648438e-01,1.030623435974121094e+00
1762817483.360390902,-6.592597365379333496e-01,5.526127219200134277e-01,1.030633568763732910e+00
1762817483.380496025,-6.667042970657348633e-01,5.508931279182434082e-01,1.030522465705871582e+00
1762817483.400597095,-6.736726760864257812e-01,5.490466356277465820e-01,1.030398011207580566e+00
1762817483.420400858,-6.807582378387451172e-01,5.468595623970031738e-01,1.030250191688537598e+00
1762817483.440384150,-6.877549290657043457e-01,5.443989038467407227e-01,1.030102014541625977e+00
1762817483.461421013,-6.946701407432556152e-01,5.416496396064758301e-01,1.029964327812194824e+00
1762817483.481592417,-7.014503479003906250e-01,5.386431813240051270e-01,1.029836654663085938e+00
1762817483.501520157,-7.081567049026489258e-01,5.353448390960693359e-01,1.029715657234191895e+00
1762817483.521406889,-7.147707343101501465e-01,5.317634344100952148e-01,1.029593944549560547e+00
1762817483.542463541,-7.212919592857360840e-01,5.279013514518737793e-01,1.029458761215209961e+00
1762817483.560422659,-7.277367115020751953e-01,5.237477421760559082e-01,1.029297709465026855e+00
1762817483.582565784,-7.350431680679321289e-01,5.185327529907226562e-01,1.029058694839477539e+00
1762817483.600433826,-7.413997650146484375e-01,5.136995315551757812e-01,1.028819084167480469e+00
1762817483.620405674,-7.474833130836486816e-01,5.087467432022094727e-01,1.028558969497680664e+00
1762817483.640459299,-7.534911036491394043e-01,5.035131573677062988e-01,1.028282284736633301e+00
1762817483.661546946,-7.594210505485534668e-01,4.979958236217498779e-01,1.028004646301269531e+00
1762817483.681322575,-7.651677131652832031e-01,4.923148453235626221e-01,1.027747035026550293e+00
1762817483.701354504,-7.708297371864318848e-01,4.863708913326263428e-01,1.027517318725585938e+00
1762817483.721408606,-7.763710021972656250e-01,4.802038669586181641e-01,1.027325034141540527e+00
1762817483.741472244,-7.817879915237426758e-01,4.738220274448394775e-01,1.027170538902282715e+00
1762817483.761367798,-7.870802283287048340e-01,4.672331511974334717e-01,1.027043700218200684e+00
1762817483.781444550,-7.920615077018737793e-01,4.606952369213104248e-01,1.026939749717712402e+00
1762817483.800429821,-7.978658080101013184e-01,4.525496363639831543e-01,1.026772618293762207e+00
1762817483.820564508,-8.030443191528320312e-01,4.449340403079986572e-01,1.026636362075805664e+00
1762817483.840487003,-8.075008988380432129e-01,4.380508363246917725e-01,1.026508331298828125e+00
1762817483.860389709,-8.121414780616760254e-01,4.305197298526763916e-01,1.026354074478149414e+00
1762817483.880403996,-8.142414689064025879e-01,4.270218312740325928e-01,1.026319384574890137e+00
1762817483.900428772,-8.210883736610412598e-01,4.148599803447723389e-01,1.025999307632446289e+00
1762817483.920386791,-8.253724575042724609e-01,4.067616760730743408e-01,1.025824189186096191e+00
1762817483.940480947,-8.295286893844604492e-01,3.984855711460113525e-01,1.025659322738647461e+00
1762817483.960355997,-8.313490152359008789e-01,3.946107625961303711e-01,1.025647044181823730e+00
1762817483.980412245,-8.374471068382263184e-01,3.814029991626739502e-01,1.025387883186340332e+00
1762817484.000463247,-8.411998748779296875e-01,3.726095557212829590e-01,1.025269985198974609e+00
1762817484.020494938,-8.448075056076049805e-01,3.636566698551177979e-01,1.025158762931823730e+00
1762817484.040618658,-8.482660651206970215e-01,3.545423448085784912e-01,1.025061964988708496e+00
1762817484.060468912,-8.506078124046325684e-01,3.478235900402069092e-01,1.025017499923706055e+00
1762817484.080419540,-8.537293076515197754e-01,3.386200964450836182e-01,1.024921894073486328e+00
1762817484.100491762,-8.567487001419067383e-01,3.291338682174682617e-01,1.024822711944580078e+00
1762817484.120716572,-8.596094250679016113e-01,3.195079267024993896e-01,1.024732947349548340e+00
1762817484.140430212,-8.621144890785217285e-01,3.103618025779724121e-01,1.024680018424987793e+00
1762817484.160515070,-8.646597862243652344e-01,3.004680871963500977e-01,1.024630665779113770e+00
1762817484.181426525,-8.663794398307800293e-01,2.929752469062805176e-01,1.024616241455078125e+00
1762817484.201407433,-8.695413470268249512e-01,2.793010771274566650e-01,1.024498701095581055e+00
1762817484.221483231,-8.716104626655578613e-01,2.690432965755462646e-01,1.024401903152465820e+00
1762817484.241451979,-8.734290003776550293e-01,2.591511905193328857e-01,1.024273633956909180e+00
1762817484.261487961,-8.752655386924743652e-01,2.484710067510604858e-01,1.024092793464660645e+00
1762817484.281428576,-8.769740462303161621e-01,2.376108318567276001e-01,1.023888468742370605e+00
1762817484.301485062,-8.788289427757263184e-01,2.256101071834564209e-01,1.023633122444152832e+00
1762817484.321436405,-8.802570700645446777e-01,2.144729048013687134e-01,1.023453116416931152e+00
1762817484.341500044,-8.815476894378662109e-01,2.032224237918853760e-01,1.023314476013183594e+00
1762817484.361495256,-8.826991915702819824e-01,1.918743997812271118e-01,1.023226618766784668e+00
1762817484.381458759,-8.829622268676757812e-01,1.862890422344207764e-01,1.023261427879333496e+00
1762817484.401442528,-8.845763802528381348e-01,1.689633727073669434e-01,1.023196101188659668e+00
1762817484.421536922,-8.846955895423889160e-01,1.631955504417419434e-01,1.023269414901733398e+00
1762817484.441496849,-8.853633999824523926e-01,1.513769775629043579e-01,1.023332834243774414e+00
1762817484.461441278,-8.858429789543151855e-01,1.398935765027999878e-01,1.023443341255187988e+00
1762817484.481476545,-8.861501812934875488e-01,1.287140995264053345e-01,1.023584723472595215e+00
1762817484.501491070,-8.863387107849121094e-01,1.171930581331253052e-01,1.023750305175781250e+00
1762817484.521356583,-8.863742947578430176e-01,1.056634783744812012e-01,1.023938298225402832e+00
1762817484.541494846,-8.862550258636474609e-01,9.414470195770263672e-02,1.024141550064086914e+00
1762817484.561484814,-8.859825134277343750e-01,8.263561129570007324e-02,1.024349212646484375e+00
1762817484.581446648,-8.855592608451843262e-01,7.113607227802276611e-02,1.024546504020690918e+00
1762817484.601418734,-8.849880695343017578e-01,5.964830145239830017e-02,1.024718403816223145e+00
1762817484.621433496,-8.842714428901672363e-01,4.817613959312438965e-02,1.024853587150573730e+00
1762817484.641428471,-8.834125399589538574e-01,3.672608360648155212e-02,1.024946212768554688e+00
1762817484.661536932,-8.824141025543212891e-01,2.530505508184432983e-02,1.025001764297485352e+00
1762817484.681403160,-8.812788724899291992e-01,1.392196398228406906e-02,1.025033235549926758e+00
1762817484.701380014,-8.800094127655029297e-01,2.586384071037173271e-03,1.025060296058654785e+00
1762817484.721397400,-8.786078095436096191e-01,-8.692596107721328735e-03,1.025108933448791504e+00
1762817484.741321802,-8.770770430564880371e-01,-1.990438438951969147e-02,1.025198936462402344e+00
1762817484.761367321,-8.754200935363769531e-01,-3.103846684098243713e-02,1.025343656539916992e+00
1762817484.781550407,-8.736395835876464844e-01,-4.208465293049812317e-02,1.025545716285705566e+00
1762817484.801501751,-8.717381358146667480e-01,-5.303403735160827637e-02,1.025798082351684570e+00
1762817484.821421385,-8.697179555892944336e-01,-6.387905776500701904e-02,1.026085734367370605e+00
1762817484.841480017,-8.675810694694519043e-01,-7.461234182119369507e-02,1.026387691497802734e+00
1762817484.860430241,-8.656396269798278809e-01,-8.442820608615875244e-02,1.026652216911315918e+00
1762817484.880512238,-8.632925748825073242e-01,-9.486655890941619873e-02,1.026921868324279785e+00
1762817484.900374651,-8.608238101005554199e-01,-1.052370294928550720e-01,1.027152419090270996e+00
1762817484.921348572,-8.581954240798950195e-01,-1.157278046011924744e-01,1.027341485023498535e+00
1762817484.940433741,-8.555393218994140625e-01,-1.255893856287002563e-01,1.027485013008117676e+00
1762817484.960373402,-8.527154922485351562e-01,-1.356008946895599365e-01,1.027610182762145996e+00
1762817484.980389833,-8.497955203056335449e-01,-1.453829407691955566e-01,1.027725577354431152e+00
1762817485.000415325,-8.467471003532409668e-01,-1.550891995429992676e-01,1.027845144271850586e+00
1762817485.020375967,-8.435790538787841797e-01,-1.646672040224075317e-01,1.027977705001831055e+00
1762817485.040405512,-8.402638435363769531e-01,-1.742087900638580322e-01,1.028124213218688965e+00
1762817485.060386658,-8.368855714797973633e-01,-1.834112405776977539e-01,1.028274416923522949e+00
1762817485.080578089,-8.333619832992553711e-01,-1.925862431526184082e-01,1.028419494628906250e+00
1762817485.100401878,-8.297179341316223145e-01,-2.016280889511108398e-01,1.028544664382934570e+00
1762817485.120333433,-8.259540200233459473e-01,-2.105278372764587402e-01,1.028643250465393066e+00
1762817485.140451670,-8.220702409744262695e-01,-2.192816436290740967e-01,1.028710961341857910e+00
1762817485.161310673,-8.180492520332336426e-01,-2.279260903596878052e-01,1.028749346733093262e+00
1762817485.181344748,-8.139445781707763672e-01,-2.363142669200897217e-01,1.028764605522155762e+00
1762817485.201445818,-8.097047209739685059e-01,-2.445802688598632812e-01,1.028768658638000488e+00
1762817485.221680880,-8.053458929061889648e-01,-2.526678144931793213e-01,1.028774380683898926e+00
1762817485.241460085,-8.008698821067810059e-01,-2.605654895305633545e-01,1.028795123100280762e+00
1762817485.261461258,-7.962780594825744629e-01,-2.682644426822662354e-01,1.028838276863098145e+00
1762817485.281367540,-7.915722131729125977e-01,-2.757556736469268799e-01,1.028904199600219727e+00
1762817485.301384926,-7.867537736892700195e-01,-2.830305695533752441e-01,1.028986334800720215e+00
1762817485.321456909,-7.818247079849243164e-01,-2.900812029838562012e-01,1.029074192047119141e+00
1762817485.341309547,-7.767868638038635254e-01,-2.969003617763519287e-01,1.029155611991882324e+00
1762817485.361388922,-7.715400457382202148e-01,-3.041268885135650635e-01,1.029224276542663574e+00
1762817485.381397724,-7.662839293479919434e-01,-3.104481995105743408e-01,1.029261708259582520e+00
1762817485.401555300,-7.609246373176574707e-01,-3.165204524993896484e-01,1.029267787933349609e+00
1762817485.421408653,-7.554638385772705078e-01,-3.223397731781005859e-01,1.029244422912597656e+00
1762817485.441370487,-7.499030828475952148e-01,-3.279019594192504883e-01,1.029196262359619141e+00
1762817485.461420298,-7.443771958351135254e-01,-3.326446712017059326e-01,1.029134154319763184e+00
1762817485.480479956,-7.407451868057250977e-01,-3.357026875019073486e-01,1.029087662696838379e+00
1762817485.500472307,-7.350338101387023926e-01,-3.404855728149414062e-01,1.029006242752075195e+00
1762817485.520515442,-7.291494607925415039e-01,-3.450995385646820068e-01,1.028914451599121094e+00
1762817485.540607691,-7.231500744819641113e-01,-3.494724929332733154e-01,1.028810739517211914e+00
1762817485.560368299,-7.170510888099670410e-01,-3.535823523998260498e-01,1.028690814971923828e+00
1762817485.580450773,-7.108483314514160156e-01,-3.574290573596954346e-01,1.028549551963806152e+00
1762817485.600554943,-7.045372724533081055e-01,-3.610145151615142822e-01,1.028382658958435059e+00
1762817485.620458126,-6.981152296066284180e-01,-3.643396794795989990e-01,1.028185009956359863e+00
1762817485.640515089,-6.915803551673889160e-01,-3.674042820930480957e-01,1.027952432632446289e+00
1762817485.660431862,-6.849320530891418457e-01,-3.702080249786376953e-01,1.027684688568115234e+00
1762817485.680408239,-6.781706213951110840e-01,-3.727498054504394531e-01,1.027384281158447266e+00
1762817485.700412273,-6.712964177131652832e-01,-3.750271499156951904e-01,1.027058362960815430e+00
1762817485.720351696,-6.643115878105163574e-01,-3.770385086536407471e-01,1.026715159416198730e+00
1762817485.740419626,-6.572183966636657715e-01,-3.787813484668731689e-01,1.026364088058471680e+00
1762817485.760565519,-6.500195860862731934e-01,-3.802530467510223389e-01,1.026012301445007324e+00
1762817485.780551195,-6.427185535430908203e-01,-3.814512789249420166e-01,1.025663733482360840e+00
1762817485.800483942,-6.359860897064208984e-01,-3.824187517166137695e-01,1.025347232818603516e+00
1762817485.820431471,-6.278049945831298828e-01,-3.830204606056213379e-01,1.024977207183837891e+00
1762817485.840573072,-6.210808157920837402e-01,-3.834454119205474854e-01,1.024670362472534180e+00
1762817485.860478401,-6.125652790069580078e-01,-3.834780156612396240e-01,1.024274230003356934e+00
1762817485.880386114,-6.047993302345275879e-01,-3.832950592041015625e-01,1.023894548416137695e+00
1762817485.901417732,-5.969248414039611816e-01,-3.828361630439758301e-01,1.023486852645874023e+00
1762817485.921392441,-5.889948010444641113e-01,-3.821060657501220703e-01,1.023052692413330078e+00
1762817485.940345287,-5.816756486892700195e-01,-3.812768757343292236e-01,1.022633194923400879e+00
1762817485.961412430,-5.714413523674011230e-01,-3.797924220561981201e-01,1.022023558616638184e+00
1762817485.981455803,-5.649355053901672363e-01,-3.784594833850860596e-01,1.021633863449096680e+00
1762817486.001454592,-5.551403164863586426e-01,-3.762980699539184570e-01,1.021042108535766602e+00
1762817486.021462917,-5.481997132301330566e-01,-3.746048808097839355e-01,1.020629644393920898e+00
1762817486.041503429,-5.402302742004394531e-01,-3.724093437194824219e-01,1.020169615745544434e+00
1762817486.061470747,-5.293377041816711426e-01,-3.692207932472229004e-01,1.019548058509826660e+00
1762817486.081496954,-5.227868556976318359e-01,-3.669951558113098145e-01,1.019186377525329590e+00
1762817486.101384640,-5.140862464904785156e-01,-3.639512956142425537e-01,1.018698811531066895e+00
1762817486.121613503,-5.051473379135131836e-01,-3.606136739253997803e-01,1.018198370933532715e+00
1762817486.141390800,-4.960914850234985352e-01,-3.570175170898437500e-01,1.017686486244201660e+00
1762817486.162519693,-4.859089851379394531e-01,-3.527078926563262939e-01,1.017096996307373047e+00
1762817486.180441856,-4.776015281677246094e-01,-3.490304350852966309e-01,1.016606450080871582e+00
1762817486.201392651,-4.676716327667236328e-01,-3.444132804870605469e-01,1.016011953353881836e+00
1762817486.221460342,-4.582297801971435547e-01,-3.398014008998870850e-01,1.015444040298461914e+00
1762817486.241411209,-4.491126239299774170e-01,-3.351526260375976562e-01,1.014896154403686523e+00
1762817486.261485338,-4.366192519664764404e-01,-3.285223543643951416e-01,1.014148354530334473e+00
1762817486.281437159,-4.267773330211639404e-01,-3.230565786361694336e-01,1.013576745986938477e+00
1762817486.301473141,-4.167973101139068604e-01,-3.173177540302276611e-01,1.013018727302551270e+00
1762817486.321444273,-4.067116081714630127e-01,-3.113244175910949707e-01,1.012483716011047363e+00
1762817486.341363668,-3.965343236923217773e-01,-3.050897121429443359e-01,1.011967897415161133e+00
1762817486.361474514,-3.906581401824951172e-01,-3.014296889305114746e-01,1.011679649353027344e+00
1762817486.380457640,-3.812776207923889160e-01,-2.954228818416595459e-01,1.011228203773498535e+00
1762817486.400355101,-3.700246810913085938e-01,-2.880437970161437988e-01,1.010706424713134766e+00
1762817486.420477629,-3.607551455497741699e-01,-2.817894816398620605e-01,1.010295510292053223e+00
1762817486.440469265,-3.491768538951873779e-01,-2.738166153430938721e-01,1.009807348251342773e+00
1762817486.460653543,-3.398011028766632080e-01,-2.671788632869720459e-01,1.009443759918212891e+00
1762817486.480380058,-3.292376995086669922e-01,-2.595551311969757080e-01,1.009067058563232422e+00
1762817486.500442505,-3.197722434997558594e-01,-2.525948882102966309e-01,1.008755564689636230e+00
1762817486.520445108,-3.091731965541839600e-01,-2.446349263191223145e-01,1.008424758911132812e+00
1762817486.540574789,-2.972823679447174072e-01,-2.355066537857055664e-01,1.008061885833740234e+00
1762817486.560377836,-2.875660359859466553e-01,-2.279388755559921265e-01,1.007744789123535156e+00
1762817486.580481291,-2.758872210979461670e-01,-2.186536788940429688e-01,1.007347583770751953e+00
1762817486.600485086,-2.660564482212066650e-01,-2.107457369565963745e-01,1.006985783576965332e+00
1762817486.620453596,-2.550934851169586182e-01,-2.017842531204223633e-01,1.006569504737854004e+00
1762817486.640389681,-2.439785599708557129e-01,-1.925746649503707886e-01,1.006139516830444336e+00
1762817486.660424709,-2.327681928873062134e-01,-1.831700652837753296e-01,1.005704402923583984e+00
1762817486.680390358,-2.214626222848892212e-01,-1.735769957304000854e-01,1.005276441574096680e+00
1762817486.700345755,-2.100586146116256714e-01,-1.637982279062271118e-01,1.004865527153015137e+00
1762817486.721369982,-1.984384804964065552e-01,-1.537349969148635864e-01,1.004474759101867676e+00
1762817486.741458178,-1.869607269763946533e-01,-1.437108963727951050e-01,1.004117965698242188e+00
1762817486.761413097,-1.752918958663940430e-01,-1.334340274333953857e-01,1.003782153129577637e+00
1762817486.781430960,-1.635451167821884155e-01,-1.230076551437377930e-01,1.003472328186035156e+00
1762817486.801489115,-1.517367362976074219e-01,-1.124490275979042053e-01,1.003193974494934082e+00
1762817486.821402550,-1.398790776729583740e-01,-1.017727553844451904e-01,1.002958297729492188e+00
1762817486.841427326,-1.279842108488082886e-01,-9.099262952804565430e-02,1.002779603004455566e+00
1762817486.861478567,-1.160633489489555359e-01,-8.012180775403976440e-02,1.002671360969543457e+00
1762817486.881379843,-1.041267067193984985e-01,-6.917297095060348511e-02,1.002645373344421387e+00
1762817486.901491880,-9.218221157789230347e-02,-5.815685540437698364e-02,1.002708673477172852e+00
1762817486.921388626,-8.023667335510253906e-02,-4.708416014909744263e-02,1.002859234809875488e+00
1762817486.941427708,-6.829598546028137207e-02,-3.596498444676399231e-02,1.003086209297180176e+00
1762817486.960498333,-5.636442080140113831e-02,-2.480818703770637512e-02,1.003372669219970703e+00
1762817486.980358362,-4.441707581281661987e-02,-1.359499804675579071e-02,1.003699779510498047e+00
1762817487.000467300,-3.380046039819717407e-02,-3.574092639610171318e-03,1.004019737243652344e+00
1762817487.020414352,-2.190270461142063141e-02,7.652318570762872696e-03,1.004360675811767578e+00
1762817487.040533781,-1.000938098877668381e-02,1.889807917177677155e-02,1.004680752754211426e+00
1762817487.060590267,3.141156397759914398e-03,3.132813051342964172e-02,1.004983067512512207e+00
1762817487.080400229,1.377173978835344315e-02,4.143149778246879578e-02,1.005222201347351074e+00
1762817487.101398468,2.592166140675544739e-02,5.295886099338531494e-02,1.005453467369079590e+00
1762817487.121430159,3.759337961673736572e-02,6.402517855167388916e-02,1.005653262138366699e+00
1762817487.141434669,4.951171949505805969e-02,7.532176375389099121e-02,1.005845665931701660e+00
1762817487.161388874,6.146400049328804016e-02,8.663894236087799072e-02,1.006034970283508301e+00
1762817487.180416107,7.369058579206466675e-02,9.820181876420974731e-02,1.006235718727111816e+00
1762817487.201392412,8.569682389497756958e-02,1.095327883958816528e-01,1.006445765495300293e+00
1762817487.221406221,9.746276587247848511e-02,1.206116080284118652e-01,1.006664752960205078e+00
1762817487.241340160,1.094956025481224060e-01,1.319173127412796021e-01,1.006900191307067871e+00
1762817487.261430025,1.215659528970718384e-01,1.432290226221084595e-01,1.007146716117858887e+00
1762817487.281446934,1.336593478918075562e-01,1.545303165912628174e-01,1.007400631904602051e+00
1762817487.301409245,1.457734704017639160e-01,1.658163815736770630e-01,1.007660508155822754e+00
1762817487.321325064,1.579060107469558716e-01,1.770824939012527466e-01,1.007923364639282227e+00
1762817487.340380430,1.701075136661529541e-01,1.883718222379684448e-01,1.008188605308532715e+00
1762817487.360481977,1.821982264518737793e-01,1.995149701833724976e-01,1.008450865745544434e+00
1762817487.380392313,1.943473219871520996e-01,2.106653004884719849e-01,1.008722066879272461e+00
1762817487.400381327,2.064940482378005981e-01,2.217622697353363037e-01,1.009013772010803223e+00
1762817487.420504808,2.186291366815567017e-01,2.327933460474014282e-01,1.009343862533569336e+00
1762817487.440426350,2.307466715574264526e-01,2.437488287687301636e-01,1.009723186492919922e+00
1762817487.460455894,2.428409904241561890e-01,2.546185851097106934e-01,1.010157942771911621e+00
1762817487.480556726,2.549072504043579102e-01,2.653928399085998535e-01,1.010646820068359375e+00
1762817487.500455379,2.669417560100555420e-01,2.760626971721649170e-01,1.011179924011230469e+00
1762817487.521437883,2.791915237903594971e-01,2.868366837501525879e-01,1.011758208274841309e+00
1762817487.541423559,2.909054756164550781e-01,2.970567047595977783e-01,1.012328267097473145e+00
1762817487.561453581,3.028081953525543213e-01,3.073482811450958252e-01,1.012911915779113770e+00
1762817487.581509113,3.146812617778778076e-01,3.175149559974670410e-01,1.013488531112670898e+00
1762817487.601446390,3.265112340450286865e-01,3.275399208068847656e-01,1.014053463935852051e+00
1762817487.621405840,3.382975757122039795e-01,3.374179899692535400e-01,1.014607548713684082e+00
1762817487.641412020,3.500405251979827881e-01,3.471447825431823730e-01,1.015152573585510254e+00
1762817487.661512613,3.617402911186218262e-01,3.567160069942474365e-01,1.015690445899963379e+00
1762817487.681422949,3.733970224857330322e-01,3.661275207996368408e-01,1.016222119331359863e+00
1762817487.701422453,3.850103020668029785e-01,3.753752112388610840e-01,1.016747236251831055e+00
1762817487.721448183,3.965801894664764404e-01,3.844553232192993164e-01,1.017264246940612793e+00
1762817487.741404772,4.081065356731414795e-01,3.933643102645874023e-01,1.017771601676940918e+00
1762817487.760442257,4.201347231864929199e-01,4.024086594581604004e-01,1.018292307853698730e+00
1762817487.780442953,4.314467906951904297e-01,4.108605086803436279e-01,1.018767476081848145e+00
1762817487.800426245,4.428246915340423584e-01,4.192135632038116455e-01,1.019233226776123047e+00
1762817487.820615530,4.541599750518798828e-01,4.273849129676818848e-01,1.019688248634338379e+00
1762817487.840511322,4.607133567333221436e-01,4.322139024734497070e-01,1.019951343536376953e+00
1762817487.861446619,4.719891250133514404e-01,4.401068091392517090e-01,1.020392179489135742e+00
1762817487.881432295,4.830327928066253662e-01,4.476916491985321045e-01,1.020817995071411133e+00
1762817487.901448488,4.941555559635162354e-01,4.551699161529541016e-01,1.021237254142761230e+00
1762817487.921452522,5.052289962768554688e-01,4.624501168727874756e-01,1.021649360656738281e+00
1762817487.941546202,5.162523388862609863e-01,4.695252776145935059e-01,1.022059679031372070e+00
1762817487.960407734,5.272306799888610840e-01,4.763942658901214600e-01,1.022467255592346191e+00
1762817487.980430365,5.381910800933837891e-01,4.830672442913055420e-01,1.022865653038024902e+00
1762817488.000520706,5.490588545799255371e-01,4.895013868808746338e-01,1.023239731788635254e+00
1762817488.020441294,5.599094033241271973e-01,4.957355856895446777e-01,1.023579001426696777e+00
1762817488.040321827,5.707150697708129883e-01,5.017516016960144043e-01,1.023874044418334961e+00
1762817488.061362743,5.815808773040771484e-01,5.075954794883728027e-01,1.024129033088684082e+00
1762817488.082591534,5.921744704246520996e-01,5.131092071533203125e-01,1.024346709251403809e+00
1762817488.100371361,6.039658188819885254e-01,5.189267992973327637e-01,1.024559617042541504e+00
1762817488.120461941,6.151983141899108887e-01,5.240597128868103027e-01,1.024738550186157227e+00
1762817488.140492678,6.251156330108642578e-01,5.286331772804260254e-01,1.024948358535766602e+00
1762817488.160380840,6.332684159278869629e-01,5.323997139930725098e-01,1.025168895721435547e+00
1762817488.181361437,6.436800360679626465e-01,5.367819070816040039e-01,1.025454282760620117e+00
1762817488.201475382,6.537225842475891113e-01,5.408238172531127930e-01,1.025761723518371582e+00
1762817488.221546888,6.663327217102050781e-01,5.455980300903320312e-01,1.026166677474975586e+00
1762817488.241612196,6.767529845237731934e-01,5.489770174026489258e-01,1.026491761207580566e+00
1762817488.261448860,6.851179599761962891e-01,5.521508455276489258e-01,1.026784062385559082e+00
1762817488.281465292,6.943275332450866699e-01,5.548257231712341309e-01,1.027045369148254395e+00
1762817488.301451206,7.036657929420471191e-01,5.575697422027587891e-01,1.027269601821899414e+00
1762817488.321501017,7.133859992027282715e-01,5.601575374603271484e-01,1.027428388595581055e+00
1762817488.341368198,7.230494618415832520e-01,5.624953508377075195e-01,1.027511000633239746e+00
1762817488.361444473,7.326335906982421875e-01,5.645765662193298340e-01,1.027542471885681152e+00
1762817488.381354809,7.421391606330871582e-01,5.663979649543762207e-01,1.027547717094421387e+00
1762817488.401579380,7.515646815299987793e-01,5.679556131362915039e-01,1.027550220489501953e+00
1762817488.420424938,7.609084844589233398e-01,5.692475438117980957e-01,1.027568101882934570e+00
1762817488.440409899,7.702062726020812988e-01,5.702667832374572754e-01,1.027610063552856445e+00
1762817488.461393595,7.795105576515197754e-01,5.710048079490661621e-01,1.027673840522766113e+00
1762817488.481426477,7.884060740470886230e-01,5.715008378028869629e-01,1.027752757072448730e+00
1762817488.501410723,7.973691225051879883e-01,5.717126131057739258e-01,1.027827739715576172e+00
1762817488.521431684,8.062365055084228516e-01,5.716503858566284180e-01,1.027887463569641113e+00
1762817488.541486502,8.149949312210083008e-01,5.713139176368713379e-01,1.027924895286560059e+00
1762817488.561476707,8.236396312713623047e-01,5.707027912139892578e-01,1.027936458587646484e+00
1762817488.581412554,8.321661353111267090e-01,5.698163509368896484e-01,1.027922868728637695e+00
1762817488.601401091,8.405691981315612793e-01,5.686534643173217773e-01,1.027889251708984375e+00
1762817488.621379852,8.488439917564392090e-01,5.672132372856140137e-01,1.027844071388244629e+00
1762817488.640443563,8.572089672088623047e-01,5.648968815803527832e-01,1.027744412422180176e+00
1762817488.660364628,8.651278614997863770e-01,5.629168152809143066e-01,1.027703642845153809e+00
1762817488.680474997,8.729830384254455566e-01,5.606273412704467773e-01,1.027670860290527344e+00
1762817488.700391769,8.807014226913452148e-01,5.580600500106811523e-01,1.027645349502563477e+00
1762817488.720426321,8.882780671119689941e-01,5.552219748497009277e-01,1.027618527412414551e+00
1762817488.740459919,8.957135081291198730e-01,5.521190166473388672e-01,1.027583599090576172e+00
1762817488.760683298,9.030096530914306641e-01,5.487536191940307617e-01,1.027535080909729004e+00
1762817488.780305862,9.101678729057312012e-01,5.451300740242004395e-01,1.027461528778076172e+00
1762817488.800477505,9.171883463859558105e-01,5.412548780441284180e-01,1.027357816696166992e+00
1762817488.820464134,9.240727424621582031e-01,5.371285080909729004e-01,1.027232170104980469e+00
1762817488.840390444,9.308221936225891113e-01,5.327519774436950684e-01,1.027088761329650879e+00
1762817488.860434771,9.374365210533142090e-01,5.281317830085754395e-01,1.026928067207336426e+00
1762817488.880512238,9.439164400100708008e-01,5.232703089714050293e-01,1.026760220527648926e+00
1762817488.900337934,9.502622485160827637e-01,5.181717276573181152e-01,1.026590824127197266e+00
1762817488.920392513,9.564741253852844238e-01,5.128394365310668945e-01,1.026426434516906738e+00
1762817488.940501213,9.602915644645690918e-01,5.104939937591552734e-01,1.026419401168823242e+00
1762817488.960333347,9.662522077560424805e-01,5.048677921295166016e-01,1.026267647743225098e+00
1762817488.980417013,9.721071124076843262e-01,4.989826679229736328e-01,1.026120185852050781e+00
1762817489.000519991,9.778439998626708984e-01,4.928537607192993164e-01,1.025981068611145020e+00
1762817489.020336390,9.834483265876770020e-01,4.864927530288696289e-01,1.025858521461486816e+00
1762817489.040455818,9.889196753501892090e-01,4.798911809921264648e-01,1.025745868682861328e+00
1762817489.060813189,9.942579865455627441e-01,4.730447232723236084e-01,1.025631546974182129e+00
1762817489.080450773,9.994632601737976074e-01,4.659518599510192871e-01,1.025500893592834473e+00
1762817489.100413322,1.004535555839538574e+00,4.586135447025299072e-01,1.025337815284729004e+00
1762817489.120435953,1.009476184844970703e+00,4.510326981544494629e-01,1.025131940841674805e+00
1762817489.140349150,1.014286875724792480e+00,4.432159066200256348e-01,1.024879813194274902e+00
1762817489.160469770,1.018363833427429199e+00,4.357343912124633789e-01,1.024593234062194824e+00
1762817489.180481911,1.023529291152954102e+00,4.269035160541534424e-01,1.024272441864013672e+00
1762817489.200583220,1.027383327484130859e+00,4.190299510955810547e-01,1.023950219154357910e+00
1762817489.220518112,1.031712889671325684e+00,4.103702008724212646e-01,1.023639202117919922e+00
1762817489.240310192,1.035926699638366699e+00,4.015190005302429199e-01,1.023367643356323242e+00
1762817489.260434866,1.039583563804626465e+00,3.940324485301971436e-01,1.023210406303405762e+00
1762817489.280404329,1.043560743331909180e+00,3.849554061889648438e-01,1.023044943809509277e+00
1762817489.300569057,1.047454953193664551e+00,3.756327033042907715e-01,1.022930622100830078e+00
1762817489.320508003,1.051242470741271973e+00,3.661591708660125732e-01,1.022867441177368164e+00
1762817489.340495348,1.055299639701843262e+00,3.549290001392364502e-01,1.022828102111816406e+00
1762817489.360415697,1.058526158332824707e+00,3.466859757900238037e-01,1.022871851921081543e+00
1762817489.380441666,1.061981081962585449e+00,3.368697762489318848e-01,1.022901058197021484e+00
1762817489.401473999,1.065427303314208984e+00,3.264437019824981689e-01,1.022906541824340820e+00
1762817489.421443462,1.068676710128784180e+00,3.163115382194519043e-01,1.022874832153320312e+00
1762817489.441457033,1.071996927261352539e+00,3.049965798854827881e-01,1.022781252861022949e+00
1762817489.461388350,1.074811458587646484e+00,2.958510220050811768e-01,1.022697210311889648e+00
1762817489.481483221,1.077919721603393555e+00,2.840001583099365234e-01,1.022537350654602051e+00
1762817489.500362873,1.080537438392639160e+00,2.744750082492828369e-01,1.022448182106018066e+00
1762817489.520365477,1.083216547966003418e+00,2.635293900966644287e-01,1.022355318069458008e+00
1762817489.541457653,1.085862159729003906e+00,2.515279948711395264e-01,1.022299647331237793e+00
1762817489.561544895,1.088108777999877930e+00,2.417804598808288574e-01,1.022334098815917969e+00
1762817489.581516504,1.090475440025329590e+00,2.293013632297515869e-01,1.022389531135559082e+00
1762817489.601410151,1.092580318450927734e+00,2.179260551929473877e-01,1.022502541542053223e+00
1762817489.621370554,1.094560146331787109e+00,2.061481028795242310e-01,1.022634148597717285e+00
1762817489.641408920,1.096347570419311523e+00,1.949938386678695679e-01,1.022771596908569336e+00
1762817489.661471367,1.097974538803100586e+00,1.845211982727050781e-01,1.022889018058776855e+00
1762817489.681535721,1.099498748779296875e+00,1.732895523309707642e-01,1.022969245910644531e+00
1762817489.700531006,1.100921630859375000e+00,1.601148247718811035e-01,1.022992730140686035e+00
1762817489.720405579,1.101863980293273926e+00,1.505932658910751343e-01,1.022986769676208496e+00
1762817489.740490437,1.102988004684448242e+00,1.390043199062347412e-01,1.023000359535217285e+00
1762817489.760481834,1.104229807853698730e+00,1.257600784301757812e-01,1.023078799247741699e+00
1762817489.780602217,1.105050444602966309e+00,1.142097339034080505e-01,1.023193597793579102e+00
1762817489.800485373,1.105479240417480469e+00,1.033402308821678162e-01,1.023334622383117676e+00
1762817489.820391178,1.105795145034790039e+00,8.763406425714492798e-02,1.023630261421203613e+00
1762817489.840394974,1.106329917907714844e+00,7.849816232919692993e-02,1.023935198783874512e+00
1762817489.860531330,1.106610059738159180e+00,6.747310608625411987e-02,1.024281859397888184e+00
1762817489.880459309,1.106687426567077637e+00,5.558959022164344788e-02,1.024641036987304688e+00
1762817489.900475264,1.106609582901000977e+00,4.368019104003906250e-02,1.024970650672912598e+00
1762817489.920571089,1.106373190879821777e+00,3.174738958477973938e-02,1.025263071060180664e+00
1762817489.941431761,1.106002330780029297e+00,1.998749934136867523e-02,1.025521159172058105e+00
1762817489.961407661,1.105473041534423828e+00,8.212733082473278046e-03,1.025751829147338867e+00
1762817489.981446505,1.104789257049560547e+00,-3.509294707328081131e-03,1.025973916053771973e+00
1762817490.001399517,1.103949546813964844e+00,-1.516786124557256699e-02,1.026208281517028809e+00
1762817490.021520376,1.102952599525451660e+00,-2.675273828208446503e-02,1.026467323303222656e+00
1762817490.041488647,1.101797103881835938e+00,-3.825521469116210938e-02,1.026762962341308594e+00
1762817490.061559439,1.100482225418090820e+00,-4.966519027948379517e-02,1.027092576026916504e+00
1762817490.081422091,1.099007368087768555e+00,-6.097456812858581543e-02,1.027450084686279297e+00
1762817490.101453066,1.097373008728027344e+00,-7.217624038457870483e-02,1.027825355529785156e+00
1762817490.121517897,1.095579624176025391e+00,-8.326317369937896729e-02,1.028202056884765625e+00
1762817490.142511606,1.093628048896789551e+00,-9.422785043716430664e-02,1.028565168380737305e+00
1762817490.161404610,1.091519474983215332e+00,-1.050637885928153992e-01,1.028904199600219727e+00
1762817490.181445599,1.089255332946777344e+00,-1.157661080360412598e-01,1.029215931892395020e+00
1762817490.201395988,1.086836099624633789e+00,-1.263294368982315063e-01,1.029505729675292969e+00
1762817490.221444607,1.084258794784545898e+00,-1.367470175027847290e-01,1.029769659042358398e+00
1762817490.241518497,1.081524968147277832e+00,-1.470153629779815674e-01,1.030018925666809082e+00
1762817490.261530161,1.078637003898620605e+00,-1.571324765682220459e-01,1.030265092849731445e+00
1762817490.281496286,1.075597047805786133e+00,-1.670964807271957397e-01,1.030512213706970215e+00
1762817490.301459789,1.072406768798828125e+00,-1.769058704376220703e-01,1.030761122703552246e+00
1762817490.321450710,1.069068312644958496e+00,-1.865592747926712036e-01,1.031007170677185059e+00
1762817490.341443777,1.065583467483520508e+00,-1.960556656122207642e-01,1.031242251396179199e+00
1762817490.360327959,1.061112761497497559e+00,-2.067221850156784058e-01,1.031439185142517090e+00
1762817490.380376816,1.057554006576538086e+00,-2.154204100370407104e-01,1.031617283821105957e+00
1762817490.400401592,1.053645849227905273e+00,-2.243985831737518311e-01,1.031764745712280273e+00
1762817490.420560598,1.049584984779357910e+00,-2.332412302494049072e-01,1.031876564025878906e+00
1762817490.440402508,1.045387268066406250e+00,-2.419149875640869141e-01,1.031951665878295898e+00
1762817490.460496187,1.041058063507080078e+00,-2.504118978977203369e-01,1.032006263732910156e+00
1762817490.480530024,1.037969350814819336e+00,-2.565467357635498047e-01,1.032074213027954102e+00
1762817490.500435829,1.033833384513854980e+00,-2.640653848648071289e-01,1.032137155532836914e+00
1762817490.520460367,1.029183149337768555e+00,-2.720364630222320557e-01,1.032205343246459961e+00
1762817490.540583849,1.024380087852478027e+00,-2.798610031604766846e-01,1.032288670539855957e+00
1762817490.560415983,1.017258286476135254e+00,-2.904416322708129883e-01,1.032387971878051758e+00
1762817490.580381393,1.012440681457519531e+00,-2.974188923835754395e-01,1.032493472099304199e+00
1762817490.600591660,1.007123351097106934e+00,-3.047978579998016357e-01,1.032580256462097168e+00
1762817490.620333910,1.001698613166809082e+00,-3.119120895862579346e-01,1.032601833343505859e+00
1762817490.640437365,9.961349964141845703e-01,-3.188430070877075195e-01,1.032542109489440918e+00
1762817490.660542488,9.904372692108154297e-01,-3.255856633186340332e-01,1.032402038574218750e+00
1762817490.680461168,9.846091270446777344e-01,-3.321318924427032471e-01,1.032202005386352539e+00
1762817490.700372934,9.786541461944580078e-01,-3.384697139263153076e-01,1.031974315643310547e+00
1762817490.720440865,9.725763797760009766e-01,-3.445881605148315430e-01,1.031764626502990723e+00
1762817490.741606951,9.663034677505493164e-01,-3.505384624004364014e-01,1.031605362892150879e+00
1762817490.761384249,9.600753784179687500e-01,-3.561145365238189697e-01,1.031522512435913086e+00
1762817490.781361580,9.536576271057128906e-01,-3.615205585956573486e-01,1.031506061553955078e+00
1762817490.801393032,9.471272826194763184e-01,-3.666844666004180908e-01,1.031538486480712891e+00
1762817490.822446585,9.401225447654724121e-01,-3.718587160110473633e-01,1.031587243080139160e+00
1762817490.840539455,9.378932118415832520e-01,-3.734760880470275879e-01,1.031631708145141602e+00
1762817490.860578537,9.311527013778686523e-01,-3.780104219913482666e-01,1.031638026237487793e+00
1762817490.880482435,9.242688417434692383e-01,-3.823288679122924805e-01,1.031583786010742188e+00
1762817490.900449038,9.170957803726196289e-01,-3.865061998367309570e-01,1.031458377838134766e+00
1762817490.920453787,9.095419049263000488e-01,-3.905493021011352539e-01,1.031258463859558105e+00
1762817490.940370560,9.029725193977355957e-01,-3.937942087650299072e-01,1.031025528907775879e+00
1762817490.960361242,8.956394195556640625e-01,-3.971253037452697754e-01,1.030724048614501953e+00
1762817490.980367661,8.881545066833496094e-01,-4.002208411693572998e-01,1.030391216278076172e+00
1762817491.000415325,8.804821372032165527e-01,-4.030907750129699707e-01,1.030045986175537109e+00
1762817491.021559477,8.701744079589843750e-01,-4.065754115581512451e-01,1.029580593109130859e+00
1762817491.041409969,8.619812130928039551e-01,-4.089775979518890381e-01,1.029234647750854492e+00
1762817491.061434031,8.538365364074707031e-01,-4.110785424709320068e-01,1.028894305229187012e+00
1762817491.081544638,8.455564379692077637e-01,-4.129523336887359619e-01,1.028532385826110840e+00
1762817491.100411415,8.366898298263549805e-01,-4.147024750709533691e-01,1.028101444244384766e+00
1762817491.120376587,8.285931944847106934e-01,-4.160241782665252686e-01,1.027665376663208008e+00
1762817491.140431643,8.199840188026428223e-01,-4.172140061855316162e-01,1.027170777320861816e+00
1762817491.160360336,8.112584352493286133e-01,-4.181774258613586426e-01,1.026660799980163574e+00
1762817491.180442572,8.024534583091735840e-01,-4.189029633998870850e-01,1.026171803474426270e+00
1762817491.200414658,7.959937453269958496e-01,-4.191447496414184570e-01,1.025870442390441895e+00
1762817491.220431328,7.854526042938232422e-01,-4.195508658885955811e-01,1.025431513786315918e+00
1762817491.240402937,7.763945460319519043e-01,-4.195622801780700684e-01,1.025160551071166992e+00
1762817491.260375261,7.673854231834411621e-01,-4.193122386932373047e-01,1.024989366531372070e+00
1762817491.280508995,7.576853036880493164e-01,-4.188196957111358643e-01,1.024875998497009277e+00
1762817491.300400972,7.515345215797424316e-01,-4.181232154369354248e-01,1.024832487106323242e+00
1762817491.320472956,7.425140738487243652e-01,-4.171834886074066162e-01,1.024713397026062012e+00
1762817491.341446877,7.332004904747009277e-01,-4.159861505031585693e-01,1.024519324302673340e+00
1762817491.360383987,7.263948321342468262e-01,-4.149546921253204346e-01,1.024324893951416016e+00
1762817491.380387545,7.168421745300292969e-01,-4.133142530918121338e-01,1.023969531059265137e+00
1762817491.400444984,7.073266506195068359e-01,-4.114321768283843994e-01,1.023521661758422852e+00
1762817491.420376062,6.977123618125915527e-01,-4.092995822429656982e-01,1.022992730140686035e+00
1762817491.441429853,6.879903674125671387e-01,-4.067261815071105957e-01,1.022392392158508301e+00
1762817491.461297989,6.782064437866210938e-01,-4.042657315731048584e-01,1.021756649017333984e+00
1762817491.481535912,6.673997640609741211e-01,-4.009665548801422119e-01,1.021049141883850098e+00
1762817491.501636267,6.573281288146972656e-01,-3.977581560611724854e-01,1.020416140556335449e+00
1762817491.521335125,6.479823589324951172e-01,-3.947100937366485596e-01,1.019861459732055664e+00
1762817491.541408300,6.377180218696594238e-01,-3.909964561462402344e-01,1.019314646720886230e+00
1762817491.561341763,6.290422677993774414e-01,-3.875393271446228027e-01,1.018904089927673340e+00
1762817491.581449270,6.187394857406616211e-01,-3.833822309970855713e-01,1.018446803092956543e+00
1762817491.601441622,6.069428324699401855e-01,-3.784801959991455078e-01,1.017961502075195312e+00
1762817491.621417046,5.973601937294006348e-01,-3.741260170936584473e-01,1.017606139183044434e+00
1762817491.641390562,5.871977210044860840e-01,-3.693511188030242920e-01,1.017258048057556152e+00
1762817491.661378145,5.766191482543945312e-01,-3.642079234123229980e-01,1.016912221908569336e+00
1762817491.681364536,5.659816861152648926e-01,-3.588256835937500000e-01,1.016581535339355469e+00
1762817491.701679230,5.553115606307983398e-01,-3.532166779041290283e-01,1.016263365745544434e+00
1762817491.721400261,5.446083545684814453e-01,-3.473842442035675049e-01,1.015946269035339355e+00
1762817491.741517067,5.338720679283142090e-01,-3.413307368755340576e-01,1.015623927116394043e+00
1762817491.760322809,5.229737162590026855e-01,-3.349936008453369141e-01,1.015288472175598145e+00
1762817491.780451536,5.123084783554077148e-01,-3.285714089870452881e-01,1.014948725700378418e+00
1762817491.800498724,5.014982819557189941e-01,-3.218796253204345703e-01,1.014592885971069336e+00
1762817491.820403576,4.906609058380126953e-01,-3.149778246879577637e-01,1.014231920242309570e+00
1762817491.840365171,4.798074662685394287e-01,-3.078742027282714844e-01,1.013879060745239258e+00
1762817491.860437632,4.687806367874145508e-01,-3.004789352416992188e-01,1.013543367385864258e+00
1762817491.880577803,4.554380774497985840e-01,-2.918060421943664551e-01,1.013164758682250977e+00
1762817491.900382519,4.472039639949798584e-01,-2.856943905353546143e-01,1.012982726097106934e+00
1762817491.920341730,4.349182546138763428e-01,-2.766724824905395508e-01,1.012754559516906738e+00
1762817491.940408468,4.236242473125457764e-01,-2.683565318584442139e-01,1.012587666511535645e+00
1762817491.961375952,4.124490022659301758e-01,-2.599310278892517090e-01,1.012478351593017578e+00
1762817491.981436253,4.032196402549743652e-01,-2.526284158229827881e-01,1.012418031692504883e+00
1762817492.001509905,3.910605907440185547e-01,-2.432163804769515991e-01,1.012335062026977539e+00
1762817492.021597147,3.819545209407806396e-01,-2.360367178916931152e-01,1.012264013290405273e+00
1762817492.041447878,3.719142079353332520e-01,-2.277843803167343140e-01,1.012171387672424316e+00
1762817492.061591625,3.610602319240570068e-01,-2.188288271427154541e-01,1.012044429779052734e+00
1762817492.081437588,3.501397073268890381e-01,-2.096869349479675293e-01,1.011891007423400879e+00
1762817492.101400375,3.391922712326049805e-01,-2.003906667232513428e-01,1.011723518371582031e+00
1762817492.121402264,3.282066583633422852e-01,-1.909368783235549927e-01,1.011535167694091797e+00
1762817492.141334295,3.171768188476562500e-01,-1.813259273767471313e-01,1.011325478553771973e+00
1762817492.160435200,3.060441017150878906e-01,-1.715156286954879761e-01,1.011092901229858398e+00
1762817492.180431366,2.949899137020111084e-01,-1.616517007350921631e-01,1.010835289955139160e+00
1762817492.201472282,2.801319658756256104e-01,-1.487042754888534546e-01,1.010449647903442383e+00
1762817492.221633434,2.717397809028625488e-01,-1.406962424516677856e-01,1.010235190391540527e+00
1762817492.241563559,2.578180134296417236e-01,-1.282185018062591553e-01,1.009873986244201660e+00
1762817492.261469841,2.492967098951339722e-01,-1.199472472071647644e-01,1.009697794914245605e+00
1762817492.281486273,2.349626421928405762e-01,-1.068871021270751953e-01,1.009485006332397461e+00
1762817492.300523758,2.294365614652633667e-01,-1.009328663349151611e-01,1.009506583213806152e+00
1762817492.320433855,2.183551639318466187e-01,-9.035261720418930054e-02,1.009551882743835449e+00
1762817492.340453863,2.071530818939208984e-01,-7.958454638719558716e-02,1.009716033935546875e+00
1762817492.360533237,1.959650814533233643e-01,-6.874280422925949097e-02,1.009987711906433105e+00
1762817492.380411863,1.847998350858688354e-01,-5.783663690090179443e-02,1.010335922241210938e+00
1762817492.401484251,1.736522167921066284e-01,-4.686658084392547607e-02,1.010708332061767578e+00
1762817492.421291351,1.623570472002029419e-01,-3.569421544671058655e-02,1.011059522628784180e+00
1762817492.441404819,1.513754576444625854e-01,-2.472055144608020782e-02,1.011332511901855469e+00
1762817492.461371422,1.403150558471679688e-01,-1.361309643834829330e-02,1.011503696441650391e+00
1762817492.481545925,1.292290240526199341e-01,-2.420913428068161011e-03,1.011564373970031738e+00
1762817492.500555277,1.190863847732543945e-01,7.622335106134414673e-03,1.011541128158569336e+00
1762817492.520684481,1.079587414860725403e-01,1.895397901535034180e-02,1.011469364166259766e+00
1762817492.540458202,9.695956110954284668e-02,3.021574765443801880e-02,1.011401176452636719e+00
1762817492.560395241,8.590374886989593506e-02,4.156430810689926147e-02,1.011387825012207031e+00
1762817492.580429554,7.484901696443557739e-02,5.294173210859298706e-02,1.011472940444946289e+00
1762817492.600322723,6.379750370979309082e-02,6.433963775634765625e-02,1.011668324470520020e+00
1762817492.621399403,5.269056558609008789e-02,7.580489665269851685e-02,1.011963009834289551e+00
1762817492.641560555,4.171111807227134705e-02,8.716803044080734253e-02,1.012324452400207520e+00
1762817492.661405325,3.067830763757228851e-02,9.858648478984832764e-02,1.012709021568298340e+00
1762817492.681626558,1.965657621622085571e-02,1.099980771541595459e-01,1.013079881668090820e+00
1762817492.701425552,8.654163219034671783e-03,1.213914602994918823e-01,1.013400793075561523e+00
1762817492.720383167,-2.589982468634843826e-03,1.329945325851440430e-01,1.013660430908203125e+00
1762817492.741403341,-1.333309058099985123e-02,1.441402435302734375e-01,1.013858318328857422e+00
1762817492.761326790,-2.416768297553062439e-02,1.553515940904617310e-01,1.014039039611816406e+00
1762817492.781435490,-3.571572527289390564e-02,1.671726703643798828e-01,1.014254570007324219e+00
1762817492.801383972,-4.590357840061187744e-02,1.777639389038085938e-01,1.014529109001159668e+00
1762817492.821445704,-5.666655674576759338e-02,1.888326108455657959e-01,1.014905333518981934e+00
1762817492.841419220,-6.743099540472030640e-02,1.998671293258666992e-01,1.015377402305603027e+00
1762817492.861522913,-7.816275209188461304e-02,2.108344882726669312e-01,1.015921711921691895e+00
1762817492.882438183,-8.886218070983886719e-02,2.217327654361724854e-01,1.016495585441589355e+00
1762817492.900402546,-9.958584606647491455e-02,2.326083034276962280e-01,1.017053008079528809e+00
1762817492.920387745,-1.101599261164665222e-01,2.433098405599594116e-01,1.017543792724609375e+00
1762817492.940441608,-1.207618489861488342e-01,2.539874911308288574e-01,1.017946958541870117e+00
1762817492.960481644,-1.322683691978454590e-01,2.649451196193695068e-01,1.018265008926391602e+00
1762817492.980409861,-1.418733894824981689e-01,2.751039564609527588e-01,1.018490672111511230e+00
1762817493.000588179,-1.533154994249343872e-01,2.858763039112091064e-01,1.018676519393920898e+00
1762817493.020527363,-1.628469526767730713e-01,2.958544492721557617e-01,1.018897294998168945e+00
1762817493.040410280,-1.742157489061355591e-01,3.064088821411132812e-01,1.019135713577270508e+00
1762817493.060483932,-1.846029013395309448e-01,3.165043890476226807e-01,1.019472718238830566e+00
1762817493.081539392,-1.950544565916061401e-01,3.265630602836608887e-01,1.019899725914001465e+00
1762817493.102513790,-2.045361995697021484e-01,3.361940383911132812e-01,1.020395159721374512e+00
1762817493.120406866,-2.102728337049484253e-01,3.419598937034606934e-01,1.020707368850708008e+00
1762817493.141590834,-2.205682992935180664e-01,3.516609966754913330e-01,1.021247744560241699e+00
1762817493.161448956,-2.322063595056533813e-01,3.622954189777374268e-01,1.021852970123291016e+00
1762817493.181471586,-2.420336455106735229e-01,3.714234232902526855e-01,1.022353053092956543e+00
1762817493.201463699,-2.507589757442474365e-01,3.796242773532867432e-01,1.022765874862670898e+00
1762817493.221359491,-2.609724104404449463e-01,3.888352811336517334e-01,1.023183226585388184e+00
1762817493.240570784,-2.718621194362640381e-01,3.984077572822570801e-01,1.023557662963867188e+00
1762817493.260409594,-2.809229195117950439e-01,4.065320193767547607e-01,1.023835420608520508e+00
1762817493.280405760,-2.919056713581085205e-01,4.158840179443359375e-01,1.024112582206726074e+00
1762817493.300404072,-3.018129765987396240e-01,4.243330359458923340e-01,1.024353981018066406e+00
1762817493.320440054,-3.100787103176116943e-01,4.315357506275177002e-01,1.024584531784057617e+00
1762817493.340335369,-3.197899162769317627e-01,4.395851790904998779e-01,1.024845004081726074e+00
1762817493.360346794,-3.295835554599761963e-01,4.475450813770294189e-01,1.025113940238952637e+00
1762817493.380440712,-3.393690288066864014e-01,4.553520977497100830e-01,1.025395989418029785e+00
1762817493.400462866,-3.491436243057250977e-01,4.630019366741180420e-01,1.025668621063232422e+00
1762817493.420392513,-3.580849468708038330e-01,4.695962369441986084e-01,1.025875449180603027e+00
1762817493.440472364,-3.686612248420715332e-01,4.778228998184204102e-01,1.026110768318176270e+00
1762817493.460371494,-3.783927559852600098e-01,4.849814474582672119e-01,1.026263713836669922e+00
1762817493.480400324,-3.880943655967712402e-01,4.919601976871490479e-01,1.026377916336059570e+00
1762817493.500685215,-3.969583511352539062e-01,4.979263246059417725e-01,1.026446104049682617e+00
1762817493.520380974,-4.065783321857452393e-01,5.045351982116699219e-01,1.026547074317932129e+00
1762817493.541509390,-4.161850810050964355e-01,5.109534859657287598e-01,1.026689171791076660e+00
1762817493.561551094,-4.256106913089752197e-01,5.170945525169372559e-01,1.026898860931396484e+00
1762817493.581353664,-4.350062012672424316e-01,5.230282545089721680e-01,1.027194261550903320e+00
1762817493.601388454,-4.450691044330596924e-01,5.294369459152221680e-01,1.027636885643005371e+00
1762817493.621461153,-4.535289704799652100e-01,5.341734290122985840e-01,1.028026819229125977e+00
1762817493.642485142,-4.626433551311492920e-01,5.393770337104797363e-01,1.028519034385681152e+00
1762817493.660487890,-4.717019498348236084e-01,5.443488359451293945e-01,1.029013991355895996e+00
1762817493.680397034,-4.805550575256347656e-01,5.490366220474243164e-01,1.029467105865478516e+00
1762817493.700333834,-4.893532097339630127e-01,5.534975528717041016e-01,1.029853701591491699e+00
1762817493.720418215,-4.980485737323760986e-01,5.577136278152465820e-01,1.030152797698974609e+00
1762817493.740417957,-5.066425800323486328e-01,5.616855621337890625e-01,1.030358076095581055e+00
1762817493.761348486,-5.153500437736511230e-01,5.654696226119995117e-01,1.030477523803710938e+00
1762817493.781421423,-5.262073278427124023e-01,5.695055127143859863e-01,1.030513763427734375e+00
1762817493.801607370,-5.325285196304321289e-01,5.722966194152832031e-01,1.030553340911865234e+00
1762817493.821397781,-5.422279834747314453e-01,5.755380988121032715e-01,1.030551433563232422e+00
1762817493.841500998,-5.483515858650207520e-01,5.779517292976379395e-01,1.030620455741882324e+00
1762817493.861467361,-5.568192601203918457e-01,5.805434584617614746e-01,1.030700325965881348e+00
1762817493.881357670,-5.643428564071655273e-01,5.827811360359191895e-01,1.030817389488220215e+00
1762817493.901527882,-5.722644329071044922e-01,5.848588347434997559e-01,1.030944466590881348e+00
1762817493.921490192,-5.801545977592468262e-01,5.867148637771606445e-01,1.031054615974426270e+00
1762817493.941369295,-5.879964232444763184e-01,5.883468389511108398e-01,1.031112551689147949e+00
1762817493.961582899,-5.957958698272705078e-01,5.897564291954040527e-01,1.031094431877136230e+00
1762817493.981364489,-6.035554409027099609e-01,5.909420251846313477e-01,1.030993819236755371e+00
1762817494.001476049,-6.112743020057678223e-01,5.918997526168823242e-01,1.030821681022644043e+00
1762817494.021385193,-6.189488172531127930e-01,5.926250815391540527e-01,1.030602335929870605e+00
1762817494.041511536,-6.265733242034912109e-01,5.931130647659301758e-01,1.030369997024536133e+00
1762817494.061368227,-6.341409087181091309e-01,5.933577418327331543e-01,1.030162096023559570e+00
1762817494.081446409,-6.416434645652770996e-01,5.933545231819152832e-01,1.030005455017089844e+00
1762817494.100379705,-6.498687863349914551e-01,5.926331281661987305e-01,1.029852390289306641e+00
1762817494.120473146,-6.571190357208251953e-01,5.921244025230407715e-01,1.029834508895874023e+00
1762817494.140601873,-6.643657684326171875e-01,5.913446545600891113e-01,1.029860138893127441e+00
1762817494.160463095,-6.715180277824401855e-01,5.903087854385375977e-01,1.029905557632446289e+00
1762817494.181428432,-6.749903559684753418e-01,5.902497172355651855e-01,1.029980063438415527e+00
1762817494.201424360,-6.854767203330993652e-01,5.874851942062377930e-01,1.029942870140075684e+00
1762817494.221410275,-6.922781467437744141e-01,5.857105255126953125e-01,1.029900789260864258e+00
1762817494.241439104,-6.989619135856628418e-01,5.836911201477050781e-01,1.029815793037414551e+00
1762817494.261525869,-7.055290937423706055e-01,5.814265608787536621e-01,1.029693841934204102e+00
1762817494.281389952,-7.119812369346618652e-01,5.789219737052917480e-01,1.029545664787292480e+00
1762817494.302380085,-7.186511158943176270e-01,5.759801864624023438e-01,1.029375195503234863e+00
1762817494.321533918,-7.213602662086486816e-01,5.751907229423522949e-01,1.029364466667175293e+00
1762817494.341460228,-7.274301052093505859e-01,5.721455812454223633e-01,1.029212951660156250e+00
1762817494.361533880,-7.334817647933959961e-01,5.688199400901794434e-01,1.029064416885375977e+00
1762817494.381388187,-7.394301295280456543e-01,5.652695894241333008e-01,1.028927326202392578e+00
1762817494.401493073,-7.452746033668518066e-01,5.614916682243347168e-01,1.028804540634155273e+00
1762817494.421533346,-7.510235905647277832e-01,5.574800968170166016e-01,1.028686642646789551e+00
1762817494.441414595,-7.566842436790466309e-01,5.532340407371520996e-01,1.028560638427734375e+00
1762817494.461410999,-7.622604370117187500e-01,5.487515926361083984e-01,1.028414607048034668e+00
1762817494.481448650,-7.677556872367858887e-01,5.440320968627929688e-01,1.028236985206604004e+00
1762817494.500465870,-7.728090286254882812e-01,5.393224954605102539e-01,1.028023242950439453e+00
1762817494.520462751,-7.785073518753051758e-01,5.338886380195617676e-01,1.027764320373535156e+00
1762817494.540408134,-7.837643027305603027e-01,5.284706354141235352e-01,1.027479410171508789e+00
1762817494.560446501,-7.885702252388000488e-01,5.231694579124450684e-01,1.027187824249267578e+00
1762817494.580427885,-7.936712503433227539e-01,5.173217058181762695e-01,1.026890516281127930e+00
1762817494.601465940,-7.990511059761047363e-01,5.108517408370971680e-01,1.026613473892211914e+00
1762817494.621430397,-8.039506673812866211e-01,5.045766830444335938e-01,1.026375055313110352e+00
1762817494.641406059,-8.084363341331481934e-01,4.985037147998809814e-01,1.026168823242187500e+00
1762817494.661481857,-8.134968280792236328e-01,4.913827776908874512e-01,1.026013255119323730e+00
1762817494.681448460,-8.181219100952148438e-01,4.844977855682373047e-01,1.025880694389343262e+00
1762817494.701412201,-8.226443529129028320e-01,4.774304330348968506e-01,1.025765776634216309e+00
1762817494.721396923,-8.269075155258178711e-01,4.704437553882598877e-01,1.025640130043029785e+00
1762817494.741411924,-8.310854434967041016e-01,4.632819592952728271e-01,1.025525689125061035e+00
1762817494.761561155,-8.352867960929870605e-01,4.557383656501770020e-01,1.025388956069946289e+00
1762817494.781518221,-8.393795490264892578e-01,4.480245113372802734e-01,1.025240182876586914e+00
1762817494.801504135,-8.433528542518615723e-01,4.401548504829406738e-01,1.025088310241699219e+00
1762817494.822447777,-8.474472165107727051e-01,4.315559864044189453e-01,1.024950265884399414e+00
1762817494.840365410,-8.509547114372253418e-01,4.239067733287811279e-01,1.024813532829284668e+00
1762817494.860488415,-8.545342087745666504e-01,4.156309962272644043e-01,1.024707674980163574e+00
1762817494.880599499,-8.580102324485778809e-01,4.071579575538635254e-01,1.024623274803161621e+00
1762817494.900400400,-8.613578081130981445e-01,3.985397517681121826e-01,1.024556279182434082e+00
1762817494.920479298,-8.645732998847961426e-01,3.897811174392700195e-01,1.024502873420715332e+00
1762817494.941432714,-8.677414059638977051e-01,3.806550204753875732e-01,1.024447202682495117e+00
1762817494.961446762,-8.706089258193969727e-01,3.718491196632385254e-01,1.024390459060668945e+00
1762817494.981446505,-8.734248876571655273e-01,3.627047538757324219e-01,1.024316072463989258e+00
1762817495.001537085,-8.761143088340759277e-01,3.534232378005981445e-01,1.024226188659667969e+00
1762817495.021367550,-8.786728382110595703e-01,3.440200686454772949e-01,1.024126648902893066e+00
1762817495.040661573,-8.815166354179382324e-01,3.333934545516967773e-01,1.023978829383850098e+00
1762817495.061371565,-8.841230869293212891e-01,3.222386538982391357e-01,1.023871541023254395e+00
1762817495.081398487,-8.856078386306762695e-01,3.150050938129425049e-01,1.023832201957702637e+00
1762817495.101412535,-8.876152038574218750e-01,3.053171634674072266e-01,1.023767828941345215e+00
1762817495.121356249,-8.901569843292236328e-01,2.927516698837280273e-01,1.023691773414611816e+00
1762817495.141515493,-8.915246129035949707e-01,2.845682799816131592e-01,1.023704051971435547e+00
1762817495.161453962,-8.930299282073974609e-01,2.752341032028198242e-01,1.023733377456665039e+00
1762817495.181543350,-8.945842981338500977e-01,2.650868892669677734e-01,1.023777246475219727e+00
1762817495.201410294,-8.960352540016174316e-01,2.548225820064544678e-01,1.023827672004699707e+00
1762817495.221615076,-8.976736068725585938e-01,2.434907704591751099e-01,1.023851871490478516e+00
1762817495.241615772,-8.988926410675048828e-01,2.330662757158279419e-01,1.023887991905212402e+00
1762817495.261419296,-9.000040292739868164e-01,2.225643992424011230e-01,1.023891568183898926e+00
1762817495.281502724,-9.010093808174133301e-01,2.119887620210647583e-01,1.023861408233642578e+00
1762817495.301513910,-9.019083380699157715e-01,2.013447284698486328e-01,1.023803949356079102e+00
1762817495.321438074,-9.026995897293090820e-01,1.906391084194183350e-01,1.023735523223876953e+00
1762817495.340396643,-9.027562141418457031e-01,1.853052377700805664e-01,1.023746371269226074e+00
1762817495.360558033,-9.033607244491577148e-01,1.746606230735778809e-01,1.023705244064331055e+00
1762817495.380384922,-9.038684368133544922e-01,1.638609021902084351e-01,1.023693323135375977e+00
1762817495.400448561,-9.042636752128601074e-01,1.530301272869110107e-01,1.023717999458312988e+00
1762817495.420481682,-9.045415520668029785e-01,1.421733051538467407e-01,1.023793339729309082e+00
1762817495.440339327,-9.047011733055114746e-01,1.312915831804275513e-01,1.023913979530334473e+00
1762817495.460440159,-9.047501087188720703e-01,1.202530339360237122e-01,1.024067878723144531e+00
1762817495.480628252,-9.046645164489746094e-01,1.094337105751037598e-01,1.024232506752014160e+00
1762817495.500374794,-9.044654965400695801e-01,9.853862971067428589e-02,1.024384737014770508e+00
1762817495.520390987,-9.042932987213134766e-01,8.848284184932708740e-02,1.024488091468811035e+00
1762817495.540373802,-9.038704633712768555e-01,7.753647863864898682e-02,1.024569749832153320e+00
1762817495.560376883,-9.031633734703063965e-01,6.570680439472198486e-02,1.024618029594421387e+00
1762817495.580487728,-9.026728868484497070e-01,5.565088242292404175e-02,1.024610519409179688e+00
1762817495.600369930,-9.017137885093688965e-01,4.383987560868263245e-02,1.024607419967651367e+00
1762817495.620485067,-9.010185599327087402e-01,3.380709141492843628e-02,1.024589896202087402e+00
1762817495.640362024,-8.998155593872070312e-01,2.204093709588050842e-02,1.024632215499877930e+00
1762817495.660495758,-8.989235758781433105e-01,1.205858774483203888e-02,1.024680256843566895e+00
1762817495.680480480,-8.977171778678894043e-01,1.241254853084683418e-03,1.024798393249511719e+00
1762817495.700451374,-8.964079618453979492e-01,-9.526529349386692047e-03,1.024965405464172363e+00
1762817495.720636368,-8.949980139732360840e-01,-2.023668400943279266e-02,1.025169014930725098e+00
1762817495.740462780,-8.934897184371948242e-01,-3.088062815368175507e-02,1.025391936302185059e+00
1762817495.760360718,-8.918836116790771484e-01,-4.145343229174613953e-02,1.025621056556701660e+00
1762817495.780438662,-8.901808857917785645e-01,-5.195110663771629333e-02,1.025840163230895996e+00
1762817495.801512957,-8.883767127990722656e-01,-6.242124363780021667e-02,1.026033878326416016e+00
1762817495.821534395,-8.864905238151550293e-01,-7.268590480089187622e-02,1.026193380355834961e+00
1762817495.841385603,-8.845041990280151367e-01,-8.291861414909362793e-02,1.026325106620788574e+00
1762817495.861305475,-8.824220895767211914e-01,-9.306105226278305054e-02,1.026440620422363281e+00
1762817495.881422758,-8.802449703216552734e-01,-1.031060963869094849e-01,1.026552081108093262e+00
1762817495.902440310,-8.779736757278442383e-01,-1.130502894520759583e-01,1.026671051979064941e+00
1762817495.920470715,-8.755986690521240234e-01,-1.229434013366699219e-01,1.026809573173522949e+00
1762817495.940544605,-8.731471300125122070e-01,-1.326229274272918701e-01,1.026970267295837402e+00
1762817495.960367680,-8.705938458442687988e-01,-1.422509700059890747e-01,1.027146220207214355e+00
1762817495.981340885,-8.679472804069519043e-01,-1.517700701951980591e-01,1.027325510978698730e+00
1762817496.000598669,-8.651854991912841797e-01,-1.612719446420669556e-01,1.027502179145812988e+00
1762817496.020487309,-8.623730540275573730e-01,-1.704521775245666504e-01,1.027660846710205078e+00
1762817496.040440798,-8.594464659690856934e-01,-1.796248257160186768e-01,1.027796030044555664e+00
1762817496.060494661,-8.564678430557250977e-01,-1.895183175802230835e-01,1.027899265289306641e+00
1762817496.081502199,-8.532512187957763672e-01,-1.978476196527481079e-01,1.027982831001281738e+00
1762817496.100331306,-8.500328063964843750e-01,-2.066710144281387329e-01,1.028042078018188477e+00
1762817496.120389700,-8.468050360679626465e-01,-2.159494757652282715e-01,1.028078556060791016e+00
1762817496.140501022,-8.434004783630371094e-01,-2.244882434606552124e-01,1.028118610382080078e+00
1762817496.160504580,-8.398929834365844727e-01,-2.329208552837371826e-01,1.028161883354187012e+00
1762817496.181499243,-8.362633585929870605e-01,-2.404958158731460571e-01,1.028226256370544434e+00
1762817496.201540709,-8.325904011726379395e-01,-2.493584752082824707e-01,1.028281211853027344e+00
1762817496.221449614,-8.287984728813171387e-01,-2.573607861995697021e-01,1.028351783752441406e+00
1762817496.241376162,-8.249111175537109375e-01,-2.652141749858856201e-01,1.028422713279724121e+00
1762817496.260480165,-8.224471807479858398e-01,-2.689723074436187744e-01,1.028472423553466797e+00
1762817496.280337334,-8.184084296226501465e-01,-2.765973806381225586e-01,1.028535127639770508e+00
1762817496.301212549,-8.142954111099243164e-01,-2.840113043785095215e-01,1.028586268424987793e+00
1762817496.320505857,-8.100839853286743164e-01,-2.912719249725341797e-01,1.028620481491088867e+00
1762817496.340419769,-8.057812452316284180e-01,-2.983514368534088135e-01,1.028636336326599121e+00
1762817496.360450268,-8.013840913772583008e-01,-3.052427768707275391e-01,1.028641462326049805e+00
1762817496.380446196,-7.968913316726684570e-01,-3.119412958621978760e-01,1.028639554977416992e+00
1762817496.402553558,-7.922590374946594238e-01,-3.185220062732696533e-01,1.028634548187255859e+00
1762817496.420522690,-7.870136499404907227e-01,-3.258038163185119629e-01,1.028626680374145508e+00
1762817496.440431833,-7.823325991630554199e-01,-3.316701352596282959e-01,1.028625130653381348e+00
1762817496.460429668,-7.773326635360717773e-01,-3.377065658569335938e-01,1.028629302978515625e+00
1762817496.480624676,-7.723426222801208496e-01,-3.433434069156646729e-01,1.028636932373046875e+00
1762817496.500430822,-7.679069042205810547e-01,-3.478456735610961914e-01,1.028635382652282715e+00
1762817496.522548914,-7.626733183860778809e-01,-3.531740307807922363e-01,1.028615832328796387e+00
1762817496.540650845,-7.575612664222717285e-01,-3.580052852630615234e-01,1.028572320938110352e+00
1762817496.560476303,-7.522518038749694824e-01,-3.627754449844360352e-01,1.028496503829956055e+00
1762817496.580490589,-7.468528747558593750e-01,-3.673419654369354248e-01,1.028392195701599121e+00
1762817496.600444794,-7.413689494132995605e-01,-3.716964721679687500e-01,1.028260707855224609e+00
1762817496.620368481,-7.364578247070312500e-01,-3.755484819412231445e-01,1.028120875358581543e+00
1762817496.640555859,-7.308097481727600098e-01,-3.795145750045776367e-01,1.027947306632995605e+00
1762817496.660398006,-7.250775098800659180e-01,-3.832796514034271240e-01,1.027756214141845703e+00
1762817496.680483341,-7.185833454132080078e-01,-3.870790004730224609e-01,1.027531743049621582e+00
1762817496.700604200,-7.126803994178771973e-01,-3.904175162315368652e-01,1.027316927909851074e+00
1762817496.720789671,-7.073896527290344238e-01,-3.933542072772979736e-01,1.027118086814880371e+00
1762817496.740358114,-7.013338208198547363e-01,-3.962937295436859131e-01,1.026902079582214355e+00
1762817496.760502100,-6.952026486396789551e-01,-3.990157544612884521e-01,1.026688218116760254e+00
1762817496.780410528,-6.889994144439697266e-01,-4.015140533447265625e-01,1.026474714279174805e+00
1762817496.800442219,-6.827259063720703125e-01,-4.037830531597137451e-01,1.026259541511535645e+00
1762817496.820549965,-6.763839721679687500e-01,-4.058182835578918457e-01,1.026039242744445801e+00
1762817496.840457678,-6.699742674827575684e-01,-4.076153039932250977e-01,1.025810003280639648e+00
1762817496.860374451,-6.634963154792785645e-01,-4.091712236404418945e-01,1.025570034980773926e+00
1762817496.880543470,-6.569502353668212891e-01,-4.104832410812377930e-01,1.025317549705505371e+00
1762817496.900359631,-6.503357887268066406e-01,-4.115505516529083252e-01,1.025050282478332520e+00
1762817496.920367002,-6.436532735824584961e-01,-4.123728871345520020e-01,1.024767041206359863e+00
1762817496.940445900,-6.369014382362365723e-01,-4.129501581192016602e-01,1.024467229843139648e+00
1762817496.961345911,-6.301286816596984863e-01,-4.132708311080932617e-01,1.024153232574462891e+00
1762817496.981390238,-6.230294704437255859e-01,-4.133814871311187744e-01,1.023811697959899902e+00
1762817497.001448393,-6.162202358245849609e-01,-4.132159352302551270e-01,1.023474454879760742e+00
1762817497.021393061,-6.091783642768859863e-01,-4.128338694572448730e-01,1.023113727569580078e+00
1762817497.041438580,-6.020448207855224609e-01,-4.122218489646911621e-01,1.022737145423889160e+00
1762817497.062453985,-5.948225855827331543e-01,-4.113836288452148438e-01,1.022347927093505859e+00
1762817497.080389977,-5.874749422073364258e-01,-4.103189706802368164e-01,1.021947860717773438e+00
1762817497.100443840,-5.800992846488952637e-01,-4.090437591075897217e-01,1.021545886993408203e+00
1762817497.120455742,-5.725926756858825684e-01,-4.075505435466766357e-01,1.021138072013854980e+00
1762817497.140460491,-5.649865269660949707e-01,-4.058431982994079590e-01,1.020728111267089844e+00
1762817497.161658764,-5.572484135627746582e-01,-4.039127826690673828e-01,1.020315527915954590e+00
1762817497.181394577,-5.494861602783203125e-01,-4.017858505249023438e-01,1.019907712936401367e+00
1762817497.201581001,-5.415952205657958984e-01,-3.994390070438385010e-01,1.019499182701110840e+00
1762817497.221504927,-5.336112976074218750e-01,-3.968765735626220703e-01,1.019091606140136719e+00
1762817497.241448164,-5.255391597747802734e-01,-3.940984606742858887e-01,1.018684267997741699e+00
1762817497.261550665,-5.173814892768859863e-01,-3.911032676696777344e-01,1.018278002738952637e+00
1762817497.281479120,-5.091419219970703125e-01,-3.878901898860931396e-01,1.017873048782348633e+00
1762817497.301405191,-5.005582571029663086e-01,-3.844085037708282471e-01,1.017454266548156738e+00
1762817497.321557760,-4.921602308750152588e-01,-3.807454705238342285e-01,1.017053246498107910e+00
1762817497.341425896,-4.839699566364288330e-01,-3.769419193267822266e-01,1.016670107841491699e+00
1762817497.361502171,-4.751556813716888428e-01,-3.727646172046661377e-01,1.016260743141174316e+00
1762817497.381456852,-4.665554761886596680e-01,-3.684490323066711426e-01,1.015871167182922363e+00
1762817497.401400328,-4.578939676284790039e-01,-3.639190495014190674e-01,1.015486240386962891e+00
1762817497.421395063,-4.491719901561737061e-01,-3.591758310794830322e-01,1.015105009078979492e+00
1762817497.441357613,-4.403913021087646484e-01,-3.542231321334838867e-01,1.014727473258972168e+00
1762817497.462448597,-4.307182133197784424e-01,-3.485711812973022461e-01,1.014319539070129395e+00
1762817497.481446266,-4.263274967670440674e-01,-3.459033370018005371e-01,1.014136075973510742e+00
1762817497.501421452,-4.175454676151275635e-01,-3.405198454856872559e-01,1.013775110244750977e+00
1762817497.521443129,-4.085806012153625488e-01,-3.348659276962280273e-01,1.013415217399597168e+00
1762817497.541654587,-3.995551764965057373e-01,-3.290183842182159424e-01,1.013063192367553711e+00
1762817497.561390638,-3.904688060283660889e-01,-3.229776322841644287e-01,1.012718677520751953e+00
1762817497.581412554,-3.813098371028900146e-01,-3.167379796504974365e-01,1.012379527091979980e+00
1762817497.601447582,-3.720702230930328369e-01,-3.102986514568328857e-01,1.012041330337524414e+00
1762817497.621324062,-3.627445399761199951e-01,-3.036588430404663086e-01,1.011694669723510742e+00
1762817497.641449213,-3.533305227756500244e-01,-2.968202233314514160e-01,1.011329650878906250e+00
1762817497.662454367,-3.438282310962677002e-01,-2.897861897945404053e-01,1.010940313339233398e+00
1762817497.681494951,-3.329810202121734619e-01,-2.815960347652435303e-01,1.010472178459167480e+00
1762817497.701469183,-3.245053291320800781e-01,-2.751010954380035400e-01,1.010089635848999023e+00
1762817497.721425533,-3.148297369480133057e-01,-2.675670683383941650e-01,1.009647250175476074e+00
1762817497.741465330,-3.050100207328796387e-01,-2.598001360893249512e-01,1.009211897850036621e+00
1762817497.761370897,-2.951187491416931152e-01,-2.518608272075653076e-01,1.008810639381408691e+00
1762817497.781524897,-2.851633131504058838e-01,-2.437573224306106567e-01,1.008459806442260742e+00
1762817497.801505566,-2.751455307006835938e-01,-2.354940623044967651e-01,1.008168578147888184e+00
1762817497.821423292,-2.650690972805023193e-01,-2.270784378051757812e-01,1.007937312126159668e+00
1762817497.841628790,-2.549387216567993164e-01,-2.185177952051162720e-01,1.007755637168884277e+00
1762817497.861588717,-2.458588778972625732e-01,-2.107432782649993896e-01,1.007626175880432129e+00
1762817497.881395340,-2.356385737657546997e-01,-2.019276171922683716e-01,1.007492780685424805e+00
1762817497.901517868,-2.242752611637115479e-01,-1.920431256294250488e-01,1.007337689399719238e+00
1762817497.921417713,-2.139802277088165283e-01,-1.829776614904403687e-01,1.007193803787231445e+00
1762817497.940399647,-2.045477777719497681e-01,-1.745738089084625244e-01,1.007061839103698730e+00
1762817497.961550236,-1.943570971488952637e-01,-1.654480248689651489e-01,1.006910443305969238e+00
1762817497.981544495,-1.840413212776184082e-01,-1.561357378959655762e-01,1.006768465042114258e+00
1762817498.001444578,-1.736408323049545288e-01,-1.466747224330902100e-01,1.006649136543273926e+00
1762817498.021405935,-1.632112711668014526e-01,-1.371184289455413818e-01,1.006567478179931641e+00
1762817498.041482210,-1.527521461248397827e-01,-1.274705380201339722e-01,1.006532311439514160e+00
1762817498.061404228,-1.422618925571441650e-01,-1.177342012524604797e-01,1.006540536880493164e+00
1762817498.081494570,-1.317394077777862549e-01,-1.079120337963104248e-01,1.006578326225280762e+00
1762817498.100568295,-1.209635287523269653e-01,-9.779549390077590942e-02,1.006630659103393555e+00
1762817498.120479345,-1.105852648615837097e-01,-8.801021426916122437e-02,1.006672859191894531e+00
1762817498.141354084,-9.761356562376022339e-02,-7.568031549453735352e-02,1.006710767745971680e+00
1762817498.161393166,-8.918629586696624756e-02,-6.769274175167083740e-02,1.006687402725219727e+00
1762817498.181412458,-7.862731814384460449e-02,-5.760891363024711609e-02,1.006651759147644043e+00
1762817498.201501131,-6.790482252836227417e-02,-4.733065515756607056e-02,1.006600975990295410e+00
1762817498.221393108,-5.714792758226394653e-02,-3.698586672544479370e-02,1.006555438041687012e+00
1762817498.241431713,-4.636372625827789307e-02,-2.658247761428356171e-02,1.006539463996887207e+00
1762817498.260476828,-3.532570600509643555e-02,-1.590094529092311859e-02,1.006569743156433105e+00
1762817498.280429602,-2.470052428543567657e-02,-5.598715972155332565e-03,1.006647825241088867e+00
1762817498.300440311,-1.384187769144773483e-02,4.956150427460670471e-03,1.006767988204956055e+00
1762817498.320587158,-2.550625707954168320e-03,1.599359139800071716e-02,1.006928801536560059e+00
1762817498.340509892,7.973995059728622437e-03,2.622348628938198090e-02,1.007067203521728516e+00
1762817498.360361338,1.461790781468153000e-02,3.269666805863380432e-02,1.007151842117309570e+00
1762817498.380404711,3.027452714741230011e-02,4.806494712829589844e-02,1.007365822792053223e+00
1762817498.400632858,4.124290868639945984e-02,5.880487710237503052e-02,1.007481336593627930e+00
1762817498.420479298,5.221701413393020630e-02,6.955701112747192383e-02,1.007590889930725098e+00
1762817498.442632914,6.367082148790359497e-02,8.078747242689132690e-02,1.007730245590209961e+00
1762817498.461368799,7.419102638959884644e-02,9.109149873256683350e-02,1.007892131805419922e+00
1762817498.481504679,8.514054119586944580e-02,1.018147915601730347e-01,1.008101701736450195e+00
1762817498.501404285,9.610421210527420044e-02,1.125421822071075439e-01,1.008355855941772461e+00
1762817498.521419764,1.070517599582672119e-01,1.232398524880409241e-01,1.008657693862915039e+00
1762817498.541455507,1.132810413837432861e-01,1.292878389358520508e-01,1.008840560913085938e+00
1762817498.560631275,1.242008358240127563e-01,1.399334371089935303e-01,1.009207487106323242e+00
1762817498.580387831,1.351263374090194702e-01,1.505602896213531494e-01,1.009603142738342285e+00
1762817498.600475788,1.459804028272628784e-01,1.610898077487945557e-01,1.010005593299865723e+00
1762817498.620482922,1.568452864885330200e-01,1.715998053550720215e-01,1.010404706001281738e+00
1762817498.640410423,1.677019745111465454e-01,1.820668280124664307e-01,1.010787963867187500e+00
1762817498.660413027,1.785530000925064087e-01,1.924881488084793091e-01,1.011144280433654785e+00
1762817498.680526733,1.894021481275558472e-01,2.028632760047912598e-01,1.011465191841125488e+00
1762817498.700494766,2.002510726451873779e-01,2.131896466016769409e-01,1.011746406555175781e+00
1762817498.720613480,2.111003845930099487e-01,2.234645485877990723e-01,1.011989712715148926e+00
1762817498.740512133,2.219497114419937134e-01,2.336843460798263550e-01,1.012205243110656738e+00
1762817498.760349751,2.316326797008514404e-01,2.427516281604766846e-01,1.012386202812194824e+00
1762817498.780449390,2.436387389898300171e-01,2.539374232292175293e-01,1.012619018554687500e+00
1762817498.800593138,2.544712424278259277e-01,2.639586627483367920e-01,1.012852907180786133e+00
1762817498.820502281,2.641311585903167725e-01,2.728297412395477295e-01,1.013087749481201172e+00
1762817498.840473652,2.760926783084869385e-01,2.837614715099334717e-01,1.013439059257507324e+00
1762817498.860401154,2.857213318347930908e-01,2.924765050411224365e-01,1.013758540153503418e+00
1762817498.880432129,2.950173020362854004e-01,3.008585870265960693e-01,1.014101386070251465e+00
1762817498.900407314,3.056637346744537354e-01,3.103776872158050537e-01,1.014516115188598633e+00
1762817498.921488762,3.191126883029937744e-01,3.222942054271697998e-01,1.015054345130920410e+00
1762817498.941579342,3.297167718410491943e-01,3.315998613834381104e-01,1.015473723411560059e+00
1762817498.961346626,3.392016589641571045e-01,3.398306965827941895e-01,1.015843629837036133e+00
1762817498.981451035,3.498280048370361328e-01,3.489961028099060059e-01,1.016237854957580566e+00
1762817499.001507044,3.601347804069519043e-01,3.578035533428192139e-01,1.016592383384704590e+00
1762817499.021412134,3.706885576248168945e-01,3.667284548282623291e-01,1.016916036605834961e+00
1762817499.041419983,3.812334537506103516e-01,3.755522072315216064e-01,1.017194747924804688e+00
1762817499.061411381,3.917535543441772461e-01,3.842581212520599365e-01,1.017438292503356934e+00
1762817499.081440210,4.011493325233459473e-01,3.919753432273864746e-01,1.017645597457885742e+00
1762817499.100441217,4.118347764015197754e-01,4.006190896034240723e-01,1.017884731292724609e+00
1762817499.120450974,4.234527647495269775e-01,4.098640680313110352e-01,1.018163681030273438e+00
1762817499.140414238,4.325514733791351318e-01,4.170726537704467773e-01,1.018415093421936035e+00
1762817499.160494089,4.429086446762084961e-01,4.251345396041870117e-01,1.018715977668762207e+00
1762817499.180432558,4.546908736228942871e-01,4.341225326061248779e-01,1.019072175025939941e+00
1762817499.201483250,4.638401567935943604e-01,4.410745799541473389e-01,1.019347429275512695e+00
1762817499.221406460,4.744938910007476807e-01,4.489952623844146729e-01,1.019641280174255371e+00
1762817499.241450071,4.848642945289611816e-01,4.565918147563934326e-01,1.019889354705810547e+00
1762817499.261374950,4.963318705558776855e-01,4.647994041442871094e-01,1.020108699798583984e+00
1762817499.282439947,5.064994692802429199e-01,4.719909429550170898e-01,1.020256876945495605e+00
1762817499.300709248,5.157746672630310059e-01,4.784836173057556152e-01,1.020378232002258301e+00
1762817499.321589708,5.260374546051025391e-01,4.854893088340759277e-01,1.020514130592346191e+00
1762817499.341403246,5.363252758979797363e-01,4.923704862594604492e-01,1.020676016807556152e+00
1762817499.361468077,5.465703606605529785e-01,4.990795254707336426e-01,1.020881175994873047e+00
1762817499.381431341,5.567656755447387695e-01,5.056083202362060547e-01,1.021145224571228027e+00
1762817499.401437759,5.669069290161132812e-01,5.119497179985046387e-01,1.021472334861755371e+00
1762817499.420525074,5.760372281074523926e-01,5.174195766448974609e-01,1.021807551383972168e+00
1762817499.440429688,5.858630537986755371e-01,5.232772231101989746e-01,1.022208571434020996e+00
1762817499.460421801,5.957954525947570801e-01,5.290245413780212402e-01,1.022622704505920410e+00
1762817499.480575085,6.056548357009887695e-01,5.345600843429565430e-01,1.023020505905151367e+00
1762817499.500332594,6.154245734214782715e-01,5.398724675178527832e-01,1.023386359214782715e+00
1762817499.520413160,6.251019835472106934e-01,5.449581742286682129e-01,1.023719191551208496e+00
1762817499.541509390,6.348744034767150879e-01,5.498905777931213379e-01,1.024030327796936035e+00
1762817499.561588526,6.441769599914550781e-01,5.544340014457702637e-01,1.024312973022460938e+00
1762817499.581496954,6.535567045211791992e-01,5.588142275810241699e-01,1.024594664573669434e+00
1762817499.601403475,6.628477573394775391e-01,5.629578828811645508e-01,1.024878382682800293e+00
1762817499.621444941,6.720399856567382812e-01,5.668604373931884766e-01,1.025167584419250488e+00
1762817499.641416073,6.811579465866088867e-01,5.705364346504211426e-01,1.025451302528381348e+00
1762817499.661391020,6.901848912239074707e-01,5.739570260047912598e-01,1.025624871253967285e+00
1762817499.681530952,6.989058256149291992e-01,5.770484805107116699e-01,1.025458097457885742e+00
1762817499.701386213,7.070363759994506836e-01,5.797763466835021973e-01,1.024837255477905273e+00
1762817499.721435308,7.142999172210693359e-01,5.820904374122619629e-01,1.024174571037292480e+00
1762817499.741489887,7.203485965728759766e-01,5.839014053344726562e-01,1.024255275726318359e+00
1762817499.760405540,7.248808741569519043e-01,5.851749777793884277e-01,1.025699615478515625e+00
1762817499.780401945,7.277770638465881348e-01,5.859390497207641602e-01,1.028735518455505371e+00
1762817499.800580502,7.291544675827026367e-01,5.863066315650939941e-01,1.033063530921936035e+00
1762817499.820458889,7.293171882629394531e-01,5.863791108131408691e-01,1.038130760192871094e+00
1762817499.840417624,7.286146283149719238e-01,5.862623453140258789e-01,1.042974591255187988e+00
1762817499.860388756,7.273923754692077637e-01,5.860450863838195801e-01,1.046520948410034180e+00
1762817499.880323172,7.258880138397216797e-01,5.857841372489929199e-01,1.047927618026733398e+00
1762817499.900398016,7.235373854637145996e-01,5.850189328193664551e-01,1.046980142593383789e+00
1762817499.920714378,7.217534184455871582e-01,5.847362279891967773e-01,1.042919039726257324e+00
1762817499.941433907,7.205104231834411621e-01,5.848935842514038086e-01,1.037163138389587402e+00
1762817499.961492062,7.185209989547729492e-01,5.845742225646972656e-01,1.030712604522705078e+00
1762817499.980504990,7.158148288726806641e-01,5.837719440460205078e-01,1.023997068405151367e+00
1762817500.000455618,7.141827344894409180e-01,5.835128426551818848e-01,1.020123004913330078e+00
1762817500.020477057,7.130024433135986328e-01,5.833306908607482910e-01,1.018402576446533203e+00
1762817500.040580034,7.124027609825134277e-01,5.832700133323669434e-01,1.018785595893859863e+00
1762817500.060589790,7.123762369155883789e-01,5.833378434181213379e-01,1.021130681037902832e+00
1762817500.081443071,7.128120660781860352e-01,5.835180282592773438e-01,1.024822473526000977e+00
1762817500.101488352,7.135860919952392578e-01,5.838238000869750977e-01,1.028650522232055664e+00
1762817500.121356487,7.145444154739379883e-01,5.842005014419555664e-01,1.031687498092651367e+00
1762817500.141415596,7.156196832656860352e-01,5.846413373947143555e-01,1.032972216606140137e+00
1762817500.161396265,7.167714834213256836e-01,5.851348638534545898e-01,1.032091259956359863e+00
1762817500.181576967,7.179791331291198730e-01,5.859409570693969727e-01,1.030262947082519531e+00
1762817500.201367855,7.191869616508483887e-01,5.864993929862976074e-01,1.026752948760986328e+00
1762817500.221429825,7.203950881958007812e-01,5.870900750160217285e-01,1.022426247596740723e+00
1762817500.241344452,7.215345501899719238e-01,5.876988172531127930e-01,1.018030166625976562e+00
1762817500.261341810,7.225134372711181641e-01,5.883024334907531738e-01,1.014330148696899414e+00
1762817500.280445099,7.232323288917541504e-01,5.888691544532775879e-01,1.011945605278015137e+00
1762817500.301411629,7.236428856849670410e-01,5.893948674201965332e-01,1.011215090751647949e+00
1762817500.321394444,7.235800623893737793e-01,5.897725820541381836e-01,1.011965870857238770e+00
1762817500.341451406,7.233493924140930176e-01,5.901792645454406738e-01,1.013898253440856934e+00
1762817500.361509800,7.230055928230285645e-01,5.905815958976745605e-01,1.015943646430969238e+00
1762817500.381381989,7.224288582801818848e-01,5.909168720245361328e-01,1.017716884613037109e+00
1762817500.401439428,7.216932177543640137e-01,5.912088155746459961e-01,1.018542408943176270e+00
1762817500.421377420,7.208839654922485352e-01,5.914858579635620117e-01,1.017889976501464844e+00
1762817500.441495657,7.200273871421813965e-01,5.917513370513916016e-01,1.015609025955200195e+00
1762817500.461409330,7.191347479820251465e-01,5.920006036758422852e-01,1.011952161788940430e+00
1762817500.482465506,7.182152271270751953e-01,5.922248363494873047e-01,1.007515549659729004e+00
1762817500.501400948,7.166879177093505859e-01,5.920475125312805176e-01,1.002107024192810059e+00
1762817500.521381140,7.162642478942871094e-01,5.923954844474792480e-01,9.993489980697631836e-01
1762817500.541447163,7.149601578712463379e-01,5.923196077346801758e-01,9.957801699638366699e-01
1762817500.561592579,7.145187854766845703e-01,5.926764607429504395e-01,9.947987794876098633e-01
1762817500.581526995,7.135117053985595703e-01,5.924893021583557129e-01,9.944393634796142578e-01
1762817500.601407528,7.134187817573547363e-01,5.929389595985412598e-01,9.949795007705688477e-01
1762817500.621481895,7.128555178642272949e-01,5.929195880889892578e-01,9.954636096954345703e-01
1762817500.641540527,7.124273777008056641e-01,5.930542349815368652e-01,9.956282377243041992e-01
1762817500.661450386,7.120541930198669434e-01,5.932123064994812012e-01,9.948943853378295898e-01
1762817500.681475639,7.117322683334350586e-01,5.933982133865356445e-01,9.929345846176147461e-01
1762817500.701465368,7.114525437355041504e-01,5.936106443405151367e-01,9.896881580352783203e-01
1762817500.720545530,7.111786007881164551e-01,5.938313007354736328e-01,9.852921366691589355e-01
1762817500.740379095,7.109777331352233887e-01,5.941029191017150879e-01,9.805077314376831055e-01
1762817500.760577440,7.107536196708679199e-01,5.943732261657714844e-01,9.756769537925720215e-01
1762817500.780411005,7.105107307434082031e-01,5.946490168571472168e-01,9.714147448539733887e-01
1762817500.800485134,7.102354168891906738e-01,5.949252843856811523e-01,9.680094122886657715e-01
1762817500.820485353,7.099195122718811035e-01,5.951983332633972168e-01,9.654856920242309570e-01
1762817500.841432810,7.095564007759094238e-01,5.954643487930297852e-01,9.636561274528503418e-01
1762817500.861455202,7.091717123985290527e-01,5.957340598106384277e-01,9.621953964233398438e-01
1762817500.881490231,7.087545990943908691e-01,5.959996581077575684e-01,9.606687426567077637e-01
1762817500.901332140,7.083221673965454102e-01,5.962676405906677246e-01,9.586495161056518555e-01
1762817500.921416998,7.078833580017089844e-01,5.965401530265808105e-01,9.558219313621520996e-01
1762817500.941381216,7.074435949325561523e-01,5.968174338340759277e-01,9.520440697669982910e-01
1762817500.961422205,7.070061564445495605e-01,5.970977544784545898e-01,9.473851323127746582e-01
1762817500.981317759,7.065718770027160645e-01,5.973767042160034180e-01,9.421445727348327637e-01
1762817501.000365257,7.057952880859375000e-01,5.973635315895080566e-01,9.362644553184509277e-01
1762817501.020440102,7.053860425949096680e-01,5.976306796073913574e-01,9.310799241065979004e-01
1762817501.040643215,7.049695253372192383e-01,5.978751182556152344e-01,9.263252615928649902e-01
1762817501.060434103,7.045634388923645020e-01,5.981038212776184082e-01,9.221297502517700195e-01
1762817501.081389666,7.041101455688476562e-01,5.982874631881713867e-01,9.182072281837463379e-01
1762817501.101363420,7.038037776947021484e-01,5.985326170921325684e-01,9.148858189582824707e-01
1762817501.121565342,7.034593224525451660e-01,5.987427234649658203e-01,9.113495349884033203e-01
1762817501.141362667,7.031337022781372070e-01,5.989524126052856445e-01,9.074858427047729492e-01
1762817501.161373854,7.028306126594543457e-01,5.991666316986083984e-01,9.030854701995849609e-01
1762817501.181481361,7.031256556510925293e-01,5.997245907783508301e-01,9.003078937530517578e-01
1762817501.201365709,7.022892236709594727e-01,5.996142029762268066e-01,8.923767209053039551e-01
1762817501.221390486,7.020474076271057129e-01,5.998466014862060547e-01,8.862702250480651855e-01
1762817501.241462708,7.018207907676696777e-01,6.000819206237792969e-01,8.799482583999633789e-01
1762817501.261503458,7.016046643257141113e-01,6.003165245056152344e-01,8.736844062805175781e-01
1762817501.281373262,7.013958692550659180e-01,6.005482673645019531e-01,8.676648736000061035e-01
1762817501.301448822,7.011926174163818359e-01,6.007761359214782715e-01,8.619387149810791016e-01
1762817501.321465015,7.009941935539245605e-01,6.010001897811889648e-01,8.564510941505432129e-01
1762817501.341350317,7.008009552955627441e-01,6.012210845947265625e-01,8.510824441909790039e-01
1762817501.361494541,7.006137967109680176e-01,6.014401316642761230e-01,8.456604480743408203e-01
1762817501.381530285,7.004341483116149902e-01,6.016588211059570312e-01,8.400111198425292969e-01
1762817501.401442051,7.002629041671752930e-01,6.018780469894409180e-01,8.339995741844177246e-01
1762817501.421542883,7.001715898513793945e-01,6.021450757980346680e-01,8.279534578323364258e-01
1762817501.441376686,7.002837657928466797e-01,6.025435924530029297e-01,8.227202296257019043e-01
1762817501.461390018,6.998289227485656738e-01,6.025567650794982910e-01,8.136898279190063477e-01
1762817501.480396032,7.001566886901855469e-01,6.030121445655822754e-01,8.110802173614501953e-01
1762817501.500411749,6.999146342277526855e-01,6.031565666198730469e-01,8.029450178146362305e-01
1762817501.520327330,6.999267935752868652e-01,6.034633517265319824e-01,7.965257167816162109e-01
1762817501.540484428,6.996822953224182129e-01,6.035856604576110840e-01,7.882583737373352051e-01
1762817501.561589956,6.996265053749084473e-01,6.038971543312072754e-01,7.796774506568908691e-01
1762817501.581376314,6.993771791458129883e-01,6.039226055145263672e-01,7.729771733283996582e-01
1762817501.601411819,6.992433667182922363e-01,6.040886640548706055e-01,7.654364109039306641e-01
1762817501.621600151,6.991056799888610840e-01,6.042420864105224609e-01,7.578408718109130859e-01
1762817501.641378403,6.990890502929687500e-01,6.044763326644897461e-01,7.510574460029602051e-01
1762817501.661391735,6.988655328750610352e-01,6.045472621917724609e-01,7.426924109458923340e-01
1762817501.681472778,6.986892223358154297e-01,6.046443581581115723e-01,7.345426678657531738e-01
1762817501.701436996,6.985817551612854004e-01,6.047855019569396973e-01,7.267265915870666504e-01
1762817501.721381664,6.985714435577392578e-01,6.049946546554565430e-01,7.194872498512268066e-01
1762817501.741363049,6.984488964080810547e-01,6.051089167594909668e-01,7.112526893615722656e-01
1762817501.761296988,6.983241438865661621e-01,6.052137613296508789e-01,7.028562426567077637e-01
1762817501.781630754,6.982048153877258301e-01,6.053150892257690430e-01,6.943576335906982422e-01
1762817501.801279545,6.980905532836914062e-01,6.054126620292663574e-01,6.857864260673522949e-01
1762817501.820427895,6.979802846908569336e-01,6.055059432983398438e-01,6.771862506866455078e-01
1762817501.841442347,6.978731751441955566e-01,6.055947542190551758e-01,6.686012744903564453e-01
1762817501.861416578,6.977688074111938477e-01,6.056790351867675781e-01,6.600585579872131348e-01
1762817501.881507158,6.976670026779174805e-01,6.057591438293457031e-01,6.515722274780273438e-01
1762817501.901374102,6.975679397583007812e-01,6.058356165885925293e-01,6.431421041488647461e-01
1762817501.921564579,6.974720954895019531e-01,6.059092283248901367e-01,6.347506642341613770e-01
1762817501.941488504,6.973801851272583008e-01,6.059806942939758301e-01,6.263724565505981445e-01
1762817501.961370707,6.972926259040832520e-01,6.060507893562316895e-01,6.179792881011962891e-01
1762817501.981498718,6.972099542617797852e-01,6.061202287673950195e-01,6.095455288887023926e-01
1762817502.001413345,6.971324086189270020e-01,6.061894893646240234e-01,6.010568141937255859e-01
1762817502.020495653,6.969043612480163574e-01,6.060886979103088379e-01,5.931908488273620605e-01
1762817502.040651560,6.968584060668945312e-01,6.061767339706420898e-01,5.847837924957275391e-01
1762817502.060442209,6.967967748641967773e-01,6.062462925910949707e-01,5.761883854866027832e-01
1762817502.080437422,6.967381238937377930e-01,6.063138842582702637e-01,5.675876736640930176e-01
1762817502.100397348,6.966831088066101074e-01,6.063804626464843750e-01,5.590128302574157715e-01
1762817502.121587992,6.966267228126525879e-01,6.064413189888000488e-01,5.504527688026428223e-01
1762817502.140412331,6.965782642364501953e-01,6.065053343772888184e-01,5.419915914535522461e-01
1762817502.160442114,6.965368390083312988e-01,6.065717339515686035e-01,5.336250662803649902e-01
1762817502.180526257,6.964921951293945312e-01,6.066311597824096680e-01,5.252674818038940430e-01
1762817502.200521469,6.964492201805114746e-01,6.066881418228149414e-01,5.169394612312316895e-01
1762817502.220526934,6.964078545570373535e-01,6.067426204681396484e-01,5.086241960525512695e-01
1762817502.240329266,6.960740089416503906e-01,6.064982414245605469e-01,4.999022185802459717e-01
1762817502.260363579,6.963157653808593750e-01,6.068302989006042480e-01,4.920044243335723877e-01
1762817502.280442476,6.962929368019104004e-01,6.068916320800781250e-01,4.837919175624847412e-01
1762817502.300588608,6.962538957595825195e-01,6.069328784942626953e-01,4.756386280059814453e-01
1762817502.321411610,6.962147951126098633e-01,6.069709658622741699e-01,4.675964713096618652e-01
1762817502.340419292,6.961765885353088379e-01,6.070057749748229980e-01,4.596874713897705078e-01
1762817502.360396147,6.961378455162048340e-01,6.070360541343688965e-01,4.519095420837402344e-01
1762817502.380453825,6.960979104042053223e-01,6.070613265037536621e-01,4.442486166954040527e-01
1762817502.400359631,6.960566043853759766e-01,6.070813536643981934e-01,4.366853237152099609e-01
1762817502.420445204,6.960139274597167969e-01,6.070962548255920410e-01,4.291981756687164307e-01
1762817502.440340996,6.959701180458068848e-01,6.071065068244934082e-01,4.217667877674102783e-01
1762817502.460456610,6.956337094306945801e-01,6.068157553672790527e-01,4.140063822269439697e-01
1762817502.481520176,6.958891749382019043e-01,6.071231961250305176e-01,4.071033000946044922e-01
1762817502.501620293,6.958393454551696777e-01,6.071175336837768555e-01,3.997785449028015137e-01
1762817502.521412611,6.957948207855224609e-01,6.071140766143798828e-01,3.925683200359344482e-01
1762817502.541478634,6.957520842552185059e-01,6.071094274520874023e-01,3.854391574859619141e-01
1762817502.561421156,6.957106590270996094e-01,6.071028113365173340e-01,3.784014582633972168e-01
1762817502.581398726,6.953790187835693359e-01,6.067965626716613770e-01,3.711318373680114746e-01
1762817502.601482391,6.955716013908386230e-01,6.070178151130676270e-01,3.658904135227203369e-01
1762817502.621428251,6.957330703735351562e-01,6.072133779525756836e-01,3.589816987514495850e-01
1762817502.641339064,6.955853104591369629e-01,6.070905923843383789e-01,3.517177402973175049e-01
1762817502.661513329,6.955091357231140137e-01,6.070320010185241699e-01,3.465973734855651855e-01
1762817502.681412935,6.954811811447143555e-01,6.070262789726257324e-01,3.403106629848480225e-01
1762817502.701423645,6.954408288002014160e-01,6.070054769515991211e-01,3.340226411819458008e-01
1762817502.721504927,6.953984498977661133e-01,6.069810390472412109e-01,3.277913630008697510e-01
1762817502.741574049,6.953548192977905273e-01,6.069537997245788574e-01,3.216173648834228516e-01
1762817502.761391878,6.953092217445373535e-01,6.069228649139404297e-01,3.155207931995391846e-01
1762817502.781486511,6.952612400054931641e-01,6.068881154060363770e-01,3.095222115516662598e-01
1762817502.801404715,6.952108144760131836e-01,6.068495512008666992e-01,3.036571741104125977e-01
1762817502.821466684,6.951582431793212891e-01,6.068072319030761719e-01,2.979544997215270996e-01
1762817502.841619253,6.951039433479309082e-01,6.067618131637573242e-01,2.924281060695648193e-01
1762817502.861564159,6.950278282165527344e-01,6.066923737525939941e-01,2.869710326194763184e-01
1762817502.881467342,6.949892044067382812e-01,6.066598296165466309e-01,2.818837165832519531e-01
1762817502.901656389,6.949415206909179688e-01,6.066161990165710449e-01,2.768864929676055908e-01
1762817502.921443462,6.948893070220947266e-01,6.065666079521179199e-01,2.719772756099700928e-01
1762817502.942441225,6.948390603065490723e-01,6.065174937248229980e-01,2.671523988246917725e-01
1762817502.960468054,6.944930553436279297e-01,6.061612963676452637e-01,2.621705830097198486e-01
1762817502.980479240,6.947467923164367676e-01,6.064231395721435547e-01,2.576915919780731201e-01
1762817503.000691891,6.947032213211059570e-01,6.063766479492187500e-01,2.530581951141357422e-01
1762817503.020422697,6.946606636047363281e-01,6.063300967216491699e-01,2.485137879848480225e-01
1762817503.040455818,6.943308115005493164e-01,6.059857606887817383e-01,2.439035624265670776e-01
1762817503.060446978,6.942894458770751953e-01,6.059389114379882812e-01,2.396163493394851685e-01
1762817503.081479073,6.945320367813110352e-01,6.061850190162658691e-01,2.356419861316680908e-01
1762817503.101488113,6.942077279090881348e-01,6.058443188667297363e-01,2.315229773521423340e-01
1762817503.121457338,6.944534778594970703e-01,6.060932874679565430e-01,2.278507798910140991e-01
1762817503.141553640,6.945653557777404785e-01,6.062058210372924805e-01,2.255888730287551880e-01
1762817503.160495758,6.945264339447021484e-01,6.061599254608154297e-01,2.219464629888534546e-01
1762817503.182428598,6.945310235023498535e-01,6.061565279960632324e-01,2.176917493343353271e-01
1762817503.200745583,6.943146586418151855e-01,6.059254407882690430e-01,2.144206613302230835e-01
1762817503.221490145,6.942752599716186523e-01,6.058763265609741211e-01,2.109803408384323120e-01
1762817503.241461277,6.942465901374816895e-01,6.058375835418701172e-01,2.076345086097717285e-01
1762817503.261366606,6.942125558853149414e-01,6.057920455932617188e-01,2.043340653181076050e-01
1762817503.280478239,6.941564083099365234e-01,6.057221889495849609e-01,2.010419070720672607e-01
1762817503.300424576,6.941385865211486816e-01,6.056914329528808594e-01,1.979675143957138062e-01
1762817503.320445538,6.940992474555969238e-01,6.056371927261352539e-01,1.949319839477539062e-01
1762817503.340486288,6.940559744834899902e-01,6.055780053138732910e-01,1.920027136802673340e-01
1762817503.361428261,6.939895749092102051e-01,6.054936051368713379e-01,1.891291290521621704e-01
1762817503.381378412,6.939618587493896484e-01,6.054491996765136719e-01,1.864795982837677002e-01
1762817503.401569128,6.939134597778320312e-01,6.053820848464965820e-01,1.838789284229278564e-01
1762817503.421419859,6.938628554344177246e-01,6.053119301795959473e-01,1.813647449016571045e-01
1762817503.441464186,6.938120722770690918e-01,6.052405834197998047e-01,1.789254546165466309e-01
1762817503.461456776,6.937617063522338867e-01,6.051687002182006836e-01,1.765490323305130005e-01
1762817503.481611729,6.937122941017150879e-01,6.050967574119567871e-01,1.742268800735473633e-01
1762817503.501410007,6.936641931533813477e-01,6.050253510475158691e-01,1.719556599855422974e-01
1762817503.521505356,6.936178207397460938e-01,6.049549579620361328e-01,1.697383075952529907e-01
1762817503.541590929,6.935734152793884277e-01,6.048857569694519043e-01,1.675831675529479980e-01
1762817503.561427593,6.935313344001770020e-01,6.048181056976318359e-01,1.655005365610122681e-01
1762817503.580524683,6.931964755058288574e-01,6.044448614120483398e-01,1.634028404951095581e-01
1762817503.600362301,6.931699514389038086e-01,6.043921709060668945e-01,1.615091115236282349e-01
1762817503.620484829,6.931356787681579590e-01,6.043308377265930176e-01,1.596782952547073364e-01
1762817503.640417337,6.931033730506896973e-01,6.042711138725280762e-01,1.579218059778213501e-01
1762817503.661520720,6.930736899375915527e-01,6.042140722274780273e-01,1.562303900718688965e-01
1762817503.681548595,6.930378079414367676e-01,6.041506528854370117e-01,1.545806676149368286e-01
1762817503.701380491,6.930240988731384277e-01,6.041111350059509277e-01,1.530079543590545654e-01
1762817503.721427917,6.930036544799804688e-01,6.040651202201843262e-01,1.514588147401809692e-01
1762817503.741524696,6.929861307144165039e-01,6.040228009223937988e-01,1.499434858560562134e-01
1762817503.761413813,6.929714679718017578e-01,6.039834618568420410e-01,1.484629064798355103e-01
1762817503.781422615,6.929585933685302734e-01,6.039462685585021973e-01,1.470234096050262451e-01
1762817503.801606894,6.930060982704162598e-01,6.039737462997436523e-01,1.457174420356750488e-01
1762817503.821443558,6.930029392242431641e-01,6.039482355117797852e-01,1.443881839513778687e-01
1762817503.841467142,6.929989457130432129e-01,6.039222478866577148e-01,1.431117504835128784e-01
1762817503.861481428,6.932089924812316895e-01,6.041234135627746582e-01,1.421463042497634888e-01
1762817503.881447554,6.932199597358703613e-01,6.041136384010314941e-01,1.409704834222793579e-01
1762817503.901448727,6.932201981544494629e-01,6.040924191474914551e-01,1.398181766271591187e-01
1762817503.921483994,6.932201385498046875e-01,6.040708422660827637e-01,1.386924535036087036e-01
1762817503.940320253,6.929644942283630371e-01,6.037780046463012695e-01,1.373093575239181519e-01
1762817503.960469007,6.929084658622741699e-01,6.037015318870544434e-01,1.364421397447586060e-01
1762817503.981405020,6.932006478309631348e-01,6.039832830429077148e-01,1.354406625032424927e-01
1762817504.001543760,6.931897997856140137e-01,6.039488911628723145e-01,1.344243586063385010e-01
1762817504.021480322,6.931691169738769531e-01,6.039046049118041992e-01,1.334459781646728516e-01
1762817504.041403770,6.928661465644836426e-01,6.035651564598083496e-01,1.324822753667831421e-01
1762817504.061430693,6.931167244911193848e-01,6.038011312484741211e-01,1.316250413656234741e-01
1762817504.081493378,6.930851340293884277e-01,6.037418842315673828e-01,1.307788938283920288e-01
1762817504.101442099,6.927689313888549805e-01,6.033849716186523438e-01,1.299452185630798340e-01
1762817504.121451616,6.930142641067504883e-01,6.036123037338256836e-01,1.292100697755813599e-01
1762817504.141443729,6.926942467689514160e-01,6.032488346099853516e-01,1.284560710191726685e-01
1762817504.161349535,6.926573514938354492e-01,6.031791567802429199e-01,1.277547776699066162e-01
1762817504.181566954,6.926222443580627441e-01,6.031102538108825684e-01,1.270814388990402222e-01
1762817504.201448441,6.925901174545288086e-01,6.030431985855102539e-01,1.264311224222183228e-01
1762817504.221334934,6.925625205039978027e-01,6.029801964759826660e-01,1.258033365011215210e-01
1762817504.240454674,6.928359866142272949e-01,6.032484769821166992e-01,1.255208998918533325e-01
1762817504.261457920,6.929357051849365234e-01,6.033123135566711426e-01,1.248594895005226135e-01
1762817504.281399250,6.929457187652587891e-01,6.032863855361938477e-01,1.242893859744071960e-01
1762817504.301638365,6.929430961608886719e-01,6.032469868659973145e-01,1.237322613596916199e-01
1762817504.321434498,6.929448246955871582e-01,6.032123565673828125e-01,1.231935620307922363e-01
1762817504.341444969,6.929497122764587402e-01,6.031810641288757324e-01,1.226790621876716614e-01
1762817504.360419989,6.928524971008300781e-01,6.030402183532714844e-01,1.221324950456619263e-01
1762817504.381359339,6.928342580795288086e-01,6.029860377311706543e-01,1.216565743088722229e-01
1762817504.401472569,6.929301023483276367e-01,6.030562520027160645e-01,1.212615296244621277e-01
1762817504.421391487,6.929583549499511719e-01,6.030554771423339844e-01,1.208521276712417603e-01
1762817504.441427708,6.929523348808288574e-01,6.030200123786926270e-01,1.204469427466392517e-01
1762817504.461433887,6.929151415824890137e-01,6.029532551765441895e-01,1.200442016124725342e-01
1762817504.480491638,6.929129362106323242e-01,6.029251217842102051e-01,1.196698024868965149e-01
1762817504.500401497,6.927224397659301758e-01,6.027035117149353027e-01,1.193220093846321106e-01
1762817504.521573067,6.927412748336791992e-01,6.026936173439025879e-01,1.188898161053657532e-01
1762817504.541563272,6.927072405815124512e-01,6.026340723037719727e-01,1.185315474867820740e-01
1762817504.561639309,6.926711797714233398e-01,6.025723814964294434e-01,1.181786432862281799e-01
1762817504.580437422,6.923079490661621094e-01,6.021686196327209473e-01,1.177952364087104797e-01
1762817504.600589991,6.923101544380187988e-01,6.021462082862854004e-01,1.174762696027755737e-01
1762817504.620501995,6.922720670700073242e-01,6.020803451538085938e-01,1.171591952443122864e-01
1762817504.640444279,6.922333836555480957e-01,6.020122766494750977e-01,1.168633997440338135e-01
1762817504.660591841,6.921980977058410645e-01,6.019465923309326172e-01,1.165925934910774231e-01
1762817504.680474758,6.921679377555847168e-01,6.018850803375244141e-01,1.163529679179191589e-01
1762817504.700450420,6.923676729202270508e-01,6.020679473876953125e-01,1.161988452076911926e-01
1762817504.720541954,6.923641562461853027e-01,6.020322442054748535e-01,1.160099059343338013e-01
1762817504.740591288,6.921928524971008301e-01,6.018155217170715332e-01,1.157936900854110718e-01
1762817504.761454344,6.921175122261047363e-01,6.017008423805236816e-01,1.155907362699508667e-01
1762817504.780413866,6.920874714851379395e-01,6.016340851783752441e-01,1.153856739401817322e-01
1762817504.800439596,6.921396851539611816e-01,6.016553640365600586e-01,1.151896864175796509e-01
1762817504.820537090,6.921569705009460449e-01,6.016398072242736816e-01,1.149765849113464355e-01
1762817504.840550661,6.923871040344238281e-01,6.018536686897277832e-01,1.148119494318962097e-01
1762817504.861395121,6.922047138214111328e-01,6.016261577606201172e-01,1.145404502749443054e-01
1762817504.880446434,6.926235556602478027e-01,6.020446419715881348e-01,1.144345924258232117e-01
1762817504.900433779,6.926466822624206543e-01,6.020407080650329590e-01,1.142334863543510437e-01
1762817504.921483517,6.926743388175964355e-01,6.020429134368896484e-01,1.140522584319114685e-01
1762817504.941475391,6.926955580711364746e-01,6.020400524139404297e-01,1.138881370425224304e-01
1762817504.961444616,6.927170753479003906e-01,6.020398736000061035e-01,1.137429028749465942e-01
1762817504.981412649,6.927314996719360352e-01,6.020345091819763184e-01,1.136214062571525574e-01
1762817505.001432657,6.927400827407836914e-01,6.020251512527465820e-01,1.135256737470626831e-01
1762817505.020390272,6.927328109741210938e-01,6.020011305809020996e-01,1.134441196918487549e-01
1762817505.040529966,6.927382946014404297e-01,6.019921302795410156e-01,1.133675947785377502e-01
1762817505.060448647,6.925973296165466309e-01,6.018334627151489258e-01,1.132894009351730347e-01
1762817505.080392599,6.925825476646423340e-01,6.018043756484985352e-01,1.131930798292160034e-01
1762817505.100417852,6.925637125968933105e-01,6.017704606056213379e-01,1.130820512771606445e-01
1762817505.121356010,6.926630139350891113e-01,6.018553376197814941e-01,1.129455715417861938e-01
1762817505.140412807,6.925159096717834473e-01,6.016872525215148926e-01,1.128202006220817566e-01
1762817505.160495043,6.924861073493957520e-01,6.016363501548767090e-01,1.126771420240402222e-01
1762817505.180409193,6.924643516540527344e-01,6.015915274620056152e-01,1.125402599573135376e-01
1762817505.200426579,6.924394369125366211e-01,6.015406250953674316e-01,1.124130040407180786e-01
1762817505.220300436,6.924169063568115234e-01,6.014895439147949219e-01,1.122974976897239685e-01
1762817505.240349054,6.923980116844177246e-01,6.014394164085388184e-01,1.122024580836296082e-01
1762817505.260353804,6.923833489418029785e-01,6.013914942741394043e-01,1.121316030621528625e-01
1762817505.280624151,6.923735737800598145e-01,6.013465523719787598e-01,1.120843663811683655e-01
1762817505.300397873,6.923694610595703125e-01,6.013056039810180664e-01,1.120548322796821594e-01
1762817505.320423841,6.923711299896240234e-01,6.012693047523498535e-01,1.120346114039421082e-01
1762817505.340455294,6.923553943634033203e-01,6.012133359909057617e-01,1.120116412639617920e-01
1762817505.360383511,6.923916935920715332e-01,6.012136340141296387e-01,1.119827032089233398e-01
1762817505.380532503,6.924099326133728027e-01,6.011955738067626953e-01,1.119369268417358398e-01
1762817505.400410175,6.924304366111755371e-01,6.011818051338195801e-01,1.118704304099082947e-01
1762817505.420522928,6.924537420272827148e-01,6.011736392974853516e-01,1.117837801575660706e-01
1762817505.440346241,6.924792528152465820e-01,6.011706590652465820e-01,1.116868257522583008e-01
1762817505.460379124,6.925054788589477539e-01,6.011713147163391113e-01,1.115890741348266602e-01
1762817505.480388165,6.925311684608459473e-01,6.011748313903808594e-01,1.115012317895889282e-01
1762817505.500562429,6.925554275512695312e-01,6.011799573898315430e-01,1.114282235503196716e-01
1762817505.520436049,6.922982335090637207e-01,6.008956432342529297e-01,1.113509088754653931e-01
1762817505.540444851,6.923169493675231934e-01,6.009014248847961426e-01,1.113080680370330811e-01
1762817505.560508013,6.926117539405822754e-01,6.011970043182373047e-01,1.112952753901481628e-01
1762817505.580378056,6.926230788230895996e-01,6.012008786201477051e-01,1.112755089998245239e-01
1762817505.600473642,6.926308274269104004e-01,6.012036800384521484e-01,1.112640127539634705e-01
1762817505.620459795,6.923549771308898926e-01,6.009141206741333008e-01,1.112452074885368347e-01
1762817505.640470743,6.923582553863525391e-01,6.009140610694885254e-01,1.112436354160308838e-01
1762817505.660562992,6.923603415489196777e-01,6.009123325347900391e-01,1.112438067793846130e-01
1762817505.680542946,6.923616528511047363e-01,6.009089350700378418e-01,1.112369373440742493e-01
1762817505.700413465,6.923630833625793457e-01,6.009041070938110352e-01,1.112161353230476379e-01
1762817505.720409155,6.923657059669494629e-01,6.008985042572021484e-01,1.111799106001853943e-01
1762817505.740346193,6.923712491989135742e-01,6.008936762809753418e-01,1.111278086900711060e-01
1762817505.761458397,6.923813819885253906e-01,6.008910536766052246e-01,1.110633686184883118e-01
1762817505.781408548,6.923886537551879883e-01,6.008824110031127930e-01,1.109886616468429565e-01
1762817505.801496744,6.924207210540771484e-01,6.008967161178588867e-01,1.109235659241676331e-01
1762817505.821533918,6.924494504928588867e-01,6.009047627449035645e-01,1.108717694878578186e-01
1762817505.841429234,6.924838423728942871e-01,6.009164452552795410e-01,1.108425483107566833e-01
1762817505.860482216,6.925155520439147949e-01,6.009232401847839355e-01,1.108390390872955322e-01
1762817505.881408691,6.925300359725952148e-01,6.009104847908020020e-01,1.108564808964729309e-01
1762817505.901406765,6.926176548004150391e-01,6.009745597839355469e-01,1.108936145901679993e-01
1762817505.921484232,6.926677823066711426e-01,6.009984016418457031e-01,1.109321415424346924e-01
1762817505.941421509,6.927149891853332520e-01,6.010202169418334961e-01,1.109619587659835815e-01
1762817505.961466074,6.927608847618103027e-01,6.010426282882690430e-01,1.109797731041908264e-01
1762817505.982462406,6.927652359008789062e-01,6.010227799415588379e-01,1.109793931245803833e-01
1762817506.000433207,6.932402253150939941e-01,6.015036702156066895e-01,1.109892502427101135e-01
1762817506.020449162,6.932836771011352539e-01,6.015284061431884766e-01,1.109635606408119202e-01
1762817506.041550636,6.933223009109497070e-01,6.015502810478210449e-01,1.109236851334571838e-01
1762817506.060375452,6.933467388153076172e-01,6.015593409538269043e-01,1.108749508857727051e-01
1762817506.080465078,6.933898329734802246e-01,6.015889644622802734e-01,1.108253747224807739e-01
1762817506.100551605,6.934158205986022949e-01,6.016016602516174316e-01,1.107743978500366211e-01
1762817506.120390415,6.932992935180664062e-01,6.014695167541503906e-01,1.107221543788909912e-01
1762817506.140590191,6.934436559677124023e-01,6.016045212745666504e-01,1.106812134385108948e-01
1762817506.160510778,6.933115124702453613e-01,6.014567017555236816e-01,1.106434911489486694e-01
1762817506.180429459,6.933041810989379883e-01,6.014366745948791504e-01,1.106285229325294495e-01
1762817506.200546026,6.932889819145202637e-01,6.014075875282287598e-01,1.106326282024383545e-01
1762817506.220707417,6.932660937309265137e-01,6.013689041137695312e-01,1.106536611914634705e-01
1762817506.240376472,6.932368278503417969e-01,6.013221144676208496e-01,1.106877326965332031e-01
1762817506.261416197,6.932035684585571289e-01,6.012693643569946289e-01,1.107265502214431763e-01
1762817506.281504393,6.931643486022949219e-01,6.012077331542968750e-01,1.107617765665054321e-01
1762817506.301439762,6.931345462799072266e-01,6.011537313461303711e-01,1.107851639389991760e-01
1762817506.321405172,6.931021213531494141e-01,6.010946631431579590e-01,1.107896864414215088e-01
1762817506.340430975,6.930733919143676758e-01,6.010372638702392578e-01,1.107738614082336426e-01
1762817506.360452890,6.930460929870605469e-01,6.009788513183593750e-01,1.107394024729728699e-01
1762817506.380481482,6.930341124534606934e-01,6.009347438812255859e-01,1.106902509927749634e-01
1762817506.400372028,6.930240392684936523e-01,6.008911728858947754e-01,1.106372922658920288e-01
1762817506.420377731,6.930201649665832520e-01,6.008533835411071777e-01,1.105931475758552551e-01
1762817506.440463781,6.930224299430847168e-01,6.008218526840209961e-01,1.105624809861183167e-01
1762817506.461428404,6.930108666419982910e-01,6.007762551307678223e-01,1.105509847402572632e-01
1762817506.481410027,6.930422186851501465e-01,6.007778644561767578e-01,1.105652824044227600e-01
1762817506.501483202,6.930592060089111328e-01,6.007660627365112305e-01,1.105959936976432800e-01
1762817506.521372557,6.930776834487915039e-01,6.007584333419799805e-01,1.106376573443412781e-01
1762817506.541350126,6.930976510047912598e-01,6.007552742958068848e-01,1.106799319386482239e-01
1762817506.561494112,6.931178569793701172e-01,6.007557511329650879e-01,1.107158139348030090e-01
1762817506.581563234,6.931372284889221191e-01,6.007587313652038574e-01,1.107393279671669006e-01
1762817506.601451635,6.931549906730651855e-01,6.007635593414306641e-01,1.107468307018280029e-01
1762817506.621430159,6.931704282760620117e-01,6.007695198059082031e-01,1.107372492551803589e-01
1762817506.641364574,6.931828260421752930e-01,6.007761955261230469e-01,1.107110828161239624e-01
1762817506.661422729,6.931917667388916016e-01,6.007828712463378906e-01,1.106719672679901123e-01
1762817506.680444241,6.929075121879577637e-01,6.004902720451354980e-01,1.106049716472625732e-01
1762817506.700365782,6.933232545852661133e-01,6.009199023246765137e-01,1.106054037809371948e-01
1762817506.720346928,6.929188370704650879e-01,6.005080938339233398e-01,1.105269044637680054e-01
1762817506.740478992,6.929174065589904785e-01,6.005100011825561523e-01,1.105094328522682190e-01
1762817506.760398149,6.929110884666442871e-01,6.005063056945800781e-01,1.105109900236129761e-01
1762817506.780465364,6.929042935371398926e-01,6.005007028579711914e-01,1.105303242802619934e-01
1762817506.800526381,6.928986907005310059e-01,6.004942059516906738e-01,1.105611622333526611e-01
1762817506.821534395,6.928868889808654785e-01,6.004787087440490723e-01,1.105989888310432434e-01
1762817506.841459513,6.928973793983459473e-01,6.004836559295654297e-01,1.106381863355636597e-01
1762817506.861435413,6.929023265838623047e-01,6.004801988601684570e-01,1.106745079159736633e-01
1762817506.881414413,6.929116249084472656e-01,6.004782319068908691e-01,1.106981933116912842e-01
1762817506.901460409,6.929254531860351562e-01,6.004775166511535645e-01,1.107034087181091309e-01
1762817506.921476603,6.933486461639404297e-01,6.009033918380737305e-01,1.107147186994552612e-01
1762817506.941551447,6.929613947868347168e-01,6.004771590232849121e-01,1.106550991535186768e-01
1762817506.961452723,6.929822564125061035e-01,6.004770398139953613e-01,1.106119230389595032e-01
1762817506.981498003,6.930046677589416504e-01,6.004778146743774414e-01,1.105632036924362183e-01
1762817507.001552820,6.930285692214965820e-01,6.004801988601684570e-01,1.105156019330024719e-01
1762817507.021597147,6.930537819862365723e-01,6.004844307899475098e-01,1.104708164930343628e-01
1762817507.041471004,6.930799484252929688e-01,6.004910469055175781e-01,1.104277148842811584e-01
1762817507.061568737,6.931071877479553223e-01,6.005002260208129883e-01,1.103862375020980835e-01
1762817507.081465960,6.931353211402893066e-01,6.005123257637023926e-01,1.103463917970657349e-01
1762817507.101488590,6.931642293930053711e-01,6.005275249481201172e-01,1.103081181645393372e-01
1762817507.121473551,6.931937932968139648e-01,6.005461215972900391e-01,1.102714240550994873e-01
1762817507.141474724,6.934345960617065430e-01,6.007878780364990234e-01,1.102576926350593567e-01
1762817507.160393715,6.935255527496337891e-01,6.008771657943725586e-01,1.102388128638267517e-01
1762817507.180417538,6.935515403747558594e-01,6.008999943733215332e-01,1.102065593004226685e-01
1762817507.201408386,6.937091946601867676e-01,6.010631322860717773e-01,1.101993173360824585e-01
1762817507.221366405,6.937476992607116699e-01,6.011048555374145508e-01,1.102130115032196045e-01
1762817507.241395950,6.937729120254516602e-01,6.011347770690917969e-01,1.102485731244087219e-01
1762817507.261387825,6.937915086746215820e-01,6.011601090431213379e-01,1.102997884154319763e-01
1762817507.281498432,6.936692595481872559e-01,6.010405421257019043e-01,1.103468760848045349e-01
