1762817955.828348398,7.163418742897370322e-19,-3.189455000000846128e-18,1.497174962423741817e-04
1762817955.847407579,2.894683915441169690e-19,-9.013591713570626920e-19,1.496388867963105440e-04
1762817955.867476702,7.424264462199256298e-19,-3.329270857398846736e-18,1.497217017458751798e-04
1762817955.887947321,7.157000338331841673e-19,-3.186013721857472394e-18,1.497170451330021024e-04
1762817955.907488108,7.156331872999322258e-19,-3.185655759447390072e-18,1.497170596849173307e-04
1762817955.927829027,7.172375040979788230e-19,-3.194255542685797624e-18,1.497173070674762130e-04
1762817955.947495222,7.188499376057860967e-19,-3.202897718930598519e-18,1.497175253462046385e-04
1762817955.967478037,1.324239232900429876e-18,-6.447860880731968707e-18,1.498330238973721862e-04
1762817955.987424374,1.327144498006869247e-18,-6.463433382943892006e-18,1.498333585914224386e-04
1762817956.007488966,1.329846690272926851e-18,-6.477916488289082967e-18,1.498337369412183762e-04
1762817956.027469158,1.332354184902304785e-18,-6.491356932472150837e-18,1.498339697718620300e-04
1762817956.047410727,7.254280914271140493e-19,-3.238157533311590153e-18,1.497182965977117419e-04
1762817956.067534447,1.336823441751928793e-18,-6.515312910192299072e-18,1.498344499850645661e-04
1762817956.088458061,1.429544494757258755e-18,-7.012307837632534690e-18,1.498518831795081496e-04
1762817956.108469248,7.274593368188145779e-19,-3.249044677738859965e-18,1.497185148764401674e-04
1762817956.127398252,4.521754901175452120e-19,-1.773489295384104736e-18,1.496679760748520494e-04
1762817956.147328854,4.304587161649721657e-19,-1.657085130863192470e-18,1.496641343692317605e-04
1762817956.167496443,4.295524364063437548e-19,-1.652227409318398246e-18,1.496639597462490201e-04
1762817956.187605619,4.300011818886537723e-19,-1.654632850539702450e-18,1.496640034019947052e-04
1762817956.207327843,7.064067113499391860e-19,-3.136201525754988482e-18,1.497138146078214049e-04
1762817956.227531433,7.315131422057838283e-19,-3.270774919225781140e-18,1.497180201113224030e-04
1762817956.247376680,7.333621493687812679e-19,-3.280686404120544656e-18,1.497182238381356001e-04
1762817956.267312527,4.452905039877483707e-19,-1.736585666330817098e-18,1.496663753641769290e-04
1762817956.287425756,4.835836930725485265e-19,-1.941842677120031662e-18,1.496731129009276628e-04
1762817956.307335377,7.120543386809332670e-19,-3.166473854632591636e-18,1.497142802691087127e-04
1762817956.328326941,7.092012376518730208e-19,-3.151181353058017537e-18,1.497137855039909482e-04
1762817956.348423243,4.967230952114353792e-19,-2.012271109219480959e-18,1.496753684477880597e-04
1762817956.368571520,4.256008912226013724e-19,-1.631047036143671696e-18,1.496631302870810032e-04
1762817956.388370991,6.449260987316291275e-19,-2.806658559978150128e-18,1.497029443271458149e-04
1762817956.408461094,4.928992460347558705e-19,-1.991774607616182624e-18,1.496749464422464371e-04
1762817956.428609371,7.064855003032848619e-19,-3.136624215048003080e-18,1.497138000559061766e-04
1762817956.448339224,4.964821788580293099e-19,-2.010979673488132544e-18,1.496755867265164852e-04
1762817956.467917204,1.179006066273242920e-18,-5.669394175223107661e-18,1.498037745477631688e-04
1762817956.487965822,7.309261024648126014e-19,-3.267629771741701391e-18,1.497194461990147829e-04
1762817956.507407188,4.202910120754703495e-19,-1.602585509024523688e-18,1.496626500738784671e-04
1762817956.527386665,1.162569677309084552e-18,-5.581294476902534896e-18,1.498015335528180003e-04
1762817956.547545433,4.917212891436920745e-19,-1.985461358386024779e-18,1.496751356171444058e-04
1762817956.567543030,1.291797002480946992e-18,-6.273970558770764952e-18,1.498250639997422695e-04
1762817956.587328434,1.207276928261197454e-18,-5.820931181900984672e-18,1.498096535215154290e-04
1762817956.607468367,1.300284909541506747e-18,-6.319465492461181475e-18,1.498273632023483515e-04
1762817956.628061056,1.310073558115306139e-18,-6.371935213076645126e-18,1.498293131589889526e-04
1762817956.647396326,1.314099756349331432e-18,-6.393515114487234788e-18,1.498301571700721979e-04
1762817956.667358637,1.317559749454064177e-18,-6.412060503820673669e-18,1.498308556620031595e-04
1762817956.687391281,1.320799402323128110e-18,-6.429425092829693102e-18,1.498314668424427509e-04
1762817956.707499027,8.534701184799762850e-19,-3.924480661280259819e-18,1.497419725637882948e-04
1762817956.727327108,7.129887425803884809e-19,-3.171482433241600219e-18,1.497169141657650471e-04
1762817956.748386621,8.949991864222956005e-19,-4.147081995153486267e-18,1.497496705269441009e-04
1762817956.768316984,1.295312933674603636e-18,-6.292814973895641752e-18,1.498273049946874380e-04
1762817956.788398027,1.302240984895041520e-18,-6.329949179544678547e-18,1.498287892900407314e-04
1762817956.808453321,1.306702900516729120e-18,-6.353865452595424236e-18,1.498296915087848902e-04
1762817956.828410864,1.310771491757147756e-18,-6.375672415084159705e-18,1.498304627602919936e-04
1762817956.847519159,4.463359568844388286e-19,-1.742189608185710722e-18,1.496671757195144892e-04
1762817956.867322206,4.257758916209446223e-19,-1.631984955560730260e-18,1.496635377407073975e-04
1762817956.887439489,4.252940589141324837e-19,-1.629402187495610000e-18,1.496634504292160273e-04
1762817956.907326937,4.260980526201398843e-19,-1.633711695089434705e-18,1.496635522926226258e-04
1762817956.927363634,4.269357539361088208e-19,-1.638202251839831954e-18,1.496636832598596811e-04
1762817956.947457790,4.277234625238065837e-19,-1.642424285083879176e-18,1.496637851232662797e-04
1762817956.967502117,4.284587485401837985e-19,-1.646365904100270922e-18,1.496638724347576499e-04
1762817956.987356186,4.291442744728371202e-19,-1.650040240381231471e-18,1.496639451943337917e-04
1762817957.008938789,4.511679324326673397e-19,-1.768089667140511710e-18,1.496678305556997657e-04
1762817957.028494835,4.299587630328662873e-19,-1.654406099654286351e-18,1.496640761615708470e-04
1762817957.048918724,4.291540196944287605e-19,-1.650092456157398881e-18,1.496639015385881066e-04
1762817957.068624496,4.296692239690785854e-19,-1.652854205427560302e-18,1.496639597462490201e-04
1762817957.088885307,4.302324305686506281e-19,-1.655873104470649146e-18,1.496640179539099336e-04
1762817957.108382463,4.307627825882678302e-19,-1.658716020838417333e-18,1.496640761615708470e-04
1762817957.127908707,7.266477692403234886e-19,-3.244697223234434390e-18,1.497181074228137732e-04
1762817957.147389174,7.355145767202208151e-19,-3.292225160075353116e-18,1.497196499258279800e-04
1762817957.167365074,7.254303144750102856e-19,-3.238172422562616107e-18,1.497178891440853477e-04
1762817957.187381744,7.257337863622406776e-19,-3.239799073237201636e-18,1.497179327998310328e-04
1762817957.207323074,7.266591429737460927e-19,-3.244758434599763314e-18,1.497180492151528597e-04
1762817957.227382660,7.275599426608163399e-19,-3.249586481040082198e-18,1.497181801823899150e-04
1762817957.247410774,7.283922414534095394e-19,-3.254047879673886953e-18,1.497182965977117419e-04
1762817957.267417908,7.291609507364127249e-19,-3.258167652714707307e-18,1.497183693572878838e-04
1762817957.287378073,7.298652950280016280e-19,-3.261942491440093049e-18,1.497184421168640256e-04
1762817957.307343245,7.305121502670180956e-19,-3.265409618977609064e-18,1.497185148764401674e-04
1762817957.327417612,6.694337542215619469e-19,-2.938021458696471347e-18,1.497075281804427505e-04
1762817957.347406387,7.246005489230430297e-19,-3.233722190867080818e-18,1.497173361713066697e-04
1762817957.367420435,6.675439050158197015e-19,-2.927891391324840694e-18,1.497071352787315845e-04
1762817957.387489557,4.961043641132457145e-19,-2.008953908167990180e-18,1.496757031418383121e-04
1762817957.407498598,6.510158024012445173e-19,-2.839298072973726909e-18,1.497043122071772814e-04
1762817957.428319454,4.574160411895866343e-19,-1.801579315010639865e-18,1.496690383646637201e-04
1762817957.448330164,4.788589925100104861e-19,-1.916515854329729922e-18,1.496729091741144657e-04
1762817957.468433142,6.455555314789936970e-19,-2.810029941359763131e-18,1.497036428190767765e-04
1762817957.488404751,4.341115715994004782e-19,-1.676664392564746066e-18,1.496650365879759192e-04
1762817957.508338928,6.431892779392091922e-19,-2.797347815003253248e-18,1.497033954365178943e-04
1762817957.528936148,4.343081820912466760e-19,-1.677718530857868330e-18,1.496651530032977462e-04
1762817957.548898935,4.215935113475116607e-19,-1.609565879418705551e-18,1.496630575275048614e-04
1762817957.568441391,4.218892542658935104e-19,-1.611151274460239997e-18,1.496631884947419167e-04
1762817957.588394642,4.229823992947764788e-19,-1.617010711726835938e-18,1.496634067734703422e-04
1762817957.608762741,7.124126112837452971e-19,-3.168392913653714660e-18,1.497170742368325591e-04
1762817957.627410412,7.144104075594257126e-19,-3.179101180273519880e-18,1.497173943789675832e-04
1762817957.647417068,7.241139082289204266e-19,-3.231114090395701122e-18,1.497191697126254439e-04
1762817957.668036222,7.150665685803334018e-19,-3.182619799804167322e-18,1.497175253462046385e-04
1762817957.687528849,7.161549314713000480e-19,-3.188453077483891273e-18,1.497176126576960087e-04
1762817957.707361698,7.178078451303341355e-19,-3.197312388639487338e-18,1.497178163845092058e-04
1762817957.727374792,7.193907069312426386e-19,-3.205797193772750019e-18,1.497179764555767179e-04
1762817957.747458458,7.208683099992037688e-19,-3.213717241342792121e-18,1.497181074228137732e-04
1762817957.767353535,7.222399305511815424e-19,-3.221069843012622845e-18,1.497182529419660568e-04
1762817957.787373304,7.235113588514638305e-19,-3.227884156898834687e-18,1.497183693572878838e-04
1762817957.807580948,7.246880232728205124e-19,-3.234191409069551523e-18,1.497184566687792540e-04
1762817957.827351332,7.257738529231612149e-19,-3.240011451859474626e-18,1.497185294283553958e-04
1762817957.847444534,7.267774815001294603e-19,-3.245391020973213242e-18,1.497186021879315376e-04
1762817957.867410660,7.276972029437118579e-19,-3.250320397038569872e-18,1.497186749475076795e-04
1762817957.887330055,7.285417026503402146e-19,-3.254847349735919454e-18,1.497187477070838213e-04
1762817957.907354832,7.293154267158070029e-19,-3.258994833327260335e-18,1.497187768109142780e-04
1762817957.927423954,7.300228729346929798e-19,-3.262786422460050275e-18,1.497188204666599631e-04
1762817957.947371960,7.306685391015789024e-19,-3.266247759733278420e-18,1.497188641224056482e-04
1762817957.967365980,7.312566128183158206e-19,-3.269399317867105455e-18,1.497188932262361050e-04
1762817957.987897873,7.317885933497639865e-19,-3.272251436619188295e-18,1.497189223300665617e-04
1762817958.007432461,7.322721838153778003e-19,-3.274843200273470068e-18,1.497189368819817901e-04
1762817958.028046131,7.327064536369681398e-19,-3.277170886517194288e-18,1.497189659858122468e-04
1762817958.047256231,7.330996746206605353e-19,-3.279278542717979403e-18,1.497189950896427035e-04
1762817958.067437410,6.715363956398834587e-19,-2.949292414927965764e-18,1.497079065302386880e-04
1762817958.087497950,7.266943498485678810e-19,-3.244946618189119127e-18,1.497176999691873789e-04
1762817958.107935429,8.665445869407777250e-19,-3.994561884317589983e-18,1.497434568591415882e-04
1762817958.127537251,6.544811204811705730e-19,-2.857873861194677113e-18,1.497049088357016444e-04
1762817958.147446394,6.631819231518861637e-19,-2.904511544901335643e-18,1.497064076829701662e-04
1762817958.168036461,4.381951554884216376e-19,-1.698553969717160268e-18,1.496655604569241405e-04
1762817958.188869715,4.451417665738536794e-19,-1.735788057425162841e-18,1.496670447522774339e-04
1762817958.208417654,4.799021189612281386e-19,-1.922108215656047804e-18,1.496731711085885763e-04
1762817958.229022741,4.252668395021006607e-19,-1.629256293515070960e-18,1.496635959483683109e-04
1762817958.248443604,6.462293217867064226e-19,-2.813643893456007308e-18,1.497039629612118006e-04
1762817958.268902779,6.598078017344940793e-19,-2.886426274783629384e-18,1.497061894042417407e-04
1762817958.287480593,8.902173586987031166e-19,-4.121451390283224428e-18,1.497482735430821776e-04
1762817958.307467937,1.170067862766724610e-18,-5.621485114914955128e-18,1.498030469520017505e-04
1762817958.327325106,8.426259357457709459e-19,-3.866355506816771117e-18,1.497398916399106383e-04
1762817958.347542524,1.285814522098233789e-18,-6.241903247963921729e-18,1.498245401307940483e-04
1762817958.368417978,1.281206092110547733e-18,-6.217201566921556940e-18,1.498239143984392285e-04
1762817958.388346672,7.321190003056906365e-19,-3.274024084671889433e-18,1.497202611062675714e-04
1762817958.408371687,7.001770590604374809e-19,-3.102811139558366691e-18,1.497149642091244459e-04
1762817958.428400993,1.153717914176578034e-18,-5.533848224147105781e-18,1.498011988587677479e-04
1762817958.448394775,7.282841392871065156e-19,-3.253468646449946695e-18,1.497199118603020906e-04
1762817958.468497515,1.276373185984130100e-18,-6.191296338087927495e-18,1.498237543273717165e-04
1762817958.488420248,7.359557224806530016e-19,-3.294589449061182807e-18,1.497211487730965018e-04
1762817958.508363247,7.042871127290603371e-19,-3.124841854402797753e-18,1.497157645644620061e-04
1762817958.528392315,7.045574456930003235e-19,-3.126290040860224967e-18,1.497158664278686047e-04
1762817958.548357725,7.068272292938458314e-19,-3.138456213309654898e-18,1.497162447776645422e-04
1762817958.568447113,7.091069907608302602e-19,-3.150676152498900776e-18,1.497165794717147946e-04
1762817958.588434935,7.112684137014313216e-19,-3.162261230568012205e-18,1.497168850619345903e-04
1762817958.608947754,7.132584034600807679e-19,-3.172927310976577220e-18,1.497171324444934726e-04
1762817958.628911257,7.151129423934246559e-19,-3.182868781168545783e-18,1.497173070674762130e-04
1762817958.648480654,7.168552432574027550e-19,-3.192207857079422604e-18,1.497174962423741817e-04
1762817958.667478800,1.409765675732926741e-18,-6.906297197508351216e-18,1.498500641901046038e-04
1762817958.687488079,1.322167765851443956e-18,-6.436761357682425905e-18,1.498333149356767535e-04
1762817958.707426310,1.319534436371381393e-18,-6.422646347709821041e-18,1.498325582360848784e-04
1762817958.727422476,1.322269509066787979e-18,-6.437307296886710903e-18,1.498328056186437607e-04
1762817958.747332096,1.325180150847208945e-18,-6.452907923239461005e-18,1.498330384492874146e-04
1762817958.767382145,1.327926597276038135e-18,-6.467630083781679792e-18,1.498332858318462968e-04
1762817958.787356853,4.292911507303535671e-19,-1.650827509529228816e-18,1.496640179539099336e-04
1762817958.807631254,1.332883477096762153e-18,-6.494198711466576764e-18,1.498337514931336045e-04
1762817958.827430248,1.335105180824503017e-18,-6.506108044335808980e-18,1.498339697718620300e-04
1762817958.847419024,1.337165791127949178e-18,-6.517152146284310729e-18,1.498341298429295421e-04
1762817958.868367195,4.529637932413082474e-19,-1.777715567928791293e-18,1.496680197305977345e-04
1762817958.887445450,4.528761637951659110e-19,-1.777246349726320588e-18,1.496679906267672777e-04
1762817958.907382250,4.301219502580865143e-19,-1.655280739754484609e-18,1.496639888500794768e-04
1762817958.927483559,4.291656519217927875e-19,-1.650154598100916928e-18,1.496638287790119648e-04
1762817958.947512150,4.296300362875588857e-19,-1.652643998154395264e-18,1.496638724347576499e-04
1762817958.967588902,4.301576999701852905e-19,-1.655472232066290635e-18,1.496639306424185634e-04
1762817958.987413645,4.306593074635162749e-19,-1.658160982647394251e-18,1.496640034019947052e-04
1762817959.007419348,4.311298439850882363e-19,-1.660683159732645002e-18,1.496640325058251619e-04
1762817959.027716398,4.315690251915656094e-19,-1.663036902165664642e-18,1.496640907134860754e-04
1762817959.047444582,4.319789190344797769e-19,-1.665234204065335191e-18,1.496641489211469889e-04
1762817959.067888021,4.323601975980784381e-19,-1.667277650371070877e-18,1.496641925768926740e-04
1762817959.087919235,4.327130418281205889e-19,-1.669169205636826513e-18,1.496642216807231307e-04
1762817959.107515574,4.330401917603853114e-19,-1.670922725137862362e-18,1.496642653364688158e-04
1762817959.127897024,4.333407943648659101e-19,-1.672534279766268799e-18,1.496642944402992725e-04
1762817959.148439407,4.336165815509699180e-19,-1.674012451520901059e-18,1.496643235441297293e-04
1762817959.168332815,4.379477250876917132e-19,-1.697228412785544041e-18,1.496651093475520611e-04
1762817959.189013481,4.325579713126610385e-19,-1.668338406109093566e-18,1.496641925768926740e-04
1762817959.207875013,7.715034474136013740e-19,-3.485129469187007041e-18,1.497257471783086658e-04
1762817959.227945805,7.286015698471737400e-19,-3.255170156969968273e-18,1.497180346632376313e-04
1762817959.247934580,7.263746445418161358e-19,-3.243233320345368669e-18,1.497175690019503236e-04
1762817959.267507315,7.268518760564709482e-19,-3.245791376389688907e-18,1.497176272096112370e-04
1762817959.288421392,7.698211171440333694e-19,-3.476111132558647656e-18,1.497252378612756729e-04
1762817959.308910131,4.315462001765379743e-19,-1.662914479435006794e-18,1.496639160905033350e-04
1762817959.328461409,7.252015990356393734e-19,-3.236944679738434276e-18,1.497173507232218981e-04
1762817959.348764181,7.258248279284097952e-19,-3.240285248642229678e-18,1.497174525866284966e-04
1762817959.368902683,4.312042902402180087e-19,-1.661081653992742423e-18,1.496638433309271932e-04
1762817959.388313293,7.273520618331241071e-19,-3.248471027984054440e-18,1.497176854172721505e-04
1762817959.408450127,7.280720191587749486e-19,-3.252330239131920591e-18,1.497177872806787491e-04
1762817959.428453922,7.287583205732525387e-19,-3.256008711315943905e-18,1.497178745921701193e-04
1762817959.448387861,7.294070886674355352e-19,-3.259486385406269971e-18,1.497179910074919462e-04
1762817959.467627525,7.725337008665361700e-19,-3.490650899775798500e-18,1.497256744187325239e-04
1762817959.488317251,7.719870378792151878e-19,-3.487719785275216847e-18,1.497257180744782090e-04
1762817959.508360386,7.267080500274632905e-19,-3.245019410083023794e-18,1.497177436249330640e-04
1762817959.528349638,7.245772844683149758e-19,-3.233598734160657279e-18,1.497173652751371264e-04
1762817959.548479080,7.252884529999574413e-19,-3.237410175628148492e-18,1.497174962423741817e-04
1762817959.568366289,7.261506336921791190e-19,-3.242032047300788534e-18,1.497176126576960087e-04
1762817959.588456392,7.269826222920426111e-19,-3.246491171187908768e-18,1.497177581768482924e-04
1762817959.608534575,7.277719593915713378e-19,-3.250722200021117505e-18,1.497178745921701193e-04
1762817959.628346205,7.285194721713778520e-19,-3.254729269703477509e-18,1.497179764555767179e-04
1762817959.648392677,7.292239715593316087e-19,-3.258503901633710113e-18,1.497180637670680881e-04
1762817959.668356419,7.298851990614911852e-19,-3.262047956968193560e-18,1.497181801823899150e-04
1762817959.688379288,7.305044471475636956e-19,-3.265367225971215722e-18,1.497182529419660568e-04
1762817959.709353447,7.310676537471357383e-19,-3.268386228411881134e-18,1.497183111496269703e-04
1762817959.727941036,1.364364730439611557e-18,-6.662938179753412815e-18,1.498377096140757203e-04
1762817959.747872353,1.342061666378497410e-18,-6.543393210446636702e-18,1.498336205258965492e-04
1762817959.767457247,1.341814339375344055e-18,-6.542066412744101646e-18,1.498335332144051790e-04
1762817959.787445307,7.293942156691526787e-19,-3.259416695439662379e-18,1.497180201113224030e-04
1762817959.808428288,7.724895501013411521e-19,-3.490413085349689505e-18,1.497257035225629807e-04
1762817959.828995943,1.343687489872470386e-18,-6.552106317428964019e-18,1.498339697718620300e-04
1762817959.848869801,7.275125348719593945e-19,-3.249330675435650174e-18,1.497177727287635207e-04
1762817959.868845701,1.340189549857136770e-18,-6.533356200893918265e-18,1.498332858318462968e-04
1762817959.888422012,1.341560188132137137e-18,-6.540702391914001703e-18,1.498335186624899507e-04
1762817959.907449722,1.359917807466526480e-18,-6.639101316041472217e-18,1.498371420893818140e-04
1762817959.927330971,1.338052735539759162e-18,-6.521902230951896490e-18,1.498331985203549266e-04
1762817959.947416782,1.338086856740026974e-18,-6.522086692228495816e-18,1.498331403126940131e-04
1762817959.967799425,4.315807608165062055e-19,-1.663099871289795241e-18,1.496639597462490201e-04
1762817959.988349676,1.357834139503505404e-18,-6.627935204952618896e-18,1.498369092587381601e-04
1762817960.007340193,4.532762607177001536e-19,-1.779390401874058036e-18,1.496678451076149940e-04
1762817960.027407408,4.304116185688449277e-19,-1.656832840776363796e-18,1.496638578828424215e-04
1762817960.047475338,4.293869744344390069e-19,-1.651340464906588262e-18,1.496636978117749095e-04
1762817960.067805052,4.297965839340176093e-19,-1.653535802252303997e-18,1.496637560194358230e-04
1762817960.087322474,4.302798642069017158e-19,-1.656126635328396649e-18,1.496638142270967364e-04
1762817960.107409477,4.307459287832870623e-19,-1.658624720778306793e-18,1.496638869866728783e-04
1762817960.128436804,4.526928915906971308e-19,-1.776262418387688762e-18,1.496677577961236238e-04
1762817960.148495197,4.312270894058515016e-19,-1.661203456337940856e-18,1.496640179539099336e-04
1762817960.168314695,4.302614077394841263e-19,-1.656027477052466855e-18,1.496638433309271932e-04
1762817960.188412905,4.306401789118509862e-19,-1.658058102058707969e-18,1.496638869866728783e-04
1762817960.208334208,4.310858483162580721e-19,-1.660446792872607974e-18,1.496639451943337917e-04
1762817960.228354454,4.315130095544592840e-19,-1.662736635603307893e-18,1.496640034019947052e-04
1762817960.248388290,4.319163376512613119e-19,-1.664898472134215231e-18,1.496640616096556187e-04
1762817960.268293142,4.322947986308984643e-19,-1.666927132586501531e-18,1.496640907134860754e-04
1762817960.288435459,4.326491679751950098e-19,-1.668826649465652990e-18,1.496641489211469889e-04
1762817960.308396339,4.329801694671869323e-19,-1.670600745084426096e-18,1.496641925768926740e-04
1762817960.328422546,4.332883459441512197e-19,-1.672252417972541354e-18,1.496642216807231307e-04
1762817960.348875761,4.335746538336711364e-19,-1.673787458394286636e-18,1.496642653364688158e-04
1762817960.367445707,4.379534119544030152e-19,-1.697257881094866243e-18,1.496650656918063760e-04
1762817960.387674570,7.293301608704681037e-19,-3.259073622280606011e-18,1.497181801823899150e-04
1762817960.407692432,7.292392744006638397e-19,-3.258585999309506001e-18,1.497181365266442299e-04
1762817960.427468538,7.298141649263881940e-19,-3.261667867476725444e-18,1.497182092862203717e-04
1762817960.447483540,7.303975857521795013e-19,-3.264795023782482165e-18,1.497182820457965136e-04
1762817960.467499018,7.309474023655858419e-19,-3.267742475100161741e-18,1.497183257015421987e-04
1762817960.487465382,7.314616502126524023e-19,-3.270498640901188429e-18,1.497183984611183405e-04
1762817960.507533550,7.319397606067080523e-19,-3.273062073619490262e-18,1.497184712206944823e-04
1762817960.527414799,7.323845252823201584e-19,-3.275446421735174364e-18,1.497185294283553958e-04
1762817960.547308207,7.327951687576644520e-19,-3.277647756140331109e-18,1.497185876360163093e-04
1762817960.567471266,7.331735521891191776e-19,-3.279675796207157994e-18,1.497186167398467660e-04
1762817960.587406874,7.335222605160985634e-19,-3.281545017596374699e-18,1.497186749475076795e-04
1762817960.607326746,7.338409835458729018e-19,-3.283252731970990424e-18,1.497187040513381362e-04
1762817960.627448797,7.341311171457258763e-19,-3.284808451908049531e-18,1.497187477070838213e-04
1762817960.647334576,7.343958149417428451e-19,-3.286227480248884250e-18,1.497187913628295064e-04
1762817960.667390347,6.725941011493973583e-19,-2.954962531231863630e-18,1.497077319072559476e-04
1762817960.687445879,4.991190755544835084e-19,-2.025114122205132405e-18,1.496760232839733362e-04
1762817960.708036661,4.295019008407955932e-19,-1.651956714462940267e-18,1.496639451943337917e-04
1762817960.727377176,-1.235449190062354319e-06,-2.215948136097267707e-08,1.530081644887104630e-04
1762817960.747467279,-1.811356742109637707e-05,-1.037774563883431256e-05,1.819448661990463734e-04
1762817960.767580509,-1.268776541110128164e-04,-7.467523391824215651e-05,4.451775457710027695e-04
1762817960.787385464,-5.003017722629010677e-04,-3.336026566103100777e-04,1.679528388194739819e-03
1762817960.807430983,-1.101970206946134567e-03,-6.964588537812232971e-04,3.617613343521952629e-03
1762817960.827445030,-1.869981642812490463e-03,-1.087803277187049389e-03,5.931108724325895309e-03
1762817960.848395824,-3.091943450272083282e-03,-1.857640687376260757e-03,9.116584435105323792e-03
1762817960.868375063,-4.377772100269794464e-03,-2.636278280988335609e-03,1.172902807593345642e-02
1762817960.887364864,-5.696387495845556259e-03,-3.357743145897984505e-03,1.362449955195188522e-02
1762817960.907364845,-7.224414963275194168e-03,-4.343288950622081757e-03,1.458490174263715744e-02
1762817960.927427053,-8.827815763652324677e-03,-5.426793824881315231e-03,1.434352621436119080e-02
1762817960.947520971,-1.047664321959018707e-02,-6.601224187761545181e-03,1.308512501418590546e-02
1762817960.967391014,-1.213411893695592880e-02,-7.859613746404647827e-03,1.129394117742776871e-02
1762817960.987463951,-1.374941226094961166e-02,-9.189518168568611145e-03,9.600970894098281860e-03
1762817961.007426739,-1.525888498872518539e-02,-1.056995708495378494e-02,8.597504347562789917e-03
1762817961.027361155,-1.659980416297912598e-02,-1.197370793670415878e-02,8.683948777616024017e-03
1762817961.047410727,-1.772821135818958282e-02,-1.337511837482452393e-02,9.982704184949398041e-03
1762817961.067391634,-1.862486079335212708e-02,-1.475568674504756927e-02,1.234208606183528900e-02
1762817961.087320566,-1.929506845772266388e-02,-1.610456220805644989e-02,1.540226303040981293e-02
1762817961.107378244,-1.976615004241466522e-02,-1.742001622915267944e-02,1.865120418369770050e-02
1762817961.127389908,-2.007200941443443298e-02,-1.870654523372650146e-02,2.153867669403553009e-02
1762817961.147353411,-2.024212293326854706e-02,-1.996958442032337189e-02,2.362009510397911072e-02
1762817961.167346716,-2.029837667942047119e-02,-2.121160551905632019e-02,2.464404329657554626e-02
1762817961.187390804,-2.025384642183780670e-02,-2.243055403232574463e-02,2.461076341569423676e-02
1762817961.207388878,-2.011582814157009125e-02,-2.361932210624217987e-02,2.381724677979946136e-02
1762817961.227412462,-1.989187858998775482e-02,-2.476897649466991425e-02,2.275569364428520203e-02
1762817961.247373104,-1.959608122706413269e-02,-2.587320841848850250e-02,2.196732349693775177e-02
1762817961.267440557,-1.925078220665454865e-02,-2.693213522434234619e-02,2.188950404524803162e-02
1762817961.287524700,-1.888192072510719299e-02,-2.795364707708358765e-02,2.272840775549411774e-02
1762817961.307397604,-1.846491917967796326e-02,-2.858610637485980988e-02,2.439859136939048767e-02
1762817961.327433825,-1.823780871927738190e-02,-2.968114800751209259e-02,2.627512253820896149e-02
1762817961.347454786,-1.788271218538284302e-02,-3.064826875925064087e-02,2.906910702586174011e-02
1762817961.367561579,-1.756678335368633270e-02,-3.163314983248710632e-02,3.182344511151313782e-02
1762817961.387487888,-1.722536236047744751e-02,-3.290387243032455444e-02,3.464337065815925598e-02
1762817961.407344341,-1.701531372964382172e-02,-3.365208581089973450e-02,3.605418652296066284e-02
1762817961.428399563,-1.675668358802795410e-02,-3.466692194342613220e-02,3.734421357512474060e-02
1762817961.448517084,-1.650043576955795288e-02,-3.600878268480300903e-02,3.808403015136718750e-02
1762817961.468564987,-1.623450033366680145e-02,-3.699087351560592651e-02,3.852491825819015503e-02
1762817961.488365889,-1.600274257361888885e-02,-3.800326958298683167e-02,3.891981020569801331e-02
1762817961.508507252,-1.581879705190658569e-02,-3.873633220791816711e-02,3.938508778810501099e-02
1762817961.527504921,-1.551203802227973938e-02,-3.958065062761306763e-02,4.060709848999977112e-02
1762817961.547421694,-1.533333119004964828e-02,-4.065497592091560364e-02,4.201484099030494690e-02
1762817961.567544699,-1.506126113235950470e-02,-4.154692590236663818e-02,4.426750913262367249e-02
1762817961.587359667,-1.479507330805063248e-02,-4.244725778698921204e-02,4.676412791013717651e-02
1762817961.607455254,-1.447834912687540054e-02,-4.325608164072036743e-02,4.970639199018478394e-02
1762817961.627516985,-1.417376380413770676e-02,-4.409449920058250427e-02,5.231955647468566895e-02
1762817961.648423672,-1.382545288652181625e-02,-4.485973343253135681e-02,5.489187687635421753e-02
1762817961.668412209,-1.347114425152540207e-02,-4.562259837985038757e-02,5.700237676501274109e-02
1762817961.688412189,-1.309012342244386673e-02,-4.634334146976470947e-02,5.878096818923950195e-02
1762817961.708333731,-1.259428821504116058e-02,-4.684894531965255737e-02,6.056746095418930054e-02
1762817961.727330208,-1.213579997420310974e-02,-4.742705076932907104e-02,6.196146830916404724e-02
1762817961.748332262,-1.169417705386877060e-02,-4.802462458610534668e-02,6.339840590953826904e-02
1762817961.768306732,-1.124750543385744095e-02,-4.858994111418724060e-02,6.524948030710220337e-02
1762817961.788510323,-1.079010311514139175e-02,-4.910587891936302185e-02,6.763714551925659180e-02
1762817961.808374643,-1.033115107566118240e-02,-4.958768561482429504e-02,7.051169872283935547e-02
1762817961.828363180,-9.875173680484294891e-03,-5.004213005304336548e-02,7.379844784736633301e-02
1762817961.848422050,-9.631544351577758789e-03,-5.092867836356163025e-02,7.581879198551177979e-02
1762817961.868416786,-9.189518168568611145e-03,-5.135856941342353821e-02,7.941003888845443726e-02
1762817961.887436867,-8.792651817202568054e-03,-5.151238664984703064e-02,8.269282430410385132e-02
1762817961.907398939,-8.365779183804988861e-03,-5.191354453563690186e-02,8.617258816957473755e-02
1762817961.927335501,-7.945598103106021881e-03,-5.229809880256652832e-02,8.945804089307785034e-02
1762817961.947418928,-7.516432553529739380e-03,-5.262459069490432739e-02,9.263363480567932129e-02
1762817961.967423439,-7.131827995181083679e-03,-5.301978811621665955e-02,9.537491202354431152e-02
1762817961.987439394,-6.739393342286348343e-03,-5.335254594683647156e-02,9.822589904069900513e-02
1762817962.007426500,-6.354853045195341110e-03,-5.365599319338798523e-02,1.012427285313606262e-01
1762817962.027339220,-5.979236681014299393e-03,-5.392865464091300964e-02,1.045723930001258850e-01
1762817962.047302008,-5.612541921436786652e-03,-5.416775122284889221e-02,1.083057746291160583e-01
1762817962.067361593,-5.254489369690418243e-03,-5.437291786074638367e-02,1.124568507075309753e-01
1762817962.087415934,-4.904463887214660645e-03,-5.454545468091964722e-02,1.169700995087623596e-01
1762817962.107456923,-4.561779554933309555e-03,-5.468764156103134155e-02,1.217423006892204285e-01
1762817962.127402067,-4.225565586239099503e-03,-5.480275303125381470e-02,1.266453415155410767e-01
1762817962.147441387,-3.894755616784095764e-03,-5.489406362175941467e-02,1.315503567457199097e-01
1762817962.167448044,-3.560311626642942429e-03,-5.493170768022537231e-02,1.364859938621520996e-01
1762817962.187433958,-3.245332976803183556e-03,-5.501595512032508850e-02,1.410231292247772217e-01
1762817962.207275391,-2.925350796431303024e-03,-5.505095794796943665e-02,1.455698609352111816e-01
1762817962.227410793,-2.607199363410472870e-03,-5.506581440567970276e-02,1.501122117042541504e-01
1762817962.247344255,-2.291206503286957741e-03,-5.506178736686706543e-02,1.547796577215194702e-01
1762817962.267321825,-1.977656967937946320e-03,-5.503884702920913696e-02,1.596905440092086792e-01
1762817962.288455009,-1.665945979766547680e-03,-5.499199405312538147e-02,1.649454683065414429e-01
1762817962.308431864,-1.360870664939284325e-03,-5.494217574596405029e-02,1.704863309860229492e-01
1762817962.328373432,-1.058929134160280228e-03,-5.487247183918952942e-02,1.763658970594406128e-01
1762817962.348381519,-7.620812975801527500e-04,-5.479158088564872742e-02,1.825310885906219482e-01
1762817962.367409468,-4.538442008197307587e-04,-5.424224957823753357e-02,1.895794719457626343e-01
1762817962.387431622,-1.857296301750466228e-04,-5.460729077458381653e-02,1.954305619001388550e-01
1762817962.407414913,9.705972479423508048e-05,-5.411726608872413635e-02,2.023616880178451538e-01
1762817962.427428722,3.656449844129383564e-04,-5.441192165017127991e-02,2.084412425756454468e-01
1762817962.447492361,6.326737930066883564e-04,-5.431403219699859619e-02,2.148173600435256958e-01
1762817962.467482328,8.943084976635873318e-04,-5.421760305762290955e-02,2.211198955774307251e-01
1762817962.487511396,1.152969547547399998e-03,-5.373448133468627930e-02,2.277831882238388062e-01
1762817962.507444620,1.401195419020950794e-03,-5.402698367834091187e-02,2.338637709617614746e-01
1762817962.527469397,1.645716605708003044e-03,-5.393075570464134216e-02,2.405022382736206055e-01
1762817962.547487259,1.884512370452284813e-03,-5.344836041331291199e-02,2.477603405714035034e-01
1762817962.567505598,2.114560687914490700e-03,-5.335049331188201904e-02,2.549604177474975586e-01
1762817962.587407351,2.337323268875479698e-03,-5.363567546010017395e-02,2.620098292827606201e-01
1762817962.607520342,2.552172169089317322e-03,-5.315314978361129761e-02,2.700586616992950439e-01
1762817962.627389908,2.759721828624606133e-03,-5.305482819676399231e-02,2.778159976005554199e-01
1762817962.647539616,2.960124751552939415e-03,-5.295801907777786255e-02,2.856162786483764648e-01
1762817962.667487383,3.154101781547069550e-03,-5.286289751529693604e-02,2.933919727802276611e-01
1762817962.687339783,3.342151409015059471e-03,-5.277045443654060364e-02,3.011116683483123779e-01
1762817962.707337379,3.524803556501865387e-03,-5.268208682537078857e-02,3.087922036647796631e-01
1762817962.727370739,3.702491987496614456e-03,-5.259795486927032471e-02,3.164854645729064941e-01
1762817962.747315168,3.875420428812503815e-03,-5.251761153340339661e-02,3.242617547512054443e-01
1762817962.767608404,3.989229910075664520e-03,-5.301094427704811096e-02,3.286662101745605469e-01
1762817962.787273884,4.154096823185682297e-03,-5.294550582766532898e-02,3.366461396217346191e-01
1762817962.807360172,4.315018188208341599e-03,-5.287630483508110046e-02,3.448745310306549072e-01
1762817962.827574492,4.471624735742807388e-03,-5.280509963631629944e-02,3.533811867237091064e-01
1762817962.847386837,4.623232875019311905e-03,-5.273213237524032593e-02,3.621523082256317139e-01
1762817962.867440224,4.769454244524240494e-03,-5.265497788786888123e-02,3.711458742618560791e-01
1762817962.887628317,4.889474716037511826e-03,-5.240653082728385925e-02,3.793807029724121094e-01
1762817962.907402754,5.025273188948631287e-03,-5.231788754463195801e-02,3.885990083217620850e-01
1762817962.927422762,5.155768711119890213e-03,-5.222203582525253296e-02,3.977951407432556152e-01
1762817962.947496414,5.300470162183046341e-03,-5.228178203105926514e-02,4.077729582786560059e-01
1762817962.967342615,5.420850589871406555e-03,-5.217003449797630310e-02,4.167221784591674805e-01
1762817962.988406181,5.537730176001787186e-03,-5.203685536980628967e-02,4.256264865398406982e-01
1762817963.008361101,5.630897358059883118e-03,-5.176304280757904053e-02,4.333738684654235840e-01
1762817963.027441740,5.739396438002586365e-03,-5.162486061453819275e-02,4.420547783374786377e-01
1762817963.047485352,5.843187682330608368e-03,-5.148963257670402527e-02,4.507016539573669434e-01
1762817963.067431688,5.942619405686855316e-03,-5.133930966258049011e-02,4.595429897308349609e-01
1762817963.087680101,6.036941427737474442e-03,-5.118096247315406799e-02,4.686123728752136230e-01
1762817963.107461929,6.125747226178646088e-03,-5.101662501692771912e-02,4.779320359230041504e-01
1762817963.127303362,6.208863575011491776e-03,-5.084909498691558838e-02,4.874728918075561523e-01
1762817963.147423267,6.286378018558025360e-03,-5.068202689290046692e-02,4.971447587013244629e-01
1762817963.167370081,6.358741782605648041e-03,-5.051893740892410278e-02,5.068374276161193848e-01
1762817963.187284946,6.424490362405776978e-03,-5.055098235607147217e-02,5.150486230850219727e-01
1762817963.207730532,6.489597726613283157e-03,-5.041502788662910461e-02,5.243988037109375000e-01
1762817963.227331161,6.552695762366056442e-03,-5.024427920579910278e-02,5.338505506515502930e-01
1762817963.247504473,6.613608915358781815e-03,-5.015547946095466614e-02,5.425962805747985840e-01
1762817963.267437458,6.673806346952915192e-03,-5.004555359482765198e-02,5.514354705810546875e-01
1762817963.287401438,6.733289919793605804e-03,-4.994332417845726013e-02,5.602409839630126953e-01
1762817963.308324337,6.792988628149032593e-03,-4.968267679214477539e-02,5.702609419822692871e-01
1762817963.328346491,6.850563921034336090e-03,-4.971686750650405884e-02,5.783456563949584961e-01
1762817963.348550558,6.907239556312561035e-03,-4.967515543103218079e-02,5.871077775955200195e-01
1762817963.367365360,6.962876301258802414e-03,-4.940015822649002075e-02,5.976889729499816895e-01
1762817963.387426376,7.015941664576530457e-03,-4.933773726224899292e-02,6.067679524421691895e-01
1762817963.407296419,7.067124359309673309e-03,-4.940009117126464844e-02,6.148938536643981934e-01
1762817963.427438736,7.102172356098890305e-03,-4.893025755882263184e-02,6.246963739395141602e-01
1762817963.447368145,7.162553258240222931e-03,-4.929171875119209290e-02,6.325172781944274902e-01
1762817963.467312813,7.194309029728174210e-03,-4.900744184851646423e-02,6.406556963920593262e-01
1762817963.487370253,7.248302921652793884e-03,-4.915725439786911011e-02,6.495199203491210938e-01
1762817963.508401871,7.285639643669128418e-03,-4.892832413315773010e-02,6.588207483291625977e-01
1762817963.528417349,7.323151454329490662e-03,-4.900158941745758057e-02,6.659685969352722168e-01
1762817963.548366308,7.340131793171167374e-03,-4.849900677800178528e-02,6.748663187026977539e-01
1762817963.568418741,7.373179309070110321e-03,-4.867256060242652893e-02,6.813234090805053711e-01
1762817963.588406086,7.388709113001823425e-03,-4.824244603514671326e-02,6.914995312690734863e-01
1762817963.608422756,7.415180560201406479e-03,-4.847240075469017029e-02,6.975150108337402344e-01
1762817963.628432512,7.428740616887807846e-03,-4.838416725397109985e-02,7.054436802864074707e-01
1762817963.648419619,7.436539977788925171e-03,-4.827316105365753174e-02,7.134085297584533691e-01
1762817963.668444157,7.439209148287773132e-03,-4.815853759646415710e-02,7.212527990341186523e-01
1762817963.687323093,7.436076644808053970e-03,-4.801684245467185974e-02,7.290962934494018555e-01
1762817963.707370996,7.431237492710351944e-03,-4.792641848325729370e-02,7.364400625228881836e-01
1762817963.727544069,7.422045804560184479e-03,-4.781335219740867615e-02,7.437183260917663574e-01
1762817963.747399092,7.410000078380107880e-03,-4.770151898264884949e-02,7.508051395416259766e-01
1762817963.767363071,7.395922206342220306e-03,-4.759371280670166016e-02,7.577141523361206055e-01
1762817963.787407875,7.380503695458173752e-03,-4.749105870723724365e-02,7.644734978675842285e-01
1762817963.808436155,7.363993208855390549e-03,-4.738939553499221802e-02,7.711354494094848633e-01
1762817963.828396797,7.347961887717247009e-03,-4.730669409036636353e-02,7.776349186897277832e-01
1762817963.848363876,7.331836502999067307e-03,-4.722641780972480774e-02,7.840623259544372559e-01
1762817963.868548393,7.316397968679666519e-03,-4.715505987405776978e-02,7.903826236724853516e-01
1762817963.888395071,7.302049081772565842e-03,-4.709347337484359741e-02,7.965893149375915527e-01
1762817963.908417940,7.289027329534292221e-03,-4.704194143414497375e-02,8.026677966117858887e-01
1762817963.928621054,7.277485914528369904e-03,-4.700055345892906189e-02,8.085941672325134277e-01
1762817963.948402882,7.267520297318696976e-03,-4.696901142597198486e-02,8.143587112426757812e-01
1762817963.968361378,7.259179838001728058e-03,-4.694664850831031799e-02,8.199568986892700195e-01
1762817963.988431215,7.252375129610300064e-03,-4.693257808685302734e-02,8.253903388977050781e-01
1762817964.008429527,7.231268566101789474e-03,-4.658588021993637085e-02,8.308652639389038086e-01
1762817964.028386593,7.226661313325166702e-03,-4.658523201942443848e-02,8.360162377357482910e-01
1762817964.048434973,7.222295273095369339e-03,-4.658909887075424194e-02,8.410434126853942871e-01
1762817964.068441629,7.217655424028635025e-03,-4.659606143832206726e-02,8.459648489952087402e-01
1762817964.088381290,7.212230935692787170e-03,-4.660553112626075745e-02,8.507733345031738281e-01
1762817964.107479095,7.202961947768926620e-03,-4.656683281064033508e-02,8.556643724441528320e-01
1762817964.128424644,7.221757434308528900e-03,-4.711002483963966370e-02,8.581639528274536133e-01
1762817964.147320986,7.212755270302295685e-03,-4.713738337159156799e-02,8.626347184181213379e-01
1762817964.167542458,7.200591266155242920e-03,-4.714928194880485535e-02,8.670592308044433594e-01
1762817964.187347889,7.186026778072118759e-03,-4.716657847166061401e-02,8.713656663894653320e-01
1762817964.207392693,7.168598473072052002e-03,-4.718251898884773254e-02,8.756006360054016113e-01
1762817964.227563858,7.148280274122953415e-03,-4.719867929816246033e-02,8.797485828399658203e-01
1762817964.247387886,7.124833296984434128e-03,-4.721348732709884644e-02,8.837995529174804688e-01
1762817964.267342329,7.098006084561347961e-03,-4.722554609179496765e-02,8.877428174018859863e-01
1762817964.287349224,7.067801896482706070e-03,-4.723419994115829468e-02,8.915678858757019043e-01
1762817964.308519125,7.034452632069587708e-03,-4.723902791738510132e-02,8.952672481536865234e-01
1762817964.327397346,6.997958291321992874e-03,-4.723726585507392883e-02,8.988395929336547852e-01
1762817964.348299026,6.955683231353759766e-03,-4.719003662467002869e-02,9.023936986923217773e-01
1762817964.368391752,6.918312050402164459e-03,-4.722926393151283264e-02,9.055467844009399414e-01
1762817964.388357162,6.873493548482656479e-03,-4.719143360853195190e-02,9.088010787963867188e-01
1762817964.408335209,6.829557009041309357e-03,-4.717622324824333191e-02,9.119167923927307129e-01
1762817964.428363800,6.785047706216573715e-03,-4.715927317738533020e-02,9.149951338768005371e-01
1762817964.448595047,6.742740981280803680e-03,-4.716916382312774658e-02,9.179777503013610840e-01
1762817964.468477726,6.698044016957283020e-03,-4.714704304933547974e-02,9.210202097892761230e-01
1762817964.488367081,6.653509102761745453e-03,-4.712046310305595398e-02,9.240449666976928711e-01
1762817964.508518696,6.609465461224317551e-03,-4.709146544337272644e-02,9.270223975181579590e-01
1762817964.528469086,6.566096562892198563e-03,-4.706050828099250793e-02,9.299237132072448730e-01
1762817964.548395634,6.523604970425367355e-03,-4.702816158533096313e-02,9.327113628387451172e-01
1762817964.568665981,6.482266355305910110e-03,-4.699549078941345215e-02,9.353511929512023926e-01
1762817964.588436365,6.439526565372943878e-03,-4.680757969617843628e-02,9.375489354133605957e-01
1762817964.607473612,6.399396341294050217e-03,-4.675314202904701233e-02,9.398861527442932129e-01
1762817964.627336740,6.364770233631134033e-03,-4.674788191914558411e-02,9.419689178466796875e-01
1762817964.647363424,6.330515258014202118e-03,-4.672307148575782776e-02,9.439734220504760742e-01
1762817964.667407990,6.298166234046220779e-03,-4.669936001300811768e-02,9.459376931190490723e-01
1762817964.687633514,6.267423741519451141e-03,-4.667868837714195251e-02,9.479129910469055176e-01
1762817964.707394600,6.237917114049196243e-03,-4.666170850396156311e-02,9.499173760414123535e-01
1762817964.728373051,6.209340412169694901e-03,-4.664900898933410645e-02,9.519511461257934570e-01
1762817964.748427391,6.181007716804742813e-03,-4.663635417819023132e-02,9.540117383003234863e-01
1762817964.768640757,6.153785157948732376e-03,-4.663974046707153320e-02,9.560393691062927246e-01
1762817964.788408518,6.126487161964178085e-03,-4.664339497685432434e-02,9.580295681953430176e-01
1762817964.807525873,6.097738631069660187e-03,-4.662971571087837219e-02,9.599708318710327148e-01
1762817964.827551126,6.072070449590682983e-03,-4.666708782315254211e-02,9.617159366607666016e-01
1762817964.847388744,6.045026704668998718e-03,-4.668880999088287354e-02,9.633437991142272949e-01
1762817964.867460489,6.017967592924833298e-03,-4.671409726142883301e-02,9.648110866546630859e-01
1762817964.887632132,5.991053301841020584e-03,-4.674288257956504822e-02,9.661488533020019531e-01
1762817964.907411575,5.964241456240415573e-03,-4.677351936697959900e-02,9.674068093299865723e-01
1762817964.928331137,5.935688968747854233e-03,-4.678211361169815063e-02,9.686581492424011230e-01
1762817964.947475672,5.891477223485708237e-03,-4.645504802465438843e-02,9.699219465255737305e-01
1762817964.967360020,5.866502411663532257e-03,-4.653287678956985474e-02,9.711358547210693359e-01
1762817964.987431526,5.837196484208106995e-03,-4.656071215867996216e-02,9.724171161651611328e-01
1762817965.007565975,5.806260276585817337e-03,-4.658289253711700439e-02,9.737138152122497559e-01
1762817965.027369499,5.788664799183607101e-03,-4.693187400698661804e-02,9.749748706817626953e-01
1762817965.047343731,5.739811807870864868e-03,-4.661973565816879272e-02,9.762465953826904297e-01
1762817965.067523479,5.704592447727918625e-03,-4.663563519716262817e-02,9.774284958839416504e-01
1762817965.087466240,5.668492056429386139e-03,-4.665054008364677429e-02,9.785234928131103516e-01
1762817965.107379198,5.631874315440654755e-03,-4.666471481323242188e-02,9.795241355895996094e-01
1762817965.127352953,5.595020018517971039e-03,-4.667872935533523560e-02,9.804289937019348145e-01
1762817965.147341967,5.558108910918235779e-03,-4.669344052672386169e-02,9.812486171722412109e-01
1762817965.167427063,5.521431099623441696e-03,-4.670940339565277100e-02,9.820150732994079590e-01
1762817965.187550068,5.485415458679199219e-03,-4.672783240675926208e-02,9.827515482902526855e-01
1762817965.207452059,5.450376775115728378e-03,-4.674928262829780579e-02,9.834932684898376465e-01
1762817965.227311611,5.416493862867355347e-03,-4.677437245845794678e-02,9.842487573623657227e-01
1762817965.247427940,5.384010728448629379e-03,-4.680361971259117126e-02,9.850158095359802246e-01
1762817965.267336369,5.352975800633430481e-03,-4.683731868863105774e-02,9.857911467552185059e-01
1762817965.287469625,5.323491059243679047e-03,-4.687558859586715698e-02,9.865691065788269043e-01
1762817965.308381081,5.292382556945085526e-03,-4.687066748738288879e-02,9.873688220977783203e-01
1762817965.328473806,5.269399844110012054e-03,-4.696562141180038452e-02,9.880742430686950684e-01
1762817965.348400116,5.245133768767118454e-03,-4.701967909932136536e-02,9.887592196464538574e-01
1762817965.368447065,5.222313106060028076e-03,-4.707348346710205078e-02,9.893907308578491211e-01
1762817965.388301849,5.200793500989675522e-03,-4.712902382016181946e-02,9.899637103080749512e-01
1762817965.407351017,5.209157709032297134e-03,-4.764935746788978577e-02,9.902834296226501465e-01
1762817965.427506447,5.187704227864742279e-03,-4.768308997154235840e-02,9.907793998718261719e-01
1762817965.448424816,5.169264972209930420e-03,-4.775435850024223328e-02,9.912160038948059082e-01
1762817965.468451738,5.151218269020318985e-03,-4.782394319772720337e-02,9.916298985481262207e-01
1762817965.488385677,5.132489372044801712e-03,-4.787819087505340576e-02,9.920407533645629883e-01
1762817965.508421659,5.112996790558099747e-03,-4.792504385113716125e-02,9.924651384353637695e-01
1762817965.528437138,5.092256236821413040e-03,-4.796287417411804199e-02,9.929111003875732422e-01
1762817965.548396111,5.065910983830690384e-03,-4.783113300800323486e-02,9.933168292045593262e-01
1762817965.567439079,5.039716139435768127e-03,-4.782447218894958496e-02,9.938133358955383301e-01
1762817965.587321520,5.013609305024147034e-03,-4.784970358014106750e-02,9.943090677261352539e-01
1762817965.607449532,4.983056802302598953e-03,-4.784136638045310974e-02,9.948159456253051758e-01
1762817965.627460718,4.949108697474002838e-03,-4.781976342201232910e-02,9.953027963638305664e-01
1762817965.647384644,4.912104923278093338e-03,-4.778872430324554443e-02,9.957550764083862305e-01
1762817965.667485237,4.872784949839115143e-03,-4.775087907910346985e-02,9.961652159690856934e-01
1762817965.687462807,4.831664729863405228e-03,-4.770775884389877319e-02,9.965280294418334961e-01
1762817965.707314014,4.788968712091445923e-03,-4.766057804226875305e-02,9.968416690826416016e-01
1762817965.727366924,4.745051264762878418e-03,-4.761071875691413879e-02,9.971073269844055176e-01
1762817965.748425007,4.698466043919324875e-03,-4.753537848591804504e-02,9.973324537277221680e-01
1762817965.767461300,4.654881544411182404e-03,-4.750296846032142639e-02,9.975188374519348145e-01
1762817965.787512541,4.610484465956687927e-03,-4.746004939079284668e-02,9.977005124092102051e-01
1762817965.807363749,4.566757939755916595e-03,-4.741410911083221436e-02,9.978876709938049316e-01
1762817965.827321053,4.525267984718084335e-03,-4.737380892038345337e-02,9.980837106704711914e-01
1762817965.847394705,4.486590158194303513e-03,-4.734099283814430237e-02,9.982900619506835938e-01
1762817965.868364096,4.449692554771900177e-03,-4.729353263974189758e-02,9.985105991363525391e-01
1762817965.888418198,4.420035053044557571e-03,-4.730217531323432922e-02,9.987353682518005371e-01
1762817965.908320189,4.392973147332668304e-03,-4.729871451854705811e-02,9.989712834358215332e-01
1762817965.928431273,4.370234441012144089e-03,-4.730369150638580322e-02,9.992138147354125977e-01
1762817965.948713779,4.352041985839605331e-03,-4.731857404112815857e-02,9.994561076164245605e-01
1762817965.968364716,4.338400904089212418e-03,-4.734255373477935791e-02,9.996883273124694824e-01
1762817965.988427162,4.328790586441755295e-03,-4.737313091754913330e-02,9.999061226844787598e-01
1762817966.007620811,4.322290420532226562e-03,-4.740394651889801025e-02,1.000106096267700195e+00
1762817966.028416634,4.318782128393650055e-03,-4.744387045502662659e-02,1.000285267829895020e+00
1762817966.048361778,4.308098927140235901e-03,-4.725009948015213013e-02,1.000466108322143555e+00
1762817966.068405151,4.308752249926328659e-03,-4.728109389543533325e-02,1.000597596168518066e+00
1762817966.088341236,4.320063162595033646e-03,-4.757308214902877808e-02,1.000666856765747070e+00
1762817966.108402252,4.310638178139925003e-03,-4.729228839278221130e-02,1.000780820846557617e+00
1762817966.128448248,4.313578363507986069e-03,-4.734269529581069946e-02,1.000863671302795410e+00
1762817966.148666143,4.315664991736412048e-03,-4.738325625658035278e-02,1.000937223434448242e+00
1762817966.168448210,4.316660109907388687e-03,-4.742118343710899353e-02,1.001002788543701172e+00
1762817966.187470675,4.334372933954000473e-03,-4.792400449514389038e-02,1.001061797142028809e+00
1762817966.207298994,4.332508891820907593e-03,-4.795571416616439819e-02,1.001120328903198242e+00
1762817966.228430510,4.328642971813678741e-03,-4.798883944749832153e-02,1.001174688339233398e+00
1762817966.248298407,4.321918822824954987e-03,-4.801311343908309937e-02,1.001225471496582031e+00
1762817966.268379450,4.312384407967329025e-03,-4.803797230124473572e-02,1.001275181770324707e+00
1762817966.289325237,4.299643449485301971e-03,-4.805572703480720520e-02,1.001325011253356934e+00
1762817966.307379961,4.283465910702943802e-03,-4.806621745228767395e-02,1.001374959945678711e+00
1762817966.327691078,4.257215652614831924e-03,-4.795819148421287537e-02,1.001425385475158691e+00
1762817966.347429991,4.240355920046567917e-03,-4.807351529598236084e-02,1.001475334167480469e+00
1762817966.367303610,4.211611114442348480e-03,-4.804918915033340454e-02,1.001526474952697754e+00
1762817966.387836933,4.181810189038515091e-03,-4.807034507393836975e-02,1.001579284667968750e+00
1762817966.408337116,4.137764219194650650e-03,-4.793963208794593811e-02,1.001635670661926270e+00
1762817966.428387880,4.095217678695917130e-03,-4.788030683994293213e-02,1.001693367958068848e+00
1762817966.448588610,4.052785690873861313e-03,-4.786381870508193970e-02,1.001751899719238281e+00
1762817966.467386723,4.006622824817895889e-03,-4.783635586500167847e-02,1.001811861991882324e+00
1762817966.487428427,3.958444111049175262e-03,-4.781676083803176880e-02,1.001873016357421875e+00
1762817966.507338762,3.906756173819303513e-03,-4.778919741511344910e-02,1.001939415931701660e+00
1762817966.527371645,3.853127360343933105e-03,-4.775958135724067688e-02,1.002014279365539551e+00
1762817966.548327208,3.797792131081223488e-03,-4.770639166235923767e-02,1.002097606658935547e+00
1762817966.568559885,3.748261369764804840e-03,-4.770068824291229248e-02,1.002185225486755371e+00
1762817966.588488817,3.699402790516614914e-03,-4.767465963959693909e-02,1.002279043197631836e+00
1762817966.607387066,3.652010113000869751e-03,-4.762594029307365417e-02,1.002376914024353027e+00
1762817966.628471375,3.610753687098622322e-03,-4.760268703103065491e-02,1.002474308013916016e+00
1762817966.648483038,3.575963433831930161e-03,-4.760644957423210144e-02,1.002570271492004395e+00
1762817966.668543339,3.544552484527230263e-03,-4.759016633033752441e-02,1.002667665481567383e+00
1762817966.687376976,3.501249710097908974e-03,-4.719674214720726013e-02,1.002762436866760254e+00
1762817966.708525181,3.498626407235860825e-03,-4.755932092666625977e-02,1.002856850624084473e+00
1762817966.728481054,3.471703734248876572e-03,-4.723082855343818665e-02,1.002937674522399902e+00
1762817966.748435497,3.463519969955086708e-03,-4.722576588392257690e-02,1.003017902374267578e+00
1762817966.768444538,3.460553707554936409e-03,-4.722228273749351501e-02,1.003090977668762207e+00
1762817966.788472652,3.478870494291186333e-03,-4.770452156662940979e-02,1.003141760826110840e+00
1762817966.807422638,3.482901956886053085e-03,-4.770439863204956055e-02,1.003201484680175781e+00
1762817966.827418089,3.490757429972290993e-03,-4.770327731966972351e-02,1.003252267837524414e+00
1762817966.847581863,3.502302803099155426e-03,-4.770837724208831787e-02,1.003293991088867188e+00
1762817966.867351770,3.516773227602243423e-03,-4.771173745393753052e-02,1.003327012062072754e+00
1762817966.887441158,3.533224575221538544e-03,-4.771553352475166321e-02,1.003351569175720215e+00
1762817966.907428265,3.550951834768056870e-03,-4.771953448653221130e-02,1.003367543220520020e+00
1762817966.927404165,3.569345222786068916e-03,-4.772347584366798401e-02,1.003376245498657227e+00
1762817966.947353840,3.587624058127403259e-03,-4.772696644067764282e-02,1.003378748893737793e+00
1762817966.967551231,3.605178091675043106e-03,-4.772975668311119080e-02,1.003375768661499023e+00
1762817966.987407684,3.621443873271346092e-03,-4.773160815238952637e-02,1.003368973731994629e+00
1762817967.007391214,3.635896835476160049e-03,-4.773236811161041260e-02,1.003359556198120117e+00
1762817967.027395010,3.648030338808894157e-03,-4.773198440670967102e-02,1.003347754478454590e+00
1762817967.047446251,3.657438326627016068e-03,-4.773037135601043701e-02,1.003333568572998047e+00
1762817967.067536116,3.663756884634494781e-03,-4.772745817899703979e-02,1.003316760063171387e+00
1762817967.087455034,3.661616239696741104e-03,-4.756646975874900818e-02,1.003293991088867188e+00
1762817967.107317924,3.665009513497352600e-03,-4.768192023038864136e-02,1.003279447555541992e+00
1762817967.127356052,3.657735185697674751e-03,-4.759413003921508789e-02,1.003253936767578125e+00
1762817967.147529840,3.654172644019126892e-03,-4.770169407129287720e-02,1.003241777420043945e+00
1762817967.167358398,3.641182323917746544e-03,-4.767134785652160645e-02,1.003223299980163574e+00
1762817967.187265158,3.621462499722838402e-03,-4.757249355316162109e-02,1.003204464912414551e+00
1762817967.208445549,3.600553376600146294e-03,-4.753556102514266968e-02,1.003190875053405762e+00
1762817967.228422165,3.577190684154629707e-03,-4.751782864332199097e-02,1.003180623054504395e+00
1762817967.248467445,3.549894783645868301e-03,-4.749376699328422546e-02,1.003174304962158203e+00
1762817967.268303156,3.521737409755587578e-03,-4.750036075711250305e-02,1.003173351287841797e+00
1762817967.288397074,3.490248462185263634e-03,-4.749130085110664368e-02,1.003175735473632812e+00
1762817967.307337761,3.454996505752205849e-03,-4.745844379067420959e-02,1.003181457519531250e+00
1762817967.328361511,3.419246524572372437e-03,-4.744738340377807617e-02,1.003191590309143066e+00
1762817967.348328352,3.383483504876494408e-03,-4.745963960886001587e-02,1.003205776214599609e+00
1762817967.368457317,3.344512311741709709e-03,-4.744910076260566711e-02,1.003222823143005371e+00
1762817967.387332678,3.302586730569601059e-03,-4.741376638412475586e-02,1.003242015838623047e+00
1762817967.407451153,3.263441612944006920e-03,-4.742223769426345825e-02,1.003263592720031738e+00
1762817967.428470373,3.222330240532755852e-03,-4.740862920880317688e-02,1.003286838531494141e+00
1762817967.448399067,3.175676334649324417e-03,-4.732360690832138062e-02,1.003311991691589355e+00
1762817967.467308521,3.117004642263054848e-03,-4.707646369934082031e-02,1.003338813781738281e+00
1762817967.487423182,3.073773346841335297e-03,-4.702949896454811096e-02,1.003368854522705078e+00
1762817967.507476091,3.051942447200417519e-03,-4.726159572601318359e-02,1.003400802612304688e+00
1762817967.527502537,3.012734465301036835e-03,-4.725534468889236450e-02,1.003432393074035645e+00
1762817967.547322512,2.973138820379972458e-03,-4.723354429006576538e-02,1.003462672233581543e+00
1762817967.568371773,2.933761337772011757e-03,-4.719968140125274658e-02,1.003490328788757324e+00
1762817967.587387323,2.911493880674242973e-03,-4.725898057222366333e-02,1.003509163856506348e+00
1762817967.607466459,2.877249615266919136e-03,-4.725710675120353699e-02,1.003530740737915039e+00
1762817967.628493309,2.851366065442562103e-03,-4.734861105680465698e-02,1.003550410270690918e+00
1762817967.647350550,2.808814868330955505e-03,-4.717030376195907593e-02,1.003562450408935547e+00
1762817967.667414665,2.778971567749977112e-03,-4.714103415608406067e-02,1.003572702407836914e+00
1762817967.687384367,2.751209074631333351e-03,-4.710786417126655579e-02,1.003579258918762207e+00
1762817967.707440138,2.725714584812521935e-03,-4.707241430878639221e-02,1.003582835197448730e+00
1762817967.727386236,2.702536061406135559e-03,-4.703395441174507141e-02,1.003584027290344238e+00
1762817967.748475313,2.680178033187985420e-03,-4.696919023990631104e-02,1.003581762313842773e+00
1762817967.768334389,2.662269631400704384e-03,-4.694578051567077637e-02,1.003578186035156250e+00
1762817967.788483620,2.644964260980486870e-03,-4.689682275056838989e-02,1.003572225570678711e+00
1762817967.807430267,2.627965761348605156e-03,-4.681927710771560669e-02,1.003564715385437012e+00
1762817967.827320576,2.614644588902592659e-03,-4.678392037749290466e-02,1.003558278083801270e+00
1762817967.847407818,2.601499203592538834e-03,-4.672380164265632629e-02,1.003550052642822266e+00
1762817967.867457151,2.589387353509664536e-03,-4.665908589959144592e-02,1.003540992736816406e+00
1762817967.888685226,2.577113686129450798e-03,-4.656763747334480286e-02,1.003531098365783691e+00
1762817967.908268452,2.567726885899901390e-03,-4.651959240436553955e-02,1.003527283668518066e+00
1762817967.928366899,2.558140084147453308e-03,-4.644904658198356628e-02,1.003529191017150879e+00
1762817967.948523045,2.549855737015604973e-03,-4.637852311134338379e-02,1.003536581993103027e+00
1762817967.968447685,2.543244510889053345e-03,-4.631033539772033691e-02,1.003547906875610352e+00
1762817967.987361193,2.537457039579749107e-03,-4.622220247983932495e-02,1.003562808036804199e+00
1762817968.007379055,2.535510575398802757e-03,-4.618521034717559814e-02,1.003581285476684570e+00
1762817968.027366400,2.534903585910797119e-03,-4.613164439797401428e-02,1.003601312637329102e+00
1762817968.047367811,2.536503365263342857e-03,-4.608225449919700623e-02,1.003623485565185547e+00
1762817968.067347527,2.540477551519870758e-03,-4.603880643844604492e-02,1.003647327423095703e+00
1762817968.088330746,2.546908799558877945e-03,-4.599718749523162842e-02,1.003672480583190918e+00
1762817968.107391596,2.555742394179105759e-03,-4.595027863979339600e-02,1.003697156906127930e+00
1762817968.127506495,2.556934021413326263e-03,-4.563130065798759460e-02,1.003712654113769531e+00
1762817968.147435904,2.571301069110631943e-03,-4.561689123511314392e-02,1.003733754158020020e+00
1762817968.167482853,2.587691182270646095e-03,-4.560544714331626892e-02,1.003752708435058594e+00
1762817968.188465118,2.605016110464930534e-03,-4.555166140198707581e-02,1.003767490386962891e+00
1762817968.208460093,2.636284334585070610e-03,-4.591261595487594604e-02,1.003787994384765625e+00
1762817968.228417158,2.657091245055198669e-03,-4.591605439782142639e-02,1.003796100616455078e+00
1762817968.248413801,2.668534405529499054e-03,-4.560805484652519226e-02,1.003790974617004395e+00
1762817968.268356323,2.691238885745406151e-03,-4.561744630336761475e-02,1.003791213035583496e+00
1762817968.288400888,2.714248839765787125e-03,-4.562960565090179443e-02,1.003787636756896973e+00
1762817968.308365822,2.737282309681177139e-03,-4.564415663480758667e-02,1.003780364990234375e+00
1762817968.328445673,2.760099247097969055e-03,-4.566079005599021912e-02,1.003769159317016602e+00
1762817968.348453283,2.782508963719010353e-03,-4.567925631999969482e-02,1.003754138946533203e+00
1762817968.368393183,2.804245334118604660e-03,-4.569928720593452454e-02,1.003736495971679688e+00
1762817968.388390779,2.825092989951372147e-03,-4.572080075740814209e-02,1.003719091415405273e+00
1762817968.408815145,2.844709437340497971e-03,-4.574346914887428284e-02,1.003702402114868164e+00
1762817968.428347111,2.862714463844895363e-03,-4.576667398214340210e-02,1.003686189651489258e+00
1762817968.447373629,2.888176590204238892e-03,-4.623510688543319702e-02,1.003693103790283203e+00
1762817968.467385530,2.903312677517533302e-03,-4.626926407217979431e-02,1.003678083419799805e+00
1762817968.487317801,2.915951656177639961e-03,-4.629337042570114136e-02,1.003662824630737305e+00
1762817968.507392645,2.926066517829895020e-03,-4.631655290722846985e-02,1.003648042678833008e+00
1762817968.528321266,2.933424664661288261e-03,-4.633945599198341370e-02,1.003634810447692871e+00
1762817968.548331738,2.937825862318277359e-03,-4.635972902178764343e-02,1.003628015518188477e+00
1762817968.568424940,2.939123194664716721e-03,-4.638205841183662415e-02,1.003630280494689941e+00
1762817968.588403940,2.936369739472866058e-03,-4.639684036374092102e-02,1.003640770912170410e+00
1762817968.608417988,2.929165726527571678e-03,-4.640506953001022339e-02,1.003658771514892578e+00
1762817968.628252029,2.917089732363820076e-03,-4.640572890639305115e-02,1.003684163093566895e+00
1762817968.648345470,2.899751532822847366e-03,-4.639782011508941650e-02,1.003715872764587402e+00
1762817968.668341637,2.877135062590241432e-03,-4.638103023171424866e-02,1.003752470016479492e+00
1762817968.688423395,2.849197480827569962e-03,-4.635512828826904297e-02,1.003791928291320801e+00
1762817968.708342314,2.816081047058105469e-03,-4.632033035159111023e-02,1.003832101821899414e+00
1762817968.727332115,2.776607172563672066e-03,-4.613064602017402649e-02,1.003864049911499023e+00
1762817968.748458385,2.736679743975400925e-03,-4.624149575829505920e-02,1.003905653953552246e+00
1762817968.768431187,2.688386710360646248e-03,-4.602515697479248047e-02,1.003921270370483398e+00
1762817968.788328171,2.641141880303621292e-03,-4.610576853156089783e-02,1.003924369812011719e+00
1762817968.808524132,2.593202749267220497e-03,-4.604198038578033447e-02,1.003901243209838867e+00
1762817968.828543425,2.544999821111559868e-03,-4.583291336894035339e-02,1.003857493400573730e+00
1762817968.848351955,2.509653801098465919e-03,-4.589300975203514099e-02,1.003804206848144531e+00
1762817968.868492365,2.467851154506206512e-03,-4.584048315882682800e-02,1.003726720809936523e+00
1762817968.888463020,2.429029671475291252e-03,-4.578346014022827148e-02,1.003638505935668945e+00
1762817968.908396244,2.396390540525317192e-03,-4.575876891613006592e-02,1.003550648689270020e+00
1762817968.928445578,2.364207059144973755e-03,-4.577488452196121216e-02,1.003455758094787598e+00
1762817968.948320150,2.339073689654469490e-03,-4.563218727707862854e-02,1.003403425216674805e+00
1762817968.968330860,2.320323605090379715e-03,-4.561571776866912842e-02,1.003389835357666016e+00
1762817968.989378452,2.305472036823630333e-03,-4.564286768436431885e-02,1.003426671028137207e+00
1762817969.007395029,2.288203453645110130e-03,-4.538424685597419739e-02,1.003483533859252930e+00
1762817969.027500629,2.287907991558313370e-03,-4.546242579817771912e-02,1.003579378128051758e+00
1762817969.047338963,2.287673763930797577e-03,-4.543592035770416260e-02,1.003701090812683105e+00
1762817969.067401171,2.291880082339048386e-03,-4.543283954262733459e-02,1.003819227218627930e+00
1762817969.087573290,2.297262428328394890e-03,-4.537489265203475952e-02,1.003925561904907227e+00
1762817969.107333660,2.305967034772038460e-03,-4.537215456366539001e-02,1.003987312316894531e+00
1762817969.127407789,2.314993878826498985e-03,-4.534406587481498718e-02,1.003997564315795898e+00
1762817969.147449493,2.323912922292947769e-03,-4.531393572688102722e-02,1.003949522972106934e+00
1762817969.167411089,2.331959782168269157e-03,-4.528255760669708252e-02,1.003850221633911133e+00
1762817969.187361002,2.333557000383734703e-03,-4.510589689016342163e-02,1.003733158111572266e+00
1762817969.208390951,2.342605032026767731e-03,-4.520254582166671753e-02,1.003602027893066406e+00
1762817969.228387833,2.344453241676092148e-03,-4.517504945397377014e-02,1.003514766693115234e+00
1762817969.248373985,2.342944266274571419e-03,-4.513503238558769226e-02,1.003472089767456055e+00
1762817969.268437147,2.338097430765628815e-03,-4.509273543953895569e-02,1.003477692604064941e+00
1762817969.288486481,2.329726703464984894e-03,-4.504923895001411438e-02,1.003530859947204590e+00
1762817969.307320595,2.313472330570220947e-03,-4.483924433588981628e-02,1.003611087799072266e+00
1762817969.327367544,2.298985607922077179e-03,-4.481686651706695557e-02,1.003727555274963379e+00
1762817969.347441912,2.280826680362224579e-03,-4.477463290095329285e-02,1.003849267959594727e+00
1762817969.367361546,2.260825131088495255e-03,-4.473317414522171021e-02,1.003949642181396484e+00
1762817969.387310266,2.239926485344767570e-03,-4.469487071037292480e-02,1.004009127616882324e+00
1762817969.407428980,2.219015033915638924e-03,-4.466072097420692444e-02,1.004020929336547852e+00
1762817969.427488565,2.198832342401146889e-03,-4.463122412562370300e-02,1.003983259201049805e+00
1762817969.447402239,2.179898321628570557e-03,-4.460659623146057129e-02,1.003899097442626953e+00
1762817969.467355013,2.162591554224491119e-03,-4.458688572049140930e-02,1.003781676292419434e+00
1762817969.487390280,2.147250110283493996e-03,-4.457180574536323547e-02,1.003664851188659668e+00
1762817969.507379055,2.134164329618215561e-03,-4.456090927124023438e-02,1.003567814826965332e+00
1762817969.527349234,2.123500918969511986e-03,-4.455373063683509827e-02,1.003496766090393066e+00
1762817969.547492266,2.115348353981971741e-03,-4.454997926950454712e-02,1.003453612327575684e+00
1762817969.567367792,2.109831664711236954e-03,-4.454931616783142090e-02,1.003437519073486328e+00
1762817969.587308645,2.107106149196624756e-03,-4.455155134201049805e-02,1.003447532653808594e+00
1762817969.607522964,2.107093110680580139e-03,-4.455630853772163391e-02,1.003480672836303711e+00
1762817969.628545046,2.108803950250148773e-03,-4.454181715846061707e-02,1.003533840179443359e+00
1762817969.648346663,2.113769762217998505e-03,-4.457146301865577698e-02,1.003600001335144043e+00
1762817969.668475628,2.119775628671050072e-03,-4.458256810903549194e-02,1.003675580024719238e+00
1762817969.688434839,2.127029001712799072e-03,-4.459331929683685303e-02,1.003755807876586914e+00
1762817969.708347559,2.135273534804582596e-03,-4.460458829998970032e-02,1.003836870193481445e+00
1762817969.727395296,2.143754623830318451e-03,-4.459521919488906860e-02,1.003907680511474609e+00
1762817969.747442484,2.144326455891132355e-03,-4.431849718093872070e-02,1.003946065902709961e+00
1762817969.767340183,2.162200631573796272e-03,-4.464044794440269470e-02,1.003949046134948730e+00
1762817969.787433624,2.169590909034013748e-03,-4.464964196085929871e-02,1.003914117813110352e+00
1762817969.807384253,2.166131511330604553e-03,-4.434778913855552673e-02,1.003833532333374023e+00
1762817969.828374386,2.177990041673183441e-03,-4.463924467563629150e-02,1.003748059272766113e+00
1762817969.847541332,2.169829560443758965e-03,-4.434205964207649231e-02,1.003641366958618164e+00
1762817969.867397785,2.168339909985661507e-03,-4.435322806239128113e-02,1.003572344779968262e+00
1762817969.887362957,2.163703786209225655e-03,-4.434829950332641602e-02,1.003524422645568848e+00
1762817969.907476425,2.156226197257637978e-03,-4.433999583125114441e-02,1.003498792648315430e+00
1762817969.927396059,2.145888749510049820e-03,-4.432931914925575256e-02,1.003495454788208008e+00
1762817969.947368383,2.132649067789316177e-03,-4.431673511862754822e-02,1.003513097763061523e+00
1762817969.967538595,2.116810530424118042e-03,-4.430313408374786377e-02,1.003548979759216309e+00
1762817969.987412453,2.098896773532032967e-03,-4.428914934396743774e-02,1.003598690032958984e+00
1762817970.009436131,2.088997978717088699e-03,-4.456426203250885010e-02,1.003663539886474609e+00
1762817970.028529882,2.058118116110563278e-03,-4.426222667098045349e-02,1.003723978996276855e+00
1762817970.048323393,2.036364516243338585e-03,-4.425431787967681885e-02,1.003791689872741699e+00
1762817970.068390608,2.013991121202707291e-03,-4.424612596631050110e-02,1.003857374191284180e+00
1762817970.088515520,1.991540193557739258e-03,-4.424040392041206360e-02,1.003918409347534180e+00
1762817970.107351065,1.994360238313674927e-03,-4.469598829746246338e-02,1.003958225250244141e+00
1762817970.127466917,1.972426893189549446e-03,-4.469174519181251526e-02,1.004011631011962891e+00
1762817970.147452831,1.951410900801420212e-03,-4.469456896185874939e-02,1.004059433937072754e+00
1762817970.167364120,1.928857760503888130e-03,-4.469364508986473083e-02,1.004117131233215332e+00
1762817970.187380791,1.903682830743491650e-03,-4.468980804085731506e-02,1.004238724708557129e+00
1762817970.207461357,1.895305700600147247e-03,-4.456466436386108398e-02,1.004400730133056641e+00
1762817970.228380680,1.956210238859057426e-03,-4.480158537626266479e-02,1.004658460617065430e+00
1762817970.248335361,2.082858001813292503e-03,-4.498152807354927063e-02,1.004888296127319336e+00
1762817970.268438578,2.298024948686361313e-03,-4.523623734712600708e-02,1.005098223686218262e+00
1762817970.288437605,2.613908145576715469e-03,-4.557442292571067810e-02,1.005266308784484863e+00
1762817970.308530092,3.037410322576761246e-03,-4.598825797438621521e-02,1.005378842353820801e+00
1762817970.328482151,3.569731954485177994e-03,-4.646326974034309387e-02,1.005432367324829102e+00
1762817970.348393917,4.141915589570999146e-03,-4.678937047719955444e-02,1.005432844161987305e+00
1762817970.368429661,4.878172650933265686e-03,-4.733638837933540344e-02,1.005389809608459473e+00
1762817970.388428926,5.710988771170377731e-03,-4.789075255393981934e-02,1.005325078964233398e+00
1762817970.409409285,6.719500292092561722e-03,-4.861685261130332947e-02,1.005276083946228027e+00
1762817970.427313328,7.617121562361717224e-03,-4.893257096409797668e-02,1.005254626274108887e+00
1762817970.447359085,8.659101091325283051e-03,-4.937883466482162476e-02,1.005289912223815918e+00
1762817970.467464209,9.742503985762596130e-03,-4.975125193595886230e-02,1.005383729934692383e+00
1762817970.487359762,1.085196528583765030e-02,-5.003499984741210938e-02,1.005530238151550293e+00
1762817970.507353544,1.197294704616069794e-02,-5.022210255265235901e-02,1.005714535713195801e+00
1762817970.527354717,1.309393346309661865e-02,-5.030960589647293091e-02,1.005914688110351562e+00
1762817970.547504187,1.406560093164443970e-02,-5.041002854704856873e-02,1.006085038185119629e+00
1762817970.567270279,1.512295566499233246e-02,-5.034918710589408875e-02,1.006242871284484863e+00
1762817970.587334633,1.620710268616676331e-02,-5.016369372606277466e-02,1.006363868713378906e+00
1762817970.607398987,1.741221919655799866e-02,-4.974025860428810120e-02,1.006441593170166016e+00
1762817970.627346516,1.834707520902156830e-02,-4.952271282672882080e-02,1.006462812423706055e+00
1762817970.648453712,1.952315308153629303e-02,-4.892895743250846863e-02,1.006450176239013672e+00
1762817970.667409182,2.064738981425762177e-02,-4.831927269697189331e-02,1.006422162055969238e+00
1762817970.687318563,2.171165496110916138e-02,-4.773487895727157593e-02,1.006406426429748535e+00
1762817970.707421303,2.275872230529785156e-02,-4.714523255825042725e-02,1.006418228149414062e+00
1762817970.727477312,2.386056073009967804e-02,-4.645966738462448120e-02,1.006464958190917969e+00
1762817970.747419357,2.507533133029937744e-02,-4.534937441349029541e-02,1.006532907485961914e+00
1762817970.767304659,2.617098018527030945e-02,-4.494414478540420532e-02,1.006660461425781250e+00
1762817970.787449121,2.738940156996250153e-02,-4.412257298827171326e-02,1.006793022155761719e+00
1762817970.807751894,2.865494787693023682e-02,-4.326164349913597107e-02,1.006921887397766113e+00
1762817970.827370644,2.997034974396228790e-02,-4.236348345875740051e-02,1.007025122642517090e+00
1762817970.848503351,3.134526684880256653e-02,-4.141893982887268066e-02,1.007088303565979004e+00
1762817970.868508816,3.275830298662185669e-02,-4.045764356851577759e-02,1.007107138633728027e+00
1762817970.887448072,3.440899029374122620e-02,-3.894965350627899170e-02,1.007071733474731445e+00
1762817970.907354355,3.586891666054725647e-02,-3.799187019467353821e-02,1.007018685340881348e+00
1762817970.927728653,3.744580969214439392e-02,-3.690148890018463135e-02,1.006942033767700195e+00
1762817970.947370052,3.907838836312294006e-02,-3.576028347015380859e-02,1.006883621215820312e+00
1762817970.967410803,4.075727984309196472e-02,-3.457460179924964905e-02,1.006869554519653320e+00
1762817970.987512589,4.247881844639778137e-02,-3.334499895572662354e-02,1.006904125213623047e+00
1762817971.007356405,4.423928633332252502e-02,-3.207093104720115662e-02,1.006981492042541504e+00
1762817971.027330637,4.603497311472892761e-02,-3.075268305838108063e-02,1.007085800170898438e+00
1762817971.048578262,4.776684194803237915e-02,-2.976248599588871002e-02,1.007203936576843262e+00
1762817971.068391323,4.883907362818717957e-02,-2.911691926419734955e-02,1.007266163825988770e+00
1762817971.088398933,5.068936198949813843e-02,-2.771686576306819916e-02,1.007341027259826660e+00
1762817971.108330011,5.258204042911529541e-02,-2.625494636595249176e-02,1.007385015487670898e+00
1762817971.128374815,5.450977757573127747e-02,-2.473966404795646667e-02,1.007392644882202148e+00
1762817971.148538828,5.646917223930358887e-02,-2.317371405661106110e-02,1.007366657257080078e+00
1762817971.168311834,5.846235528588294983e-02,-2.155211567878723145e-02,1.007321834564208984e+00
1762817971.188377857,6.049044802784919739e-02,-1.987226121127605438e-02,1.007273316383361816e+00
1762817971.208512306,6.255598366260528564e-02,-1.813133247196674347e-02,1.007229089736938477e+00
1762817971.228501081,6.466113775968551636e-02,-1.632636412978172302e-02,1.007204174995422363e+00
1762817971.248309612,6.680554151535034180e-02,-1.445846259593963623e-02,1.007207989692687988e+00
1762817971.268416643,6.899023056030273438e-02,-1.252925489097833633e-02,1.007241249084472656e+00
1762817971.288403511,7.121702283620834351e-02,-1.053869817405939102e-02,1.007299065589904785e+00
1762817971.308488369,7.350770384073257446e-02,-8.432427421212196350e-03,1.007369875907897949e+00
1762817971.328468561,7.579689472913742065e-02,-6.381540559232234955e-03,1.007450699806213379e+00
1762817971.348366499,7.814600318670272827e-02,-4.227538127452135086e-03,1.007526397705078125e+00
1762817971.368383884,8.053835481405258179e-02,-2.020590007305145264e-03,1.007589578628540039e+00
1762817971.387396574,8.281153440475463867e-02,2.586845366749912500e-04,1.007623314857482910e+00
1762817971.408349514,8.547890931367874146e-02,2.573563484475016594e-03,1.007639527320861816e+00
1762817971.428344965,8.796364068984985352e-02,4.874818027019500732e-03,1.007613539695739746e+00
1762817971.448556185,9.028307348489761353e-02,7.186000701040029526e-03,1.007557749748229980e+00
1762817971.467442513,9.292897582054138184e-02,9.671715088188648224e-03,1.007484674453735352e+00
1762817971.487416506,9.549233317375183105e-02,1.203492656350135803e-02,1.007419228553771973e+00
1762817971.508367062,9.821002185344696045e-02,1.458081696182489395e-02,1.007361769676208496e+00
1762817971.528540134,1.008469387888908386e-01,1.700571179389953613e-02,1.007337093353271484e+00
1762817971.548374891,1.035787984728813171e-01,1.953548192977905273e-02,1.007345557212829590e+00
1762817971.567477226,1.070476993918418884e-01,2.298771962523460388e-02,1.007387161254882812e+00
1762817971.587476969,1.100779622793197632e-01,2.585674449801445007e-02,1.007468104362487793e+00
1762817971.608501911,1.123155578970909119e-01,2.770166657865047455e-02,1.007546782493591309e+00
1762817971.628371239,1.151077374815940857e-01,3.024079464375972748e-02,1.007615089416503906e+00
1762817971.648441792,1.178667545318603516e-01,3.272771462798118591e-02,1.007654905319213867e+00
1762817971.668490171,1.210030540823936462e-01,3.567044809460639954e-02,1.007666707038879395e+00
1762817971.688293219,1.247569024562835693e-01,3.936616331338882446e-02,1.007630944252014160e+00
1762817971.708523035,1.278724074363708496e-01,4.225040599703788757e-02,1.007578969001770020e+00
1762817971.727422953,1.300452798604965210e-01,4.395982995629310608e-02,1.007549405097961426e+00
1762817971.747334242,1.341113448143005371e-01,4.799628630280494690e-02,1.007461547851562500e+00
1762817971.767381668,1.373356133699417114e-01,5.098646879196166992e-02,1.007423758506774902e+00
1762817971.787472248,1.397951990365982056e-01,5.302814394235610962e-02,1.007434010505676270e+00
1762817971.807436705,1.438080817461013794e-01,5.696844309568405151e-02,1.007436871528625488e+00
1762817971.828429937,1.462554633617401123e-01,5.898473784327507019e-02,1.007485747337341309e+00
1762817971.848480940,1.496651470661163330e-01,6.216910481452941895e-02,1.007538437843322754e+00
1762817971.868431091,1.530528962612152100e-01,6.531595438718795776e-02,1.007594943046569824e+00
1762817971.887392998,1.553834527730941772e-01,6.741775572299957275e-02,1.007637858390808105e+00
1762817971.907510281,1.591917276382446289e-01,7.081632316112518311e-02,1.007702350616455078e+00
1762817971.927574873,1.626875400543212891e-01,7.405956089496612549e-02,1.007736682891845703e+00
1762817971.947380304,1.654674559831619263e-01,7.667247951030731201e-02,1.007745742797851562e+00
1762817971.967360258,1.689087897539138794e-01,7.982908189296722412e-02,1.007736563682556152e+00
1762817971.987410307,1.729392707347869873e-01,8.367322385311126709e-02,1.007688045501708984e+00
1762817972.007426023,1.763008236885070801e-01,8.671175688505172729e-02,1.007639408111572266e+00
1762817972.027357817,1.803087890148162842e-01,9.049957990646362305e-02,1.007565617561340332e+00
1762817972.047494173,1.840749084949493408e-01,9.398778527975082397e-02,1.007508635520935059e+00
1762817972.067462206,1.879804730415344238e-01,9.762597084045410156e-02,1.007468700408935547e+00
1762817972.087377787,1.913709342479705811e-01,1.006454676389694214e-01,1.007466197013854980e+00
1762817972.107423544,1.951013207435607910e-01,1.040479168295860291e-01,1.007477402687072754e+00
1762817972.127573967,1.989998817443847656e-01,1.076304614543914795e-01,1.007503509521484375e+00
1762817972.147420168,2.029405236244201660e-01,1.112431809306144714e-01,1.007542014122009277e+00
1762817972.167403698,2.069160938262939453e-01,1.148748919367790222e-01,1.007583141326904297e+00
1762817972.188338518,2.109260857105255127e-01,1.185245290398597717e-01,1.007617115974426270e+00
1762817972.208433151,2.156411409378051758e-01,1.229550465941429138e-01,1.007632851600646973e+00
1762817972.228330135,2.196807414293289185e-01,1.265914142131805420e-01,1.007631778717041016e+00
1762817972.248618364,2.237886041402816772e-01,1.302823275327682495e-01,1.007612109184265137e+00
1762817972.267374277,2.278061211109161377e-01,1.338479220867156982e-01,1.007581949234008789e+00
1762817972.287721872,2.320723831653594971e-01,1.376700848340988159e-01,1.007545590400695801e+00
1762817972.307498932,2.362667322158813477e-01,1.413866728544235229e-01,1.007515788078308105e+00
1762817972.327378035,2.404786050319671631e-01,1.450965404510498047e-01,1.007500767707824707e+00
1762817972.347418785,2.447145730257034302e-01,1.488066911697387695e-01,1.007509231567382812e+00
1762817972.367432833,2.492493838071823120e-01,1.530606597661972046e-01,1.007524847984313965e+00
1762817972.387377262,2.535362839698791504e-01,1.567742824554443359e-01,1.007582068443298340e+00
1762817972.407488346,2.565498352050781250e-01,1.590807735919952393e-01,1.007645606994628906e+00
1762817972.428583622,2.622788250446319580e-01,1.643099188804626465e-01,1.007716059684753418e+00
1762817972.448470116,2.662314772605895996e-01,1.675917655229568481e-01,1.007767081260681152e+00
1762817972.468382597,2.705671489238739014e-01,1.712634563446044922e-01,1.007804751396179199e+00
1762817972.487459660,2.752698063850402832e-01,1.753003001213073730e-01,1.007822990417480469e+00
1762817972.507445574,2.796607613563537598e-01,1.789822876453399658e-01,1.007829189300537109e+00
1762817972.527312040,2.841095328330993652e-01,1.827024072408676147e-01,1.007827877998352051e+00
1762817972.547366858,2.872607409954071045e-01,1.850418597459793091e-01,1.007838964462280273e+00
1762817972.567568541,2.927285134792327881e-01,1.897847801446914673e-01,1.007824659347534180e+00
1762817972.587377787,2.973171174526214600e-01,1.935854852199554443e-01,1.007825732231140137e+00
1762817972.607371569,3.018759787082672119e-01,1.973323076963424683e-01,1.007842302322387695e+00
1762817972.627437592,3.067513704299926758e-01,2.013807743787765503e-01,1.007868289947509766e+00
1762817972.647414446,3.100385665893554688e-01,2.037817835807800293e-01,1.007907629013061523e+00
1762817972.667430401,3.146133720874786377e-01,2.074825763702392578e-01,1.007938504219055176e+00
1762817972.687690020,3.192974030971527100e-01,2.112697511911392212e-01,1.007959604263305664e+00
1762817972.708542109,3.240151405334472656e-01,2.150650471448898315e-01,1.007974863052368164e+00
1762817972.727396965,3.288720846176147461e-01,2.189710140228271484e-01,1.007980585098266602e+00
1762817972.747474432,3.350140750408172607e-01,2.241285592317581177e-01,1.007964849472045898e+00
1762817972.767303467,3.376259207725524902e-01,2.257626801729202271e-01,1.007981777191162109e+00
1762817972.787310839,3.447404205799102783e-01,2.318038195371627808e-01,1.007933735847473145e+00
1762817972.807605267,3.493196070194244385e-01,2.353207617998123169e-01,1.007918477058410645e+00
1762817972.828378916,3.519282639026641846e-01,2.369090169668197632e-01,1.007938385009765625e+00
1762817972.848396063,3.582490980625152588e-01,2.420525848865509033e-01,1.007916092872619629e+00
1762817972.868080139,3.620398342609405518e-01,2.447421103715896606e-01,1.007935404777526855e+00
1762817972.887410164,3.669840395450592041e-01,2.484956830739974976e-01,1.007958650588989258e+00
1762817972.907500744,3.719272017478942871e-01,2.522068321704864502e-01,1.008003592491149902e+00
1762817972.928476810,3.768849968910217285e-01,2.558892667293548584e-01,1.008070707321166992e+00
1762817972.948583603,3.818747401237487793e-01,2.595584392547607422e-01,1.008152365684509277e+00
1762817972.968449593,3.868589699268341064e-01,2.631818354129791260e-01,1.008238196372985840e+00
1762817972.988503456,3.913944065570831299e-01,2.665900886058807373e-01,1.008305788040161133e+00
1762817973.008546114,3.964326977729797363e-01,2.701839208602905273e-01,1.008367657661437988e+00
1762817973.028383732,4.019742310047149658e-01,2.739513516426086426e-01,1.008401751518249512e+00
1762817973.048542500,4.059682488441467285e-01,2.767724394798278809e-01,1.008395552635192871e+00
1762817973.067355156,4.110759496688842773e-01,2.803051769733428955e-01,1.008357763290405273e+00
1762817973.087378502,4.167238771915435791e-01,2.842590808868408203e-01,1.008286118507385254e+00
1762817973.107735157,4.218868911266326904e-01,2.877520918846130371e-01,1.008218407630920410e+00
1762817973.127351522,4.270338118076324463e-01,2.911881506443023682e-01,1.008168816566467285e+00
1762817973.147354126,4.321996867656707764e-01,2.945975661277770996e-01,1.008154988288879395e+00
1762817973.167463779,4.367722570896148682e-01,2.974778115749359131e-01,1.008188486099243164e+00
1762817973.188490868,4.425038695335388184e-01,3.012721836566925049e-01,1.008252620697021484e+00
1762817973.207330465,4.479034841060638428e-01,3.047497272491455078e-01,1.008341550827026367e+00
1762817973.227468729,4.530254304409027100e-01,3.079590201377868652e-01,1.008440732955932617e+00
1762817973.248412848,4.582650661468505859e-01,3.112186789512634277e-01,1.008532285690307617e+00
1762817973.268352270,4.635516405105590820e-01,3.144678473472595215e-01,1.008595108985900879e+00
1762817973.288408756,4.687973260879516602e-01,3.176377415657043457e-01,1.008617877960205078e+00
1762817973.307517052,4.742004275321960449e-01,3.208790719509124756e-01,1.008596301078796387e+00
1762817973.327322721,4.793804287910461426e-01,3.238986134529113770e-01,1.008541941642761230e+00
1762817973.347500801,4.846779108047485352e-01,3.269546329975128174e-01,1.008474707603454590e+00
1762817973.367362976,4.903223514556884766e-01,3.304432332515716553e-01,1.008396863937377930e+00
1762817973.387364864,4.953040778636932373e-01,3.329272866249084473e-01,1.008390545845031738e+00
1762817973.407578230,5.010698437690734863e-01,3.363812863826751709e-01,1.008385300636291504e+00
1762817973.428403854,5.059637427330017090e-01,3.386977910995483398e-01,1.008457183837890625e+00
1762817973.448387623,5.115832090377807617e-01,3.419252932071685791e-01,1.008531570434570312e+00
1762817973.468512535,5.165718197822570801e-01,3.442045450210571289e-01,1.008632898330688477e+00
1762817973.488397598,5.218901634216308594e-01,3.468783497810363770e-01,1.008724927902221680e+00
1762817973.508341551,5.275437235832214355e-01,3.499372899532318115e-01,1.008798241615295410e+00
1762817973.528512001,5.328658223152160645e-01,3.524862229824066162e-01,1.008843421936035156e+00
1762817973.548328876,5.381905436515808105e-01,3.549741804599761963e-01,1.008854269981384277e+00
1762817973.568639755,5.435181856155395508e-01,3.573997616767883301e-01,1.008829832077026367e+00
1762817973.587347031,5.464032292366027832e-01,3.582750260829925537e-01,1.008816242218017578e+00
1762817973.607374430,5.516699552536010742e-01,3.605608046054840088e-01,1.008771896362304688e+00
1762817973.627369165,5.569897890090942383e-01,3.628119230270385742e-01,1.008730769157409668e+00
1762817973.647313833,5.623089075088500977e-01,3.649932444095611572e-01,1.008709549903869629e+00
1762817973.667372704,5.676272511482238770e-01,3.671035170555114746e-01,1.008715987205505371e+00
1762817973.687509775,5.729466676712036133e-01,3.691443502902984619e-01,1.008750915527343750e+00
1762817973.707323074,5.782683491706848145e-01,3.711163401603698730e-01,1.008808135986328125e+00
1762817973.727310419,5.835932493209838867e-01,3.730197548866271973e-01,1.008874297142028809e+00
1762817973.748359203,5.889819264411926270e-01,3.748847246170043945e-01,1.008934020996093750e+00
1762817973.768418074,5.942537784576416016e-01,3.766199946403503418e-01,1.008971095085144043e+00
1762817973.788412809,5.995827317237854004e-01,3.783132135868072510e-01,1.008977055549621582e+00
1762817973.808400154,6.049150824546813965e-01,3.799361884593963623e-01,1.008949637413024902e+00
1762817973.828428268,6.102468967437744141e-01,3.814857304096221924e-01,1.008894562721252441e+00
1762817973.848403454,6.155765056610107422e-01,3.829605281352996826e-01,1.008823156356811523e+00
1762817973.868493795,6.209021210670471191e-01,3.843583464622497559e-01,1.008747458457946777e+00
1762817973.887395620,6.258459687232971191e-01,3.857380449771881104e-01,1.008679866790771484e+00
1762817973.907379866,6.315361857414245605e-01,3.869069814682006836e-01,1.008643746376037598e+00
1762817973.927377224,6.368368268013000488e-01,3.880517184734344482e-01,1.008638620376586914e+00
1762817973.947356701,6.416347026824951172e-01,3.891461193561553955e-01,1.008658766746520996e+00
1762817973.967423677,6.474135518074035645e-01,3.900739550590515137e-01,1.008723616600036621e+00
1762817973.987545729,6.521931290626525879e-01,3.910042345523834229e-01,1.008781909942626953e+00
1762817974.007386208,6.574552059173583984e-01,3.917970359325408936e-01,1.008846282958984375e+00
1762817974.027353764,6.627058386802673340e-01,3.924978375434875488e-01,1.008890390396118164e+00
1762817974.047458172,6.679442524909973145e-01,3.931060731410980225e-01,1.008902311325073242e+00
1762817974.067320108,6.731696128845214844e-01,3.936209082603454590e-01,1.008877873420715332e+00
1762817974.087352753,6.783814430236816406e-01,3.940412104129791260e-01,1.008820772171020508e+00
1762817974.107486725,6.835798025131225586e-01,3.943657279014587402e-01,1.008743286132812500e+00
1762817974.127334833,6.887651085853576660e-01,3.945930600166320801e-01,1.008660793304443359e+00
1762817974.147325993,6.939368247985839844e-01,3.947218060493469238e-01,1.008589625358581543e+00
1762817974.167451382,6.990931630134582520e-01,3.947507143020629883e-01,1.008541703224182129e+00
1762817974.187524557,7.042323350906372070e-01,3.946786820888519287e-01,1.008521676063537598e+00
1762817974.207336426,7.093526124954223633e-01,3.945044577121734619e-01,1.008527755737304688e+00
1762817974.228476286,7.144536972045898438e-01,3.942267596721649170e-01,1.008551955223083496e+00
1762817974.248332739,7.195600271224975586e-01,3.938453793525695801e-01,1.008582234382629395e+00
1762817974.268365622,7.245939373970031738e-01,3.933548629283905029e-01,1.008605837821960449e+00
1762817974.288400173,7.296338081359863281e-01,3.927600681781768799e-01,1.008615255355834961e+00
1762817974.308485270,7.344957590103149414e-01,3.920505940914154053e-01,1.008602738380432129e+00
1762817974.328487873,7.394789457321166992e-01,3.912385404109954834e-01,1.008565068244934082e+00
1762817974.348502398,7.438703775405883789e-01,3.903342187404632568e-01,1.008511781692504883e+00
1762817974.368344069,7.495124936103820801e-01,3.892784416675567627e-01,1.008424162864685059e+00
1762817974.388446093,7.543374896049499512e-01,3.881331682205200195e-01,1.008338451385498047e+00
1762817974.408406734,7.593896389007568359e-01,3.868526816368103027e-01,1.008251070976257324e+00
1762817974.428385735,7.635828852653503418e-01,3.855514228343963623e-01,1.008194565773010254e+00
1762817974.448342085,7.684274911880493164e-01,3.840687274932861328e-01,1.008144140243530273e+00
1762817974.468416214,7.732997536659240723e-01,3.824642896652221680e-01,1.008112192153930664e+00
1762817974.488466501,7.781610488891601562e-01,3.807405531406402588e-01,1.008095026016235352e+00
1762817974.508346796,7.830104827880859375e-01,3.788977861404418945e-01,1.008083224296569824e+00
1762817974.528416157,7.878491878509521484e-01,3.769358694553375244e-01,1.008064389228820801e+00
1762817974.548496008,7.922048568725585938e-01,3.751769959926605225e-01,1.008033275604248047e+00
1762817974.568392992,7.970188856124877930e-01,3.729872703552246094e-01,1.007972359657287598e+00
1762817974.587427855,8.019196987152099609e-01,3.706445991992950439e-01,1.007878661155700684e+00
1762817974.607333899,8.065848350524902344e-01,3.682557046413421631e-01,1.007759213447570801e+00
1762817974.627476215,8.113175630569458008e-01,3.657163679599761963e-01,1.007618427276611328e+00
1762817974.647366762,8.160212635993957520e-01,3.630551695823669434e-01,1.007480025291442871e+00
1762817974.667416096,8.206867575645446777e-01,3.602760434150695801e-01,1.007362246513366699e+00
1762817974.687505722,8.253090977668762207e-01,3.573807775974273682e-01,1.007277011871337891e+00
1762817974.707491398,8.298851251602172852e-01,3.543699085712432861e-01,1.007228612899780273e+00
1762817974.727384329,8.344123363494873047e-01,3.512436449527740479e-01,1.007212638854980469e+00
1762817974.747395515,8.388881683349609375e-01,3.480020165443420410e-01,1.007217407226562500e+00
1762817974.768419743,8.434087038040161133e-01,3.445837497711181641e-01,1.007227897644042969e+00
1762817974.788433075,8.476796746253967285e-01,3.411678969860076904e-01,1.007226705551147461e+00
1762817974.808459282,8.519861102104187012e-01,3.375807106494903564e-01,1.007202506065368652e+00
1762817974.828395605,8.562418222427368164e-01,3.338724374771118164e-01,1.007150292396545410e+00
1762817974.847560644,8.605321645736694336e-01,3.299705684185028076e-01,1.007065415382385254e+00
1762817974.867319822,8.645797371864318848e-01,3.260834813117980957e-01,1.006958961486816406e+00
1762817974.887488127,8.686558604240417480e-01,3.220044672489166260e-01,1.006842613220214844e+00
1762817974.907551527,8.726817369461059570e-01,3.177955746650695801e-01,1.006730794906616211e+00
1762817974.927469730,8.768805265426635742e-01,3.134113550186157227e-01,1.006623983383178711e+00
1762817974.947438717,8.805750608444213867e-01,3.090069591999053955e-01,1.006554126739501953e+00
1762817974.967652082,8.846650719642639160e-01,3.043591380119323730e-01,1.006484985351562500e+00
1762817974.987531900,8.884834647178649902e-01,2.996520698070526123e-01,1.006432294845581055e+00
1762817975.007370234,8.922526240348815918e-01,2.948276996612548828e-01,1.006379604339599609e+00
1762817975.027571201,8.957626223564147949e-01,2.899860739707946777e-01,1.006317734718322754e+00
1762817975.047383785,8.994354009628295898e-01,2.849407196044921875e-01,1.006239414215087891e+00
1762817975.067931414,9.030316472053527832e-01,2.799523770809173584e-01,1.006147503852844238e+00
1762817975.087404490,9.067962765693664551e-01,2.744242250919342041e-01,1.006032586097717285e+00
1762817975.107456684,9.103184938430786133e-01,2.690200805664062500e-01,1.005914807319641113e+00
1762817975.127966166,9.135878682136535645e-01,2.636517286300659180e-01,1.005805730819702148e+00
1762817975.147413731,9.169901013374328613e-01,2.580480575561523438e-01,1.005700707435607910e+00
1762817975.168537140,9.203067421913146973e-01,2.523721754550933838e-01,1.005610704421997070e+00
1762817975.188498974,9.237740039825439453e-01,2.463741600513458252e-01,1.005529880523681641e+00
1762817975.207335234,9.270318150520324707e-01,2.403627038002014160e-01,1.005465984344482422e+00
1762817975.227382421,9.301640391349792480e-01,2.343537211418151855e-01,1.005410075187683105e+00
1762817975.247401237,9.332693219184875488e-01,2.281696051359176636e-01,1.005352973937988281e+00
1762817975.267412901,9.363175034523010254e-01,2.218576520681381226e-01,1.005287528038024902e+00
1762817975.287369013,9.393084049224853516e-01,2.154242396354675293e-01,1.005205631256103516e+00
1762817975.307465553,9.422420859336853027e-01,2.088708281517028809e-01,1.005102992057800293e+00
1762817975.327472448,9.451186656951904297e-01,2.021988779306411743e-01,1.004980087280273438e+00
1762817975.347512245,9.479368329048156738e-01,1.954122036695480347e-01,1.004844069480895996e+00
1762817975.367345095,9.506948590278625488e-01,1.885142326354980469e-01,1.004706263542175293e+00
1762817975.387416840,9.533910155296325684e-01,1.815082281827926636e-01,1.004577636718750000e+00
1762817975.407423258,9.552907347679138184e-01,1.763093918561935425e-01,1.004498720169067383e+00
1762817975.427400827,9.579697847366333008e-01,1.688757538795471191e-01,1.004401445388793945e+00
1762817975.447508335,9.603552222251892090e-01,1.619576215744018555e-01,1.004334449768066406e+00
1762817975.467513561,9.629269242286682129e-01,1.542244106531143188e-01,1.004283666610717773e+00
1762817975.487480640,9.652619361877441406e-01,1.468808799982070923e-01,1.004259347915649414e+00
1762817975.507380724,9.675614237785339355e-01,1.393262296915054321e-01,1.004236578941345215e+00
1762817975.527507782,9.697536826133728027e-01,1.318297088146209717e-01,1.004196166992187500e+00
1762817975.547345161,9.719468355178833008e-01,1.240037083625793457e-01,1.004139065742492676e+00
1762817975.567402363,9.741287231445312500e-01,1.158243119716644287e-01,1.004055500030517578e+00
1762817975.588424683,9.762069582939147949e-01,1.076806411147117615e-01,1.003932118415832520e+00
1762817975.608407021,9.781802296638488770e-01,9.958234429359436035e-02,1.003787517547607422e+00
1762817975.628446102,9.800641536712646484e-01,9.155990183353424072e-02,1.003637552261352539e+00
1762817975.648416519,9.819159507751464844e-01,8.318578451871871948e-02,1.003484725952148438e+00
1762817975.668470621,9.836872220039367676e-01,7.471789419651031494e-02,1.003354907035827637e+00
1762817975.688416004,9.853746294975280762e-01,6.616482883691787720e-02,1.003256201744079590e+00
1762817975.707388878,9.863879680633544922e-01,6.082570925354957581e-02,1.003216147422790527e+00
1762817975.727415085,9.879142045974731445e-01,5.223440751433372498e-02,1.003178238868713379e+00
1762817975.747350931,9.893585443496704102e-01,4.349353164434432983e-02,1.003173828125000000e+00
1762817975.767334461,9.907062649726867676e-01,3.468817844986915588e-02,1.003197073936462402e+00
1762817975.787408829,9.919535517692565918e-01,2.582741901278495789e-02,1.003241181373596191e+00
1762817975.809381723,9.934839010238647461e-01,1.310555264353752136e-02,1.003330349922180176e+00
1762817975.828424215,9.941465258598327637e-01,7.859081029891967773e-03,1.003350377082824707e+00
1762817975.848316431,9.950726628303527832e-01,-1.057634595781564713e-03,1.003396749496459961e+00
1762817975.868312597,9.959008097648620605e-01,-1.010091695934534073e-02,1.003440737724304199e+00
1762817975.889361620,9.966223239898681641e-01,-1.919263601303100586e-02,1.003482460975646973e+00
1762817975.908354282,9.972860813140869141e-01,-2.953191846609115601e-02,1.003521323204040527e+00
1762817975.928406954,9.977869391441345215e-01,-3.881625086069107056e-02,1.003545761108398438e+00
1762817975.948467016,9.981795549392700195e-01,-4.797076061367988586e-02,1.003570556640625000e+00
1762817975.968450785,9.984693527221679688e-01,-5.719577148556709290e-02,1.003605723381042480e+00
1762817975.988476753,9.986556768417358398e-01,-6.644757091999053955e-02,1.003653049468994141e+00
1762817976.008441448,9.987422823905944824e-01,-7.571862637996673584e-02,1.003710269927978516e+00
1762817976.028298855,9.987198114395141602e-01,-8.523674309253692627e-02,1.003775477409362793e+00
1762817976.048460007,9.986147284507751465e-01,-9.430352598428726196e-02,1.003839492797851562e+00
1762817976.068509579,9.984049201011657715e-01,-1.035958677530288696e-01,1.003905177116394043e+00
1762817976.088317156,9.980971217155456543e-01,-1.129030957818031311e-01,1.003972053527832031e+00
1762817976.108380556,9.975417852401733398e-01,-1.229892000555992126e-01,1.004046678543090820e+00
1762817976.128493547,9.971932172775268555e-01,-1.315115839242935181e-01,1.004109621047973633e+00
1762817976.148438215,9.965994358062744141e-01,-1.407954394817352295e-01,1.004184007644653320e+00
1762817976.168449163,9.957806468009948730e-01,-1.503701061010360718e-01,1.004268050193786621e+00
1762817976.188376665,9.949873089790344238e-01,-1.596478223800659180e-01,1.004355788230895996e+00
1762817976.208381414,9.940964579582214355e-01,-1.689125448465347290e-01,1.004451990127563477e+00
1762817976.228320122,9.931072592735290527e-01,-1.781623512506484985e-01,1.004553675651550293e+00
1762817976.248417139,9.920197725296020508e-01,-1.873930543661117554e-01,1.004656434059143066e+00
1762817976.268313646,9.908360838890075684e-01,-1.966008991003036499e-01,1.004757881164550781e+00
1762817976.287422180,9.902648925781250000e-01,-2.020175457000732422e-01,1.004815340042114258e+00
1762817976.307376146,9.889476895332336426e-01,-2.110868245363235474e-01,1.004909634590148926e+00
1762817976.327591896,9.875192642211914062e-01,-2.202054709196090698e-01,1.005000710487365723e+00
1762817976.347415209,9.859946370124816895e-01,-2.292869389057159424e-01,1.005088686943054199e+00
1762817976.367470741,9.843710660934448242e-01,-2.383247017860412598e-01,1.005180478096008301e+00
1762817976.387352943,9.826449751853942871e-01,-2.473177164793014526e-01,1.005281209945678711e+00
1762817976.407356024,9.808139204978942871e-01,-2.562633454799652100e-01,1.005393266677856445e+00
1762817976.428450346,9.788504242897033691e-01,-2.652480006217956543e-01,1.005517721176147461e+00
1762817976.448482513,9.768267273902893066e-01,-2.740018963813781738e-01,1.005646824836730957e+00
1762817976.468312025,9.746707677841186523e-01,-2.827815711498260498e-01,1.005780458450317383e+00
1762817976.488496542,9.724028706550598145e-01,-2.915041744709014893e-01,1.005915880203247070e+00
1762817976.508339643,9.700210690498352051e-01,-3.001593351364135742e-01,1.006049752235412598e+00
1762817976.527423859,9.675246477127075195e-01,-3.087421953678131104e-01,1.006178975105285645e+00
1762817976.547478914,9.649072885513305664e-01,-3.172667026519775391e-01,1.006303548812866211e+00
1762817976.567411900,9.624188542366027832e-01,-3.247221410274505615e-01,1.006409645080566406e+00
1762817976.587456942,9.595952033996582031e-01,-3.330664336681365967e-01,1.006525993347167969e+00
1762817976.608374119,9.563788175582885742e-01,-3.423371911048889160e-01,1.006653428077697754e+00
1762817976.627531528,9.535477757453918457e-01,-3.496480882167816162e-01,1.006750345230102539e+00
1762817976.647377014,9.504832029342651367e-01,-3.575487434864044189e-01,1.006862044334411621e+00
1762817976.667418480,9.472452998161315918e-01,-3.655088543891906738e-01,1.006981372833251953e+00
1762817976.687366486,9.439029693603515625e-01,-3.733770847320556641e-01,1.007106661796569824e+00
1762817976.707298994,9.404615163803100586e-01,-3.811428248882293701e-01,1.007238388061523438e+00
1762817976.727382183,9.369215965270996094e-01,-3.888042569160461426e-01,1.007374763488769531e+00
1762817976.747402906,9.332839250564575195e-01,-3.963594734668731689e-01,1.007512688636779785e+00
1762817976.767349958,9.295496344566345215e-01,-4.038043618202209473e-01,1.007645249366760254e+00
1762817976.787323475,9.257189035415649414e-01,-4.111349582672119141e-01,1.007768511772155762e+00
1762817976.807472944,9.217910766601562500e-01,-4.183473289012908936e-01,1.007880568504333496e+00
1762817976.827410936,9.177657961845397949e-01,-4.254364371299743652e-01,1.007982492446899414e+00
1762817976.847393513,9.136425256729125977e-01,-4.323965907096862793e-01,1.008077979087829590e+00
1762817976.867316484,9.094209074974060059e-01,-4.392216503620147705e-01,1.008172273635864258e+00
1762817976.887334824,9.051004648208618164e-01,-4.459055662155151367e-01,1.008270382881164551e+00
1762817976.907312393,9.006806015968322754e-01,-4.524423778057098389e-01,1.008376479148864746e+00
1762817976.927310705,8.961609005928039551e-01,-4.588266611099243164e-01,1.008493185043334961e+00
1762817976.948361874,8.914298415184020996e-01,-4.651676714420318604e-01,1.008621931076049805e+00
1762817976.969125509,8.868158459663391113e-01,-4.711192846298217773e-01,1.008754253387451172e+00
1762817976.988386631,8.819991350173950195e-01,-4.770141243934631348e-01,1.008892416954040527e+00
1762817977.008334160,8.770728707313537598e-01,-4.827471375465393066e-01,1.009037137031555176e+00
1762817977.028296709,8.720384836196899414e-01,-4.883064031600952148e-01,1.009182810783386230e+00
1762817977.048375368,8.668898344039916992e-01,-4.936924874782562256e-01,1.009327054023742676e+00
1762817977.068447828,8.616271018981933594e-01,-4.989027082920074463e-01,1.009457230567932129e+00
1762817977.088568926,8.562498092651367188e-01,-5.039336085319519043e-01,1.009564638137817383e+00
1762817977.108408928,8.507579565048217773e-01,-5.087836980819702148e-01,1.009643673896789551e+00
1762817977.128376961,8.451531529426574707e-01,-5.134506225585937500e-01,1.009689331054687500e+00
1762817977.148638010,8.401447534561157227e-01,-5.175463557243347168e-01,1.009711265563964844e+00
1762817977.168444872,8.336455821990966797e-01,-5.218589901924133301e-01,1.009684562683105469e+00
1762817977.188541651,8.272839188575744629e-01,-5.261762738227844238e-01,1.009659171104431152e+00
1762817977.208514929,8.216698169708251953e-01,-5.302574038505554199e-01,1.009670495986938477e+00
1762817977.228372097,8.169847726821899414e-01,-5.331063866615295410e-01,1.009669780731201172e+00
1762817977.248444557,8.103225231170654297e-01,-5.371907353401184082e-01,1.009704947471618652e+00
1762817977.267373323,8.044490814208984375e-01,-5.401104688644409180e-01,1.009721517562866211e+00
1762817977.287432671,7.978135943412780762e-01,-5.433915257453918457e-01,1.009760975837707520e+00
1762817977.307387829,7.913008332252502441e-01,-5.464050769805908203e-01,1.009802460670471191e+00
1762817977.327306509,7.850849032402038574e-01,-5.491391420364379883e-01,1.009832382202148438e+00
1762817977.347438812,7.784010171890258789e-01,-5.517860054969787598e-01,1.009832859039306641e+00
1762817977.367330313,7.715917825698852539e-01,-5.542575716972351074e-01,1.009798765182495117e+00
1762817977.387317896,7.646771669387817383e-01,-5.565485358238220215e-01,1.009729862213134766e+00
1762817977.407422304,7.576572895050048828e-01,-5.586563348770141602e-01,1.009631872177124023e+00
1762817977.427371979,7.505325675010681152e-01,-5.605770349502563477e-01,1.009514451026916504e+00
1762817977.447421789,7.433052659034729004e-01,-5.623052120208740234e-01,1.009389400482177734e+00
1762817977.467489719,7.359784245491027832e-01,-5.638350248336791992e-01,1.009267926216125488e+00
1762817977.487493277,7.285554409027099609e-01,-5.651595592498779297e-01,1.009158372879028320e+00
1762817977.507425308,7.210403084754943848e-01,-5.662722587585449219e-01,1.009064674377441406e+00
1762817977.527364731,7.134371995925903320e-01,-5.671666860580444336e-01,1.008987188339233398e+00
1762817977.547418594,7.057502865791320801e-01,-5.678372383117675781e-01,1.008921384811401367e+00
1762817977.567461967,6.979830861091613770e-01,-5.682785511016845703e-01,1.008861780166625977e+00
1762817977.588358879,6.900995969772338867e-01,-5.684782862663269043e-01,1.008800506591796875e+00
1762817977.608455420,6.822260618209838867e-01,-5.684548616409301758e-01,1.008733987808227539e+00
1762817977.628572226,6.742403507232666016e-01,-5.681867003440856934e-01,1.008653402328491211e+00
1762817977.647396564,6.655342578887939453e-01,-5.671670436859130859e-01,1.008518457412719727e+00
1762817977.668383837,6.556992530822753906e-01,-5.662744045257568359e-01,1.008401632308959961e+00
1762817977.687448263,6.529352664947509766e-01,-5.664924979209899902e-01,1.008410215377807617e+00
1762817977.707357407,6.446853280067443848e-01,-5.653250813484191895e-01,1.008304595947265625e+00
1762817977.727295399,6.366628408432006836e-01,-5.640068650245666504e-01,1.008211851119995117e+00
1762817977.747580528,6.282950639724731445e-01,-5.623599886894226074e-01,1.008107185363769531e+00
1762817977.767432213,6.195944547653198242e-01,-5.603684186935424805e-01,1.007990002632141113e+00
1762817977.788444519,6.110399961471557617e-01,-5.582097768783569336e-01,1.007875680923461914e+00
1762817977.808347940,6.013309359550476074e-01,-5.553323030471801758e-01,1.007719993591308594e+00
1762817977.828391075,5.938560366630554199e-01,-5.532485246658325195e-01,1.007608175277709961e+00
1762817977.848440647,5.850909352302551270e-01,-5.504018068313598633e-01,1.007435441017150879e+00
1762817977.868487358,5.750927329063415527e-01,-5.467421412467956543e-01,1.007183551788330078e+00
1762817977.888444901,5.659646391868591309e-01,-5.433153510093688965e-01,1.006920933723449707e+00
1762817977.907407284,5.565779209136962891e-01,-5.395600795745849609e-01,1.006611347198486328e+00
1762817977.927441835,5.472050309181213379e-01,-5.356292128562927246e-01,1.006274342536926270e+00
1762817977.947424173,5.388957262039184570e-01,-5.321466922760009766e-01,1.005969405174255371e+00
1762817977.967460394,5.286264419555664062e-01,-5.273396372795104980e-01,1.005549907684326172e+00
1762817977.987526655,5.200952887535095215e-01,-5.234333872795104980e-01,1.005232453346252441e+00
1762817978.007290125,5.093439817428588867e-01,-5.179819464683532715e-01,1.004814505577087402e+00
1762817978.027269363,5.006459951400756836e-01,-5.136913657188415527e-01,1.004548430442810059e+00
1762817978.048349380,4.908438920974731445e-01,-5.085375308990478516e-01,1.004277586936950684e+00
1762817978.068332911,4.809592068195343018e-01,-5.031773447990417480e-01,1.004065752029418945e+00
1762817978.088355064,4.695275723934173584e-01,-4.965835213661193848e-01,1.003865838050842285e+00
1762817978.107382059,4.586709737777709961e-01,-4.898462295532226562e-01,1.003715634346008301e+00
1762817978.127439499,4.495970904827117920e-01,-4.849428236484527588e-01,1.003719091415405273e+00
1762817978.147378445,4.392096102237701416e-01,-4.782221615314483643e-01,1.003625035285949707e+00
1762817978.167409182,4.290329217910766602e-01,-4.718550443649291992e-01,1.003530621528625488e+00
1762817978.187401772,4.206009805202484131e-01,-4.667080044746398926e-01,1.003425955772399902e+00
1762817978.207437754,4.110479652881622314e-01,-4.605461955070495605e-01,1.003254652023315430e+00
1762817978.228483438,3.983685970306396484e-01,-4.520664215087890625e-01,1.002985835075378418e+00
1762817978.248468637,3.879448771476745605e-01,-4.445235729217529297e-01,1.002720236778259277e+00
1762817978.268487692,3.787458539009094238e-01,-4.385557472705841064e-01,1.002613306045532227e+00
1762817978.288447618,3.673064708709716797e-01,-4.298463463783264160e-01,1.002397179603576660e+00
1762817978.308455706,3.591494560241699219e-01,-4.241694509983062744e-01,1.002361416816711426e+00
1762817978.328496695,3.465236723423004150e-01,-4.147859513759613037e-01,1.002297759056091309e+00
1762817978.348533154,3.380809724330902100e-01,-4.082694053649902344e-01,1.002259016036987305e+00
1762817978.368460417,3.275932669639587402e-01,-4.001426696777343750e-01,1.002210497856140137e+00
1762817978.388390064,3.169107437133789062e-01,-3.917078971862792969e-01,1.002125859260559082e+00
1762817978.407371283,3.059231638908386230e-01,-3.828595578670501709e-01,1.001972079277038574e+00
1762817978.427385807,2.953447401523590088e-01,-3.742679953575134277e-01,1.001753449440002441e+00
1762817978.447490454,2.844876646995544434e-01,-3.652970194816589355e-01,1.001460075378417969e+00
1762817978.468050241,2.735566794872283936e-01,-3.561414480209350586e-01,1.001124858856201172e+00
1762817978.487374067,2.625716030597686768e-01,-3.468273282051086426e-01,1.000781774520874023e+00
1762817978.507646799,2.515402436256408691e-01,-3.373671174049377441e-01,1.000467658042907715e+00
1762817978.528311014,2.404167205095291138e-01,-3.277193605899810791e-01,1.000216841697692871e+00
1762817978.548341513,2.293784320354461670e-01,-3.180636763572692871e-01,1.000061154365539551e+00
1762817978.568362713,2.182643413543701172e-01,-3.082434535026550293e-01,1.000004529953002930e+00
1762817978.588453054,2.071380019187927246e-01,-2.983236312866210938e-01,1.000047922134399414e+00
1762817978.608484983,1.960104554891586304e-01,-2.883166074752807617e-01,1.000178813934326172e+00
1762817978.628271341,1.848890632390975952e-01,-2.782309949398040771e-01,1.000377416610717773e+00
1762817978.647587061,1.725707799196243286e-01,-2.664901614189147949e-01,1.000610828399658203e+00
1762817978.667477846,1.619824469089508057e-01,-2.567825019359588623e-01,1.000874042510986328e+00
1762817978.687413692,1.509364396333694458e-01,-2.465149760246276855e-01,1.001126766204833984e+00
1762817978.707315445,1.398834884166717529e-01,-2.361564338207244873e-01,1.001345515251159668e+00
1762817978.728488207,1.292949318885803223e-01,-2.265303879976272583e-01,1.001540899276733398e+00
1762817978.748437405,1.178372353315353394e-01,-2.152604311704635620e-01,1.001666903495788574e+00
1762817978.768390179,1.075632199645042419e-01,-2.058194726705551147e-01,1.001821279525756836e+00
1762817978.788410187,9.591466188430786133e-02,-1.941996961832046509e-01,1.001922130584716797e+00
1762817978.808543921,8.564574271440505981e-02,-1.846282184123992920e-01,1.002092003822326660e+00
1762817978.828538418,7.401634752750396729e-02,-1.728958785533905029e-01,1.002231597900390625e+00
1762817978.848352194,6.307617574930191040e-02,-1.621685028076171875e-01,1.002428293228149414e+00
1762817978.868504047,5.213694646954536438e-02,-1.513950377702713013e-01,1.002642750740051270e+00
1762817978.888803720,4.119580611586570740e-02,-1.405782252550125122e-01,1.002858042716979980e+00
1762817978.908431768,3.025046363472938538e-02,-1.297226846218109131e-01,1.003054499626159668e+00
1762817978.928546190,1.930039934813976288e-02,-1.188354417681694031e-01,1.003217101097106934e+00
1762817978.948459864,8.346917107701301575e-03,-1.079240590333938599e-01,1.003333330154418945e+00
1762817978.968402863,-2.610162831842899323e-03,-9.699427336454391479e-02,1.003403186798095703e+00
1762817978.988401890,-8.414013311266899109e-03,-9.174626320600509644e-02,1.003475189208984375e+00
1762817979.008429766,-2.452468685805797577e-02,-7.511759549379348755e-02,1.003492832183837891e+00
1762817979.028355837,-3.548080474138259888e-02,-6.418427079916000366e-02,1.003587365150451660e+00
1762817979.048388720,-4.643238708376884460e-02,-5.326808616518974304e-02,1.003758192062377930e+00
1762817979.068351507,-5.738274380564689636e-02,-4.237237572669982910e-02,1.004014849662780762e+00
1762817979.088367939,-6.832854449748992920e-02,-3.150744736194610596e-02,1.004337787628173828e+00
1762817979.108386993,-7.926458120346069336e-02,-2.068300545215606689e-02,1.004699468612670898e+00
1762817979.128431320,-9.018760174512863159e-02,-9.905887767672538757e-03,1.005079865455627441e+00
1762817979.148373127,-1.010944545269012451e-01,8.162059821188449860e-04,1.005451321601867676e+00
1762817979.168408394,-1.093486696481704712e-01,8.635470643639564514e-03,1.005726933479309082e+00
1762817979.187437534,-1.166058853268623352e-01,1.564171724021434784e-02,1.005945086479187012e+00
1762817979.207432985,-1.285559833049774170e-01,2.712358348071575165e-02,1.006271719932556152e+00
1762817979.227509260,-1.393929272890090942e-01,3.762463480234146118e-02,1.006538987159729004e+00
1762817979.247512341,-1.491907685995101929e-01,4.723152518272399902e-02,1.006769537925720215e+00
1762817979.267475367,-1.610385775566101074e-01,5.844806879758834839e-02,1.007103919982910156e+00
1762817979.288490295,-1.718719899654388428e-01,6.878980249166488647e-02,1.007413983345031738e+00
1762817979.309482098,-1.827452778816223145e-01,7.911405712366104126e-02,1.007720708847045898e+00
1762817979.327395201,-1.926544904708862305e-01,8.862172067165374756e-02,1.007966279983520508e+00
1762817979.347396612,-2.034146338701248169e-01,9.870378673076629639e-02,1.008198738098144531e+00
1762817979.367974281,-2.143590897321701050e-01,1.089015230536460876e-01,1.008370041847229004e+00
1762817979.388478518,-2.266351580619812012e-01,1.201268061995506287e-01,1.008498072624206543e+00
1762817979.408514261,-2.367945015430450439e-01,1.295991241931915283e-01,1.008533716201782227e+00
1762817979.427350521,-2.471546679735183716e-01,1.389581859111785889e-01,1.008553147315979004e+00
1762817979.447499514,-2.580236196517944336e-01,1.487356424331665039e-01,1.008569955825805664e+00
1762817979.467380762,-2.689940631389617920e-01,1.585148125886917114e-01,1.008618831634521484e+00
1762817979.487399578,-2.799747884273529053e-01,1.681990474462509155e-01,1.008744597434997559e+00
1762817979.507338285,-2.948125600814819336e-01,1.814418286085128784e-01,1.009019374847412109e+00
1762817979.527435064,-3.053920865058898926e-01,1.904870271682739258e-01,1.009371757507324219e+00
1762817979.547392368,-3.163590133190155029e-01,1.997863501310348511e-01,1.009788751602172852e+00
1762817979.567532063,-3.273357748985290527e-01,2.089782506227493286e-01,1.010222673416137695e+00
1762817979.587333918,-3.382754921913146973e-01,2.180170118808746338e-01,1.010619282722473145e+00
1762817979.607385874,-3.491551876068115234e-01,2.268801331520080566e-01,1.010950446128845215e+00
1762817979.628365993,-3.604639768600463867e-01,2.359930872917175293e-01,1.011246562004089355e+00
1762817979.647644758,-3.658272922039031982e-01,2.398190796375274658e-01,1.011410593986511230e+00
1762817979.667355299,-3.763465583324432373e-01,2.480428069829940796e-01,1.011736989021301270e+00
1762817979.687536240,-3.869062960147857666e-01,2.561658620834350586e-01,1.012142062187194824e+00
1762817979.707307577,-3.973684012889862061e-01,2.640609443187713623e-01,1.012655019760131836e+00
1762817979.727406263,-4.077309668064117432e-01,2.717239856719970703e-01,1.013280868530273438e+00
1762817979.748366833,-4.180037379264831543e-01,2.791594564914703369e-01,1.013997793197631836e+00
1762817979.768427372,-4.282187819480895996e-01,2.863893210887908936e-01,1.014757156372070312e+00
1762817979.787585735,-4.375594854354858398e-01,2.929806709289550781e-01,1.015444278717041016e+00
1762817979.807446480,-4.473898112773895264e-01,2.996073663234710693e-01,1.016096591949462891e+00
1762817979.827391148,-4.573645889759063721e-01,3.061794340610504150e-01,1.016616344451904297e+00
1762817979.848465919,-4.682718515396118164e-01,3.130587041378021240e-01,1.016947627067565918e+00
1762817979.867360592,-4.771512150764465332e-01,3.186964690685272217e-01,1.017061829566955566e+00
1762817979.887459040,-4.870141446590423584e-01,3.246737420558929443e-01,1.017018318176269531e+00
1762817979.907492399,-4.967336654663085938e-01,3.303776979446411133e-01,1.016867995262145996e+00
1762817979.927395821,-5.064558982849121094e-01,3.358958363533020020e-01,1.016705274581909180e+00
1762817979.947302103,-5.161376595497131348e-01,3.411961197853088379e-01,1.016607046127319336e+00
1762817979.968354940,-5.258262753486633301e-01,3.462992608547210693e-01,1.016628503799438477e+00
1762817979.988470078,-5.353763103485107422e-01,3.511211276054382324e-01,1.016776084899902344e+00
1762817980.008416653,-5.449328422546386719e-01,3.557440936565399170e-01,1.017022848129272461e+00
1762817980.028417110,-5.544462800025939941e-01,3.601371347904205322e-01,1.017323374748229980e+00
1762817980.048502684,-5.639079213142395020e-01,3.642950952053070068e-01,1.017638325691223145e+00
1762817980.068296194,-5.733103156089782715e-01,3.682073652744293213e-01,1.017909407615661621e+00
1762817980.087333918,-5.828520655632019043e-01,3.719570040702819824e-01,1.018086314201354980e+00
1762817980.108336687,-5.925310254096984863e-01,3.755322694778442383e-01,1.018146038055419922e+00
1762817980.128411293,-6.016092300415039062e-01,3.786099255084991455e-01,1.018089056015014648e+00
1762817980.148569345,-6.106746792793273926e-01,3.814535737037658691e-01,1.017957329750061035e+00
1762817980.168830395,-6.196537017822265625e-01,3.840299546718597412e-01,1.017805457115173340e+00
1762817980.188349247,-6.280433535575866699e-01,3.861737549304962158e-01,1.017691612243652344e+00
1762817980.208350658,-6.368322968482971191e-01,3.882210254669189453e-01,1.017628550529479980e+00
1762817980.227373838,-6.479525566101074219e-01,3.906091749668121338e-01,1.017627835273742676e+00
1762817980.247490644,-6.543339490890502930e-01,3.915297687053680420e-01,1.017690300941467285e+00
1762817980.267365694,-6.632406115531921387e-01,3.928243219852447510e-01,1.017768979072570801e+00
1762817980.287415743,-6.699648499488830566e-01,3.934969305992126465e-01,1.017812967300415039e+00
1762817980.307448387,-6.784440875053405762e-01,3.942507803440093994e-01,1.017820835113525391e+00
1762817980.327440023,-6.859376430511474609e-01,3.947688043117523193e-01,1.017764925956726074e+00
1762817980.347378731,-6.942226886749267578e-01,3.950223028659820557e-01,1.017606258392333984e+00
1762817980.367503643,-7.032538652420043945e-01,3.949289917945861816e-01,1.017323732376098633e+00
1762817980.387318373,-7.105672359466552734e-01,3.947365880012512207e-01,1.017034053802490234e+00
1762817980.409430742,-7.206065058708190918e-01,3.939821124076843262e-01,1.016577363014221191e+00
1762817980.427390814,-7.262580990791320801e-01,3.933633267879486084e-01,1.016323566436767578e+00
1762817980.447410822,-7.343955636024475098e-01,3.922385275363922119e-01,1.015980601310729980e+00
1762817980.467429161,-7.421698570251464844e-01,3.908351361751556396e-01,1.015712618827819824e+00
1762817980.487383366,-7.498279213905334473e-01,3.891352415084838867e-01,1.015532970428466797e+00
1762817980.507342577,-7.571535110473632812e-01,3.871903419494628906e-01,1.015429615974426270e+00
1762817980.527336359,-7.637437582015991211e-01,3.851506710052490234e-01,1.015363335609436035e+00
1762817980.547660112,-7.710371017456054688e-01,3.826488256454467773e-01,1.015282988548278809e+00
1762817980.567304611,-7.782648205757141113e-01,3.798584043979644775e-01,1.015159368515014648e+00
1762817980.587360382,-7.853791713714599609e-01,3.767945766448974609e-01,1.014957666397094727e+00
1762817980.607314825,-7.923806309700012207e-01,3.734610974788665771e-01,1.014660477638244629e+00
1762817980.627521753,-7.992714047431945801e-01,3.698603808879852295e-01,1.014269948005676270e+00
1762817980.648547888,-8.061236739158630371e-01,3.659541308879852295e-01,1.013800382614135742e+00
1762817980.668399334,-8.127201795578002930e-01,3.618627190589904785e-01,1.013299703598022461e+00
1762817980.688328505,-8.192704319953918457e-01,3.574741780757904053e-01,1.012794017791748047e+00
1762817980.708500862,-8.257074952125549316e-01,3.528242707252502441e-01,1.012323379516601562e+00
1762817980.727348089,-8.320220112800598145e-01,3.479101657867431641e-01,1.011913061141967773e+00
1762817980.747337580,-8.382232785224914551e-01,3.427200019359588623e-01,1.011582732200622559e+00
1762817980.767355919,-8.442664146423339844e-01,3.372992873191833496e-01,1.011335253715515137e+00
1762817980.787586689,-8.501940369606018066e-01,3.316121697425842285e-01,1.011139392852783203e+00
1762817980.807321548,-8.559913635253906250e-01,3.256809413433074951e-01,1.010956287384033203e+00
1762817980.827300549,-8.610879778861999512e-01,3.201728463172912598e-01,1.010775566101074219e+00
1762817980.847413063,-8.666425347328186035e-01,3.138060569763183594e-01,1.010505557060241699e+00
1762817980.867532730,-8.726157546043395996e-01,3.065251708030700684e-01,1.010100722312927246e+00
1762817980.887254715,-8.773702383041381836e-01,3.004257082939147949e-01,1.009712219238281250e+00
1762817980.907308102,-8.825431466102600098e-01,2.934210002422332764e-01,1.009215950965881348e+00
1762817980.927460194,-8.875879645347595215e-01,2.862097620964050293e-01,1.008700489997863770e+00
1762817980.947345734,-8.925029635429382324e-01,2.787962853908538818e-01,1.008205771446228027e+00
1762817980.967278481,-8.972892165184020996e-01,2.711818218231201172e-01,1.007767915725708008e+00
1762817980.987348318,-9.019473195075988770e-01,2.633664309978485107e-01,1.007410287857055664e+00
1762817981.008553028,-9.065721035003662109e-01,2.551800906658172607e-01,1.007128357887268066e+00
1762817981.027415276,-9.108947515487670898e-01,2.471025735139846802e-01,1.006921768188476562e+00
1762817981.047342539,-9.151366949081420898e-01,2.387592047452926636e-01,1.006746768951416016e+00
1762817981.067564011,-9.192757010459899902e-01,2.301799505949020386e-01,1.006581544876098633e+00
1762817981.088369846,-9.233657121658325195e-01,2.212226390838623047e-01,1.006381273269653320e+00
1762817981.108330727,-9.271580576896667480e-01,2.124551981687545776e-01,1.006127834320068359e+00
1762817981.128339529,-9.309007525444030762e-01,2.033363133668899536e-01,1.005800724029541016e+00
1762817981.148509026,-9.345204830169677734e-01,1.940318346023559570e-01,1.005409002304077148e+00
1762817981.168444395,-9.380131959915161133e-01,1.845558583736419678e-01,1.004977345466613770e+00
1762817981.187354565,-9.414477944374084473e-01,1.747029721736907959e-01,1.004530072212219238e+00
1762817981.207498550,-9.446164965629577637e-01,1.650973260402679443e-01,1.004121184349060059e+00
1762817981.227397919,-9.477172493934631348e-01,1.551398038864135742e-01,1.003751635551452637e+00
1762817981.247334957,-9.506859779357910156e-01,1.450127065181732178e-01,1.003455638885498047e+00
1762817981.267310381,-9.535207152366638184e-01,1.347379237413406372e-01,1.003234863281250000e+00
1762817981.287398815,-9.562227129936218262e-01,1.243259385228157043e-01,1.003075480461120605e+00
1762817981.307355642,-9.587925076484680176e-01,1.137870252132415771e-01,1.002955079078674316e+00
1762817981.327346802,-9.612305760383605957e-01,1.031307876110076904e-01,1.002849102020263672e+00
1762817981.347426414,-9.636046886444091797e-01,9.184989333152770996e-02,1.002745151519775391e+00
1762817981.368129253,-9.657116532325744629e-01,8.150289952754974365e-02,1.002602577209472656e+00
1762817981.387359619,-9.677533507347106934e-01,7.054898887872695923e-02,1.002448558807373047e+00
1762817981.407445669,-9.696609377861022949e-01,5.951316654682159424e-02,1.002284169197082520e+00
1762817981.427622080,-9.714328646659851074e-01,4.840429872274398804e-02,1.002127170562744141e+00
1762817981.447331905,-9.730681777000427246e-01,3.722956776618957520e-02,1.001998543739318848e+00
1762817981.467546701,-9.745848178863525391e-01,2.546172961592674255e-02,1.001912236213684082e+00
1762817981.487661362,-9.759349226951599121e-01,1.417469047009944916e-02,1.001886367797851562e+00
1762817981.508369923,-9.770806431770324707e-01,3.487048670649528503e-03,1.001914978027343750e+00
1762817981.528440237,-9.782034158706665039e-01,-8.434161543846130371e-03,1.001989483833312988e+00
1762817981.548514128,-9.791394472122192383e-01,-1.988017559051513672e-02,1.002098679542541504e+00
1762817981.568341970,-9.799286127090454102e-01,-3.131953999400138855e-02,1.002224445343017578e+00
1762817981.588518143,-9.805730581283569336e-01,-4.278169199824333191e-02,1.002349138259887695e+00
1762817981.608440638,-9.811217784881591797e-01,-5.376952886581420898e-02,1.002430319786071777e+00
1762817981.628396273,-9.814285635948181152e-01,-6.578578054904937744e-02,1.002521991729736328e+00
1762817981.648325443,-9.816550612449645996e-01,-7.408881187438964844e-02,1.002533674240112305e+00
1762817981.668310642,-9.817059636116027832e-01,-8.860524743795394897e-02,1.002562403678894043e+00
1762817981.687432289,-9.816241264343261719e-01,-1.004550009965896606e-01,1.002559781074523926e+00
1762817981.707441807,-9.814103245735168457e-01,-1.118926107883453369e-01,1.002584218978881836e+00
1762817981.727416754,-9.810555577278137207e-01,-1.234386265277862549e-01,1.002664446830749512e+00
1762817981.747430086,-9.805653095245361328e-01,-1.349904984235763550e-01,1.002794861793518066e+00
1762817981.767397642,-9.803602099418640137e-01,-1.416427493095397949e-01,1.002886772155761719e+00
1762817981.787551641,-9.796755313873291016e-01,-1.530765444040298462e-01,1.003053903579711914e+00
1762817981.807339191,-9.788601398468017578e-01,-1.645375341176986694e-01,1.003226995468139648e+00
1762817981.827320337,-9.779155850410461426e-01,-1.759925484657287598e-01,1.003399252891540527e+00
1762817981.847525120,-9.768416285514831543e-01,-1.874042600393295288e-01,1.003564834594726562e+00
1762817981.867364407,-9.757154583930969238e-01,-1.975543498992919922e-01,1.003710269927978516e+00
1762817981.887406349,-9.743849039077758789e-01,-2.088704854249954224e-01,1.003867268562316895e+00
1762817981.907308340,-9.729148745536804199e-01,-2.201273739337921143e-01,1.004026651382446289e+00
1762817981.927444935,-9.711821675300598145e-01,-2.325123101472854614e-01,1.004212379455566406e+00
1762817981.948418140,-9.694144725799560547e-01,-2.436173707246780396e-01,1.004396677017211914e+00
1762817981.967514277,-9.676393270492553711e-01,-2.535041272640228271e-01,1.004578232765197754e+00
1762817981.987888336,-9.655953049659729004e-01,-2.644288539886474609e-01,1.004803419113159180e+00
1762817982.007376909,-9.634214043617248535e-01,-2.751980721950531006e-01,1.005050659179687500e+00
1762817982.027407408,-9.610919356346130371e-01,-2.859050631523132324e-01,1.005322575569152832e+00
1762817982.048470974,-9.586055278778076172e-01,-2.965368628501892090e-01,1.005617976188659668e+00
1762817982.067377806,-9.559426903724670410e-01,-3.071530759334564209e-01,1.005931258201599121e+00
1762817982.087381363,-9.532582163810729980e-01,-3.172682225704193115e-01,1.006242632865905762e+00
1762817982.107466221,-9.503763914108276367e-01,-3.274456560611724854e-01,1.006570100784301758e+00
1762817982.127379894,-9.473513364791870117e-01,-3.374892175197601318e-01,1.006897926330566406e+00
1762817982.147352934,-9.441895484924316406e-01,-3.473851084709167480e-01,1.007215261459350586e+00
1762817982.168383598,-9.408751130104064941e-01,-3.571727573871612549e-01,1.007514238357543945e+00
1762817982.188601971,-9.363793730735778809e-01,-3.691352605819702148e-01,1.007854342460632324e+00
1762817982.208378315,-9.326902627944946289e-01,-3.787291646003723145e-01,1.008096575736999512e+00
1762817982.227362156,-9.287635087966918945e-01,-3.883362114429473877e-01,1.008325099945068359e+00
1762817982.247376204,-9.250859618186950684e-01,-3.970099687576293945e-01,1.008534312248229980e+00
1762817982.267327070,-9.211040735244750977e-01,-4.058443307876586914e-01,1.008758783340454102e+00
1762817982.287407398,-9.169837236404418945e-01,-4.144966900348663330e-01,1.009003758430480957e+00
1762817982.308430910,-9.125280380249023438e-01,-4.232770204544067383e-01,1.009284615516662598e+00
1762817982.327471972,-9.105560779571533203e-01,-4.278979897499084473e-01,1.009462833404541016e+00
1762817982.347391605,-9.061380028724670410e-01,-4.360142052173614502e-01,1.009771108627319336e+00
1762817982.367405415,-9.016179442405700684e-01,-4.438951313495635986e-01,1.010103464126586914e+00
1762817982.387480736,-8.969694375991821289e-01,-4.515673518180847168e-01,1.010449290275573730e+00
1762817982.407405376,-8.921999931335449219e-01,-4.590113759040832520e-01,1.010784029960632324e+00
1762817982.428333521,-8.873040676116943359e-01,-4.662272930145263672e-01,1.011085748672485352e+00
1762817982.447720766,-8.826676011085510254e-01,-4.724214971065521240e-01,1.011312484741210938e+00
1762817982.467654467,-8.775768280029296875e-01,-4.791340827941894531e-01,1.011509656906127930e+00
1762817982.487408876,-8.722956180572509766e-01,-4.856745004653930664e-01,1.011650204658508301e+00
1762817982.507330894,-8.668723106384277344e-01,-4.919816553592681885e-01,1.011743068695068359e+00
1762817982.528348207,-8.613083958625793457e-01,-4.980518817901611328e-01,1.011803627014160156e+00
1762817982.548466921,-8.550751805305480957e-01,-5.046374201774597168e-01,1.011869549751281738e+00
1762817982.568349123,-8.497539758682250977e-01,-5.094735026359558105e-01,1.011899232864379883e+00
1762817982.588423252,-8.437628149986267090e-01,-5.148256421089172363e-01,1.011966705322265625e+00
1762817982.608330727,-8.370717167854309082e-01,-5.206037759780883789e-01,1.012083172798156738e+00
1762817982.627424955,-8.311929106712341309e-01,-5.248424410820007324e-01,1.012166619300842285e+00
1762817982.647528172,-8.249183297157287598e-01,-5.293439626693725586e-01,1.012296795845031738e+00
1762817982.667349815,-8.183740377426147461e-01,-5.336537957191467285e-01,1.012420177459716797e+00
1762817982.687415600,-8.116947412490844727e-01,-5.377029776573181152e-01,1.012517094612121582e+00
1762817982.707483768,-8.047001957893371582e-01,-5.415491461753845215e-01,1.012567639350891113e+00
1762817982.727357388,-7.979790568351745605e-01,-5.450103878974914551e-01,1.012564897537231445e+00
1762817982.747358561,-7.909609675407409668e-01,-5.482751727104187012e-01,1.012507677078247070e+00
1762817982.767368317,-7.838200330734252930e-01,-5.512830018997192383e-01,1.012410163879394531e+00
1762817982.787550926,-7.765685319900512695e-01,-5.540303587913513184e-01,1.012288570404052734e+00
1762817982.807487488,-7.692064046859741211e-01,-5.565156936645507812e-01,1.012160778045654297e+00
1762817982.827332020,-7.617336511611938477e-01,-5.587359666824340820e-01,1.012043118476867676e+00
1762817982.848435163,-7.541118860244750977e-01,-5.606880187988281250e-01,1.011943101882934570e+00
1762817982.868367672,-7.464634180068969727e-01,-5.623667240142822266e-01,1.011865258216857910e+00
1762817982.888329983,-7.386663556098937988e-01,-5.637757778167724609e-01,1.011802315711975098e+00
1762817982.908365250,-7.307598590850830078e-01,-5.649067163467407227e-01,1.011753797531127930e+00
1762817982.927416086,-7.203806042671203613e-01,-5.655359029769897461e-01,1.011642932891845703e+00
1762817982.947495222,-7.137730717658996582e-01,-5.658385157585144043e-01,1.011565446853637695e+00
1762817982.967467308,-7.058276534080505371e-01,-5.661212205886840820e-01,1.011450052261352539e+00
1762817982.987433195,-6.975091099739074707e-01,-5.660945773124694824e-01,1.011280298233032227e+00
1762817983.010460138,-6.892896890640258789e-01,-5.661961436271667480e-01,1.011131763458251953e+00
1762817983.028452396,-6.825637221336364746e-01,-5.660532712936401367e-01,1.010993957519531250e+00
1762817983.048396111,-6.747177243232727051e-01,-5.651016831398010254e-01,1.010771512985229492e+00
1762817983.068417311,-6.652195453643798828e-01,-5.641402602195739746e-01,1.010556221008300781e+00
1762817983.088421583,-6.572157144546508789e-01,-5.626795887947082520e-01,1.010332703590393066e+00
1762817983.108321905,-6.482961177825927734e-01,-5.610293745994567871e-01,1.010116457939147949e+00
1762817983.128437757,-6.392626166343688965e-01,-5.590792894363403320e-01,1.009907603263854980e+00
1762817983.148375034,-6.292738914489746094e-01,-5.568170547485351562e-01,1.009686589241027832e+00
1762817983.168349266,-6.208561658859252930e-01,-5.542593598365783691e-01,1.009445071220397949e+00
1762817983.188426733,-6.129146218299865723e-01,-5.520433187484741211e-01,1.009244799613952637e+00
1762817983.208386421,-6.024194955825805664e-01,-5.484124422073364258e-01,1.008902549743652344e+00
1762817983.227344275,-5.925830602645874023e-01,-5.448184013366699219e-01,1.008558511734008789e+00
1762817983.247349024,-5.828515291213989258e-01,-5.410302877426147461e-01,1.008207798004150391e+00
1762817983.267338991,-5.730443000793457031e-01,-5.369678139686584473e-01,1.007839918136596680e+00
1762817983.287380219,-5.631988048553466797e-01,-5.326635241508483887e-01,1.007472634315490723e+00
1762817983.307503462,-5.533092021942138672e-01,-5.281299948692321777e-01,1.007112503051757812e+00
1762817983.327339649,-5.432673692703247070e-01,-5.233097076416015625e-01,1.006756186485290527e+00
1762817983.348402023,-5.328942537307739258e-01,-5.180891752243041992e-01,1.006399989128112793e+00
1762817983.368302345,-5.228850841522216797e-01,-5.129231214523315430e-01,1.006077051162719727e+00
1762817983.388395309,-5.125716924667358398e-01,-5.073883533477783203e-01,1.005754470825195312e+00
1762817983.408426523,-5.021560192108154297e-01,-5.016161799430847168e-01,1.005443453788757324e+00
1762817983.427334309,-4.914119839668273926e-01,-4.954441487789154053e-01,1.005135893821716309e+00
1762817983.447472334,-4.797259569168090820e-01,-4.880488514900207520e-01,1.004767179489135742e+00
1762817983.467388153,-4.696956276893615723e-01,-4.820503294467926025e-01,1.004517793655395508e+00
1762817983.488430977,-4.570733904838562012e-01,-4.742968976497650146e-01,1.004213571548461914e+00
1762817983.508478880,-4.461770951747894287e-01,-4.673105180263519287e-01,1.003940701484680176e+00
1762817983.528412342,-4.353113472461700439e-01,-4.601868689060211182e-01,1.003674626350402832e+00
1762817983.547424555,-4.296802282333374023e-01,-4.567585885524749756e-01,1.003574609756469727e+00
1762817983.567360163,-4.184853136539459229e-01,-4.494610428810119629e-01,1.003346443176269531e+00
1762817983.587379217,-4.075110852718353271e-01,-4.418536722660064697e-01,1.003104448318481445e+00
1762817983.607410192,-3.968973457813262939e-01,-4.340690672397613525e-01,1.002858281135559082e+00
1762817983.627416611,-3.869985938072204590e-01,-4.270760416984558105e-01,1.002707242965698242e+00
1762817983.647447824,-3.736222982406616211e-01,-4.173017740249633789e-01,1.002537250518798828e+00
1762817983.667394161,-3.645772635936737061e-01,-4.104437530040740967e-01,1.002431988716125488e+00
1762817983.687696457,-3.519770801067352295e-01,-4.006682634353637695e-01,1.002301096916198730e+00
1762817983.708445787,-3.405538499355316162e-01,-3.917670845985412598e-01,1.002183198928833008e+00
1762817983.728380680,-3.286727070808410645e-01,-3.826272785663604736e-01,1.002041459083557129e+00
1762817983.748480082,-3.162811994552612305e-01,-3.725449740886688232e-01,1.001784443855285645e+00
1762817983.768409491,-3.070457279682159424e-01,-3.649336695671081543e-01,1.001534461975097656e+00
1762817983.788414240,-2.936552464962005615e-01,-3.539613783359527588e-01,1.001114845275878906e+00
1762817983.807354212,-2.819241583347320557e-01,-3.437667787075042725e-01,1.000634551048278809e+00
1762817983.827460766,-2.715381681919097900e-01,-3.350680172443389893e-01,1.000233650207519531e+00
1762817983.847455025,-2.596645057201385498e-01,-3.248189985752105713e-01,9.997753500938415527e-01
1762817983.867329597,-2.476396709680557251e-01,-3.142969310283660889e-01,9.993913173675537109e-01
1762817983.888302803,-2.339024096727371216e-01,-3.019451498985290527e-01,9.990856051445007324e-01
1762817983.908627987,-2.233370840549468994e-01,-2.926470935344696045e-01,9.990490078926086426e-01
1762817983.928383589,-2.112737596035003662e-01,-2.817546427249908447e-01,9.991104602813720703e-01
1762817983.948491573,-1.976833194494247437e-01,-2.692128121852874756e-01,9.993084669113159180e-01
1762817983.967736006,-1.850851476192474365e-01,-2.575883865356445312e-01,9.996110200881958008e-01
1762817983.987367392,-1.748438775539398193e-01,-2.483182698488235474e-01,9.999018311500549316e-01
1762817984.007652760,-1.632474958896636963e-01,-2.372742146253585815e-01,1.000167131423950195e+00
1762817984.027368546,-1.488364487886428833e-01,-2.235503792762756348e-01,1.000425100326538086e+00
1762817984.047315836,-1.377092003822326660e-01,-2.135375589132308960e-01,1.000584483146667480e+00
1762817984.068552017,-1.240218281745910645e-01,-2.004731744527816772e-01,1.000684618949890137e+00
1762817984.087409973,-1.104977428913116455e-01,-1.872023046016693115e-01,1.000736594200134277e+00
1762817984.107428551,-9.871562570333480835e-02,-1.760596781969070435e-01,1.000870108604431152e+00
1762817984.127380610,-8.642137050628662109e-02,-1.643470078706741333e-01,1.001061439514160156e+00
1762817984.147444487,-7.409529387950897217e-02,-1.525701284408569336e-01,1.001340985298156738e+00
1762817984.168452024,-6.121634691953659058e-02,-1.401789635419845581e-01,1.001718401908874512e+00
1762817984.188519478,-5.014739930629730225e-02,-1.300020515918731689e-01,1.002145051956176758e+00
1762817984.207496643,-3.665067628026008606e-02,-1.166088506579399109e-01,1.002601742744445801e+00
1762817984.227365017,-2.494899183511734009e-02,-1.054214611649513245e-01,1.003055810928344727e+00
1762817984.247454882,-1.276621967554092407e-02,-9.371992200613021851e-02,1.003519654273986816e+00
1762817984.267349243,-5.856319330632686615e-04,-8.202379196882247925e-02,1.003973841667175293e+00
1762817984.288375378,1.167375966906547546e-02,-7.024847716093063354e-02,1.004433035850524902e+00
1762817984.307350636,1.823542080819606781e-02,-6.449007242918014526e-02,1.004717946052551270e+00
1762817984.327307463,3.016236610710620880e-02,-5.307939648628234863e-02,1.005174160003662109e+00
1762817984.347385168,4.217686504125595093e-02,-4.159456863999366760e-02,1.005647778511047363e+00
1762817984.367455721,5.415790528059005737e-02,-3.016873821616172791e-02,1.006139397621154785e+00
1762817984.387308359,6.610860675573348999e-02,-1.880404166877269745e-02,1.006645560264587402e+00
1762817984.407375336,7.803647220134735107e-02,-7.491846103221178055e-03,1.007158637046813965e+00
1762817984.428401709,9.007760882377624512e-02,3.908446989953517914e-03,1.007664322853088379e+00
1762817984.448314905,1.018438115715980530e-01,1.499222684651613235e-02,1.008118629455566406e+00
1762817984.469331741,1.137217208743095398e-01,2.615662850439548492e-02,1.008506774902343750e+00
1762817984.487380743,1.244995296001434326e-01,3.641485422849655151e-02,1.008779406547546387e+00
1762817984.507439852,1.363008469343185425e-01,4.742541909217834473e-02,1.009001731872558594e+00
1762817984.527414799,1.493030786514282227e-01,5.935423448681831360e-02,1.009170532226562500e+00
1762817984.547353983,1.600024998188018799e-01,6.939961016178131104e-02,1.009254932403564453e+00
1762817984.567385197,1.718428730964660645e-01,8.029597252607345581e-02,1.009375452995300293e+00
1762817984.587512016,1.836707293987274170e-01,9.111809730529785156e-02,1.009534120559692383e+00
1762817984.607339859,1.954798847436904907e-01,1.018547862768173218e-01,1.009755134582519531e+00
1762817984.627418041,2.072662711143493652e-01,1.124941781163215637e-01,1.010048389434814453e+00
1762817984.647303581,2.190247476100921631e-01,1.230244189500808716e-01,1.010411858558654785e+00
1762817984.668417454,2.307524830102920532e-01,1.334347128868103027e-01,1.010835289955139160e+00
1762817984.688342333,2.425028234720230103e-01,1.437675654888153076e-01,1.011299729347229004e+00
1762817984.708518267,2.540960907936096191e-01,1.538467109203338623e-01,1.011774659156799316e+00
1762817984.728389025,2.657108902931213379e-01,1.638353019952774048e-01,1.012241363525390625e+00
1762817984.747361183,2.775465846061706543e-01,1.739078611135482788e-01,1.012689590454101562e+00
1762817984.767522573,2.888271808624267578e-01,1.833422034978866577e-01,1.013084650039672852e+00
1762817984.787374258,3.003019690513610840e-01,1.928256899118423462e-01,1.013454794883728027e+00
1762817984.807368517,3.117436468601226807e-01,2.021409720182418823e-01,1.013806223869323730e+00
1762817984.828460217,3.231948316097259521e-01,2.113194018602371216e-01,1.014153718948364258e+00
1762817984.848532677,3.344836235046386719e-01,2.202138155698776245e-01,1.014510154724121094e+00
1762817984.868295431,3.457871377468109131e-01,2.289769947528839111e-01,1.014886975288391113e+00
1762817984.888432980,3.570483028888702393e-01,2.375581860542297363e-01,1.015289783477783203e+00
1762817984.907279968,3.685134053230285645e-01,2.461532354354858398e-01,1.015714883804321289e+00
1762817984.927373409,3.794356882572174072e-01,2.541515231132507324e-01,1.016111731529235840e+00
1762817984.947332859,3.905436992645263672e-01,2.621489465236663818e-01,1.016492486000061035e+00
1762817984.967505455,4.016171395778656006e-01,2.699636518955230713e-01,1.016829371452331543e+00
1762817984.987388611,4.126444160938262939e-01,2.775848209857940674e-01,1.017106652259826660e+00
1762817985.007355452,4.236259162425994873e-01,2.850138247013092041e-01,1.017324805259704590e+00
1762817985.027372837,4.345595538616180420e-01,2.922494411468505859e-01,1.017493486404418945e+00
1762817985.047478676,4.461178183555603027e-01,2.999545931816101074e-01,1.017620801925659180e+00
1762817985.067367792,4.562738239765167236e-01,3.061265349388122559e-01,1.017739772796630859e+00
1762817985.087469816,4.677209854125976562e-01,3.133984506130218506e-01,1.017845511436462402e+00
1762817985.108460903,4.778141677379608154e-01,3.192102909088134766e-01,1.017992258071899414e+00
1762817985.128468275,4.890655875205993652e-01,3.259746432304382324e-01,1.018145084381103516e+00
1762817985.148413658,4.989854395389556885e-01,3.313453793525695801e-01,1.018341779708862305e+00
1762817985.168425083,5.101482868194580078e-01,3.376588821411132812e-01,1.018563985824584961e+00
1762817985.187454462,5.210673213005065918e-01,3.434235453605651855e-01,1.018820524215698242e+00
1762817985.207358599,5.309484601020812988e-01,3.483679294586181641e-01,1.019049525260925293e+00
1762817985.227477074,5.412091612815856934e-01,3.533304631710052490e-01,1.019262909889221191e+00
1762817985.247423172,5.514269471168518066e-01,3.580604195594787598e-01,1.019434213638305664e+00
1762817985.267327309,5.615707039833068848e-01,3.625384867191314697e-01,1.019551992416381836e+00
1762817985.287361860,5.716376304626464844e-01,3.667612969875335693e-01,1.019612073898315430e+00
1762817985.307365656,5.816280841827392578e-01,3.707284927368164062e-01,1.019623041152954102e+00
1762817985.327350140,5.915397405624389648e-01,3.744388818740844727e-01,1.019601464271545410e+00
1762817985.347429514,6.013707518577575684e-01,3.778906166553497314e-01,1.019564986228942871e+00
1762817985.367475986,6.111188530921936035e-01,3.810826539993286133e-01,1.019529104232788086e+00
1762817985.387382746,6.207816004753112793e-01,3.840140104293823242e-01,1.019502162933349609e+00
1762817985.407478333,6.303570866584777832e-01,3.866842389106750488e-01,1.019485235214233398e+00
1762817985.427432060,6.398434042930603027e-01,3.890930116176605225e-01,1.019472479820251465e+00
1762817985.447422266,6.443063020706176758e-01,3.898236155509948730e-01,1.019469380378723145e+00
1762817985.467418432,6.584705710411071777e-01,3.931061625480651855e-01,1.019418478012084961e+00
1762817985.487366438,6.671277284622192383e-01,3.945972025394439697e-01,1.019362330436706543e+00
1762817985.507351398,6.761901974678039551e-01,3.959636986255645752e-01,1.019287586212158203e+00
1762817985.527466297,6.836462020874023438e-01,3.968080878257751465e-01,1.019211292266845703e+00
1762817985.547406197,6.899876594543457031e-01,3.973188996315002441e-01,1.019130706787109375e+00
1762817985.567480326,7.009539604187011719e-01,3.982962369918823242e-01,1.018963217735290527e+00
1762817985.587406874,7.096397280693054199e-01,3.986917436122894287e-01,1.018787264823913574e+00
1762817985.607608318,7.188158035278320312e-01,3.989906311035156250e-01,1.018563032150268555e+00
1762817985.627507448,7.270519137382507324e-01,3.987590968608856201e-01,1.018319606781005859e+00
1762817985.647406816,7.361198067665100098e-01,3.985269665718078613e-01,1.018011808395385742e+00
1762817985.668459177,7.442817687988281250e-01,3.978220820426940918e-01,1.017698645591735840e+00
1762817985.688501596,7.527419924736022949e-01,3.969798982143402100e-01,1.017343401908874512e+00
1762817985.708444118,7.611771225929260254e-01,3.958847820758819580e-01,1.016969203948974609e+00
1762817985.728371859,7.695354223251342773e-01,3.945329189300537109e-01,1.016593933105468750e+00
1762817985.747499704,7.745032310485839844e-01,3.935340642929077148e-01,1.016377329826354980e+00
1762817985.767478704,7.847406268119812012e-01,3.912721574306488037e-01,1.015949249267578125e+00
1762817985.787425995,7.911104559898376465e-01,3.896357417106628418e-01,1.015707731246948242e+00
1762817985.807321072,7.990306019783020020e-01,3.873039484024047852e-01,1.015438437461853027e+00
1762817985.827396631,8.066594600677490234e-01,3.847403526306152344e-01,1.015205383300781250e+00
1762817985.847415209,8.143699169158935547e-01,3.818391859531402588e-01,1.014986991882324219e+00
1762817985.867390156,8.219512104988098145e-01,3.786454796791076660e-01,1.014778971672058105e+00
1762817985.887401104,8.293931484222412109e-01,3.751619160175323486e-01,1.014566302299499512e+00
1762817985.907397747,8.366971015930175781e-01,3.713910579681396484e-01,1.014334321022033691e+00
1762817985.927354097,8.438645005226135254e-01,3.673367798328399658e-01,1.014069437980651855e+00
1762817985.947395086,8.508965373039245605e-01,3.630037307739257812e-01,1.013760566711425781e+00
1762817985.967458248,8.577936291694641113e-01,3.583975434303283691e-01,1.013403654098510742e+00
1762817985.987370491,8.645547032356262207e-01,3.535249829292297363e-01,1.013003230094909668e+00
1762817986.007385254,8.711784482002258301e-01,3.483930826187133789e-01,1.012570738792419434e+00
1762817986.027523756,8.776627182960510254e-01,3.430092334747314453e-01,1.012123346328735352e+00
1762817986.047409058,8.840052485466003418e-01,3.373807966709136963e-01,1.011680960655212402e+00
1762817986.067376375,8.895865082740783691e-01,3.321453332901000977e-01,1.011300921440124512e+00
1762817986.087469101,8.956528306007385254e-01,3.260707557201385498e-01,1.010917901992797852e+00
1762817986.107447147,9.015702605247497559e-01,3.197727799415588379e-01,1.010579109191894531e+00
1762817986.127340794,9.079101085662841797e-01,3.125640749931335449e-01,1.010254263877868652e+00
1762817986.147439241,9.135122895240783691e-01,3.058162927627563477e-01,1.009988427162170410e+00
1762817986.167416334,9.184209704399108887e-01,2.995937764644622803e-01,1.009764552116394043e+00
1762817986.187421560,9.242686629295349121e-01,2.917037010192871094e-01,1.009477376937866211e+00
1762817986.207374573,9.283266663551330566e-01,2.859465479850769043e-01,1.009261250495910645e+00
1762817986.227426052,9.331848025321960449e-01,2.787002325057983398e-01,1.008964896202087402e+00
1762817986.247269630,9.382001161575317383e-01,2.708217501640319824e-01,1.008619904518127441e+00
1762817986.269420624,9.448914527893066406e-01,2.595666944980621338e-01,1.008102655410766602e+00
1762817986.287451744,9.474357962608337402e-01,2.550477087497711182e-01,1.007894396781921387e+00
1762817986.307371140,9.519844055175781250e-01,2.466245293617248535e-01,1.007524728775024414e+00
1762817986.327379227,9.561913609504699707e-01,2.383887469768524170e-01,1.007203698158264160e+00
1762817986.347408056,9.603785276412963867e-01,2.297438830137252808e-01,1.006912946701049805e+00
1762817986.367439985,9.644480943679809570e-01,2.208850681781768799e-01,1.006648659706115723e+00
1762817986.387463331,9.683964252471923828e-01,2.118276804685592651e-01,1.006389975547790527e+00
1762817986.407474279,9.722266197204589844e-01,2.025732994079589844e-01,1.006110072135925293e+00
1762817986.427347898,9.759398102760314941e-01,1.931282579898834229e-01,1.005787253379821777e+00
1762817986.448296547,9.795340299606323242e-01,1.835008710622787476e-01,1.005410194396972656e+00
1762817986.468389034,9.830127954483032227e-01,1.736771911382675171e-01,1.004978537559509277e+00
1762817986.488422871,9.863482117652893066e-01,1.637398302555084229e-01,1.004512310028076172e+00
1762817986.508354425,9.895582795143127441e-01,1.536273658275604248e-01,1.004036545753479004e+00
1762817986.528432131,9.926275014877319336e-01,1.433738470077514648e-01,1.003582596778869629e+00
1762817986.548395395,9.955461621284484863e-01,1.329872757196426392e-01,1.003184676170349121e+00
1762817986.568327904,9.983060359954833984e-01,1.224746853113174438e-01,1.002875566482543945e+00
1762817986.587418318,1.000925183296203613e+00,1.117317304015159607e-01,1.002676010131835938e+00
1762817986.607444763,1.003326892852783203e+00,1.011111140251159668e-01,1.002592682838439941e+00
1762817986.627347708,1.005583286285400391e+00,9.029672294855117798e-02,1.002607703208923340e+00
1762817986.647357941,1.007667064666748047e+00,7.939318567514419556e-02,1.002689838409423828e+00
1762817986.667377472,1.009581089019775391e+00,6.841612607240676880e-02,1.002795577049255371e+00
1762817986.687558889,1.011330485343933105e+00,5.737433582544326782e-02,1.002882719039916992e+00
1762817986.707412004,1.012729048728942871e+00,4.742403700947761536e-02,1.002930641174316406e+00
1762817986.727400064,1.014173388481140137e+00,3.627629950642585754e-02,1.002905607223510742e+00
1762817986.749361277,1.015631914138793945e+00,2.380178682506084442e-02,1.002795219421386719e+00
1762817986.767376184,1.016597867012023926e+00,1.378834433853626251e-02,1.002682089805603027e+00
1762817986.787405014,1.017575621604919434e+00,2.586377551779150963e-03,1.002542853355407715e+00
1762817986.807352543,1.018409729003906250e+00,-8.719054982066154480e-03,1.002430677413940430e+00
1762817986.827348948,1.019092082977294922e+00,-2.006999589502811432e-02,1.002388238906860352e+00
1762817986.847358942,1.019629001617431641e+00,-3.146056458353996277e-02,1.002423524856567383e+00
1762817986.867393017,1.020025253295898438e+00,-4.288887605071067810e-02,1.002526164054870605e+00
1762817986.887337685,1.020284056663513184e+00,-5.435358360409736633e-02,1.002669572830200195e+00
1762817986.907333612,1.020408987998962402e+00,-6.585060060024261475e-02,1.002817511558532715e+00
1762817986.927383184,1.020403146743774414e+00,-7.737383991479873657e-02,1.002934575080871582e+00
1762817986.947587490,1.020267486572265625e+00,-8.891339600086212158e-02,1.002997279167175293e+00
1762817986.967429638,1.020001173019409180e+00,-1.004615500569343567e-01,1.003000378608703613e+00
1762817986.987332106,1.019602894783020020e+00,-1.120110452175140381e-01,1.002958059310913086e+00
1762817987.007355452,1.019071102142333984e+00,-1.235523447394371033e-01,1.002898812294006348e+00
1762817987.027357817,1.018402934074401855e+00,-1.350764334201812744e-01,1.002857565879821777e+00
1762817987.047432423,1.017594933509826660e+00,-1.465748995542526245e-01,1.002869009971618652e+00
1762817987.067352057,1.016644716262817383e+00,-1.580386310815811157e-01,1.002955555915832520e+00
1762817987.087319613,1.015550613403320312e+00,-1.694593131542205811e-01,1.003125190734863281e+00
1762817987.107483864,1.014311909675598145e+00,-1.808291971683502197e-01,1.003368020057678223e+00
1762817987.127443790,1.012928366661071777e+00,-1.921416074037551880e-01,1.003661274909973145e+00
1762817987.147323132,1.011400103569030762e+00,-2.033910453319549561e-01,1.003976345062255859e+00
1762817987.167388201,1.009727597236633301e+00,-2.145721763372421265e-01,1.004281997680664062e+00
1762817987.187448740,1.007912039756774902e+00,-2.256797403097152710e-01,1.004552960395812988e+00
1762817987.207365513,1.005954742431640625e+00,-2.367084920406341553e-01,1.004774212837219238e+00
1762817987.228417873,1.003843188285827637e+00,-2.477011829614639282e-01,1.004945278167724609e+00
1762817987.248409033,1.001617431640625000e+00,-2.585000395774841309e-01,1.005077719688415527e+00
1762817987.268388271,9.992408156394958496e-01,-2.692569792270660400e-01,1.005195736885070801e+00
1762817987.288408995,9.967238306999206543e-01,-2.799160778522491455e-01,1.005324125289916992e+00
1762817987.307321787,9.936578273773193359e-01,-2.912936210632324219e-01,1.005489945411682129e+00
1762817987.327337027,9.909799098968505859e-01,-3.012793660163879395e-01,1.005703330039978027e+00
1762817987.347403526,9.880315661430358887e-01,-3.115646839141845703e-01,1.005977153778076172e+00
1762817987.367459774,9.849386811256408691e-01,-3.217581510543823242e-01,1.006289124488830566e+00
1762817987.387395144,9.817146062850952148e-01,-3.318347334861755371e-01,1.006613850593566895e+00
1762817987.407321930,9.783637523651123047e-01,-3.417917490005493164e-01,1.006924748420715332e+00
1762817987.427412748,9.751307964324951172e-01,-3.510574102401733398e-01,1.007176518440246582e+00
1762817987.447438955,9.715729951858520508e-01,-3.607141971588134766e-01,1.007391333580017090e+00
1762817987.467468739,9.678868651390075684e-01,-3.702704906463623047e-01,1.007552266120910645e+00
1762817987.487363577,9.640862941741943359e-01,-3.796888887882232666e-01,1.007673025131225586e+00
1762817987.507411957,9.611544609069824219e-01,-3.870748281478881836e-01,1.007768034934997559e+00
1762817987.527357101,9.571980834007263184e-01,-3.961481451988220215e-01,1.007894039154052734e+00
1762817987.547346592,9.530652165412902832e-01,-4.051935076713562012e-01,1.008050680160522461e+00
1762817987.567387104,9.488059878349304199e-01,-4.141042530536651611e-01,1.008242607116699219e+00
1762817987.587449312,9.444174170494079590e-01,-4.228801727294921875e-01,1.008469581604003906e+00
1762817987.607468605,9.398959875106811523e-01,-4.315249025821685791e-01,1.008713722229003906e+00
1762817987.627385616,9.352408647537231445e-01,-4.400368928909301758e-01,1.008946537971496582e+00
1762817987.647480249,9.304522871971130371e-01,-4.484112560749053955e-01,1.009140849113464355e+00
1762817987.668395519,9.255046248435974121e-01,-4.566722810268402100e-01,1.009276390075683594e+00
1762817987.688386440,9.204797148704528809e-01,-4.647061228752136230e-01,1.009349822998046875e+00
1762817987.708438158,9.153005480766296387e-01,-4.726073443889617920e-01,1.009372115135192871e+00
1762817987.728394985,9.099939465522766113e-01,-4.803258180618286133e-01,1.009366035461425781e+00
1762817987.748298407,9.029035568237304688e-01,-4.896049797534942627e-01,1.009342312812805176e+00
1762817987.768447399,8.989108800888061523e-01,-4.952159225940704346e-01,1.009411692619323730e+00
1762817987.788410902,8.933159708976745605e-01,-5.021727681159973145e-01,1.009535193443298340e+00
1762817987.808473587,8.860775828361511230e-01,-5.102556943893432617e-01,1.009775161743164062e+00
1762817987.828352928,8.800544142723083496e-01,-5.168331861495971680e-01,1.010092258453369141e+00
1762817987.848504066,8.754849433898925781e-01,-5.219345688819885254e-01,1.010395765304565430e+00
1762817987.868600130,8.694283962249755859e-01,-5.279162526130676270e-01,1.010763287544250488e+00
1762817987.888453245,8.631833195686340332e-01,-5.337188839912414551e-01,1.011103391647338867e+00
1762817987.908614397,8.563801050186157227e-01,-5.391601920127868652e-01,1.011390447616577148e+00
1762817987.928554058,8.503898978233337402e-01,-5.445812344551086426e-01,1.011584639549255371e+00
1762817987.947460651,8.454071283340454102e-01,-5.488055944442749023e-01,1.011685371398925781e+00
1762817987.968526125,8.382463455200195312e-01,-5.539289712905883789e-01,1.011731147766113281e+00
1762817987.988521576,8.318709731101989746e-01,-5.583427548408508301e-01,1.011705875396728516e+00
1762817988.008413553,8.261314630508422852e-01,-5.618740916252136230e-01,1.011640906333923340e+00
1762817988.028478146,8.177776932716369629e-01,-5.668785572052001953e-01,1.011543869972229004e+00
1762817988.048380852,8.112370371818542480e-01,-5.701674818992614746e-01,1.011449694633483887e+00
1762817988.067397118,8.042462468147277832e-01,-5.736720561981201172e-01,1.011406302452087402e+00
1762817988.087414503,7.978530526161193848e-01,-5.767579078674316406e-01,1.011424303054809570e+00
1762817988.107450724,7.905099391937255859e-01,-5.798203349113464355e-01,1.011463284492492676e+00
1762817988.127685070,7.818929553031921387e-01,-5.828300714492797852e-01,1.011508703231811523e+00
1762817988.147325754,7.741934657096862793e-01,-5.853876471519470215e-01,1.011550903320312500e+00
1762817988.167429209,7.676092982292175293e-01,-5.875827074050903320e-01,1.011568546295166016e+00
1762817988.187386513,7.598484754562377930e-01,-5.896897912025451660e-01,1.011520624160766602e+00
1762817988.207415581,7.519182562828063965e-01,-5.915777087211608887e-01,1.011395812034606934e+00
1762817988.227426529,7.438885569572448730e-01,-5.932371616363525391e-01,1.011193156242370605e+00
1762817988.247423649,7.357627749443054199e-01,-5.946635603904724121e-01,1.010935187339782715e+00
1762817988.268366575,7.274480462074279785e-01,-5.958458185195922852e-01,1.010648369789123535e+00
1762817988.287478924,7.179720401763916016e-01,-5.963006615638732910e-01,1.010275483131408691e+00
1762817988.307353020,7.110211849212646484e-01,-5.971335172653198242e-01,1.010105729103088379e+00
1762817988.328377247,7.008930444717407227e-01,-5.977115035057067871e-01,1.009896278381347656e+00
1762817988.348449707,6.924505829811096191e-01,-5.978516340255737305e-01,1.009782552719116211e+00
1762817988.368494272,6.838169693946838379e-01,-5.977087616920471191e-01,1.009708523750305176e+00
1762817988.387380838,6.741106510162353516e-01,-5.966833233833312988e-01,1.009611129760742188e+00
1762817988.408545494,6.662841439247131348e-01,-5.965967774391174316e-01,1.009641528129577637e+00
1762817988.428400278,6.575063467025756836e-01,-5.956503152847290039e-01,1.009603619575500488e+00
1762817988.448427916,6.486095190048217773e-01,-5.944101214408874512e-01,1.009525418281555176e+00
1762817988.468451500,6.396546959877014160e-01,-5.928958058357238770e-01,1.009397745132446289e+00
1762817988.487356663,6.296169161796569824e-01,-5.903404355049133301e-01,1.009142041206359863e+00
1762817988.507342100,6.209680438041687012e-01,-5.884216427803039551e-01,1.008894085884094238e+00
1762817988.527679682,6.118686795234680176e-01,-5.860855579376220703e-01,1.008589744567871094e+00
1762817988.547312498,6.026859283447265625e-01,-5.834648013114929199e-01,1.008272767066955566e+00
1762817988.567399263,5.934488773345947266e-01,-5.805832743644714355e-01,1.007964849472045898e+00
1762817988.587484598,5.841631293296813965e-01,-5.774523019790649414e-01,1.007676362991333008e+00
1762817988.608368635,5.743849873542785645e-01,-5.738412141799926758e-01,1.007398247718811035e+00
1762817988.628347635,5.654389858245849609e-01,-5.704577565193176270e-01,1.007191777229309082e+00
1762817988.648407936,5.560405850410461426e-01,-5.666328668594360352e-01,1.006995916366577148e+00
1762817988.668412685,5.465725064277648926e-01,-5.625674128532409668e-01,1.006827950477600098e+00
1762817988.688389540,5.370593667030334473e-01,-5.582723021507263184e-01,1.006666541099548340e+00
1762817988.707288265,5.319341421127319336e-01,-5.565479993820190430e-01,1.006640791893005371e+00
1762817988.727339268,5.224599838256835938e-01,-5.519772768020629883e-01,1.006470441818237305e+00
1762817988.747438669,5.128402709960937500e-01,-5.471201539039611816e-01,1.006272196769714355e+00
1762817988.767371893,5.031682252883911133e-01,-5.420321822166442871e-01,1.006044507026672363e+00
1762817988.787461519,4.934400320053100586e-01,-5.367112755775451660e-01,1.005793809890747070e+00
1762817988.808414221,4.836465418338775635e-01,-5.311504006385803223e-01,1.005521059036254883e+00
1762817988.828612089,4.737580418586730957e-01,-5.253275632858276367e-01,1.005226850509643555e+00
1762817988.848309517,4.638473391532897949e-01,-5.192999243736267090e-01,1.004916310310363770e+00
1762817988.868430853,4.538343548774719238e-01,-5.130099058151245117e-01,1.004585146903991699e+00
1762817988.888369083,4.437431395053863525e-01,-5.064709186553955078e-01,1.004230141639709473e+00
1762817988.908325195,4.335749745368957520e-01,-4.996862113475799561e-01,1.003859162330627441e+00
1762817988.928262472,4.233338832855224609e-01,-4.926652312278747559e-01,1.003478407859802246e+00
1762817988.948469162,4.139823913574218750e-01,-4.858841896057128906e-01,1.003096818923950195e+00
1762817988.968439579,4.026489555835723877e-01,-4.779295623302459717e-01,1.002679109573364258e+00
1762817988.988423109,3.931821584701538086e-01,-4.707418084144592285e-01,1.002289175987243652e+00
1762817989.007369995,3.824599981307983398e-01,-4.626397788524627686e-01,1.001890420913696289e+00
1762817989.027344704,3.721683323383331299e-01,-4.547583758831024170e-01,1.001539111137390137e+00
1762817989.047301292,3.616166114807128906e-01,-4.464923143386840820e-01,1.001210093498229980e+00
1762817989.067343712,3.510169386863708496e-01,-4.380325973033905029e-01,1.000933885574340820e+00
1762817989.088355541,3.401452600955963135e-01,-4.291761815547943115e-01,1.000715255737304688e+00
1762817989.107378960,3.294871151447296143e-01,-4.203822016716003418e-01,1.000578880310058594e+00
1762817989.127474785,3.190639019012451172e-01,-4.116881787776947021e-01,1.000512957572937012e+00
1762817989.147450447,3.083843290805816650e-01,-4.026311933994293213e-01,1.000491619110107422e+00
1762817989.167366982,2.976727485656738281e-01,-3.934280574321746826e-01,1.000505924224853516e+00
1762817989.187414169,2.869416475296020508e-01,-3.840949237346649170e-01,1.000538945198059082e+00
1762817989.207346439,2.761903107166290283e-01,-3.746345043182373047e-01,1.000574231147766113e+00
1762817989.227305889,2.651201784610748291e-01,-3.647468090057373047e-01,1.000590801239013672e+00
1762817989.247352123,2.546257674694061279e-01,-3.553385734558105469e-01,1.000584244728088379e+00
1762817989.267472267,2.438292652368545532e-01,-3.455256819725036621e-01,1.000540614128112793e+00
1762817989.287523508,2.329955846071243286e-01,-3.355755209922790527e-01,1.000467538833618164e+00
1762817989.307368755,2.221390455961227417e-01,-3.255036771297454834e-01,1.000382900238037109e+00
1762817989.327350378,2.105444669723510742e-01,-3.142406344413757324e-01,1.000255942344665527e+00
1762817989.347404242,2.003543525934219360e-01,-3.049986660480499268e-01,1.000246405601501465e+00
1762817989.367608070,1.887047588825225830e-01,-2.934852838516235352e-01,1.000166893005371094e+00
1762817989.387405634,1.784734576940536499e-01,-2.840271890163421631e-01,1.000206351280212402e+00
1762817989.407400370,1.675017476081848145e-01,-2.733795046806335449e-01,1.000215411186218262e+00
1762817989.427468300,1.557844877243041992e-01,-2.615309357643127441e-01,1.000194668769836426e+00
1762817989.447492838,1.447830796241760254e-01,-2.506916522979736328e-01,1.000217437744140625e+00
1762817989.467445135,1.337748020887374878e-01,-2.397719174623489380e-01,1.000244498252868652e+00
1762817989.488508463,1.232479438185691833e-01,-2.296185642480850220e-01,1.000319361686706543e+00
1762817989.508408308,1.124843284487724304e-01,-2.188353240489959717e-01,1.000378012657165527e+00
1762817989.528426886,1.007676795125007629e-01,-2.066284120082855225e-01,1.000424385070800781e+00
1762817989.548407793,8.977113664150238037e-02,-1.954676508903503418e-01,1.000540614128112793e+00
1762817989.568516254,7.815393060445785522e-02,-1.835493892431259155e-01,1.000702023506164551e+00
1762817989.587339163,7.283921539783477783e-02,-1.787092387676239014e-01,1.000868558883666992e+00
1762817989.607464790,6.202390789985656738e-02,-1.676183193922042847e-01,1.001095414161682129e+00
1762817989.627477169,5.106871202588081360e-02,-1.563283056020736694e-01,1.001360416412353516e+00
1762817989.647460461,4.011557623744010925e-02,-1.450040340423583984e-01,1.001650452613830566e+00
1762817989.667348623,2.916517108678817749e-02,-1.336519569158554077e-01,1.001954317092895508e+00
1762817989.688452959,1.818150468170642853e-02,-1.222374364733695984e-01,1.002257108688354492e+00
1762817989.708417654,7.242073770612478256e-03,-1.108555644750595093e-01,1.002535223960876465e+00
1762817989.728299379,-3.742043627426028252e-03,-9.941191971302032471e-02,1.002766370773315430e+00
1762817989.747395277,-1.474660262465476990e-02,-8.794140070676803589e-02,1.002934098243713379e+00
1762817989.767345905,-2.579776197671890259e-02,-7.642090320587158203e-02,1.003031015396118164e+00
1762817989.787481070,-3.681190311908721924e-02,-6.495207548141479492e-02,1.003067016601562500e+00
1762817989.807931423,-4.787298291921615601e-02,-5.344558134675025940e-02,1.003064751625061035e+00
1762817989.827372789,-5.895156040787696838e-02,-4.194087907671928406e-02,1.003062009811401367e+00
1762817989.847547531,-6.899113953113555908e-02,-3.137507662177085876e-02,1.003070592880249023e+00
1762817989.867400646,-8.114007115364074707e-02,-1.898102648556232452e-02,1.003212451934814453e+00
1762817989.887467861,-9.223986417055130005e-02,-7.546650711447000504e-03,1.003417849540710449e+00
1762817989.907447577,-1.033347919583320618e-01,3.842415520921349525e-03,1.003719687461853027e+00
1762817989.927517891,-1.144195869565010071e-01,1.517661660909652710e-02,1.004108071327209473e+00
1762817989.947638988,-1.244459152221679688e-01,2.554353140294551849e-02,1.004499316215515137e+00
1762817989.967436075,-1.354909837245941162e-01,3.674427792429924011e-02,1.004983544349670410e+00
1762817989.987553120,-1.465038955211639404e-01,4.786229133605957031e-02,1.005471587181091309e+00
1762817990.007532597,-1.574781835079193115e-01,5.889019742608070374e-02,1.005939364433288574e+00
1762817990.027523518,-1.684096306562423706e-01,6.982262432575225830e-02,1.006375789642333984e+00
1762817990.047382832,-1.792953759431838989e-01,8.065525442361831665e-02,1.006782412528991699e+00
1762817990.067266703,-1.901346445083618164e-01,9.138540923595428467e-02,1.007174730300903320e+00
1762817990.087356329,-2.009276747703552246e-01,1.020109355449676514e-01,1.007569313049316406e+00
1762817990.107584000,-2.116743326187133789e-01,1.125290095806121826e-01,1.007979750633239746e+00
1762817990.128423214,-2.226171642541885376e-01,1.231923401355743408e-01,1.008421421051025391e+00
1762817990.147573471,-2.330864369869232178e-01,1.332880109548568726e-01,1.008869886398315430e+00
1762817990.167380810,-2.436255812644958496e-01,1.433907598257064819e-01,1.009334206581115723e+00
1762817990.187443256,-2.541913986206054688e-01,1.534483134746551514e-01,1.009805679321289062e+00
1762817990.207626104,-2.647169530391693115e-01,1.633844077587127686e-01,1.010264277458190918e+00
1762817990.227438450,-2.752015888690948486e-01,1.731959134340286255e-01,1.010694265365600586e+00
1762817990.247442961,-2.856500148773193359e-01,1.828846931457519531e-01,1.011085867881774902e+00
1762817990.267483950,-2.960640788078308105e-01,1.924491226673126221e-01,1.011431455612182617e+00
1762817990.287535429,-3.064442276954650879e-01,2.018862217664718628e-01,1.011729240417480469e+00
1762817990.307673693,-3.167902827262878418e-01,2.111918628215789795e-01,1.011985540390014648e+00
1762817990.328584194,-3.273329436779022217e-01,2.205849140882492065e-01,1.012216925621032715e+00
1762817990.348433971,-3.373780250549316406e-01,2.293888777494430542e-01,1.012429356575012207e+00
1762817990.368635654,-3.475970625877380371e-01,2.382522672414779663e-01,1.012650012969970703e+00
1762817990.388381481,-3.577869534492492676e-01,2.469716668128967285e-01,1.012891769409179688e+00
1762817990.408367872,-3.679311275482177734e-01,2.555241882801055908e-01,1.013165593147277832e+00
1762817990.428559542,-3.786607384681701660e-01,2.646925747394561768e-01,1.013473033905029297e+00
1762817990.448396683,-3.880695998668670654e-01,2.720957100391387939e-01,1.013825178146362305e+00
1762817990.468561888,-3.968778252601623535e-01,2.790645062923431396e-01,1.014162302017211914e+00
1762817990.488690615,-4.084298610687255859e-01,2.885047495365142822e-01,1.014601945877075195e+00
1762817990.508493662,-4.189985990524291992e-01,2.967049181461334229e-01,1.015027046203613281e+00
1762817990.528567791,-4.282552599906921387e-01,3.036375045776367188e-01,1.015385508537292480e+00
1762817990.548531532,-4.379711151123046875e-01,3.108151853084564209e-01,1.015723228454589844e+00
1762817990.568449259,-4.476596713066101074e-01,3.178178369998931885e-01,1.016016960144042969e+00
1762817990.587656975,-4.577293395996093750e-01,3.249582350254058838e-01,1.016268014907836914e+00
1762817990.607332230,-4.668506681919097900e-01,3.311956524848937988e-01,1.016448736190795898e+00
1762817990.627411842,-4.763188660144805908e-01,3.375459611415863037e-01,1.016607165336608887e+00
1762817990.647543907,-4.857479035854339600e-01,3.437035977840423584e-01,1.016756176948547363e+00
1762817990.667517185,-4.951140582561492920e-01,3.496562838554382324e-01,1.016904473304748535e+00
1762817990.687394381,-5.022195577621459961e-01,3.538816869258880615e-01,1.017036199569702148e+00
1762817990.707475185,-5.113297104835510254e-01,3.593760728836059570e-01,1.017192006111145020e+00
1762817990.727543831,-5.221039056777954102e-01,3.658020198345184326e-01,1.017360091209411621e+00
1762817990.747328281,-5.297508239746093750e-01,3.700214624404907227e-01,1.017469525337219238e+00
1762817990.768342018,-5.407232046127319336e-01,3.761696219444274902e-01,1.017582535743713379e+00
1762817990.787657976,-5.460019111633300781e-01,3.786914944648742676e-01,1.017629742622375488e+00
1762817990.807454109,-5.549569725990295410e-01,3.832983076572418213e-01,1.017669796943664551e+00
1762817990.828426361,-5.640584230422973633e-01,3.878115117549896240e-01,1.017667531967163086e+00
1762817990.849510908,-5.729381442070007324e-01,3.920173645019531250e-01,1.017614960670471191e+00
1762817990.867389441,-5.812659263610839844e-01,3.959038555622100830e-01,1.017519593238830566e+00
1762817990.887401581,-5.898951888084411621e-01,3.996098637580871582e-01,1.017386198043823242e+00
1762817990.907417297,-5.987542271614074707e-01,4.032258689403533936e-01,1.017228603363037109e+00
1762817990.927357912,-6.075895428657531738e-01,4.066065847873687744e-01,1.017084479331970215e+00
1762817990.947581768,-6.163795590400695801e-01,4.097422361373901367e-01,1.016973495483398438e+00
1762817990.968376398,-6.251616477966308594e-01,4.126433134078979492e-01,1.016912460327148438e+00
1762817990.988301516,-6.338020563125610352e-01,4.152622222900390625e-01,1.016899108886718750e+00
1762817991.008367777,-6.424250006675720215e-01,4.176468551158905029e-01,1.016918540000915527e+00
1762817991.028404951,-6.509817838668823242e-01,4.197774827480316162e-01,1.016948699951171875e+00
1762817991.048380852,-6.594614386558532715e-01,4.216531217098236084e-01,1.016967535018920898e+00
1762817991.068392277,-6.678571701049804688e-01,4.232732951641082764e-01,1.016964554786682129e+00
1762817991.088473320,-6.761595010757446289e-01,4.246290922164916992e-01,1.016927123069763184e+00
1762817991.108395338,-6.843570470809936523e-01,4.257141947746276855e-01,1.016849279403686523e+00
1762817991.128361702,-6.926547884941101074e-01,4.265525043010711670e-01,1.016730546951293945e+00
1762817991.147317410,-7.025902271270751953e-01,4.273017048835754395e-01,1.016555905342102051e+00
1762817991.167393684,-7.106175422668457031e-01,4.275026917457580566e-01,1.016414046287536621e+00
1762817991.187488794,-7.165104150772094727e-01,4.273198843002319336e-01,1.016328930854797363e+00
1762817991.208507061,-7.257966995239257812e-01,4.270325899124145508e-01,1.016219615936279297e+00
1762817991.228346825,-7.332550287246704102e-01,4.264251291751861572e-01,1.016155600547790527e+00
1762817991.248287678,-7.405720949172973633e-01,4.255733191967010498e-01,1.016090631484985352e+00
1762817991.268395662,-7.461070418357849121e-01,4.246417284011840820e-01,1.016031742095947266e+00
1762817991.288474083,-7.543225884437561035e-01,4.232080280780792236e-01,1.015906453132629395e+00
1762817991.308439493,-7.618038058280944824e-01,4.215864837169647217e-01,1.015716075897216797e+00
1762817991.327400923,-7.641419172286987305e-01,4.208270907402038574e-01,1.015615224838256836e+00
1762817991.347550631,-7.717618346214294434e-01,4.187820851802825928e-01,1.015310168266296387e+00
1762817991.367532492,-7.785398364067077637e-01,4.166490137577056885e-01,1.014977455139160156e+00
1762817991.387367725,-7.852197885513305664e-01,4.142779409885406494e-01,1.014609813690185547e+00
1762817991.407375097,-7.918186187744140625e-01,4.116645455360412598e-01,1.014229655265808105e+00
1762817991.427377224,-7.974178791046142578e-01,4.091648459434509277e-01,1.013913273811340332e+00
1762817991.447337389,-8.047207593917846680e-01,4.057258665561676025e-01,1.013506054878234863e+00
1762817991.467448950,-8.102496266365051270e-01,4.027818441390991211e-01,1.013223052024841309e+00
1762817991.487392187,-8.166768550872802734e-01,3.991566300392150879e-01,1.012903213500976562e+00
1762817991.507342815,-8.227407932281494141e-01,3.954344987869262695e-01,1.012613177299499512e+00
1762817991.527542353,-8.288863301277160645e-01,3.913878798484802246e-01,1.012315988540649414e+00
1762817991.547441959,-8.349629640579223633e-01,3.870935142040252686e-01,1.012004256248474121e+00
1762817991.567500353,-8.409613966941833496e-01,3.825577199459075928e-01,1.011668562889099121e+00
1762817991.587334871,-8.468791842460632324e-01,3.777827024459838867e-01,1.011304020881652832e+00
1762817991.608381748,-8.527126312255859375e-01,3.727713525295257568e-01,1.010912179946899414e+00
1762817991.628569841,-8.584694266319274902e-01,3.675144016742706299e-01,1.010499596595764160e+00
1762817991.648395777,-8.641024827957153320e-01,3.620548248291015625e-01,1.010081887245178223e+00
1762817991.668458939,-8.696475028991699219e-01,3.563621938228607178e-01,1.009669780731201172e+00
1762817991.688262224,-8.750841617584228516e-01,3.504523336887359619e-01,1.009276986122131348e+00
1762817991.708458185,-8.804036974906921387e-01,3.443258404731750488e-01,1.008913278579711914e+00
1762817991.727369308,-8.856554627418518066e-01,3.379178941249847412e-01,1.008582234382629395e+00
1762817991.747452736,-8.906683325767517090e-01,3.314321935176849365e-01,1.008295059204101562e+00
1762817991.767384529,-8.955996036529541016e-01,3.246810138225555420e-01,1.008034706115722656e+00
1762817991.788336992,-9.004492759704589844e-01,3.176541626453399658e-01,1.007789611816406250e+00
1762817991.807497978,-9.046145677566528320e-01,3.113067150115966797e-01,1.007580637931823730e+00
1762817991.827442408,-9.101006388664245605e-01,3.024651110172271729e-01,1.007277727127075195e+00
1762817991.847421408,-9.140371084213256836e-01,2.957513928413391113e-01,1.007031440734863281e+00
1762817991.867455006,-9.183004498481750488e-01,2.881552875041961670e-01,1.006742596626281738e+00
1762817991.888476372,-9.226101636886596680e-01,2.801100909709930420e-01,1.006433129310607910e+00
1762817991.908601522,-9.265453219413757324e-01,2.723973691463470459e-01,1.006137967109680176e+00
1762817991.927418470,-9.310555458068847656e-01,2.631559371948242188e-01,1.005803227424621582e+00
1762817991.947539091,-9.350684881210327148e-01,2.545138597488403320e-01,1.005517840385437012e+00
1762817991.967409849,-9.386528134346008301e-01,2.464094161987304688e-01,1.005277276039123535e+00
1762817991.988482952,-9.425969719886779785e-01,2.370743155479431152e-01,1.005037069320678711e+00
1762817992.008457422,-9.458347558975219727e-01,2.290455251932144165e-01,1.004843354225158691e+00
1762817992.028519392,-9.494096040725708008e-01,2.197766900062561035e-01,1.004635810852050781e+00
1762817992.048554897,-9.527516365051269531e-01,2.107129991054534912e-01,1.004426002502441406e+00
1762817992.068526745,-9.559910893440246582e-01,2.015032619237899780e-01,1.004198312759399414e+00
1762817992.087277174,-9.577790498733520508e-01,1.962585002183914185e-01,1.004047393798828125e+00
1762817992.107384920,-9.621458053588867188e-01,1.826495230197906494e-01,1.003681063652038574e+00
1762817992.127413511,-9.650467634201049805e-01,1.730526387691497803e-01,1.003405690193176270e+00
1762817992.147525311,-9.678388833999633789e-01,1.633077114820480347e-01,1.003146290779113770e+00
1762817992.167507172,-9.705169200897216797e-01,1.534443646669387817e-01,1.002926230430603027e+00
1762817992.187381744,-9.730800390243530273e-01,1.434753388166427612e-01,1.002753973007202148e+00
1762817992.207346201,-9.755278825759887695e-01,1.334127187728881836e-01,1.002632021903991699e+00
1762817992.228441000,-9.778190851211547852e-01,1.234299242496490479e-01,1.002558112144470215e+00
1762817992.248542786,-9.800625443458557129e-01,1.130983904004096985e-01,1.002515554428100586e+00
1762817992.268398285,-9.821686744689941406e-01,1.027956902980804443e-01,1.002498149871826172e+00
1762817992.288415194,-9.841579198837280273e-01,9.243525564670562744e-02,1.002496838569641113e+00
1762817992.308533907,-9.852738976478576660e-01,8.657176792621612549e-02,1.002478837966918945e+00
1762817992.328491211,-9.874255061149597168e-01,7.386632263660430908e-02,1.002480268478393555e+00
1762817992.348333597,-9.893950223922729492e-01,6.115298718214035034e-02,1.002465248107910156e+00
1762817992.368438721,-9.905624389648437500e-01,5.333849787712097168e-02,1.002428412437438965e+00
1762817992.388597488,-9.923236966133117676e-01,3.993838652968406677e-02,1.002390146255493164e+00
1762817992.407383204,-9.929982423782348633e-01,3.482043743133544922e-02,1.002368807792663574e+00
1762817992.427447319,-9.941324591636657715e-01,2.515120431780815125e-02,1.002343893051147461e+00
1762817992.447489500,-9.952329397201538086e-01,1.473447959870100021e-02,1.002328157424926758e+00
1762817992.467445135,-9.962583184242248535e-01,3.854709910228848457e-03,1.002318382263183594e+00
1762817992.487599373,-9.972417950630187988e-01,-8.300618268549442291e-03,1.002315044403076172e+00
1762817992.507493019,-9.980260729789733887e-01,-1.941787265241146088e-02,1.002310037612915039e+00
1762817992.528472185,-9.987916350364685059e-01,-3.203469887375831604e-02,1.002292394638061523e+00
1762817992.547396898,-9.992462992668151855e-01,-4.230407997965812683e-02,1.002269506454467773e+00
1762817992.567474604,-9.996625185012817383e-01,-5.337539687752723694e-02,1.002219200134277344e+00
1762817992.587468624,-9.999658465385437012e-01,-6.471459567546844482e-02,1.002143740653991699e+00
1762817992.607361317,-1.000146985054016113e+00,-7.611435651779174805e-02,1.002051949501037598e+00
1762817992.627388239,-1.000232458114624023e+00,-8.630698174238204956e-02,1.001973628997802734e+00
1762817992.648351192,-1.000147104263305664e+00,-9.896051138639450073e-02,1.001899719238281250e+00
1762817992.668750763,-9.999697804450988770e-01,-1.104351207613945007e-01,1.001881957054138184e+00
1762817992.688305855,-9.996762871742248535e-01,-1.218848079442977905e-01,1.001929879188537598e+00
1762817992.708462954,-9.992683529853820801e-01,-1.333130151033401489e-01,1.002058744430541992e+00
1762817992.728331566,-9.987475275993347168e-01,-1.447086483240127563e-01,1.002266407012939453e+00
1762817992.748331070,-9.982205629348754883e-01,-1.548306643962860107e-01,1.002503633499145508e+00
1762817992.768424988,-9.974963068962097168e-01,-1.660452187061309814e-01,1.002806544303894043e+00
1762817992.788337469,-9.966580867767333984e-01,-1.772674471139907837e-01,1.003137588500976562e+00
1762817992.808457613,-9.957095384597778320e-01,-1.884173750877380371e-01,1.003477096557617188e+00
1762817992.828359604,-9.944937229156494141e-01,-2.006552666425704956e-01,1.003847837448120117e+00
1762817992.848336697,-9.932988286018371582e-01,-2.117122858762741089e-01,1.004149794578552246e+00
1762817992.868443489,-9.922288060188293457e-01,-2.211771756410598755e-01,1.004376292228698730e+00
1762817992.888477802,-9.908511638641357422e-01,-2.319286316633224487e-01,1.004622817039489746e+00
1762817992.908468962,-9.893469214439392090e-01,-2.426857650279998779e-01,1.004851102828979492e+00
1762817992.928371668,-9.877288937568664551e-01,-2.533653080463409424e-01,1.005065441131591797e+00
1762817992.947597265,-9.861204028129577637e-01,-2.628118395805358887e-01,1.005248785018920898e+00
1762817992.967435598,-9.842894673347473145e-01,-2.732816934585571289e-01,1.005450248718261719e+00
1762817992.987358332,-9.823316335678100586e-01,-2.837163507938385010e-01,1.005658149719238281e+00
1762817993.007591724,-9.802575707435607910e-01,-2.940656542778015137e-01,1.005872607231140137e+00
1762817993.027619123,-9.780691266059875488e-01,-3.043235540390014648e-01,1.006093382835388184e+00
1762817993.047341585,-9.757671356201171875e-01,-3.144887983798980713e-01,1.006318807601928711e+00
1762817993.068463564,-9.725881814956665039e-01,-3.270510137081146240e-01,1.006599307060241699e+00
1762817993.088409662,-9.707860946655273438e-01,-3.346419036388397217e-01,1.006768584251403809e+00
1762817993.108335972,-9.681948423385620117e-01,-3.443401157855987549e-01,1.006981015205383301e+00
1762817993.128418446,-9.654523134231567383e-01,-3.540529310703277588e-01,1.007195711135864258e+00
1762817993.148507833,-9.625961184501647949e-01,-3.636344075202941895e-01,1.007417440414428711e+00
1762817993.167347193,-9.594124555587768555e-01,-3.736215829849243164e-01,1.007665634155273438e+00
1762817993.187424183,-9.565430879592895508e-01,-3.823495805263519287e-01,1.007904529571533203e+00
1762817993.207364798,-9.533619284629821777e-01,-3.914303183555603027e-01,1.008176684379577637e+00
1762817993.227319717,-9.500555992126464844e-01,-4.003746211528778076e-01,1.008468508720397949e+00
1762817993.247372866,-9.466394186019897461e-01,-4.091555178165435791e-01,1.008769392967224121e+00
1762817993.267431021,-9.431160688400268555e-01,-4.177749156951904297e-01,1.009065151214599609e+00
1762817993.288303375,-9.393991827964782715e-01,-4.263934791088104248e-01,1.009345173835754395e+00
1762817993.308415890,-9.357513189315795898e-01,-4.345316290855407715e-01,1.009581089019775391e+00
1762817993.328455448,-9.319224357604980469e-01,-4.426541924476623535e-01,1.009780526161193848e+00
1762817993.348329544,-9.279896020889282227e-01,-4.506171941757202148e-01,1.009943008422851562e+00
1762817993.368380070,-9.239575266838073730e-01,-4.584077596664428711e-01,1.010078907012939453e+00
1762817993.387426853,-9.197237491607666016e-01,-4.661563336849212646e-01,1.010202646255493164e+00
1762817993.407421589,-9.152341485023498535e-01,-4.734918773174285889e-01,1.010314226150512695e+00
1762817993.427551746,-9.109016060829162598e-01,-4.806882441043853760e-01,1.010471582412719727e+00
1762817993.447448969,-9.064554572105407715e-01,-4.876981079578399658e-01,1.010660767555236816e+00
1762817993.468302011,-9.009065032005310059e-01,-4.960366189479827881e-01,1.010925650596618652e+00
1762817993.488435984,-8.971214294433593750e-01,-5.012720227241516113e-01,1.011102318763732910e+00
1762817993.508461475,-8.929204344749450684e-01,-5.075157284736633301e-01,1.011312603950500488e+00
1762817993.528468609,-8.881015777587890625e-01,-5.137271285057067871e-01,1.011492609977722168e+00
1762817993.548350096,-8.831894397735595703e-01,-5.197376608848571777e-01,1.011645197868347168e+00
1762817993.568372488,-8.802560567855834961e-01,-5.234191417694091797e-01,1.011729598045349121e+00
1762817993.587362051,-8.751929402351379395e-01,-5.291016101837158203e-01,1.011828303337097168e+00
1762817993.607382298,-8.700138926506042480e-01,-5.345804691314697266e-01,1.011897802352905273e+00
1762817993.627401114,-8.647615313529968262e-01,-5.398274660110473633e-01,1.011948108673095703e+00
1762817993.647478104,-8.593898415565490723e-01,-5.448792576789855957e-01,1.011983752250671387e+00
1762817993.667354584,-8.539054989814758301e-01,-5.497221350669860840e-01,1.012009859085083008e+00
1762817993.687412739,-8.483062982559204102e-01,-5.543506741523742676e-01,1.012031078338623047e+00
1762817993.707381964,-8.425891995429992676e-01,-5.587621927261352539e-01,1.012047052383422852e+00
1762817993.727429152,-8.367534875869750977e-01,-5.629531741142272949e-01,1.012056350708007812e+00
1762817993.747366190,-8.308004140853881836e-01,-5.669203996658325195e-01,1.012057185173034668e+00
1762817993.767324686,-8.247321248054504395e-01,-5.706611275672912598e-01,1.012047052383422852e+00
1762817993.787354946,-8.185518980026245117e-01,-5.741727948188781738e-01,1.012025117874145508e+00
1762817993.808398962,-8.122470378875732422e-01,-5.774565935134887695e-01,1.011990666389465332e+00
1762817993.828350544,-8.058721423149108887e-01,-5.804980397224426270e-01,1.011944770812988281e+00
1762817993.848458767,-7.993810176849365234e-01,-5.833101272583007812e-01,1.011888265609741211e+00
1762817993.867358923,-7.927169203758239746e-01,-5.858995914459228516e-01,1.011822700500488281e+00
1762817993.887462378,-7.867136001586914062e-01,-5.878059864044189453e-01,1.011746048927307129e+00
1762817993.907362223,-7.793523073196411133e-01,-5.903339982032775879e-01,1.011683225631713867e+00
1762817993.927509069,-7.725012898445129395e-01,-5.922076702117919922e-01,1.011608839035034180e+00
1762817993.947482109,-7.655664682388305664e-01,-5.938491225242614746e-01,1.011530995368957520e+00
1762817993.967487812,-7.591668367385864258e-01,-5.949258208274841309e-01,1.011403918266296387e+00
1762817993.987434626,-7.520096898078918457e-01,-5.961491465568542480e-01,1.010854959487915039e+00
1762817994.007431746,-7.443707585334777832e-01,-5.975363850593566895e-01,1.009273767471313477e+00
1762817994.027538776,-7.383863925933837891e-01,-5.982218980789184570e-01,1.007276058197021484e+00
1762817994.047526360,-7.320638298988342285e-01,-5.995189547538757324e-01,1.004387617111206055e+00
1762817994.067429543,-7.276483178138732910e-01,-6.002330780029296875e-01,1.002458453178405762e+00
1762817994.087277651,-7.242932915687561035e-01,-6.014066338539123535e-01,1.002055525779724121e+00
1762817994.107433558,-7.226097583770751953e-01,-6.028096079826354980e-01,1.003908514976501465e+00
1762817994.127399921,-7.224954962730407715e-01,-6.044766902923583984e-01,1.007898449897766113e+00
1762817994.147437811,-7.236341238021850586e-01,-6.063981652259826660e-01,1.013350486755371094e+00
1762817994.167406321,-7.256091833114624023e-01,-6.085221171379089355e-01,1.019126176834106445e+00
1762817994.189496756,-7.281239032745361328e-01,-6.108081936836242676e-01,1.023959636688232422e+00
1762817994.207374096,-7.307314872741699219e-01,-6.131388545036315918e-01,1.026256799697875977e+00
1762817994.227415800,-7.334395647048950195e-01,-6.155311465263366699e-01,1.025519013404846191e+00
1762817994.247512102,-7.362053394317626953e-01,-6.179717183113098145e-01,1.021513104438781738e+00
1762817994.267301083,-7.390150427818298340e-01,-6.204590797424316406e-01,1.014891743659973145e+00
1762817994.288352013,-7.419141530990600586e-01,-6.230135560035705566e-01,1.006914854049682617e+00
1762817994.308438778,-7.444875836372375488e-01,-6.254460811614990234e-01,9.999801516532897949e-01
1762817994.327453613,-7.467398643493652344e-01,-6.277076005935668945e-01,9.951352477073669434e-01
1762817994.347430944,-7.483520507812500000e-01,-6.296062469482421875e-01,9.934339523315429688e-01
1762817994.367452145,-7.492764592170715332e-01,-6.310631036758422852e-01,9.951133131980895996e-01
1762817994.387401104,-7.495949864387512207e-01,-6.320931911468505859e-01,9.995252490043640137e-01
1762817994.407475471,-7.497019171714782715e-01,-6.325062513351440430e-01,1.005845904350280762e+00
1762817994.427331448,-7.491289973258972168e-01,-6.332857012748718262e-01,1.011252880096435547e+00
1762817994.447524071,-7.486491799354553223e-01,-6.336790323257446289e-01,1.015425682067871094e+00
1762817994.467485428,-7.481194138526916504e-01,-6.340416669845581055e-01,1.016917347908020020e+00
1762817994.487396717,-7.475615739822387695e-01,-6.343950629234313965e-01,1.015369534492492676e+00
1762817994.507537365,-7.470228075981140137e-01,-6.343783140182495117e-01,1.011209130287170410e+00
1762817994.527435541,-7.463830113410949707e-01,-6.346638798713684082e-01,1.005086064338684082e+00
1762817994.547384501,-7.457504272460937500e-01,-6.348736882209777832e-01,9.989356398582458496e-01
1762817994.567458630,-7.452060580253601074e-01,-6.350212693214416504e-01,9.941404461860656738e-01
1762817994.587489605,-7.448453307151794434e-01,-6.351502537727355957e-01,9.916095733642578125e-01
1762817994.607348442,-7.447310090065002441e-01,-6.353130936622619629e-01,9.915570616722106934e-01
1762817994.627336740,-7.448618412017822266e-01,-6.355444192886352539e-01,9.935513138771057129e-01
1762817994.647410870,-7.452370524406433105e-01,-6.358087062835693359e-01,9.969711303710937500e-01
1762817994.668295145,-7.453570365905761719e-01,-6.365799307823181152e-01,9.985830187797546387e-01
1762817994.688415766,-7.459546327590942383e-01,-6.369253396987915039e-01,1.001503586769104004e+00
1762817994.708478928,-7.465533018112182617e-01,-6.373912692070007324e-01,1.002618789672851562e+00
1762817994.728336334,-7.470816969871520996e-01,-6.379687190055847168e-01,1.001743912696838379e+00
1762817994.748380661,-7.477378845214843750e-01,-6.385205388069152832e-01,9.990010857582092285e-01
1762817994.768417120,-7.484207749366760254e-01,-6.391049623489379883e-01,9.943938851356506348e-01
1762817994.788326979,-7.491195797920227051e-01,-6.397169828414916992e-01,9.887676239013671875e-01
1762817994.807430267,-7.499380111694335938e-01,-6.402869820594787598e-01,9.823173880577087402e-01
1762817994.828483820,-7.506724596023559570e-01,-6.408489942550659180e-01,9.770752191543579102e-01
1762817994.848361969,-7.511801123619079590e-01,-6.414272785186767578e-01,9.744201898574829102e-01
1762817994.868379593,-7.517300248146057129e-01,-6.418698430061340332e-01,9.730665087699890137e-01
1762817994.888591290,-7.523428797721862793e-01,-6.421058773994445801e-01,9.734247326850891113e-01
1762817994.907335520,-7.528403997421264648e-01,-6.422616839408874512e-01,9.753452539443969727e-01
1762817994.927381516,-7.532089948654174805e-01,-6.424255967140197754e-01,9.775717854499816895e-01
1762817994.947337389,-7.535479664802551270e-01,-6.423871517181396484e-01,9.793713688850402832e-01
1762817994.967401028,-7.538883090019226074e-01,-6.424473524093627930e-01,9.802652001380920410e-01
1762817994.988420486,-7.542477250099182129e-01,-6.425946950912475586e-01,9.788781404495239258e-01
1762817995.007378101,-7.545888423919677734e-01,-6.425712704658508301e-01,9.754277467727661133e-01
1762817995.027368307,-7.549407482147216797e-01,-6.423001289367675781e-01,9.702523946762084961e-01
1762817995.047343969,-7.552070617675781250e-01,-6.423277854919433594e-01,9.640817642211914062e-01
1762817995.067491055,-7.554585933685302734e-01,-6.423273086547851562e-01,9.582171440124511719e-01
1762817995.087352037,-7.557044029235839844e-01,-6.423006653785705566e-01,9.535467624664306641e-01
1762817995.107301474,-7.559564113616943359e-01,-6.422574520111083984e-01,9.505113959312438965e-01
1762817995.127478361,-7.561224699020385742e-01,-6.424810290336608887e-01,9.495805501937866211e-01
1762817995.147373915,-7.564728856086730957e-01,-6.422559618949890137e-01,9.488079547882080078e-01
1762817995.167342901,-7.567722797393798828e-01,-6.422145366668701172e-01,9.488659501075744629e-01
1762817995.187679768,-7.569953799247741699e-01,-6.423950791358947754e-01,9.486932754516601562e-01
1762817995.207346439,-7.572723627090454102e-01,-6.424696445465087891e-01,9.477750658988952637e-01
1762817995.227376699,-7.575799226760864258e-01,-6.424959301948547363e-01,9.456483721733093262e-01
1762817995.247353792,-7.578874230384826660e-01,-6.425399184226989746e-01,9.420588612556457520e-01
1762817995.267376184,-7.581900954246520996e-01,-6.426028013229370117e-01,9.371128678321838379e-01
1762817995.287372589,-7.584855556488037109e-01,-6.426773667335510254e-01,9.312707781791687012e-01
1762817995.307427406,-7.587723135948181152e-01,-6.427530646324157715e-01,9.251680374145507812e-01
1762817995.327334642,-7.590503096580505371e-01,-6.428178548812866211e-01,9.194275140762329102e-01
1762817995.348346710,-7.593300938606262207e-01,-6.428404450416564941e-01,9.143747091293334961e-01
1762817995.368579149,-7.595872879028320312e-01,-6.428805589675903320e-01,9.104907512664794922e-01
1762817995.387350559,-7.599619626998901367e-01,-6.425791382789611816e-01,9.063626527786254883e-01
1762817995.407425880,-7.602341771125793457e-01,-6.425157189369201660e-01,9.037909507751464844e-01
1762817995.427405357,-7.603756189346313477e-01,-6.427949070930480957e-01,9.021062254905700684e-01
1762817995.447446108,-7.606452703475952148e-01,-6.427084207534790039e-01,8.991763591766357422e-01
1762817995.468451500,-7.609788179397583008e-01,-6.424190402030944824e-01,8.947854042053222656e-01
1762817995.488529682,-7.611206769943237305e-01,-6.426784396171569824e-01,8.911089897155761719e-01
1762817995.508339643,-7.613686323165893555e-01,-6.426121592521667480e-01,8.852682709693908691e-01
1762817995.528509617,-7.615737318992614746e-01,-6.426520943641662598e-01,8.790276050567626953e-01
1762817995.548494339,-7.617869377136230469e-01,-6.426423192024230957e-01,8.719498515129089355e-01
1762817995.568492889,-7.619907855987548828e-01,-6.426281332969665527e-01,8.647314310073852539e-01
1762817995.587431192,-7.620951533317565918e-01,-6.427578330039978027e-01,8.605193495750427246e-01
1762817995.607467890,-7.623267769813537598e-01,-6.425915956497192383e-01,8.530153036117553711e-01
1762817995.627404451,-7.624820470809936523e-01,-6.426636576652526855e-01,8.478765487670898438e-01
1762817995.647395611,-7.626579403877258301e-01,-6.426491737365722656e-01,8.428707718849182129e-01
1762817995.667383909,-7.628444433212280273e-01,-6.425892114639282227e-01,8.381595611572265625e-01
1762817995.687483549,-7.630329132080078125e-01,-6.425216794013977051e-01,8.336711525917053223e-01
1762817995.707368851,-7.632221579551696777e-01,-6.424535512924194336e-01,8.290671110153198242e-01
1762817995.727491140,-7.634109258651733398e-01,-6.423890590667724609e-01,8.239918351173400879e-01
1762817995.747346640,-7.635974884033203125e-01,-6.423312425613403320e-01,8.181691765785217285e-01
1762817995.767412663,-7.637801170349121094e-01,-6.422817707061767578e-01,8.114596009254455566e-01
1762817995.789445162,-7.640857696533203125e-01,-6.417465209960937500e-01,8.003072738647460938e-01
1762817995.808580875,-7.641277313232421875e-01,-6.422058939933776855e-01,7.957308292388916016e-01
1762817995.828486681,-7.642915844917297363e-01,-6.421722769737243652e-01,7.872193455696105957e-01
1762817995.848490953,-7.644473910331726074e-01,-6.421444416046142578e-01,7.787274122238159180e-01
1762817995.868381739,-7.645980715751647949e-01,-6.421106457710266113e-01,7.705811858177185059e-01
1762817995.887300491,-7.647475004196166992e-01,-6.420599222183227539e-01,7.629235982894897461e-01
1762817995.907324791,-7.648891806602478027e-01,-6.420262455940246582e-01,7.560969591140747070e-01
1762817995.927462339,-7.650326490402221680e-01,-6.419766545295715332e-01,7.497985959053039551e-01
1762817995.947344542,-7.651761770248413086e-01,-6.419242024421691895e-01,7.438564300537109375e-01
1762817995.967496872,-7.653193473815917969e-01,-6.418728828430175781e-01,7.379402518272399902e-01
1762817995.987468719,-7.654612660408020020e-01,-6.418262720108032227e-01,7.317083477973937988e-01
1762817996.007533550,-7.656006813049316406e-01,-6.417870521545410156e-01,7.248765230178833008e-01
1762817996.027469635,-7.657361626625061035e-01,-6.417568922042846680e-01,7.172769308090209961e-01
1762817996.047438860,-7.658665776252746582e-01,-6.417357325553894043e-01,7.089089155197143555e-01
1762817996.067581654,-7.659910917282104492e-01,-6.417213082313537598e-01,6.999627947807312012e-01
1762817996.087413788,-7.661132812500000000e-01,-6.415569782257080078e-01,6.916399598121643066e-01
1762817996.107458353,-7.662225961685180664e-01,-6.416981816291809082e-01,6.816267371177673340e-01
1762817996.127642870,-7.663363814353942871e-01,-6.415298581123352051e-01,6.736492514610290527e-01
1762817996.147362471,-7.664443850517272949e-01,-6.415081620216369629e-01,6.653801202774047852e-01
1762817996.167484999,-7.665486335754394531e-01,-6.416295170783996582e-01,6.569675803184509277e-01
1762817996.187382221,-7.666629552841186523e-01,-6.414448618888854980e-01,6.503868699073791504e-01
1762817996.207380056,-7.667727470397949219e-01,-6.414176225662231445e-01,6.433908939361572266e-01
1762817996.227496624,-7.668845057487487793e-01,-6.413867473602294922e-01,6.363247036933898926e-01
1762817996.247409821,-7.669958472251892090e-01,-6.413604021072387695e-01,6.289470791816711426e-01
1762817996.267324686,-7.671052217483520508e-01,-6.413406133651733398e-01,6.210488080978393555e-01
1762817996.287346601,-7.672114968299865723e-01,-6.413282752037048340e-01,6.125409007072448730e-01
1762817996.307474375,-7.673138380050659180e-01,-6.413223147392272949e-01,6.034833788871765137e-01
1762817996.327362537,-7.674117088317871094e-01,-6.413203477859497070e-01,5.940827727317810059e-01
1762817996.347383976,-7.675052285194396973e-01,-6.413190364837646484e-01,5.846197009086608887e-01
1762817996.367513418,-7.675954699516296387e-01,-6.413151025772094727e-01,5.753725767135620117e-01
1762817996.387416124,-7.676839828491210938e-01,-6.413062810897827148e-01,5.665405988693237305e-01
1762817996.407328129,-7.677721977233886719e-01,-6.412916183471679688e-01,5.581985116004943848e-01
1762817996.427396059,-7.678611874580383301e-01,-6.412720680236816406e-01,5.503004193305969238e-01
1762817996.447490215,-7.679514884948730469e-01,-6.412492394447326660e-01,5.427227616310119629e-01
1762817996.467385292,-7.680428624153137207e-01,-6.412255167961120605e-01,5.352842807769775391e-01
1762817996.487349272,-7.681345343589782715e-01,-6.412032842636108398e-01,5.277837514877319336e-01
1762817996.507297993,-7.682250738143920898e-01,-6.411842107772827148e-01,5.200446248054504395e-01
1762817996.527364016,-7.683136463165283203e-01,-6.411695480346679688e-01,5.119544863700866699e-01
1762817996.547447443,-7.683779001235961914e-01,-6.412788033485412598e-01,5.044564604759216309e-01
1762817996.567440033,-7.684748172760009766e-01,-6.411915421485900879e-01,4.950865507125854492e-01
1762817996.587358713,-7.685953974723815918e-01,-6.408319473266601562e-01,4.855220615863800049e-01
1762817996.607336760,-7.686162590980529785e-01,-6.412602663040161133e-01,4.781954884529113770e-01
1762817996.628347397,-7.687448859214782715e-01,-6.408174633979797363e-01,4.682430028915405273e-01
1762817996.648520231,-7.687682509422302246e-01,-6.411061286926269531e-01,4.624513089656829834e-01
1762817996.668401718,-7.688898444175720215e-01,-6.407951116561889648e-01,4.524790048599243164e-01
1762817996.688406944,-7.689335942268371582e-01,-6.410636901855468750e-01,4.452701508998870850e-01
1762817996.708363533,-7.690464258193969727e-01,-6.407070755958557129e-01,4.377113580703735352e-01
1762817996.728451252,-7.691292166709899902e-01,-6.406459212303161621e-01,4.305036365985870361e-01
1762817996.747442245,-7.692072987556457520e-01,-6.406168937683105469e-01,4.234314560890197754e-01
1762817996.767406225,-7.692851424217224121e-01,-6.405858397483825684e-01,4.162126779556274414e-01
1762817996.787329435,-7.693642377853393555e-01,-6.405426263809204102e-01,4.087230265140533447e-01
1762817996.807395220,-7.694416642189025879e-01,-6.405012607574462891e-01,4.010318815708160400e-01
1762817996.827327490,-7.694367766380310059e-01,-6.409478783607482910e-01,3.966493308544158936e-01
1762817996.847349167,-7.695886492729187012e-01,-6.404243707656860352e-01,3.855294585227966309e-01
1762817996.867434025,-7.696582078933715820e-01,-6.403868794441223145e-01,3.780127167701721191e-01
1762817996.887410402,-7.697255611419677734e-01,-6.403488516807556152e-01,3.707701861858367920e-01
1762817996.907294273,-7.697915434837341309e-01,-6.403090357780456543e-01,3.638720810413360596e-01
1762817996.927477360,-7.698566317558288574e-01,-6.402677297592163086e-01,3.573069274425506592e-01
1762817996.947557449,-7.699209451675415039e-01,-6.402258276939392090e-01,3.510119020938873291e-01
1762817996.968421698,-7.699922919273376465e-01,-6.401350498199462891e-01,3.446336388587951660e-01
1762817996.988418818,-7.700476646423339844e-01,-6.401438713073730469e-01,3.388741910457611084e-01
1762817997.008431435,-7.701088190078735352e-01,-6.401087641716003418e-01,3.328669369220733643e-01
1762817997.028394222,-7.701687812805175781e-01,-6.400728225708007812e-01,3.268149495124816895e-01
1762817997.048381805,-7.702267169952392578e-01,-6.400392055511474609e-01,3.207075893878936768e-01
1762817997.068445683,-7.702455520629882812e-01,-6.402601599693298340e-01,3.159308433532714844e-01
1762817997.088420630,-7.702974677085876465e-01,-6.402455568313598633e-01,3.098962306976318359e-01
1762817997.108366728,-7.703412771224975586e-01,-6.402742266654968262e-01,3.041792511940002441e-01
1762817997.128410339,-7.703996896743774414e-01,-6.401886940002441406e-01,2.979393005371093750e-01
1762817997.148347616,-7.704172730445861816e-01,-6.403796076774597168e-01,2.933467030525207520e-01
1762817997.167353630,-7.704814076423645020e-01,-6.401593089103698730e-01,2.880574464797973633e-01
1762817997.187400103,-7.705077528953552246e-01,-6.402825117111206055e-01,2.833823561668395996e-01
1762817997.207432032,-7.705739140510559082e-01,-6.401216387748718262e-01,2.774524390697479248e-01
1762817997.227413654,-7.706319093704223633e-01,-6.400222778320312500e-01,2.720516324043273926e-01
1762817997.247317791,-7.706823348999023438e-01,-6.399818658828735352e-01,2.671080231666564941e-01
1762817997.267422438,-7.707210779190063477e-01,-6.400273442268371582e-01,2.626813948154449463e-01
1762817997.287546158,-7.707954645156860352e-01,-6.398283839225769043e-01,2.573293447494506836e-01
1762817997.307320833,-7.708433270454406738e-01,-6.398209333419799805e-01,2.529003322124481201e-01
1762817997.327428102,-7.708995342254638672e-01,-6.397600173950195312e-01,2.483246624469757080e-01
1762817997.347491264,-7.709612250328063965e-01,-6.396601796150207520e-01,2.436769753694534302e-01
1762817997.367398739,-7.710235118865966797e-01,-6.395545005798339844e-01,2.390936017036437988e-01
1762817997.387391567,-7.710855007171630859e-01,-6.394459605216979980e-01,2.345938831567764282e-01
1762817997.407411337,-7.711469531059265137e-01,-6.393347382545471191e-01,2.302048802375793457e-01
1762817997.427364111,-7.712074518203735352e-01,-6.392211318016052246e-01,2.259557694196701050e-01
1762817997.447463989,-7.712666988372802734e-01,-6.391056180000305176e-01,2.218705117702484131e-01
1762817997.467415810,-7.713245749473571777e-01,-6.389890313148498535e-01,2.179615199565887451e-01
1762817997.487476110,-7.713807225227355957e-01,-6.388722062110900879e-01,2.142271548509597778e-01
1762817997.508327484,-7.714350223541259766e-01,-6.387563347816467285e-01,2.106543928384780884e-01
1762817997.528486013,-7.714875340461730957e-01,-6.386399865150451660e-01,2.072149366140365601e-01
1762817997.548428297,-7.715370059013366699e-01,-6.385322213172912598e-01,2.039015889167785645e-01
1762817997.568588257,-7.715842127799987793e-01,-6.384254693984985352e-01,2.006657123565673828e-01
1762817997.588323355,-7.716287374496459961e-01,-6.383228898048400879e-01,1.975031346082687378e-01
1762817997.608373404,-7.716703414916992188e-01,-6.382253170013427734e-01,1.943960338830947876e-01
1762817997.627725601,-7.717230319976806641e-01,-6.379695534706115723e-01,1.916107684373855591e-01
1762817997.647486925,-7.717448472976684570e-01,-6.380451917648315430e-01,1.883087605237960815e-01
1762817997.667517185,-7.717894911766052246e-01,-6.378227472305297852e-01,1.856605857610702515e-01
1762817997.687426090,-7.718092203140258789e-01,-6.378835439682006836e-01,1.824294030666351318e-01
1762817997.707339764,-7.718504667282104492e-01,-6.376667618751525879e-01,1.799127161502838135e-01
1762817997.727495432,-7.718670368194580078e-01,-6.377333998680114746e-01,1.769093722105026245e-01
1762817997.747376919,-7.719064950942993164e-01,-6.375201940536499023e-01,1.746017932891845703e-01
1762817997.767343283,-7.719338536262512207e-01,-6.374487876892089844e-01,1.721378117799758911e-01
1762817997.787414312,-7.719612121582031250e-01,-6.373782157897949219e-01,1.697950065135955811e-01
1762817997.807486296,-7.719889879226684570e-01,-6.373083591461181641e-01,1.675577014684677124e-01
1762817997.827449560,-7.720173001289367676e-01,-6.372392773628234863e-01,1.654007434844970703e-01
1762817997.847467422,-7.720460891723632812e-01,-6.371713876724243164e-01,1.632982641458511353e-01
1762817997.867402554,-7.720752954483032227e-01,-6.371051669120788574e-01,1.612300723791122437e-01
1762817997.888462305,-7.721050977706909180e-01,-6.370362639427185059e-01,1.591779887676239014e-01
1762817997.908526421,-7.721334099769592285e-01,-6.369798183441162109e-01,1.571678668260574341e-01
1762817997.927350044,-7.721626758575439453e-01,-6.369154453277587891e-01,1.551721394062042236e-01
1762817997.947476625,-7.721902132034301758e-01,-6.368629336357116699e-01,1.532436311244964600e-01
1762817997.967485905,-7.722176909446716309e-01,-6.368070840835571289e-01,1.513746976852416992e-01
1762817997.987313032,-7.722445130348205566e-01,-6.367526650428771973e-01,1.495847851037979126e-01
1762817998.007395744,-7.722705602645874023e-01,-6.366994380950927734e-01,1.478803902864456177e-01
1762817998.027350903,-7.722958326339721680e-01,-6.366470456123352051e-01,1.462608277797698975e-01
1762817998.047412395,-7.723204493522644043e-01,-6.365952491760253906e-01,1.447201520204544067e-01
1762817998.067365408,-7.723447084426879883e-01,-6.365439295768737793e-01,1.432476192712783813e-01
1762817998.088438749,-7.723712325096130371e-01,-6.364705562591552734e-01,1.418023705482482910e-01
1762817998.108523130,-7.723922729492187500e-01,-6.364423036575317383e-01,1.404549032449722290e-01
1762817998.128408194,-7.724154591560363770e-01,-6.363937258720397949e-01,1.391133815050125122e-01
1762817998.147365093,-7.724411487579345703e-01,-6.363220810890197754e-01,1.377756893634796143e-01
1762817998.167440176,-7.724614143371582031e-01,-6.362957358360290527e-01,1.365195661783218384e-01
1762817998.187406540,-7.724868059158325195e-01,-6.362228989601135254e-01,1.352368295192718506e-01
1762817998.207439423,-7.725057005882263184e-01,-6.362038850784301758e-01,1.340426355600357056e-01
1762817998.227670908,-7.725270390510559082e-01,-6.361599564552307129e-01,1.328542381525039673e-01
1762817998.247468233,-7.725482583045959473e-01,-6.361149549484252930e-01,1.317037940025329590e-01
1762817998.267503500,-7.726013064384460449e-01,-6.357620358467102051e-01,1.305613219738006592e-01
1762817998.287544727,-7.726223468780517578e-01,-6.357165575027465820e-01,1.295045167207717896e-01
1762817998.307463169,-7.726435065269470215e-01,-6.356706023216247559e-01,1.284977048635482788e-01
1762817998.327427387,-7.726650238037109375e-01,-6.356241703033447266e-01,1.275391131639480591e-01
1762817998.347518206,-7.726867794990539551e-01,-6.355777382850646973e-01,1.266246736049652100e-01
1762817998.367436647,-7.727087736129760742e-01,-6.355324387550354004e-01,1.257486343383789062e-01
1762817998.387329817,-7.726989388465881348e-01,-6.357984542846679688e-01,1.249312087893486023e-01
1762817998.407326221,-7.727527022361755371e-01,-6.354471445083618164e-01,1.240874603390693665e-01
1762817998.427474022,-7.727742195129394531e-01,-6.354079842567443848e-01,1.232940629124641418e-01
1762817998.447375536,-7.727950811386108398e-01,-6.353725194931030273e-01,1.225242987275123596e-01
1762817998.467444181,-7.728150486946105957e-01,-6.353403329849243164e-01,1.217812076210975647e-01
1762817998.487449169,-7.728341817855834961e-01,-6.353120803833007812e-01,1.210720092058181763e-01
1762817998.509548187,-7.728630900382995605e-01,-6.351943612098693848e-01,1.203376352787017822e-01
1762817998.527408600,-7.728161215782165527e-01,-6.357297301292419434e-01,1.200224831700325012e-01
1762817998.547475576,-7.728312611579895020e-01,-6.357200145721435547e-01,1.193994060158729553e-01
1762817998.567408800,-7.728455066680908203e-01,-6.357107758522033691e-01,1.187970936298370361e-01
1762817998.587419748,-7.728582024574279785e-01,-6.357063651084899902e-01,1.182139068841934204e-01
1762817998.607291222,-7.728697061538696289e-01,-6.357049345970153809e-01,1.176504790782928467e-01
1762817998.627443075,-7.728806138038635254e-01,-6.357040405273437500e-01,1.171042844653129578e-01
1762817998.647435427,-7.728914618492126465e-01,-6.357015371322631836e-01,1.165751665830612183e-01
1762817998.667428732,-7.729027271270751953e-01,-6.356959342956542969e-01,1.160624846816062927e-01
1762817998.687494040,-7.729282975196838379e-01,-6.355408430099487305e-01,1.156198158860206604e-01
1762817998.709543705,-7.729288339614868164e-01,-6.356686353683471680e-01,1.150899454951286316e-01
1762817998.728337288,-7.729451656341552734e-01,-6.356377005577087402e-01,1.146237999200820923e-01
1762817998.748392344,-7.729606628417968750e-01,-6.356251239776611328e-01,1.141831129789352417e-01
1762817998.768521070,-7.729793787002563477e-01,-6.355944275856018066e-01,1.137518212199211121e-01
1762817998.788344383,-7.730002403259277344e-01,-6.355583071708679199e-01,1.133352741599082947e-01
1762817998.808446407,-7.730349898338317871e-01,-6.353762745857238770e-01,1.129770204424858093e-01
1762817998.828459263,-7.730587720870971680e-01,-6.353328824043273926e-01,1.125966235995292664e-01
1762817998.848402977,-7.730838656425476074e-01,-6.352866291999816895e-01,1.122361347079277039e-01
1762817998.868475676,-7.731097936630249023e-01,-6.352384686470031738e-01,1.118933409452438354e-01
1762817998.888665438,-7.731239199638366699e-01,-6.353318691253662109e-01,1.115372106432914734e-01
1762817998.908488274,-7.731502056121826172e-01,-6.352835893630981445e-01,1.112317517399787903e-01
1762817998.928349018,-7.731883525848388672e-01,-6.350938677787780762e-01,1.109678223729133606e-01
1762817998.948471546,-7.732133865356445312e-01,-6.350492238998413086e-01,1.106851026415824890e-01
1762817998.968434334,-7.732370495796203613e-01,-6.350079774856567383e-01,1.104183197021484375e-01
1762817998.988391876,-7.732590436935424805e-01,-6.349707245826721191e-01,1.101607382297515869e-01
1762817999.008595705,-7.732791304588317871e-01,-6.349379420280456543e-01,1.099065914750099182e-01
1762817999.028356314,-7.732969522476196289e-01,-6.349101066589355469e-01,1.096573173999786377e-01
1762817999.048387289,-7.733124494552612305e-01,-6.348872184753417969e-01,1.094166710972785950e-01
1762817999.068479061,-7.733253836631774902e-01,-6.348695158958435059e-01,1.091847717761993408e-01
1762817999.088312864,-7.733357548713684082e-01,-6.348571777343750000e-01,1.089582815766334534e-01
1762817999.108258486,-7.733435630798339844e-01,-6.348496675491333008e-01,1.087354049086570740e-01
1762817999.128362417,-7.733492255210876465e-01,-6.348462700843811035e-01,1.085164844989776611e-01
1762817999.148657560,-7.733412384986877441e-01,-6.349595785140991211e-01,1.083287596702575684e-01
1762817999.168296814,-7.733400464057922363e-01,-6.349977850914001465e-01,1.081299558281898499e-01
1762817999.188385248,-7.733437418937683105e-01,-6.349781155586242676e-01,1.079249829053878784e-01
1762817999.208269119,-7.733440399169921875e-01,-6.349847316741943359e-01,1.077337861061096191e-01
1762817999.228460789,-7.733410596847534180e-01,-6.350209116935729980e-01,1.075586527585983276e-01
1762817999.247415066,-7.733828425407409668e-01,-6.346111297607421875e-01,1.073565557599067688e-01
1762817999.267657280,-7.733628749847412109e-01,-6.348214745521545410e-01,1.072315946221351624e-01
1762817999.287412882,-7.733818888664245605e-01,-6.346609592437744141e-01,1.070560216903686523e-01
1762817999.307357550,-7.733635902404785156e-01,-6.348777413368225098e-01,1.069473624229431152e-01
1762817999.327411890,-7.733936309814453125e-01,-6.346487402915954590e-01,1.067802906036376953e-01
1762817999.348436832,-7.733806967735290527e-01,-6.348659396171569824e-01,1.066475659608840942e-01
1762817999.368318796,-7.733949422836303711e-01,-6.348333358764648438e-01,1.065172776579856873e-01
1762817999.388508797,-7.734153866767883301e-01,-6.347388029098510742e-01,1.064126715064048767e-01
1762817999.408581495,-7.734263539314270020e-01,-6.347745656967163086e-01,1.062970459461212158e-01
1762817999.428405046,-7.734747529029846191e-01,-6.345024704933166504e-01,1.061425730586051941e-01
1762817999.448562860,-7.734581232070922852e-01,-6.348341703414916992e-01,1.060370728373527527e-01
1762817999.468487978,-7.735298871994018555e-01,-6.343592405319213867e-01,1.058854907751083374e-01
1762817999.488436222,-7.735268473625183105e-01,-6.345998644828796387e-01,1.057757809758186340e-01
1762817999.508619785,-7.735864520072937012e-01,-6.342464089393615723e-01,1.056529432535171509e-01
1762817999.528428316,-7.736110091209411621e-01,-6.342195868492126465e-01,1.055501252412796021e-01
1762817999.547429085,-7.736415863037109375e-01,-6.341378092765808105e-01,1.054496169090270996e-01
1762817999.567283630,-7.736591696739196777e-01,-6.341536045074462891e-01,1.053774505853652954e-01
1762817999.588500023,-7.736812233924865723e-01,-6.341206431388854980e-01,1.053189858794212341e-01
1762817999.608419418,-7.736986875534057617e-01,-6.341111063957214355e-01,1.052774488925933838e-01
1762817999.628407240,-7.737146615982055664e-01,-6.340962052345275879e-01,1.052405163645744324e-01
1762817999.648535728,-7.737275362014770508e-01,-6.340871453285217285e-01,1.052036061882972717e-01
1762817999.668494940,-7.737368941307067871e-01,-6.340852975845336914e-01,1.051609218120574951e-01
1762817999.688361168,-7.737424373626708984e-01,-6.340907812118530273e-01,1.051054894924163818e-01
1762817999.707324743,-7.736976146697998047e-01,-6.345491409301757812e-01,1.050739213824272156e-01
1762817999.728376150,-7.736986875534057617e-01,-6.345527768135070801e-01,1.049968078732490540e-01
1762817999.748320818,-7.736933827400207520e-01,-6.345884203910827637e-01,1.049096360802650452e-01
1762817999.768472195,-7.736851572990417480e-01,-6.346186399459838867e-01,1.048167869448661804e-01
