1762896772.802974463,9.070255653482040699e-19,-3.161084772941808661e-18,1.497176563134416938e-04
1762896772.822808266,9.077074723656774720e-19,-3.163845488236204391e-18,1.497176854172721505e-04
1762896772.842808008,9.084017870923391697e-19,-3.166656454752812717e-18,1.497177290730178356e-04
1762896772.863845587,9.090877266152987679e-19,-3.169433093274000093e-18,1.497177727287635207e-04
1762896772.883816957,9.200130247483225883e-19,-3.213663888193282450e-18,1.497193006798624992e-04
1762896772.903735876,9.064576024601098472e-19,-3.158785417634064382e-18,1.497174816904589534e-04
1762896772.923890591,9.064181045858604402e-19,-3.158625151390382233e-18,1.497174962423741817e-04
1762896772.943869114,9.072506618723950625e-19,-3.161995705591382683e-18,1.497175981057807803e-04
1762896772.963823557,9.628130040030413462e-19,-3.386938167393287337e-18,1.497253251727670431e-04
1762896772.983921528,9.181590028028615458e-19,-3.206157017339210586e-18,1.497193588875234127e-04
1762896773.003919840,9.015220225401590694e-19,-3.138802801986314616e-18,1.497171906521543860e-04
1762896773.023725033,9.017430865588638660e-19,-3.139697397818790716e-18,1.497172488598152995e-04
1762896773.043276548,1.803377812457483285e-18,-6.789942250233885855e-18,1.498495403211563826e-04
1762896773.063046217,1.687597548913589140e-18,-6.321208362011830704e-18,1.498327910667285323e-04
1762896773.082885742,1.682889650457243583e-18,-6.302147639156771287e-18,1.498321507824584842e-04
1762896773.102863073,1.685301709123448212e-18,-6.311911679107347226e-18,1.498324272688478231e-04
1762896773.122819901,1.688050016708655646e-18,-6.323038499117104278e-18,1.498327328590676188e-04
1762896773.143980026,1.712520914360118140e-18,-6.422108680311661573e-18,1.498365018051117659e-04
1762896773.163878918,1.685396628098738672e-18,-6.312297558863103213e-18,1.498326600994914770e-04
1762896773.183904648,1.686268269669216425e-18,-6.315825070585335600e-18,1.498326746514067054e-04
1762896773.204002619,1.688867477949011176e-18,-6.326347635157622665e-18,1.498329074820503592e-04
1762896773.223759651,1.691443421774077873e-18,-6.336777141910997514e-18,1.498331839684396982e-04
1762896773.242870808,5.251021110644812218e-19,-1.614875965360989712e-18,1.496639888500794768e-04
1762896773.262958288,5.308971833396628800e-19,-1.638337082279678098e-18,1.496647746535018086e-04
1762896773.282853127,5.242573528639114423e-19,-1.611455883720812650e-18,1.496638869866728783e-04
1762896773.303022623,5.244255807209894143e-19,-1.612137170352826637e-18,1.496639015385881066e-04
1762896773.323108196,5.250129823534786330e-19,-1.614515004421186884e-18,1.496639597462490201e-04
1762896773.343058586,5.255949039144096880e-19,-1.616870814805737907e-18,1.496640179539099336e-04
1762896773.363849640,5.539040747044830843e-19,-1.731479687204680396e-18,1.496678742114454508e-04
1762896773.383977652,5.261164412906243720e-19,-1.618982089921702941e-18,1.496641052654013038e-04
1762896773.404027224,5.248489937970399953e-19,-1.613850881786883372e-18,1.496639160905033350e-04
1762896773.423903227,5.253171263249567244e-19,-1.615745849172665790e-18,1.496639597462490201e-04
1762896773.443858862,5.258688557935295939e-19,-1.617979753814441810e-18,1.496640179539099336e-04
1762896773.463950396,5.263950977594781732e-19,-1.620110260879648702e-18,1.496640761615708470e-04
1762896773.483270168,9.640857247730307484e-19,-3.392089021067655041e-18,1.497257180744782090e-04
1762896773.503359556,9.091564860037172383e-19,-3.169709371598592804e-18,1.497181365266442299e-04
1762896773.522885561,9.065611034342555448e-19,-3.159202316662791108e-18,1.497177581768482924e-04
1762896773.542994261,5.259074230895898788e-19,-1.618136297745367471e-18,1.496639888500794768e-04
1762896773.563881159,5.541941049067594897e-19,-1.732653870084199419e-18,1.496678451076149940e-04
1762896773.583837986,9.082581678584846502e-19,-3.166073499216115971e-18,1.497180201113224030e-04
1762896773.603888035,5.250605969374887167e-19,-1.614707634106335171e-18,1.496639015385881066e-04
1762896773.623883247,9.066009115012346593e-19,-3.159362376111320119e-18,1.497177727287635207e-04
1762896773.643895626,9.076570143483117374e-19,-3.163638693083066134e-18,1.497178745921701193e-04
1762896773.663994074,9.086657611053201546e-19,-3.167721863381781017e-18,1.497179910074919462e-04
1762896773.682801485,9.643692409279832986e-19,-3.393237147757878643e-18,1.497257180744782090e-04
1762896773.702902317,9.093887169606915008e-19,-3.170649462364759320e-18,1.497181656304746866e-04
1762896773.722944975,9.067655204431327118e-19,-3.160029497275344136e-18,1.497177872806787491e-04
1762896773.743007421,9.075788457804254762e-19,-3.163322916884224016e-18,1.497178745921701193e-04
1762896773.762911320,9.085650518657418235e-19,-3.167314890520404927e-18,1.497179910074919462e-04
1762896773.782915115,9.095084513543585516e-19,-3.171134396998868532e-18,1.497180928708985448e-04
1762896773.803796053,9.206641192879783902e-19,-3.216298044853957567e-18,1.497196644777432084e-04
1762896773.823857069,9.072662749064570009e-19,-3.162057123751864745e-18,1.497178600402548909e-04
1762896773.843937159,9.073604700987114769e-19,-3.162438867604557967e-18,1.497178454883396626e-04
1762896773.863991022,9.083004574673014238e-19,-3.166245139193220724e-18,1.497179473517462611e-04
1762896773.883925915,9.737882431655480557e-19,-3.431370380791726357e-18,1.497270277468487620e-04
1762896773.903939486,9.050054868947730071e-19,-3.152905817840037462e-18,1.497176417615264654e-04
1762896773.923888445,9.017367793066931492e-19,-3.139671962014954710e-18,1.497172343079000711e-04
1762896773.943706751,9.027816118179241922e-19,-3.143902370462704032e-18,1.497173507232218981e-04
1762896773.963788986,9.040550563709495783e-19,-3.149058187220747053e-18,1.497174962423741817e-04
1762896773.982801914,1.713343545479302126e-18,-6.425441390999637721e-18,1.498361962148919702e-04
1762896774.002885342,1.686070780297969389e-18,-6.315029736426365864e-18,1.498323545092716813e-04
1762896774.022931576,9.029581114811276945e-19,-3.144617881692562401e-18,1.497173943789675832e-04
1762896774.043534517,1.689461393628824250e-18,-6.328757625872295911e-18,1.498326455475762486e-04
1762896774.063080072,9.054653993153524905e-19,-3.154769455760119433e-18,1.497176854172721505e-04
1762896774.082911491,1.694442468482465444e-18,-6.348924702796645002e-18,1.498331985203549266e-04
1762896774.103538275,1.696733241791354485e-18,-6.358199051824589548e-18,1.498334459029138088e-04
1762896774.122814417,1.698886703118559723e-18,-6.366917949071204737e-18,1.498336641816422343e-04
1762896774.142748594,1.700904196632576558e-18,-6.375084703258940779e-18,1.498338824603706598e-04
1762896774.163200855,1.702786963104323818e-18,-6.382706759013310652e-18,1.498340570833534002e-04
1762896774.182937384,1.704539345232017407e-18,-6.389801487127177971e-18,1.498342171544209123e-04
1762896774.202880383,1.706163824557494984e-18,-6.396378813767893370e-18,1.498343626735731959e-04
1762896774.222872972,1.707667121923233543e-18,-6.402466449485977377e-18,1.498345227446407080e-04
1762896774.242799044,1.709053580027448987e-18,-6.408080524303374776e-18,1.498346682637929916e-04
1762896774.262854099,1.710328989134429186e-18,-6.413244199277237052e-18,1.498347701271995902e-04
1762896774.282914877,1.711499759893921428e-18,-6.417982703416247071e-18,1.498349010944366455e-04
1762896774.303950310,5.298225723263799279e-19,-1.633988283606757124e-18,1.496643817517906427e-04
1762896774.323837280,1.711436066986754845e-18,-6.417723382294211696e-18,1.498349738540127873e-04
1762896774.343883991,1.705009804205406942e-18,-6.391707311258500146e-18,1.498340570833534002e-04
1762896774.363833904,1.705876999680092222e-18,-6.395217452187868919e-18,1.498341443948447704e-04
1762896774.382813454,5.284530714247218214e-19,-1.628443898755967318e-18,1.496642071288079023e-04
1762896774.402830362,5.340156025501995097e-19,-1.650963063752110943e-18,1.496649929322302341e-04
1762896774.422883511,5.270618053331959135e-19,-1.622810902182057768e-18,1.496640907134860754e-04
1762896774.443711519,5.322676148195101086e-19,-1.643887257394755775e-18,1.496648474130779505e-04
1762896774.463884354,5.254163879984630877e-19,-1.616150237094627651e-18,1.496639451943337917e-04
1762896774.483745337,5.254354131525518074e-19,-1.616226647903712237e-18,1.496639451943337917e-04
1762896774.503803492,5.258903107906676880e-19,-1.618068262139984984e-18,1.496639742981642485e-04
1762896774.522881508,5.541571402731360262e-19,-1.732505494561822720e-18,1.496678596595302224e-04
1762896774.544041634,5.262972319532554931e-19,-1.619715178739578062e-18,1.496640907134860754e-04
1762896774.563849926,5.301606307029726934e-19,-1.635355819954460417e-18,1.496646582381799817e-04
1762896774.584301472,5.233938280031943659e-19,-1.607960321849740124e-18,1.496637560194358230e-04
1762896774.604296684,5.235495964522957580e-19,-1.608591047066811808e-18,1.496637560194358230e-04
1762896774.624462128,5.241399966145054815e-19,-1.610980771856477505e-18,1.496638287790119648e-04
1762896774.642752171,1.075268828665084873e-18,-3.842211345507267069e-18,1.497407793067395687e-04
1762896774.663810492,8.742838955469769902e-19,-3.028529493370492253e-18,1.497123303124681115e-04
1762896774.684355021,9.082568236899892516e-19,-3.166068329337287514e-18,1.497168850619345903e-04
1762896774.703927040,1.703562755121321989e-18,-6.385841359944580351e-18,1.498321653343737125e-04
1762896774.723882198,1.704953866116483043e-18,-6.391471564783922534e-18,1.498324854765087366e-04
1762896774.744214535,9.387546626820896745e-19,-3.289535582313636946e-18,1.497219636803492904e-04
1762896774.763771057,1.646419981032816577e-18,-6.154497967767587230e-18,1.498243218520656228e-04
1762896774.783876896,9.326839841665630044e-19,-3.264958805543767664e-18,1.497212069807574153e-04
1762896774.803909540,8.899032368610861044e-19,-3.091761660935883347e-18,1.497157791163772345e-04
1762896774.823835373,8.893939003989065776e-19,-3.089699913259094926e-18,1.497159246355295181e-04
1762896774.843895197,8.915745552887494968e-19,-3.098527998346567114e-18,1.497163466410711408e-04
1762896774.863845110,8.938092871111380702e-19,-3.107575286296365854e-18,1.497167540946975350e-04
1762896774.883748770,8.959246981301658693e-19,-3.116138880382974211e-18,1.497170742368325591e-04
1762896774.903831959,8.979100349978697049e-19,-3.124175974009692566e-18,1.497173361713066697e-04
1762896774.922857285,9.538608418236862042e-19,-3.350691733336673079e-18,1.497251651016995311e-04
1762896774.942996740,9.004451367801915964e-19,-3.134439010664791119e-18,1.497177727287635207e-04
1762896774.962791443,8.986462257430418995e-19,-3.127156512551874263e-18,1.497174962423741817e-04
1762896774.982893467,9.001828171284357175e-19,-3.133377737938885584e-18,1.497176563134416938e-04
1762896775.003949881,9.120205988746820966e-19,-3.181303548654442316e-18,1.497193006798624992e-04
1762896775.024053335,8.995145585910694403e-19,-3.130672650540684045e-18,1.497175835538655519e-04
1762896775.043922901,9.002958306796257750e-19,-3.133835375612780547e-18,1.497176272096112370e-04
1762896775.063850403,9.018625107598012094e-19,-3.140178610140143440e-18,1.497177581768482924e-04
1762896775.083964348,9.033894861705740985e-19,-3.146359924062599077e-18,1.497178891440853477e-04
1762896775.103831530,9.048200950399845598e-19,-3.152152049506848515e-18,1.497179910074919462e-04
1762896775.123833179,9.061544407656091626e-19,-3.157554366087432339e-18,1.497181074228137732e-04
1762896775.144302130,9.073942811062495819e-19,-3.162574111634710387e-18,1.497182238381356001e-04
1762896775.163983107,9.085472674825719334e-19,-3.167242719011959676e-18,1.497182965977117419e-04
1762896775.184045553,9.096125727139636639e-19,-3.171555431930658024e-18,1.497183984611183405e-04
1762896775.203358412,9.654808682736779987e-19,-3.397736389904707699e-18,1.497261400800198317e-04
1762896775.223839283,1.641234489170298215e-18,-6.133505778182216493e-18,1.498241617809981108e-04
1762896775.243920088,9.434540825371565630e-19,-3.308561563582969136e-18,1.497226912761107087e-04
1762896775.264022112,1.682685233448366416e-18,-6.301319631363605706e-18,1.498316414654254913e-04
1762896775.284446239,1.679804059977267651e-18,-6.289655557545995463e-18,1.498313795309513807e-04
1762896775.304377317,9.008632765798371519e-19,-3.136134524125371687e-18,1.497171324444934726e-04
1762896775.324323654,1.685499198494695247e-18,-6.312712803530604833e-18,1.498322526458650827e-04
1762896775.343758345,1.688330017346004846e-18,-6.324172977327220755e-18,1.498325873399153352e-04
1762896775.363833427,1.691006360217920167e-18,-6.335009043351665418e-18,1.498329656897112727e-04
1762896775.383944511,1.693527193134675519e-18,-6.345214797749344673e-18,1.498332712799310684e-04
1762896775.403896332,1.695894790842955422e-18,-6.354800166687609158e-18,1.498335186624899507e-04
1762896775.423933983,1.698111841679750675e-18,-6.363775903514422061e-18,1.498337514931336045e-04
1762896775.443782806,1.700181861162664627e-18,-6.372156897480809337e-18,1.498339843237772584e-04
1762896775.463806629,1.702112087122057117e-18,-6.379972099908210343e-18,1.498342026025056839e-04
1762896775.485303879,1.725762421605867007e-18,-6.475719082991835849e-18,1.498377241659909487e-04
1762896775.503958702,5.551548234894515467e-19,-1.736544307300189447e-18,1.496680197305977345e-04
1762896775.524010420,5.255094458173753033e-19,-1.616525363502420449e-18,1.496640034019947052e-04
1762896775.543794870,5.241251073634795270e-19,-1.610920904659643979e-18,1.496637996751815081e-04
1762896775.563822508,5.245953078429276386e-19,-1.612824040453975358e-18,1.496638433309271932e-04
1762896775.583808661,5.251622367552561700e-19,-1.615118846268350595e-18,1.496639015385881066e-04
1762896775.603915930,5.256295421025603460e-19,-1.617011125317142215e-18,1.496639160905033350e-04
1762896775.623951912,5.260501634440435606e-19,-1.618714083403235760e-18,1.496639160905033350e-04
1762896775.643930912,5.264609620157527080e-19,-1.620377543615079899e-18,1.496639306424185634e-04
1762896775.663802147,5.268611106370752351e-19,-1.621997680242341573e-18,1.496639451943337917e-04
1762896775.684001923,5.272486447540563286e-19,-1.623566531671624959e-18,1.496639742981642485e-04
1762896775.704085350,5.276211862224348984e-19,-1.625074688723462267e-18,1.496640034019947052e-04
1762896775.723877430,5.279774942712921151e-19,-1.626517188314178178e-18,1.496640470577403903e-04
1762896775.743862152,5.283177239969928323e-19,-1.627894650829232107e-18,1.496640616096556187e-04
1762896775.763928652,9.128486066678476773e-19,-3.184658800014110535e-18,1.497180928708985448e-04
1762896775.782842636,9.684687480437961038e-19,-3.409834733543908282e-18,1.497257762821391225e-04
1762896775.802984238,9.128923438427364186e-19,-3.184835816665196883e-18,1.497182092862203717e-04
1762896775.823884726,5.271812295341332568e-19,-1.623294285852518444e-18,1.496639742981642485e-04
1762896775.843348742,9.751920720626271127e-19,-3.437054352370884487e-18,1.497269404353573918e-04
1762896775.863911390,9.603793352433337697e-19,-3.377084791936555672e-18,1.497251505497843027e-04
1762896775.883984804,9.017441205346295573e-19,-3.139702154107312896e-18,1.497171761002391577e-04
1762896775.903789520,8.992252521718290189e-19,-3.129504051130299756e-18,1.497168414061889052e-04
1762896775.923911572,9.004053287132124820e-19,-3.134282259938712320e-18,1.497169578215107322e-04
1762896775.943847656,9.017841353967618100e-19,-3.139864488302526427e-18,1.497171469964087009e-04
1762896775.963896513,9.031210660618006410e-19,-3.145276110665001473e-18,1.497173070674762130e-04
1762896775.983926535,9.043994736985013452e-19,-3.150452400143205182e-18,1.497174234827980399e-04
1762896776.003900528,9.056178073432153859e-19,-3.155385498521318300e-18,1.497175690019503236e-04
1762896776.023956060,9.067719310928799977e-19,-3.160057001030711524e-18,1.497176854172721505e-04
1762896776.043943644,9.078631891159905795e-19,-3.164474145501744692e-18,1.497178309364244342e-04
1762896776.062824249,9.635896232006520701e-19,-3.390080626540376289e-18,1.497255288995802402e-04
1762896776.083331108,9.087368986379997150e-19,-3.168010756210715162e-18,1.497179910074919462e-04
1762896776.103060722,9.061873211949581454e-19,-3.157689610117584759e-18,1.497176417615264654e-04
1762896776.122826099,9.070686821376333964e-19,-3.161257240099525967e-18,1.497177581768482924e-04
1762896776.143355608,1.697468708753490696e-18,-6.361169043813961194e-18,1.498333440395072103e-04
1762896776.163258791,1.699521977829000449e-18,-6.369480968199200293e-18,1.498335768701508641e-04
1762896776.182818890,1.701451273210203817e-18,-6.377292034723538533e-18,1.498337514931336045e-04
1762896776.203425646,1.703256594897100800e-18,-6.384601829796669639e-18,1.498339697718620300e-04
1762896776.222889662,9.117630355114483976e-19,-3.180262541853544331e-18,1.497182529419660568e-04
1762896776.242831707,1.706505243355326247e-18,-6.397754828716875332e-18,1.498342899139970541e-04
1762896776.262778759,1.707953843403059736e-18,-6.403619125669570022e-18,1.498344499850645661e-04
1762896776.282830954,1.709289946887486014e-18,-6.409028886875666823e-18,1.498345955042168498e-04
1762896776.303188801,1.710518516892280399e-18,-6.414003137489254454e-18,1.498346973676234484e-04
1762896776.323349476,1.711646067464766744e-18,-6.418568760880240891e-18,1.498348283348605037e-04
1762896776.342819929,1.712678492266809492e-18,-6.422748090925165063e-18,1.498349156463518739e-04
1762896776.362813711,1.713619617008741699e-18,-6.426558912007196862e-18,1.498350029578432441e-04
1762896776.382846832,1.092606947894502610e-18,-3.912404651517598168e-18,1.497438497608527541e-04
1762896776.402908802,1.050592686824132659e-18,-3.742311088568012811e-18,1.497380580985918641e-04
1762896776.422935247,1.499776264666073570e-18,-5.560817620838784696e-18,1.498044439358636737e-04
1762896776.443033457,9.259373956930039416e-19,-3.237647162873644935e-18,1.497209013905376196e-04
1762896776.462949753,1.035086048868483895e-18,-3.679531802387994499e-18,1.497360935900360346e-04
1762896776.484317780,1.671910585584403816e-18,-6.257700743302459451e-18,1.498293713666498661e-04
1762896776.503822327,1.823076498359974225e-18,-6.869692801041654635e-18,1.498519704909995198e-04
1762896776.524122238,1.679165269749223576e-18,-6.287073513263911187e-18,1.498315396020188928e-04
1762896776.543820858,1.672965551058138633e-18,-6.261973544756602116e-18,1.498308411100879312e-04
1762896776.563912630,1.675655645807737649e-18,-6.272864618291781554e-18,1.498312485637143254e-04
1762896776.583930492,1.678810202471285189e-18,-6.285637114130212855e-18,1.498317142250016332e-04
1762896776.602755070,5.220456270023094999e-19,-1.602502997758421524e-18,1.496636541560292244e-04
1762896776.622796774,5.279763568979498547e-19,-1.626513776194151397e-18,1.496644981671124697e-04
1762896776.643104553,5.215440970571609424e-19,-1.600472786342486687e-18,1.496636396041139960e-04
1762896776.662997723,5.218642159542189641e-19,-1.601768461374474435e-18,1.496636687079444528e-04
1762896776.682930231,5.225956504108689788e-19,-1.604729871364990844e-18,1.496637560194358230e-04
1762896776.703805923,5.508866749262544931e-19,-1.719265848472452097e-18,1.496676268288865685e-04
1762896776.723947287,5.234724618601751881e-19,-1.608280130554068438e-18,1.496638869866728783e-04
1762896776.744217634,5.223786705964386627e-19,-1.603851198759306390e-18,1.496637269156053662e-04
1762896776.763926983,5.230004002243488321e-19,-1.606368309363305253e-18,1.496637996751815081e-04
1762896776.783918619,5.236996780346858479e-19,-1.609198818021885145e-18,1.496638724347576499e-04
1762896776.803851366,5.243632319823182298e-19,-1.611885707446610517e-18,1.496639451943337917e-04
1762896776.823878527,5.249889941157145952e-19,-1.614419465060437010e-18,1.496640034019947052e-04
1762896776.844286919,9.067495972163410660e-19,-3.159968699500321488e-18,1.497179910074919462e-04
1762896776.863897562,5.261218696633942512e-19,-1.619005871364313841e-18,1.496641198173165321e-04
1762896776.883955956,9.088532209116399845e-19,-3.168485557882320600e-18,1.497181801823899150e-04
1762896776.904348135,9.097984815566349569e-19,-3.172311888600837767e-18,1.497182820457965136e-04
1762896776.924270630,9.106719842834909541e-19,-3.175847465334042546e-18,1.497183693572878838e-04
1762896776.943039417,9.663644005654612014e-19,-3.401317461571602894e-18,1.497260818723589182e-04
1762896776.962929726,9.111036691656670654e-19,-3.177595091173213955e-18,1.497184712206944823e-04
1762896776.982801437,9.083227913438403555e-19,-3.166336335855754695e-18,1.497180928708985448e-04
1762896777.002804279,9.089876377611798515e-19,-3.169028188364155386e-18,1.497181365266442299e-04
1762896777.023062706,9.098240207580475316e-19,-3.172413838611334928e-18,1.497182092862203717e-04
1762896777.042911768,9.106203888927829590e-19,-3.175637568253607215e-18,1.497182965977117419e-04
1762896777.062853336,9.113623699022430248e-19,-3.178641267852940397e-18,1.497183548053726554e-04
1762896777.083936214,6.438491095740850855e-19,-2.095620516077314825e-18,1.496804616181179881e-04
1762896777.103782892,8.857829468323829044e-19,-3.075083425040129788e-18,1.497149351052939892e-04
1762896777.123336792,9.575016772898383555e-19,-3.365435607369971383e-18,1.497248740633949637e-04
1762896777.143004894,9.042192517225413543e-19,-3.149723240433239688e-18,1.497175981057807803e-04
1762896777.163312435,9.019129687771669441e-19,-3.140386439269047388e-18,1.497173361713066697e-04
1762896777.182952642,9.029463241573988139e-19,-3.144570318807340602e-18,1.497174962423741817e-04
1762896777.202866554,8.623085752390569070e-12,-9.589765426198937348e-09,1.498900965088978410e-04
1762896777.222837210,3.193384145561140031e-06,-6.149165074020856991e-06,1.650932681513950229e-04
1762896777.242829800,7.369983359239995480e-05,-7.011854904703795910e-05,4.537294153124094009e-04
1762896777.263122797,3.843588056042790413e-04,-5.691496771760284901e-04,2.162801101803779602e-03
1762896777.282820463,1.189360162243247032e-03,-2.225397387519478798e-03,6.509158760309219360e-03
1762896777.302884579,1.954760402441024780e-03,-4.090451169759035110e-03,1.102666929364204407e-02
1762896777.322879314,3.333730390295386314e-03,-7.533723022788763046e-03,1.906923949718475342e-02
1762896777.342841148,5.076248198747634888e-03,-1.171467360109090805e-02,2.766805328428745270e-02
1762896777.362901449,7.189962081611156464e-03,-1.730545982718467712e-02,3.826924413442611694e-02
1762896777.382896900,9.683202020823955536e-03,-2.402596734464168549e-02,5.062827095389366150e-02
1762896777.402795076,1.257383450865745544e-02,-3.155270218849182129e-02,6.436053663492202759e-02
1762896777.422868013,1.580550149083137512e-02,-3.962059319019317627e-02,7.888928800821304321e-02
1762896777.443885565,1.935747452080249786e-02,-4.820490628480911255e-02,9.387016296386718750e-02
1762896777.464087486,2.303944714367389679e-02,-5.651316046714782715e-02,1.075815930962562561e-01
1762896777.483899593,2.693486772477626801e-02,-6.503780186176300049e-02,1.204524114727973938e-01
1762896777.503814936,3.096368163824081421e-02,-7.353822886943817139e-02,1.318230479955673218e-01
1762896777.523930073,3.507766500115394592e-02,-8.195387572050094604e-02,1.416119039058685303e-01
1762896777.543987036,3.921812027692794800e-02,-9.022444486618041992e-02,1.501010060310363770e-01
1762896777.563808918,4.330002516508102417e-02,-9.826796501874923706e-02,1.578515321016311646e-01
1762896777.583868504,4.719828069210052490e-02,-1.059828773140907288e-01,1.655592918395996094e-01
1762896777.604084969,5.074843391776084900e-02,-1.132491603493690491e-01,1.740068942308425903e-01
1762896777.623831272,5.378403887152671814e-02,-1.199579164385795593e-01,1.837984323501586914e-01
1762896777.643980742,5.616274103522300720e-02,-1.260250359773635864e-01,1.952694654464721680e-01
1762896777.663958073,5.778884887695312500e-02,-1.313968002796173096e-01,2.084858715534210205e-01
1762896777.683919430,5.863403528928756714e-02,-1.360644102096557617e-01,2.232130914926528931e-01
1762896777.703912735,5.873263254761695862e-02,-1.400603055953979492e-01,2.389670014381408691e-01
1762896777.723828554,5.817195028066635132e-02,-1.434424966573715210e-01,2.551027238368988037e-01
1762896777.743973017,5.706648901104927063e-02,-1.462859064340591431e-01,2.709217369556427002e-01
1762896777.763989449,5.553258210420608521e-02,-1.486683636903762817e-01,2.857685685157775879e-01
1762896777.783994436,5.367411673069000244e-02,-1.506583094596862793e-01,2.990908324718475342e-01
1762896777.803836107,5.156843736767768860e-02,-1.523031741380691528e-01,3.105018138885498047e-01
1762896777.823897362,4.925208166241645813e-02,-1.536107063293457031e-01,3.198626041412353516e-01
1762896777.844006538,4.673259332776069641e-02,-1.545455157756805420e-01,3.272778093814849854e-01
1762896777.863980770,4.400043934583663940e-02,-1.550163477659225464e-01,3.331525027751922607e-01
1762896777.883921623,4.105143249034881592e-02,-1.548784673213958740e-01,3.381815850734710693e-01
1762896777.903931141,3.793278336524963379e-02,-1.539806276559829712e-01,3.430977463722229004e-01
1762896777.923925638,3.474294766783714294e-02,-1.521777212619781494e-01,3.486064672470092773e-01
1762896777.942770958,3.014231100678443909e-02,-1.489534378051757812e-01,3.553194105625152588e-01
1762896777.963100195,2.755592763423919678e-02,-1.452043503522872925e-01,3.633821308612823486e-01
1762896777.983089685,2.510470524430274963e-02,-1.404234021902084351e-01,3.732536435127258301e-01
1762896778.002761602,2.315371669828891754e-02,-1.348771154880523682e-01,3.845261037349700928e-01
1762896778.023926020,2.174640819430351257e-02,-1.286692023277282715e-01,3.968094587326049805e-01
1762896778.044235468,2.102179825305938721e-02,-1.222186312079429626e-01,4.091393351554870605e-01
1762896778.063899517,2.082726359367370605e-02,-1.154408976435661316e-01,4.213206470012664795e-01
1762896778.083934546,2.117319777607917786e-02,-1.085185483098030090e-01,4.327084422111511230e-01
1762896778.103959322,2.202048711478710175e-02,-1.015423610806465149e-01,4.428740143775939941e-01
1762896778.123839855,2.334146760404109955e-02,-9.457593411207199097e-02,4.515837728977203369e-01
1762896778.143919230,2.519817650318145752e-02,-8.818878233432769775e-02,4.583407938480377197e-01
1762896778.163901091,2.750887721776962280e-02,-8.330141752958297729e-02,4.632335305213928223e-01
1762896778.184016705,3.035278990864753723e-02,-7.508563250303268433e-02,4.703682065010070801e-01
1762896778.202910185,3.388459235429763794e-02,-6.855823844671249390e-02,4.765015244483947754e-01
1762896778.223007441,3.792135044932365417e-02,-6.332937628030776978e-02,4.827066063880920410e-01
1762896778.242864847,4.197961464524269104e-02,-5.980931222438812256e-02,4.887585639953613281e-01
1762896778.262879372,4.765439778566360474e-02,-5.455917119979858398e-02,4.990768730640411377e-01
1762896778.282806873,5.152132734656333923e-02,-5.303091928362846375e-02,5.052005648612976074e-01
1762896778.303855658,5.903834104537963867e-02,-4.899633675813674927e-02,5.217844247817993164e-01
1762896778.323803663,6.448279321193695068e-02,-4.790298640727996826e-02,5.334704518318176270e-01
1762896778.343966246,7.011238485574722290e-02,-4.740431532263755798e-02,5.461850762367248535e-01
1762896778.363812447,7.586218416690826416e-02,-4.759098589420318604e-02,5.596715807914733887e-01
1762896778.383860588,8.021456748247146606e-02,-4.809521138668060303e-02,5.682391524314880371e-01
1762896778.402913809,8.481494337320327759e-02,-4.889495298266410828e-02,5.775651931762695312e-01
1762896778.422781944,8.879129588603973389e-02,-5.006009340286254883e-02,5.861444473266601562e-01
1762896778.442957401,9.383760392665863037e-02,-5.202740803360939026e-02,5.963622331619262695e-01
1762896778.462826490,9.816271811723709106e-02,-5.394449830055236816e-02,6.040751338005065918e-01
1762896778.482846022,1.025407910346984863e-01,-5.662649869918823242e-02,6.121069788932800293e-01
1762896778.502952814,1.060885414481163025e-01,-5.897066742181777954e-02,6.183567643165588379e-01
1762896778.522898674,1.093534827232360840e-01,-6.194255873560905457e-02,6.253675222396850586e-01
1762896778.542892456,1.119010820984840393e-01,-6.485479325056076050e-02,6.324056386947631836e-01
1762896778.562963963,1.137179955840110779e-01,-6.784939020872116089e-02,6.402807831764221191e-01
1762896778.582729578,1.146694645285606384e-01,-7.070957124233245850e-02,6.491535902023315430e-01
1762896778.602755308,1.146985441446304321e-01,-7.330737262964248657e-02,6.591354608535766602e-01
1762896778.623875856,1.138094663619995117e-01,-7.554611563682556152e-02,6.701862812042236328e-01
1762896778.643909931,1.120401695370674133e-01,-7.736029475927352905e-02,6.821416616439819336e-01
1762896778.663905382,1.095191761851310730e-01,-7.869634032249450684e-02,6.946083307266235352e-01
1762896778.683967113,1.063245311379432678e-01,-7.955822348594665527e-02,7.072845697402954102e-01
1762896778.703885317,1.025971472263336182e-01,-7.994883507490158081e-02,7.197024226188659668e-01
1762896778.723801613,9.846388548612594604e-02,-7.988861203193664551e-02,7.314289808273315430e-01
1762896778.743870497,9.403411298990249634e-02,-7.940020412206649780e-02,7.420955896377563477e-01
1762896778.763997555,8.939488232135772705e-02,-7.849779725074768066e-02,7.514566183090209961e-01
1762896778.783861399,8.461432158946990967e-02,-7.718105614185333252e-02,7.594313621520996094e-01
1762896778.803774118,7.975340634584426880e-02,-7.542866468429565430e-02,7.661470174789428711e-01
1762896778.823858738,7.487434893846511841e-02,-7.319484651088714600e-02,7.719551920890808105e-01
1762896778.844034910,7.006520032882690430e-02,-7.043420523405075073e-02,7.773463726043701172e-01
1762896778.863951206,6.544461101293563843e-02,-6.712264567613601685e-02,7.828519940376281738e-01
1762896778.883900404,6.114514172077178955e-02,-6.327276676893234253e-02,7.889950871467590332e-01
1762896778.902900457,5.719415470957756042e-02,-5.934786051511764526e-02,7.951962351799011230e-01
1762896778.922883272,5.386237800121307373e-02,-5.463943630456924438e-02,8.036825656890869141e-01
1762896778.942900658,5.128081887960433960e-02,-4.974469542503356934e-02,8.135917782783508301e-01
1762896778.962808132,4.969740658998489380e-02,-4.432186484336853027e-02,8.262308239936828613e-01
1762896778.983878374,4.868124052882194519e-02,-3.928890079259872437e-02,8.388082981109619141e-01
1762896779.003986835,4.855248332023620605e-02,-3.452014178037643433e-02,8.518168330192565918e-01
1762896779.022935629,4.872168973088264465e-02,-3.016706369817256927e-02,8.641632795333862305e-01
1762896779.042923212,5.001218244433403015e-02,-2.591460384428501129e-02,8.770173788070678711e-01
1762896779.062907934,5.188227444887161255e-02,-2.184013836085796356e-02,8.894093632698059082e-01
1762896779.083017349,5.428697913885116577e-02,-1.805441454052925110e-02,9.007173180580139160e-01
1762896779.102812767,5.716586112976074219e-02,-1.457343250513076782e-02,9.106910824775695801e-01
1762896779.122851610,6.047533452510833740e-02,-1.141572277992963791e-02,9.192563295364379883e-01
1762896779.142901659,6.418693810701370239e-02,-8.619622327387332916e-03,9.265283942222595215e-01
1762896779.162888527,6.827235221862792969e-02,-6.247591692954301834e-03,9.328043460845947266e-01
1762896779.183898926,7.275928556919097900e-02,-4.338723141700029373e-03,9.385970234870910645e-01
1762896779.203887224,7.735735177993774414e-02,-3.088502911850810051e-03,9.440276622772216797e-01
1762896779.223940372,8.214931190013885498e-02,-2.432425739243626595e-03,9.498567581176757812e-01
1762896779.243939638,8.693628013134002686e-02,-2.453237539157271385e-03,9.563675522804260254e-01
1762896779.263737440,9.157489985227584839e-02,-3.150226548314094543e-03,9.637809395790100098e-01
1762896779.283902407,9.594819694757461548e-02,-4.480286035686731339e-03,9.721397757530212402e-01
1762896779.303994417,9.996274858713150024e-02,-6.369435228407382965e-03,9.813426733016967773e-01
1762896779.323863745,1.035551801323890686e-01,-8.720047771930694580e-03,9.911683201789855957e-01
1762896779.343871593,1.066924855113029480e-01,-1.143166795372962952e-02,1.001308202743530273e+00
1762896779.362799883,1.093869060277938843e-01,-1.448476687073707581e-02,1.011631369590759277e+00
1762896779.382868290,1.112111061811447144e-01,-1.793791912496089935e-02,1.021745324134826660e+00
1762896779.402749777,1.133044660091400146e-01,-2.074505761265754700e-02,1.030212998390197754e+00
1762896779.422934532,1.145813539624214172e-01,-2.395375259220600128e-02,1.038444161415100098e+00
1762896779.442851543,1.148705333471298218e-01,-2.749373950064182281e-02,1.046186566352844238e+00
1762896779.462841034,1.150307580828666687e-01,-3.055050410330295563e-02,1.052643537521362305e+00
1762896779.482804537,1.146737188100814819e-01,-3.323150798678398132e-02,1.058240652084350586e+00
1762896779.502955198,1.136224791407585144e-01,-3.567706421017646790e-02,1.063632965087890625e+00
1762896779.523005247,1.118609681725502014e-01,-3.772307932376861572e-02,1.068967580795288086e+00
1762896779.542788506,1.093837171792984009e-01,-3.928555175662040710e-02,1.074483036994934082e+00
1762896779.562754631,1.062360927462577820e-01,-4.030676558613777161e-02,1.080326676368713379e+00
1762896779.583866835,1.024302393198013306e-01,-4.075694084167480469e-02,1.086591243743896484e+00
1762896779.603838205,9.829043596982955933e-02,-4.063885658979415894e-02,1.093043446540832520e+00
1762896779.624013662,9.374701976776123047e-02,-4.000245034694671631e-02,1.099719166755676270e+00
1762896779.643973112,8.897868543863296509e-02,-3.888174518942832947e-02,1.106376051902770996e+00
1762896779.664002895,8.411094546318054199e-02,-3.733154758810997009e-02,1.112814664840698242e+00
1762896779.683985472,7.925967127084732056e-02,-3.540920093655586243e-02,1.118882417678833008e+00
1762896779.703824997,7.452452927827835083e-02,-3.316915780305862427e-02,1.124469161033630371e+00
1762896779.723896980,6.999190151691436768e-02,-3.066261298954486847e-02,1.129561901092529297e+00
1762896779.743788004,6.878945976495742798e-02,-2.932487986981868744e-02,1.132382035255432129e+00
1762896779.763850212,6.479992717504501343e-02,-2.655697055160999298e-02,1.136940240859985352e+00
1762896779.783935308,6.120725721120834351e-02,-2.365002408623695374e-02,1.141425013542175293e+00
1762896779.803948164,5.812145397067070007e-02,-2.067661285400390625e-02,1.146019101142883301e+00
1762896779.823811769,5.564003065228462219e-02,-1.772144809365272522e-02,1.150848388671875000e+00
1762896779.843925714,5.382500588893890381e-02,-1.485487446188926697e-02,1.156020164489746094e+00
1762896779.863980770,5.271224677562713623e-02,-1.214857865124940872e-02,1.161594629287719727e+00
1762896779.882868290,5.196482688188552856e-02,-9.762614034116268158e-03,1.166981339454650879e+00
1762896779.903043270,5.225153639912605286e-02,-7.582173682749271393e-03,1.173077821731567383e+00
1762896779.922714710,5.312722548842430115e-02,-5.634658504277467728e-03,1.179412841796875000e+00
1762896779.942792654,5.498723685741424561e-02,-3.888387000188231468e-03,1.186275959014892578e+00
1762896779.962941885,5.652618780732154846e-02,-2.648762892931699753e-03,1.191595792770385742e+00
1762896779.983002901,5.935281887650489807e-02,-1.539850258268415928e-03,1.197447061538696289e+00
1762896780.003890276,6.207957863807678223e-02,-7.904872181825339794e-04,1.202019095420837402e+00
1762896780.023900986,6.456824392080307007e-02,-3.381882561370730400e-04,1.205411672592163086e+00
1762896780.043974161,6.822938472032546997e-02,-7.971518061822280288e-05,1.208591699600219727e+00
1762896780.063856363,7.101266831159591675e-02,-9.014900570036843419e-05,1.210510969161987305e+00
1762896780.083902836,7.482331991195678711e-02,-3.585025551728904247e-04,1.212327361106872559e+00
1762896780.103858709,7.758109271526336670e-02,-8.130351779982447624e-04,1.213489174842834473e+00
1762896780.123876333,8.065412938594818115e-02,-1.516243559308350086e-03,1.214896202087402344e+00
1762896780.143893480,8.342678099870681763e-02,-2.420963719487190247e-03,1.216644167900085449e+00
1762896780.163853168,8.578612655401229858e-02,-3.494998672977089882e-03,1.218934535980224609e+00
1762896780.183937311,8.763828873634338379e-02,-4.699542652815580368e-03,1.221882343292236328e+00
1762896780.203893661,8.892109245061874390e-02,-5.988387390971183777e-03,1.225483417510986328e+00
1762896780.223840714,8.960487693548202515e-02,-7.318373769521713257e-03,1.229635596275329590e+00
1762896780.243959427,8.969114720821380615e-02,-8.650703355669975281e-03,1.234156489372253418e+00
1762896780.263735771,8.921241760253906250e-02,-9.949021972715854645e-03,1.238797664642333984e+00
1762896780.283895969,8.822611719369888306e-02,-1.118418388068675995e-02,1.243251085281372070e+00
1762896780.303945303,8.679904788732528687e-02,-1.233371160924434662e-02,1.247217774391174316e+00
1762896780.323814392,8.499697595834732056e-02,-1.337968371808528900e-02,1.250445365905761719e+00
1762896780.343708277,8.288048207759857178e-02,-1.430741790682077408e-02,1.252747774124145508e+00
1762896780.363001108,8.039783686399459839e-02,-1.512208860367536545e-02,1.254069447517395020e+00
1762896780.382806540,7.788536697626113892e-02,-1.574420556426048279e-02,1.254400730133056641e+00
1762896780.402914762,7.509626448154449463e-02,-1.621668599545955658e-02,1.254030704498291016e+00
1762896780.422902107,7.282054424285888672e-02,-1.644123531877994537e-02,1.253419041633605957e+00
1762896780.443135023,6.961695849895477295e-02,-1.657292060554027557e-02,1.252519488334655762e+00
1762896780.462963581,6.533776223659515381e-02,-1.644971780478954315e-02,1.251579403877258301e+00
1762896780.482914925,6.379484385251998901e-02,-1.612864807248115540e-02,1.252109169960021973e+00
1762896780.503080130,6.112523004412651062e-02,-1.568538695573806763e-02,1.252691626548767090e+00
1762896780.522847652,5.859344452619552612e-02,-1.502951234579086304e-02,1.254257917404174805e+00
1762896780.542893171,5.635405704379081726e-02,-1.423790398985147476e-02,1.256625771522521973e+00
1762896780.562848330,5.447777360677719116e-02,-1.334509532898664474e-02,1.259653687477111816e+00
1762896780.582759857,5.191619694232940674e-02,-1.202801149338483810e-02,1.264139771461486816e+00
1762896780.602922678,5.096680670976638794e-02,-1.101079862564802170e-02,1.267769694328308105e+00
1762896780.622866631,5.036967992782592773e-02,-9.973518550395965576e-03,1.271101236343383789e+00
1762896780.642936707,4.992187395691871643e-02,-8.823372423648834229e-03,1.274067640304565430e+00
1762896780.663896561,5.016161501407623291e-02,-7.895235903561115265e-03,1.275652885437011719e+00
1762896780.683891773,5.051642656326293945e-02,-6.907823961228132248e-03,1.276512145996093750e+00
1762896780.703837633,5.109322443604469299e-02,-5.929880775511264801e-03,1.276469469070434570e+00
1762896780.723942280,5.190266668796539307e-02,-4.990381654351949692e-03,1.275679230690002441e+00
1762896780.743845224,5.291860923171043396e-02,-4.105626605451107025e-03,1.274445533752441406e+00
1762896780.764048576,5.409915372729301453e-02,-3.291431814432144165e-03,1.273087620735168457e+00
1762896780.783885241,5.539063364267349243e-02,-2.566569484770298004e-03,1.271965861320495605e+00
1762896780.803819180,5.672992765903472900e-02,-1.949625788256525993e-03,1.271341919898986816e+00
1762896780.823797464,5.805389583110809326e-02,-1.454557641409337521e-03,1.271350979804992676e+00
1762896780.844131947,5.930713191628456116e-02,-1.089030411094427109e-03,1.272017240524291992e+00
1762896780.863871336,6.044549494981765747e-02,-8.544411393813788891e-04,1.273247480392456055e+00
1762896780.884009838,6.144032627344131470e-02,-7.466666866093873978e-04,1.274866104125976562e+00
1762896780.903931856,6.227655336260795593e-02,-7.562371320091187954e-04,1.276651501655578613e+00
1762896780.922855139,6.306890398263931274e-02,-8.054336649365723133e-04,1.277460455894470215e+00
1762896780.942966700,6.370121240615844727e-02,-9.525167406536638737e-04,1.278950095176696777e+00
1762896780.962894440,6.444764137268066406e-02,-1.203831867314875126e-03,1.280104279518127441e+00
1762896780.982845306,6.446655094623565674e-02,-1.475402386859059334e-03,1.280611276626586914e+00
1762896781.002806902,6.462606042623519897e-02,-1.820839708670973778e-03,1.280499458312988281e+00
1762896781.022890568,6.490040570497512817e-02,-2.235311083495616913e-03,1.279594898223876953e+00
1762896781.042799473,6.450433284044265747e-02,-2.617173129692673683e-03,1.278363466262817383e+00
1762896781.062876463,6.421760469675064087e-02,-3.043412929400801659e-03,1.276595115661621094e+00
1762896781.082984447,6.384873390197753906e-02,-3.455754602327942848e-03,1.274707317352294922e+00
1762896781.103130102,6.320744007825851440e-02,-3.884389763697981834e-03,1.272743940353393555e+00
1762896781.122782707,6.280073523521423340e-02,-4.221090581268072128e-03,1.271365404129028320e+00
1762896781.142821789,6.209985911846160889e-02,-4.561803303658962250e-03,1.270206093788146973e+00
1762896781.162740469,6.090739369392395020e-02,-4.914977122098207474e-03,1.269348502159118652e+00
1762896781.182923079,6.022190302610397339e-02,-5.143981892615556717e-03,1.269232511520385742e+00
1762896781.202844381,5.939798057079315186e-02,-5.332261789590120316e-03,1.269513368606567383e+00
1762896781.222939014,5.850445106625556946e-02,-5.468482151627540588e-03,1.270116090774536133e+00
1762896781.242734194,5.765394121408462524e-02,-5.540740210562944412e-03,1.270903468132019043e+00
1762896781.262826920,5.687310919165611267e-02,-5.547908600419759750e-03,1.271683335304260254e+00
1762896781.282890558,5.617715045809745789e-02,-5.490981508046388626e-03,1.272264599800109863e+00
1762896781.302991390,5.557503178715705872e-02,-5.371906794607639313e-03,1.272479891777038574e+00
1762896781.322964907,5.507212132215499878e-02,-5.192256066948175430e-03,1.272205591201782227e+00
1762896781.342858791,5.467113852500915527e-02,-4.953582771122455597e-03,1.271376848220825195e+00
1762896781.363006592,5.437190458178520203e-02,-4.658407531678676605e-03,1.270008563995361328e+00
1762896781.382759094,5.417183786630630493e-02,-4.310097545385360718e-03,1.268204092979431152e+00
1762896781.402746677,5.406586080789566040e-02,-3.913383465260267258e-03,1.266128897666931152e+00
1762896781.422766685,5.404656380414962769e-02,-3.475365694612264633e-03,1.263983249664306641e+00
1762896781.442865133,5.410365387797355652e-02,-3.006621496751904488e-03,1.261972308158874512e+00
1762896781.462909222,5.422486737370491028e-02,-2.520429901778697968e-03,1.260273218154907227e+00
1762896781.482775450,5.439683422446250916e-02,-2.032169373705983162e-03,1.259009122848510742e+00
1762896781.502970457,5.460577085614204407e-02,-1.557310693897306919e-03,1.258229136466979980e+00
1762896781.523928165,5.483540892601013184e-02,-1.108995289541780949e-03,1.257914423942565918e+00
1762896781.544005394,5.508650094270706177e-02,-7.035200833342969418e-04,1.257988333702087402e+00
1762896781.562738657,5.499904975295066833e-02,-3.556549781933426857e-04,1.258282423019409180e+00
1762896781.582787752,5.528303608298301697e-02,-5.783904634881764650e-05,1.258715987205505371e+00
1762896781.602882624,5.552688613533973694e-02,1.930460857693105936e-04,1.259071111679077148e+00
1762896781.623021841,5.575616285204887390e-02,3.890192310791462660e-04,1.259166598320007324e+00
1762896781.642879009,5.596845969557762146e-02,5.322822253219783306e-04,1.258854389190673828e+00
1762896781.662884712,5.615958198904991150e-02,6.269473233260214329e-04,1.258038043975830078e+00
1762896781.683793306,5.632393434643745422e-02,6.770875770598649979e-04,1.256692290306091309e+00
1762896781.702948093,5.640775710344314575e-02,6.863472517579793930e-04,1.254812240600585938e+00
1762896781.722850561,5.654304847121238708e-02,6.579929031431674957e-04,1.252695322036743164e+00
1762896781.742963552,5.658357217907905579e-02,5.979000707156956196e-04,1.250384211540222168e+00
1762896781.762808084,5.656364932656288147e-02,5.093020736239850521e-04,1.248123884201049805e+00
1762896781.782857180,5.648178234696388245e-02,3.967529919464141130e-04,1.246104955673217773e+00
1762896781.802795172,5.633884295821189880e-02,2.656882861629128456e-04,1.244461417198181152e+00
1762896781.822851419,5.613962188363075256e-02,1.217661192640662193e-04,1.243256568908691406e+00
1762896781.842903376,5.589275434613227844e-02,-2.904669054260011762e-05,1.242485761642456055e+00
1762896781.863018513,5.560873821377754211e-02,-1.809190871426835656e-04,1.242091178894042969e+00
1762896781.882798672,5.529927834868431091e-02,-3.276595962233841419e-04,1.241958379745483398e+00
1762896781.902866364,5.497632175683975220e-02,-4.628090828191488981e-04,1.241936564445495605e+00
1762896781.923008680,5.465050041675567627e-02,-5.806730478070676327e-04,1.241864442825317383e+00
1762896781.943153143,5.433043837547302246e-02,-6.761542172171175480e-04,1.241593360900878906e+00
1762896781.963000536,5.402300506830215454e-02,-7.443684153258800507e-04,1.240999698638916016e+00
1762896781.983053207,5.373322218656539917e-02,-7.809487869963049889e-04,1.239998817443847656e+00
1762896782.002892733,5.346366390585899353e-02,-7.823061314411461353e-04,1.238571405410766602e+00
1762896782.023037195,5.321484804153442383e-02,-7.456844323314726353e-04,1.236767888069152832e+00
1762896782.042768717,5.298593267798423767e-02,-6.692715105600655079e-04,1.234704732894897461e+00
1762896782.064077377,5.276531353592872620e-02,-5.514248623512685299e-04,1.232522726058959961e+00
1762896782.084182739,5.258237570524215698e-02,-3.968426317442208529e-04,1.230427384376525879e+00
1762896782.103889465,5.240205675363540649e-02,-2.076740493066608906e-04,1.228530526161193848e+00
1762896782.123915195,5.223369598388671875e-02,9.438059350941330194e-06,1.226948738098144531e+00
1762896782.144051552,5.232120677828788757e-02,2.141788572771474719e-04,1.225900888442993164e+00
1762896782.163817406,5.147490277886390686e-02,5.009217420592904091e-04,1.224838376045227051e+00
1762896782.183953762,5.210866406559944153e-02,7.027575629763305187e-04,1.224405288696289062e+00
1762896782.203839540,5.200226977467536926e-02,9.493300458416342735e-04,1.223997235298156738e+00
1762896782.223757982,5.189619958400726318e-02,1.189710223115980625e-03,1.223674654960632324e+00
1762896782.243780136,5.152238905429840088e-02,1.403225352987647057e-03,1.223371744155883789e+00
1762896782.263921022,5.143900960683822632e-02,1.617898931726813316e-03,1.222882390022277832e+00
1762896782.283975840,5.136564373970031738e-02,1.816003001295030117e-03,1.222140192985534668e+00
1762896782.303843975,5.129830166697502136e-02,1.996641047298908234e-03,1.221079826354980469e+00
1762896782.323768854,5.123255401849746704e-02,2.159474650397896767e-03,1.219685316085815430e+00
1762896782.342794180,5.112081021070480347e-02,2.307825954630970955e-03,1.217952609062194824e+00
1762896782.363008738,5.108747631311416626e-02,2.429829677566885948e-03,1.216088771820068359e+00
1762896782.382914782,5.100049823522567749e-02,2.535975072532892227e-03,1.214109778404235840e+00
1762896782.402895927,5.089290067553520203e-02,2.622150816023349762e-03,1.212175488471984863e+00
1762896782.422757626,5.076389014720916748e-02,2.687420463189482689e-03,1.210403442382812500e+00
1762896782.443865776,5.061240866780281067e-02,2.731587272137403488e-03,1.208873629570007324e+00
1762896782.463925600,5.042942613363265991e-02,2.755129244178533554e-03,1.207616686820983887e+00
1762896782.483766317,5.024877563118934631e-02,2.759289462119340897e-03,1.206636548042297363e+00
1762896782.503799915,5.004243180155754089e-02,2.746725222095847130e-03,1.205870866775512695e+00
1762896782.523838043,4.982493817806243896e-02,2.720190910622477531e-03,1.205253720283508301e+00
1762896782.543841124,4.960147291421890259e-02,2.683592494577169418e-03,1.204691410064697266e+00
1762896782.563899279,4.937599971890449524e-02,2.641306957229971886e-03,1.204087257385253906e+00
1762896782.583890676,4.915166646242141724e-02,2.597781363874673843e-03,1.203353404998779297e+00
1762896782.603859663,4.893075674772262573e-02,2.557473955675959587e-03,1.202423572540283203e+00
1762896782.622876644,4.798607155680656433e-02,2.520724432542920113e-03,1.201150417327880859e+00
1762896782.643847227,4.882970079779624939e-02,2.510377671569585800e-03,1.200410127639770508e+00
1762896782.663957834,4.835463315248489380e-02,2.496583154425024986e-03,1.198691844940185547e+00
1762896782.682848930,4.809819534420967102e-02,2.502879127860069275e-03,1.196968555450439453e+00
1762896782.702919483,4.794031754136085510e-02,2.527206903323531151e-03,1.195286989212036133e+00
1762896782.722829580,4.773993790149688721e-02,2.570445183664560318e-03,1.193600058555603027e+00
1762896782.742845774,4.753491282463073730e-02,2.632561139762401581e-03,1.192018270492553711e+00
1762896782.762953281,4.732679948210716248e-02,2.712364075705409050e-03,1.190606951713562012e+00
1762896782.782834053,4.711583629250526428e-02,2.807513810694217682e-03,1.189392328262329102e+00
1762896782.802929640,4.690260440111160278e-02,2.915206598117947578e-03,1.188372135162353516e+00
1762896782.822783470,4.668825864791870117e-02,3.032399108633399010e-03,1.187523007392883301e+00
1762896782.843747616,4.646472260355949402e-02,3.156898310407996178e-03,1.186798334121704102e+00
1762896782.863940239,4.626512899994850159e-02,3.283641999587416649e-03,1.186144232749938965e+00
1762896782.883840799,4.605878889560699463e-02,3.412595484405755997e-03,1.185480117797851562e+00
1762896782.903818607,4.585737362504005432e-02,3.541140817105770111e-03,1.184743762016296387e+00
1762896782.923877716,4.566238448023796082e-02,3.667738288640975952e-03,1.183878064155578613e+00
1762896782.943882704,4.547381773591041565e-02,3.791245864704251289e-03,1.182843565940856934e+00
1762896782.962851286,4.524485394358634949e-02,3.913900349289178848e-03,1.181598782539367676e+00
1762896782.982900381,4.511198401451110840e-02,4.025107249617576599e-03,1.180240392684936523e+00
1762896783.003449678,4.493899643421173096e-02,4.133223090320825577e-03,1.178737878799438477e+00
1762896783.022888422,4.476376995444297791e-02,4.234364256262779236e-03,1.177181363105773926e+00
1762896783.042887688,4.458688944578170776e-02,4.327059257775545120e-03,1.175647497177124023e+00
1762896783.062919617,4.440692439675331116e-02,4.409932531416416168e-03,1.174203276634216309e+00
1762896783.083004951,4.374121129512786865e-02,4.487000871449708939e-03,1.172859907150268555e+00
1762896783.102929592,4.406410083174705505e-02,4.527633078396320343e-03,1.172026872634887695e+00
1762896783.122947931,4.340678825974464417e-02,4.591749049723148346e-03,1.170777916908264160e+00
1762896783.143795729,4.394157230854034424e-02,4.616083111613988876e-03,1.170077681541442871e+00
1762896783.163904190,4.351947456598281860e-02,4.640396218746900558e-03,1.169407129287719727e+00
1762896783.183977365,4.321431368589401245e-02,4.657506477087736130e-03,1.168670892715454102e+00
1762896783.204166174,4.340123757719993591e-02,4.661183338612318039e-03,1.167939782142639160e+00
1762896783.223924160,4.283327609300613403e-02,4.663430619984865189e-03,1.167223572731018066e+00
1762896783.243907690,4.209050163626670837e-02,4.660552367568016052e-03,1.166134119033813477e+00
1762896783.263955593,4.190910980105400085e-02,4.655162338167428970e-03,1.165092468261718750e+00
1762896783.283834457,4.170905053615570068e-02,4.651953931897878647e-03,1.163890123367309570e+00
1762896783.303860664,4.150131344795227051e-02,4.652996547520160675e-03,1.162559270858764648e+00
1762896783.323814154,4.128595814108848572e-02,4.660143982619047165e-03,1.161153316497802734e+00
1762896783.343827724,4.106487706303596497e-02,4.674667026847600937e-03,1.159736394882202148e+00
1762896783.362972021,4.081614315509796143e-02,4.697385709732770920e-03,1.158357739448547363e+00
1762896783.382966280,4.060751572251319885e-02,4.727537743747234344e-03,1.157110452651977539e+00
1762896783.402769804,4.037433117628097534e-02,4.765748511999845505e-03,1.155983448028564453e+00
1762896783.422870874,4.014115035533905029e-02,4.810635000467300415e-03,1.154999136924743652e+00
1762896783.442855120,3.991133347153663635e-02,4.861379042267799377e-03,1.154145598411560059e+00
1762896783.462744474,3.968938067555427551e-02,4.917429760098457336e-03,1.153394103050231934e+00
1762896783.483965158,3.945900872349739075e-02,4.978646058589220047e-03,1.152700066566467285e+00
1762896783.503916979,3.928869590163230896e-02,5.041688214987516403e-03,1.152036428451538086e+00
1762896783.523800135,3.911205008625984192e-02,5.108826328068971634e-03,1.151333689689636230e+00
1762896783.544018269,3.895223513245582581e-02,5.179120227694511414e-03,1.150558233261108398e+00
1762896783.563869715,3.881111368536949158e-02,5.252142436802387238e-03,1.149681925773620605e+00
1762896783.583764076,3.868804126977920532e-02,5.327648483216762543e-03,1.148693799972534180e+00
1762896783.603897572,3.907508403062820435e-02,5.381784867495298386e-03,1.147867083549499512e+00
1762896783.623813629,3.912357985973358154e-02,5.453267600387334824e-03,1.146807551383972168e+00
1762896783.643919468,3.857496008276939392e-02,5.555841606110334396e-03,1.145346045494079590e+00
1762896783.664359093,3.883146494626998901e-02,5.618679337203502655e-03,1.144378066062927246e+00
1762896783.683877707,3.842720389366149902e-02,5.712679121643304825e-03,1.143045902252197266e+00
1762896783.703925848,3.818247094750404358e-02,5.777674727141857147e-03,1.142145037651062012e+00
1762896783.724051952,3.875407204031944275e-02,5.834768060594797134e-03,1.141284823417663574e+00
1762896783.743837595,3.807600960135459900e-02,5.910275969654321671e-03,1.140317440032958984e+00
1762896783.763800859,3.797838836908340454e-02,5.968203768134117126e-03,1.139510273933410645e+00
1762896783.783980608,3.786932304501533508e-02,6.018603686243295670e-03,1.138756036758422852e+00
1762896783.804058313,3.774770349264144897e-02,6.060900632292032242e-03,1.138026356697082520e+00
1762896783.823895454,3.761090338230133057e-02,6.094741635024547577e-03,1.137292742729187012e+00
1762896783.843831539,3.745807707309722900e-02,6.120707374066114426e-03,1.136525750160217285e+00
1762896783.863854647,3.729016333818435669e-02,6.139610428363084793e-03,1.135704874992370605e+00
1762896783.884859562,3.710816428065299988e-02,6.152055691927671432e-03,1.134820818901062012e+00
1762896783.903078794,3.787147998809814453e-02,6.149056367576122284e-03,1.134317755699157715e+00
1762896783.922832727,3.769663721323013306e-02,6.153805647045373917e-03,1.133359313011169434e+00
1762896783.942835331,3.749271854758262634e-02,6.154903676360845566e-03,1.132355809211730957e+00
1762896783.962783337,3.728132694959640503e-02,6.153205875307321548e-03,1.131339192390441895e+00
1762896783.983866453,3.706709668040275574e-02,6.149838678538799286e-03,1.130329608917236328e+00
1762896784.003857374,3.684534505009651184e-02,6.145403254777193069e-03,1.129344224929809570e+00
1762896784.024002314,3.663238510489463806e-02,6.141088437288999557e-03,1.128407001495361328e+00
1762896784.044252157,3.641315549612045288e-02,6.137627176940441132e-03,1.127522110939025879e+00
1762896784.063851118,3.619406372308731079e-02,6.135820411145687103e-03,1.126695275306701660e+00
1762896784.083878517,3.597695007920265198e-02,6.136356387287378311e-03,1.125922441482543945e+00
1762896784.103825092,3.576301783323287964e-02,6.139847915619611740e-03,1.125194191932678223e+00
1762896784.123884678,3.555329889059066772e-02,6.147022824734449387e-03,1.124496102333068848e+00
1762896784.143959522,3.534877672791481018e-02,6.158552598208189011e-03,1.123811006546020508e+00
1762896784.164200306,3.515030443668365479e-02,6.174986250698566437e-03,1.123121261596679688e+00
1762896784.182825565,3.467689827084541321e-02,6.196680478751659393e-03,1.122471332550048828e+00
1762896784.203896284,3.445706889033317566e-02,6.224476732313632965e-03,1.121716141700744629e+00
1762896784.223767519,3.432475030422210693e-02,6.256373599171638489e-03,1.120949625968933105e+00
1762896784.243938446,3.442724049091339111e-02,6.296636536717414856e-03,1.120047807693481445e+00
1762896784.264024734,3.426204249262809753e-02,6.341145373880863190e-03,1.119182586669921875e+00
1762896784.283805370,3.382951393723487854e-02,6.388003472238779068e-03,1.118372797966003418e+00
1762896784.303941250,3.367250040173530579e-02,6.440975237637758255e-03,1.117482542991638184e+00
1762896784.323986530,3.351791575551033020e-02,6.496884394437074661e-03,1.116606950759887695e+00
1762896784.343830109,3.336433693766593933e-02,6.554469000548124313e-03,1.115763783454895020e+00
1762896784.363908529,3.321072831749916077e-02,6.612368393689393997e-03,1.114965319633483887e+00
1762896784.383936405,3.305667638778686523e-02,6.669192574918270111e-03,1.114216208457946777e+00
1762896784.403801441,3.290204703807830811e-02,6.723537575453519821e-03,1.113514780998229980e+00
1762896784.423841000,3.274704143404960632e-02,6.774135399609804153e-03,1.112854599952697754e+00
1762896784.443956614,3.259209915995597839e-02,6.820029113441705704e-03,1.112224340438842773e+00
1762896784.463803768,3.243783488869667053e-02,6.860516965389251709e-03,1.111609935760498047e+00
1762896784.483810663,3.228493407368659973e-02,6.895156111568212509e-03,1.110995531082153320e+00
1762896784.503986835,3.213384374976158142e-02,6.923760753124952316e-03,1.110365509986877441e+00
1762896784.523865700,3.228230774402618408e-02,6.940539926290512085e-03,1.109811663627624512e+00
1762896784.543923378,3.209698945283889771e-02,6.959179881960153580e-03,1.109110355377197266e+00
1762896784.563983202,3.171802312135696411e-02,6.975179072469472885e-03,1.108293533325195312e+00
1762896784.583890438,3.179714083671569824e-02,6.980708334594964981e-03,1.107620954513549805e+00
1762896784.603828907,3.145588561892509460e-02,6.987095344811677933e-03,1.106751203536987305e+00
1762896784.623927116,3.128295391798019409e-02,6.988605018705129623e-03,1.105940461158752441e+00
1762896784.644345045,3.115148656070232391e-02,6.987820379436016083e-03,1.105154275894165039e+00
1762896784.663842201,3.100889734923839569e-02,6.985676474869251251e-03,1.104385733604431152e+00
1762896784.684041262,3.025835566222667694e-02,6.986004300415515900e-03,1.103576779365539551e+00
1762896784.703933239,3.060333617031574249e-02,6.980679929256439209e-03,1.103066921234130859e+00
1762896784.722877026,3.001595288515090942e-02,6.979226134717464447e-03,1.102251887321472168e+00
1762896784.742956877,2.980202063918113708e-02,6.977165117859840393e-03,1.101609706878662109e+00
1762896784.762798548,3.013271279633045197e-02,6.973903160542249680e-03,1.101170182228088379e+00
1762896784.782898664,2.963067777454853058e-02,6.976581644266843796e-03,1.100483536720275879e+00
1762896784.803012371,2.993232756853103638e-02,6.976435892283916473e-03,1.100045084953308105e+00
1762896784.822797298,2.979480102658271790e-02,6.981667131185531616e-03,1.099466204643249512e+00
1762896784.842972517,2.963335253298282623e-02,6.990222726017236710e-03,1.098861813545227051e+00
1762896784.863080978,2.947257459163665771e-02,7.002002559602260590e-03,1.098234295845031738e+00
1762896784.882797480,2.920058369636535645e-02,7.018973119556903839e-03,1.097541093826293945e+00
1762896784.902875423,2.915605530142784119e-02,7.036649622023105621e-03,1.096899390220642090e+00
1762896784.922951698,2.900812029838562012e-02,7.059022784233093262e-03,1.096203088760375977e+00
1762896784.942780256,2.885362505912780762e-02,7.084649987518787384e-03,1.095496296882629395e+00
1762896784.962881804,2.869841642677783966e-02,7.112881634384393692e-03,1.094793677330017090e+00
1762896784.983781099,2.854274585843086243e-02,7.143150083720684052e-03,1.094106554985046387e+00
1762896785.003953457,2.837711572647094727e-02,7.174947764724493027e-03,1.093441009521484375e+00
1762896785.023841143,2.823161333799362183e-02,7.206783164292573929e-03,1.092813253402709961e+00
1762896785.043934584,2.807601913809776306e-02,7.238458376377820969e-03,1.092213630676269531e+00
1762896785.063956261,2.792092971503734589e-02,7.269052322953939438e-03,1.091642737388610840e+00
1762896785.083754063,2.776786312460899353e-02,7.298001088201999664e-03,1.091095447540283203e+00
1762896785.102828741,2.757298387587070465e-02,7.325626909732818604e-03,1.090551137924194336e+00
1762896785.123015404,2.747064642608165741e-02,7.348918356001377106e-03,1.090040087699890137e+00
1762896785.142863512,2.672604098916053772e-02,7.375792134553194046e-03,1.089466094970703125e+00
1762896785.162988186,2.658927813172340393e-02,7.394183427095413208e-03,1.088930726051330566e+00
1762896785.182809830,2.706378512084484100e-02,7.404778618365526199e-03,1.088430285453796387e+00
1762896785.202763081,2.727461047470569611e-02,7.410986348986625671e-03,1.088102102279663086e+00
1762896785.222899914,2.621465176343917847e-02,7.433350197970867157e-03,1.087223291397094727e+00
1762896785.243067026,2.610263787209987640e-02,7.442113477736711502e-03,1.086626768112182617e+00
1762896785.262866020,2.599735930562019348e-02,7.449214812368154526e-03,1.086027741432189941e+00
1762896785.282992840,2.589796110987663269e-02,7.454941049218177795e-03,1.085434556007385254e+00
1762896785.302815199,2.580540813505649567e-02,7.459895685315132141e-03,1.084856152534484863e+00
1762896785.322887659,2.572152391076087952e-02,7.464329246431589127e-03,1.084298729896545410e+00
1762896785.342890739,2.564747259020805359e-02,7.468578871339559555e-03,1.083763241767883301e+00
1762896785.362891912,2.558358386158943176e-02,7.473010104149580002e-03,1.083252668380737305e+00
1762896785.382902384,2.552788518369197845e-02,7.477737963199615479e-03,1.082765579223632812e+00
1762896785.402864218,2.548040635883808136e-02,7.483494933694601059e-03,1.082294106483459473e+00
1762896785.422950983,2.544182352721691132e-02,7.490638177841901779e-03,1.081832170486450195e+00
1762896785.442804575,2.541168779134750366e-02,7.499238476157188416e-03,1.081372737884521484e+00
1762896785.462945461,2.538890391588211060e-02,7.509645074605941772e-03,1.080907821655273438e+00
1762896785.482990265,2.537217736244201660e-02,7.522133179008960724e-03,1.080431461334228516e+00
1762896785.502955914,2.536023408174514771e-02,7.536808494478464127e-03,1.079940438270568848e+00
1762896785.522931814,2.581769227981567383e-02,7.547143381088972092e-03,1.079571604728698730e+00
1762896785.542951822,2.549678273499011993e-02,7.570375222712755203e-03,1.078958392143249512e+00
1762896785.562901974,2.592360042035579681e-02,7.584036327898502350e-03,1.078566789627075195e+00
1762896785.582878590,2.537715248763561249e-02,7.614543661475181580e-03,1.077872395515441895e+00
1762896785.603030205,2.579108439385890961e-02,7.629752624779939651e-03,1.077486991882324219e+00
1762896785.622880459,2.579843997955322266e-02,7.651268038898706436e-03,1.076992511749267578e+00
1762896785.643072605,2.528610453009605408e-02,7.675109431147575378e-03,1.076486468315124512e+00
1762896785.663022518,2.525258436799049377e-02,7.694132626056671143e-03,1.076026201248168945e+00
1762896785.682866812,2.519129775464534760e-02,7.711019832640886307e-03,1.075579166412353516e+00
1762896785.702863932,2.511394210159778595e-02,7.724406197667121887e-03,1.075141906738281250e+00
1762896785.724004984,2.492555975914001465e-02,7.734343875199556351e-03,1.074684023857116699e+00
1762896785.743948936,2.490292116999626160e-02,7.738218642771244049e-03,1.074267506599426270e+00
1762896785.763904572,2.477673068642616272e-02,7.738266605883836746e-03,1.073819518089294434e+00
1762896785.783842802,2.462916634976863861e-02,7.733474019914865494e-03,1.073356747627258301e+00
1762896785.804015636,2.507187053561210632e-02,7.721764501184225082e-03,1.072930693626403809e+00
1762896785.822896481,2.523363381624221802e-02,7.712726946920156479e-03,1.072645902633666992e+00
1762896785.842847347,2.508061379194259644e-02,7.696626242250204086e-03,1.072160720825195312e+00
1762896785.862830877,2.489985153079032898e-02,7.676878944039344788e-03,1.071665883064270020e+00
1762896785.882789135,2.471415325999259949e-02,7.654105313122272491e-03,1.071172237396240234e+00
1762896785.903860569,2.450467646121978760e-02,7.628709543496370316e-03,1.070676565170288086e+00
1762896785.923866749,2.434222586452960968e-02,7.602139841765165329e-03,1.070202469825744629e+00
1762896785.944060087,2.416209876537322998e-02,7.574633229523897171e-03,1.069734334945678711e+00
1762896785.963878632,2.398575842380523682e-02,7.547099143266677856e-03,1.069278478622436523e+00
1762896785.983882666,2.381590381264686584e-02,7.520333398133516312e-03,1.068835258483886719e+00
1762896786.003862143,2.365380898118019104e-02,7.495145779103040695e-03,1.068403482437133789e+00
1762896786.024150610,2.321754582226276398e-02,7.469784934073686600e-03,1.067911505699157715e+00
1762896786.043924570,2.333762869238853455e-02,7.452256511896848679e-03,1.067563056945800781e+00
1762896786.063923836,2.322572097182273865e-02,7.436140906065702438e-03,1.067159056663513184e+00
1762896786.083859921,2.287261933088302612e-02,7.423258386552333832e-03,1.066696643829345703e+00
1762896786.103852272,2.291879430413246155e-02,7.416276726871728897e-03,1.066330790519714355e+00
1762896786.123980284,2.288426272571086884e-02,7.413943763822317123e-03,1.065943241119384766e+00
1762896786.144017696,2.279476262629032135e-02,7.416385225951671600e-03,1.065539836883544922e+00
1762896786.163104534,2.243988960981369019e-02,7.426484953612089157e-03,1.065067768096923828e+00
1762896786.182861805,2.186036482453346252e-02,7.442386355251073837e-03,1.064636230468750000e+00
1762896786.203823090,2.221511304378509521e-02,7.455244660377502441e-03,1.064332485198974609e+00
1762896786.223978519,2.175110951066017151e-02,7.483107037842273712e-03,1.063827514648437500e+00
1762896786.243838549,2.165641263127326965e-02,7.508934009820222855e-03,1.063414573669433594e+00
1762896786.263808727,2.227215282618999481e-02,7.530051749199628830e-03,1.063082933425903320e+00
1762896786.284997702,2.188280038535594940e-02,7.557998877018690109e-03,1.062700629234313965e+00
1762896786.302821159,2.132000774145126343e-02,7.595635019242763519e-03,1.062193989753723145e+00
1762896786.322888851,2.135044522583484650e-02,7.620580028742551804e-03,1.061836719512939453e+00
1762896786.343010426,2.114983275532722473e-02,7.647522259503602982e-03,1.061432242393493652e+00
1762896786.362884760,2.152188494801521301e-02,7.661585696041584015e-03,1.061165213584899902e+00
1762896786.382973671,2.156045101583003998e-02,7.677593268454074860e-03,1.060831427574157715e+00
1762896786.402941227,2.087761089205741882e-02,7.697789929807186127e-03,1.060346722602844238e+00
1762896786.423768044,2.076401561498641968e-02,7.704716641455888748e-03,1.059989929199218750e+00
1762896786.443875551,2.111063338816165924e-02,7.704064715653657913e-03,1.059727787971496582e+00
1762896786.463758945,2.114419452846050262e-02,7.700394839048385620e-03,1.059396982192993164e+00
1762896786.483902216,2.057901769876480103e-02,7.690936326980590820e-03,1.058934450149536133e+00
1762896786.503798485,2.091848105192184448e-02,7.678657770156860352e-03,1.058665871620178223e+00
1762896786.524036407,2.073879912495613098e-02,7.660194300115108490e-03,1.058281660079956055e+00
1762896786.543851137,2.071198448538780212e-02,7.638555951416492462e-03,1.057928204536437988e+00
1762896786.562836170,2.095408178865909576e-02,7.617821916937828064e-03,1.057635188102722168e+00
1762896786.582909107,2.088187448680400848e-02,7.592098321765661240e-03,1.057271361351013184e+00
1762896786.602805853,2.080559916794300079e-02,7.564894389361143112e-03,1.056906223297119141e+00
1762896786.622895718,2.073223888874053955e-02,7.537354715168476105e-03,1.056538701057434082e+00
1762896786.642913342,2.038531564176082611e-02,7.513206452131271362e-03,1.056193113327026367e+00
1762896786.662877798,2.031548693776130676e-02,7.487414870411157608e-03,1.055821776390075684e+00
1762896786.682913542,2.024656161665916443e-02,7.463696412742137909e-03,1.055451273918151855e+00
1762896786.702941895,2.045565284788608551e-02,7.440829649567604065e-03,1.055057525634765625e+00
1762896786.722847939,2.038623951375484467e-02,7.423510774970054626e-03,1.054690003395080566e+00
1762896786.743921041,1.999359764158725739e-02,7.410978898406028748e-03,1.054340243339538574e+00
1762896786.763968706,2.024321071803569794e-02,7.400450296700000763e-03,1.053974390029907227e+00
1762896786.783927679,2.017202787101268768e-02,7.395097985863685608e-03,1.053628444671630859e+00
1762896786.803860903,1.982012204825878143e-02,7.394221611320972443e-03,1.053309440612792969e+00
1762896786.822922945,1.970349065959453583e-02,7.397242356091737747e-03,1.052967667579650879e+00
1762896786.842750549,1.967271231114864349e-02,7.404325529932975769e-03,1.052650332450866699e+00
1762896786.862906694,1.960236765444278717e-02,7.415671367198228836e-03,1.052330970764160156e+00
1762896786.882932186,1.953035406768321991e-02,7.430348545312881470e-03,1.052018046379089355e+00
1762896786.902779579,1.945955120027065277e-02,7.447749841958284378e-03,1.051709294319152832e+00
1762896786.922739983,1.939066872000694275e-02,7.467447780072689056e-03,1.051402688026428223e+00
1762896786.942794085,1.955138705670833588e-02,7.485690061002969742e-03,1.051141858100891113e+00
1762896786.962731361,1.933536306023597717e-02,7.510370109230279922e-03,1.050804853439331055e+00
1762896786.982887745,1.943383552134037018e-02,7.530973758548498154e-03,1.050528049468994141e+00
1762896787.002856970,1.916485838592052460e-02,7.557471282780170441e-03,1.050173044204711914e+00
1762896787.023005724,1.915729232132434845e-02,7.579670287668704987e-03,1.049868702888488770e+00
1762896787.042755604,1.911197230219841003e-02,7.600833196192979813e-03,1.049555897712707520e+00
1762896787.062941313,1.922992058098316193e-02,7.617594208568334579e-03,1.049275755882263184e+00
1762896787.083002567,1.924817822873592377e-02,7.632813882082700729e-03,1.048974990844726562e+00
1762896787.102794170,1.920403912663459778e-02,7.645142264664173126e-03,1.048661589622497559e+00
1762896787.122914553,1.915534585714340210e-02,7.653234526515007019e-03,1.048348665237426758e+00
1762896787.142843962,1.910517364740371704e-02,7.656381465494632721e-03,1.048039317131042480e+00
1762896787.163859129,1.905228011310100555e-02,7.654157467186450958e-03,1.047734022140502930e+00
1762896787.183962345,1.899102516472339630e-02,7.646326906979084015e-03,1.047430992126464844e+00
1762896787.204259634,1.893473416566848755e-02,7.632634602487087250e-03,1.047133326530456543e+00
1762896787.223894835,1.886827684938907623e-02,7.612880785018205643e-03,1.046840310096740723e+00
1762896787.243829966,1.879660412669181824e-02,7.587615866214036942e-03,1.046552538871765137e+00
1762896787.262922525,1.840020716190338135e-02,7.559985853731632233e-03,1.046275138854980469e+00
1762896787.283173323,1.836201176047325134e-02,7.525739725679159164e-03,1.046001315116882324e+00
1762896787.302811623,1.828005723655223846e-02,7.486551534384489059e-03,1.045723795890808105e+00
1762896787.322940588,1.819296739995479584e-02,7.444192189723253250e-03,1.045448184013366699e+00
1762896787.344776154,1.836023665964603424e-02,7.394802290946245193e-03,1.045156359672546387e+00
1762896787.363957405,1.730364002287387848e-02,7.337930612266063690e-03,1.044772624969482422e+00
1762896787.383781910,1.729944162070751190e-02,7.294842507690191269e-03,1.044511437416076660e+00
1762896787.403822899,1.722372695803642273e-02,7.251642178744077682e-03,1.044233322143554688e+00
1762896787.423820496,1.714813336730003357e-02,7.210893090814352036e-03,1.043952822685241699e+00
1762896787.442794800,1.698547229170799255e-02,7.172167301177978516e-03,1.043660283088684082e+00
1762896787.462717056,1.702050492167472839e-02,7.142244838178157806e-03,1.043407082557678223e+00
1762896787.482770681,1.698475144803524017e-02,7.116748020052909851e-03,1.043141603469848633e+00
1762896787.502822399,1.696159504354000092e-02,7.098120637238025665e-03,1.042880892753601074e+00
1762896787.522798777,1.695687323808670044e-02,7.087023928761482239e-03,1.042626738548278809e+00
1762896787.542961121,1.697117462754249573e-02,7.084004580974578857e-03,1.042378664016723633e+00
1762896787.562915564,1.700394600629806519e-02,7.089138496667146683e-03,1.042136788368225098e+00
1762896787.582849026,1.789604313671588898e-02,7.094781845808029175e-03,1.042047381401062012e+00
1762896787.602916956,1.797019876539707184e-02,7.111746352165937424e-03,1.041817188262939453e+00
1762896787.622968435,1.804890669882297516e-02,7.135922554880380630e-03,1.041589379310607910e+00
1762896787.642903090,1.813374273478984833e-02,7.166231516748666763e-03,1.041365385055541992e+00
1762896787.663072109,1.822760701179504395e-02,7.201679982244968414e-03,1.041144967079162598e+00
1762896787.683836460,1.832454279065132141e-02,7.240346632897853851e-03,1.040926694869995117e+00
1762896787.702932835,1.839438267052173615e-02,7.281527388840913773e-03,1.040703892707824707e+00
1762896787.722804546,1.821282878518104553e-02,7.319365162402391434e-03,1.040495634078979492e+00
1762896787.742927074,1.857640035450458527e-02,7.361019961535930634e-03,1.040261030197143555e+00
1762896787.762914181,1.834425143897533417e-02,7.394803222268819809e-03,1.040040254592895508e+00
1762896787.782832623,1.837921515107154846e-02,7.425730582326650620e-03,1.039802551269531250e+00
1762896787.802845955,1.839105039834976196e-02,7.450053468346595764e-03,1.039558768272399902e+00
1762896787.823023558,1.837803050875663757e-02,7.466055918484926224e-03,1.039311289787292480e+00
1762896787.842822313,1.833930611610412598e-02,7.472309283912181854e-03,1.039062500000000000e+00
1762896787.862888575,1.827542111277580261e-02,7.467795163393020630e-03,1.038814663887023926e+00
1762896787.882863522,1.818832755088806152e-02,7.451971061527729034e-03,1.038570046424865723e+00
1762896787.902848959,1.808075979351997375e-02,7.424538489431142807e-03,1.038330435752868652e+00
1762896787.923750877,1.794693432748317719e-02,7.385477889329195023e-03,1.038094520568847656e+00
1762896787.943912506,1.782116293907165527e-02,7.336447015404701233e-03,1.037867069244384766e+00
1762896787.963871717,1.767730899155139923e-02,7.278277538716793060e-03,1.037641763687133789e+00
1762896787.983798981,1.752976514399051666e-02,7.212658878415822983e-03,1.037419915199279785e+00
1762896788.003821373,1.738295704126358032e-02,7.140764966607093811e-03,1.037201046943664551e+00
1762896788.024031639,1.724109984934329987e-02,7.065218407660722733e-03,1.036981940269470215e+00
1762896788.043907166,1.710832677781581879e-02,6.988781969994306564e-03,1.036760449409484863e+00
1762896788.063898802,1.698794029653072357e-02,6.913898047059774399e-03,1.036535143852233887e+00
1762896788.083874226,1.688243262469768524e-02,6.842912640422582626e-03,1.036304950714111328e+00
1762896788.102873564,1.675003208220005035e-02,6.776502821594476700e-03,1.036063432693481445e+00
1762896788.122824192,1.672283373773097992e-02,6.721683777868747711e-03,1.035833001136779785e+00
1762896788.142926693,1.667402870953083038e-02,6.675797980278730392e-03,1.035595655441284180e+00
1762896788.163073778,1.664157398045063019e-02,6.641674786806106567e-03,1.035360217094421387e+00
1762896788.182913542,1.662762463092803955e-02,6.620885804295539856e-03,1.035130262374877930e+00
1762896788.202927351,1.663025468587875366e-02,6.613605655729770660e-03,1.034909129142761230e+00
1762896788.225889921,1.660589501261711121e-02,6.620351690798997879e-03,1.034691452980041504e+00
1762896788.243833065,1.667474955320358276e-02,6.640468724071979523e-03,1.034497261047363281e+00
1762896788.263895750,1.671387068927288055e-02,6.673055235296487808e-03,1.034308195114135742e+00
1762896788.284021616,1.675616018474102020e-02,6.716995034366846085e-03,1.034127593040466309e+00
1762896788.302857876,1.676059700548648834e-02,6.771774031221866608e-03,1.033948659896850586e+00
1762896788.322886467,1.625184342265129089e-02,6.838258355855941772e-03,1.033746480941772461e+00
1762896788.343005180,1.629640720784664154e-02,6.904297508299350739e-03,1.033579111099243164e+00
1762896788.362937450,1.632875576615333557e-02,6.972658913582563400e-03,1.033406734466552734e+00
1762896788.382820368,1.635128073394298553e-02,7.040447089821100235e-03,1.033229470252990723e+00
1762896788.402862072,1.636262238025665283e-02,7.104908116161823273e-03,1.033046960830688477e+00
1762896788.422933102,1.636405102908611298e-02,7.163708098232746124e-03,1.032858371734619141e+00
1762896788.442869186,1.635708846151828766e-02,7.214467506855726242e-03,1.032664299011230469e+00
1762896788.463845730,1.614420115947723389e-02,7.260148879140615463e-03,1.032437801361083984e+00
1762896788.483999729,1.632289774715900421e-02,7.283166516572237015e-03,1.032270908355712891e+00
1762896788.503996134,1.630927436053752899e-02,7.299280725419521332e-03,1.032076597213745117e+00
1762896788.523853302,1.628242246806621552e-02,7.302406243979930878e-03,1.031884312629699707e+00
1762896788.543818712,1.625570468604564667e-02,7.292507216334342957e-03,1.031696438789367676e+00
1762896788.563962221,1.623188517987728119e-02,7.269715890288352966e-03,1.031515598297119141e+00
1762896788.582780123,1.707822643220424652e-02,7.249617017805576324e-03,1.031462192535400391e+00
1762896788.602825403,1.708127930760383606e-02,7.211290765553712845e-03,1.031292438507080078e+00
1762896788.622818947,1.706714741885662079e-02,7.163502741605043411e-03,1.031125664710998535e+00
1762896788.642906904,1.705575361847877502e-02,7.108973804861307144e-03,1.030963778495788574e+00
1762896788.663921595,1.704990491271018982e-02,7.049483712762594223e-03,1.030806779861450195e+00
1762896788.683964252,1.704310439527034760e-02,6.986641325056552887e-03,1.030652165412902832e+00
1762896788.703866482,1.704652048647403717e-02,6.923262961208820343e-03,1.030496954917907715e+00
1762896788.723942280,1.704436354339122772e-02,6.861105095595121384e-03,1.030336380004882812e+00
1762896788.743025064,1.701910048723220825e-02,6.801357958465814590e-03,1.030167222023010254e+00
1762896788.762951136,1.669931039214134216e-02,6.750439293682575226e-03,1.029993057250976562e+00
1762896788.782960176,1.628716289997100830e-02,6.691803690046072006e-03,1.029754281044006348e+00
1762896788.803179502,1.669684424996376038e-02,6.662026513367891312e-03,1.029626727104187012e+00
1762896788.822923899,1.696951687335968018e-02,6.628080271184444427e-03,1.029429078102111816e+00
1762896788.843875170,1.661315374076366425e-02,6.602660752832889557e-03,1.029180049896240234e+00
1762896788.864049911,1.645958423614501953e-02,6.594120059162378311e-03,1.029013633728027344e+00
1762896788.883936405,1.659560576081275940e-02,6.593346595764160156e-03,1.028805613517761230e+00
1762896788.903914928,1.634291000664234161e-02,6.600993685424327850e-03,1.028640747070312500e+00
1762896788.924005270,1.639406569302082062e-02,6.616157945245504379e-03,1.028492093086242676e+00
1762896788.943870544,1.572985202074050903e-02,6.648003123700618744e-03,1.028267264366149902e+00
1762896788.963819265,1.559515483677387238e-02,6.678860168904066086e-03,1.028127312660217285e+00
1762896788.984012842,1.608913578093051910e-02,6.700279656797647476e-03,1.028068661689758301e+00
1762896789.003845692,1.602232083678245544e-02,6.734649185091257095e-03,1.027950286865234375e+00
1762896789.023879290,1.592034474015235901e-02,6.770671810954809189e-03,1.027829766273498535e+00
1762896789.043839693,1.581808552145957947e-02,6.806472782045602798e-03,1.027708172798156738e+00
1762896789.062770844,1.567779108881950378e-02,6.841718684881925583e-03,1.027575135231018066e+00
1762896789.082897663,1.562916301190853119e-02,6.871909368783235550e-03,1.027441859245300293e+00
1762896789.102914095,1.554737798869609833e-02,6.899079773575067520e-03,1.027291655540466309e+00
1762896789.122809649,1.547115202993154526e-02,6.921611260622739792e-03,1.027128338813781738e+00
1762896789.142920017,1.540413312613964081e-02,6.938663311302661896e-03,1.026954054832458496e+00
1762896789.162753820,1.534754876047372818e-02,6.949916947633028030e-03,1.026770591735839844e+00
1762896789.182809591,1.530219428241252899e-02,6.955112330615520477e-03,1.026583790779113770e+00
1762896789.202811003,1.526848692446947098e-02,6.954257842153310776e-03,1.026396751403808594e+00
1762896789.222848892,1.524665951728820801e-02,6.947424728423357010e-03,1.026215910911560059e+00
1762896789.242868900,1.523653045296669006e-02,6.935254205018281937e-03,1.026042819023132324e+00
1762896789.262948275,1.523819193243980408e-02,6.918109953403472900e-03,1.025879025459289551e+00
1762896789.282779455,1.525153126567602158e-02,6.896364036947488785e-03,1.025729417800903320e+00
1762896789.302790642,1.467821653932332993e-02,6.870836019515991211e-03,1.025554895401000977e+00
1762896789.323052645,1.530790422111749649e-02,6.843165028840303421e-03,1.025472402572631836e+00
1762896789.343091249,1.475299708545207977e-02,6.812357343733310699e-03,1.025324344635009766e+00
1762896789.362902880,1.480118464678525925e-02,6.781391333788633347e-03,1.025220036506652832e+00
1762896789.383030653,1.485376339405775070e-02,6.750792264938354492e-03,1.025114297866821289e+00
1762896789.402774334,1.490926090627908707e-02,6.721608340740203857e-03,1.025000333786010742e+00
1762896789.423779964,1.555284112691879272e-02,6.695677991956472397e-03,1.024908065795898438e+00
1762896789.442792177,1.500535756349563599e-02,6.670689675956964493e-03,1.024733185768127441e+00
1762896789.462868929,1.507929991930723190e-02,6.650930736213922501e-03,1.024582624435424805e+00
1762896789.482967377,1.512810681015253067e-02,6.635235156863927841e-03,1.024417042732238770e+00
1762896789.504161119,1.572333090007305145e-02,6.623676046729087830e-03,1.024277687072753906e+00
1762896789.522838354,1.604600436985492706e-02,6.618546787649393082e-03,1.024190425872802734e+00
1762896789.542927504,1.610206253826618195e-02,6.614203564822673798e-03,1.024019122123718262e+00
1762896789.562888861,1.612829044461250305e-02,6.614424288272857666e-03,1.023847937583923340e+00
1762896789.582993984,1.614716090261936188e-02,6.618613377213478088e-03,1.023686170578002930e+00
1762896789.602795362,1.615841872990131378e-02,6.625832989811897278e-03,1.023535490036010742e+00
1762896789.622834206,1.616050116717815399e-02,6.635658908635377884e-03,1.023394584655761719e+00
1762896789.642947435,1.615256257355213165e-02,6.647602189332246780e-03,1.023263216018676758e+00
1762896789.662743092,1.613386720418930054e-02,6.661112420260906219e-03,1.023140788078308105e+00
1762896789.682885170,1.610378548502922058e-02,6.675749085843563080e-03,1.023024201393127441e+00
1762896789.702953100,1.606215164065361023e-02,6.690314505249261856e-03,1.022911548614501953e+00
1762896789.723021030,1.600902527570724487e-02,6.703658495098352432e-03,1.022799134254455566e+00
1762896789.742851734,1.594536378979682922e-02,6.715009454637765884e-03,1.022683858871459961e+00
1762896789.762885571,1.587245985865592957e-02,6.723601836711168289e-03,1.022562265396118164e+00
1762896789.783976555,1.577018946409225464e-02,6.728961598128080368e-03,1.022429585456848145e+00
1762896789.803822279,1.570565439760684967e-02,6.730122026056051254e-03,1.022292256355285645e+00
1762896789.823838711,1.561752427369356155e-02,6.727273110300302505e-03,1.022142052650451660e+00
1762896789.842891932,1.520407106727361679e-02,6.721967831254005432e-03,1.021978616714477539e+00
1762896789.862910748,1.515728328377008438e-02,6.710834801197052002e-03,1.021818161010742188e+00
1762896789.882939816,1.507311128079891205e-02,6.695851217955350876e-03,1.021648883819580078e+00
1762896789.902807236,1.499133184552192688e-02,6.677588913589715958e-03,1.021477818489074707e+00
1762896789.922975302,1.491583324968814850e-02,6.656568031758069992e-03,1.021311283111572266e+00
1762896789.943714142,1.510813739150762558e-02,6.630593445152044296e-03,1.021150112152099609e+00
1762896789.963054895,1.474730391055345535e-02,6.609227042645215988e-03,1.020997524261474609e+00
1762896789.982977629,1.474378816783428192e-02,6.585699971765279770e-03,1.020865559577941895e+00
1762896790.002852201,1.470847800374031067e-02,6.562696304172277451e-03,1.020739197731018066e+00
1762896790.022885561,1.468132901936769485e-02,6.541306618601083755e-03,1.020623803138732910e+00
1762896790.043012381,1.466363295912742615e-02,6.522415205836296082e-03,1.020518183708190918e+00
1762896790.062860012,1.465421915054321289e-02,6.506972014904022217e-03,1.020417571067810059e+00
1762896790.082828522,1.465165335685014725e-02,6.495528854429721832e-03,1.020318269729614258e+00
1762896790.102870703,1.461341232061386108e-02,6.488524843007326126e-03,1.020211338996887207e+00
1762896790.122858047,1.453559100627899170e-02,6.486491765826940536e-03,1.020093560218811035e+00
1762896790.142964125,1.422121841460466385e-02,6.491317413747310638e-03,1.019941806793212891e+00
1762896790.162766218,1.465881709009408951e-02,6.497554015368223190e-03,1.019861817359924316e+00
1762896790.182815790,1.424462720751762390e-02,6.514849606901407242e-03,1.019671559333801270e+00
1762896790.202871799,1.466862577944993973e-02,6.527747027575969696e-03,1.019573450088500977e+00
1762896790.222913742,1.424357015639543533e-02,6.555367261171340942e-03,1.019362211227416992e+00
1762896790.243037701,1.465787179768085480e-02,6.573376245796680450e-03,1.019265532493591309e+00
1762896790.263833761,1.412845868617296219e-02,6.607890594750642776e-03,1.019057273864746094e+00
1762896790.283841372,1.461501047015190125e-02,6.625442299991846085e-03,1.018989801406860352e+00
1762896790.303915024,1.461087167263031006e-02,6.650302093476057053e-03,1.018876194953918457e+00
1762896790.323937654,1.456941664218902588e-02,6.673732772469520569e-03,1.018772959709167480e+00
1762896790.344027042,1.451747957617044449e-02,6.694068666547536850e-03,1.018681406974792480e+00
1762896790.363956928,1.445851009339094162e-02,6.710617803037166595e-03,1.018597483634948730e+00
1762896790.383907557,1.439203508198261261e-02,6.722250021994113922e-03,1.018516778945922852e+00
1762896790.403874159,1.431651413440704346e-02,6.728400010615587234e-03,1.018431901931762695e+00
1762896790.424015522,1.423227414488792419e-02,6.729123182594776154e-03,1.018337607383728027e+00
1762896790.443856716,1.414027344435453415e-02,6.724012549966573715e-03,1.018229961395263672e+00
1762896790.463930607,1.404187921434640884e-02,6.713083479553461075e-03,1.018106698989868164e+00
1762896790.483910322,1.393841300159692764e-02,6.696537602692842484e-03,1.017967700958251953e+00
1762896790.503934622,1.383182778954505920e-02,6.675034761428833008e-03,1.017813801765441895e+00
1762896790.522819281,1.368040218949317932e-02,6.648591719567775726e-03,1.017644524574279785e+00
1762896790.542860270,1.301307510584592819e-02,6.618486717343330383e-03,1.017437815666198730e+00
1762896790.562929869,1.291442289948463440e-02,6.586271803826093674e-03,1.017269372940063477e+00
1762896790.582774639,1.281569711863994598e-02,6.552585400640964508e-03,1.017107248306274414e+00
1762896790.602845669,1.272351760417222977e-02,6.518509238958358765e-03,1.016961693763732910e+00
1762896790.622861385,1.263976190239191055e-02,6.485127843916416168e-03,1.016843795776367188e+00
1762896790.643823862,1.345982868224382401e-02,6.467292085289955139e-03,1.016843080520629883e+00
1762896790.664003849,1.251420564949512482e-02,6.418814416974782944e-03,1.016698479652404785e+00
1762896790.683916569,1.247408799827098846e-02,6.386055611073970795e-03,1.016663908958435059e+00
1762896790.703952789,1.245024334639310837e-02,6.354328710585832596e-03,1.016644120216369629e+00
1762896790.723842859,1.244443003088235855e-02,6.324121262878179550e-03,1.016627073287963867e+00
1762896790.743782043,1.245509088039398193e-02,6.296008359640836716e-03,1.016602277755737305e+00
1762896790.763800859,1.248041819781064987e-02,6.270977202802896500e-03,1.016561269760131836e+00
1762896790.783990622,1.251895260065793991e-02,6.249738391488790512e-03,1.016500234603881836e+00
1762896790.803917170,1.256956905126571655e-02,6.232755258679389954e-03,1.016414880752563477e+00
1762896790.823941469,1.262916158884763718e-02,6.220224779099225998e-03,1.016308307647705078e+00
1762896790.843889713,1.269265916198492050e-02,6.212333682924509048e-03,1.016183972358703613e+00
1762896790.863868952,1.275760121643543243e-02,6.209489423781633377e-03,1.016044378280639648e+00
1762896790.883811951,1.282173395156860352e-02,6.211470346897840500e-03,1.015901923179626465e+00
1762896790.904135466,1.288191974163055420e-02,6.217404734343290329e-03,1.015763759613037109e+00
1762896790.923787117,1.293580234050750732e-02,6.226734723895788193e-03,1.015633344650268555e+00
1762896790.943859577,1.298122387379407883e-02,6.238528527319431305e-03,1.015520215034484863e+00
1762896790.963990211,1.301641203463077545e-02,6.251528393477201462e-03,1.015426158905029297e+00
1762896790.983826637,1.304018311202526093e-02,6.264738738536834717e-03,1.015351057052612305e+00
1762896791.002941847,1.390349864959716797e-02,6.269574165344238281e-03,1.015365839004516602e+00
1762896791.022949219,1.392952445894479752e-02,6.280229426920413971e-03,1.015315651893615723e+00
1762896791.042917728,1.392446737736463547e-02,6.288325414061546326e-03,1.015274047851562500e+00
1762896791.062898159,1.362569257616996765e-02,6.293163634836673737e-03,1.015226244926452637e+00
1762896791.082861662,1.359827443957328796e-02,6.293309386819601059e-03,1.015187859535217285e+00
1762896791.102829933,1.355940755456686020e-02,6.288001313805580139e-03,1.015144109725952148e+00
1762896791.122951508,1.373073831200599670e-02,6.277762819081544876e-03,1.015105247497558594e+00
1762896791.142741919,1.373622473329305649e-02,6.261858623474836349e-03,1.015039563179016113e+00
1762896791.162918806,1.366218924522399902e-02,6.239642389118671417e-03,1.014950275421142578e+00
1762896791.182856798,1.357125490903854370e-02,6.211299914866685867e-03,1.014840364456176758e+00
1762896791.202826500,1.346850115805864334e-02,6.176828406751155853e-03,1.014710426330566406e+00
1762896791.223865509,1.305747684091329575e-02,6.129867397248744965e-03,1.014529824256896973e+00
1762896791.243770838,1.315703708678483963e-02,6.088397465646266937e-03,1.014404416084289551e+00
1762896791.264171600,1.309563126415014267e-02,6.039218045771121979e-03,1.014260768890380859e+00
1762896791.283847809,1.295897550880908966e-02,5.984884686768054962e-03,1.014117121696472168e+00
1762896791.303994179,1.281351502984762192e-02,5.927782971411943436e-03,1.013987779617309570e+00
1762896791.323701859,1.261017099022865295e-02,5.867436528205871582e-03,1.013869881629943848e+00
1762896791.343899965,1.252181176096200943e-02,5.809783935546875000e-03,1.013785123825073242e+00
1762896791.363855124,1.238588150590658188e-02,5.751111079007387161e-03,1.013714790344238281e+00
1762896791.383753061,1.225247513502836227e-02,5.694217979907989502e-03,1.013660788536071777e+00
1762896791.403872252,1.212685462087392807e-02,5.640582181513309479e-03,1.013619065284729004e+00
1762896791.423842430,1.201142556965351105e-02,5.591280292719602585e-03,1.013582468032836914e+00
1762896791.443831921,1.190721429884433746e-02,5.547308828681707382e-03,1.013543486595153809e+00
1762896791.463918686,1.181470789015293121e-02,5.509837530553340912e-03,1.013496756553649902e+00
1762896791.483764887,1.173457689583301544e-02,5.479844752699136734e-03,1.013435959815979004e+00
1762896791.503819942,1.166705042123794556e-02,5.457832943648099899e-03,1.013357520103454590e+00
1762896791.523837090,1.161217130720615387e-02,5.444477777928113937e-03,1.013260602951049805e+00
1762896791.543919802,1.156996749341487885e-02,5.440291948616504669e-03,1.013145923614501953e+00
1762896791.563845634,1.153940241783857346e-02,5.444781389087438583e-03,1.013016223907470703e+00
1762896791.583841801,1.151922624558210373e-02,5.457565188407897949e-03,1.012877821922302246e+00
1762896791.604004622,1.150784548372030258e-02,5.477761849761009216e-03,1.012736678123474121e+00
1762896791.623925924,1.150364708155393600e-02,5.504546687006950378e-03,1.012601137161254883e+00
1762896791.643909693,1.150473020970821381e-02,5.536437965929508209e-03,1.012477993965148926e+00
1762896791.663866520,1.150931976735591888e-02,5.572050809860229492e-03,1.012373566627502441e+00
1762896791.684013605,1.123131345957517624e-02,5.607005208730697632e-03,1.012281298637390137e+00
1762896791.703899145,1.152175851166248322e-02,5.647264886647462845e-03,1.012228488922119141e+00
1762896791.723943710,1.152709405869245529e-02,5.684200674295425415e-03,1.012185692787170410e+00
1762896791.743894100,1.124623697251081467e-02,5.716507323086261749e-03,1.012147307395935059e+00
1762896791.764049768,1.124586164951324463e-02,5.746301263570785522e-03,1.012131690979003906e+00
1762896791.783796072,1.151347998529672623e-02,5.765489302575588226e-03,1.012131094932556152e+00
1762896791.803875446,1.152221485972404480e-02,5.782958120107650757e-03,1.012110471725463867e+00
1762896791.823040247,1.125262770801782608e-02,5.794553086161613464e-03,1.012061715126037598e+00
1762896791.842914343,1.120570581406354904e-02,5.793987773358821869e-03,1.012007355690002441e+00
1762896791.862871885,1.117961760610342026e-02,5.783739965409040451e-03,1.011932492256164551e+00
1762896791.883002520,1.114930491894483566e-02,5.763901863247156143e-03,1.011835336685180664e+00
1762896791.903792620,1.111183501780033112e-02,5.734484177082777023e-03,1.011718869209289551e+00
1762896791.923795700,1.105938013643026352e-02,5.696117412298917770e-03,1.011584520339965820e+00
1762896791.943961382,1.102097984403371811e-02,5.649973638355731964e-03,1.011445403099060059e+00
1762896791.963797092,1.096908468753099442e-02,5.596743896603584290e-03,1.011305689811706543e+00
1762896791.983931303,1.091462373733520508e-02,5.537867546081542969e-03,1.011173248291015625e+00
1762896792.003767967,1.085974927991628647e-02,5.474688485264778137e-03,1.011051416397094727e+00
1762896792.022895098,1.079688873142004013e-02,5.408081691712141037e-03,1.010945916175842285e+00
1762896792.042960405,1.075571682304143906e-02,5.341045558452606201e-03,1.010861396789550781e+00
1762896792.062872410,1.070827711373567581e-02,5.273707211017608643e-03,1.010794281959533691e+00
1762896792.082892418,1.066482905298471451e-02,5.207749549299478531e-03,1.010743737220764160e+00
1762896792.102879763,1.062715891748666763e-02,5.145194474607706070e-03,1.010706424713134766e+00
1762896792.122914076,1.081680413335561752e-02,5.094801075756549835e-03,1.010690212249755859e+00
1762896792.142823219,1.086107268929481506e-02,5.044770427048206329e-03,1.010664939880371094e+00
1762896792.162929773,1.056935358792543411e-02,5.003312602639198303e-03,1.010622143745422363e+00
1762896792.182912350,1.010933239012956619e-02,4.957878496497869492e-03,1.010556578636169434e+00
1762896792.202869654,1.053002569824457169e-02,4.940141458064317703e-03,1.010546803474426270e+00
1762896792.222904682,1.056039240211248398e-02,4.927190020680427551e-03,1.010506987571716309e+00
1762896792.242889881,1.057383324950933456e-02,4.927268251776695251e-03,1.010461568832397461e+00
1762896792.262747288,1.059222035109996796e-02,4.942278843373060226e-03,1.010412216186523438e+00
1762896792.282869816,1.061700843274593353e-02,4.971712827682495117e-03,1.010362505912780762e+00
1762896792.302819252,1.064644940197467804e-02,5.014118738472461700e-03,1.010314345359802246e+00
1762896792.322904825,1.059950888156890869e-02,5.071921274065971375e-03,1.010262250900268555e+00
1762896792.342912197,1.071194279938936234e-02,5.134223960340023041e-03,1.010226726531982422e+00
1762896792.362862825,1.020302250981330872e-02,5.232688039541244507e-03,1.010151147842407227e+00
1762896792.383017302,1.075647864490747452e-02,5.288030020892620087e-03,1.010158777236938477e+00
1762896792.402909517,1.081998739391565323e-02,5.369401536881923676e-03,1.010136842727661133e+00
1762896792.422927141,1.085221953690052032e-02,5.452780053019523621e-03,1.010118722915649414e+00
1762896792.442821026,1.088066678494215012e-02,5.534461699426174164e-03,1.010106086730957031e+00
1762896792.462944031,1.090989913791418076e-02,5.612105131149291992e-03,1.010099053382873535e+00
1762896792.483772278,1.041378267109394073e-02,5.705665796995162964e-03,1.010067224502563477e+00
1762896792.502961159,1.041696406900882721e-02,5.764754023402929306e-03,1.010059475898742676e+00
1762896792.522945881,1.097109261900186539e-02,5.794744007289409637e-03,1.010076880455017090e+00
1762896792.542929173,1.092450320720672607e-02,5.834205076098442078e-03,1.010054349899291992e+00
1762896792.563105583,1.104639098048210144e-02,5.856118164956569672e-03,1.010032534599304199e+00
1762896792.582853317,1.097437832504510880e-02,5.869087763130664825e-03,1.009989142417907715e+00
1762896792.602886677,1.099833007901906967e-02,5.866817664355039597e-03,1.009946227073669434e+00
1762896792.622797489,1.153599470853805542e-02,5.855488590896129608e-03,1.009937167167663574e+00
1762896792.642864466,1.114172954112291336e-02,5.825507920235395432e-03,1.009845733642578125e+00
1762896792.664316416,1.075211074203252792e-02,5.779092200100421906e-03,1.009745001792907715e+00
1762896792.683900595,1.108891703188419342e-02,5.739657673984766006e-03,1.009707331657409668e+00
1762896792.703870535,1.064958982169628143e-02,5.685009527951478958e-03,1.009616374969482422e+00
1762896792.724024534,1.067447662353515625e-02,5.627286154776811600e-03,1.009553551673889160e+00
1762896792.743868828,1.067768596112728119e-02,5.566898733377456665e-03,1.009495973587036133e+00
1762896792.763951778,1.067462377250194550e-02,5.506995134055614471e-03,1.009442210197448730e+00
1762896792.783970833,1.066552195698022842e-02,5.449243355542421341e-03,1.009391903877258301e+00
1762896792.803797007,1.064922288060188293e-02,5.395395215600728989e-03,1.009344220161437988e+00
1762896792.823857784,1.062605530023574829e-02,5.347547121345996857e-03,1.009296417236328125e+00
1762896792.843980312,1.059656962752342224e-02,5.307073704898357391e-03,1.009246826171875000e+00
1762896792.863962412,1.056200079619884491e-02,5.275434814393520355e-03,1.009193778038024902e+00
1762896792.883893490,1.052337884902954102e-02,5.253742448985576630e-03,1.009135842323303223e+00
1762896792.903769732,1.048211473971605301e-02,5.242645274847745895e-03,1.009073257446289062e+00
1762896792.923777819,1.044009532779455185e-02,5.242880899459123611e-03,1.009008049964904785e+00
1762896792.945972443,1.095388550311326981e-02,5.254931747913360596e-03,1.008975744247436523e+00
1762896792.963917255,1.123321242630481720e-02,5.266638938337564468e-03,1.008954405784606934e+00
1762896792.983877659,1.123001333326101303e-02,5.293832626193761826e-03,1.008893370628356934e+00
1762896793.002891064,1.119192503392696381e-02,5.332023836672306061e-03,1.008830547332763672e+00
1762896793.022815228,1.098994817584753036e-02,5.384169518947601318e-03,1.008758187294006348e+00
1762896793.043794632,1.088132616132497787e-02,5.442587658762931824e-03,1.008699417114257812e+00
1762896793.063923120,1.093981042504310608e-02,5.502355750650167465e-03,1.008657932281494141e+00
1762896793.083930254,1.098357886075973511e-02,5.566378589719533920e-03,1.008619189262390137e+00
1762896793.103828192,1.102454960346221924e-02,5.633181426674127579e-03,1.008582592010498047e+00
1762896793.123909950,1.107368618249893188e-02,5.701194051653146744e-03,1.008547425270080566e+00
1762896793.143874884,1.113033108413219452e-02,5.767559166997671127e-03,1.008514046669006348e+00
1762896793.164817810,1.119232363998889923e-02,5.829999223351478577e-03,1.008481264114379883e+00
1762896793.182898283,1.065542362630367279e-02,5.894178990274667740e-03,1.008414506912231445e+00
1762896793.202935219,1.074486318975687027e-02,5.943004973232746124e-03,1.008379220962524414e+00
1762896793.222883940,1.081559434533119202e-02,5.983538459986448288e-03,1.008338809013366699e+00
1762896793.242952347,1.088409125804901123e-02,6.013722158968448639e-03,1.008292794227600098e+00
1762896793.262836933,1.094994880259037018e-02,6.032760720700025558e-03,1.008240342140197754e+00
1762896793.282920361,1.101210806518793106e-02,6.040195934474468231e-03,1.008181929588317871e+00
1762896793.302900553,1.106976438313722610e-02,6.035289727151393890e-03,1.008118510246276855e+00
1762896793.322914362,1.112207211554050446e-02,6.017413455992937088e-03,1.008054018020629883e+00
1762896793.342819452,1.116848550736904144e-02,5.987786222249269485e-03,1.007987499237060547e+00
1762896793.362778902,1.120831165462732315e-02,5.947283934801816940e-03,1.007922410964965820e+00
1762896793.382891417,1.124152634292840958e-02,5.897739902138710022e-03,1.007859587669372559e+00
1762896793.402806759,1.182850170880556107e-02,5.859090946614742279e-03,1.007846593856811523e+00
1762896793.422774076,1.188853383064270020e-02,5.800373852252960205e-03,1.007790923118591309e+00
1762896793.442946196,1.191518921405076981e-02,5.737168714404106140e-03,1.007734179496765137e+00
1762896793.462762117,1.193917077034711838e-02,5.672469269484281540e-03,1.007678747177124023e+00
1762896793.482931376,1.196335721760988235e-02,5.608740728348493576e-03,1.007625341415405273e+00
1762896793.502775669,1.198471989482641220e-02,5.547713488340377808e-03,1.007573723793029785e+00
1762896793.523072481,1.200027111917734146e-02,5.491436924785375595e-03,1.007520318031311035e+00
1762896793.543082714,1.200844813138246536e-02,5.441610235720872879e-03,1.007463097572326660e+00
1762896793.562924862,1.200798526406288147e-02,5.399391520768404007e-03,1.007401227951049805e+00
1762896793.583801508,1.199792791157960892e-02,5.365883000195026398e-03,1.007334113121032715e+00
1762896793.603964567,1.196887809783220291e-02,5.341876763850450516e-03,1.007261514663696289e+00
1762896793.623849630,1.194849796593189240e-02,5.327935796231031418e-03,1.007187604904174805e+00
1762896793.643926620,1.190846972167491913e-02,5.323853343725204468e-03,1.007111310958862305e+00
1762896793.662863731,1.181684806942939758e-02,5.329746752977371216e-03,1.007031440734863281e+00
1762896793.682920694,1.120440289378166199e-02,5.345950834453105927e-03,1.006924629211425781e+00
1762896793.702943802,1.114462222903966904e-02,5.369711667299270630e-03,1.006857275962829590e+00
1762896793.723912716,1.162838004529476166e-02,5.398044828325510025e-03,1.006828784942626953e+00
1762896793.744115829,1.188585348427295685e-02,5.417620763182640076e-03,1.006812453269958496e+00
1762896793.762816906,1.150763314217329025e-02,5.462958477437496185e-03,1.006739020347595215e+00
1762896793.782943726,1.147375255823135376e-02,5.503893829882144928e-03,1.006700873374938965e+00
1762896793.802880764,1.140972319990396500e-02,5.547097884118556976e-03,1.006666898727416992e+00
1762896793.823813438,1.130773965269327164e-02,5.592055153101682663e-03,1.006633639335632324e+00
1762896793.843887329,1.129738241434097290e-02,5.633504129946231842e-03,1.006607770919799805e+00
1762896793.864070654,1.125596091151237488e-02,5.673448555171489716e-03,1.006578207015991211e+00
1762896793.883823395,1.122177578508853912e-02,5.709852557629346848e-03,1.006545066833496094e+00
1762896793.903831720,1.119861472398042679e-02,5.741556175053119659e-03,1.006507873535156250e+00
1762896793.923828125,1.118760369718074799e-02,5.767744500190019608e-03,1.006464719772338867e+00
1762896793.943771124,1.118841301649808884e-02,5.787789355963468552e-03,1.006413936614990234e+00
1762896793.963850498,1.120078843086957932e-02,5.801263730973005295e-03,1.006355643272399902e+00
1762896793.983958483,1.122461631894111633e-02,5.807803478091955185e-03,1.006292700767517090e+00
1762896794.003881216,1.125872973352670670e-02,5.807390902191400528e-03,1.006226420402526855e+00
1762896794.022865295,1.129366271197795868e-02,5.800096318125724792e-03,1.006158947944641113e+00
1762896794.042955637,1.135401986539363861e-02,5.786631722003221512e-03,1.006093978881835938e+00
1762896794.062919140,1.141074858605861664e-02,5.767382681369781494e-03,1.006031751632690430e+00
1762896794.082883596,1.147064380347728729e-02,5.742983892560005188e-03,1.005974650382995605e+00
1762896794.102876902,1.153227407485246658e-02,5.714225117117166519e-03,1.005923390388488770e+00
1762896794.122807980,1.159317977726459503e-02,5.682144314050674438e-03,1.005877494812011719e+00
1762896794.143993139,1.164296362549066544e-02,5.647264420986175537e-03,1.005836009979248047e+00
1762896794.163835764,1.170618180185556412e-02,5.610818974673748016e-03,1.005799293518066406e+00
1762896794.183887005,1.175353396683931351e-02,5.573486909270286560e-03,1.005762934684753418e+00
1762896794.203787565,1.179189048707485199e-02,5.536401178687810898e-03,1.005724430084228516e+00
1762896794.223957777,1.178926415741443634e-02,5.508896894752979279e-03,1.005690932273864746e+00
1762896794.243891716,1.191157661378383636e-02,5.468283314257860184e-03,1.005638360977172852e+00
1762896794.263951302,1.211954001337289810e-02,5.440840497612953186e-03,1.005598187446594238e+00
1762896794.283816814,1.185023132711648941e-02,5.415778141468763351e-03,1.005528450012207031e+00
1762896794.303820372,1.211021374911069870e-02,5.389631725847721100e-03,1.005466818809509277e+00
1762896794.322718382,1.134023535996675491e-02,5.367815494537353516e-03,1.005344510078430176e+00
1762896794.342957497,1.115564815700054169e-02,5.353138316422700882e-03,1.005254030227661133e+00
1762896794.362945557,1.166858524084091187e-02,5.347124766558408737e-03,1.005226969718933105e+00
1762896794.382761002,1.105044316500425339e-02,5.342163145542144775e-03,1.005100488662719727e+00
1762896794.402880430,1.105102617293596268e-02,5.343992263078689575e-03,1.005040645599365234e+00
1762896794.422746658,1.096647232770919800e-02,5.350559484213590622e-03,1.004985570907592773e+00
1762896794.442778349,1.071356795728206635e-02,5.362408235669136047e-03,1.004935145378112793e+00
1762896794.462876558,1.065582595765590668e-02,5.376140121370553970e-03,1.004916071891784668e+00
1762896794.482940435,1.056867279112339020e-02,5.393578670918941498e-03,1.004903078079223633e+00
1762896794.502773285,1.048998720943927765e-02,5.413739010691642761e-03,1.004894614219665527e+00
1762896794.522963047,1.042407751083374023e-02,5.435721017420291901e-03,1.004886627197265625e+00
1762896794.543952703,1.035467535257339478e-02,5.460011307150125504e-03,1.004868507385253906e+00
1762896794.563888788,1.034330762922763824e-02,5.485462024807929993e-03,1.004839062690734863e+00
1762896794.582914352,1.118827424943447113e-02,5.497306585311889648e-03,1.004855275154113770e+00
1762896794.603045225,1.120608951896429062e-02,5.524747539311647415e-03,1.004803180694580078e+00
1762896794.622918606,1.122479140758514404e-02,5.553652532398700714e-03,1.004735469818115234e+00
1762896794.642937899,1.126310229301452637e-02,5.583576858043670654e-03,1.004658937454223633e+00
1762896794.662970304,1.132032647728919983e-02,5.613714922219514847e-03,1.004578948020935059e+00
1762896794.683904886,1.139189675450325012e-02,5.643589887768030167e-03,1.004498243331909180e+00
1762896794.703917980,1.146975718438625336e-02,5.673167295753955841e-03,1.004421114921569824e+00
1762896794.723888636,1.156217604875564575e-02,5.701385438442230225e-03,1.004352569580078125e+00
1762896794.743950129,1.165157929062843323e-02,5.727968644350767136e-03,1.004294872283935547e+00
1762896794.764043570,1.173793151974678040e-02,5.752067081630229950e-03,1.004249930381774902e+00
1762896794.782797813,1.181356422603130341e-02,5.773087497800588608e-03,1.004216551780700684e+00
1762896794.803880215,1.186788920313119888e-02,5.790460854768753052e-03,1.004192233085632324e+00
1762896794.823936462,1.165681704878807068e-02,5.803209729492664337e-03,1.004163503646850586e+00
1762896794.843980312,1.169841457158327103e-02,5.811708513647317886e-03,1.004148125648498535e+00
1762896794.863837242,1.171921379864215851e-02,5.815327633172273636e-03,1.004130482673645020e+00
1762896794.883894682,1.171996816992759705e-02,5.813729017972946167e-03,1.004112124443054199e+00
1762896794.903998852,1.169920433312654495e-02,5.804799497127532959e-03,1.004095673561096191e+00
1762896794.924085379,1.165660843253135681e-02,5.787727888673543930e-03,1.004079103469848633e+00
1762896794.943918467,1.159214880317449570e-02,5.761893466114997864e-03,1.004061460494995117e+00
1762896794.963774204,1.150754839181900024e-02,5.726964678615331650e-03,1.004041314125061035e+00
1762896794.983873367,1.140589546412229538e-02,5.683052353560924530e-03,1.004017353057861328e+00
1762896795.003965139,1.129075605422258377e-02,5.630420520901679993e-03,1.003989100456237793e+00
1762896795.023860216,1.116612646728754044e-02,5.569820292294025421e-03,1.003955841064453125e+00
1762896795.043892145,1.103642676025629044e-02,5.502227228134870529e-03,1.003917574882507324e+00
1762896795.063760996,1.090608816593885422e-02,5.428727716207504272e-03,1.003875374794006348e+00
1762896795.083823919,1.101358979940414429e-02,5.359624978154897690e-03,1.003849148750305176e+00
1762896795.103760004,1.073593460023403168e-02,5.272081587463617325e-03,1.003794789314270020e+00
1762896795.123744726,1.084770821034908295e-02,5.199073813855648041e-03,1.003770232200622559e+00
1762896795.143852711,1.048172824084758759e-02,5.105928983539342880e-03,1.003714680671691895e+00
1762896795.163713217,1.061452832072973251e-02,5.035663023591041565e-03,1.003699421882629395e+00
1762896795.183853865,1.062283106148242950e-02,4.963580518960952759e-03,1.003680706024169922e+00
1762896795.203753233,1.036254502832889557e-02,4.887009970843791962e-03,1.003650069236755371e+00
1762896795.222982168,1.012254413217306137e-02,4.834152758121490479e-03,1.003628849983215332e+00
1762896795.242960215,1.032341551035642624e-02,4.776154644787311554e-03,1.003630995750427246e+00
1762896795.262906075,1.031523011624813080e-02,4.735562019050121307e-03,1.003623008728027344e+00
1762896795.283073902,1.053499430418014526e-02,4.709052387624979019e-03,1.003626823425292969e+00
1762896795.302835226,1.028295699506998062e-02,4.692304879426956177e-03,1.003603935241699219e+00
1762896795.323752642,1.036875415593385696e-02,4.682596307247877121e-03,1.003589272499084473e+00
1762896795.343873978,1.031077280640602112e-02,4.687975160777568817e-03,1.003563284873962402e+00
1762896795.363865852,9.863386861979961395e-03,4.705675877630710602e-03,1.003512859344482422e+00
1762896795.383997917,1.039991155266761780e-02,4.725793376564979553e-03,1.003510832786560059e+00
1762896795.403795958,1.061034575104713440e-02,4.751324653625488281e-03,1.003491401672363281e+00
1762896795.423889160,1.023336965590715408e-02,4.787325393408536911e-03,1.003437876701354980e+00
1762896795.442903757,1.027061417698860168e-02,4.824362229555845261e-03,1.003405570983886719e+00
1762896795.462852955,9.718080051243305206e-03,4.878691397607326508e-03,1.003333449363708496e+00
1762896795.482885122,1.020606979727745056e-02,4.901448730379343033e-03,1.003338932991027832e+00
1762896795.502826452,9.722813032567501068e-03,4.946842323988676071e-03,1.003280639648437500e+00
1762896795.523000717,1.008292194455862045e-02,4.965133965015411377e-03,1.003285288810729980e+00
1762896795.542845011,1.002429611980915070e-02,4.986360669136047363e-03,1.003272056579589844e+00
1762896795.562868118,9.934531524777412415e-03,4.999553319066762924e-03,1.003268837928771973e+00
1762896795.582912445,9.838823229074478149e-03,5.002150777727365494e-03,1.003274798393249512e+00
1762896795.602901220,9.742089547216892242e-03,4.993808455765247345e-03,1.003283739089965820e+00
1762896795.622872114,9.646923281252384186e-03,4.974167793989181519e-03,1.003291606903076172e+00
1762896795.642782450,9.554549120366573334e-03,4.943119361996650696e-03,1.003293752670288086e+00
1762896795.662823677,9.467151015996932983e-03,4.901846870779991150e-03,1.003286123275756836e+00
1762896795.682999372,9.387034922838211060e-03,4.851095844060182571e-03,1.003265738487243652e+00
1762896795.702981710,9.316443465650081635e-03,4.792364314198493958e-03,1.003231167793273926e+00
1762896795.722878456,9.257208555936813354e-03,4.727333318442106247e-03,1.003183245658874512e+00
1762896795.743802547,9.202317334711551666e-03,4.657865501940250397e-03,1.003122091293334961e+00
1762896795.763876438,9.180782362818717957e-03,4.587193019688129425e-03,1.003055095672607422e+00
1762896795.784020185,9.164276532828807831e-03,4.516708664596080780e-03,1.002982378005981445e+00
1762896795.803951740,9.162483736872673035e-03,4.448799416422843933e-03,1.002911686897277832e+00
1762896795.823987961,9.175824932754039764e-03,4.385860636830329895e-03,1.002847075462341309e+00
1762896795.843805552,9.203461930155754089e-03,4.329794086515903473e-03,1.002794146537780762e+00
1762896795.863811016,9.243609383702278137e-03,4.282350186258554459e-03,1.002754688262939453e+00
1762896795.883818150,9.294554591178894043e-03,4.245103336870670319e-03,1.002729535102844238e+00
1762896795.903941631,8.763008750975131989e-03,4.217639565467834473e-03,1.002685785293579102e+00
1762896795.923799992,8.829227648675441742e-03,4.204680677503347397e-03,1.002686977386474609e+00
1762896795.943904161,8.899093605577945709e-03,4.203916527330875397e-03,1.002696037292480469e+00
1762896795.963900566,8.969926275312900543e-03,4.215357825160026550e-03,1.002704977989196777e+00
1762896795.983838558,9.038826450705528259e-03,4.238181281834840775e-03,1.002709031105041504e+00
1762896796.003793955,9.103676304221153259e-03,4.270968027412891388e-03,1.002706885337829590e+00
1762896796.023980379,9.163250215351581573e-03,4.312687553465366364e-03,1.002693295478820801e+00
1762896796.043952942,9.216053411364555359e-03,4.361283034086227417e-03,1.002667665481567383e+00
1762896796.063883305,9.260681457817554474e-03,4.414801951497793198e-03,1.002629518508911133e+00
1762896796.083894014,9.296370670199394226e-03,4.470829851925373077e-03,1.002579927444458008e+00
1762896796.103790283,9.779143147170543671e-03,4.510578233748674393e-03,1.002559065818786621e+00
1762896796.123888254,9.931739419698715210e-03,4.561288282275199890e-03,1.002509713172912598e+00
1762896796.144038916,9.504250250756740570e-03,4.629117436707019806e-03,1.002413511276245117e+00
1762896796.163842678,9.483701549470424652e-03,4.675677511841058731e-03,1.002362608909606934e+00
1762896796.182879210,9.894605726003646851e-03,4.702302161604166031e-03,1.002358675003051758e+00
1762896796.203980446,9.379141032695770264e-03,4.742030054330825806e-03,1.002301573753356934e+00
1762896796.223952293,9.359130635857582092e-03,4.757463000714778900e-03,1.002295494079589844e+00
1762896796.243752003,9.347063489258289337e-03,4.760638810694217682e-03,1.002304196357727051e+00
1762896796.263826847,1.021549291908740997e-02,4.751609638333320618e-03,1.002360820770263672e+00
1762896796.282805920,1.018386427313089371e-02,4.735862836241722107e-03,1.002379775047302246e+00
1762896796.302941322,9.910455904901027679e-03,4.713241942226886749e-03,1.002384543418884277e+00
1762896796.322996855,1.018646825104951859e-02,4.671446047723293304e-03,1.002412915229797363e+00
1762896796.343072414,9.900368750095367432e-03,4.629716742783784866e-03,1.002400040626525879e+00
1762896796.362931967,1.018760073930025101e-02,4.570095799863338470e-03,1.002392530441284180e+00
1762896796.382905245,9.910826571285724640e-03,4.516039043664932251e-03,1.002345442771911621e+00
1762896796.403969049,1.018620282411575317e-02,4.445549566298723221e-03,1.002294301986694336e+00
1762896796.423927784,1.021928805857896805e-02,4.380810074508190155e-03,1.002219796180725098e+00
1762896796.443763256,9.949407540261745453e-03,4.321256186813116074e-03,1.002125501632690430e+00
1762896796.463829756,9.962038137018680573e-03,4.258189816027879715e-03,1.002029180526733398e+00
1762896796.483711004,9.972383268177509308e-03,4.199177958071231842e-03,1.001934289932250977e+00
1762896796.503806591,1.003587990999221802e-02,4.147747065871953964e-03,1.001857638359069824e+00
1762896796.524033785,9.986904449760913849e-03,4.100420512259006500e-03,1.001796960830688477e+00
1762896796.543848038,1.019807253032922745e-02,4.069236107170581818e-03,1.001789689064025879e+00
1762896796.564055443,1.004899013787508011e-02,4.042992368340492249e-03,1.001788616180419922e+00
1762896796.583927870,1.025008596479892731e-02,4.034135024994611740e-03,1.001834154129028320e+00
1762896796.603816748,1.020521111786365509e-02,4.037064034491777420e-03,1.001894235610961914e+00
1762896796.624032259,1.025145314633846283e-02,4.054332152009010315e-03,1.001973986625671387e+00
1762896796.643865108,1.024995930492877960e-02,4.085660912096500397e-03,1.002059459686279297e+00
1762896796.663806915,1.024610642343759537e-02,4.130266141146421432e-03,1.002141594886779785e+00
1762896796.683751822,1.024244353175163269e-02,4.186783451586961746e-03,1.002211213111877441e+00
1762896796.702842712,1.021783053874969482e-02,4.254423081874847412e-03,1.002262353897094727e+00
1762896796.722870111,1.001773588359355927e-02,4.339569248259067535e-03,1.002282381057739258e+00
1762896796.742837191,1.016121264547109604e-02,4.414708353579044342e-03,1.002286076545715332e+00
1762896796.762978077,1.021682471036911011e-02,4.498449619859457016e-03,1.002261757850646973e+00
1762896796.783009529,1.021115109324455261e-02,4.587175324559211731e-03,1.002212882041931152e+00
1762896796.802829027,1.020119525492191315e-02,4.675888922065496445e-03,1.002151966094970703e+00
1762896796.823944807,1.019207481294870377e-02,4.761673510074615479e-03,1.002091169357299805e+00
1762896796.843911409,1.018019113689661026e-02,4.841923713684082031e-03,1.002040386199951172e+00
1762896796.863945723,1.017967332154512405e-02,4.913687705993652344e-03,1.002007603645324707e+00
1762896796.884089947,1.017724815756082535e-02,4.975602962076663971e-03,1.001995325088500977e+00
1762896796.903867245,1.017827354371547699e-02,5.025870166718959808e-03,1.002006888389587402e+00
1762896796.923876762,1.018409151583909988e-02,5.063375458121299744e-03,1.002042055130004883e+00
1762896796.944026470,1.019566133618354797e-02,5.087040830403566360e-03,1.002096056938171387e+00
1762896796.963881731,9.924930520355701447e-03,5.094196181744337082e-03,1.002163887023925781e+00
1762896796.983895302,1.022326480597257614e-02,5.083782598376274109e-03,1.002395987510681152e+00
1762896797.003962040,9.996506385505199432e-03,5.110031925141811371e-03,1.002609968185424805e+00
1762896797.022851467,1.009908597916364670e-02,5.199928302317857742e-03,1.002911686897277832e+00
1762896797.042938471,1.037490088492631912e-02,5.369962658733129501e-03,1.003221154212951660e+00
1762896797.063038111,1.072976551949977875e-02,5.656773690134286880e-03,1.003502607345581055e+00
1762896797.082838297,1.121179759502410889e-02,6.082610227167606354e-03,1.003721594810485840e+00
1762896797.102832794,1.183164585381746292e-02,6.663808133453130722e-03,1.003864765167236328e+00
1762896797.122976542,1.259307563304901123e-02,7.413850165903568268e-03,1.003927588462829590e+00
1762896797.142830610,1.349627692252397537e-02,8.342468179762363434e-03,1.003921866416931152e+00
1762896797.163807869,1.453641429543495178e-02,9.461644105613231659e-03,1.003870248794555664e+00
1762896797.183874369,1.571358367800712585e-02,1.074724830687046051e-02,1.003808021545410156e+00
1762896797.204197168,1.700723730027675629e-02,1.221040822565555573e-02,1.003766059875488281e+00
1762896797.223870277,1.840932480990886688e-02,1.383242756128311157e-02,1.003778934478759766e+00
1762896797.243898392,1.990591175854206085e-02,1.559306588023900986e-02,1.003875374794006348e+00
1762896797.263941288,2.148215472698211670e-02,1.746794022619724274e-02,1.004070878028869629e+00
1762896797.283804893,2.312352508306503296e-02,1.942933350801467896e-02,1.004371404647827148e+00
1762896797.304860353,2.481657639145851135e-02,2.144832164049148560e-02,1.004770755767822266e+00
1762896797.323055506,2.655067481100559235e-02,2.350728586316108704e-02,1.005256772041320801e+00
1762896797.342972279,2.831323444843292236e-02,2.554197236895561218e-02,1.005802273750305176e+00
1762896797.363066673,3.009775839745998383e-02,2.756096608936786652e-02,1.006387233734130859e+00
1762896797.382856607,3.189813718199729919e-02,2.952984906733036041e-02,1.006981730461120605e+00
1762896797.402857065,3.328448534011840820e-02,3.161635994911193848e-02,1.007588744163513184e+00
1762896797.423027277,3.510392084717750549e-02,3.342267870903015137e-02,1.008121609687805176e+00
1762896797.442739010,3.692916780710220337e-02,3.513299301266670227e-02,1.008591651916503906e+00
1762896797.462791681,3.875926882028579712e-02,3.674214333295822144e-02,1.008988499641418457e+00
1762896797.482948542,4.059390723705291748e-02,3.825020045042037964e-02,1.009308457374572754e+00
1762896797.502824545,4.243351146578788757e-02,3.966226056218147278e-02,1.009555935859680176e+00
1762896797.522801638,4.427873715758323669e-02,4.098786041140556335e-02,1.009739637374877930e+00
1762896797.542776823,4.613050073385238647e-02,4.224049299955368042e-02,1.009872794151306152e+00
1762896797.562883377,4.797188937664031982e-02,4.312899336218833923e-02,1.009969234466552734e+00
1762896797.583016872,4.982801154255867004e-02,4.420900717377662659e-02,1.010054826736450195e+00
1762896797.602794170,5.173445492982864380e-02,4.571347311139106750e-02,1.010121941566467285e+00
1762896797.622845650,5.359426140785217285e-02,4.653435945510864258e-02,1.010209679603576660e+00
1762896797.643015385,5.549143254756927490e-02,4.769424349069595337e-02,1.010296225547790527e+00
1762896797.662830591,5.740216374397277832e-02,4.892285913228988647e-02,1.010393977165222168e+00
1762896797.682961226,5.936158820986747742e-02,5.061322823166847229e-02,1.010506629943847656e+00
1762896797.702793837,6.130028888583183289e-02,5.207156389951705933e-02,1.010634303092956543e+00
1762896797.722913742,6.324750930070877075e-02,5.361865833401679993e-02,1.010768651962280273e+00
1762896797.742889404,6.520560383796691895e-02,5.529531091451644897e-02,1.010906338691711426e+00
1762896797.762954473,6.717603653669357300e-02,5.711224302649497986e-02,1.011045217514038086e+00
1762896797.782850266,6.916271150112152100e-02,5.907358229160308838e-02,1.011185646057128906e+00
1762896797.802923679,7.115732133388519287e-02,6.104441359639167786e-02,1.011327862739562988e+00
1762896797.822868109,7.320124655961990356e-02,6.341136246919631958e-02,1.011483311653137207e+00
1762896797.842939615,7.520934194326400757e-02,6.520298123359680176e-02,1.011634349822998047e+00
1762896797.862829447,7.734481990337371826e-02,6.810452044010162354e-02,1.011831879615783691e+00
1762896797.883036852,7.948882877826690674e-02,7.073144614696502686e-02,1.012046337127685547e+00
1762896797.903869629,8.168366551399230957e-02,7.344381511211395264e-02,1.012295007705688477e+00
1762896797.922893047,8.371131867170333862e-02,7.484792172908782959e-02,1.012494087219238281e+00
1762896797.942782164,8.553255349397659302e-02,7.758628576993942261e-02,1.012767553329467773e+00
1762896797.962908506,8.837792277336120605e-02,8.072037249803543091e-02,1.013163924217224121e+00
1762896797.982829809,9.029632061719894409e-02,8.337987959384918213e-02,1.013497710227966309e+00
1762896798.002809286,9.279067814350128174e-02,8.631955087184906006e-02,1.013917207717895508e+00
1762896798.022830009,9.536582231521606445e-02,8.927375078201293945e-02,1.014364123344421387e+00
1762896798.042802095,9.802479296922683716e-02,9.223225712776184082e-02,1.014829158782958984e+00
1762896798.063053846,1.006175726652145386e-01,9.472406655550003052e-02,1.015244126319885254e+00
1762896798.082904577,1.034547463059425354e-01,9.772331267595291138e-02,1.015729308128356934e+00
1762896798.102862120,1.063571870326995850e-01,1.006439179182052612e-01,1.016201615333557129e+00
1762896798.122828245,1.093046441674232483e-01,1.034491807222366333e-01,1.016651749610900879e+00
1762896798.142832994,1.123617663979530334e-01,1.063108444213867188e-01,1.017099142074584961e+00
1762896798.162815332,1.154934465885162354e-01,1.091506108641624451e-01,1.017529368400573730e+00
1762896798.182978392,1.186909675598144531e-01,1.119663640856742859e-01,1.017940998077392578e+00
1762896798.203116894,1.219469159841537476e-01,1.147628724575042725e-01,1.018334388732910156e+00
1762896798.222800732,1.252529770135879517e-01,1.175464913249015808e-01,1.018711686134338379e+00
1762896798.243789196,1.285998225212097168e-01,1.203242540359497070e-01,1.019076943397521973e+00
1762896798.263970137,1.319823563098907471e-01,1.231106147170066833e-01,1.019435882568359375e+00
1762896798.283793211,1.353775411844253540e-01,1.258921623229980469e-01,1.019792079925537109e+00
1762896798.303882360,1.387894302606582642e-01,1.286991685628890991e-01,1.020153284072875977e+00
1762896798.323754311,1.422054022550582886e-01,1.315326690673828125e-01,1.020524501800537109e+00
1762896798.343808651,1.456177383661270142e-01,1.343996971845626831e-01,1.020910263061523438e+00
1762896798.363904238,1.490441560745239258e-01,1.373482346534729004e-01,1.021317124366760254e+00
1762896798.383889437,1.526096463203430176e-01,1.406174600124359131e-01,1.021773457527160645e+00
1762896798.403880119,1.557897925376892090e-01,1.432870477437973022e-01,1.022174239158630371e+00
1762896798.423739910,1.591311842203140259e-01,1.463302373886108398e-01,1.022627234458923340e+00
1762896798.443883896,1.625129282474517822e-01,1.495435088872909546e-01,1.023106813430786133e+00
1762896798.463885069,1.657893359661102295e-01,1.526427716016769409e-01,1.023574590682983398e+00
1762896798.483805180,1.690991818904876709e-01,1.558877229690551758e-01,1.024059295654296875e+00
1762896798.503895760,1.724090427160263062e-01,1.592025160789489746e-01,1.024547338485717773e+00
1762896798.523867130,1.757241338491439819e-01,1.625825464725494385e-01,1.025035142898559570e+00
1762896798.544003010,1.790535002946853638e-01,1.660267263650894165e-01,1.025521278381347656e+00
1762896798.563924789,1.824063956737518311e-01,1.695333123207092285e-01,1.026005864143371582e+00
1762896798.583747864,1.857924014329910278e-01,1.730992943048477173e-01,1.026491403579711914e+00
1762896798.603998423,1.892212182283401489e-01,1.767207533121109009e-01,1.026981592178344727e+00
1762896798.623858929,1.921008676290512085e-01,1.800561994314193726e-01,1.027418613433837891e+00
1762896798.643774033,1.956369429826736450e-01,1.837707906961441040e-01,1.027931928634643555e+00
1762896798.662849426,1.992845684289932251e-01,1.876126676797866821e-01,1.028475880622863770e+00
1762896798.682753563,2.029222697019577026e-01,1.913153529167175293e-01,1.029026150703430176e+00
1762896798.702832222,2.066786140203475952e-01,1.951245516538619995e-01,1.029614448547363281e+00
1762896798.722869396,2.105218470096588135e-01,1.989596933126449585e-01,1.030233263969421387e+00
1762896798.742889166,2.144523262977600098e-01,2.028099745512008667e-01,1.030881762504577637e+00
1762896798.762907028,2.184708118438720703e-01,2.066697329282760620e-01,1.031557083129882812e+00
1762896798.783838034,2.225904315710067749e-01,2.105544507503509521e-01,1.032257556915283203e+00
1762896798.803992033,2.267697751522064209e-01,2.143996953964233398e-01,1.032968401908874512e+00
1762896798.823932648,2.310431748628616333e-01,2.182638049125671387e-01,1.033693552017211914e+00
1762896798.843893766,2.353939265012741089e-01,2.221246957778930664e-01,1.034424901008605957e+00
1762896798.864008188,2.398147881031036377e-01,2.259787917137145996e-01,1.035158276557922363e+00
1762896798.883999348,2.442974150180816650e-01,2.298241704702377319e-01,1.035892367362976074e+00
1762896798.903932571,2.488334327936172485e-01,2.336604148149490356e-01,1.036626100540161133e+00
1762896798.924060345,2.534142434597015381e-01,2.374872267246246338e-01,1.037361383438110352e+00
1762896798.943891764,2.580305933952331543e-01,2.413046211004257202e-01,1.038101553916931152e+00
1762896798.962802172,2.627423107624053955e-01,2.452011555433273315e-01,1.038865447044372559e+00
1762896798.983046770,2.673366069793701172e-01,2.489163428544998169e-01,1.039612650871276855e+00
1762896799.002894402,2.717767655849456787e-01,2.529703676700592041e-01,1.040414333343505859e+00
1762896799.023060799,2.764509916305541992e-01,2.567597031593322754e-01,1.041214823722839355e+00
1762896799.042871714,2.813495993614196777e-01,2.602850198745727539e-01,1.042011618614196777e+00
1762896799.063992977,2.860295772552490234e-01,2.640924453735351562e-01,1.042855620384216309e+00
1762896799.083836317,2.904365062713623047e-01,2.681222558021545410e-01,1.043736100196838379e+00
1762896799.103884459,2.950769066810607910e-01,2.719176113605499268e-01,1.044606089591979980e+00
1762896799.123925924,2.997082173824310303e-01,2.757241725921630859e-01,1.045483946800231934e+00
1762896799.143792868,3.043296635150909424e-01,2.795427143573760986e-01,1.046363711357116699e+00
1762896799.163906336,3.089435100555419922e-01,2.833763957023620605e-01,1.047238230705261230e+00
1762896799.183979988,3.135541379451751709e-01,2.872279882431030273e-01,1.048102974891662598e+00
1762896799.203874826,3.181665539741516113e-01,2.910998165607452393e-01,1.048955082893371582e+00
1762896799.223852634,3.227858245372772217e-01,2.949937880039215088e-01,1.049794316291809082e+00
1762896799.242893696,3.274479806423187256e-01,2.989518046379089355e-01,1.050628900527954102e+00
1762896799.263895035,3.322034776210784912e-01,3.030361235141754150e-01,1.051474928855895996e+00
1762896799.282761097,3.353875875473022461e-01,3.049815595149993896e-01,1.051932215690612793e+00
1762896799.302914381,3.400388062000274658e-01,3.089040517807006836e-01,1.052745938301086426e+00
1762896799.322896481,3.447626531124114990e-01,3.129007220268249512e-01,1.053578376770019531e+00
1762896799.342898846,3.495291769504547119e-01,3.169210851192474365e-01,1.054427504539489746e+00
1762896799.362873316,3.543410301208496094e-01,3.209612071514129639e-01,1.055297255516052246e+00
1762896799.384050608,3.592401444911956787e-01,3.250685632228851318e-01,1.056196689605712891e+00
1762896799.403820038,3.641241490840911865e-01,3.291050195693969727e-01,1.057098031044006348e+00
1762896799.423777819,3.691001832485198975e-01,3.332034945487976074e-01,1.058025121688842773e+00
1762896799.443927288,3.741395175457000732e-01,3.373218178749084473e-01,1.058967232704162598e+00
1762896799.463797331,3.792413771152496338e-01,3.414549231529235840e-01,1.059919953346252441e+00
1762896799.483857393,3.844054341316223145e-01,3.455996215343475342e-01,1.060879707336425781e+00
1762896799.503788233,3.896304666996002197e-01,3.497520983219146729e-01,1.061844110488891602e+00
1762896799.523899555,3.949142694473266602e-01,3.539080321788787842e-01,1.062812328338623047e+00
1762896799.542953730,4.002953767776489258e-01,3.581095635890960693e-01,1.063795447349548340e+00
1762896799.562712669,4.048796892166137695e-01,3.618268668651580811e-01,1.064659357070922852e+00
1762896799.582797289,4.103083908557891846e-01,3.659567236900329590e-01,1.065650343894958496e+00
1762896799.602741480,4.165579080581665039e-01,3.704556226730346680e-01,1.066772103309631348e+00
1762896799.623899221,4.213834702968597412e-01,3.742586672306060791e-01,1.067712903022766113e+00
1762896799.643856525,4.268401861190795898e-01,3.782298266887664795e-01,1.068750143051147461e+00
1762896799.664133787,4.331851005554199219e-01,3.826281428337097168e-01,1.069954752922058105e+00
1762896799.683927774,4.379933178424835205e-01,3.862420618534088135e-01,1.070949196815490723e+00
1762896799.703893661,4.435999095439910889e-01,3.901886045932769775e-01,1.072090387344360352e+00
1762896799.723087788,4.493095874786376953e-01,3.941774070262908936e-01,1.073275446891784668e+00
1762896799.742865801,4.548504352569580078e-01,3.979443907737731934e-01,1.074425220489501953e+00
1762896799.762957811,4.604800939559936523e-01,4.017433524131774902e-01,1.075602054595947266e+00
1762896799.782809734,4.661183059215545654e-01,4.054972231388092041e-01,1.076775074005126953e+00
1762896799.802908182,4.717587232589721680e-01,4.092016518115997314e-01,1.077933788299560547e+00
1762896799.823081255,4.774008989334106445e-01,4.128582775592803955e-01,1.079070210456848145e+00
1762896799.843034506,4.830452203750610352e-01,4.164696931838989258e-01,1.080177545547485352e+00
1762896799.862849951,4.886917769908905029e-01,4.200384020805358887e-01,1.081252455711364746e+00
1762896799.883769751,4.943408668041229248e-01,4.235671162605285645e-01,1.082294344902038574e+00
1762896799.903872013,5.000128746032714844e-01,4.270748198032379150e-01,1.083309292793273926e+00
1762896799.923856735,5.056468844413757324e-01,4.305125176906585693e-01,1.084290266036987305e+00
1762896799.943927765,5.113060474395751953e-01,4.339362680912017822e-01,1.085258603096008301e+00
1762896799.964030981,5.169718265533447266e-01,4.373311400413513184e-01,1.086218833923339844e+00
1762896799.983940363,5.226440429687500000e-01,4.406980574131011963e-01,1.087179183959960938e+00
1762896800.003877401,5.283240079879760742e-01,4.440388381481170654e-01,1.088145136833190918e+00
1762896800.023742199,5.340130925178527832e-01,4.473545551300048828e-01,1.089120984077453613e+00
1762896800.043889284,5.397125482559204102e-01,4.506456851959228516e-01,1.090107560157775879e+00
1762896800.062952995,5.454350113868713379e-01,4.542486965656280518e-01,1.091171264648437500e+00
1762896800.082867146,5.509768724441528320e-01,4.573402404785156250e-01,1.092134952545166016e+00
1762896800.102846146,5.567042827606201172e-01,4.605427682399749756e-01,1.093139529228210449e+00
1762896800.122834682,5.624567866325378418e-01,4.637240469455718994e-01,1.094143748283386230e+00
1762896800.143874645,5.682669281959533691e-01,4.669029116630554199e-01,1.095149397850036621e+00
1762896800.163857460,5.740060806274414062e-01,4.699801206588745117e-01,1.096125602722167969e+00
1762896800.183851004,5.799820423126220703e-01,4.728834033012390137e-01,1.097070217132568359e+00
1762896800.203730822,5.856258273124694824e-01,4.760794639587402344e-01,1.098057746887207031e+00
1762896800.223788977,5.914638042449951172e-01,4.790597558021545410e-01,1.099005103111267090e+00
1762896800.243968248,5.973197817802429199e-01,4.819872975349426270e-01,1.099942326545715332e+00
1762896800.263792992,6.031935214996337891e-01,4.848576486110687256e-01,1.100872635841369629e+00
1762896800.283906460,6.090839505195617676e-01,4.876664876937866211e-01,1.101798415184020996e+00
1762896800.303924322,6.149899959564208984e-01,4.904091358184814453e-01,1.102722883224487305e+00
1762896800.323814154,6.209103465080261230e-01,4.930811226367950439e-01,1.103647589683532715e+00
1762896800.343765020,6.268430948257446289e-01,4.956780374050140381e-01,1.104572653770446777e+00
1762896800.362892866,6.328298449516296387e-01,4.982182085514068604e-01,1.105504393577575684e+00
1762896800.383093834,6.387342214584350586e-01,5.006254315376281738e-01,1.106415033340454102e+00
1762896800.402755260,6.446906924247741699e-01,5.029729604721069336e-01,1.107328176498413086e+00
1762896800.422875643,6.506551504135131836e-01,5.052328109741210938e-01,1.108230352401733398e+00
1762896800.442746162,6.546276807785034180e-01,5.064566731452941895e-01,1.108751535415649414e+00
1762896800.463010550,6.623205542564392090e-01,5.093510746955871582e-01,1.109930872917175293e+00
1762896800.482722521,6.685283184051513672e-01,5.114443898200988770e-01,1.110814452171325684e+00
1762896800.502868176,6.745095252990722656e-01,5.133397579193115234e-01,1.111628890037536621e+00
1762896800.522940636,6.804720759391784668e-01,5.151348114013671875e-01,1.112412214279174805e+00
1762896800.542998791,6.831181645393371582e-01,5.157592892646789551e-01,1.112699747085571289e+00
1762896800.563973188,6.923257708549499512e-01,5.184262990951538086e-01,1.113883376121520996e+00
1762896800.583809376,6.982967853546142578e-01,5.199586749076843262e-01,1.114588260650634766e+00
1762896800.604092121,7.029978632926940918e-01,5.210323333740234375e-01,1.115101337432861328e+00
1762896800.623864889,7.090840935707092285e-01,5.224491953849792480e-01,1.115793228149414062e+00
1762896800.643812418,7.157229185104370117e-01,5.239102840423583984e-01,1.116543531417846680e+00
1762896800.663868427,7.207143306732177734e-01,5.248909592628479004e-01,1.117077589035034180e+00
1762896800.683868647,7.265543341636657715e-01,5.260006785392761230e-01,1.117711901664733887e+00
1762896800.703990698,7.322193384170532227e-01,5.270173549652099609e-01,1.118334770202636719e+00
1762896800.724036694,7.383227944374084473e-01,5.280094146728515625e-01,1.118951916694641113e+00
1762896800.743800640,7.439793348312377930e-01,5.288580656051635742e-01,1.119540333747863770e+00
1762896800.763791084,7.500699162483215332e-01,5.297043323516845703e-01,1.120113730430603027e+00
1762896800.782840252,7.538877725601196289e-01,5.301963686943054199e-01,1.120463132858276367e+00
1762896800.802848101,7.597072720527648926e-01,5.308728814125061035e-01,1.120984077453613281e+00
1762896800.822846413,7.655639648437500000e-01,5.314725041389465332e-01,1.121482014656066895e+00
1762896800.842915058,7.714173793792724609e-01,5.319874286651611328e-01,1.121955275535583496e+00
1762896800.862975359,7.772631645202636719e-01,5.324138998985290527e-01,1.122405529022216797e+00
1762896800.882970572,7.831003069877624512e-01,5.327464938163757324e-01,1.122838139533996582e+00
1762896800.902977705,7.889278531074523926e-01,5.329793691635131836e-01,1.123257994651794434e+00
1762896800.922915936,7.947439551353454590e-01,5.331065654754638672e-01,1.123668789863586426e+00
1762896800.942908049,8.005464673042297363e-01,5.331221222877502441e-01,1.124074578285217285e+00
1762896800.962885380,8.063330650329589844e-01,5.330200791358947754e-01,1.124477267265319824e+00
1762896800.982814789,8.121013045310974121e-01,5.327945947647094727e-01,1.124876976013183594e+00
1762896801.003982544,8.178487420082092285e-01,5.324403047561645508e-01,1.125271797180175781e+00
1762896801.023902416,8.235825300216674805e-01,5.319495797157287598e-01,1.125658512115478516e+00
1762896801.044033766,8.292702436447143555e-01,5.313255190849304199e-01,1.126029610633850098e+00
1762896801.063863993,8.349399566650390625e-01,5.305580496788024902e-01,1.126380324363708496e+00
1762896801.084854126,8.405795693397521973e-01,5.296459794044494629e-01,1.126702785491943359e+00
1762896801.102815390,8.453965187072753906e-01,5.286315083503723145e-01,1.126948356628417969e+00
1762896801.122885704,8.509504795074462891e-01,5.274455547332763672e-01,1.127198100090026855e+00
1762896801.143016815,8.572897315025329590e-01,5.260277986526489258e-01,1.127439022064208984e+00
1762896801.162828922,8.619857430458068848e-01,5.246168971061706543e-01,1.127564668655395508e+00
1762896801.182895422,8.674426674842834473e-01,5.229822397232055664e-01,1.127678513526916504e+00
1762896801.202868223,8.728568553924560547e-01,5.212032794952392578e-01,1.127749800682067871e+00
1762896801.224045515,8.783069849014282227e-01,5.192278027534484863e-01,1.127781629562377930e+00
1762896801.244053364,8.843340873718261719e-01,5.170814394950866699e-01,1.127804040908813477e+00
1762896801.262816429,8.889018893241882324e-01,5.149633288383483887e-01,1.127756714820861816e+00
1762896801.282858610,8.940536975860595703e-01,5.126898884773254395e-01,1.127716779708862305e+00
1762896801.303976297,8.993026614189147949e-01,5.101644992828369141e-01,1.127655625343322754e+00
1762896801.323900938,9.043570756912231445e-01,5.076382756233215332e-01,1.127595663070678711e+00
1762896801.343860149,9.094296097755432129e-01,5.049262642860412598e-01,1.127527356147766113e+00
1762896801.364225149,9.144563078880310059e-01,5.020868778228759766e-01,1.127456665039062500e+00
1762896801.383812666,9.194353222846984863e-01,4.991250634193420410e-01,1.127383232116699219e+00
1762896801.403875828,9.243669509887695312e-01,4.960421919822692871e-01,1.127302169799804688e+00
1762896801.423791170,9.292518496513366699e-01,4.928391575813293457e-01,1.127208828926086426e+00
1762896801.443842649,9.340917468070983887e-01,4.895156025886535645e-01,1.127100825309753418e+00
1762896801.463807106,9.388886094093322754e-01,4.860705137252807617e-01,1.126973748207092285e+00
1762896801.484004498,9.436440467834472656e-01,4.825024604797363281e-01,1.126823902130126953e+00
1762896801.503759146,9.483588933944702148e-01,4.788097143173217773e-01,1.126649498939514160e+00
1762896801.524011612,9.530339241027832031e-01,4.749898612499237061e-01,1.126450181007385254e+00
1762896801.542996883,9.577311873435974121e-01,4.709399640560150146e-01,1.126218914985656738e+00
1762896801.562907696,9.622668027877807617e-01,4.669538140296936035e-01,1.125981211662292480e+00
1762896801.582947493,9.668196439743041992e-01,4.627410769462585449e-01,1.125718116760253906e+00
1762896801.603531599,9.713352918624877930e-01,4.583832919597625732e-01,1.125439047813415527e+00
1762896801.622931242,9.758094549179077148e-01,4.538824260234832764e-01,1.125147938728332520e+00
1762896801.642929316,9.802408814430236816e-01,4.492357075214385986e-01,1.124847412109375000e+00
1762896801.662869692,9.846283793449401855e-01,4.444400072097778320e-01,1.124539256095886230e+00
1762896801.683825731,9.890246987342834473e-01,4.393703639507293701e-01,1.124213218688964844e+00
1762896801.702958345,9.929421544075012207e-01,4.338690638542175293e-01,1.123833298683166504e+00
1762896801.722969294,9.971503019332885742e-01,4.286790192127227783e-01,1.123503446578979492e+00
1762896801.742855549,1.001338124275207520e+00,4.232590794563293457e-01,1.123152971267700195e+00
1762896801.762910366,1.005473494529724121e+00,4.176762402057647705e-01,1.122784733772277832e+00
1762896801.782936573,1.009552240371704102e+00,4.119344055652618408e-01,1.122398853302001953e+00
1762896801.802892447,1.013573884963989258e+00,4.060366749763488770e-01,1.121991276741027832e+00
1762896801.822827339,1.017536878585815430e+00,3.999848663806915283e-01,1.121564030647277832e+00
1762896801.842835188,1.020565271377563477e+00,3.968054652214050293e-01,1.121380090713500977e+00
1762896801.862829924,1.024415731430053711e+00,3.905758261680603027e-01,1.120931625366210938e+00
1762896801.882903099,1.028211832046508789e+00,3.841673433780670166e-01,1.120464324951171875e+00
1762896801.902981758,1.031946182250976562e+00,3.775955140590667725e-01,1.119982361793518066e+00
1762896801.922960043,1.035608768463134766e+00,3.708826005458831787e-01,1.119493484497070312e+00
1762896801.942759037,1.039194703102111816e+00,3.640261590480804443e-01,1.119010925292968750e+00
1762896801.962861061,1.042717099189758301e+00,3.569411635398864746e-01,1.118532419204711914e+00
1762896801.982982874,1.046125411987304688e+00,3.498568534851074219e-01,1.118079662322998047e+00
1762896802.002763510,1.049653768539428711e+00,3.414638936519622803e-01,1.117555618286132812e+00
1762896802.022856236,1.052713871002197266e+00,3.350972235202789307e-01,1.117208242416381836e+00
1762896802.043920279,1.055871963500976562e+00,3.275001943111419678e-01,1.116790056228637695e+00
1762896802.063761950,1.059046268463134766e+00,3.189337551593780518e-01,1.116323590278625488e+00
1762896802.083802938,1.061904311180114746e+00,3.119859397411346436e-01,1.115978360176086426e+00
1762896802.103931189,1.064779758453369141e+00,3.040676414966583252e-01,1.115576386451721191e+00
1762896802.123820543,1.067592740058898926e+00,2.957324087619781494e-01,1.115155458450317383e+00
1762896802.142841339,1.070271849632263184e+00,2.877395749092102051e-01,1.114763855934143066e+00
1762896802.162835836,1.072433590888977051e+00,2.781065404415130615e-01,1.114246010780334473e+00
1762896802.182880878,1.074888110160827637e+00,2.711179852485656738e-01,1.113927602767944336e+00
1762896802.202860117,1.077884435653686523e+00,2.613470256328582764e-01,1.113473773002624512e+00
1762896802.222941875,1.080225944519042969e+00,2.526189386844635010e-01,1.113066792488098145e+00
1762896802.243831635,1.082484483718872070e+00,2.436258494853973389e-01,1.112662434577941895e+00
1762896802.263971090,1.084126353263854980e+00,2.362322062253952026e-01,1.112335681915283203e+00
1762896802.283837080,1.086225509643554688e+00,2.279104590415954590e-01,1.112014293670654297e+00
1762896802.303857803,1.088753104209899902e+00,2.169455736875534058e-01,1.111617326736450195e+00
1762896802.323733091,1.090138077735900879e+00,2.074336409568786621e-01,1.111258506774902344e+00
1762896802.342815399,1.091981172561645508e+00,1.981495916843414307e-01,1.110968947410583496e+00
1762896802.363862991,1.093678474426269531e+00,1.873118132352828979e-01,1.110646009445190430e+00
1762896802.382732630,1.095616459846496582e+00,1.830949187278747559e-01,1.110613584518432617e+00
1762896802.402897120,1.097259759902954102e+00,1.737775504589080811e-01,1.110392093658447266e+00
1762896802.422856808,1.098815798759460449e+00,1.642358452081680298e-01,1.110173463821411133e+00
1762896802.443883181,1.100281953811645508e+00,1.545029580593109131e-01,1.109958410263061523e+00
1762896802.463789463,1.101679921150207520e+00,1.449135690927505493e-01,1.109753131866455078e+00
1762896802.483869314,1.102985501289367676e+00,1.351508051156997681e-01,1.109552145004272461e+00
1762896802.503927946,1.104200839996337891e+00,1.253066211938858032e-01,1.109354853630065918e+00
1762896802.523896217,1.105323314666748047e+00,1.153897643089294434e-01,1.109155654907226562e+00
1762896802.543907642,1.106349349021911621e+00,1.054027080535888672e-01,1.108955264091491699e+00
1762896802.563805342,1.107275724411010742e+00,9.534860402345657349e-02,1.108753561973571777e+00
1762896802.582932472,1.108094811439514160e+00,8.520793169736862183e-02,1.108548521995544434e+00
1762896802.602872610,1.108813881874084473e+00,7.506557554006576538e-02,1.108345031738281250e+00
1762896802.622888565,1.109418749809265137e+00,6.484974920749664307e-02,1.108146071434020996e+00
1762896802.642808199,1.109908819198608398e+00,5.459410697221755981e-02,1.107957720756530762e+00
1762896802.663876057,1.110260725021362305e+00,4.419272020459175110e-02,1.107784271240234375e+00
1762896802.682923555,1.110208988189697266e+00,3.223337233066558838e-02,1.107597470283508301e+00
1762896802.702925920,1.110581398010253906e+00,2.329216711223125458e-02,1.107534170150756836e+00
1762896802.722943783,1.110654711723327637e+00,1.336701866239309311e-02,1.107486486434936523e+00
1762896802.743039608,1.110197663307189941e+00,1.561490818858146667e-03,1.107456088066101074e+00
1762896802.762841463,1.109940767288208008e+00,-6.398991215974092484e-03,1.107495546340942383e+00
1762896802.782854319,1.109605431556701660e+00,-1.649430021643638611e-02,1.107596516609191895e+00
1762896802.802887917,1.109106063842773438e+00,-2.673006430268287659e-02,1.107748627662658691e+00
1762896802.823092222,1.108477115631103516e+00,-3.694813326001167297e-02,1.107954740524291992e+00
1762896802.842742205,1.107724905014038086e+00,-4.713067412376403809e-02,1.108193397521972656e+00
1762896802.862819910,1.106852531433105469e+00,-5.728054419159889221e-02,1.108456492424011230e+00
1762896802.882848263,1.105863213539123535e+00,-6.740426272153854370e-02,1.108731627464294434e+00
1762896802.903041363,1.104761123657226562e+00,-7.750272750854492188e-02,1.108995795249938965e+00
1762896802.922928572,1.103550553321838379e+00,-8.757428824901580811e-02,1.109231233596801758e+00
1762896802.942929029,1.102236747741699219e+00,-9.761951863765716553e-02,1.109427571296691895e+00
1762896802.963000774,1.100823640823364258e+00,-1.076387614011764526e-01,1.109579205513000488e+00
1762896802.982901335,1.099315166473388672e+00,-1.176283136010169983e-01,1.109681367874145508e+00
1762896803.003837347,1.097714424133300781e+00,-1.275858283042907715e-01,1.109741210937500000e+00
1762896803.023857117,1.096004366874694824e+00,-1.375561952590942383e-01,1.109770655632019043e+00
1762896803.044167995,1.094246387481689453e+00,-1.473855525255203247e-01,1.109787821769714355e+00
1762896803.063827038,1.092381477355957031e+00,-1.572230458259582520e-01,1.109809994697570801e+00
1762896803.083723545,1.090428113937377930e+00,-1.670150011777877808e-01,1.109854221343994141e+00
1762896803.103012085,1.088291645050048828e+00,-1.769708096981048584e-01,1.109930515289306641e+00
1762896803.122946262,1.086252927780151367e+00,-1.864357292652130127e-01,1.110055446624755859e+00
1762896803.142981291,1.084035515785217285e+00,-1.960386335849761963e-01,1.110220670700073242e+00
1762896803.162854910,1.081718564033508301e+00,-2.055855244398117065e-01,1.110423207283020020e+00
1762896803.182910204,1.079304099082946777e+00,-2.150593250989913940e-01,1.110651493072509766e+00
1762896803.202909470,1.076789021492004395e+00,-2.244548797607421875e-01,1.110890865325927734e+00
1762896803.222908974,1.074169874191284180e+00,-2.337685078382492065e-01,1.111126661300659180e+00
1762896803.242926121,1.070577144622802734e+00,-2.435615360736846924e-01,1.111305952072143555e+00
1762896803.263006210,1.067730784416198730e+00,-2.526922821998596191e-01,1.111487865447998047e+00
1762896803.282756567,1.064768433570861816e+00,-2.617269754409790039e-01,1.111625671386718750e+00
1762896803.302838564,1.061686515808105469e+00,-2.706608772277832031e-01,1.111716628074645996e+00
1762896803.323869228,1.059378862380981445e+00,-2.789494693279266357e-01,1.111816406250000000e+00
1762896803.344069481,1.055094122886657715e+00,-2.882901430130004883e-01,1.111773133277893066e+00
1762896803.363955259,1.051700234413146973e+00,-2.967912852764129639e-01,1.111765861511230469e+00
1762896803.383861303,1.049040198326110840e+00,-3.047595918178558350e-01,1.111818790435791016e+00
1762896803.402902603,1.044125318527221680e+00,-3.140011429786682129e-01,1.111738085746765137e+00
1762896803.422814608,1.040554642677307129e+00,-3.218446075916290283e-01,1.111769080162048340e+00
1762896803.442990541,1.036599636077880859e+00,-3.299139440059661865e-01,1.111820578575134277e+00
1762896803.462967873,1.032502174377441406e+00,-3.378719985485076904e-01,1.111904501914978027e+00
1762896803.482915401,1.028278470039367676e+00,-3.456971049308776855e-01,1.112020373344421387e+00
1762896803.503861427,1.023865222930908203e+00,-3.534584045410156250e-01,1.112159252166748047e+00
1762896803.524008036,1.019479632377624512e+00,-3.609217405319213867e-01,1.112306952476501465e+00
1762896803.543846369,1.014916419982910156e+00,-3.683255910873413086e-01,1.112447500228881836e+00
1762896803.563907146,1.010246276855468750e+00,-3.755908310413360596e-01,1.112567067146301270e+00
1762896803.583981991,1.005477905273437500e+00,-3.827099800109863281e-01,1.112653017044067383e+00
1762896803.603915453,1.000615239143371582e+00,-3.896809518337249756e-01,1.112699031829833984e+00
1762896803.623863220,9.956611394882202148e-01,-3.965018391609191895e-01,1.112703442573547363e+00
1762896803.643960238,9.906180500984191895e-01,-4.031699001789093018e-01,1.112668514251708984e+00
1762896803.663871765,9.889378547668457031e-01,-4.067399501800537109e-01,1.112729191780090332e+00
1762896803.683780193,9.802709221839904785e-01,-4.160351157188415527e-01,1.112516283988952637e+00
1762896803.702862978,9.786676764488220215e-01,-4.188208878040313721e-01,1.112542271614074707e+00
1762896803.722851276,9.731330275535583496e-01,-4.255546033382415771e-01,1.112469434738159180e+00
1762896803.743795156,9.676994085311889648e-01,-4.314876496791839600e-01,1.112380027770996094e+00
1762896803.764063120,9.621945023536682129e-01,-4.372408390045166016e-01,1.112311840057373047e+00
1762896803.783828974,9.565756916999816895e-01,-4.428395628929138184e-01,1.112254858016967773e+00
1762896803.803876877,9.506762027740478516e-01,-4.483810365200042725e-01,1.112196683883666992e+00
1762896803.823988199,9.452401995658874512e-01,-4.529892802238464355e-01,1.112118005752563477e+00
1762896803.843939066,9.393170475959777832e-01,-4.580711424350738525e-01,1.112038493156433105e+00
1762896803.863942623,9.332463741302490234e-01,-4.629903733730316162e-01,1.111919403076171875e+00
1762896803.884213448,9.270414710044860840e-01,-4.677318930625915527e-01,1.111743330955505371e+00
1762896803.902881622,9.206554889678955078e-01,-4.723122715950012207e-01,1.111495852470397949e+00
1762896803.922971010,9.142140746116638184e-01,-4.766702950000762939e-01,1.111181855201721191e+00
1762896803.942864418,9.075818061828613281e-01,-4.808682203292846680e-01,1.110794782638549805e+00
1762896803.962890387,9.007982015609741211e-01,-4.848807752132415771e-01,1.110344886779785156e+00
1762896803.982856035,8.938663005828857422e-01,-4.887024462223052979e-01,1.109846949577331543e+00
1762896804.002890587,8.867863416671752930e-01,-4.923299551010131836e-01,1.109324693679809570e+00
1762896804.023911953,8.793486952781677246e-01,-4.958257973194122314e-01,1.108781218528747559e+00
1762896804.043940306,8.721900582313537598e-01,-4.989821910858154297e-01,1.108289361000061035e+00
1762896804.063840389,8.647038936614990234e-01,-5.019941329956054688e-01,1.107816457748413086e+00
1762896804.083815813,8.570800423622131348e-01,-5.047957897186279297e-01,1.107387781143188477e+00
1762896804.103793621,8.493397831916809082e-01,-5.073781013488769531e-01,1.107007503509521484e+00
1762896804.123916388,8.414933085441589355e-01,-5.097362995147705078e-01,1.106674551963806152e+00
1762896804.143717527,8.335497975349426270e-01,-5.118657350540161133e-01,1.106382250785827637e+00
1762896804.163857460,8.255180120468139648e-01,-5.137619972229003906e-01,1.106118440628051758e+00
1762896804.183901310,8.174070119857788086e-01,-5.154200792312622070e-01,1.105867624282836914e+00
1762896804.203910589,8.092247247695922852e-01,-5.168352723121643066e-01,1.105612993240356445e+00
1762896804.223852396,8.009780645370483398e-01,-5.180034041404724121e-01,1.105338811874389648e+00
1762896804.243834972,7.922011017799377441e-01,-5.189369320869445801e-01,1.105007529258728027e+00
1762896804.263993979,7.843049168586730957e-01,-5.195750594139099121e-01,1.104678869247436523e+00
1762896804.283860207,7.759227156639099121e-01,-5.199772119522094727e-01,1.104280710220336914e+00
1762896804.303890705,7.674638628959655762e-01,-5.201190710067749023e-01,1.103831648826599121e+00
1762896804.323915005,7.589541673660278320e-01,-5.199982523918151855e-01,1.103335857391357422e+00
1762896804.343757629,7.503924369812011719e-01,-5.196147561073303223e-01,1.102801203727722168e+00
1762896804.363932133,7.405372858047485352e-01,-5.187727808952331543e-01,1.102127909660339355e+00
1762896804.383994818,7.330943942070007324e-01,-5.180630087852478027e-01,1.101646900177001953e+00
1762896804.403862000,7.231048941612243652e-01,-5.166649222373962402e-01,1.100925326347351074e+00
1762896804.423952579,7.142852544784545898e-01,-5.152276754379272461e-01,1.100299954414367676e+00
1762896804.443791389,7.053914666175842285e-01,-5.135397911071777344e-01,1.099657058715820312e+00
1762896804.463856936,6.964216232299804688e-01,-5.116055011749267578e-01,1.098993897438049316e+00
1762896804.483949423,6.873730421066284180e-01,-5.094289779663085938e-01,1.098306298255920410e+00
1762896804.503923178,6.782440543174743652e-01,-5.070142745971679688e-01,1.097589731216430664e+00
1762896804.524099350,6.690348982810974121e-01,-5.043650865554809570e-01,1.096847057342529297e+00
1762896804.543818235,6.597494482994079590e-01,-5.014852285385131836e-01,1.096078872680664062e+00
1762896804.562850952,6.498431563377380371e-01,-4.982012510299682617e-01,1.095240235328674316e+00
1762896804.582798719,6.409415602684020996e-01,-4.950344264507293701e-01,1.094475865364074707e+00
1762896804.602885723,6.314733624458312988e-01,-4.914892315864562988e-01,1.093650221824645996e+00
1762896804.622976303,6.219112873077392578e-01,-4.877134561538696289e-01,1.092812657356262207e+00
1762896804.642816305,6.122887134552001953e-01,-4.837171733379364014e-01,1.091973066329956055e+00
1762896804.663816452,6.020524501800537109e-01,-4.792733192443847656e-01,1.091102719306945801e+00
1762896804.683965445,5.928677320480346680e-01,-4.750532507896423340e-01,1.090384244918823242e+00
1762896804.703744888,5.831316113471984863e-01,-4.704058170318603516e-01,1.089673399925231934e+00
1762896804.723852873,5.733359456062316895e-01,-4.655228257179260254e-01,1.089012384414672852e+00
1762896804.742822886,5.689907073974609375e-01,-4.630163013935089111e-01,1.088783979415893555e+00
1762896804.762806654,5.598993897438049316e-01,-4.582745432853698730e-01,1.088211059570312500e+00
1762896804.783076763,5.500733852386474609e-01,-4.528507888317108154e-01,1.087632775306701660e+00
1762896804.802916050,5.402168631553649902e-01,-4.471914470195770264e-01,1.087068676948547363e+00
1762896804.823095560,5.297243595123291016e-01,-4.408055841922760010e-01,1.086507320404052734e+00
1762896804.842882872,5.204402804374694824e-01,-4.351615309715270996e-01,1.085990428924560547e+00
1762896804.863773108,5.105803608894348145e-01,-4.286357760429382324e-01,1.085453033447265625e+00
1762896804.883805752,4.998907446861267090e-01,-4.215479493141174316e-01,1.084816694259643555e+00
1762896804.903720617,4.904715418815612793e-01,-4.151854515075683594e-01,1.084206104278564453e+00
1762896804.923961639,4.803356826305389404e-01,-4.079745113849639893e-01,1.083490610122680664e+00
1762896804.943901777,4.701175689697265625e-01,-4.004855751991271973e-01,1.082690119743347168e+00
1762896804.963842392,4.598020613193511963e-01,-3.927143812179565430e-01,1.081795096397399902e+00
1762896804.982911587,4.490967988967895508e-01,-3.844656348228454590e-01,1.080777287483215332e+00
1762896805.003918171,4.388292729854583740e-01,-3.763249814510345459e-01,1.079727292060852051e+00
1762896805.023882866,4.281191229820251465e-01,-3.676907718181610107e-01,1.078576564788818359e+00
1762896805.042870760,4.171088933944702148e-01,-3.586697280406951904e-01,1.077360272407531738e+00
1762896805.062977791,4.064738154411315918e-01,-3.497776091098785400e-01,1.076186776161193848e+00
1762896805.082803011,3.954434990882873535e-01,-3.404619991779327393e-01,1.075005412101745605e+00
1762896805.102905512,3.842731118202209473e-01,-3.309265375137329102e-01,1.073880672454833984e+00
1762896805.122949123,3.729834258556365967e-01,-3.212028741836547852e-01,1.072844266891479492e+00
1762896805.143000364,3.615831732749938965e-01,-3.113127648830413818e-01,1.071923017501831055e+00
1762896805.163918018,3.500830531120300293e-01,-3.012781143188476562e-01,1.071137905120849609e+00
1762896805.183892965,3.384980559349060059e-01,-2.911213934421539307e-01,1.070502638816833496e+00
1762896805.204052210,3.267774283885955811e-01,-2.808105945587158203e-01,1.070032000541687012e+00
1762896805.223833323,3.151471316814422607e-01,-2.705300152301788330e-01,1.069734811782836914e+00
1762896805.243924618,3.034132421016693115e-01,-2.601256966590881348e-01,1.069586396217346191e+00
1762896805.263975143,2.916624248027801514e-01,-2.496615648269653320e-01,1.069572448730468750e+00
1762896805.282887220,2.798510193824768066e-01,-2.390955537557601929e-01,1.069667100906372070e+00
1762896805.303083897,2.668038010597229004e-01,-2.277875244617462158e-01,1.069794654846191406e+00
1762896805.322875500,2.551239132881164551e-01,-2.171909660100936890e-01,1.070010662078857422e+00
1762896805.342937469,2.434804290533065796e-01,-2.065357863903045654e-01,1.070227980613708496e+00
1762896805.362860918,2.318896949291229248e-01,-1.958226710557937622e-01,1.070411562919616699e+00
1762896805.382850647,2.203546166419982910e-01,-1.850423365831375122e-01,1.070530295372009277e+00
1762896805.403022051,2.088758498430252075e-01,-1.741843074560165405e-01,1.070560693740844727e+00
1762896805.422915697,1.974533200263977051e-01,-1.632388681173324585e-01,1.070489168167114258e+00
1762896805.442947388,1.860828846693038940e-01,-1.521960943937301636e-01,1.070312142372131348e+00
1762896805.462890387,1.747586280107498169e-01,-1.410468220710754395e-01,1.070040106773376465e+00
1762896805.484188318,1.628532558679580688e-01,-1.292400956153869629e-01,1.069666147232055664e+00
1762896805.503851652,1.522190719842910767e-01,-1.183938086032867432e-01,1.069280266761779785e+00
1762896805.523927212,1.410343497991561890e-01,-1.069288402795791626e-01,1.068835020065307617e+00
1762896805.543877125,1.298289746046066284e-01,-9.531445056200027466e-02,1.068371415138244629e+00
1762896805.562869072,1.184976026415824890e-01,-8.346097171306610107e-02,1.067898273468017578e+00
1762896805.582903147,1.074435561895370483e-01,-7.175911962985992432e-02,1.067448377609252930e+00
1762896805.602833748,9.623659402132034302e-02,-5.983149260282516479e-02,1.066995978355407715e+00
1762896805.622859716,8.500292897224426270e-02,-4.780910164117813110e-02,1.066544890403747559e+00
1762896805.642947674,7.374616712331771851e-02,-3.570935502648353577e-02,1.066115140914916992e+00
1762896805.662904501,6.246325001120567322e-02,-2.354135736823081970e-02,1.065705299377441406e+00
1762896805.682828426,5.114968493580818176e-02,-1.131740212440490723e-02,1.065317749977111816e+00
1762896805.703911304,3.917704522609710693e-02,1.537693664431571960e-03,1.064927339553833008e+00
1762896805.723768234,2.840748801827430725e-02,1.325262896716594696e-02,1.064614176750183105e+00
1762896805.742810011,2.313202992081642151e-02,1.978114061057567596e-02,1.064536571502685547e+00
1762896805.762988806,1.185136102139949799e-02,3.193931281566619873e-02,1.064239382743835449e+00
1762896805.782798767,3.999593609478324652e-04,4.421218857169151306e-02,1.063965797424316406e+00
1762896805.802873373,-1.108581945300102234e-02,5.645657703280448914e-02,1.063736081123352051e+00
1762896805.822809696,-2.259614691138267517e-02,6.865137815475463867e-02,1.063567519187927246e+00
1762896805.842992067,-3.413763642311096191e-02,8.079285174608230591e-02,1.063457369804382324e+00
1762896805.862999916,-4.491029307246208191e-02,9.176049381494522095e-02,1.063374996185302734e+00
1762896805.882821083,-5.652000755071640015e-02,1.037823632359504700e-01,1.063371658325195312e+00
1762896805.903857708,-6.853259354829788208e-02,1.160599142313003540e-01,1.063406705856323242e+00
1762896805.923907280,-7.989459484815597534e-02,1.276541799306869507e-01,1.063466787338256836e+00
1762896805.943914175,-9.149017930030822754e-02,1.393563747406005859e-01,1.063524603843688965e+00
1762896805.963912010,-1.031934544444084167e-01,1.510531902313232422e-01,1.063562393188476562e+00
1762896805.983911991,-1.157352700829505920e-01,1.637623459100723267e-01,1.063583016395568848e+00
1762896806.003859043,-1.266322284936904907e-01,1.741881817579269409e-01,1.063518285751342773e+00
1762896806.022962809,-1.383529305458068848e-01,1.856236457824707031e-01,1.063422322273254395e+00
1762896806.042812109,-1.501347720623016357e-01,1.970264017581939697e-01,1.063278198242187500e+00
1762896806.062855959,-1.617657542228698730e-01,2.082242071628570557e-01,1.063104748725891113e+00
1762896806.082814932,-1.734499186277389526e-01,2.193871736526489258e-01,1.062918663024902344e+00
1762896806.102737665,-1.851144134998321533e-01,2.304561287164688110e-01,1.062738418579101562e+00
1762896806.122867107,-1.967504769563674927e-01,2.414245605468750000e-01,1.062583446502685547e+00
1762896806.142903805,-2.083541601896286011e-01,2.522888779640197754e-01,1.062472820281982422e+00
1762896806.162961006,-2.199214100837707520e-01,2.630436420440673828e-01,1.062421917915344238e+00
1762896806.182991028,-2.314477860927581787e-01,2.736822366714477539e-01,1.062438845634460449e+00
1762896806.202942848,-2.429287433624267578e-01,2.841967940330505371e-01,1.062525868415832520e+00
1762896806.222842693,-2.543599605560302734e-01,2.945786118507385254e-01,1.062679290771484375e+00
1762896806.243842125,-2.658008933067321777e-01,3.048658370971679688e-01,1.062892198562622070e+00
1762896806.263751030,-2.770481109619140625e-01,3.148982226848602295e-01,1.063151836395263672e+00
1762896806.283854723,-2.883043587207794189e-01,3.248229622840881348e-01,1.063448071479797363e+00
1762896806.303937435,-2.995019257068634033e-01,3.345802724361419678e-01,1.063770055770874023e+00
1762896806.324073553,-3.106352388858795166e-01,3.441576957702636719e-01,1.064109802246093750e+00
1762896806.343913078,-3.217047452926635742e-01,3.535481095314025879e-01,1.064457654953002930e+00
1762896806.363939047,-3.327117562294006348e-01,3.627442717552185059e-01,1.064811110496520996e+00
1762896806.383895397,-3.436570465564727783e-01,3.717382252216339111e-01,1.065172195434570312e+00
1762896806.403930187,-3.545414209365844727e-01,3.805223405361175537e-01,1.065543532371520996e+00
1762896806.422881842,-3.667866289615631104e-01,3.896390795707702637e-01,1.065912246704101562e+00
1762896806.442998171,-3.774034678936004639e-01,3.978676497936248779e-01,1.066317677497863770e+00
1762896806.462837458,-3.880995512008666992e-01,4.059559106826782227e-01,1.066754341125488281e+00
1762896806.482896090,-3.987464904785156250e-01,4.138122498989105225e-01,1.067225933074951172e+00
1762896806.502993107,-4.093353748321533203e-01,4.214252531528472900e-01,1.067741870880126953e+00
1762896806.522823811,-4.198607206344604492e-01,4.287883937358856201e-01,1.068313598632812500e+00
1762896806.542813063,-4.303222596645355225e-01,4.358991980552673340e-01,1.068932175636291504e+00
1762896806.563045502,-4.370358586311340332e-01,4.408099949359893799e-01,1.069440841674804688e+00
1762896806.582881927,-4.507490098476409912e-01,4.491968750953674316e-01,1.070288300514221191e+00
1762896806.602737427,-4.604419767856597900e-01,4.552623629570007324e-01,1.070998907089233398e+00
1762896806.624953508,-4.711020588874816895e-01,4.615741670131683350e-01,1.071798801422119141e+00
1762896806.642720461,-4.814856350421905518e-01,4.675156772136688232e-01,1.072653532028198242e+00
1762896806.662868261,-4.913892745971679688e-01,4.730130136013031006e-01,1.073529124259948730e+00
1762896806.682864189,-5.013455748558044434e-01,4.783117175102233887e-01,1.074459671974182129e+00
1762896806.702839136,-5.112453699111938477e-01,4.833610951900482178e-01,1.075429320335388184e+00
1762896806.722900867,-5.210908651351928711e-01,4.881657063961029053e-01,1.076402306556701660e+00
1762896806.742813826,-5.308847427368164062e-01,4.927306175231933594e-01,1.077361583709716797e+00
1762896806.763870716,-5.407389402389526367e-01,4.970880448818206787e-01,1.078306436538696289e+00
1762896806.784009933,-5.502952933311462402e-01,5.011290907859802246e-01,1.079202294349670410e+00
1762896806.803953409,-5.599193572998046875e-01,5.049706697463989258e-01,1.080076932907104492e+00
1762896806.823850393,-5.694916844367980957e-01,5.085681080818176270e-01,1.080941796302795410e+00
1762896806.843759537,-5.790013074874877930e-01,5.119125247001647949e-01,1.081820964813232422e+00
1762896806.863829136,-5.884436368942260742e-01,5.149973630905151367e-01,1.082741618156433105e+00
1762896806.883874416,-5.978133082389831543e-01,5.178141593933105469e-01,1.083733677864074707e+00
1762896806.903907776,-6.037929058074951172e-01,5.197739005088806152e-01,1.084551095962524414e+00
1762896806.923920393,-6.134402751922607422e-01,5.221801400184631348e-01,1.085747838020324707e+00
1762896806.943818569,-6.244976520538330078e-01,5.244423747062683105e-01,1.087221622467041016e+00
1762896806.963809013,-6.310952901840209961e-01,5.259004831314086914e-01,1.088359475135803223e+00
1762896806.983999252,-6.409226655960083008e-01,5.272033810615539551e-01,1.089894175529479980e+00
1762896807.003973246,-6.486895084381103516e-01,5.284662842750549316e-01,1.091477632522583008e+00
1762896807.024331331,-6.574217677116394043e-01,5.292956829071044922e-01,1.093180060386657715e+00
1762896807.043797731,-6.670964360237121582e-01,5.296246409416198730e-01,1.095014572143554688e+00
1762896807.063851833,-6.756359934806823730e-01,5.298070907592773438e-01,1.096816778182983398e+00
1762896807.083802700,-6.840857863426208496e-01,5.296785235404968262e-01,1.098599433898925781e+00
1762896807.103885651,-6.924455165863037109e-01,5.292404890060424805e-01,1.100337028503417969e+00
1762896807.124004841,-7.007129192352294922e-01,5.284926295280456543e-01,1.102011561393737793e+00
1762896807.143754721,-7.088833451271057129e-01,5.274352431297302246e-01,1.103615760803222656e+00
1762896807.163856983,-7.169517278671264648e-01,5.260678529739379883e-01,1.105158448219299316e+00
1762896807.184828281,-7.253613471984863281e-01,5.242722034454345703e-01,1.106721520423889160e+00
1762896807.204044580,-7.284342646598815918e-01,5.236504077911376953e-01,1.107552528381347656e+00
1762896807.223933458,-7.360733151435852051e-01,5.215326547622680664e-01,1.109049916267395020e+00
1762896807.243872404,-7.437065243721008301e-01,5.190744996070861816e-01,1.110610604286193848e+00
1762896807.263873339,-7.512097954750061035e-01,5.163074135780334473e-01,1.112247347831726074e+00
1762896807.283884048,-7.585653662681579590e-01,5.132374167442321777e-01,1.113986968994140625e+00
1762896807.303878784,-7.657710909843444824e-01,5.098592638969421387e-01,1.115850925445556641e+00
1762896807.323971748,-7.728273272514343262e-01,5.061754584312438965e-01,1.117832303047180176e+00
1762896807.343873024,-7.797321081161499023e-01,5.021912455558776855e-01,1.119915366172790527e+00
1762896807.363903522,-7.864835858345031738e-01,4.979110062122344971e-01,1.122076392173767090e+00
1762896807.382886887,-7.927548289299011230e-01,4.936528205871582031e-01,1.124056696891784668e+00
1762896807.403038979,-7.995218634605407715e-01,4.884904623031616211e-01,1.126487612724304199e+00
1762896807.422920465,-8.054729700088500977e-01,4.837598502635955811e-01,1.128439307212829590e+00
1762896807.442868710,-8.116301298141479492e-01,4.783965051174163818e-01,1.130557894706726074e+00
1762896807.462862968,-8.176397085189819336e-01,4.727753698825836182e-01,1.132593512535095215e+00
1762896807.482855797,-8.238035440444946289e-01,4.664384126663208008e-01,1.134736418724060059e+00
1762896807.502809048,-8.293970227241516113e-01,4.606303572654724121e-01,1.136432647705078125e+00
1762896807.523908138,-8.350993990898132324e-01,4.539154171943664551e-01,1.138382077217102051e+00
1762896807.543983698,-8.402830362319946289e-01,4.478414952754974365e-01,1.139943957328796387e+00
1762896807.563877821,-8.456225991249084473e-01,4.410195350646972656e-01,1.141703367233276367e+00
1762896807.583897829,-8.508412837982177734e-01,4.339708089828491211e-01,1.143502116203308105e+00
1762896807.603995800,-8.559429645538330078e-01,4.267002344131469727e-01,1.145366907119750977e+00
1762896807.623888493,-8.609313368797302246e-01,4.192133247852325439e-01,1.147314190864562988e+00
1762896807.643817902,-8.658096790313720703e-01,4.115146100521087646e-01,1.149347901344299316e+00
1762896807.663896322,-8.705804944038391113e-01,4.036096632480621338e-01,1.151458144187927246e+00
1762896807.683851242,-8.752449750900268555e-01,3.955039680004119873e-01,1.153625488281250000e+00
1762896807.703846216,-8.798036575317382812e-01,3.872024714946746826e-01,1.155825614929199219e+00
1762896807.723856688,-8.842573165893554688e-01,3.787092566490173340e-01,1.158028602600097656e+00
1762896807.743852615,-8.886058926582336426e-01,3.700281381607055664e-01,1.160203933715820312e+00
1762896807.763814688,-8.928485512733459473e-01,3.611630797386169434e-01,1.162322640419006348e+00
1762896807.783875465,-8.969832062721252441e-01,3.521169126033782959e-01,1.164363384246826172e+00
1762896807.802792549,-9.010071158409118652e-01,3.428921699523925781e-01,1.166315078735351562e+00
1762896807.823069811,-9.049423933029174805e-01,3.334405422210693359e-01,1.168184638023376465e+00
1762896807.842926979,-9.087036848068237305e-01,3.239182531833648682e-01,1.169963002204895020e+00
1762896807.862876177,-9.123719930648803711e-01,3.141704201698303223e-01,1.171700835227966309e+00
1762896807.884169579,-9.159142971038818359e-01,3.042467832565307617e-01,1.173418760299682617e+00
1762896807.903887510,-9.193458557128906250e-01,2.940983474254608154e-01,1.175157308578491211e+00
1762896807.923963070,-9.225877523422241211e-01,2.838919162750244141e-01,1.176922798156738281e+00
1762896807.943857431,-9.257124662399291992e-01,2.734646201133728027e-01,1.178755283355712891e+00
1762896807.963900566,-9.281472563743591309e-01,2.641918957233428955e-01,1.180452585220336914e+00
1762896807.983952522,-9.314715862274169922e-01,2.522277235984802246e-01,1.182597875595092773e+00
1762896808.003981829,-9.338235855102539062e-01,2.431572824716567993e-01,1.184244751930236816e+00
1762896808.023964882,-9.365200400352478027e-01,2.306515723466873169e-01,1.186592936515808105e+00
1762896808.043908596,-9.384809732437133789e-01,2.217344790697097778e-01,1.188218355178833008e+00
1762896808.062874079,-9.417231082916259766e-01,2.073294967412948608e-01,1.190770268440246582e+00
1762896808.082746506,-9.442036747932434082e-01,1.944383531808853149e-01,1.193025469779968262e+00
1762896808.102905750,-9.457514286041259766e-01,1.839264184236526489e-01,1.194843411445617676e+00
1762896808.123051405,-9.474638104438781738e-01,1.723027080297470093e-01,1.196768164634704590e+00
1762896808.142756701,-9.490534663200378418e-01,1.605019569396972656e-01,1.198651432991027832e+00
1762896808.162807465,-9.505043029785156250e-01,1.485937535762786865e-01,1.200473666191101074e+00
1762896808.182916403,-9.518154859542846680e-01,1.365975141525268555e-01,1.202239036560058594e+00
1762896808.202796221,-9.529898762702941895e-01,1.245206370949745178e-01,1.203965902328491211e+00
1762896808.222861290,-9.540317058563232422e-01,1.123746484518051147e-01,1.205663919448852539e+00
1762896808.242924929,-9.549433588981628418e-01,1.001725941896438599e-01,1.207353949546813965e+00
1762896808.262915850,-9.557270407676696777e-01,8.792705833911895752e-02,1.209056615829467773e+00
1762896808.282870770,-9.563848376274108887e-01,7.565134018659591675e-02,1.210785746574401855e+00
1762896808.303749323,-9.569364786148071289e-01,6.323204934597015381e-02,1.212567090988159180e+00
1762896808.323992729,-9.573218822479248047e-01,5.107833817601203918e-02,1.214354753494262695e+00
1762896808.343865871,-9.576105475425720215e-01,3.879828751087188721e-02,1.216193318367004395e+00
1762896808.363839865,-9.577819705009460449e-01,2.653034776449203491e-02,1.218055725097656250e+00
1762896808.383938074,-9.570697546005249023e-01,2.012623101472854614e-02,1.219126105308532715e+00
1762896808.403887272,-9.573070406913757324e-01,5.805801600217819214e-03,1.221273899078369141e+00
1762896808.423988819,-9.574729800224304199e-01,-9.018043987452983856e-03,1.223478436470031738e+00
1762896808.444062471,-9.572101831436157227e-01,-2.125881239771842957e-02,1.225291490554809570e+00
1762896808.463792324,-9.568944573402404785e-01,-3.404408693313598633e-02,1.227134108543395996e+00
1762896808.482864141,-9.561982154846191406e-01,-3.958316147327423096e-02,1.227965831756591797e+00
1762896808.503857851,-9.553066492080688477e-01,-5.241273716092109680e-02,1.229797482490539551e+00
1762896808.523974895,-9.546261429786682129e-01,-6.434457004070281982e-02,1.231431961059570312e+00
1762896808.543933868,-9.541580080986022949e-01,-7.504183799028396606e-02,1.232833743095397949e+00
1762896808.563997507,-9.532635807991027832e-01,-8.684603124856948853e-02,1.234347939491271973e+00
1762896808.583909512,-9.522529840469360352e-01,-9.860179573297500610e-02,1.235791563987731934e+00
1762896808.603819847,-9.511237740516662598e-01,-1.103627532720565796e-01,1.237165093421936035e+00
1762896808.622958660,-9.498798847198486328e-01,-1.225214749574661255e-01,1.238502860069274902e+00
1762896808.642896175,-9.485359787940979004e-01,-1.362955868244171143e-01,1.239913821220397949e+00
1762896808.662917614,-9.469699859619140625e-01,-1.451979577541351318e-01,1.240833520889282227e+00
1762896808.682860136,-9.453196525573730469e-01,-1.565213203430175781e-01,1.241922497749328613e+00
1762896808.702904701,-9.435304999351501465e-01,-1.679346263408660889e-01,1.242988586425781250e+00
1762896808.722854853,-9.415962100028991699e-01,-1.792902797460556030e-01,1.244042158126831055e+00
1762896808.742878914,-9.395123720169067383e-01,-1.905697584152221680e-01,1.245085835456848145e+00
1762896808.762957811,-9.372764825820922852e-01,-2.017721235752105713e-01,1.246129751205444336e+00
1762896808.782913923,-9.348874688148498535e-01,-2.128921598196029663e-01,1.247167229652404785e+00
1762896808.802881002,-9.323442578315734863e-01,-2.239195555448532104e-01,1.248185396194458008e+00
1762896808.823870659,-9.296465516090393066e-01,-2.348436564207077026e-01,1.249172210693359375e+00
1762896808.843877554,-9.267869591712951660e-01,-2.457017898559570312e-01,1.250117182731628418e+00
1762896808.864140272,-9.237899780273437500e-01,-2.563208937644958496e-01,1.250997662544250488e+00
1762896808.883730650,-9.206378459930419922e-01,-2.668495774269104004e-01,1.251820802688598633e+00
1762896808.903812408,-9.173390269279479980e-01,-2.772193551063537598e-01,1.252583146095275879e+00
1762896808.922807932,-9.133792519569396973e-01,-2.902234792709350586e-01,1.253455281257629395e+00
1762896808.943972826,-9.101504087448120117e-01,-2.982253432273864746e-01,1.254009127616882324e+00
1762896808.963960648,-9.065974354743957520e-01,-3.071962893009185791e-01,1.254607677459716797e+00
1762896808.983851671,-9.027652740478515625e-01,-3.167110383510589600e-01,1.255246877670288086e+00
1762896809.003769875,-8.987999558448791504e-01,-3.260328769683837891e-01,1.255902409553527832e+00
1762896809.023862123,-8.947160840034484863e-01,-3.351006507873535156e-01,1.256562471389770508e+00
1762896809.043852806,-8.916207551956176758e-01,-3.416252732276916504e-01,1.257052302360534668e+00
1762896809.064143658,-8.872931599617004395e-01,-3.504060208797454834e-01,1.257721662521362305e+00
1762896809.084028721,-8.829243779182434082e-01,-3.587201237678527832e-01,1.258349299430847168e+00
1762896809.102993965,-8.783801794052124023e-01,-3.669784963130950928e-01,1.258937478065490723e+00
1762896809.122834921,-8.738676309585571289e-01,-3.746342360973358154e-01,1.259435534477233887e+00
1762896809.142776489,-8.692016601562500000e-01,-3.821828365325927734e-01,1.259847640991210938e+00
1762896809.163841248,-8.644201755523681641e-01,-3.894996345043182373e-01,1.260138511657714844e+00
1762896809.183995247,-8.595756292343139648e-01,-3.964761197566986084e-01,1.260290980339050293e+00
1762896809.203816414,-8.546178936958312988e-01,-4.032173156738281250e-01,1.260305523872375488e+00
1762896809.223834515,-8.495597243309020996e-01,-4.096879661083221436e-01,1.260185956954956055e+00
1762896809.243857384,-8.443996310234069824e-01,-4.158846437931060791e-01,1.259945631027221680e+00
1762896809.263095140,-8.391339778900146484e-01,-4.218079149723052979e-01,1.259604930877685547e+00
1762896809.282894850,-8.337386846542358398e-01,-4.274809658527374268e-01,1.259185075759887695e+00
1762896809.303146601,-8.282675147056579590e-01,-4.328320324420928955e-01,1.258718371391296387e+00
1762896809.322841644,-8.226575851440429688e-01,-4.379403293132781982e-01,1.258214235305786133e+00
1762896809.343896627,-8.168300986289978027e-01,-4.428733289241790771e-01,1.257668733596801758e+00
1762896809.363928080,-8.110582828521728516e-01,-4.473464190959930420e-01,1.257127165794372559e+00
1762896809.383843899,-8.050734400749206543e-01,-4.516402781009674072e-01,1.256541848182678223e+00
1762896809.403912067,-7.989519834518432617e-01,-4.556708037853240967e-01,1.255916237831115723e+00
1762896809.423965454,-7.926974296569824219e-01,-4.594323933124542236e-01,1.255235910415649414e+00
1762896809.444037199,-7.863095402717590332e-01,-4.629244506359100342e-01,1.254486203193664551e+00
1762896809.463865995,-7.797883749008178711e-01,-4.661460816860198975e-01,1.253654599189758301e+00
1762896809.484005928,-7.731347084045410156e-01,-4.690950810909271240e-01,1.252732038497924805e+00
1762896809.503824234,-7.663497328758239746e-01,-4.717686772346496582e-01,1.251715779304504395e+00
1762896809.522916317,-7.594355344772338867e-01,-4.741635322570800781e-01,1.250610709190368652e+00
1762896809.543001890,-7.524181604385375977e-01,-4.762289822101593018e-01,1.249311089515686035e+00
1762896809.563856602,-7.452009916305541992e-01,-4.780984222888946533e-01,1.248167395591735840e+00
1762896809.583887100,-7.380121946334838867e-01,-4.795195758342742920e-01,1.246761798858642578e+00
1762896809.603872299,-7.306015491485595703e-01,-4.807394742965698242e-01,1.245420336723327637e+00
1762896809.624255657,-7.230218648910522461e-01,-4.818092286586761475e-01,1.244167804718017578e+00
1762896809.643716574,-7.153899073600769043e-01,-4.824551045894622803e-01,1.242779374122619629e+00
1762896809.663829088,-7.076838612556457520e-01,-4.826146662235260010e-01,1.241254687309265137e+00
1762896809.684004068,-6.998289823532104492e-01,-4.826435148715972900e-01,1.239818930625915527e+00
1762896809.703926325,-6.918705701828002930e-01,-4.823753833770751953e-01,1.238347530364990234e+00
1762896809.723834515,-6.838111877441406250e-01,-4.818110466003417969e-01,1.236827611923217773e+00
1762896809.743815184,-6.756526231765747070e-01,-4.809517860412597656e-01,1.235246300697326660e+00
1762896809.764101028,-6.673963069915771484e-01,-4.797998368740081787e-01,1.233590841293334961e+00
1762896809.783753395,-6.606425642967224121e-01,-4.788850545883178711e-01,1.232281923294067383e+00
1762896809.803894758,-6.527143716812133789e-01,-4.773898422718048096e-01,1.230606079101562500e+00
1762896809.823875666,-6.442269086837768555e-01,-4.754684567451477051e-01,1.228720903396606445e+00
1762896809.843800068,-6.339853405952453613e-01,-4.725297987461090088e-01,1.226259827613830566e+00
1762896809.863838673,-6.251630783081054688e-01,-4.699194431304931641e-01,1.224147439002990723e+00
1762896809.883888721,-6.179960370063781738e-01,-4.679161012172698975e-01,1.222493052482604980e+00
1762896809.903799057,-6.091656088829040527e-01,-4.648851454257965088e-01,1.220281243324279785e+00
1762896809.923857927,-6.001187562942504883e-01,-4.615200161933898926e-01,1.217969059944152832e+00
1762896809.944052696,-5.909455418586730957e-01,-4.578655958175659180e-01,1.215594053268432617e+00
1762896809.963906050,-5.816485881805419922e-01,-4.539253711700439453e-01,1.213158369064331055e+00
1762896809.982904911,-5.721192359924316406e-01,-4.491392076015472412e-01,1.210467815399169922e+00
1762896810.003324032,-5.626316666603088379e-01,-4.446577131748199463e-01,1.207931041717529297e+00
1762896810.022927523,-5.529635548591613770e-01,-4.403749406337738037e-01,1.205482721328735352e+00
1762896810.042841911,-5.430783033370971680e-01,-4.347211420536041260e-01,1.202633023262023926e+00
1762896810.063056707,-5.330946445465087891e-01,-4.293177723884582520e-01,1.199897766113281250e+00
1762896810.082799435,-5.267903804779052734e-01,-4.265923500061035156e-01,1.198395848274230957e+00
1762896810.102885246,-5.164151191711425781e-01,-4.205984175205230713e-01,1.195517182350158691e+00
1762896810.122887611,-5.063932538032531738e-01,-4.146942198276519775e-01,1.192752957344055176e+00
1762896810.142898083,-4.949673116207122803e-01,-4.074606895446777344e-01,1.189522027969360352e+00
1762896810.162900448,-4.843643605709075928e-01,-4.007025361061096191e-01,1.186590671539306641e+00
1762896810.182837486,-4.737114906311035156e-01,-3.937122225761413574e-01,1.183655023574829102e+00
1762896810.202906609,-4.629537165164947510e-01,-3.864419460296630859e-01,1.180687785148620605e+00
1762896810.222871304,-4.531459510326385498e-01,-3.798510730266571045e-01,1.178037405014038086e+00
1762896810.242953539,-4.422491490840911865e-01,-3.721005618572235107e-01,1.175029873847961426e+00
1762896810.263004541,-4.311954975128173828e-01,-3.640174567699432373e-01,1.171961188316345215e+00
1762896810.282874346,-4.200468659400939941e-01,-3.556560575962066650e-01,1.168842792510986328e+00
1762896810.302886248,-4.088102579116821289e-01,-3.470222651958465576e-01,1.165676593780517578e+00
1762896810.322928190,-3.974865972995758057e-01,-3.381165862083435059e-01,1.162469983100891113e+00
1762896810.343893051,-3.860777616500854492e-01,-3.289422690868377686e-01,1.159242868423461914e+00
1762896810.363921881,-3.745628595352172852e-01,-3.194795548915863037e-01,1.156015515327453613e+00
1762896810.383859396,-3.630191087722778320e-01,-3.098156452178955078e-01,1.152838706970214844e+00
1762896810.403824568,-3.513747453689575195e-01,-2.998826205730438232e-01,1.149721264839172363e+00
1762896810.423842907,-3.396565020084381104e-01,-2.897191941738128662e-01,1.146699070930480957e+00
1762896810.442834854,-3.278683722019195557e-01,-2.793433070182800293e-01,1.143788695335388184e+00
1762896810.463163376,-3.159869611263275146e-01,-2.687439620494842529e-01,1.140995025634765625e+00
1762896810.483070612,-3.040901720523834229e-01,-2.580266594886779785e-01,1.138340473175048828e+00
1762896810.502957106,-2.921009957790374756e-01,-2.471222877502441406e-01,1.135798573493957520e+00
1762896810.522770882,-2.800442576408386230e-01,-2.360765784978866577e-01,1.133364200592041016e+00
1762896810.542901039,-2.693600058555603027e-01,-2.258816212415695190e-01,1.131250023841857910e+00
1762896810.562975883,-2.571764886379241943e-01,-2.146189510822296143e-01,1.128965139389038086e+00
1762896810.582920074,-2.434779107570648193e-01,-2.022709697484970093e-01,1.126494646072387695e+00
1762896810.602903843,-2.326096743345260620e-01,-1.918264478445053101e-01,1.124501943588256836e+00
1762896810.622882128,-2.187703698873519897e-01,-1.793122738599777222e-01,1.122061133384704590e+00
1762896810.642817020,-2.061988711357116699e-01,-1.676008254289627075e-01,1.119819045066833496e+00
1762896810.663885117,-1.938015818595886230e-01,-1.561065167188644409e-01,1.117615222930908203e+00
1762896810.683921337,-1.812341213226318359e-01,-1.444399207830429077e-01,1.115387320518493652e+00
1762896810.703991890,-1.700830459594726562e-01,-1.337640732526779175e-01,1.113386869430541992e+00
1762896810.723845720,-1.574016958475112915e-01,-1.220142543315887451e-01,1.111171841621398926e+00
1762896810.743746281,-1.446727812290191650e-01,-1.102289706468582153e-01,1.108981847763061523e+00
1762896810.763927221,-1.319014877080917358e-01,-9.840963780879974365e-02,1.106829524040222168e+00
1762896810.784149408,-1.190934702754020691e-01,-8.655806630849838257e-02,1.104731798171997070e+00
1762896810.803936005,-1.062531620264053345e-01,-7.467442750930786133e-02,1.102697491645812988e+00
1762896810.823807240,-9.338541328907012939e-02,-6.275977194309234619e-02,1.100727796554565430e+00
1762896810.843748093,-8.049321174621582031e-02,-5.081323534250259399e-02,1.098818778991699219e+00
1762896810.863779306,-6.757938861846923828e-02,-3.883418813347816467e-02,1.096967816352844238e+00
1762896810.882861137,-5.464830249547958374e-02,-2.682448551058769226e-02,1.095177412033081055e+00
1762896810.903065681,-4.165161401033401489e-02,-1.472925301641225815e-02,1.093436598777770996e+00
1762896810.922766209,-2.876256778836250305e-02,-2.739226212725043297e-03,1.091753721237182617e+00
1762896810.942940474,-1.580960303544998169e-02,9.334338828921318054e-03,1.090096950531005859e+00
1762896810.962776184,-2.850220538675785065e-03,2.142521739006042480e-02,1.088473558425903320e+00
1762896810.983895540,1.066293474286794662e-02,3.413471579551696777e-02,1.086808323860168457e+00
1762896811.003896952,2.307123877108097076e-02,4.562314227223396301e-02,1.085321664810180664e+00
1762896811.023927212,3.599673882126808167e-02,5.768030509352684021e-02,1.083806157112121582e+00
1762896811.043929338,4.895158112049102783e-02,6.975870579481124878e-02,1.082337737083435059e+00
1762896811.063890219,6.190516799688339233e-02,8.181613683700561523e-02,1.080919861793518066e+00
1762896811.083819866,7.485890388488769531e-02,9.384591132402420044e-02,1.079553484916687012e+00
1762896811.103940248,8.781501650810241699e-02,1.058419346809387207e-01,1.078246712684631348e+00
1762896811.123952866,1.007739230990409851e-01,1.177961528301239014e-01,1.077007174491882324e+00
1762896811.143853188,1.137356832623481750e-01,1.296998411417007446e-01,1.075841665267944336e+00
1762896811.163847208,1.266993284225463867e-01,1.415425688028335571e-01,1.074756383895874023e+00
1762896811.183880568,1.396632641553878784e-01,1.533132791519165039e-01,1.073755264282226562e+00
1762896811.202804565,1.529505252838134766e-01,1.658826619386672974e-01,1.072793245315551758e+00
1762896811.222920895,1.657823920249938965e-01,1.773306727409362793e-01,1.071984529495239258e+00
1762896811.242771387,1.787234246730804443e-01,1.887969970703125000e-01,1.071253895759582520e+00
1762896811.262774229,1.916585266590118408e-01,2.001501470804214478e-01,1.070607304573059082e+00
1762896811.282862186,2.045768499374389648e-01,2.113714963197708130e-01,1.070036530494689941e+00
1762896811.302994013,2.174743264913558960e-01,2.224500626325607300e-01,1.069539785385131836e+00
1762896811.323959112,2.304552942514419556e-01,2.334786504507064819e-01,1.069113135337829590e+00
1762896811.343933821,2.431716918945312500e-01,2.441104501485824585e-01,1.068753242492675781e+00
1762896811.363929987,2.559701502323150635e-01,2.546861171722412109e-01,1.068435430526733398e+00
1762896811.383869410,2.687369287014007568e-01,2.650896310806274414e-01,1.068146824836730957e+00
1762896811.403871775,2.814607620239257812e-01,2.753104567527770996e-01,1.067872405052185059e+00
1762896811.423885345,2.941375672817230225e-01,2.853457629680633545e-01,1.067603588104248047e+00
1762896811.442868471,3.017672300338745117e-01,2.906557023525238037e-01,1.067434191703796387e+00
1762896811.463827848,3.144138157367706299e-01,3.004490435123443604e-01,1.067164182662963867e+00
1762896811.483815908,3.268928825855255127e-01,3.099518418312072754e-01,1.066887140274047852e+00
1762896811.503770351,3.393642902374267578e-01,3.193095624446868896e-01,1.066599488258361816e+00
1762896811.523799181,3.517713546752929688e-01,3.284730911254882812e-01,1.066303730010986328e+00
1762896811.543856382,3.641101717948913574e-01,3.374409377574920654e-01,1.065994262695312500e+00
1762896811.563889980,3.763829469680786133e-01,3.462177515029907227e-01,1.065666079521179199e+00
1762896811.584022284,3.885899484157562256e-01,3.548066914081573486e-01,1.065318584442138672e+00
1762896811.603845119,4.007301628589630127e-01,3.632100224494934082e-01,1.064951896667480469e+00
1762896811.623801708,4.128025174140930176e-01,3.714294731616973877e-01,1.064566135406494141e+00
1762896811.643909931,4.248055815696716309e-01,3.794657588005065918e-01,1.064163446426391602e+00
1762896811.663916111,4.367372691631317139e-01,3.873181045055389404e-01,1.063748598098754883e+00
1762896811.683980227,4.485952556133270264e-01,3.949846327304840088e-01,1.063328385353088379e+00
1762896811.703185558,4.591771662235260010e-01,4.018751084804534912e-01,1.062934994697570801e+00
1762896811.722987175,4.706703126430511475e-01,4.090182781219482422e-01,1.062537789344787598e+00
1762896811.742866993,4.822854399681091309e-01,4.161132574081420898e-01,1.062152385711669922e+00
1762896811.762955427,4.938291013240814209e-01,4.230132699012756348e-01,1.061795353889465332e+00
1762896811.782841921,5.052873492240905762e-01,4.297028183937072754e-01,1.061468839645385742e+00
1762896811.802901745,5.166606903076171875e-01,4.361767470836639404e-01,1.061169505119323730e+00
1762896811.822857141,5.279511213302612305e-01,4.424299597740173340e-01,1.060888767242431641e+00
1762896811.842980862,5.391619801521301270e-01,4.484581053256988525e-01,1.060619115829467773e+00
1762896811.862910271,5.502956509590148926e-01,4.542557299137115479e-01,1.060356259346008301e+00
1762896811.882939339,5.613517165184020996e-01,4.598155021667480469e-01,1.060088634490966797e+00
1762896811.902994156,5.723311901092529297e-01,4.651324152946472168e-01,1.059802770614624023e+00
1762896811.922883272,5.832356810569763184e-01,4.702012240886688232e-01,1.059489846229553223e+00
1762896811.943010807,5.940653681755065918e-01,4.750158786773681641e-01,1.059143781661987305e+00
1762896811.963003874,6.045471429824829102e-01,4.794390499591827393e-01,1.058775305747985840e+00
1762896811.982772827,6.144480705261230469e-01,4.833957254886627197e-01,1.058402180671691895e+00
1762896812.002716064,6.247556805610656738e-01,4.873187839984893799e-01,1.057973384857177734e+00
1762896812.022909164,6.352655291557312012e-01,4.910971820354461670e-01,1.057501435279846191e+00
1762896812.042903900,6.457080245018005371e-01,4.946039021015167236e-01,1.057001590728759766e+00
1762896812.062765837,6.560664176940917969e-01,4.978298544883728027e-01,1.056472420692443848e+00
1762896812.083158731,6.663416028022766113e-01,5.007746815681457520e-01,1.055915951728820801e+00
1762896812.102907419,6.765340566635131836e-01,5.034382939338684082e-01,1.055334091186523438e+00
1762896812.122895718,6.853525042533874512e-01,5.055191516876220703e-01,1.054773330688476562e+00
1762896812.144140720,6.977701187133789062e-01,5.081258416175842285e-01,1.053998470306396484e+00
1762896812.163889885,7.066502571105957031e-01,5.097485780715942383e-01,1.053450584411621094e+00
1762896812.183975458,7.164196372032165527e-01,5.112732052803039551e-01,1.052792906761169434e+00
1762896812.203974247,7.261488437652587891e-01,5.125266909599304199e-01,1.052114963531494141e+00
1762896812.223731995,7.357751131057739258e-01,5.134980678558349609e-01,1.051427364349365234e+00
1762896812.242846966,7.463180422782897949e-01,5.141854882240295410e-01,1.050613045692443848e+00
1762896812.263841629,7.537259459495544434e-01,5.144581198692321777e-01,1.050038814544677734e+00
1762896812.283867359,7.627344131469726562e-01,5.146138072013854980e-01,1.049347400665283203e+00
1762896812.304001331,7.734868526458740234e-01,5.142688155174255371e-01,1.048413276672363281e+00
1762896812.323844194,7.809987664222717285e-01,5.140605568885803223e-01,1.047858357429504395e+00
1762896812.343756199,7.917385697364807129e-01,5.129503011703491211e-01,1.046843051910400391e+00
1762896812.363978624,7.986624240875244141e-01,5.123862624168395996e-01,1.046307206153869629e+00
1762896812.383921146,8.071779012680053711e-01,5.111603140830993652e-01,1.045522212982177734e+00
1762896812.403868914,8.156672716140747070e-01,5.096337199211120605e-01,1.044702410697937012e+00
1762896812.423980474,8.240299820899963379e-01,5.078287124633789062e-01,1.043864250183105469e+00
1762896812.443904638,8.322607874870300293e-01,5.057477951049804688e-01,1.043002367019653320e+00
1762896812.463852882,8.403645157814025879e-01,5.033912658691406250e-01,1.042117953300476074e+00
1762896812.483870745,8.483468890190124512e-01,5.007585287094116211e-01,1.041213274002075195e+00
1762896812.503928900,8.562108278274536133e-01,4.978492558002471924e-01,1.040287852287292480e+00
1762896812.523803234,8.639568090438842773e-01,4.946637153625488281e-01,1.039341330528259277e+00
1762896812.543853760,8.715864419937133789e-01,4.912022054195404053e-01,1.038376569747924805e+00
1762896812.563845873,8.791012167930603027e-01,4.874648153781890869e-01,1.037396073341369629e+00
1762896812.583838224,8.865005373954772949e-01,4.834519028663635254e-01,1.036401391029357910e+00
1762896812.602834940,8.938067555427551270e-01,4.791365563869476318e-01,1.035390377044677734e+00
1762896812.623221874,9.009434580802917480e-01,4.746007025241851807e-01,1.034382820129394531e+00
1762896812.642915249,9.079858064651489258e-01,4.697661101818084717e-01,1.033364653587341309e+00
1762896812.662943602,9.149057865142822266e-01,4.646570384502410889e-01,1.032344579696655273e+00
1762896812.683827877,9.217993617057800293e-01,4.591360986232757568e-01,1.031298756599426270e+00
1762896812.703927517,9.283616542816162109e-01,4.536184966564178467e-01,1.030307531356811523e+00
1762896812.723870277,9.348847866058349609e-01,4.477071464061737061e-01,1.029296994209289551e+00
1762896812.742842197,9.411291480064392090e-01,4.405764937400817871e-01,1.028126597404479980e+00
1762896812.762901545,9.471872448921203613e-01,4.344260990619659424e-01,1.027178168296813965e+00
1762896812.783914089,9.536490440368652344e-01,4.283240139484405518e-01,1.026288390159606934e+00
1762896812.804014921,9.595900177955627441e-01,4.213944077491760254e-01,1.025306701660156250e+00
1762896812.823879004,9.650240540504455566e-01,4.135012924671173096e-01,1.024217605590820312e+00
1762896812.843970060,9.706786870956420898e-01,4.060117304325103760e-01,1.023240923881530762e+00
1762896812.863770723,9.761815071105957031e-01,3.982768356800079346e-01,1.022273302078247070e+00
1762896812.883801460,9.801365137100219727e-01,3.943664729595184326e-01,1.021837115287780762e+00
1762896812.903909922,9.867249727249145508e-01,3.820860087871551514e-01,1.020379543304443359e+00
1762896812.923829794,9.917635321617126465e-01,3.736417293548583984e-01,1.019453883171081543e+00
1762896812.942833662,9.954968690872192383e-01,3.692544102668762207e-01,1.019032716751098633e+00
1762896812.962806702,1.000263929367065430e+00,3.605702519416809082e-01,1.018148183822631836e+00
1762896812.983933210,1.004928231239318848e+00,3.514664769172668457e-01,1.017270565032958984e+00
1762896813.004015923,1.009450554847717285e+00,3.420878052711486816e-01,1.016412854194641113e+00
1762896813.023755550,1.013714313507080078e+00,3.329682946205139160e-01,1.015638113021850586e+00
1762896813.043792725,1.017876386642456055e+00,3.233901560306549072e-01,1.014892220497131348e+00
1762896813.064112663,1.021877765655517578e+00,3.135986030101776123e-01,1.014197468757629395e+00
1762896813.083842993,1.025713086128234863e+00,3.036129176616668701e-01,1.013552188873291016e+00
1762896813.103840351,1.029381871223449707e+00,2.934336364269256592e-01,1.012959837913513184e+00
1762896813.123994589,1.032884478569030762e+00,2.830608785152435303e-01,1.012414455413818359e+00
1762896813.143769026,1.036222100257873535e+00,2.724976539611816406e-01,1.011903047561645508e+00
1762896813.163872480,1.039396047592163086e+00,2.617490887641906738e-01,1.011412858963012695e+00
1762896813.182814837,1.041790604591369629e+00,2.515284717082977295e-01,1.010939478874206543e+00
1762896813.203838110,1.045261263847351074e+00,2.396892905235290527e-01,1.010441899299621582e+00
1762896813.223904371,1.047953605651855469e+00,2.284669429063796997e-01,1.009943842887878418e+00
1762896813.243868351,1.050489783287048340e+00,2.170550376176834106e-01,1.009427905082702637e+00
1762896813.263963699,1.052868127822875977e+00,2.054996043443679810e-01,1.008899927139282227e+00
1762896813.283889771,1.055088281631469727e+00,1.938127875328063965e-01,1.008377313613891602e+00
1762896813.302934647,1.056600689888000488e+00,1.827849447727203369e-01,1.007880926132202148e+00
1762896813.322881460,1.058521389961242676e+00,1.711495518684387207e-01,1.007436633110046387e+00
1762896813.342783213,1.060275197029113770e+00,1.591635346412658691e-01,1.007043957710266113e+00
1762896813.363832474,1.061846017837524414e+00,1.467968076467514038e-01,1.006723165512084961e+00
1762896813.382827044,1.062937736511230469e+00,1.305766701698303223e-01,1.006384968757629395e+00
1762896813.402920246,1.064519166946411133e+00,1.224963963031768799e-01,1.006416678428649902e+00
1762896813.422923088,1.065623521804809570e+00,1.104840934276580811e-01,1.006431341171264648e+00
1762896813.442780972,1.066541314125061035e+00,9.819251298904418945e-02,1.006543636322021484e+00
1762896813.462888718,1.067289233207702637e+00,8.585725724697113037e-02,1.006757020950317383e+00
1762896813.482751369,1.067872166633605957e+00,7.351285219192504883e-02,1.007043719291687012e+00
1762896813.502811909,1.068291664123535156e+00,6.115245446562767029e-02,1.007405519485473633e+00
1762896813.523863316,1.067932605743408203e+00,4.519180208444595337e-02,1.007880568504333496e+00
1762896813.543882132,1.068611502647399902e+00,3.619605675339698792e-02,1.008211493492126465e+00
1762896813.564159155,1.068582177162170410e+00,2.399903722107410431e-02,1.008585333824157715e+00
1762896813.583859682,1.067741513252258301e+00,8.629721589386463165e-03,1.008963942527770996e+00
1762896813.603868723,1.067952275276184082e+00,-9.902487508952617645e-04,1.009206533432006836e+00
1762896813.623907804,1.067458033561706543e+00,-1.322902645915746689e-02,1.009427309036254883e+00
1762896813.643918753,1.066777110099792480e+00,-2.562702819705009460e-02,1.009624123573303223e+00
1762896813.664138079,1.065939068794250488e+00,-3.802884370088577271e-02,1.009810805320739746e+00
1762896813.683959723,1.064948081970214844e+00,-5.040908604860305786e-02,1.009996294975280762e+00
1762896813.703829765,1.063803195953369141e+00,-6.277094036340713501e-02,1.010217070579528809e+00
1762896813.723927736,1.062502980232238770e+00,-7.511318475008010864e-02,1.010473847389221191e+00
1762896813.743853807,1.061047315597534180e+00,-8.742871880531311035e-02,1.010766506195068359e+00
1762896813.763933182,1.059436559677124023e+00,-9.971126914024353027e-02,1.011098623275756836e+00
1762896813.783891916,1.057671785354614258e+00,-1.119526252150535583e-01,1.011461019515991211e+00
1762896813.802976370,1.054855108261108398e+00,-1.250383108854293823e-01,1.011800885200500488e+00
1762896813.822880030,1.052821159362792969e+00,-1.370218992233276367e-01,1.012189626693725586e+00
1762896813.842969179,1.050590157508850098e+00,-1.490608304738998413e-01,1.012576580047607422e+00
1762896813.863851309,1.048153519630432129e+00,-1.611358970403671265e-01,1.012953400611877441e+00
1762896813.884870529,1.046444773674011230e+00,-1.723877489566802979e-01,1.013359427452087402e+00
1762896813.902756214,1.045308470726013184e+00,-1.791590750217437744e-01,1.013599157333374023e+00
1762896813.922854185,1.042546391487121582e+00,-1.907990723848342896e-01,1.013950467109680176e+00
1762896813.942781925,1.039617419242858887e+00,-2.023349404335021973e-01,1.014304876327514648e+00
1762896813.962752104,1.036533117294311523e+00,-2.137268334627151489e-01,1.014674782752990723e+00
1762896813.982844353,1.033292531967163086e+00,-2.249656766653060913e-01,1.015071153640747070e+00
1762896814.002829790,1.029890537261962891e+00,-2.360467612743377686e-01,1.015502929687500000e+00
1762896814.023079872,1.026323080062866211e+00,-2.469650208950042725e-01,1.015970706939697266e+00
1762896814.042876005,1.022588610649108887e+00,-2.577154934406280518e-01,1.016469120979309082e+00
1762896814.062982321,1.018686652183532715e+00,-2.682942748069763184e-01,1.016988277435302734e+00
1762896814.082858562,1.014618039131164551e+00,-2.786978781223297119e-01,1.017512679100036621e+00
1762896814.102795124,1.010384798049926758e+00,-2.889227867126464844e-01,1.018024206161499023e+00
1762896814.123844862,1.005990505218505859e+00,-2.989657521247863770e-01,1.018504261970520020e+00
1762896814.143929005,1.001422166824340820e+00,-3.088460862636566162e-01,1.018937587738037109e+00
1762896814.164088249,9.967374801635742188e-01,-3.184891343116760254e-01,1.019311189651489258e+00
1762896814.183957100,9.918887615203857422e-01,-3.279664218425750732e-01,1.019620895385742188e+00
1762896814.203924894,9.868987798690795898e-01,-3.372505307197570801e-01,1.019866824150085449e+00
1762896814.223833799,9.817748069763183594e-01,-3.463370800018310547e-01,1.020058512687683105e+00
1762896814.243921041,9.765229821205139160e-01,-3.552244305610656738e-01,1.020213723182678223e+00
1762896814.263946533,9.711495637893676758e-01,-3.639104962348937988e-01,1.020350337028503418e+00
1762896814.284003496,9.656611084938049316e-01,-3.723930716514587402e-01,1.020488619804382324e+00
1762896814.304844856,9.600642919540405273e-01,-3.806701004505157471e-01,1.020645022392272949e+00
1762896814.322947025,9.545236825942993164e-01,-3.879779875278472900e-01,1.020768284797668457e+00
1762896814.342809439,9.487823247909545898e-01,-3.958140015602111816e-01,1.020982503890991211e+00
1762896814.362815619,9.429097175598144531e-01,-4.034807980060577393e-01,1.021225333213806152e+00
1762896814.382827759,9.369487762451171875e-01,-4.109377264976501465e-01,1.021487474441528320e+00
1762896814.403950214,9.307190775871276855e-01,-4.183333516120910645e-01,1.021752476692199707e+00
1762896814.424024820,9.247788786888122559e-01,-4.252092242240905762e-01,1.022001981735229492e+00
1762896814.443892956,9.185877442359924316e-01,-4.320156276226043701e-01,1.022217035293579102e+00
1762896814.463803530,9.123048782348632812e-01,-4.386173188686370850e-01,1.022377371788024902e+00
1762896814.482793808,9.058960676193237305e-01,-4.450316727161407471e-01,1.022464513778686523e+00
1762896814.503002405,8.994901180267333984e-01,-4.511703252792358398e-01,1.022470235824584961e+00
1762896814.522821426,8.929489254951477051e-01,-4.571238756179809570e-01,1.022390246391296387e+00
1762896814.542864084,8.863101005554199219e-01,-4.628576934337615967e-01,1.022223353385925293e+00
1762896814.562841892,8.795711994171142578e-01,-4.683663249015808105e-01,1.021980762481689453e+00
1762896814.582780838,8.727258443832397461e-01,-4.736467599868774414e-01,1.021682620048522949e+00
1762896814.602946758,8.657683730125427246e-01,-4.786947369575500488e-01,1.021346688270568848e+00
1762896814.622926235,8.586941361427307129e-01,-4.835053980350494385e-01,1.020994663238525391e+00
1762896814.643172503,8.514996170997619629e-01,-4.880737364292144775e-01,1.020645499229431152e+00
1762896814.663832664,8.439679145812988281e-01,-4.924793541431427002e-01,1.020299553871154785e+00
1762896814.683957338,8.367372155189514160e-01,-4.964614212512969971e-01,1.020005583763122559e+00
1762896814.703931093,8.291875123977661133e-01,-5.002682209014892578e-01,1.019726276397705078e+00
1762896814.723815918,8.215054869651794434e-01,-5.038186907768249512e-01,1.019469499588012695e+00
1762896814.742821693,8.134803771972656250e-01,-5.071643590927124023e-01,1.019215583801269531e+00
1762896814.763907671,8.044735789299011230e-01,-5.101692080497741699e-01,1.018887281417846680e+00
1762896814.783974171,7.965845465660095215e-01,-5.128576755523681641e-01,1.018648028373718262e+00
1762896814.804079056,7.884563207626342773e-01,-5.153069496154785156e-01,1.018380403518676758e+00
1762896814.823839188,7.802208662033081055e-01,-5.174797177314758301e-01,1.018080234527587891e+00
1762896814.842907429,7.713952660560607910e-01,-5.194287300109863281e-01,1.017714023590087891e+00
1762896814.863896370,7.644577622413635254e-01,-5.210713744163513184e-01,1.017450332641601562e+00
1762896814.883876801,7.549775838851928711e-01,-5.222893953323364258e-01,1.016957521438598633e+00
1762896814.903894663,7.464284896850585938e-01,-5.233268141746520996e-01,1.016534209251403809e+00
1762896814.923899412,7.377772331237792969e-01,-5.240790843963623047e-01,1.016112327575683594e+00
1762896814.943838835,7.290635704994201660e-01,-5.245428085327148438e-01,1.015707612037658691e+00
1762896814.963963032,7.202892303466796875e-01,-5.247216224670410156e-01,1.015331506729125977e+00
1762896814.983929634,7.114551067352294922e-01,-5.246170759201049805e-01,1.014977931976318359e+00
1762896815.003869057,7.025652527809143066e-01,-5.242305994033813477e-01,1.014649152755737305e+00
1762896815.023839951,6.987073421478271484e-01,-5.241705775260925293e-01,1.014593005180358887e+00
1762896815.043976068,6.898438334465026855e-01,-5.233678817749023438e-01,1.014288663864135742e+00
1762896815.063824415,6.808828115463256836e-01,-5.222886204719543457e-01,1.013980984687805176e+00
1762896815.083792210,6.718506813049316406e-01,-5.209342837333679199e-01,1.013664364814758301e+00
1762896815.103958368,6.627824306488037109e-01,-5.193092226982116699e-01,1.013337373733520508e+00
1762896815.123739958,6.536700129508972168e-01,-5.174095630645751953e-01,1.012984395027160645e+00
1762896815.143763781,6.445024013519287109e-01,-5.152322649955749512e-01,1.012591838836669922e+00
1762896815.162914515,6.351442337036132812e-01,-5.127397775650024414e-01,1.012143015861511230e+00
1762896815.182842970,6.265324354171752930e-01,-5.102133750915527344e-01,1.011669993400573730e+00
1762896815.202921629,6.171759963035583496e-01,-5.072255730628967285e-01,1.011117577552795410e+00
1762896815.222890139,6.071347594261169434e-01,-5.037187337875366211e-01,1.010473608970642090e+00
1762896815.242893696,5.981799960136413574e-01,-5.003950595855712891e-01,1.009826779365539551e+00
1762896815.262847185,5.885471701622009277e-01,-4.965562820434570312e-01,1.009105443954467773e+00
1762896815.282798529,5.782098770141601562e-01,-4.921237528324127197e-01,1.008321762084960938e+00
1762896815.302818298,5.689980387687683105e-01,-4.880367517471313477e-01,1.007592439651489258e+00
1762896815.323004484,5.590827465057373047e-01,-4.833604395389556885e-01,1.006840348243713379e+00
1762896815.343288183,5.490778088569641113e-01,-4.784109294414520264e-01,1.006119012832641602e+00
1762896815.362916231,5.389891266822814941e-01,-4.731929898262023926e-01,1.005444765090942383e+00
1762896815.383114576,5.288252830505371094e-01,-4.677124619483947754e-01,1.004833102226257324e+00
1762896815.403831959,5.183168649673461914e-01,-4.618289172649383545e-01,1.004275798797607422e+00
1762896815.423941612,5.083032250404357910e-01,-4.559822380542755127e-01,1.003829717636108398e+00
1762896815.443887711,4.979887008666992188e-01,-4.497611224651336670e-01,1.003441214561462402e+00
1762896815.464475155,4.876228570938110352e-01,-4.432946741580963135e-01,1.003120779991149902e+00
1762896815.483883858,4.772303402423858643e-01,-4.365962147712707520e-01,1.002858281135559082e+00
1762896815.505764484,4.668204486370086670e-01,-4.296712875366210938e-01,1.002641797065734863e+00
1762896815.523805380,4.563995599746704102e-01,-4.225238859653472900e-01,1.002458930015563965e+00
1762896815.543858528,4.459733366966247559e-01,-4.151572287082672119e-01,1.002297282218933105e+00
1762896815.563854218,4.355483055114746094e-01,-4.075750112533569336e-01,1.002145290374755859e+00
1762896815.583751440,4.251284897327423096e-01,-3.997802436351776123e-01,1.001992464065551758e+00
1762896815.603741884,4.147170484066009521e-01,-3.917757868766784668e-01,1.001830577850341797e+00
1762896815.623507738,4.042547643184661865e-01,-3.835183978080749512e-01,1.001651883125305176e+00
1762896815.642892599,3.939290344715118408e-01,-3.751474618911743164e-01,1.001461029052734375e+00
1762896815.662938833,3.835439682006835938e-01,-3.665266335010528564e-01,1.001253366470336914e+00
1762896815.682916403,3.731571137905120850e-01,-3.577004969120025635e-01,1.001034259796142578e+00
1762896815.703902245,3.624889254570007324e-01,-3.484560847282409668e-01,1.000798583030700684e+00
1762896815.723903418,3.523657023906707764e-01,-3.394448459148406982e-01,1.000580072402954102e+00
1762896815.743983746,3.419692516326904297e-01,-3.300414383411407471e-01,1.000354766845703125e+00
1762896815.762886763,3.296490013599395752e-01,-3.191682398319244385e-01,1.000030994415283203e+00
1762896815.782878399,3.197588622570037842e-01,-3.098353743553161621e-01,9.998399019241333008e-01
1762896815.802842617,3.092943429946899414e-01,-2.998871207237243652e-01,9.996405839920043945e-01
1762896815.822848320,2.987555861473083496e-01,-2.897408604621887207e-01,9.994513392448425293e-01
1762896815.842944860,2.881699204444885254e-01,-2.794294357299804688e-01,9.992701411247253418e-01
1762896815.862995148,2.775376141071319580e-01,-2.689629495143890381e-01,9.990987777709960938e-01
1762896815.882831097,2.668572068214416504e-01,-2.583495080471038818e-01,9.989380240440368652e-01
1762896815.902956009,2.591977119445800781e-01,-2.503103017807006836e-01,9.988794326782226562e-01
1762896815.923055887,2.493717670440673828e-01,-2.402921915054321289e-01,9.987820982933044434e-01
1762896815.942809582,2.386282086372375488e-01,-2.293770760297775269e-01,9.986957907676696777e-01
1762896815.962909460,2.270726263523101807e-01,-2.176491022109985352e-01,9.986414909362792969e-01
1762896815.982880592,2.169214338064193726e-01,-2.071107774972915649e-01,9.986875057220458984e-01
1762896816.003271580,2.060754746198654175e-01,-1.958724856376647949e-01,9.987792372703552246e-01
1762896816.022881031,1.951453983783721924e-01,-1.844904869794845581e-01,9.989215135574340820e-01
1762896816.042931318,1.841675490140914917e-01,-1.730007976293563843e-01,9.991050362586975098e-01
1762896816.063118458,1.731432378292083740e-01,-1.614068746566772461e-01,9.993101358413696289e-01
1762896816.082918882,1.620699167251586914e-01,-1.497083455324172974e-01,9.995105266571044922e-01
1762896816.102897644,1.509472578763961792e-01,-1.379058510065078735e-01,9.996830821037292480e-01
1762896816.123078108,1.397784054279327393e-01,-1.260022968053817749e-01,9.998097419738769531e-01
1762896816.142883778,1.285690218210220337e-01,-1.140024811029434204e-01,9.998794794082641602e-01
1762896816.162984371,1.173259168863296509e-01,-1.019123271107673645e-01,9.998900294303894043e-01
1762896816.182845354,1.060571596026420593e-01,-8.973912149667739868e-02,9.998505711555480957e-01
1762896816.203821421,9.470816701650619507e-02,-7.743017375469207764e-02,9.997802972793579102e-01
1762896816.223902225,8.348988741636276245e-02,-6.518845260143280029e-02,9.997143149375915527e-01
1762896816.242929697,7.025737315416336060e-02,-5.137285217642784119e-02,9.995862245559692383e-01
1762896816.262846708,6.093401089310646057e-02,-4.042895883321762085e-02,9.997111558914184570e-01
1762896816.282902956,4.839124530553817749e-02,-2.717024460434913635e-02,9.997580051422119141e-01
1762896816.303807020,3.844554349780082703e-02,-1.554211881011724472e-02,1.000053048133850098e+00
1762896816.324055195,2.605254948139190674e-02,-2.346983645111322403e-03,1.000329136848449707e+00
1762896816.343964815,1.496136002242565155e-02,1.003848109394311905e-02,1.000775218009948730e+00
1762896816.364176273,5.221399012953042984e-03,2.156276442110538483e-02,1.001335859298706055e+00
1762896816.382819414,-1.173247932456433773e-03,2.901337854564189911e-02,1.001707792282104492e+00
1762896816.402863979,-1.234203018248081207e-02,4.152984917163848877e-02,1.002308726310729980e+00
1762896816.422994614,-2.285639382898807526e-02,5.341859906911849976e-02,1.002892136573791504e+00
1762896816.442758322,-3.365350142121315002e-02,6.558379530906677246e-02,1.003456950187683105e+00
1762896816.462861300,-4.441443085670471191e-02,7.770828157663345337e-02,1.003970146179199219e+00
1762896816.483909845,-5.512760952115058899e-02,8.977174013853073120e-02,1.004406094551086426e+00
1762896816.503800154,-6.622941792011260986e-02,1.021862030029296875e-01,1.004745960235595703e+00
1762896816.524061680,-7.647124677896499634e-02,1.137360930442810059e-01,1.004949212074279785e+00
1762896816.543880939,-8.709816634654998779e-02,1.256133764982223511e-01,1.005030035972595215e+00
1762896816.563827753,-9.775582700967788696e-02,1.374645829200744629e-01,1.004980802536010742e+00
1762896816.583840370,-1.084313616156578064e-01,1.492664068937301636e-01,1.004806518554687500e+00
1762896816.604958773,-1.191392317414283752e-01,1.610200852155685425e-01,1.004518032073974609e+00
1762896816.622923136,-1.303187608718872070e-01,1.731281280517578125e-01,1.004123449325561523e+00
1762896816.642886877,-1.407088041305541992e-01,1.844208389520645142e-01,1.003700137138366699e+00
1762896816.662966728,-1.515443772077560425e-01,1.960480213165283203e-01,1.003222465515136719e+00
1762896816.682793617,-1.624603271484375000e-01,2.076656371355056763e-01,1.002734541893005371e+00
1762896816.702875853,-1.734304726123809814e-01,2.192451208829879761e-01,1.002263784408569336e+00
1762896816.722922564,-1.836724728345870972e-01,2.296632230281829834e-01,1.001823186874389648e+00
1762896816.743201494,-1.947432160377502441e-01,2.411561310291290283e-01,1.001418352127075195e+00
1762896816.763011694,-2.058571577072143555e-01,2.525874972343444824e-01,1.001071453094482422e+00
1762896816.782885313,-2.170047760009765625e-01,2.639412879943847656e-01,1.000794649124145508e+00
1762896816.802911043,-2.281741201877593994e-01,2.751992046833038330e-01,1.000595927238464355e+00
1762896816.822815418,-2.393521964550018311e-01,2.863431572914123535e-01,1.000479817390441895e+00
1762896816.842894793,-2.505241930484771729e-01,2.973534762859344482e-01,1.000452041625976562e+00
1762896816.862824678,-2.616737782955169678e-01,3.082087934017181396e-01,1.000520467758178711e+00
1762896816.882938623,-2.727841734886169434e-01,3.188881576061248779e-01,1.000690579414367676e+00
1762896816.903867722,-2.839019596576690674e-01,3.294225931167602539e-01,1.000961303710937500e+00
1762896816.923938990,-2.948174178600311279e-01,3.396430015563964844e-01,1.001329064369201660e+00
1762896816.944147348,-3.057171106338500977e-01,3.496947884559631348e-01,1.001794934272766113e+00
1762896816.964029789,-3.165247440338134766e-01,3.595149815082550049e-01,1.002351880073547363e+00
1762896816.983762026,-3.272250890731811523e-01,3.690918385982513428e-01,1.002988576889038086e+00
1762896817.003747702,-3.378107845783233643e-01,3.784228861331939697e-01,1.003685832023620605e+00
1762896817.023988962,-3.482773900032043457e-01,3.875088989734649658e-01,1.004423379898071289e+00
1762896817.043930054,-3.586218953132629395e-01,3.963519334793090820e-01,1.005180120468139648e+00
1762896817.064072371,-3.688438832759857178e-01,4.049572050571441650e-01,1.005931258201599121e+00
1762896817.083954811,-3.789453506469726562e-01,4.133323729038238525e-01,1.006652116775512695e+00
1762896817.103816271,-3.871806859970092773e-01,4.203273355960845947e-01,1.007234096527099609e+00
1762896817.123913765,-3.983264863491058350e-01,4.291128516197204590e-01,1.007900595664978027e+00
1762896817.143993139,-4.071621894836425781e-01,4.362648427486419678e-01,1.008394241333007812e+00
1762896817.163879395,-4.181285798549652100e-01,4.446291327476501465e-01,1.008891344070434570e+00
1762896817.183919668,-4.274597167968750000e-01,4.518267214298248291e-01,1.009277462959289551e+00
1762896817.202847719,-4.359957277774810791e-01,4.584228694438934326e-01,1.009604454040527344e+00
1762896817.222933292,-4.478746056556701660e-01,4.664870202541351318e-01,1.009913325309753418e+00
1762896817.242843628,-4.559403359889984131e-01,4.729177355766296387e-01,1.010232329368591309e+00
1762896817.263930559,-4.657631814479827881e-01,4.798514246940612793e-01,1.010532379150390625e+00
1762896817.283818960,-4.751914441585540771e-01,4.864099919795989990e-01,1.010842561721801758e+00
1762896817.303803205,-4.846788048744201660e-01,4.928452968597412109e-01,1.011173605918884277e+00
1762896817.322836876,-4.958249330520629883e-01,4.996184110641479492e-01,1.011507511138916016e+00
1762896817.342937708,-5.048771500587463379e-01,5.054820179939270020e-01,1.011891603469848633e+00
1762896817.362900496,-5.144493579864501953e-01,5.114301443099975586e-01,1.012304782867431641e+00
1762896817.383026123,-5.240887403488159180e-01,5.172175168991088867e-01,1.012742519378662109e+00
1762896817.404040813,-5.342918038368225098e-01,5.230458974838256836e-01,1.013224244117736816e+00
1762896817.423872948,-5.434549450874328613e-01,5.281950831413269043e-01,1.013715267181396484e+00
1762896817.444008112,-5.531023740768432617e-01,5.333311557769775391e-01,1.014269948005676270e+00
1762896817.463765144,-5.627517700195312500e-01,5.382248163223266602e-01,1.014897227287292480e+00
1762896817.483887672,-5.723516345024108887e-01,5.428413748741149902e-01,1.015622258186340332e+00
1762896817.503802776,-5.818769931793212891e-01,5.471591353416442871e-01,1.016471266746520996e+00
1762896817.524845839,-5.913000702857971191e-01,5.511590242385864258e-01,1.017463922500610352e+00
1762896817.542946577,-6.007019281387329102e-01,5.548475384712219238e-01,1.018627524375915527e+00
1762896817.562950850,-6.097136735916137695e-01,5.581270456314086914e-01,1.019925355911254883e+00
1762896817.583176136,-6.186676621437072754e-01,5.610875487327575684e-01,1.021385550498962402e+00
1762896817.602983475,-6.274303197860717773e-01,5.636916160583496094e-01,1.022979497909545898e+00
1762896817.622885466,-6.359783411026000977e-01,5.659382343292236328e-01,1.024679780006408691e+00
1762896817.642956972,-6.443014740943908691e-01,5.678353309631347656e-01,1.026447772979736328e+00
1762896817.663084507,-6.494374275207519531e-01,5.691160559654235840e-01,1.027729392051696777e+00
1762896817.682956696,-6.594425439834594727e-01,5.705628991127014160e-01,1.029884696006774902e+00
1762896817.702965021,-6.650192141532897949e-01,5.714676380157470703e-01,1.031253457069396973e+00
1762896817.723955631,-6.725807189941406250e-01,5.721842050552368164e-01,1.032967329025268555e+00
1762896817.743942738,-6.796598434448242188e-01,5.726256370544433594e-01,1.034584403038024902e+00
1762896817.763966560,-6.867515444755554199e-01,5.728023648262023926e-01,1.036180853843688965e+00
1762896817.783874989,-6.936959028244018555e-01,5.727303028106689453e-01,1.037733554840087891e+00
1762896817.803876400,-7.024803161621093750e-01,5.721592903137207031e-01,1.039577245712280273e+00
1762896817.823911190,-7.054538726806640625e-01,5.721815824508666992e-01,1.040440082550048828e+00
1762896817.843828440,-7.139824628829956055e-01,5.711477994918823242e-01,1.042197585105895996e+00
1762896817.863937855,-7.213481664657592773e-01,5.699515342712402344e-01,1.043645977973937988e+00
1762896817.883925676,-7.270629405975341797e-01,5.691182017326354980e-01,1.045020222663879395e+00
1762896817.903860569,-7.345365881919860840e-01,5.675151348114013672e-01,1.046450495719909668e+00
1762896817.923849106,-7.402665615081787109e-01,5.663292407989501953e-01,1.047815084457397461e+00
1762896817.943818331,-7.469092607498168945e-01,5.646571516990661621e-01,1.049206256866455078e+00
1762896817.963928699,-7.545059919357299805e-01,5.624713301658630371e-01,1.050618767738342285e+00
1762896817.983895779,-7.612451910972595215e-01,5.604025721549987793e-01,1.051997423171997070e+00
1762896818.003951073,-7.680237889289855957e-01,5.581261515617370605e-01,1.053364276885986328e+00
1762896818.024015665,-7.748332619667053223e-01,5.556309819221496582e-01,1.054714560508728027e+00
1762896818.044108391,-7.816594839096069336e-01,5.529040694236755371e-01,1.056046724319458008e+00
1762896818.063761950,-7.884817719459533691e-01,5.499340891838073730e-01,1.057358145713806152e+00
1762896818.082983255,-7.913850545883178711e-01,5.484728217124938965e-01,1.058156847953796387e+00
1762896818.102813005,-7.980411052703857422e-01,5.451442003250122070e-01,1.059442639350891113e+00
1762896818.122844696,-8.047118782997131348e-01,5.415062904357910156e-01,1.060745239257812500e+00
1762896818.142900944,-8.112837076187133789e-01,5.375843644142150879e-01,1.062072277069091797e+00
1762896818.162848473,-8.177230954170227051e-01,5.333703756332397461e-01,1.063438296318054199e+00
1762896818.182801008,-8.240064978599548340e-01,5.288500189781188965e-01,1.064862132072448730e+00
1762896818.202954769,-8.301109075546264648e-01,5.240148901939392090e-01,1.066354870796203613e+00
1762896818.222853422,-8.360136151313781738e-01,5.188600420951843262e-01,1.067923665046691895e+00
1762896818.242860794,-8.416950106620788574e-01,5.133849382400512695e-01,1.069566845893859863e+00
1762896818.262807846,-8.471390604972839355e-01,5.075933337211608887e-01,1.071273565292358398e+00
1762896818.282901049,-8.523339033126831055e-01,5.014926791191101074e-01,1.073027372360229492e+00
1762896818.303097010,-8.572610020637512207e-01,4.954241812229156494e-01,1.074656486511230469e+00
1762896818.322984934,-8.617774844169616699e-01,4.889576435089111328e-01,1.076396465301513672e+00
1762896818.342885733,-8.662124872207641602e-01,4.820436835289001465e-01,1.078157782554626465e+00
1762896818.362915039,-8.704093694686889648e-01,4.748683571815490723e-01,1.079881906509399414e+00
1762896818.382924080,-8.744836449623107910e-01,4.668419063091278076e-01,1.081733703613281250e+00
1762896818.402876377,-8.781124353408813477e-01,4.598395526409149170e-01,1.083183407783508301e+00
1762896818.423941135,-8.816818594932556152e-01,4.519793391227722168e-01,1.084767580032348633e+00
1762896818.443926573,-8.851022720336914062e-01,4.433585107326507568e-01,1.086467742919921875e+00
1762896818.463838339,-8.882627487182617188e-01,4.358782768249511719e-01,1.087816715240478516e+00
1762896818.483806610,-8.914368152618408203e-01,4.268763959407806396e-01,1.089500427246093750e+00
1762896818.502871037,-8.945196270942687988e-01,4.189420938491821289e-01,1.090889930725097656e+00
1762896818.523025274,-8.973976969718933105e-01,4.105891883373260498e-01,1.092422008514404297e+00
1762896818.542881012,-9.003424048423767090e-01,4.019385278224945068e-01,1.094019293785095215e+00
1762896818.562861681,-9.032896161079406738e-01,3.931711614131927490e-01,1.095656991004943848e+00
1762896818.582851648,-9.062554836273193359e-01,3.843026459217071533e-01,1.097324609756469727e+00
1762896818.604025364,-9.093602895736694336e-01,3.751188516616821289e-01,1.099041223526000977e+00
1762896818.623765945,-9.123100042343139648e-01,3.662556111812591553e-01,1.100682973861694336e+00
1762896818.643910885,-9.154106378555297852e-01,3.570879101753234863e-01,1.102319717407226562e+00
1762896818.663893461,-9.185754060745239258e-01,3.477948009967803955e-01,1.103888392448425293e+00
1762896818.683727980,-9.217943549156188965e-01,3.383814394474029541e-01,1.105357289314270020e+00
1762896818.703851461,-9.251939058303833008e-01,3.285657167434692383e-01,1.106731891632080078e+00
1762896818.723836184,-9.283546209335327148e-01,3.191622793674468994e-01,1.107906103134155273e+00
1762896818.743835926,-9.316569566726684570e-01,3.093568980693817139e-01,1.108971953392028809e+00
1762896818.763820648,-9.349606633186340332e-01,2.993827462196350098e-01,1.109913110733032227e+00
1762896818.783752203,-9.382334947586059570e-01,2.892464697360992432e-01,1.110756516456604004e+00
1762896818.802875280,-9.422697424888610840e-01,2.780591249465942383e-01,1.111514210700988770e+00
1762896818.822863817,-9.445713758468627930e-01,2.684609591960906982e-01,1.112300276756286621e+00
1762896818.842938185,-9.483399987220764160e-01,2.570158243179321289e-01,1.113040566444396973e+00
1762896818.862997055,-9.511925578117370605e-01,2.461608052253723145e-01,1.113867521286010742e+00
1762896818.884162664,-9.532184004783630371e-01,2.356844097375869751e-01,1.114809632301330566e+00
1762896818.903891563,-9.555971622467041016e-01,2.247496098279953003e-01,1.115767836570739746e+00
1762896818.923998356,-9.578438401222229004e-01,2.134215384721755981e-01,1.116818785667419434e+00
1762896818.943817616,-9.605413675308227539e-01,2.010960429906845093e-01,1.117944240570068359e+00
1762896818.962914705,-9.606986045837402344e-01,1.949604153633117676e-01,1.118671655654907227e+00
1762896818.983951092,-9.623785018920898438e-01,1.814150512218475342e-01,1.120072007179260254e+00
1762896819.003849030,-9.637364149093627930e-01,1.694179922342300415e-01,1.121300458908081055e+00
1762896819.023888350,-9.651092886924743652e-01,1.579766720533370972e-01,1.122435331344604492e+00
1762896819.043895245,-9.655772447586059570e-01,1.477695405483245850e-01,1.123489022254943848e+00
1762896819.063858271,-9.661730527877807617e-01,1.359015852212905884e-01,1.124676585197448730e+00
1762896819.083863735,-9.666330218315124512e-01,1.235498413443565369e-01,1.125889062881469727e+00
1762896819.103840113,-9.669831991195678711e-01,1.104270964860916138e-01,1.127157926559448242e+00
1762896819.123923779,-9.668166637420654297e-01,9.976497292518615723e-02,1.128221392631530762e+00
1762896819.143852472,-9.666828513145446777e-01,8.780737221240997314e-02,1.129423975944519043e+00
1762896819.164005995,-9.664395451545715332e-01,7.577031850814819336e-02,1.130668997764587402e+00
1762896819.183855295,-9.661049246788024902e-01,6.373378634452819824e-02,1.131955742835998535e+00
1762896819.203856468,-9.657048583030700684e-01,5.170720815658569336e-02,1.133282065391540527e+00
1762896819.223888874,-9.652650356292724609e-01,3.968925401568412781e-02,1.134644985198974609e+00
1762896819.243999243,-9.648093581199645996e-01,2.767803892493247986e-02,1.136030197143554688e+00
1762896819.264012814,-9.643582105636596680e-01,1.567337848246097565e-02,1.137414574623107910e+00
1762896819.283932209,-9.639267325401306152e-01,3.675101557746529579e-03,1.138772249221801758e+00
1762896819.302805662,-9.635254740715026855e-01,-8.316556923091411591e-03,1.140074372291564941e+00
1762896819.322872877,-9.634400606155395508e-01,-1.917054690420627594e-02,1.141169071197509766e+00
1762896819.343167305,-9.631187915802001953e-01,-3.120493330061435699e-02,1.142295718193054199e+00
1762896819.362923145,-9.628194570541381836e-01,-4.310468956828117371e-02,1.143292188644409180e+00
1762896819.382918119,-9.625547528266906738e-01,-5.505317077040672302e-02,1.144167780876159668e+00
1762896819.402850866,-9.623076915740966797e-01,-6.698862463235855103e-02,1.144923686981201172e+00
1762896819.422891855,-9.620621800422668457e-01,-7.890410721302032471e-02,1.145578384399414062e+00
1762896819.442871571,-9.617995619773864746e-01,-9.079634398221969604e-02,1.146160125732421875e+00
1762896819.462902784,-9.614986777305603027e-01,-1.026601940393447876e-01,1.146700143814086914e+00
1762896819.483012199,-9.611348509788513184e-01,-1.144894212484359741e-01,1.147232413291931152e+00
1762896819.502805948,-9.606823325157165527e-01,-1.262783259153366089e-01,1.147790789604187012e+00
1762896819.522793055,-9.601157307624816895e-01,-1.380164325237274170e-01,1.148391723632812500e+00
1762896819.542843580,-9.594104290008544922e-01,-1.496947854757308960e-01,1.149047017097473145e+00
1762896819.563042402,-9.585435390472412109e-01,-1.613024771213531494e-01,1.149759054183959961e+00
1762896819.582877874,-9.574949145317077637e-01,-1.728277504444122314e-01,1.150520920753479004e+00
1762896819.602882624,-9.562480449676513672e-01,-1.842580288648605347e-01,1.151319026947021484e+00
1762896819.622887850,-9.547916650772094727e-01,-1.955794990062713623e-01,1.152133584022521973e+00
1762896819.642864466,-9.531193971633911133e-01,-2.067781537771224976e-01,1.152944684028625488e+00
1762896819.662757397,-9.512284398078918457e-01,-2.178404182195663452e-01,1.153734445571899414e+00
1762896819.682824612,-9.491798281669616699e-01,-2.271417826414108276e-01,1.154389381408691406e+00
1762896819.702808142,-9.468039870262145996e-01,-2.393798679113388062e-01,1.155196189880371094e+00
1762896819.722761869,-9.442793726921081543e-01,-2.499587833881378174e-01,1.155872702598571777e+00
1762896819.742892981,-9.415538907051086426e-01,-2.604634463787078857e-01,1.156525731086730957e+00
1762896819.762983799,-9.386686682701110840e-01,-2.706120610237121582e-01,1.157155036926269531e+00
1762896819.782914639,-9.356204867362976074e-01,-2.806167900562286377e-01,1.157797932624816895e+00
1762896819.803079128,-9.324316382408142090e-01,-2.904264032840728760e-01,1.158457279205322266e+00
1762896819.822903156,-9.291213750839233398e-01,-3.000398278236389160e-01,1.159142613410949707e+00
1762896819.842929602,-9.257088303565979004e-01,-3.094612061977386475e-01,1.159856319427490234e+00
1762896819.863769770,-9.222125411033630371e-01,-3.186945319175720215e-01,1.160588860511779785e+00
1762896819.883881092,-9.186387062072753906e-01,-3.277847468852996826e-01,1.161328673362731934e+00
1762896819.903845787,-9.150335192680358887e-01,-3.366073966026306152e-01,1.162045240402221680e+00
1762896819.923817396,-9.113785028457641602e-01,-3.453024029731750488e-01,1.162725210189819336e+00
1762896819.944080591,-9.076918959617614746e-01,-3.538310527801513672e-01,1.163338780403137207e+00
1762896819.962780714,-9.042546153068542480e-01,-3.626893460750579834e-01,1.163886904716491699e+00
1762896819.982837915,-9.005468487739562988e-01,-3.707906901836395264e-01,1.164289832115173340e+00
1762896820.002928257,-8.967967033386230469e-01,-3.788229227066040039e-01,1.164579868316650391e+00
1762896820.022923708,-8.930220603942871094e-01,-3.867054879665374756e-01,1.164752006530761719e+00
1762896820.042823792,-8.897087574005126953e-01,-3.926786184310913086e-01,1.164824604988098145e+00
1762896820.062919855,-8.860306143760681152e-01,-3.997498452663421631e-01,1.164831519126892090e+00
1762896820.083137035,-8.821606040000915527e-01,-4.071761667728424072e-01,1.164769530296325684e+00
1762896820.102725983,-8.782240748405456543e-01,-4.144707024097442627e-01,1.164658784866333008e+00
1762896820.122867584,-8.742156028747558594e-01,-4.215975701808929443e-01,1.164508223533630371e+00
1762896820.142904520,-8.695780634880065918e-01,-4.300815463066101074e-01,1.164256095886230469e+00
1762896820.162933350,-8.658955097198486328e-01,-4.354237020015716553e-01,1.164137840270996094e+00
1762896820.182721376,-8.616178631782531738e-01,-4.419423341751098633e-01,1.163936734199523926e+00
1762896820.202893257,-8.571813702583312988e-01,-4.483615458011627197e-01,1.163720369338989258e+00
1762896820.223266125,-8.526034355163574219e-01,-4.545921683311462402e-01,1.163495898246765137e+00
1762896820.242918253,-8.478773832321166992e-01,-4.606146216392517090e-01,1.163248896598815918e+00
1762896820.262772083,-8.429968953132629395e-01,-4.664193391799926758e-01,1.162971138954162598e+00
1762896820.283903599,-8.378812670707702637e-01,-4.721094369888305664e-01,1.162649512290954590e+00
1762896820.303823233,-8.327531814575195312e-01,-4.773321449756622314e-01,1.162307977676391602e+00
1762896820.323914528,-8.273980617523193359e-01,-4.824090600013732910e-01,1.161922454833984375e+00
1762896820.343805552,-8.218823075294494629e-01,-4.872271716594696045e-01,1.161507368087768555e+00
1762896820.363897324,-8.162154555320739746e-01,-4.917686879634857178e-01,1.161071896553039551e+00
1762896820.383957148,-8.104048371315002441e-01,-4.960234761238098145e-01,1.160626292228698730e+00
1762896820.403770447,-8.044592142105102539e-01,-4.999831616878509521e-01,1.160180091857910156e+00
1762896820.423847198,-7.983884215354919434e-01,-5.036408901214599609e-01,1.159739017486572266e+00
1762896820.444019794,-7.922033071517944336e-01,-5.069921612739562988e-01,1.159305691719055176e+00
1762896820.463916779,-7.859150171279907227e-01,-5.100346207618713379e-01,1.158877611160278320e+00
1762896820.483796597,-7.795346975326538086e-01,-5.127683877944946289e-01,1.158445239067077637e+00
1762896820.504011154,-7.730731964111328125e-01,-5.151958465576171875e-01,1.157996177673339844e+00
1762896820.523980856,-7.666615247726440430e-01,-5.172868967056274414e-01,1.157471179962158203e+00
1762896820.543926239,-7.600604891777038574e-01,-5.190930366516113281e-01,1.156937003135681152e+00
1762896820.563952208,-7.532910704612731934e-01,-5.206898450851440430e-01,1.156378865242004395e+00
1762896820.583937645,-7.466971278190612793e-01,-5.218484997749328613e-01,1.155640125274658203e+00
1762896820.603783131,-7.398352026939392090e-01,-5.229359865188598633e-01,1.154910087585449219e+00
1762896820.623832226,-7.331414222717285156e-01,-5.235184431076049805e-01,1.153959274291992188e+00
1762896820.643707991,-7.262929677963256836e-01,-5.239683985710144043e-01,1.152964711189270020e+00
1762896820.663982391,-7.193947434425354004e-01,-5.241731405258178711e-01,1.151872277259826660e+00
1762896820.683907986,-7.124418020248413086e-01,-5.241401791572570801e-01,1.150692224502563477e+00
1762896820.702758312,-7.053733468055725098e-01,-5.238626003265380859e-01,1.149425387382507324e+00
1762896820.722896338,-6.983520984649658203e-01,-5.233855843544006348e-01,1.148128628730773926e+00
1762896820.743006945,-6.911993026733398438e-01,-5.226845741271972656e-01,1.146769404411315918e+00
1762896820.762850285,-6.839597225189208984e-01,-5.217707753181457520e-01,1.145368695259094238e+00
1762896820.782826185,-6.766279935836791992e-01,-5.206486582756042480e-01,1.143930912017822266e+00
1762896820.802855253,-6.691958904266357422e-01,-5.193205475807189941e-01,1.142454743385314941e+00
1762896820.822812319,-6.630439758300781250e-01,-5.183212161064147949e-01,1.141323804855346680e+00
1762896820.842932701,-6.544684767723083496e-01,-5.162288546562194824e-01,1.139502048492431641e+00
1762896820.862875462,-6.480649113655090332e-01,-5.148906111717224121e-01,1.138266205787658691e+00
1762896820.882873535,-6.388556361198425293e-01,-5.121603012084960938e-01,1.136215329170227051e+00
1762896820.902961254,-6.322315335273742676e-01,-5.104726552963256836e-01,1.134864091873168945e+00
1762896820.922898769,-6.242644786834716797e-01,-5.076022744178771973e-01,1.132950305938720703e+00
1762896820.942939997,-6.160151362419128418e-01,-5.048095583915710449e-01,1.131045818328857422e+00
1762896820.963163376,-6.076191663742065430e-01,-5.017660856246948242e-01,1.129053354263305664e+00
1762896820.982939482,-5.990865826606750488e-01,-4.984684288501739502e-01,1.126982808113098145e+00
1762896821.002813339,-5.904188156127929688e-01,-4.949074685573577881e-01,1.124836921691894531e+00
1762896821.023000717,-5.816176533699035645e-01,-4.910745918750762939e-01,1.122629165649414062e+00
1762896821.042966366,-5.726878046989440918e-01,-4.869632422924041748e-01,1.120378255844116211e+00
1762896821.062848091,-5.636360645294189453e-01,-4.825680851936340332e-01,1.118101477622985840e+00
1762896821.083882332,-5.543935298919677734e-01,-4.778257906436920166e-01,1.115795135498046875e+00
1762896821.102865458,-5.487200617790222168e-01,-4.755690395832061768e-01,1.114623785018920898e+00
1762896821.122780323,-5.391511321067810059e-01,-4.702626466751098633e-01,1.112272739410400391e+00
1762896821.142930031,-5.299961566925048828e-01,-4.650527834892272949e-01,1.110084414482116699e+00
1762896821.162922382,-5.205265879631042480e-01,-4.593888223171234131e-01,1.107834458351135254e+00
1762896821.183874607,-5.109534859657287598e-01,-4.534242749214172363e-01,1.105587601661682129e+00
1762896821.203892708,-5.004308223724365234e-01,-4.464094340801239014e-01,1.103079557418823242e+00
1762896821.223792791,-4.916198253631591797e-01,-4.406887590885162354e-01,1.101048469543457031e+00
1762896821.244015455,-4.819248020648956299e-01,-4.339785277843475342e-01,1.098736524581909180e+00
1762896821.263913155,-4.721168279647827148e-01,-4.269604980945587158e-01,1.096347093582153320e+00
1762896821.283702135,-4.622452855110168457e-01,-4.196826815605163574e-01,1.093878984451293945e+00
1762896821.303920507,-4.523155987262725830e-01,-4.121551513671875000e-01,1.091326832771301270e+00
1762896821.323837757,-4.423270523548126221e-01,-4.043833315372467041e-01,1.088686943054199219e+00
1762896821.343892813,-4.322780072689056396e-01,-3.963734507560729980e-01,1.085968613624572754e+00
1762896821.363819838,-4.221683740615844727e-01,-3.881320953369140625e-01,1.083194971084594727e+00
1762896821.383858681,-4.119984507560729980e-01,-3.796649873256683350e-01,1.080392599105834961e+00
1762896821.403839350,-4.017711579799652100e-01,-3.709809482097625732e-01,1.077603578567504883e+00
1762896821.423868895,-3.914864957332611084e-01,-3.620765805244445801e-01,1.074873208999633789e+00
1762896821.443864584,-3.811360001564025879e-01,-3.529381752014160156e-01,1.072236418724060059e+00
1762896821.463776827,-3.707307577133178711e-01,-3.435827195644378662e-01,1.069742560386657715e+00
1762896821.483693361,-3.602805435657501221e-01,-3.340251147747039795e-01,1.067394971847534180e+00
1762896821.503836632,-3.497884869575500488e-01,-3.242780268192291260e-01,1.065171718597412109e+00
1762896821.524121046,-3.405412733554840088e-01,-3.152114152908325195e-01,1.063252329826354980e+00
1762896821.543997526,-3.286982774734497070e-01,-3.042859435081481934e-01,1.061028003692626953e+00
1762896821.563930273,-3.193932175636291504e-01,-2.949534356594085693e-01,1.059242606163024902e+00
1762896821.583915710,-3.087744414806365967e-01,-2.846312820911407471e-01,1.057287812232971191e+00
1762896821.603843451,-2.981262207031250000e-01,-2.742004990577697754e-01,1.055331826210021973e+00
1762896821.623839617,-2.884983420372009277e-01,-2.649938762187957764e-01,1.053579926490783691e+00
1762896821.643934965,-2.754769027233123779e-01,-2.521909773349761963e-01,1.051142573356628418e+00
1762896821.663775206,-2.670608162879943848e-01,-2.437248677015304565e-01,1.049527287483215332e+00
1762896821.683869362,-2.563488185405731201e-01,-2.330607324838638306e-01,1.047464728355407715e+00
1762896821.703796387,-2.457925826311111450e-01,-2.225817739963531494e-01,1.045424938201904297e+00
1762896821.723829746,-2.349411994218826294e-01,-2.117241621017456055e-01,1.043315768241882324e+00
1762896821.743852377,-2.237715870141983032e-01,-2.004645019769668579e-01,1.041144013404846191e+00
1762896821.763870478,-2.130509167909622192e-01,-1.897725164890289307e-01,1.039077162742614746e+00
1762896821.783705473,-2.020364850759506226e-01,-1.787099689245223999e-01,1.036939859390258789e+00
1762896821.803874969,-1.909426599740982056e-01,-1.675446927547454834e-01,1.034792304039001465e+00
1762896821.823882341,-1.797828376293182373e-01,-1.562901437282562256e-01,1.032640695571899414e+00
1762896821.843747616,-1.685567945241928101e-01,-1.449407935142517090e-01,1.030481696128845215e+00
1762896821.863777637,-1.572656184434890747e-01,-1.334924548864364624e-01,1.028323769569396973e+00
1762896821.883918047,-1.459130346775054932e-01,-1.219451427459716797e-01,1.026185035705566406e+00
1762896821.903920174,-1.345040053129196167e-01,-1.103015020489692688e-01,1.024089097976684570e+00
1762896821.923103571,-1.229378283023834229e-01,-9.843347221612930298e-02,1.022043466567993164e+00
1762896821.942800999,-1.115423515439033508e-01,-8.675333857536315918e-02,1.020146012306213379e+00
1762896821.962879419,-9.870031476020812988e-02,-7.254015654325485229e-02,1.018028378486633301e+00
1762896821.982906103,-8.966773748397827148e-02,-6.382720172405242920e-02,1.016863822937011719e+00
1762896822.002927065,-7.830291241407394409e-02,-5.213776230812072754e-02,1.015445828437805176e+00
1762896822.022958517,-6.672787666320800781e-02,-4.018341749906539917e-02,1.014181852340698242e+00
1762896822.042831659,-5.513579398393630981e-02,-2.821980603039264679e-02,1.013110756874084473e+00
1762896822.062920094,-4.299478977918624878e-02,-1.559566427022218704e-02,1.012173533439636230e+00
1762896822.083936453,-2.907437831163406372e-02,-1.444133813492953777e-03,1.011289954185485840e+00
1762896822.104003191,-2.021829597651958466e-02,7.629830855876207352e-03,1.010802865028381348e+00
1762896822.122830391,-6.119843572378158569e-03,2.252187952399253845e-02,1.010095596313476562e+00
1762896822.142795801,3.501396859064698219e-03,3.178148344159126282e-02,1.009616613388061523e+00
1762896822.162955999,1.442308072000741959e-02,4.259899631142616272e-02,1.009059190750122070e+00
1762896822.182917595,2.820447087287902832e-02,5.681326240301132202e-02,1.008314847946166992e+00
1762896822.202881575,3.771467134356498718e-02,6.577002257108688354e-02,1.007727146148681641e+00
1762896822.222764730,5.140206962823867798e-02,7.966597378253936768e-02,1.006792306900024414e+00
1762896822.242882729,6.091359257698059082e-02,8.850745856761932373e-02,1.006077051162719727e+00
1762896822.263838291,7.504095137119293213e-02,1.027258485555648804e-01,1.004927873611450195e+00
1762896822.283900023,8.413756638765335083e-02,1.109734997153282166e-01,1.004234552383422852e+00
1762896822.303762913,9.778393059968948364e-02,1.244546473026275635e-01,1.003143787384033203e+00
1762896822.323898077,1.094944328069686890e-01,1.356199085712432861e-01,1.002307415008544922e+00
1762896822.343916655,1.188881695270538330e-01,1.440827250480651855e-01,1.001748204231262207e+00
1762896822.363916397,1.330617815256118774e-01,1.579416692256927490e-01,1.000927925109863281e+00
1762896822.383779049,1.420301198959350586e-01,1.658452451229095459e-01,1.000559210777282715e+00
1762896822.403926611,1.534084528684616089e-01,1.764349788427352905e-01,1.000133991241455078e+00
1762896822.423774958,1.649112850427627563e-01,1.871161311864852905e-01,9.997911453247070312e-01
1762896822.443890333,1.763975918292999268e-01,1.977323591709136963e-01,9.995269179344177246e-01
1762896822.463849306,1.878527998924255371e-01,2.082635015249252319e-01,9.993258118629455566e-01
1762896822.482815504,1.994849443435668945e-01,2.189362347126007080e-01,9.991467595100402832e-01
1762896822.503760099,2.114066481590270996e-01,2.298707962036132812e-01,9.989703297615051270e-01
1762896822.523902178,2.220468223094940186e-01,2.393595278263092041e-01,9.988144636154174805e-01
1762896822.544034481,2.338454872369766235e-01,2.500430047512054443e-01,9.986529350280761719e-01
1762896822.564098120,2.467209249734878540e-01,2.618134617805480957e-01,9.984981417655944824e-01
1762896822.583881140,2.564691603183746338e-01,2.701554596424102783e-01,9.984143972396850586e-01
1762896822.602733135,2.641639113426208496e-01,2.767917215824127197e-01,9.983738064765930176e-01
1762896822.622900963,2.740599513053894043e-01,2.851980924606323242e-01,9.983733296394348145e-01
1762896822.642964602,2.850873768329620361e-01,2.947021126747131348e-01,9.984592199325561523e-01
1762896822.663023949,2.963816225528717041e-01,3.043785095214843750e-01,9.986647367477416992e-01
1762896822.682881594,3.073839247226715088e-01,3.136418461799621582e-01,9.989831447601318359e-01
1762896822.702827930,3.180746138095855713e-01,3.224709630012512207e-01,9.993944168090820312e-01
1762896822.722925186,3.289603292942047119e-01,3.313675820827484131e-01,9.998996257781982422e-01
1762896822.742818832,3.398205041885375977e-01,3.401021063327789307e-01,1.000468611717224121e+00
1762896822.762941122,3.506430685520172119e-01,3.486576378345489502e-01,1.001066803932189941e+00
1762896822.782873631,3.614314198493957520e-01,3.570356070995330811e-01,1.001654982566833496e+00
1762896822.802762270,3.721889555454254150e-01,3.652382791042327881e-01,1.002200961112976074e+00
1762896822.823853016,3.830106258392333984e-01,3.733485937118530273e-01,1.002688765525817871e+00
1762896822.844137192,3.936105072498321533e-01,3.811151087284088135e-01,1.003090500831604004e+00
1762896822.863814592,4.042596518993377686e-01,3.887799680233001709e-01,1.003422856330871582e+00
1762896822.883852005,4.148701131343841553e-01,3.962664902210235596e-01,1.003697633743286133e+00
1762896822.903820276,4.254288673400878906e-01,4.035660624504089355e-01,1.003940343856811523e+00
1762896822.923854828,4.359276890754699707e-01,4.106747508049011230e-01,1.004184842109680176e+00
1762896822.943891048,4.463578164577484131e-01,4.175879359245300293e-01,1.004468560218811035e+00
1762896822.964123964,4.567104876041412354e-01,4.243011176586151123e-01,1.004823803901672363e+00
1762896822.983808517,4.669771194458007812e-01,4.308099746704101562e-01,1.005276322364807129e+00
1762896823.003921986,4.771497249603271484e-01,4.371107220649719238e-01,1.005839824676513672e+00
1762896823.023800850,4.872214198112487793e-01,4.432001709938049316e-01,1.006513833999633789e+00
1762896823.043841362,4.971869885921478271e-01,4.490759372711181641e-01,1.007287144660949707e+00
1762896823.063950539,5.070431828498840332e-01,4.547365605831146240e-01,1.008138060569763184e+00
1762896823.082849503,5.168741345405578613e-01,4.602375030517578125e-01,1.009043693542480469e+00
1762896823.102926493,5.251979231834411621e-01,4.648662507534027100e-01,1.009844899177551270e+00
1762896823.122764826,5.347212553024291992e-01,4.698970019817352295e-01,1.010720491409301758e+00
1762896823.142912626,5.441441535949707031e-01,4.747219979763031006e-01,1.011530637741088867e+00
1762896823.162977457,5.534590482711791992e-01,4.793369472026824951e-01,1.012241840362548828e+00
1762896823.182778120,5.626687407493591309e-01,4.837447106838226318e-01,1.012827277183532715e+00
1762896823.203064442,5.717782974243164062e-01,4.879495799541473389e-01,1.013274312019348145e+00
1762896823.222851038,5.807933807373046875e-01,4.919556379318237305e-01,1.013584613800048828e+00
1762896823.243813753,5.897194147109985352e-01,4.957665503025054932e-01,1.013776063919067383e+00
1762896823.263848066,5.985926985740661621e-01,4.993985295295715332e-01,1.013876557350158691e+00
1762896823.284028769,6.073158979415893555e-01,5.028101801872253418e-01,1.013921856880187988e+00
1762896823.303983450,6.159974336624145508e-01,5.060529112815856934e-01,1.013950228691101074e+00
1762896823.323828220,6.246074438095092773e-01,5.091134905815124512e-01,1.013995885848999023e+00
1762896823.342865467,6.331788897514343262e-01,5.120041370391845703e-01,1.014083027839660645e+00
1762896823.362759352,6.416196823120117188e-01,5.146952867507934570e-01,1.014227867126464844e+00
1762896823.382802010,6.500342488288879395e-01,5.172274708747863770e-01,1.014432549476623535e+00
1762896823.402795315,6.583956480026245117e-01,5.195918083190917969e-01,1.014688968658447266e+00
1762896823.423079967,6.667068600654602051e-01,5.217903852462768555e-01,1.014980554580688477e+00
1762896823.442855358,6.749719977378845215e-01,5.238253474235534668e-01,1.015285372734069824e+00
1762896823.463802099,6.831937432289123535e-01,5.256977081298828125e-01,1.015580534934997559e+00
1762896823.483923674,6.915701031684875488e-01,5.274431705474853516e-01,1.015849471092224121e+00
1762896823.503848076,6.995049118995666504e-01,5.289425849914550781e-01,1.016059875488281250e+00
1762896823.523876667,7.075878977775573730e-01,5.303153395652770996e-01,1.016218781471252441e+00
1762896823.543947220,7.156374454498291016e-01,5.315168499946594238e-01,1.016320347785949707e+00
1762896823.563888788,7.236393094062805176e-01,5.325390100479125977e-01,1.016371369361877441e+00
1762896823.583871126,7.315911650657653809e-01,5.333769321441650391e-01,1.016386151313781738e+00
1762896823.603964806,7.394901514053344727e-01,5.340239405632019043e-01,1.016385912895202637e+00
1762896823.623769045,7.473319172859191895e-01,5.344731211662292480e-01,1.016389369964599609e+00
1762896823.643938303,7.551122307777404785e-01,5.347177386283874512e-01,1.016412854194641113e+00
1762896823.663827419,7.628265023231506348e-01,5.347512960433959961e-01,1.016468048095703125e+00
1762896823.683901310,7.703095078468322754e-01,5.344180464744567871e-01,1.016520142555236816e+00
1762896823.703961372,7.780401706695556641e-01,5.341613292694091797e-01,1.016682624816894531e+00
1762896823.723901272,7.855319976806640625e-01,5.335279703140258789e-01,1.016829609870910645e+00
1762896823.743901014,7.927698493003845215e-01,5.324642658233642578e-01,1.016955733299255371e+00
1762896823.763834238,8.000927567481994629e-01,5.313493013381958008e-01,1.017098307609558105e+00
1762896823.784988642,8.073298335075378418e-01,5.299990773200988770e-01,1.017206192016601562e+00
1762896823.802867651,8.145291805267333984e-01,5.283862948417663574e-01,1.017258048057556152e+00
1762896823.823012829,8.215306401252746582e-01,5.265854597091674805e-01,1.017241120338439941e+00
1762896823.842835426,8.284965157508850098e-01,5.245290398597717285e-01,1.017140746116638184e+00
1762896823.862895250,8.353734612464904785e-01,5.222373604774475098e-01,1.016952872276306152e+00
1762896823.882862806,8.421568274497985840e-01,5.197133421897888184e-01,1.016679883003234863e+00
1762896823.902908087,8.488461375236511230e-01,5.169610977172851562e-01,1.016328811645507812e+00
1762896823.923113823,8.554409742355346680e-01,5.139839649200439453e-01,1.015914559364318848e+00
1762896823.942847490,8.619406819343566895e-01,5.107859373092651367e-01,1.015454769134521484e+00
1762896823.962901831,8.683446049690246582e-01,5.073713064193725586e-01,1.014967799186706543e+00
1762896823.982935667,8.746521472930908203e-01,5.037446022033691406e-01,1.014471292495727539e+00
1762896824.003019571,8.798869848251342773e-01,5.009758472442626953e-01,1.014141082763671875e+00
1762896824.023046732,8.857220411300659180e-01,4.973194301128387451e-01,1.013705134391784668e+00
1762896824.042925835,8.928979635238647461e-01,4.917511940002441406e-01,1.013044476509094238e+00
1762896824.062820673,8.986531496047973633e-01,4.875487387180328369e-01,1.012620091438293457e+00
1762896824.082891703,9.038373231887817383e-01,4.838860332965850830e-01,1.012289643287658691e+00
1762896824.102882624,9.093449711799621582e-01,4.794826507568359375e-01,1.011906743049621582e+00
1762896824.123006582,9.146702885627746582e-01,4.740805625915527344e-01,1.011427879333496094e+00
1762896824.142998934,9.206190109252929688e-01,4.693991541862487793e-01,1.011080861091613770e+00
1762896824.162872791,9.257856011390686035e-01,4.635592997074127197e-01,1.010585308074951172e+00
1762896824.183881044,9.316050410270690918e-01,4.584715664386749268e-01,1.010207056999206543e+00
1762896824.204002619,9.369627237319946289e-01,4.527464210987091064e-01,1.009739637374877930e+00
1762896824.223822117,9.418960809707641602e-01,4.462493360042572021e-01,1.009161949157714844e+00
1762896824.243911266,9.471324682235717773e-01,4.400511980056762695e-01,1.008609175682067871e+00
1762896824.263849974,9.526800513267517090e-01,4.341939985752105713e-01,1.008084535598754883e+00
1762896824.283869505,9.577831029891967773e-01,4.275742471218109131e-01,1.007435202598571777e+00
1762896824.303896904,9.624298810958862305e-01,4.201478958129882812e-01,1.006646633148193359e+00
1762896824.323750019,9.673821330070495605e-01,4.130780100822448730e-01,1.005890846252441406e+00
1762896824.343941927,9.722528457641601562e-01,4.057936072349548340e-01,1.005095243453979492e+00
1762896824.363934517,9.770343899726867676e-01,3.982978761196136475e-01,1.004269838333129883e+00
1762896824.383849144,9.817183613777160645e-01,3.905959725379943848e-01,1.003425240516662598e+00
1762896824.403774023,9.862980246543884277e-01,3.826972544193267822e-01,1.002567410469055176e+00
1762896824.422938347,9.897349476814270020e-01,3.785549998283386230e-01,1.002177834510803223e+00
1762896824.442926645,9.941121935844421387e-01,3.704674839973449707e-01,1.001334309577941895e+00
1762896824.462900162,9.983884096145629883e-01,3.621147871017456055e-01,1.000497341156005859e+00
1762896824.482865572,1.002531766891479492e+00,3.535879552364349365e-01,9.996897578239440918e-01
1762896824.502924919,1.006533861160278320e+00,3.449012637138366699e-01,9.989290237426757812e-01
1762896824.522876024,1.010385274887084961e+00,3.360517621040344238e-01,9.982360005378723145e-01
1762896824.542860031,1.014078378677368164e+00,3.270409703254699707e-01,9.976063966751098633e-01
1762896824.562985659,1.017608165740966797e+00,3.178723454475402832e-01,9.970354437828063965e-01
1762896824.582957029,1.020971536636352539e+00,3.085483908653259277e-01,9.965176582336425781e-01
1762896824.602969646,1.024167656898498535e+00,2.990726232528686523e-01,9.960387349128723145e-01
1762896824.622834682,1.027197718620300293e+00,2.894495725631713867e-01,9.955811500549316406e-01
1762896824.642873049,1.030064225196838379e+00,2.796842157840728760e-01,9.951282143592834473e-01
1762896824.663014412,1.032185912132263184e+00,2.706563472747802734e-01,9.946891665458679199e-01
1762896824.682997704,1.035324931144714355e+00,2.597485482692718506e-01,9.941795468330383301e-01
1762896824.702954531,1.037729859352111816e+00,2.495912164449691772e-01,9.936648607254028320e-01
1762896824.722851992,1.039445757865905762e+00,2.402266710996627808e-01,9.931528568267822266e-01
1762896824.742894173,1.042119860649108887e+00,2.289317399263381958e-01,9.925622940063476562e-01
1762896824.762877464,1.043594598770141602e+00,2.193743437528610229e-01,9.920261502265930176e-01
1762896824.783907890,1.045472383499145508e+00,2.085519731044769287e-01,9.914564490318298340e-01
1762896824.803884506,1.047749519348144531e+00,1.971906125545501709e-01,9.909338355064392090e-01
1762896824.823839426,1.048902630805969238e+00,1.874128431081771851e-01,9.904843568801879883e-01
1762896824.843803167,1.050449490547180176e+00,1.766062825918197632e-01,9.900872707366943359e-01
1762896824.863807917,1.051915287971496582e+00,1.660876721143722534e-01,9.897871017456054688e-01
1762896824.883880377,1.053235650062561035e+00,1.548556238412857056e-01,9.895406961441040039e-01
1762896824.903964996,1.054619789123535156e+00,1.455364376306533813e-01,9.894338250160217285e-01
1762896824.923843861,1.055630207061767578e+00,1.329825818538665771e-01,9.893037080764770508e-01
1762896824.943817139,1.056838870048522949e+00,1.235049590468406677e-01,9.892947673797607422e-01
1762896824.962791681,1.057621240615844727e+00,1.108144447207450867e-01,9.892744421958923340e-01
1762896824.983905554,1.058466315269470215e+00,9.965521842241287231e-02,9.892950654029846191e-01
1762896825.003765106,1.059203743934631348e+00,8.843082934617996216e-02,9.893227815628051758e-01
1762896825.023950577,1.059851408004760742e+00,7.728148996829986572e-02,9.893345236778259277e-01
1762896825.043849945,1.060382366180419922e+00,6.602428108453750610e-02,9.893151521682739258e-01
1762896825.063933611,1.060799598693847656e+00,5.471113696694374084e-02,9.892503619194030762e-01
1762896825.083809614,1.061324357986450195e+00,4.470665380358695984e-02,9.891546368598937988e-01
1762896825.103823900,1.061590075492858887e+00,3.372351080179214478e-02,9.889861941337585449e-01
1762896825.123935223,1.061418533325195312e+00,2.094838395714759827e-02,9.887081384658813477e-01
1762896825.143946648,1.061597466468811035e+00,1.073139905929565430e-02,9.884713292121887207e-01
1762896825.163750410,1.061419606208801270e+00,-7.170329336076974869e-04,9.881696701049804688e-01
1762896825.183855534,1.061084508895874023e+00,-1.227423548698425293e-02,9.878765344619750977e-01
1762896825.203957558,1.060598373413085938e+00,-2.386392466723918915e-02,9.876182675361633301e-01
1762896825.223995209,1.059957265853881836e+00,-3.547016158699989319e-02,9.874184131622314453e-01
1762896825.243982553,1.059157013893127441e+00,-4.708738252520561218e-02,9.873018860816955566e-01
1762896825.263855457,1.058193564414978027e+00,-5.870533734560012817e-02,9.872689843177795410e-01
1762896825.283947468,1.056845426559448242e+00,-6.920735538005828857e-02,9.872754812240600586e-01
1762896825.304086208,1.055567145347595215e+00,-8.078958094120025635e-02,9.873878955841064453e-01
1762896825.324066877,1.054315090179443359e+00,-9.342220425605773926e-02,9.876050353050231934e-01
1762896825.343921423,1.052518248558044434e+00,-1.038123220205307007e-01,9.877670407295227051e-01
1762896825.363950253,1.050913691520690918e+00,-1.162933707237243652e-01,9.880427718162536621e-01
1762896825.383885384,1.048826575279235840e+00,-1.265314668416976929e-01,9.882316589355468750e-01
1762896825.403908253,1.046746969223022461e+00,-1.377372890710830688e-01,9.884707331657409668e-01
1762896825.423920155,1.044515967369079590e+00,-1.488182842731475830e-01,9.887082576751708984e-01
1762896825.444280624,1.042137145996093750e+00,-1.597604304552078247e-01,9.889538884162902832e-01
1762896825.463894367,1.039614439010620117e+00,-1.705498695373535156e-01,9.892158508300781250e-01
1762896825.483869314,1.036952018737792969e+00,-1.811762452125549316e-01,9.895080327987670898e-01
1762896825.503901243,1.034154653549194336e+00,-1.916335523128509521e-01,9.898487925529479980e-01
1762896825.523840189,1.031227588653564453e+00,-2.019166350364685059e-01,9.902476668357849121e-01
1762896825.544023275,1.028177261352539062e+00,-2.120214104652404785e-01,9.907069206237792969e-01
1762896825.563885689,1.025009274482727051e+00,-2.219488620758056641e-01,9.912275075912475586e-01
1762896825.583977461,1.021730780601501465e+00,-2.316997945308685303e-01,9.917919039726257324e-01
1762896825.603856564,1.018348693847656250e+00,-2.412787973880767822e-01,9.923796653747558594e-01
1762896825.624983311,1.014869213104248047e+00,-2.506930828094482422e-01,9.929676651954650879e-01
1762896825.642978430,1.011270284652709961e+00,-2.599920034408569336e-01,9.935288429260253906e-01
1762896825.662975550,1.007646441459655762e+00,-2.690481543540954590e-01,9.940296411514282227e-01
1762896825.682711840,1.003912091255187988e+00,-2.780104577541351318e-01,9.944532513618469238e-01
1762896825.703850031,1.000099539756774902e+00,-2.868415415287017822e-01,9.947773814201354980e-01
1762896825.723901749,9.961827397346496582e-01,-2.955855429172515869e-01,9.949899315834045410e-01
1762896825.744039536,9.922564029693603516e-01,-3.041242659091949463e-01,9.950948953628540039e-01
1762896825.763018608,9.869658350944519043e-01,-3.134356141090393066e-01,9.950350522994995117e-01
1762896825.782888651,9.841152429580688477e-01,-3.209643959999084473e-01,9.950378537178039551e-01
1762896825.802867413,9.789758324623107910e-01,-3.296516537666320801e-01,9.948416352272033691e-01
1762896825.822760582,9.747095108032226562e-01,-3.378087878227233887e-01,9.946951866149902344e-01
1762896825.842904568,9.703587293624877930e-01,-3.458682894706726074e-01,9.945465922355651855e-01
1762896825.862975121,9.659218788146972656e-01,-3.538276255130767822e-01,9.944121837615966797e-01
1762896825.882871151,9.613938331604003906e-01,-3.616861104965209961e-01,9.943053722381591797e-01
1762896825.902867079,9.567710757255554199e-01,-3.694385588169097900e-01,9.942226409912109375e-01
1762896825.922914982,9.520511031150817871e-01,-3.770767450332641602e-01,9.941616654396057129e-01
1762896825.943134785,9.493411779403686523e-01,-3.824220597743988037e-01,9.941958785057067871e-01
1762896825.962879181,9.445837140083312988e-01,-3.897055983543395996e-01,9.941419959068298340e-01
1762896825.982879162,9.396088719367980957e-01,-3.969720602035522461e-01,9.940685033798217773e-01
1762896826.002757072,9.328038692474365234e-01,-4.056780934333801270e-01,9.938936233520507812e-01
1762896826.022711039,9.292498826980590820e-01,-4.111169278621673584e-01,9.938304424285888672e-01
1762896826.043854237,9.222485423088073730e-01,-4.193204045295715332e-01,9.935923218727111816e-01
1762896826.063910961,9.181022644042968750e-01,-4.248254597187042236e-01,9.934846758842468262e-01
1762896826.083867788,9.130643010139465332e-01,-4.307931363582611084e-01,9.933291077613830566e-01
1762896826.102850437,9.051873087882995605e-01,-4.385893642902374268e-01,9.930271506309509277e-01
1762896826.122941494,8.995866775512695312e-01,-4.443498253822326660e-01,9.928625822067260742e-01
1762896826.142958879,8.931157588958740234e-01,-4.504051804542541504e-01,9.926524162292480469e-01
1762896826.162783146,8.869364857673645020e-01,-4.559413194656372070e-01,9.924755096435546875e-01
1762896826.182900667,8.831546902656555176e-01,-4.597903490066528320e-01,9.924383163452148438e-01
1762896826.203768015,8.748855590820312500e-01,-4.659431278705596924e-01,9.922052025794982910e-01
1762896826.223858833,8.677629232406616211e-01,-4.711290299892425537e-01,9.920406341552734375e-01
1762896826.244171858,8.616278171539306641e-01,-4.755155444145202637e-01,9.919208884239196777e-01
1762896826.263821840,8.565012812614440918e-01,-4.792413115501403809e-01,9.918466210365295410e-01
1762896826.283762693,8.482006788253784180e-01,-4.840765595436096191e-01,9.916658401489257812e-01
1762896826.303918839,8.433084487915039062e-01,-4.872978329658508301e-01,9.916213154792785645e-01
1762896826.323735237,8.364472985267639160e-01,-4.910710453987121582e-01,9.915016293525695801e-01
1762896826.343765497,8.294003009796142578e-01,-4.946776628494262695e-01,9.913780093193054199e-01
1762896826.362901449,8.253660798072814941e-01,-4.968451559543609619e-01,9.913330674171447754e-01
1762896826.382851124,8.180496692657470703e-01,-5.001632571220397949e-01,9.911969304084777832e-01
1762896826.402911663,8.110937476158142090e-01,-5.031508207321166992e-01,9.910682439804077148e-01
1762896826.422911406,8.038341403007507324e-01,-5.060109496116638184e-01,9.909160733222961426e-01
1762896826.442885637,7.965004444122314453e-01,-5.086750388145446777e-01,9.907376170158386230e-01
1762896826.462959766,7.891068458557128906e-01,-5.111373662948608398e-01,9.905232191085815430e-01
1762896826.482918739,7.816506624221801758e-01,-5.133961439132690430e-01,9.902662634849548340e-01
1762896826.502779961,7.741288542747497559e-01,-5.154489278793334961e-01,9.899616837501525879e-01
1762896826.522886753,7.665397524833679199e-01,-5.172919034957885742e-01,9.896067976951599121e-01
1762896826.543014765,7.588828802108764648e-01,-5.189204216003417969e-01,9.892039299011230469e-01
1762896826.562796831,7.511584162712097168e-01,-5.203287601470947266e-01,9.887586832046508789e-01
1762896826.582897186,7.433674931526184082e-01,-5.215110778808593750e-01,9.882799386978149414e-01
1762896826.602900982,7.355118989944458008e-01,-5.224607586860656738e-01,9.877799153327941895e-01
1762896826.622758389,7.275940775871276855e-01,-5.231712460517883301e-01,9.872727394104003906e-01
1762896826.642885923,7.196171879768371582e-01,-5.236364006996154785e-01,9.867719411849975586e-01
1762896826.662771463,7.115848064422607422e-01,-5.238506197929382324e-01,9.862894415855407715e-01
1762896826.683936357,7.033864259719848633e-01,-5.238012671470642090e-01,9.858266711235046387e-01
1762896826.702791929,6.952527165412902832e-01,-5.234951376914978027e-01,9.854040145874023438e-01
1762896826.723001957,6.871981024742126465e-01,-5.229411125183105469e-01,9.850212931632995605e-01
1762896826.742967844,6.789931058883666992e-01,-5.221147537231445312e-01,9.846595525741577148e-01
1762896826.762827158,6.707467436790466309e-01,-5.210237503051757812e-01,9.843155741691589355e-01
1762896826.782858610,6.624686717987060547e-01,-5.196700096130371094e-01,9.839775562286376953e-01
1762896826.802853584,6.541602611541748047e-01,-5.180558562278747559e-01,9.836331009864807129e-01
1762896826.822860718,6.463000774383544922e-01,-5.162894129753112793e-01,9.832764267921447754e-01
1762896826.842889309,6.379343271255493164e-01,-5.141873359680175781e-01,9.828854799270629883e-01
1762896826.862918615,6.295396685600280762e-01,-5.118348598480224609e-01,9.824553728103637695e-01
1762896826.882827044,6.211162209510803223e-01,-5.092363953590393066e-01,9.819816350936889648e-01
1762896826.902940512,6.126639246940612793e-01,-5.063967704772949219e-01,9.814648032188415527e-01
1762896826.922995090,6.041818857192993164e-01,-5.033206343650817871e-01,9.809109568595886230e-01
1762896826.942920923,5.956693291664123535e-01,-5.000131130218505859e-01,9.803298711776733398e-01
1762896826.962933540,5.871253609657287598e-01,-4.964793920516967773e-01,9.797343611717224121e-01
1762896826.983016014,5.785491466522216797e-01,-4.927248358726501465e-01,9.791379570960998535e-01
1762896827.002892494,5.699400305747985840e-01,-4.887548387050628662e-01,9.785538911819458008e-01
1762896827.022713900,5.612975358963012695e-01,-4.845748245716094971e-01,9.779922366142272949e-01
1762896827.043956041,5.525695085525512695e-01,-4.801636338233947754e-01,9.774557948112487793e-01
1762896827.064059019,5.439186692237854004e-01,-4.756053090095520020e-01,9.769577980041503906e-01
1762896827.083901167,5.351768136024475098e-01,-4.708254933357238770e-01,9.764847159385681152e-01
1762896827.103871107,5.263946652412414551e-01,-4.658502042293548584e-01,9.760338068008422852e-01
1762896827.124059439,5.175749063491821289e-01,-4.606832265853881836e-01,9.755957722663879395e-01
1762896827.143869162,5.087171792984008789e-01,-4.553263485431671143e-01,9.751603603363037109e-01
1762896827.163723469,4.998193681240081787e-01,-4.497795403003692627e-01,9.747165441513061523e-01
1762896827.183134079,4.908260405063629150e-01,-4.440089464187622070e-01,9.742509126663208008e-01
1762896827.202855110,4.819030761718750000e-01,-4.381117820739746094e-01,9.737670421600341797e-01
1762896827.222843409,4.728789329528808594e-01,-4.319878220558166504e-01,9.732519984245300293e-01
1762896827.242841959,4.635564088821411133e-01,-4.255082607269287109e-01,9.726933836936950684e-01
1762896827.263979912,4.543808102607727051e-01,-4.189395904541015625e-01,9.721251130104064941e-01
1762896827.283844233,4.455370903015136719e-01,-4.124151766300201416e-01,9.715728759765625000e-01
1762896827.303867102,4.363447427749633789e-01,-4.054966866970062256e-01,9.710013866424560547e-01
1762896827.324003220,4.270867407321929932e-01,-3.983604907989501953e-01,9.704434871673583984e-01
1762896827.342808008,4.175262749195098877e-01,-3.908390104770660400e-01,9.698960185050964355e-01
1762896827.363908291,4.083634316921234131e-01,-3.834199607372283936e-01,9.694159626960754395e-01
1762896827.383932352,3.963249027729034424e-01,-3.737558722496032715e-01,9.688165187835693359e-01
1762896827.403758049,3.867124915122985840e-01,-3.656474053859710693e-01,9.684206247329711914e-01
1762896827.423909187,3.799275159835815430e-01,-3.594979643821716309e-01,9.682133197784423828e-01
1762896827.442886353,3.746821880340576172e-01,-3.547184467315673828e-01,9.680681824684143066e-01
1762896827.462750912,3.633702993392944336e-01,-3.449099659919738770e-01,9.677280783653259277e-01
1762896827.482890368,3.554022312164306641e-01,-3.375411629676818848e-01,9.675821661949157715e-01
1762896827.502865076,3.445050120353698730e-01,-3.277150392532348633e-01,9.673958420753479004e-01
1762896827.522807360,3.357644975185394287e-01,-3.194745779037475586e-01,9.673298597335815430e-01
1762896827.542859077,3.264429271221160889e-01,-3.106276392936706543e-01,9.672959446907043457e-01
1762896827.563928366,3.165813982486724854e-01,-3.011989295482635498e-01,9.673006534576416016e-01
1762896827.584047556,3.065792918205261230e-01,-2.915152609348297119e-01,9.673449397087097168e-01
1762896827.603986979,2.970661818981170654e-01,-2.821139395236968994e-01,9.674221277236938477e-01
1762896827.624358654,2.854880690574645996e-01,-2.707992792129516602e-01,9.674884676933288574e-01
1762896827.643808603,2.771698236465454102e-01,-2.621981799602508545e-01,9.675695300102233887e-01
1762896827.663901329,2.672812342643737793e-01,-2.521163523197174072e-01,9.676186442375183105e-01
1762896827.683928251,2.569082975387573242e-01,-2.414954900741577148e-01,9.676342606544494629e-01
1762896827.704139948,2.471400946378707886e-01,-2.313107699155807495e-01,9.676319360733032227e-01
1762896827.723767519,2.370196133852005005e-01,-2.207127064466476440e-01,9.676151871681213379e-01
1762896827.743913651,2.268342822790145874e-01,-2.099633067846298218e-01,9.675951600074768066e-01
1762896827.762934923,2.164708971977233887e-01,-1.989625096321105957e-01,9.675822854042053223e-01
1762896827.782730579,2.059911936521530151e-01,-1.877725720405578613e-01,9.675967097282409668e-01
1762896827.802899837,1.960332244634628296e-01,-1.769935041666030884e-01,9.676703214645385742e-01
1762896827.822931051,1.857291907072067261e-01,-1.658242940902709961e-01,9.678069949150085449e-01
1762896827.842798710,1.753901839256286621e-01,-1.545593887567520142e-01,9.680274724960327148e-01
1762896827.862806320,1.650455296039581299e-01,-1.432309895753860474e-01,9.683386087417602539e-01
1762896827.882851601,1.547053754329681396e-01,-1.318528652191162109e-01,9.687411785125732422e-01
1762896827.902805328,1.443783044815063477e-01,-1.204371452331542969e-01,9.692333936691284180e-01
1762896827.922934771,1.340740770101547241e-01,-1.089960932731628418e-01,9.698089361190795898e-01
1762896827.943045616,1.238028854131698608e-01,-9.754142910242080688e-02,9.704552292823791504e-01
1762896827.962830544,1.142604276537895203e-01,-8.714342117309570312e-02,9.710595607757568359e-01
1762896827.982851982,1.033960208296775818e-01,-7.463221997022628784e-02,9.718864560127258301e-01
1762896828.003038883,9.394760429859161377e-02,-6.425133347511291504e-02,9.725353121757507324e-01
1762896828.023861170,8.308435976505279541e-02,-5.164531990885734558e-02,9.733644127845764160e-01
1762896828.044019699,7.322512567043304443e-02,-4.037869349122047424e-02,9.740560054779052734e-01
1762896828.063952923,6.330885738134384155e-02,-2.901721373200416565e-02,9.747020602226257324e-01
1762896828.083957195,5.344995856285095215e-02,-1.767460629343986511e-02,9.752814769744873047e-01
1762896828.103967428,4.365040361881256104e-02,-6.355714984238147736e-03,9.757772684097290039e-01
1762896828.123850107,3.454339876770973206e-02,3.887199563905596733e-03,9.761264920234680176e-01
1762896828.143914938,2.483841963112354279e-02,1.516333129256963730e-02,9.764398336410522461e-01
1762896828.163914442,1.517053879797458649e-02,2.642048336565494537e-02,9.766526818275451660e-01
1762896828.183957577,5.529926624149084091e-03,3.766013309359550476e-02,9.767713546752929688e-01
1762896828.203843117,-4.094574600458145142e-03,4.888415336608886719e-02,9.768081307411193848e-01
1762896828.222967863,-1.371695566922426224e-02,6.009744480252265930e-02,9.767704606056213379e-01
1762896828.242981195,-2.340568974614143372e-02,7.135732471942901611e-02,9.766693711280822754e-01
1762896828.262995005,-3.299771249294281006e-02,8.249265700578689575e-02,9.765269756317138672e-01
1762896828.282948017,-4.267941415309906006e-02,9.367591887712478638e-02,9.763543009757995605e-01
1762896828.302924871,-5.240288376808166504e-02,1.048501506447792053e-01,9.761589765548706055e-01
1762896828.322774649,-6.217120587825775146e-02,1.160088628530502319e-01,9.759485721588134766e-01
1762896828.342810154,-7.198939472436904907e-02,1.271481215953826904e-01,9.757308363914489746e-01
1762896828.362827301,-8.186031877994537354e-02,1.382627189159393311e-01,9.755121469497680664e-01
1762896828.382924318,-9.178382903337478638e-02,1.493459492921829224e-01,9.752983450889587402e-01
1762896828.402876854,-1.017571464180946350e-01,1.603900790214538574e-01,9.750942587852478027e-01
1762896828.422996044,-1.117749214172363281e-01,1.713864505290985107e-01,9.749040603637695312e-01
1762896828.443003178,-1.218301057815551758e-01,1.823253631591796875e-01,9.747353792190551758e-01
1762896828.463010788,-1.319136321544647217e-01,1.931983679533004761e-01,9.745984673500061035e-01
1762896828.482877731,-1.420129388570785522e-01,2.039994597434997559e-01,9.744918346405029297e-01
1762896828.503939867,-1.523862779140472412e-01,2.149617969989776611e-01,9.744163155555725098e-01
1762896828.523979187,-1.622094213962554932e-01,2.253585457801818848e-01,9.743905663490295410e-01
1762896828.544052124,-1.722599118947982788e-01,2.358871847391128540e-01,9.744008183479309082e-01
1762896828.563987017,-1.822920441627502441e-01,2.463308274745941162e-01,9.744601249694824219e-01
1762896828.583842278,-1.935527324676513672e-01,2.573225200176239014e-01,9.745171070098876953e-01
1762896828.603987694,-2.004600614309310913e-01,2.653908729553222656e-01,9.747384190559387207e-01
1762896828.622753382,-2.129251509904861450e-01,2.772691249847412109e-01,9.749096632003784180e-01
1762896828.642873287,-2.230989336967468262e-01,2.875599861145019531e-01,9.751761555671691895e-01
1762896828.662828445,-2.328909188508987427e-01,2.974567413330078125e-01,9.754859209060668945e-01
1762896828.684004068,-2.427196800708770752e-01,3.073097467422485352e-01,9.758445620536804199e-01
1762896828.703794003,-2.522554099559783936e-01,3.168484866619110107e-01,9.762110710144042969e-01
1762896828.724080086,-2.618771195411682129e-01,3.263839185237884521e-01,9.765723347663879395e-01
1762896828.743750811,-2.714660167694091797e-01,3.358129858970642090e-01,9.769175052642822266e-01
1762896828.763872147,-2.810175418853759766e-01,3.451281487941741943e-01,9.772164225578308105e-01
1762896828.782746077,-2.910722196102142334e-01,3.547500967979431152e-01,9.774553775787353516e-01
1762896828.802818537,-3.000414669513702393e-01,3.634224832057952881e-01,9.776206016540527344e-01
1762896828.822880745,-3.094899654388427734e-01,3.723706305027008057e-01,9.777349233627319336e-01
1762896828.843050241,-3.189583420753479004e-01,3.812233805656433105e-01,9.778100848197937012e-01
1762896828.862859488,-3.284205198287963867e-01,3.899509310722351074e-01,9.778689146041870117e-01
1762896828.882843494,-3.378780782222747803e-01,3.985448181629180908e-01,9.779373407363891602e-01
1762896828.902816534,-3.420224189758300781e-01,4.031465947628021240e-01,9.780754446983337402e-01
1762896828.923941374,-3.569072484970092773e-01,4.153827130794525146e-01,9.781951308250427246e-01
1762896828.943875313,-3.662381470203399658e-01,4.234393239021301270e-01,9.784240126609802246e-01
1762896828.963859558,-3.756902515888214111e-01,4.314175546169281006e-01,9.787409901618957520e-01
1762896828.983782291,-3.824151456356048584e-01,4.374201893806457520e-01,9.791009426116943359e-01
1762896829.004062176,-3.910390138626098633e-01,4.445494413375854492e-01,9.795513153076171875e-01
1762896829.023916483,-4.010827541351318359e-01,4.524420797824859619e-01,9.801092147827148438e-01
1762896829.044030666,-4.098971486091613770e-01,4.593661725521087646e-01,9.806929230690002441e-01
1762896829.063895226,-4.226017594337463379e-01,4.684604704380035400e-01,9.815000295639038086e-01
1762896829.083835125,-4.301913082599639893e-01,4.739390015602111816e-01,9.820393323898315430e-01
1762896829.103850842,-4.391953647136688232e-01,4.804542660713195801e-01,9.826988577842712402e-01
1762896829.123910189,-4.485736489295959473e-01,4.870186746120452881e-01,9.833641052246093750e-01
1762896829.144057512,-4.568393528461456299e-01,4.931687116622924805e-01,9.840181469917297363e-01
1762896829.163908005,-4.662110507488250732e-01,4.993970990180969238e-01,9.846686720848083496e-01
1762896829.183872223,-4.767070710659027100e-01,5.056794881820678711e-01,9.852924346923828125e-01
1762896829.204047203,-4.860469102859497070e-01,5.115421414375305176e-01,9.859004616737365723e-01
1762896829.224051952,-4.953616857528686523e-01,5.172253251075744629e-01,9.865093231201171875e-01
1762896829.243900299,-5.046445727348327637e-01,5.227252244949340820e-01,9.871311783790588379e-01
1762896829.263852596,-5.138874053955078125e-01,5.280380249023437500e-01,9.877834916114807129e-01
1762896829.283823490,-5.180503726005554199e-01,5.310345292091369629e-01,9.882461428642272949e-01
1762896829.303830385,-5.271009802818298340e-01,5.360006690025329590e-01,9.889871478080749512e-01
1762896829.323994160,-5.361317396163940430e-01,5.407884120941162109e-01,9.898060560226440430e-01
1762896829.343834400,-5.451041460037231445e-01,5.453787446022033691e-01,9.907153248786926270e-01
1762896829.363795280,-5.539706945419311523e-01,5.497496128082275391e-01,9.917261600494384766e-01
1762896829.383946419,-5.627253055572509766e-01,5.538932085037231445e-01,9.928385019302368164e-01
1762896829.403792620,-5.713663697242736816e-01,5.578072667121887207e-01,9.940426349639892578e-01
1762896829.423846006,-5.798909664154052734e-01,5.614880919456481934e-01,9.953271150588989258e-01
1762896829.443876743,-5.882962942123413086e-01,5.649320483207702637e-01,9.966743588447570801e-01
1762896829.463825941,-5.965805649757385254e-01,5.681374073028564453e-01,9.980581402778625488e-01
1762896829.483850718,-6.047433614730834961e-01,5.711035132408142090e-01,9.994509816169738770e-01
1762896829.506816626,-6.173610091209411621e-01,5.748122930526733398e-01,1.001420378684997559e+00
1762896829.522970676,-6.204522848129272461e-01,5.760664939880371094e-01,1.002057075500488281e+00
1762896829.543044090,-6.285120248794555664e-01,5.785636305809020996e-01,1.003455638885498047e+00
1762896829.562937975,-6.357403397560119629e-01,5.803197026252746582e-01,1.004557847976684570e+00
1762896829.582913637,-6.437740921974182129e-01,5.823427438735961914e-01,1.005878925323486328e+00
1762896829.603751898,-6.508489251136779785e-01,5.836762189865112305e-01,1.006914258003234863e+00
1762896829.623894691,-6.581676602363586426e-01,5.849969983100891113e-01,1.008055567741394043e+00
1762896829.644001484,-6.654373407363891602e-01,5.860927700996398926e-01,1.009202480316162109e+00
1762896829.663901806,-6.726197004318237305e-01,5.869600772857666016e-01,1.010367631912231445e+00
1762896829.683903217,-6.797184944152832031e-01,5.875993967056274414e-01,1.011568665504455566e+00
1762896829.703801394,-6.867417097091674805e-01,5.880140662193298340e-01,1.012809157371520996e+00
1762896829.723779440,-6.936966180801391602e-01,5.882073044776916504e-01,1.014088153839111328e+00
1762896829.743878841,-7.005885243415832520e-01,5.881814956665039062e-01,1.015401959419250488e+00
1762896829.763875723,-7.074213027954101562e-01,5.879386663436889648e-01,1.016741156578063965e+00
1762896829.783814907,-7.141988873481750488e-01,5.874809622764587402e-01,1.018091559410095215e+00
1762896829.802880526,-7.209239006042480469e-01,5.868102908134460449e-01,1.019436717033386230e+00
1762896829.822764158,-7.276368737220764160e-01,5.859184265136718750e-01,1.020768046379089355e+00
1762896829.843022823,-7.342106699943542480e-01,5.848304033279418945e-01,1.022056937217712402e+00
1762896829.862754822,-7.407735586166381836e-01,5.835236310958862305e-01,1.023313879966735840e+00
1762896829.882804155,-7.472807168960571289e-01,5.820026993751525879e-01,1.024532556533813477e+00
1762896829.902887344,-7.537252902984619141e-01,5.802659988403320312e-01,1.025721073150634766e+00
1762896829.922881126,-7.601026892662048340e-01,5.783112645149230957e-01,1.026890039443969727e+00
1762896829.942966938,-7.664072513580322266e-01,5.761359930038452148e-01,1.028054356575012207e+00
1762896829.962795019,-7.726322412490844727e-01,5.737374424934387207e-01,1.029230237007141113e+00
1762896829.982940197,-7.787698507308959961e-01,5.711133480072021484e-01,1.030431389808654785e+00
1762896830.003886223,-7.848119735717773438e-01,5.682615637779235840e-01,1.031667590141296387e+00
1762896830.022863626,-7.909578680992126465e-01,5.650781393051147461e-01,1.032972216606140137e+00
1762896830.043827057,-7.966063618659973145e-01,5.618450045585632324e-01,1.034260630607604980e+00
1762896830.063742399,-8.022600412368774414e-01,5.583330392837524414e-01,1.035598874092102051e+00
1762896830.083939314,-8.078405857086181641e-01,5.545688867568969727e-01,1.036968708038330078e+00
1762896830.103944778,-8.132936954498291016e-01,5.505775213241577148e-01,1.038353800773620605e+00
1762896830.123850822,-8.186149001121520996e-01,5.463626980781555176e-01,1.039740800857543945e+00
1762896830.143787861,-8.238050341606140137e-01,5.419276356697082520e-01,1.041115880012512207e+00
1762896830.162946224,-8.298023343086242676e-01,5.367593169212341309e-01,1.042518019676208496e+00
1762896830.182851553,-8.346498012542724609e-01,5.319378972053527832e-01,1.043821215629577637e+00
1762896830.203048944,-8.394473195075988770e-01,5.268532633781433105e-01,1.045097231864929199e+00
1762896830.222833633,-8.441292643547058105e-01,5.215595960617065430e-01,1.046331524848937988e+00
1762896830.242790699,-8.486962914466857910e-01,5.160638093948364258e-01,1.047526597976684570e+00
1762896830.262956858,-8.531528711318969727e-01,5.103704929351806641e-01,1.048687696456909180e+00
1762896830.282913446,-8.575019240379333496e-01,5.044850111007690430e-01,1.049826145172119141e+00
1762896830.302863121,-8.617499470710754395e-01,4.984093904495239258e-01,1.050951480865478516e+00
1762896830.323949575,-8.659570217132568359e-01,4.920777976512908936e-01,1.052072882652282715e+00
1762896830.343997478,-8.699468374252319336e-01,4.857152700424194336e-01,1.053168296813964844e+00
1762896830.363916636,-8.739113211631774902e-01,4.791066646575927734e-01,1.054266333580017090e+00
1762896830.383731127,-8.777945637702941895e-01,4.723233878612518311e-01,1.055357456207275391e+00
1762896830.403879642,-8.815968036651611328e-01,4.653723537921905518e-01,1.056447148323059082e+00
1762896830.423979282,-8.853248357772827148e-01,4.582535922527313232e-01,1.057532668113708496e+00
1762896830.443883181,-8.889849781990051270e-01,4.509682059288024902e-01,1.058605670928955078e+00
1762896830.463842154,-8.925806283950805664e-01,4.435180127620697021e-01,1.059656262397766113e+00
1762896830.483800650,-8.961117863655090332e-01,4.359061419963836670e-01,1.060674071311950684e+00
1762896830.503926277,-8.995776772499084473e-01,4.281345605850219727e-01,1.061649680137634277e+00
1762896830.523934603,-9.029776453971862793e-01,4.202048182487487793e-01,1.062575817108154297e+00
1762896830.544111967,-9.063104987144470215e-01,4.121186733245849609e-01,1.063449501991271973e+00
1762896830.563891172,-9.095739126205444336e-01,4.038776457309722900e-01,1.064271926879882812e+00
1762896830.583840847,-9.127645492553710938e-01,3.954823613166809082e-01,1.065049886703491211e+00
1762896830.603895187,-9.158787727355957031e-01,3.869338631629943848e-01,1.065792322158813477e+00
1762896830.624055862,-9.186020493507385254e-01,3.788177073001861572e-01,1.066471695899963379e+00
1762896830.643901110,-9.218255877494812012e-01,3.694508671760559082e-01,1.067204833030700684e+00
1762896830.663907766,-9.233174324035644531e-01,3.632349967956542969e-01,1.067748665809631348e+00
1762896830.684000015,-9.262846112251281738e-01,3.537618219852447510e-01,1.068464398384094238e+00
1762896830.702797651,-9.274145960807800293e-01,3.488101959228515625e-01,1.068888306617736816e+00
1762896830.722890377,-9.305327534675598145e-01,3.383834064006805420e-01,1.069666147232055664e+00
1762896830.742987156,-9.330734610557556152e-01,3.288575410842895508e-01,1.070410728454589844e+00
1762896830.762741566,-9.351445436477661133e-01,3.200884461402893066e-01,1.071135044097900391e+00
1762896830.782975912,-9.373480081558227539e-01,3.106400966644287109e-01,1.071910381317138672e+00
1762896830.802862644,-9.395974278450012207e-01,3.007003366947174072e-01,1.072714328765869141e+00
1762896830.822871923,-9.417659044265747070e-01,2.905677556991577148e-01,1.073512554168701172e+00
1762896830.843233109,-9.438456892967224121e-01,2.802606821060180664e-01,1.074281930923461914e+00
1762896830.862882614,-9.458388090133666992e-01,2.697748541831970215e-01,1.075004816055297852e+00
1762896830.883021116,-9.477487802505493164e-01,2.591076791286468506e-01,1.075661897659301758e+00
1762896830.902907848,-9.495773911476135254e-01,2.482627034187316895e-01,1.076235771179199219e+00
1762896830.922832489,-9.513248205184936523e-01,2.372461557388305664e-01,1.076717853546142578e+00
1762896830.942858458,-9.529907703399658203e-01,2.260661125183105469e-01,1.077108979225158691e+00
1762896830.962974787,-9.545747041702270508e-01,2.147337645292282104e-01,1.077419757843017578e+00
1762896830.982917070,-9.560753703117370605e-01,2.032625377178192139e-01,1.077672958374023438e+00
1762896831.002842426,-9.574913978576660156e-01,1.916678994894027710e-01,1.077900171279907227e+00
1762896831.022909641,-9.588212370872497559e-01,1.799673885107040405e-01,1.078138113021850586e+00
1762896831.042906761,-9.600630402565002441e-01,1.681799888610839844e-01,1.078424692153930664e+00
1762896831.062884808,-9.612149000167846680e-01,1.563261300325393677e-01,1.078792095184326172e+00
1762896831.082848787,-9.622756242752075195e-01,1.444267481565475464e-01,1.079264163970947266e+00
1762896831.102888346,-9.632444977760314941e-01,1.325028836727142334e-01,1.079852819442749023e+00
1762896831.122951508,-9.643064737319946289e-01,1.216534301638603210e-01,1.080457448959350586e+00
1762896831.142774582,-9.651008248329162598e-01,1.097378805279731750e-01,1.081262707710266113e+00
1762896831.162876844,-9.656022191047668457e-01,9.677803516387939453e-02,1.082262039184570312e+00
1762896831.182977915,-9.664221405982971191e-01,8.601152896881103516e-02,1.083100795745849609e+00
1762896831.202900648,-9.667360782623291016e-01,7.315970957279205322e-02,1.084172010421752930e+00
1762896831.222854853,-9.674167633056640625e-01,6.244818121194839478e-02,1.085027217864990234e+00
1762896831.242894650,-9.677878618240356445e-01,5.080519616603851318e-02,1.085932493209838867e+00
1762896831.263181448,-9.680756330490112305e-01,3.929353132843971252e-02,1.086756944656372070e+00
1762896831.283949852,-9.683456420898437500e-01,2.752622030675411224e-02,1.087503910064697266e+00
1762896831.303874493,-9.684619307518005371e-01,1.634550280869007111e-02,1.088113665580749512e+00
1762896831.323932648,-9.685506820678710938e-01,4.986633546650409698e-03,1.088635206222534180e+00
1762896831.344071627,-9.685747027397155762e-01,-6.332686636596918106e-03,1.089072108268737793e+00
1762896831.363948822,-9.685309529304504395e-01,-1.760693825781345367e-02,1.089442968368530273e+00
1762896831.383795738,-9.684175252914428711e-01,-2.884671650826931000e-02,1.089773178100585938e+00
1762896831.405874014,-9.679425358772277832e-01,-4.112059995532035828e-02,1.090137481689453125e+00
1762896831.423855543,-9.679661393165588379e-01,-5.127375945448875427e-02,1.090399146080017090e+00
1762896831.443925858,-9.676172137260437012e-01,-6.248256936669349670e-02,1.090719699859619141e+00
1762896831.463820934,-9.671772718429565430e-01,-7.369974255561828613e-02,1.091050028800964355e+00
1762896831.483847141,-9.666391015052795410e-01,-8.492985367774963379e-02,1.091386914253234863e+00
1762896831.503882170,-9.658699631690979004e-01,-9.483564645051956177e-02,1.091690897941589355e+00
1762896831.524008036,-9.652304649353027344e-01,-1.073246225714683533e-01,1.092022538185119629e+00
1762896831.543912172,-9.642660617828369141e-01,-1.173384264111518860e-01,1.092281460762023926e+00
1762896831.563933611,-9.632763266563415527e-01,-1.285237669944763184e-01,1.092522382736206055e+00
1762896831.583740711,-9.621657729148864746e-01,-1.397827118635177612e-01,1.092725515365600586e+00
1762896831.602898598,-9.609774947166442871e-01,-1.524125486612319946e-01,1.092912554740905762e+00
1762896831.623150110,-9.599671959877014160e-01,-1.616915166378021240e-01,1.093036055564880371e+00
1762896831.642899036,-9.580639004707336426e-01,-1.744990050792694092e-01,1.093226909637451172e+00
1762896831.662897348,-9.564192295074462891e-01,-1.844659596681594849e-01,1.093397617340087891e+00
1762896831.682991982,-9.550939202308654785e-01,-1.950798630714416504e-01,1.093577265739440918e+00
1762896831.702816010,-9.527878761291503906e-01,-2.066909819841384888e-01,1.093885302543640137e+00
1762896831.722871304,-9.507440924644470215e-01,-2.193153798580169678e-01,1.094265341758728027e+00
1762896831.742841482,-9.491437077522277832e-01,-2.278035432100296021e-01,1.094588518142700195e+00
1762896831.762926817,-9.469451904296875000e-01,-2.385337054729461670e-01,1.095056772232055664e+00
1762896831.782938242,-9.446420669555664062e-01,-2.493457496166229248e-01,1.095588326454162598e+00
1762896831.803011656,-9.422470927238464355e-01,-2.600625455379486084e-01,1.096167087554931641e+00
1762896831.822950602,-9.397677183151245117e-01,-2.706563472747802734e-01,1.096766710281372070e+00
1762896831.842917204,-9.372105002403259277e-01,-2.811174988746643066e-01,1.097369551658630371e+00
1762896831.863917351,-9.345758557319641113e-01,-2.914863824844360352e-01,1.097965717315673828e+00
1762896831.883912802,-9.318861365318298340e-01,-3.016031086444854736e-01,1.098535180091857910e+00
1762896831.903809309,-9.291315078735351562e-01,-3.116090595722198486e-01,1.099076628684997559e+00
1762896831.924329042,-9.263207316398620605e-01,-3.214432597160339355e-01,1.099582076072692871e+00
1762896831.942875862,-9.234298467636108398e-01,-3.312998712062835693e-01,1.100063443183898926e+00
1762896831.962874413,-9.205402731895446777e-01,-3.405482172966003418e-01,1.100497722625732422e+00
1762896831.982852936,-9.175758361816406250e-01,-3.497882485389709473e-01,1.100922822952270508e+00
1762896832.002807617,-9.145575761795043945e-01,-3.588315844535827637e-01,1.101338982582092285e+00
1762896832.022836685,-9.114844202995300293e-01,-3.676610589027404785e-01,1.101750493049621582e+00
1762896832.043888092,-9.083529710769653320e-01,-3.762727975845336914e-01,1.102159738540649414e+00
1762896832.064859152,-9.050601720809936523e-01,-3.852107524871826172e-01,1.102585911750793457e+00
1762896832.082935333,-9.014425277709960938e-01,-3.952107429504394531e-01,1.103048205375671387e+00
1762896832.102923155,-8.980804681777954102e-01,-4.031166732311248779e-01,1.103406548500061035e+00
1762896832.122809649,-8.951235413551330566e-01,-4.086084663867950439e-01,1.103647351264953613e+00
1762896832.142932653,-8.920035362243652344e-01,-4.162867367267608643e-01,1.103906989097595215e+00
1762896832.163534641,-8.880655765533447266e-01,-4.232669770717620850e-01,1.104127526283264160e+00
1762896832.182902098,-8.847180604934692383e-01,-4.306136667728424072e-01,1.104258656501770020e+00
1762896832.203057528,-8.805861473083496094e-01,-4.371947944164276123e-01,1.104342579841613770e+00
1762896832.223935604,-8.766357898712158203e-01,-4.439745843410491943e-01,1.104343295097351074e+00
1762896832.243962288,-8.729820251464843750e-01,-4.505175650119781494e-01,1.104252934455871582e+00
1762896832.263940334,-8.688434362411499023e-01,-4.567282497882843018e-01,1.104138851165771484e+00
1762896832.284019947,-8.645748496055603027e-01,-4.627564251422882080e-01,1.103989958763122559e+00
1762896832.304039478,-8.598872423171997070e-01,-4.683873951435089111e-01,1.103865385055541992e+00
1762896832.322881222,-8.569120764732360840e-01,-4.719023108482360840e-01,1.103775739669799805e+00
1762896832.342898130,-8.520117402076721191e-01,-4.779586791992187500e-01,1.103577852249145508e+00
1762896832.362758875,-8.476107716560363770e-01,-4.827273488044738770e-01,1.103449463844299316e+00
1762896832.382919312,-8.427795767784118652e-01,-4.878207743167877197e-01,1.103305816650390625e+00
1762896832.403813839,-8.378036618232727051e-01,-4.927437305450439453e-01,1.103175401687622070e+00
1762896832.423927546,-8.322927355766296387e-01,-4.979605674743652344e-01,1.103030085563659668e+00
1762896832.443858862,-8.274528384208679199e-01,-5.019863247871398926e-01,1.102928400039672852e+00
1762896832.463852882,-8.221295475959777832e-01,-5.062392354011535645e-01,1.102795004844665527e+00
1762896832.483833075,-8.166669011116027832e-01,-5.102960467338562012e-01,1.102641344070434570e+00
1762896832.504059315,-8.110911250114440918e-01,-5.141245722770690918e-01,1.102460265159606934e+00
1762896832.524008989,-8.054100275039672852e-01,-5.177171826362609863e-01,1.102243781089782715e+00
1762896832.543867350,-7.996291518211364746e-01,-5.210698246955871582e-01,1.101987957954406738e+00
1762896832.563920736,-7.937538623809814453e-01,-5.241786241531372070e-01,1.101694107055664062e+00
1762896832.583976269,-7.877901196479797363e-01,-5.270397067070007324e-01,1.101366519927978516e+00
1762896832.603830576,-7.817434072494506836e-01,-5.296497344970703125e-01,1.101010918617248535e+00
1762896832.623841763,-7.756193280220031738e-01,-5.320060849189758301e-01,1.100633263587951660e+00
1762896832.643867731,-7.694224715232849121e-01,-5.341072082519531250e-01,1.100238561630249023e+00
1762896832.664014578,-7.631573081016540527e-01,-5.359523296356201172e-01,1.099829673767089844e+00
1762896832.683831453,-7.568274736404418945e-01,-5.375418663024902344e-01,1.099405884742736816e+00
1762896832.703979254,-7.504360079765319824e-01,-5.388771295547485352e-01,1.098962783813476562e+00
1762896832.723999739,-7.448616027832031250e-01,-5.397897958755493164e-01,1.098531126976013184e+00
1762896832.743890762,-7.383568286895751953e-01,-5.406469106674194336e-01,1.098026394844055176e+00
1762896832.763895273,-7.317933440208435059e-01,-5.412585735321044922e-01,1.097471952438354492e+00
1762896832.783916712,-7.251703143119812012e-01,-5.416287183761596680e-01,1.096854686737060547e+00
1762896832.802954435,-7.183724045753479004e-01,-5.417488813400268555e-01,1.096145749092102051e+00
1762896832.822847843,-7.117325663566589355e-01,-5.416570305824279785e-01,1.095386743545532227e+00
1762896832.842864275,-7.049195766448974609e-01,-5.413281917572021484e-01,1.094524860382080078e+00
1762896832.862874508,-6.980255842208862305e-01,-5.407732725143432617e-01,1.093573689460754395e+00
1762896832.882886410,-6.910514831542968750e-01,-5.399959087371826172e-01,1.092536687850952148e+00
1762896832.903016806,-6.839911937713623047e-01,-5.389990210533142090e-01,1.091423630714416504e+00
1762896832.922910929,-6.768389344215393066e-01,-5.377851128578186035e-01,1.090245485305786133e+00
1762896832.942766190,-6.695884466171264648e-01,-5.363553762435913086e-01,1.089013934135437012e+00
1762896832.962862492,-6.629068255424499512e-01,-5.349829792976379395e-01,1.087904572486877441e+00
1762896832.983036041,-6.555024981498718262e-01,-5.331676602363586426e-01,1.086620211601257324e+00
1762896833.002799511,-6.479469537734985352e-01,-5.311222672462463379e-01,1.085305213928222656e+00
1762896833.022932291,-6.402732729911804199e-01,-5.288585424423217773e-01,1.083973884582519531e+00
1762896833.042846441,-6.326535940170288086e-01,-5.264620184898376465e-01,1.082663774490356445e+00
1762896833.062741518,-6.245780587196350098e-01,-5.236722826957702637e-01,1.081245541572570801e+00
1762896833.082870245,-6.167127490043640137e-01,-5.208322405815124512e-01,1.079862236976623535e+00
1762896833.102792501,-6.085656285285949707e-01,-5.176753997802734375e-01,1.078387498855590820e+00
1762896833.122878313,-6.002860069274902344e-01,-5.142753720283508301e-01,1.076844334602355957e+00
1762896833.142911673,-5.918848514556884766e-01,-5.106319189071655273e-01,1.075226068496704102e+00
1762896833.163780451,-5.833485722541809082e-01,-5.067279934883117676e-01,1.073525547981262207e+00
1762896833.183956623,-5.747340321540832520e-01,-5.025952458381652832e-01,1.071761131286621094e+00
1762896833.203850985,-5.659944415092468262e-01,-4.981945455074310303e-01,1.069931507110595703e+00
1762896833.223877668,-5.571528077125549316e-01,-4.935333132743835449e-01,1.068058252334594727e+00
1762896833.243865728,-5.482182502746582031e-01,-4.886109828948974609e-01,1.066161274909973145e+00
1762896833.263873100,-5.391992330551147461e-01,-4.834275841712951660e-01,1.064259648323059082e+00
1762896833.282869339,-5.310801267623901367e-01,-4.782812893390655518e-01,1.062500357627868652e+00
1762896833.302712440,-5.220851898193359375e-01,-4.727384448051452637e-01,1.060674905776977539e+00
1762896833.322846889,-5.128796696662902832e-01,-4.668195545673370361e-01,1.058837294578552246e+00
1762896833.342862844,-5.036134719848632812e-01,-4.606475234031677246e-01,1.057025432586669922e+00
1762896833.362860441,-4.943028688430786133e-01,-4.542369842529296875e-01,1.055235385894775391e+00
1762896833.382921457,-4.849527776241302490e-01,-4.475965201854705811e-01,1.053452610969543457e+00
1762896833.403028727,-4.755657017230987549e-01,-4.407345950603485107e-01,1.051657915115356445e+00
1762896833.422937393,-4.661421775817871094e-01,-4.336587786674499512e-01,1.049832105636596680e+00
1762896833.442868233,-4.566820263862609863e-01,-4.263763129711151123e-01,1.047960758209228516e+00
1762896833.462855816,-4.471864998340606689e-01,-4.188950359821319580e-01,1.046031475067138672e+00
1762896833.482729912,-4.376550316810607910e-01,-4.112214744091033936e-01,1.044033885002136230e+00
1762896833.502945662,-4.280851185321807861e-01,-4.033610522747039795e-01,1.041965961456298828e+00
1762896833.522788048,-4.184749722480773926e-01,-3.953194320201873779e-01,1.039835929870605469e+00
1762896833.542930126,-4.088225960731506348e-01,-3.871007859706878662e-01,1.037659645080566406e+00
1762896833.562761307,-3.991257250308990479e-01,-3.787074387073516846e-01,1.035454392433166504e+00
1762896833.582910776,-3.893822729587554932e-01,-3.701421022415161133e-01,1.033241152763366699e+00
1762896833.602902174,-3.795906007289886475e-01,-3.614079058170318604e-01,1.031040787696838379e+00
1762896833.622809887,-3.697492778301239014e-01,-3.525063991546630859e-01,1.028871297836303711e+00
1762896833.642943144,-3.598575294017791748e-01,-3.434363007545471191e-01,1.026738405227661133e+00
1762896833.662811518,-3.499151766300201416e-01,-3.341982662677764893e-01,1.024646639823913574e+00
1762896833.682750463,-3.399223983287811279e-01,-3.247915208339691162e-01,1.022608518600463867e+00
1762896833.702831984,-3.298843502998352051e-01,-3.152120411396026611e-01,1.020644068717956543e+00
1762896833.722850323,-3.217225372791290283e-01,-3.071513175964355469e-01,1.019090056419372559e+00
1762896833.743092299,-3.098115026950836182e-01,-2.949336469173431396e-01,1.016867280006408691e+00
1762896833.762933254,-3.000945746898651123e-01,-2.853727936744689941e-01,1.015219569206237793e+00
1762896833.782866001,-2.900017201900482178e-01,-2.752008438110351562e-01,1.013546228408813477e+00
1762896833.802806854,-2.796103060245513916e-01,-2.652676999568939209e-01,1.011944293975830078e+00
1762896833.822816849,-2.716351747512817383e-01,-2.569245696067810059e-01,1.010660409927368164e+00
1762896833.842914104,-2.615735828876495361e-01,-2.464596927165985107e-01,1.009068965911865234e+00
1762896833.863138199,-2.513799965381622314e-01,-2.357180118560791016e-01,1.007449269294738770e+00
1762896833.882723093,-2.411557585000991821e-01,-2.248432785272598267e-01,1.005802512168884277e+00
1762896833.902908802,-2.309022247791290283e-01,-2.138478755950927734e-01,1.004121541976928711e+00
1762896833.922841549,-2.206087410449981689e-01,-2.027287632226943970e-01,1.002402305603027344e+00
1762896833.942898512,-2.102665603160858154e-01,-1.914866119623184204e-01,1.000664353370666504e+00
1762896833.962895632,-1.998724192380905151e-01,-1.801298111677169800e-01,9.989389181137084961e-01
1762896833.982989550,-1.894209682941436768e-01,-1.686649769544601440e-01,9.972482919692993164e-01
1762896834.002761126,-1.789088547229766846e-01,-1.571024805307388306e-01,9.956263303756713867e-01
1762896834.023848057,-1.681397557258605957e-01,-1.451850384473800659e-01,9.940756559371948242e-01
1762896834.043893814,-1.576926410198211670e-01,-1.337319016456604004e-01,9.927241802215576172e-01
1762896834.062803268,-1.468086391687393188e-01,-1.217069327831268311e-01,9.914698600769042969e-01
1762896834.083782673,-1.356478333473205566e-01,-1.093503236770629883e-01,9.903646707534790039e-01
1762896834.103901386,-1.233663931488990784e-01,-9.551269561052322388e-02,9.893531203269958496e-01
1762896834.123852730,-1.144937798380851746e-01,-8.643162250518798828e-02,9.888045787811279297e-01
1762896834.143837690,-1.037093698978424072e-01,-7.480321079492568970e-02,9.882158637046813965e-01
1762896834.163848639,-9.276670962572097778e-02,-6.304812431335449219e-02,9.877225160598754883e-01
1762896834.183904171,-8.178053796291351318e-02,-5.132682621479034424e-02,9.873075485229492188e-01
1762896834.203902721,-7.076597213745117188e-02,-3.966319561004638672e-02,9.869406819343566895e-01
1762896834.223862410,-5.972546339035034180e-02,-2.805764041841030121e-02,9.865767955780029297e-01
1762896834.243005037,-4.861865565180778503e-02,-1.645467430353164673e-02,9.861867427825927734e-01
1762896834.262866259,-3.759249672293663025e-02,-5.033543799072504044e-03,9.857659339904785156e-01
1762896834.282923460,-2.645617723464965820e-02,7.104894611984491348e-03,9.853035211563110352e-01
1762896834.303064108,-1.537282578647136688e-02,1.845083571970462799e-02,9.848027825355529785e-01
1762896834.322980642,-4.301075357943773270e-03,2.972560562193393707e-02,9.842895865440368652e-01
1762896834.342836142,6.750944070518016815e-03,4.092773050069808960e-02,9.837887883186340332e-01
1762896834.363870144,1.791402697563171387e-02,5.160433799028396606e-02,9.833489060401916504e-01
1762896834.384006023,2.877200953662395477e-02,6.310963630676269531e-02,9.829486012458801270e-01
1762896834.404203176,3.963841125369071960e-02,7.336764037609100342e-02,9.826753139495849609e-01
1762896834.423840284,5.059237033128738403e-02,8.491943776607513428e-02,9.824602603912353516e-01
1762896834.443815708,5.730311200022697449e-02,9.069084376096725464e-02,9.824047684669494629e-01
1762896834.465012789,7.238908112049102783e-02,1.059873104095458984e-01,9.823511242866516113e-01
1762896834.482887745,7.891324907541275024e-02,1.121060028672218323e-01,9.823715090751647949e-01
1762896834.503012896,8.960524946451187134e-02,1.226319670677185059e-01,9.824488759040832520e-01
1762896834.522918940,1.002686619758605957e-01,1.330901831388473511e-01,9.825643301010131836e-01
1762896834.542884111,1.108883395791053772e-01,1.434568762779235840e-01,9.826920032501220703e-01
1762896834.562850237,1.214652508497238159e-01,1.537290960550308228e-01,9.828197360038757324e-01
1762896834.583750248,1.320024728775024414e-01,1.639070212841033936e-01,9.829344153404235840e-01
1762896834.603963852,1.425254195928573608e-01,1.740151196718215942e-01,9.830226898193359375e-01
1762896834.623975277,1.529731899499893188e-01,1.839774399995803833e-01,9.830796718597412109e-01
1762896834.643871307,1.634147465229034424e-01,1.938693225383758545e-01,9.831089973449707031e-01
1762896834.663990021,1.738315969705581665e-01,2.036638110876083374e-01,9.831194281578063965e-01
1762896834.683792114,1.842245906591415405e-01,2.133566737174987793e-01,9.831234216690063477e-01
1762896834.702941656,1.946906447410583496e-01,2.230518609285354614e-01,9.831387400627136230e-01
1762896834.723936319,2.061276137828826904e-01,2.337401658296585083e-01,9.831895232200622559e-01
1762896834.743884563,2.153383344411849976e-01,2.418618202209472656e-01,9.832932353019714355e-01
1762896834.763929844,2.255840450525283813e-01,2.510410249233245850e-01,9.834674000740051270e-01
1762896834.783838272,2.368502169847488403e-01,2.612213194370269775e-01,9.837464690208435059e-01
1762896834.802849293,2.476607710123062134e-01,2.712955772876739502e-01,9.841176271438598633e-01
1762896834.823000908,2.577631771564483643e-01,2.799803614616394043e-01,9.845519065856933594e-01
1762896834.842894316,2.679041326045989990e-01,2.886025309562683105e-01,9.850394725799560547e-01
1762896834.862845182,2.781584560871124268e-01,2.967586219310760498e-01,9.855493307113647461e-01
1762896834.883930683,2.883752882480621338e-01,3.052483797073364258e-01,9.861018061637878418e-01
1762896834.902792215,2.990143597126007080e-01,3.144977688789367676e-01,9.867114424705505371e-01
1762896834.922914028,3.087398409843444824e-01,3.222619593143463135e-01,9.872071146965026855e-01
1762896834.943005800,3.188810050487518311e-01,3.303346335887908936e-01,9.877027869224548340e-01
1762896834.963112831,3.290269374847412109e-01,3.383053243160247803e-01,9.881736040115356445e-01
1762896834.982807398,3.391475379467010498e-01,3.461462557315826416e-01,9.886309504508972168e-01
1762896835.002781391,3.492363691329956055e-01,3.538516759872436523e-01,9.890931248664855957e-01
1762896835.022865057,3.592902719974517822e-01,3.614203929901123047e-01,9.895760416984558105e-01
1762896835.042778969,3.693045377731323242e-01,3.688501715660095215e-01,9.901058077812194824e-01
1762896835.063727617,3.796422183513641357e-01,3.764603435993194580e-01,9.907302260398864746e-01
1762896835.083945036,3.892014622688293457e-01,3.832775652408599854e-01,9.913887977600097656e-01
1762896835.103701591,3.990468382835388184e-01,3.902455866336822510e-01,9.921531677246093750e-01
